tick,dt,grounded,throttle,brake,steer,airbrake_l,airbrake_r,speed_cached,stun_timer,timer_2e0,shield,fov_intercept,fov_additive,controller_class,ss_tap_window_l,ss_tap_window_r,ss_shift_l,ss_shift_r,ss_lockout,right_x,right_y,right_z,up_x,up_y,up_z,fwd_x,fwd_y,fwd_z,pos_x,pos_y,pos_z,vel_x,vel_y,vel_z,speed,avel_x,avel_y,avel_z,omega_x,omega_y,omega_z
0,0.016824,1,0,0,0,0,0,0.00123643,0,0,135,0,5.510658e-05,0,0,0,0,0,0,-0.1328376,-0.01950087,-0.9909461,-0.005039911,0.999807,-0.01899964,0.9911253,0.002470413,-0.1329102,6.065393,-50.06686,-196.1161,-0.002069303,0.004918832,-0.02086778,0.02153929,0.0006018725,-0.1168214,-0.0001224683,-1.979573e-06,-0.005408989,-2.712161e-06
1,0.016521,1,0,0,0,0,0,0.0007347544,0,0,135,0,-8.709115e-05,0,0,0,0,0,0,-0.1329262,-0.01950106,-0.9909342,-0.005039882,0.999807,-0.01899961,0.9911134,0.002468646,-0.1329988,6.065374,-50.06684,-196.1163,0.0006323816,-0.005045624,0.0133499,0.01428559,0.0006257125,-0.1168517,-0.0001167215,-4.624507e-07,-0.005410384,-2.346102e-06
2,0.016683,1,0,0,0,0,0,0.001161215,0,0,135,0,5.830592e-05,0,0,0,0,0,0,-0.1330156,-0.01950124,-0.9909222,-0.005039869,0.9998069,-0.01899957,0.9911013,0.002466877,-0.1330883,6.06537,-50.06686,-196.1162,-0.002081728,0.005045231,-0.02125033,0.02194002,0.0006231499,-0.1168231,-0.0001110479,-6.17122e-07,-0.005409061,-1.987351e-06
3,0.016689,1,0,0,0,0,0,0.0007774122,0,0,135,0,-8.862297e-05,0,0,0,0,0,0,-0.1331051,-0.01950143,-0.99091,-0.00503986,0.9998068,-0.01899953,0.991089,0.002465113,-0.1331777,6.06535,-50.06684,-196.1164,0.0006169001,-0.005083623,0.01336944,0.01431662,0.000644979,-0.1168544,-0.0001162015,7.707482e-07,-0.005410503,-2.319975e-06
4,0.016684,1,0,0,0,0,0,0.001181639,0,0,135,0,5.993183e-05,0,0,0,0,0,0,-0.1331946,-0.01950161,-0.9908981,-0.005039869,0.999807,-0.0189995,0.9910774,0.002463365,-0.1332672,6.065345,-50.06686,-196.1164,-0.002058836,0.005074481,-0.02121344,0.02190889,0.0006397247,-0.1168257,-0.0001211865,4.435477e-07,-0.005409174,-2.64443e-06
5,0.016677,1,0,0,0,0,0,0.0007990911,0,0,135,0,-8.947498e-05,0,0,0,0,0,0,-0.1332841,-0.01950179,-0.9908862,-0.005039871,0.999807,-0.01899946,0.9910654,0.002461613,-0.1333566,6.065326,-50.06684,-196.1165,0.0006072706,-0.005109309,0.01336467,0.0143209,0.0006380096,-0.1168569,-0.0001153924,3.224226e-07,-0.00541062,-2.2753e-06
6,0.016683,1,0,0,0,0,0,0.001193,0,0,135,0,6.101051e-05,0,0,0,0,0,0,-0.1333735,-0.01950198,-0.990874,-0.005039861,0.9998069,-0.01899942,0.9910532,0.002459849,-0.133446,6.065321,-50.06686,-196.1165,-0.002045686,0.005101919,-0.02119439,0.02189558,0.0006142989,-0.1168282,-0.0001203107,-1.18775e-06,-0.005409299,-2.595518e-06
7,0.016684,1,0,0,0,0,0,0.0008134735,0,0,135,0,-9.014005e-05,0,0,0,0,0,0,-0.133463,-0.01950216,-0.990862,-0.005039836,0.9998069,-0.01899938,0.9910411,0.002458069,-0.1335355,6.065301,-50.06684,-196.1167,0.0006036054,-0.005139292,0.01338545,0.01435085,0.0006169609,-0.1168594,-0.0001143709,-1.02831e-06,-0.005410742,-2.2171e-06
8,0.016683,1,0,0,0,0,0,0.001201867,0,0,135,0,6.147758e-05,0,0,0,0,0,0,-0.1335524,-0.01950234,-0.99085,-0.005039807,0.9998071,-0.01899935,0.9910294,0.002456285,-0.1336249,6.065297,-50.06687,-196.1166,-0.00203867,0.00511973,-0.02116003,0.02186584,0.0005946159,-0.1168306,-0.0001086394,-2.450922e-06,-0.005409417,-1.854684e-06
9,0.016689,1,0,0,0,0,0,0.000819701,0,0,135,0,-9.053455e-05,0,0,0,0,0,0,-0.1336418,-0.01950252,-0.9908378,-0.005039762,0.9998068,-0.01899931,0.9910169,0.002454484,-0.1337143,6.065277,-50.06685,-196.1168,0.0006048301,-0.00515535,0.0134157,0.01438487,0.0006015268,-0.1168617,-0.0001136974,-2.019168e-06,-0.005410853,-2.18129e-06
10,0.016683,1,0,0,0,0,0,0.001207127,0,0,135,0,6.152796e-05,0,0,0,0,0,0,-0.1337313,-0.01950271,-0.9908258,-0.005039724,0.999807,-0.01899928,0.9910052,0.00245269,-0.1338038,6.065273,-50.06688,-196.1168,-0.00203797,0.005122667,-0.0211313,0.02183866,0.0006009776,-0.1168328,-0.0001079312,-2.044731e-06,-0.005409517,-1.816659e-06
11,0.016874,1,0,0,0,0,0,0.0008203727,0,0,135,0,-9.234074e-05,0,0,0,0,0,0,-0.1338217,-0.01950291,-0.9908135,-0.005039693,0.9998068,-0.01899925,0.9909926,0.002450883,-0.1338941,6.065253,-50.06686,-196.1169,0.0006377301,-0.005272315,0.01381893,0.01480428,0.0006268488,-0.1168642,-0.0001129489,-3.977783e-07,-0.005410965,-2.140669e-06
12,0.016489,1,0,0,0,0,0,0.00123121,0,0,135,0,5.611747e-05,0,0,0,0,0,0,-0.1339101,-0.0195031,-0.9908017,-0.005039682,0.999807,-0.01899923,0.990981,0.002449135,-0.1339826,6.065249,-50.06689,-196.1169,-0.0020176,0.004829451,-0.02041913,0.02107926,0.0006227975,-0.116835,-0.0001072754,-6.476951e-07,-0.005409612,-1.7819e-06
13,0.016676,1,0,0,0,0,0,0.0007482329,0,0,135,0,-9.075015e-05,0,0,0,0,0,0,-0.1339996,-0.01950329,-0.9907895,-0.005039673,0.9998068,-0.0189992,0.9909686,0.002447371,-0.134072,6.06523,-50.06687,-196.117,0.0006914044,-0.005229287,0.01403995,0.01499812,0.0006414763,-0.1168649,-0.0001018122,5.387563e-07,-0.00541099,-1.434043e-06
14,0.016768,1,0,0,0,0,0,0.001210002,0,0,135,0,5.398318e-05,0,0,0,0,0,0,-0.1340895,-0.01950349,-0.9907774,-0.005039678,0.9998069,-0.01899918,0.9909567,0.002445608,-0.1341619,6.065226,-50.0669,-196.117,-0.0021157,0.004797422,-0.02090467,0.02155218,0.000636048,-0.116835,-0.0001071497,2.0078e-07,-0.005409605,-1.781168e-06
15,0.016631,1,0,0,0,0,0,0.0007197757,0,0,135,0,-8.722949e-05,0,0,0,0,0,0,-0.1341786,-0.01950369,-0.9907653,-0.005039679,0.9998069,-0.01899916,0.9909445,0.002443858,-0.134251,6.065206,-50.06688,-196.1171,0.0006791279,-0.005003056,0.01358508,0.01449297,0.0006439707,-0.1168657,-0.000101799,6.975216e-07,-0.005411027,-1.440472e-06
16,0.016662,1,0,0,0,0,0,0.00116306,0,0,135,0,5.554069e-05,0,0,0,0,0,0,-0.134268,-0.01950389,-0.9907531,-0.005039685,0.9998069,-0.01899914,0.9909324,0.002442109,-0.1343403,6.065202,-50.06691,-196.1171,-0.002125889,0.004835476,-0.0211057,0.02175665,0.0006381617,-0.1168369,-9.662101e-05,3.347796e-07,-0.005409695,-1.113454e-06
17,0.016678,1,0,0,0,0,0,0.0007405425,0,0,135,0,-8.765605e-05,0,0,0,0,0,0,-0.1343574,-0.0195041,-0.9907411,-0.005039696,0.9998069,-0.01899912,0.9909204,0.002440361,-0.1344298,6.065182,-50.06688,-196.1172,0.0006667791,-0.004982,0.01351869,0.0144229,0.0006577605,-0.1168682,-0.000102306,1.579684e-06,-0.005411134,-1.480134e-06
18,0.016683,1,0,0,0,0,0,0.001168747,0,0,135,0,5.727365e-05,0,0,0,0,0,0,-0.1344468,-0.01950429,-0.9907288,-0.005039711,0.9998067,-0.0189991,0.9909078,0.002438619,-0.1345192,6.065177,-50.06691,-196.1172,-0.00211972,0.004876654,-0.02120295,0.02185955,0.0006389656,-0.1168394,-9.74989e-05,3.845937e-07,-0.005409811,-1.176878e-06
19,0.016684,1,0,0,0,0,0,0.0007636487,0,0,135,0,-8.820296e-05,0,0,0,0,0,0,-0.1345363,-0.01950449,-0.9907168,-0.005039716,0.9998069,-0.01899908,0.990896,0.002436865,-0.1346086,6.065157,-50.06688,-196.1174,0.0006519402,-0.004979561,0.01344572,0.01435299,0.0006378047,-0.1168708,-0.0001035745,2.988669e-07,-0.005411266,-1.568626e-06
20,0.016684,1,0,0,0,0,0,0.001176039,0,0,135,0,5.901071e-05,0,0,0,0,0,0,-0.1346258,-0.01950469,-0.9907047,-0.00503971,0.9998069,-0.01899905,0.9908839,0.002435102,-0.1346981,6.065153,-50.06691,-196.1173,-0.002106486,0.004927908,-0.0212482,0.02191364,0.0006142469,-0.1168422,-0.0001094663,-1.201557e-06,-0.005409946,-1.951233e-06
21,0.016689,1,0,0,0,0,0,0.0007868095,0,0,135,0,-8.892087e-05,0,0,0,0,0,0,-0.1347153,-0.01950487,-0.9906924,-0.005039691,0.9998069,-0.01899902,0.9908717,0.002433325,-0.1347876,6.065133,-50.06688,-196.1175,0.000639453,-0.004993642,0.01340685,0.01432092,0.0006252977,-0.1168736,-0.0001046354,-5.045524e-07,-0.0054114,-1.643891e-06
22,0.016759,1,0,0,0,0,0,0.001185612,0,0,135,0,6.111764e-05,0,0,0,0,0,0,-0.1348051,-0.01950506,-0.9906802,-0.005039673,0.9998069,-0.01899899,0.9908594,0.002431544,-0.1348774,6.065128,-50.06691,-196.1175,-0.002104995,0.005016154,-0.02141544,0.02209556,0.0006130805,-0.1168448,-0.00011063,-1.278014e-06,-0.005410071,-2.033122e-06
23,0.016602,1,0,0,0,0,0,0.0008149019,0,0,135,0,-8.844899e-05,0,0,0,0,0,0,-0.1348942,-0.01950525,-0.9906681,-0.005039658,0.9998069,-0.01899896,0.9908474,0.002429779,-0.1349664,6.065109,-50.06688,-196.1176,0.0006025071,-0.004933714,0.01307232,0.01398535,0.0006342437,-0.1168764,-0.0001058173,6.710034e-08,-0.005411524,-1.7269e-06
24,0.016684,1,0,0,0,0,0,0.00117932,0,0,135,0,6.478524e-05,0,0,0,0,0,0,-0.1349837,-0.01950545,-0.990656,-0.005039655,0.999807,-0.01899894,0.9908353,0.002428017,-0.1350559,6.065104,-50.06691,-196.1176,-0.002070019,0.005161172,-0.02148976,0.02219758,0.0006295232,-0.1168482,-0.0001010689,-2.260764e-07,-0.005410223,-1.427406e-06
25,0.016894,1,0,0,0,0,0,0.0008638031,0,0,135,0,-9.254783e-05,0,0,0,0,0,0,-0.1350743,-0.01950564,-0.9906436,-0.005039657,0.9998071,-0.01899891,0.990823,0.002426239,-0.1351465,6.065084,-50.06688,-196.1178,0.0006193543,-0.005170199,0.01357858,0.01454277,0.0006503557,-0.1168803,-0.0001072976,1.097615e-06,-0.005411703,-1.828979e-06
26,0.016462,1,0,0,0,0,0,0.001233971,0,0,135,0,5.99582e-05,0,0,0,0,0,0,-0.1351626,-0.01950583,-0.9906315,-0.005039664,0.9998069,-0.01899888,0.9908108,0.002424513,-0.1352348,6.06508,-50.06691,-196.1177,-0.002012921,0.004888777,-0.02057173,0.02124025,0.0006340012,-0.1168516,-0.000113195,5.895252e-08,-0.005410376,-2.211866e-06
27,0.016702,1,0,0,0,0,0,0.0007994426,0,0,135,0,-9.237583e-05,0,0,0,0,0,0,-0.1352521,-0.01950601,-0.9906194,-0.005039661,0.9998071,-0.01899884,0.9907988,0.002422752,-0.1353243,6.065061,-50.06688,-196.1179,0.0006764066,-0.005229499,0.01396046,0.01492313,0.0006340687,-0.1168817,-0.0001190152,5.243563e-08,-0.005411772,-2.587311e-06
28,0.01668,1,0,0,0,0,0,0.001231678,0,0,135,0,5.637277e-05,0,0,0,0,0,0,-0.1353415,-0.01950618,-0.9906071,-0.005039647,0.9998069,-0.0189988,0.9907864,0.002420983,-0.1354137,6.065057,-50.06692,-196.1178,-0.002091174,0.004799445,-0.02076543,0.0214152,0.0006095413,-0.1168521,-0.0001138953,-1.509737e-06,-0.005410407,-2.264097e-06
29,0.016677,1,0,0,0,0,0,0.0007516369,0,0,135,0,-8.935925e-05,0,0,0,0,0,0,-0.1354309,-0.01950637,-0.9905949,-0.005039621,0.9998069,-0.01899877,0.9907742,0.002419202,-0.1355031,6.065037,-50.06689,-196.118,0.000695342,-0.005083296,0.0137863,0.01471004,0.0006215568,-0.1168826,-0.0001089218,-7.505811e-07,-0.005411818,-1.947661e-06
30,0.016683,1,0,0,0,0,0,0.001191457,0,0,135,0,5.558903e-05,0,0,0,0,0,0,-0.1355204,-0.01950656,-0.9905826,-0.005039607,0.9998069,-0.01899874,0.9907619,0.002417431,-0.1355925,6.065033,-50.06693,-196.118,-0.002134156,0.004784051,-0.02097507,0.02161933,0.0006299142,-0.1168533,-0.0001146529,-2.051363e-07,-0.005410457,-2.319977e-06
31,0.016685,1,0,0,0,0,0,0.000741187,0,0,135,0,-8.815073e-05,0,0,0,0,0,0,-0.1356098,-0.01950673,-0.9905702,-0.0050396,0.9998067,-0.01899869,0.9907494,0.002415669,-0.1356819,6.065013,-50.0669,-196.1181,0.0006947567,-0.005002941,0.01364653,0.01455129,0.0006383184,-0.1168844,-0.0001097242,3.224292e-07,-0.005411891,-2.006353e-06
32,0.016687,1,0,0,0,0,0,0.001175343,0,0,135,0,5.62932e-05,0,0,0,0,0,0,-0.1356993,-0.01950692,-0.9905581,-0.005039596,0.9998069,-0.01899867,0.9907374,0.002413907,-0.1357713,6.065009,-50.06693,-196.1181,-0.002148573,0.004810938,-0.02112105,0.02176834,0.0006224155,-0.1168553,-0.0001048824,-6.871858e-07,-0.005410552,-1.70092e-06
33,0.016684,1,0,0,0,0,0,0.0007505759,0,0,135,0,-8.791019e-05,0,0,0,0,0,0,-0.1357887,-0.0195071,-0.9905458,-0.005039591,0.9998069,-0.01899863,0.9907252,0.002412147,-0.1358608,6.064989,-50.06691,-196.1182,0.0006836182,-0.004955015,0.01352459,0.01441992,0.000654,-0.1168866,-0.0001107546,1.325987e-06,-0.005411988,-2.079632e-06
34,0.016682,1,0,0,0,0,0,0.001172136,0,0,135,0,5.779452e-05,0,0,0,0,0,0,-0.1358781,-0.01950729,-0.9905336,-0.00503961,0.9998071,-0.0189986,0.9907132,0.00241041,-0.1359502,6.064984,-50.06693,-196.1182,-0.002145234,0.004849693,-0.02121524,0.02186796,0.0006553766,-0.1168577,-0.000105933,1.423864e-06,-0.005410654,-1.775408e-06
35,0.016679,1,0,0,0,0,0,0.0007705935,0,0,135,0,-8.82459e-05,0,0,0,0,0,0,-0.1359675,-0.01950748,-0.9905214,-0.005039635,0.999807,-0.01899857,0.9907008,0.002408678,-0.1360396,6.064964,-50.06691,-196.1183,0.0006687423,-0.004944721,0.01343157,0.01432845,0.0006709679,-0.1168891,-0.0001117522,2.411912e-06,-0.005412102,-2.15068e-06
36,0.016846,1,0,0,0,0,0,0.001176612,0,0,135,0,6.10076e-05,0,0,0,0,0,0,-0.1360578,-0.01950766,-0.990509,-0.005039667,0.9998071,-0.01899852,0.9906885,0.002406937,-0.1361299,6.06496,-50.06693,-196.1183,-0.002161422,0.00500255,-0.02161678,0.0222931,0.0006615585,-0.1168602,-0.0001175651,1.818487e-06,-0.005410762,-2.528168e-06
37,0.016513,1,0,0,0,0,0,0.0008134346,0,0,135,0,-8.665869e-05,0,0,0,0,0,0,-0.1361464,-0.01950783,-0.9904967,-0.005039696,0.9998069,-0.01899847,0.990676,0.002405229,-0.1362184,6.064939,-50.0669,-196.1185,0.0005963314,-0.004801726,0.01273448,0.01362275,0.0006771862,-0.1168919,-0.0001228643,2.808766e-06,-0.005412226,-2.870041e-06
38,0.016684,1,0,0,0,0,0,0.001155449,0,0,135,0,6.792948e-05,0,0,0,0,0,0,-0.1362359,-0.019508,-0.9904844,-0.005039728,0.9998069,-0.01899842,0.9906637,0.002403506,-0.1363079,6.064934,-50.06693,-196.1185,-0.002094439,0.005274875,-0.02177375,0.02250127,0.0006575021,-0.1168643,-0.0001279972,1.556333e-06,-0.005410954,-3.203854e-06
39,0.016862,1,0,0,0,0,0,0.0009057263,0,0,135,0,-9.23702e-05,0,0,0,0,0,0,-0.1363263,-0.01950817,-0.990472,-0.005039754,0.9998069,-0.01899837,0.9906514,0.002401758,-0.1363983,6.064914,-50.06689,-196.1187,0.0005949176,-0.005106118,0.01326039,0.01422197,0.0006734069,-0.1168967,-0.0001220852,2.564153e-06,-0.005412453,-2.827123e-06
40,0.016517,1,0,0,0,0,0,0.001231603,0,0,135,0,6.508868e-05,0,0,0,0,0,0,-0.1364149,-0.01950833,-0.9904597,-0.005039783,0.9998068,-0.01899831,0.9906389,0.00240005,-0.1364868,6.064909,-50.06692,-196.1186,-0.002016807,0.005093439,-0.02090716,0.02161296,0.0006540758,-0.1168684,-0.0001268994,1.334611e-06,-0.005411145,-3.140505e-06
41,0.01667,1,0,0,0,0,0,0.000867849,0,0,135,0,-9.289068e-05,0,0,0,0,0,0,-0.1365075,-0.01950847,-0.9904469,-0.004451691,0.999808,-0.0190793,0.990629,0.001804697,-0.1365681,6.06489,-50.06689,-196.1188,0.0006305984,-0.005213858,0.01357434,0.01455489,-1.666145,-0.1168988,-0.0001315929,-0.1068335,-0.005991441,-5.722376e-06
42,0.016684,1,0,0,0,0,0,0.001238542,0,0,135,0,0.0001240543,0,0,0,0,0,0,-0.1366091,-0.01950839,-0.990433,-0.002195522,0.9998097,-0.01939026,0.9906228,-0.0004743685,-0.1366259,6.06489,-50.06693,-196.1187,-0.001239845,0.00516023,-0.02111403,0.02177079,-3.055007,-0.1168696,-0.0001217796,-0.1958537,-0.006472445,-8.28977e-06
43,0.016696,1,0,0,0,0,0,0.001654058,0,0,135,0,0.0001800452,0,0,0,0,0,0,-0.1367183,-0.01950793,-0.9904178,0.001438172,0.9998011,-0.01989127,0.9906089,-0.004143892,-0.136663,6.0649,-50.06689,-196.1189,0.004192014,-0.004483339,0.01295612,0.01433647,-4.171019,-0.1169002,-9.271439e-05,-0.2673853,-0.006861456,-8.561736e-06
44,0.01668,1,0,0,0,0,0,0.002400602,0,0,135,0,0.0003902225,0,0,0,0,0,0,-0.1368333,-0.01950695,-0.990402,0.00615736,0.9997701,-0.02054216,0.9905751,-0.008909114,-0.1366817,6.06496,-50.06691,-196.1189,0.002285167,0.006378776,-0.02192076,0.02294407,-5.023983,-0.1168708,-4.156814e-05,-0.3220568,-0.007156311,-5.652382e-06
45,0.016686,1,0,0,0,0,0,0.005202967,0,0,135,0,0.0009568888,0,0,0,0,0,0,-0.1369527,-0.01950536,-0.9903855,0.01169521,0.9997045,-0.02130613,0.9905085,-0.0145007,-0.1366841,6.065064,-50.06684,-196.119,0.01424512,-0.001116114,0.01000538,0.01744353,-5.632273,-0.116901,3.305325e-05,-0.3610457,-0.007368919,3.054631e-07
46,0.016669,1,0,0,0,0,0,0.01275852,0,0,135,0,0.000846667,0,0,0,0,0,0,-0.1370751,-0.0195031,-0.9903686,0.01779113,0.9995964,-0.02214726,0.9904008,-0.02065561,-0.1366728,6.065275,-50.06683,-196.119,0.009358842,0.006004329,-0.01568645,0.01922771,-6.01518,-0.1168725,0.0001389157,-0.3855883,-0.007500489,9.088116e-06
47,0.016679,1,0,0,0,0,0,0.01128889,0,0,135,0,0.00174705,0,0,0,0,0,0,-0.1371994,-0.01950016,-0.9903516,0.02422427,0.9994413,-0.02303507,0.9902475,-0.02715095,-0.1366503,6.065516,-50.06674,-196.1192,0.02470673,0.002868896,0.008004973,0.02612916,-6.196911,-0.1168883,0.0002642012,-0.3972365,-0.007564219,1.887656e-05
48,0.016688,1,0,0,0,0,0,0.02329401,0,0,135,0,0.002567119,0,0,0,0,0,0,-0.1373244,-0.01949654,-0.9903342,0.0307896,0.9992391,-0.02394127,0.9900474,-0.03377971,-0.1366196,6.065976,-50.06666,-196.1191,0.03333148,0.009278022,-0.01128616,0.03639295,-6.201383,-0.1168584,0.0004345826,-0.3975231,-0.007564262,3.034372e-05
49,0.016675,1,0,0,0,0,0,0.03422825,0,0,135,0,0.003960082,0,0,0,0,0,0,-0.137449,-0.01949229,-0.990317,0.0372996,0.9989953,-0.02484002,0.9898062,-0.04035266,-0.1365838,6.06664,-50.06649,-196.1193,0.0526915,0.01236593,-0.00838836,0.05476929,-6.054274,-0.1168586,0.0006281033,-0.3880941,-0.007513094,4.116522e-05
50,0.016928,1,0,0,0,0,0,0.05280109,0,0,135,0,0.006014016,0,0,0,0,0,0,-0.1375743,-0.01948737,-0.9902997,0.043702,0.9987133,-0.0257241,0.9895267,-0.04681706,-0.1365457,6.067686,-50.06625,-196.1195,0.08005946,0.01734848,-0.01302199,0.08294613,-5.776861,-0.1168468,0.0008654605,-0.3703131,-0.007416187,5.200187e-05
51,0.016447,1,0,0,0,0,0,0.08018687,0,0,135,0,0.008671429,0,0,0,0,0,0,-0.1376944,-0.0194821,-0.9902832,0.0495988,0.9984167,-0.0265386,0.9892322,-0.05277107,-0.1365101,6.069197,-50.06594,-196.1197,0.115518,0.02241856,-0.0185185,0.1191215,-5.405889,-0.1168346,0.001133935,-0.3465353,-0.007286888,6.199193e-05
52,0.016684,1,0,0,0,0,0,0.115619,0,0,135,0,0.01198213,0,0,0,0,0,0,-0.1378139,-0.01947634,-0.9902667,0.05515748,0.9981043,-0.02730667,0.9889213,-0.05838385,-0.1364783,6.071369,-50.06554,-196.1201,0.1596567,0.02680897,-0.0251982,0.1638412,-4.95312,-0.1168211,0.001429237,-0.3175147,-0.007129277,7.060428e-05
53,0.016714,1,0,0,0,0,0,0.1597617,0,0,135,0,0.01587814,0,0,0,0,0,0,-0.1379308,-0.01947024,-0.9902505,0.06022473,0.997792,-0.02800715,0.9886094,-0.06350062,-0.1364536,6.074326,-50.06507,-196.1205,0.2115031,0.02954007,-0.03290788,0.2160766,-4.443549,-0.1168063,0.001756515,-0.2848534,-0.006952041,7.851171e-05
54,0.016642,1,0,0,0,0,0,0.2117085,0,0,135,0,0.0202827,0,0,0,0,0,0,-0.1380442,-0.01946394,-0.9902349,0.06471947,0.9974928,-0.02862885,0.9883094,-0.06803952,-0.1364384,6.07817,-50.06458,-196.1211,0.2699643,0.02984892,-0.04147395,0.2747577,-3.900334,-0.1167901,0.002119458,-0.2500357,-0.006763197,8.652577e-05
55,0.016693,1,0,0,0,0,0,0.270436,0,0,135,0,0.02516831,0,0,0,0,0,0,-0.1381547,-0.0194575,-0.9902196,0.0686454,0.9972146,-0.02917231,0.9880291,-0.07200432,-0.1364343,6.083036,-50.0641,-196.1218,0.3346094,0.02723253,-0.05082675,0.3395415,-3.337538,-0.1167725,0.002507236,-0.2139626,-0.006567617,9.445436e-05
56,0.01668,1,0,0,0,0,0,0.3355775,0,0,135,0,0.03045869,0,0,0,0,0,0,-0.138262,-0.01945105,-0.9902048,0.07197212,0.9969665,-0.02963332,0.9877774,-0.07536431,-0.1364427,6.089006,-50.06367,-196.1228,0.404375,0.02141243,-0.06080999,0.409482,-2.772864,-0.1167535,0.002934986,-0.1777694,-0.006371397,0.0001040157
57,0.016684,1,0,0,0,0,0,0.4061158,0,0,135,0,0.03609719,0,0,0,0,0,0,-0.1383661,-0.01944469,-0.9901902,0.07470627,0.9967538,-0.0300128,0.9875594,-0.07812617,-0.1364643,6.096164,-50.06337,-196.1238,0.4784831,0.01237403,-0.0713159,0.4839268,-2.219174,-0.1167333,0.003379104,-0.1422802,-0.006178978,0.0001144066
58,0.016682,1,0,0,0,0,0,0.4812958,0,0,135,0,0.04202053,0,0,0,0,0,0,-0.1384671,-0.01943852,-0.9901763,0.07686284,0.9965808,-0.03031281,0.98738,-0.08030508,-0.1364995,6.104578,-50.06323,-196.1251,0.5560952,0.000355143,-0.08223366,0.5621427,-1.688012,-0.1167119,0.003858271,-0.1082349,-0.005994291,0.0001274812
59,0.016685,1,0,0,0,0,0,0.5602737,0,0,135,0,0.04817036,0,0,0,0,0,0,-0.138565,-0.01943265,-0.9901627,0.0784697,0.9964488,-0.0305372,0.9872399,-0.08192916,-0.1365481,6.114304,-50.06331,-196.1265,0.6364657,-0.01420696,-0.09346999,0.6434493,-1.188466,-0.1166895,0.004359567,-0.07621612,-0.005820461,0.0001430026
60,0.016683,1,0,0,0,0,0,0.6422714,0,0,135,0,0.05448727,0,0,0,0,0,0,-0.1386602,-0.01942715,-0.9901495,0.07956254,0.9963574,-0.03069087,0.987139,-0.08303441,-0.1366095,6.12538,-50.06364,-196.1281,0.7188576,-0.03069966,-0.1049364,0.7271248,-0.7279844,-0.1166661,0.004877487,-0.04670115,-0.005660044,0.0001611036
61,0.016759,1,0,0,0,0,0,0.7264969,0,0,135,0,0.06094711,0,0,0,0,0,0,-0.1387533,-0.01942209,-0.9901364,0.08018701,0.9963045,-0.03078013,0.9870752,-0.08366692,-0.1366831,6.137897,-50.06425,-196.1299,0.8030119,-0.04847688,-0.1166133,0.8128818,-0.3100857,-0.1166419,0.005414669,-0.01991556,-0.005514218,0.0001822613
62,0.016607,1,0,0,0,0,0,0.8126281,0,0,135,0,0.06741209,0,0,0,0,0,0,-0.1388432,-0.01941761,-0.9901241,0.08038493,0.9962878,-0.03081071,0.9870468,-0.08386891,-0.1367669,6.151699,-50.06516,-196.1319,0.8871973,-0.06651508,-0.1282775,0.8988873,0.0557095,-0.1166175,0.005957597,0.003530404,-0.005386293,0.0002060266
63,0.016687,1,0,0,0,0,0,0.8988279,0,0,135,0,0.07392684,0,0,0,0,0,0,-0.1389316,-0.01941369,-0.9901119,0.08021463,0.9963022,-0.03079071,0.9870484,-0.08369926,-0.1368606,6.166975,-50.06637,-196.1342,0.9720621,-0.08426934,-0.1400364,0.9857059,0.3729732,-0.1165926,0.006504781,0.02386569,-0.00527502,0.000232247
64,0.016847,1,0,0,0,0,0,0.9856911,0,0,135,0,0.08048309,0,0,0,0,0,0,-0.1390191,-0.01941036,-0.9900995,0.07972185,0.9963437,-0.03072646,0.9870758,-0.08320413,-0.1369634,6.183832,-50.06788,-196.1366,1.057565,-0.1010349,-0.1519012,1.073184,0.6413273,-0.1165675,0.007063242,0.04106608,-0.00518052,0.000261389
65,0.016516,1,0,0,0,0,0,1.073108,0,0,135,0,0.08685599,0,0,0,0,0,0,-0.1391035,-0.01940778,-0.9900877,0.07897787,0.9964058,-0.03062772,0.9871236,-0.08245544,-0.1370708,6.201757,-50.06963,-196.1392,1.140825,-0.1156387,-0.1634874,1.158267,0.8533672,-0.1165431,0.007612698,0.05465696,-0.005105422,0.0002922577
66,0.016683,1,0,0,0,0,0,1.15808,0,0,135,0,0.09321141,0,0,0,0,0,0,-0.1391877,-0.01940587,-0.9900759,0.07801889,0.9964853,-0.03049961,0.9871879,-0.08148979,-0.1371845,6.221253,-50.07164,-196.142,1.224049,-0.127981,-0.1751141,1.243117,1.018571,-0.1165189,0.008161532,0.06524582,-0.005046425,0.0003250497
67,0.016684,1,0,0,0,0,0,1.242819,0,0,135,0,0.09946249,0,0,0,0,0,0,-0.139271,-0.01940466,-0.9900642,0.07690188,0.9965767,-0.03034999,0.9872639,-0.08036467,-0.137302,6.242131,-50.07383,-196.1449,1.306132,-0.1374241,-0.1866387,1.326537,1.136719,-0.1164954,0.008701397,0.07281861,-0.005003654,0.0003590841
68,0.016683,1,0,0,0,0,0,1.326167,0,0,135,0,0.1055918,0,0,0,0,0,0,-0.1393538,-0.0194042,-0.9900526,0.07567544,0.9966756,-0.03018562,0.9873471,-0.07912914,-0.1374221,6.26437,-50.07615,-196.1481,1.386857,-0.1436395,-0.198039,1.40827,1.211078,-0.1164729,0.009241776,0.0775847,-0.004975996,0.0003947165
69,0.016689,1,0,0,0,0,0,1.40789,0,0,135,0,0.1115903,0,0,0,0,0,0,-0.1394362,-0.01940445,-0.9900409,0.07438387,0.996778,-0.03001263,0.9874333,-0.07782792,-0.1375436,6.287956,-50.07856,-196.1515,1.46611,-0.1464445,-0.2093038,1.488197,1.245528,-0.1164516,0.009757284,0.07979283,-0.00496217,0.0004300586
70,0.016682,1,0,0,0,0,0,1.487871,0,0,135,0,0.117447,0,0,0,0,0,0,-0.1395185,-0.01940542,-0.9900294,0.07306881,0.9968807,-0.02983683,0.9875202,-0.07650306,-0.1376654,6.312846,-50.081,-196.155,1.54373,-0.1457769,-0.2204131,1.566185,1.244426,-0.1164317,0.01025967,0.0797222,-0.004960687,0.0004655941
71,0.016684,1,0,0,0,0,0,1.56596,0,0,135,0,0.1231626,0,0,0,0,0,0,-0.1396009,-0.01940708,-0.9900177,0.07176538,0.9969805,-0.0296631,0.987604,-0.07518999,-0.1377866,6.339024,-50.08341,-196.1588,1.619712,-0.1417158,-0.2313659,1.642279,1.212478,-0.1164135,0.01073707,0.07767444,-0.004969956,0.0005002982
72,0.016695,1,0,0,0,0,0,1.642168,0,0,135,0,0.1287418,0,0,0,0,0,0,-0.1396836,-0.0194094,-0.990006,0.07050386,0.9970754,-0.02949565,0.9876831,-0.0739193,-0.1379066,6.366478,-50.08574,-196.1627,1.694089,-0.1344367,-0.2421645,1.716582,1.154504,-0.1163972,0.01118192,0.0739585,-0.004988352,0.0005334518
73,0.016667,1,0,0,0,0,0,1.716557,0,0,135,0,0.1341762,0,0,0,0,0,0,-0.1397665,-0.01941234,-0.9899942,0.06931286,0.9971635,-0.02933844,0.9877557,-0.07271986,-0.1380245,6.395117,-50.08792,-196.1668,1.766722,-0.1242554,-0.2527836,1.789035,1.075515,-0.116383,0.01159174,0.06889563,-0.005014167,0.0005646609
74,0.016688,1,0,0,0,0,0,1.789016,0,0,135,0,0.1394896,0,0,0,0,0,0,-0.13985,-0.01941585,-0.9899824,0.06820945,0.9972439,-0.02919388,0.9878208,-0.07160892,-0.1381402,6.424996,-50.08993,-196.1711,1.837894,-0.1115053,-0.2632579,1.859998,0.9801067,-0.116371,0.01197277,0.06278037,-0.005045817,0.0005941552
75,0.016986,1,0,0,0,0,0,1.859861,0,0,135,0,0.1447773,0,0,0,0,0,0,-0.1399356,-0.01941996,-0.9899702,0.06719369,0.9973167,-0.02906213,0.9878782,-0.07058658,-0.1382552,6.456616,-50.09174,-196.1756,1.908852,-0.0963586,-0.2737638,1.930789,0.8710173,-0.1163609,0.01232743,0.05578817,-0.005082344,0.0006220071
76,0.016381,1,0,0,0,0,0,1.930364,0,0,135,0,0.1497695,0,0,0,0,0,0,-0.1400187,-0.0194244,-0.9899583,0.06632839,0.9973778,-0.02895141,0.9879248,-0.06971609,-0.1383632,6.488252,-50.09323,-196.1801,1.975943,-0.08008432,-0.283751,1.997818,0.7583077,-0.1163539,0.01263524,0.04856393,-0.005120371,0.0006465115
77,0.016674,1,0,0,0,0,0,1.996927,0,0,135,0,0.1547578,0,0,0,0,0,0,-0.140104,-0.01942934,-0.9899461,0.06556848,0.9974307,-0.02885594,0.9879633,-0.0689521,-0.1384701,6.521572,-50.09446,-196.1849,2.043049,-0.06235805,-0.2937848,2.065006,0.6400507,-0.1163491,0.01290609,0.04098415,-0.005160496,0.0006684692
78,0.016887,1,0,0,0,0,0,2.063438,0,0,135,0,0.1597268,0,0,0,0,0,0,-0.1401911,-0.01943471,-0.9899338,0.0649259,0.9974753,-0.02877736,0.9879938,-0.06830668,-0.1385754,6.556449,-50.09541,-196.1899,2.109936,-0.0436883,-0.3038216,2.132146,0.520094,-0.1163465,0.01313874,0.0332954,-0.005201393,0.000687688
79,0.016487,1,0,0,0,0,0,2.12969,0,0,135,0,0.1645089,0,0,0,0,0,0,-0.1402768,-0.01944025,-0.9899216,0.06442173,0.9975097,-0.02871815,0.9880148,-0.06780095,-0.1386751,6.59159,-50.09603,-196.195,2.174326,-0.0252195,-0.3135097,2.196956,0.4057904,-0.1163469,0.01331805,0.025969,-0.005240581,0.0007029942
80,0.016684,1,0,0,0,0,0,2.193452,0,0,135,0,0.1692927,0,0,0,0,0,0,-0.1403642,-0.01944609,-0.989909,0.06403086,0.9975359,-0.02867517,0.9880274,-0.06740969,-0.1387731,6.628224,-50.09635,-196.2003,2.238732,-0.006739127,-0.3232161,2.261954,0.2954116,-0.1163495,0.01345589,0.01889416,-0.005278601,0.0007152615
81,0.016694,1,0,0,0,0,0,2.257236,0,0,135,0,0.1740359,0,0,0,0,0,0,-0.1404522,-0.0194521,-0.9898964,0.06375387,0.9975544,-0.02864835,0.9880328,-0.06713346,-0.1388686,6.665953,-50.09636,-196.2057,2.30256,0.01114565,-0.3328427,2.326519,0.1923011,-0.1163546,0.01355526,0.01228518,-0.005314303,0.0007246181
82,0.016675,1,0,0,0,0,0,2.320478,0,0,135,0,0.1787419,0,0,0,0,0,0,-0.1405407,-0.01945823,-0.9898838,0.06358288,0.9975657,-0.02863654,0.9880314,-0.06696427,-0.1389614,6.7047,-50.09608,-196.2113,2.36584,0.02803147,-0.3423854,2.390651,0.09826686,-0.1163621,0.01361324,0.006257962,-0.005347055,0.0007308664
83,0.016679,1,0,0,0,0,0,2.383226,0,0,135,0,0.1834285,0,0,0,0,0,0,-0.1406298,-0.01946441,-0.989871,0.06350762,0.9975705,-0.02863826,0.9880235,-0.06689174,-0.1390519,6.744509,-50.09553,-196.2171,2.428792,0.0436237,-0.3518699,2.454535,0.01427351,-0.1163719,0.0136377,0.0008743207,-0.005376508,0.0007345211
84,0.016694,1,0,0,0,0,0,2.445714,0,0,135,0,0.1881086,0,0,0,0,0,0,-0.1407193,-0.01947062,-0.989858,0.06351728,0.9975693,-0.02865199,0.9880099,-0.06690498,-0.1391406,6.785405,-50.09473,-196.223,2.491574,0.05766711,-0.3613135,2.518296,-0.05893612,-0.1163839,0.01361803,-0.003818128,-0.005402408,0.0007349188
85,0.016672,1,0,0,0,0,0,2.508115,0,0,135,0,0.1927809,0,0,0,0,0,0,-0.1408093,-0.01947677,-0.9898452,0.06360023,0.9975635,-0.02867601,0.9879919,-0.06699224,-0.1392274,6.827291,-50.0937,-196.2291,2.554153,0.06991603,-0.3707061,2.581862,-0.1208122,-0.1163979,0.01355987,-0.007784143,-0.005424545,0.0007324355
86,0.016689,1,0,0,0,0,0,2.570412,0,0,135,0,0.1974638,0,0,0,0,0,0,-0.1408996,-0.01948284,-0.9898322,0.0637447,0.9975532,-0.02870867,0.9879695,-0.06714159,-0.1393129,6.870266,-50.09247,-196.2353,2.616769,0.08024313,-0.3800793,2.645445,-0.1714515,-0.1164139,0.01345938,-0.01102992,-0.005442946,0.0007268572
87,0.016695,1,0,0,0,0,0,2.63285,0,0,135,0,0.2021609,0,0,0,0,0,0,-0.1409902,-0.01948877,-0.9898192,0.06393889,0.9975396,-0.02874826,0.9879441,-0.06734116,-0.1393972,6.914301,-50.09109,-196.2417,2.679456,0.08853082,-0.3894356,2.709056,-0.2110469,-0.1164316,0.01333744,-0.01356784,-0.005457644,0.0007195498
88,0.016672,1,0,0,0,0,0,2.695478,0,0,135,0,0.2068691,0,0,0,0,0,0,-0.1410809,-0.01949452,-0.9898062,0.06417086,0.9975237,-0.02879304,0.9879165,-0.06757886,-0.1394806,6.959322,-50.08958,-196.2483,2.74217,0.09471072,-0.3987661,2.772631,-0.239934,-0.1164509,0.01317509,-0.0154194,-0.005468771,0.0007093333
89,0.016886,1,0,0,0,0,0,2.758255,0,0,135,0,0.2116597,0,0,0,0,0,0,-0.141173,-0.01950012,-0.9897931,0.06443322,0.9975054,-0.02884209,0.9878863,-0.06784728,-0.1395644,7.005985,-50.08795,-196.2551,2.805852,0.09883924,-0.4082099,2.837113,-0.2590443,-0.1164717,0.01297186,-0.0166443,-0.005476635,0.0006962097
90,0.016486,1,0,0,0,0,0,2.822129,0,0,135,0,0.2163612,0,0,0,0,0,0,-0.141263,-0.01950533,-0.98978,0.06470595,0.9974861,-0.02889212,0.9878554,-0.06812605,-0.1396457,7.052585,-50.08632,-196.2618,2.868224,0.1008053,-0.4174297,2.900193,-0.2684384,-0.1164936,0.01274918,-0.01724643,-0.005481214,0.0006815938
91,0.016701,1,0,0,0,0,0,2.884816,0,0,135,0,0.22115,0,0,0,0,0,0,-0.1413541,-0.01951032,-0.9897668,0.06498933,0.9974661,-0.02894358,0.9878236,-0.06841557,-0.139728,7.10084,-50.08463,-196.2689,2.93163,0.1008403,-0.4267739,2.964247,-0.2697116,-0.1165167,0.01249796,-0.01732806,-0.005483069,0.0006649367
92,0.016656,1,0,0,0,0,0,2.948667,0,0,135,0,0.225953,0,0,0,0,0,0,-0.1414451,-0.01951498,-0.9897538,0.06527072,0.9974465,-0.02899446,0.9877923,-0.06870307,-0.1398101,7.150022,-50.08296,-196.276,2.995101,0.09900877,-0.4361008,3.028303,-0.2635987,-0.1165406,0.01221621,-0.01693626,-0.005482442,0.0006461522
93,0.0167,1,0,0,0,0,0,3.012707,0,0,135,0,0.2307956,0,0,0,0,0,0,-0.1415362,-0.01951932,-0.9897407,0.0655442,0.9974271,-0.02904394,0.9877611,-0.06898253,-0.1398927,7.200395,-50.08133,-196.2833,3.05898,0.09545466,-0.4454637,3.092719,-0.2511105,-0.1165651,0.01192046,-0.01613582,-0.005479651,0.0006263317
94,0.016665,1,0,0,0,0,0,3.077274,0,0,135,0,0.2356538,0,0,0,0,0,0,-0.1416271,-0.01952328,-0.9897275,0.06580207,0.9974086,-0.02909088,0.9877307,-0.06924618,-0.1399754,7.251729,-50.07977,-196.2908,3.12296,0.09036621,-0.4548206,3.1572,-0.233311,-0.1165902,0.0116035,-0.01499495,-0.005475069,0.0006050552
95,0.016695,1,0,0,0,0,0,3.14205,0,0,135,0,0.2405452,0,0,0,0,0,0,-0.141718,-0.01952688,-0.9897146,0.06604012,0.9973916,-0.02913469,0.987702,-0.06948978,-0.1400588,7.304224,-50.07829,-196.2984,3.187281,0.08392013,-0.4642101,3.222002,-0.2111434,-0.1166155,0.0112718,-0.01357412,-0.005469002,0.0005827658
96,0.016685,1,0,0,0,0,0,3.207269,0,0,135,0,0.2454557,0,0,0,0,0,0,-0.1418087,-0.01953009,-0.9897014,0.06625349,0.9973763,-0.02917463,0.9876745,-0.06970839,-0.1401427,7.357762,-50.07693,-196.3062,3.25177,0.07633235,-0.4736107,3.286965,-0.1856922,-0.116641,0.0109349,-0.01194281,-0.005461799,0.00056011
97,0.016667,1,0,0,0,0,0,3.272743,0,0,135,0,0.2503805,0,0,0,0,0,0,-0.1418992,-0.01953291,-0.9896885,0.06643902,0.997363,-0.02921024,0.9876493,-0.06989884,-0.1402273,7.412319,-50.07571,-196.3142,3.316375,0.0678437,-0.4830194,3.352053,-0.1578852,-0.1166664,0.010589,-0.0101605,-0.005453789,0.0005368754
98,0.016683,1,0,0,0,0,0,3.338406,0,0,135,0,0.2553263,0,0,0,0,0,0,-0.1419896,-0.01953533,-0.9896755,0.06659487,0.9973516,-0.02924127,0.9876257,-0.07005926,-0.1403126,7.468006,-50.07463,-196.3223,3.381203,0.05866569,-0.492456,3.417381,-0.1286207,-0.1166914,0.01023685,-0.008284781,-0.005445261,0.0005132625
99,0.016711,1,0,0,0,0,0,3.404351,0,0,135,0,0.2602938,0,0,0,0,0,0,-0.14208,-0.01953735,-0.9896624,0.06671984,0.9973425,-0.02926754,0.9876042,-0.07018845,-0.1403989,7.524871,-50.0737,-196.3306,3.446273,0.0490181,-0.5019276,3.482977,-0.09867291,-0.1167161,0.00988352,-0.006365254,-0.005436473,0.000489618
100,0.016832,1,0,0,0,0,0,3.470583,0,0,135,0,0.2653071,0,0,0,0,0,0,-0.1421708,-0.019539,-0.9896492,0.06681383,0.9973354,-0.02928908,0.9875845,-0.0702863,-0.1404866,7.583247,-50.07293,-196.3391,3.511918,0.03906436,-0.5114871,3.549185,-0.06863721,-0.1167403,0.009531655,-0.004440097,-0.005427625,0.0004661282
101,0.016506,1,0,0,0,0,0,3.537427,0,0,135,0,0.2702298,0,0,0,0,0,0,-0.1422598,-0.01954023,-0.9896365,0.06687516,0.997331,-0.02930544,0.9875677,-0.07035109,-0.1405734,7.641569,-50.07234,-196.3476,3.576365,0.0292893,-0.5208804,3.614217,-0.03999418,-0.1167634,0.00918098,-0.002604201,-0.005419207,0.0004428167
102,0.016694,1,0,0,0,0,0,3.603064,0,0,135,0,0.2752115,0,0,0,0,0,0,-0.1423496,-0.0195411,-0.9896235,0.06690733,0.9973283,-0.02931733,0.9875525,-0.07038637,-0.1406618,7.701636,-50.07191,-196.3563,3.641587,0.01958666,-0.5303988,3.680063,-0.01238486,-0.1167858,0.008831102,-0.0008345612,-0.00541111,0.0004196423
103,0.01687,1,0,0,0,0,0,3.669487,0,0,135,0,0.2802456,0,0,0,0,0,0,-0.1424402,-0.0195416,-0.9896107,0.066911,0.9973282,-0.02932486,0.9875396,-0.07039288,-0.140752,7.76344,-50.07163,-196.3653,3.70751,0.01016636,-0.5400358,3.746648,0.01363678,-0.1168073,0.008488622,0.0008333158,-0.005403504,0.0003970405
104,0.016492,1,0,0,0,0,0,3.736608,0,0,135,0,0.2851634,0,0,0,0,0,0,-0.1425285,-0.01954172,-0.9895978,0.06688843,0.9973294,-0.02932812,0.987528,-0.07037274,-0.1408408,7.824938,-50.07151,-196.3743,3.771939,0.00149762,-0.5494736,3.811751,0.03682638,-0.1168274,0.008167614,0.002319673,-0.00539679,0.0003759406
105,0.0167,1,0,0,0,0,0,3.802179,0,0,135,0,0.2901372,0,0,0,0,0,0,-0.142618,-0.01954152,-0.9895849,0.06684193,0.9973325,-0.0293277,0.9875183,-0.07032842,-0.1409313,7.888293,-50.07153,-196.3835,3.837138,-0.006599869,-0.5590459,3.877655,0.05778486,-0.1168465,0.007850584,0.003663023,-0.005390787,0.0003552022
106,0.016672,1,0,0,0,0,0,3.868495,0,0,135,0,0.2952213,0,0,0,0,0,0,-0.1427071,-0.01954003,-0.9895722,0.06677504,0.9973372,-0.02932304,0.9875101,-0.07026333,-0.1410223,7.952636,-50.07168,-196.3929,3.903789,-0.01356937,-0.5694066,3.94512,0.07457435,-0.1168648,0.004830089,0.004739231,-0.005389571,0.0001615503
107,0.016679,1,0,0,0,0,0,3.936283,0,0,135,0,0.3002962,0,0,0,0,0,0,-0.142796,-0.01953536,-0.9895594,0.06669195,0.9973431,-0.02931284,0.9875029,-0.0701814,-0.1411137,8.018117,-50.07195,-196.4025,3.970393,-0.01955563,-0.5796911,4.012537,0.08822982,-0.1168853,0.001919788,0.005614561,-0.005389399,-2.49388e-05
108,0.016698,1,0,0,0,0,0,4.00395,0,0,135,0,0.305364,0,0,0,0,0,0,-0.1428847,-0.01952763,-0.9895467,0.06659584,0.9973499,-0.02929766,0.9874964,-0.07008589,-0.1412056,8.084785,-50.0723,-196.4122,4.03698,-0.02449032,-0.5899186,4.079928,0.09877647,-0.1169059,-0.0008686147,0.006290634,-0.005390157,-0.0002035199
109,0.016673,1,0,0,0,0,0,4.071519,0,0,135,0,0.3104098,0,0,0,0,0,0,-0.1429732,-0.019517,-0.9895343,0.06649029,0.9973576,-0.02927818,0.987491,-0.06998041,-0.1412978,8.152463,-50.07273,-196.4221,4.103355,-0.02832517,-0.6000711,4.147097,0.1062456,-0.1169247,-0.003503098,0.006769452,-0.0053917,-0.0003721496
110,0.016671,1,0,0,0,0,0,4.138797,0,0,135,0,0.3154392,0,0,0,0,0,0,-0.1430615,-0.01950363,-0.9895217,0.06637825,0.9973657,-0.02925497,0.9874855,-0.06986798,-0.1413901,8.221238,-50.07322,-196.4322,4.169594,-0.03106347,-0.61017,4.214118,0.1108238,-0.1169402,-0.005979633,0.007062979,-0.005393891,-0.0005305802
111,0.01671,1,0,0,0,0,0,4.205856,0,0,135,0,0.3204643,0,0,0,0,0,0,-0.1431499,-0.01948767,-0.9895092,0.06626242,0.9973742,-0.02922859,0.9874806,-0.06975134,-0.1414827,8.291282,-50.07375,-196.4424,4.235851,-0.03271541,-0.6202461,4.281146,0.1127149,-0.116951,-0.008284593,0.007184274,-0.005396572,-0.0006779469
112,0.016674,1,0,0,0,0,0,4.272857,0,0,135,0,0.3254615,0,0,0,0,0,0,-0.143238,-0.01946937,-0.9894969,0.06614607,0.9973829,-0.02919973,0.9874758,-0.06963384,-0.1415753,8.362277,-50.0743,-196.4528,4.301815,-0.03331305,-0.6302587,4.347867,0.1121071,-0.1169558,-0.01039878,0.007145408,-0.005399602,-0.0008130328
113,0.016673,1,0,0,0,0,0,4.339487,0,0,135,0,0.3304414,0,0,0,0,0,0,-0.143326,-0.01944889,-0.9894845,0.06603146,0.9973913,-0.0291689,0.9874706,-0.06951777,-0.1416678,8.434366,-50.07485,-196.4634,4.36762,-0.03290714,-0.640233,4.414419,0.1092994,-0.1169535,-0.01231352,0.006965534,-0.005402817,-0.0009352935
114,0.01689,1,0,0,0,0,0,4.405885,0,0,135,0,0.3354691,0,0,0,0,0,0,-0.143415,-0.01942616,-0.9894722,0.06591935,0.9973997,-0.02913622,0.9874653,-0.06940393,-0.1417616,8.50851,-50.0754,-196.4742,4.434124,-0.03156061,-0.6503016,4.481667,0.104497,-0.1169437,-0.014053,0.006657812,-0.005406145,-0.001046283
115,0.016483,1,0,0,0,0,0,4.472921,0,0,135,0,0.3403591,0,0,0,0,0,0,-0.1435019,-0.01940225,-0.9894599,0.06581571,0.9974074,-0.02910337,0.9874593,-0.06929839,-0.1418528,8.581953,-50.0759,-196.485,4.498866,-0.0293994,-0.6600958,4.54713,0.09820107,-0.1169251,-0.01554468,0.006254364,-0.005409278,-0.001141382
116,0.016684,1,0,0,0,0,0,4.538121,0,0,135,0,0.3452928,0,0,0,0,0,0,-0.1435897,-0.01937653,-0.9894476,0.06571817,0.9974147,-0.02906965,0.9874529,-0.06919879,-0.1419451,8.657375,-50.07637,-196.4961,4.56424,-0.02648002,-0.6699793,4.613226,0.09055081,-0.1168979,-0.01683358,0.00576411,-0.005412216,-0.001223469
117,0.01689,1,0,0,0,0,0,4.603904,0,0,135,0,0.350272,0,0,0,0,0,0,-0.1436786,-0.0193492,-0.9894353,0.06562819,0.9974217,-0.02903543,0.9874461,-0.06910662,-0.1420383,8.734838,-50.0768,-196.5075,4.63026,-0.02287635,-0.6799561,4.679976,0.08180986,-0.1168612,-0.01791974,0.005203944,-0.005414837,-0.001292556
118,0.01647,1,0,0,0,0,0,4.670293,0,0,135,0,0.3551129,0,0,0,0,0,0,-0.1437653,-0.0193215,-0.9894232,0.06554985,0.9974278,-0.02900235,0.9874385,-0.06902608,-0.1421289,8.81145,-50.07716,-196.5187,4.694487,-0.01884181,-0.689658,4.744912,0.07258541,-0.1168154,-0.01876309,0.004612789,-0.005416902,-0.001346103
119,0.016685,1,0,0,0,0,0,4.734838,0,0,135,0,0.3600039,0,0,0,0,0,0,-0.143853,-0.01929264,-0.9894111,0.06548057,0.9974335,-0.02896945,0.9874307,-0.06895455,-0.1422205,8.890139,-50.07744,-196.5303,4.759407,-0.01434306,-0.6994615,4.810552,0.06283294,-0.11676,-0.01940122,0.003987788,-0.005418445,-0.001386506
120,0.016699,1,0,0,0,0,0,4.800051,0,0,135,0,0.3648863,0,0,0,0,0,0,-0.1439409,-0.01926314,-0.9893989,0.06542166,0.9974381,-0.02893741,0.9874216,-0.06889339,-0.1423119,8.969976,-50.07766,-196.542,4.824238,-0.009550463,-0.7092493,4.876105,0.05294326,-0.1166952,-0.01983595,0.003353994,-0.00541935,-0.001413898
121,0.016662,1,0,0,0,0,0,4.86515,0,0,135,0,0.3697464,0,0,0,0,0,0,-0.1440285,-0.01923334,-0.9893866,0.0653733,0.9974421,-0.02890656,0.9874118,-0.06884284,-0.1424027,9.050716,-50.07779,-196.5539,4.888791,-0.004580595,-0.7189928,4.941381,0.04315554,-0.1166214,-0.02004945,0.002726732,-0.005419521,-0.00142714
122,0.016683,1,0,0,0,0,0,4.929951,0,0,135,0,0.3746024,0,0,0,0,0,0,-0.1441162,-0.01920336,-0.9893745,0.06533515,0.9974455,-0.028877,0.9874017,-0.06880257,-0.1424934,9.132635,-50.07784,-196.5659,4.953295,0.0004662384,-0.7287275,5.006613,0.03368661,-0.1165386,-0.02005076,0.002119901,-0.005418908,-0.001426817
123,0.016704,1,0,0,0,0,0,4.994699,0,0,135,0,0.3792975,0,0,0,0,0,0,-0.1442039,-0.01917092,-0.9893624,0.0653087,0.9974483,-0.02884663,0.9873908,-0.06877377,-0.1425839,9.215721,-50.0778,-196.5782,5.015406,0.004492753,-0.7395169,5.069635,0.02035463,-0.116449,-0.02690302,0.001265632,-0.005427657,-0.001865005
124,0.016678,1,0,0,0,0,0,5.0573,0,0,135,0,0.3839771,0,0,0,0,0,0,-0.1442911,-0.01913138,-0.9893504,0.06529707,0.9974499,-0.02881121,0.9873787,-0.06875888,-0.142674,9.299712,-50.07771,-196.5906,5.077342,0.008347148,-0.7500241,5.132446,0.007810814,-0.1163607,-0.0332942,0.0004618842,-0.005435631,-0.002273728
125,0.016757,1,0,0,0,0,0,5.119694,0,0,135,0,0.3886721,0,0,0,0,0,0,-0.1443785,-0.01908498,-0.9893385,0.06529931,0.9974509,-0.02877089,0.9873657,-0.06875702,-0.1427642,9.38514,-50.07755,-196.6032,5.139502,0.0119911,-0.7603504,5.195456,-0.003791299,-0.1162688,-0.03923905,-0.0002815017,-0.005442558,-0.002653918
126,0.016598,1,0,0,0,0,0,5.182294,0,0,135,0,0.3933173,0,0,0,0,0,0,-0.1444647,-0.01903292,-0.989327,0.06531419,0.9974513,-0.02872661,0.9873522,-0.06876707,-0.1428534,9.470785,-50.07733,-196.6159,5.201013,0.01530693,-0.7703788,5.25778,-0.01415097,-0.11617,-0.04462375,-0.0009452525,-0.005448056,-0.002998296
127,0.016712,1,0,0,0,0,0,5.24423,0,0,135,0,0.3979902,0,0,0,0,0,0,-0.1445513,-0.01897493,-0.9893155,0.06534051,0.997451,-0.02867803,0.9873379,-0.06878782,-0.142943,9.558049,-50.07706,-196.6288,5.262896,0.01830589,-0.7803025,5.320459,-0.02332045,-0.1160601,-0.04950748,-0.001532714,-0.005452022,-0.003310638
128,0.01687,1,0,0,0,0,0,5.306536,0,0,135,0,0.4027042,0,0,0,0,0,0,-0.1446384,-0.01891131,-0.9893039,0.06537715,0.99745,-0.02862531,0.9873225,-0.06881818,-0.1430332,9.647185,-50.07673,-196.642,5.325323,0.02095537,-0.7901658,5.383666,-0.03121737,-0.1159362,-0.05387732,-0.002038607,-0.005454271,-0.003590113
129,0.016491,1,0,0,0,0,0,5.369389,0,0,135,0,0.4073102,0,0,0,0,0,0,-0.1447232,-0.01884476,-0.9892927,0.06542131,0.9974487,-0.02857057,0.9873071,-0.06885565,-0.1431211,9.73534,-50.07638,-196.6551,5.386313,0.02312789,-0.799674,5.4454,-0.0375699,-0.1157977,-0.05759034,-0.002445517,-0.00545452,-0.003827573
130,0.016658,1,0,0,0,0,0,5.430803,0,0,135,0,0.4119615,0,0,0,0,0,0,-0.1448086,-0.01877376,-0.9892815,0.06547271,0.9974468,-0.02851244,0.987291,-0.06889978,-0.1432097,9.825407,-50.07598,-196.6685,5.447894,0.02490625,-0.8091644,5.507714,-0.04262932,-0.1156412,-0.06077068,-0.002769542,-0.005452842,-0.004030951
131,0.016688,1,0,0,0,0,0,5.49282,0,0,135,0,0.4166207,0,0,0,0,0,0,-0.1448939,-0.01869945,-0.9892704,0.06552954,0.9974449,-0.02845178,0.9872748,-0.06894892,-0.1432983,9.916665,-50.07556,-196.682,5.509562,0.02624427,-0.8185704,5.570101,-0.04638205,-0.1154657,-0.06337617,-0.003009814,-0.005449142,-0.004197545
132,0.016694,1,0,0,0,0,0,5.554942,0,0,135,0,0.4212815,0,0,0,0,0,0,-0.1449791,-0.01862256,-0.9892595,0.06559028,0.9974428,-0.02838907,0.9872585,-0.06900163,-0.1433869,10.00898,-50.07512,-196.6958,5.571237,0.02714761,-0.8278914,5.632479,-0.04882553,-0.1152704,-0.06540073,-0.00316617,-0.005443376,-0.00432696
133,0.016677,1,0,0,0,0,0,5.617086,0,0,135,0,0.4259376,0,0,0,0,0,0,-0.1450639,-0.0185438,-0.9892486,0.06565339,0.9974405,-0.02832481,0.9872418,-0.06905643,-0.1434751,10.10224,-50.07466,-196.7096,5.632833,0.02761869,-0.8371266,5.694765,-0.05007519,-0.115055,-0.06682768,-0.003246012,-0.00543555,-0.004418125
134,0.016678,1,0,0,0,0,0,5.679167,0,0,135,0,0.4305945,0,0,0,0,0,0,-0.1451485,-0.01846373,-0.9892377,0.06571764,0.9974381,-0.02825938,0.9872252,-0.06911217,-0.1435632,10.19653,-50.0742,-196.7236,5.694421,0.02767927,-0.8462971,5.757031,-0.0502528,-0.1148192,-0.06768636,-0.003257144,-0.005425731,-0.004472911
135,0.016705,1,0,0,0,0,0,5.74126,0,0,135,0,0.4352593,0,0,0,0,0,0,-0.1452329,-0.01838282,-0.9892267,0.06578194,0.9974356,-0.02819311,0.9872082,-0.06916782,-0.1436512,10.292,-50.07374,-196.7378,5.756096,0.02736354,-0.8554275,5.819377,-0.04940735,-0.1145631,-0.06798534,-0.003202706,-0.005413947,-0.004491862
136,0.016662,1,0,0,0,0,0,5.803456,0,0,135,0,0.4399125,0,0,0,0,0,0,-0.145317,-0.018302,-0.9892159,0.06584489,0.9974334,-0.02812674,0.9871917,-0.06922211,-0.1437389,10.38824,-50.07329,-196.7521,5.817601,0.02669317,-0.8644882,5.881542,-0.04773,-0.114288,-0.06773652,-0.003094953,-0.005400337,-0.004475739
137,0.016678,1,0,0,0,0,0,5.865499,0,0,135,0,0.4445706,0,0,0,0,0,0,-0.1454009,-0.01822158,-0.9892051,0.06590581,0.9974313,-0.02806045,0.9871754,-0.06927438,-0.1438265,10.48561,-50.07285,-196.7666,5.879151,0.02570829,-0.8735201,5.943746,-0.04532073,-0.113994,-0.06695892,-0.002940294,-0.005384969,-0.004425753
138,0.01668,1,0,0,0,0,0,5.927608,0,0,135,0,0.4492293,0,0,0,0,0,0,-0.1454847,-0.01814219,-0.9891942,0.06596385,0.9974293,-0.02799478,0.9871592,-0.06932388,-0.143914,10.58402,-50.07243,-196.7812,5.940694,0.0244531,-0.8825235,6.005939,-0.04233733,-0.1136825,-0.06566007,-0.002748843,-0.005367959,-0.004342384
139,0.016955,1,0,0,0,0,0,5.989723,0,0,135,0,0.4539643,0,0,0,0,0,0,-0.1455696,-0.01806309,-0.9891831,0.06601923,0.9974273,-0.02792912,0.9871427,-0.06937074,-0.1440026,10.6851,-50.07203,-196.7962,6.003233,0.02294457,-0.8916526,6.069133,-0.03883631,-0.1133507,-0.06384811,-0.002524222,-0.005349214,-0.004226148
140,0.016423,1,0,0,0,0,0,6.052856,0,0,135,0,0.4585503,0,0,0,0,0,0,-0.1456517,-0.01798853,-0.9891725,0.06606888,0.9974259,-0.027867,0.9871275,-0.0694124,-0.1440883,10.78402,-50.07166,-196.8109,6.063789,0.02130208,-0.9004803,6.130323,-0.03513174,-0.113012,-0.06163814,-0.002286567,-0.005329595,-0.004084414
141,0.016693,1,0,0,0,0,0,6.114004,0,0,135,0,0.4632104,0,0,0,0,0,0,-0.145735,-0.0179153,-0.9891615,0.06611497,0.9974246,-0.02780579,0.9871122,-0.06945065,-0.1441752,10.88559,-50.07132,-196.826,6.125316,0.01949828,-0.9094442,6.192492,-0.03116667,-0.1126563,-0.05896568,-0.002032225,-0.00530854,-0.003913057
142,0.016841,1,0,0,0,0,0,6.176138,0,0,135,0,0.4679103,0,0,0,0,0,0,-0.1458189,-0.01784447,-0.9891505,0.06615675,0.9974235,-0.02774643,0.9870971,-0.06948494,-0.1442626,10.98909,-50.071,-196.8414,6.187358,0.01758728,-0.9184849,6.255184,-0.02708927,-0.1122868,-0.05586429,-0.001770691,-0.005286279,-0.003714215
143,0.016514,1,0,0,0,0,0,6.238804,0,0,135,0,0.4725168,0,0,0,0,0,0,-0.1459009,-0.01777842,-0.9891395,0.06619301,0.9974226,-0.02769095,0.9870824,-0.06951425,-0.1443481,11.0916,-50.07072,-196.8566,6.248162,0.01566628,-0.9273525,6.316626,-0.02308826,-0.1119139,-0.05246067,-0.001514069,-0.005263514,-0.00349601
144,0.016683,1,0,0,0,0,0,6.300224,0,0,135,0,0.4771678,0,0,0,0,0,0,-0.1459837,-0.01771548,-0.9891284,0.0662249,0.997422,-0.02763803,0.987068,-0.06953964,-0.1444342,11.19618,-50.07047,-196.8721,6.309551,0.01372746,-0.9363186,6.378661,-0.01919067,-0.1115308,-0.04868341,-0.001264088,-0.005239855,-0.003253865
145,0.016684,1,0,0,0,0,0,6.362237,0,0,135,0,0.4818161,0,0,0,0,0,0,-0.1460664,-0.01765668,-0.9891173,0.06625214,0.9974215,-0.02758861,0.987054,-0.0695609,-0.14452,11.30179,-50.07025,-196.8877,6.3709,0.01182653,-0.9452979,6.44066,-0.0154821,-0.1111427,-0.04462541,-0.001026234,-0.005215675,-0.002993729
146,0.016688,1,0,0,0,0,0,6.424214,0,0,135,0,0.4864618,0,0,0,0,0,0,-0.1461489,-0.01760233,-0.9891059,0.0662749,0.9974211,-0.027543,0.98704,-0.06957828,-0.1446054,11.40845,-50.07006,-196.9036,6.432218,0.01000226,-0.9542965,6.502631,-0.0120459,-0.1107516,-0.04030765,-0.0008058514,-0.005191125,-0.002716946
147,0.016694,1,0,0,0,0,0,6.486157,0,0,135,0,0.4911053,0,0,0,0,0,0,-0.1462314,-0.01755268,-0.9890947,0.06629349,0.9974211,-0.02750152,0.9870267,-0.06959213,-0.1446907,11.51617,-50.0699,-196.9196,6.493506,0.008293494,-0.9633195,6.564578,-0.008946815,-0.1103598,-0.03576112,-0.0006070907,-0.005166364,-0.002425504
148,0.016668,1,0,0,0,0,0,6.54807,0,0,135,0,0.495737,0,0,0,0,0,0,-0.1463137,-0.01750804,-0.9890833,0.06630819,0.9974212,-0.02746451,0.9870135,-0.06960275,-0.1447755,11.62475,-50.06977,-196.9357,6.554643,0.006720952,-0.9723531,6.626376,-0.006222796,-0.10997,-0.03104063,-0.0004323848,-0.005141598,-0.002122913
149,0.016684,1,0,0,0,0,0,6.609826,0,0,135,0,0.5003684,0,0,0,0,0,0,-0.1463961,-0.01746846,-0.9890718,0.06631941,0.9974213,-0.0274321,0.9870005,-0.06961061,-0.14486,11.73444,-50.06967,-196.9519,6.61578,0.005310041,-0.9814233,6.688181,-0.003899953,-0.1095836,-0.02618123,-0.0002834069,-0.005116945,-0.001811421
150,0.016684,1,0,0,0,0,0,6.671577,0,0,135,0,0.5049946,0,0,0,0,0,0,-0.1464783,-0.01743414,-0.9890603,0.06632758,0.9974216,-0.02740454,0.9869879,-0.06961615,-0.1449443,11.84516,-50.06959,-196.9684,6.676854,0.004083957,-0.9905245,6.749928,-0.001980373,-0.109203,-0.0212202,-0.000160291,-0.005092562,-0.001493416
151,0.016688,1,0,0,0,0,0,6.733261,0,0,135,0,0.5096163,0,0,0,0,0,0,-0.1465605,-0.01740515,-0.9890486,0.06633309,0.9974217,-0.02738196,0.9869752,-0.06961976,-0.1450281,11.95692,-50.06953,-196.9849,6.737875,0.003046832,-0.9996611,6.811629,-0.0005081013,-0.1088303,-0.01619515,-6.586023e-05,-0.0050686,-0.001171308
152,0.016678,1,0,0,0,0,0,6.794883,0,0,135,0,0.5142295,0,0,0,0,0,0,-0.1466426,-0.01738157,-0.9890369,0.06633642,0.997422,-0.02736451,0.9869628,-0.06962197,-0.1451116,12.06964,-50.06948,-197.0016,6.798792,0.002216067,-1.008828,6.873231,0.0005097702,-0.1084676,-0.01115642,-5.690526e-07,-0.005045234,-0.0008483251
153,0.016892,1,0,0,0,0,0,6.856393,0,0,135,0,0.518896,0,0,0,0,0,0,-0.1467258,-0.01736318,-0.9890249,0.06633805,0.9974223,-0.02735212,0.9869505,-0.06962324,-0.1451958,12.18483,-50.06945,-197.0187,6.860419,0.001586306,-1.018151,6.935559,0.001144106,-0.1081125,-0.006059185,4.01251e-05,-0.005022261,-0.0005215958
154,0.016461,1,0,0,0,0,0,6.918614,0,0,135,0,0.5234376,0,0,0,0,0,0,-0.1468068,-0.01735059,-0.9890132,0.06633835,0.9974228,-0.02734523,0.9869387,-0.06962398,-0.1452775,12.29809,-50.06942,-197.0355,6.9204,0.001183194,-1.027274,6.99623,0.001366004,-0.1077797,-0.001131328,5.436874e-05,-0.005000661,-0.0002057275
155,0.016719,1,0,0,0,0,0,6.979168,0,0,135,0,0.5280437,0,0,0,0,0,0,-0.1468891,-0.01734309,-0.9890009,0.06633773,0.9974225,-0.02734343,0.986926,-0.06962452,-0.14536,12.41413,-50.0694,-197.0527,6.981246,0.0009775414,-1.03658,7.057783,0.001238456,-0.107457,0.003784316,4.620135e-05,-0.004979652,0.0001093544
156,0.016774,1,0,0,0,0,0,7.040582,0,0,135,0,0.5326591,0,0,0,0,0,0,-0.1469716,-0.01734082,-0.9889888,0.0663366,0.9974226,-0.02734685,0.986914,-0.06962536,-0.1454425,12.53158,-50.06939,-197.0702,7.042215,0.0009642001,-1.045957,7.119468,0.0007671285,-0.1071501,0.008606149,1.598574e-05,-0.004959599,0.000418418
157,0.016566,1,0,0,0,0,0,7.102121,0,0,135,0,0.5372108,0,0,0,0,0,0,-0.1470532,-0.01734364,-0.9889766,0.06633536,0.9974225,-0.02735531,0.986902,-0.0696268,-0.1455237,12.64857,-50.06937,-197.0876,7.102351,0.00114283,-1.05526,7.180317,-1.692678e-05,-0.1068654,0.01321305,-3.428676e-05,-0.004940934,0.0007137008
158,0.016683,1,0,0,0,0,0,7.16281,0,0,135,0,0.5418856,0,0,0,0,0,0,-0.1471354,-0.01735169,-0.9889643,0.06633504,0.9974221,-0.02736923,0.9868897,-0.06962997,-0.145605,12.7674,-50.06935,-197.1053,7.164181,0.002001113,-1.064687,7.242863,-0.00330698,-0.1065977,0.01863065,-0.0002452196,-0.004922836,0.001060912
159,0.016701,1,0,0,0,0,0,7.225142,0,0,135,0,0.5465593,0,0,0,0,0,0,-0.1472177,-0.01736548,-0.9889517,0.06633753,0.9974213,-0.02738937,0.9868772,-0.06963682,-0.1456861,12.88739,-50.06931,-197.1231,7.226002,0.003111574,-1.074202,7.30541,-0.007105253,-0.1063492,0.0238191,-0.0004887397,-0.004906061,0.001393433
160,0.016678,1,0,0,0,0,0,7.287457,0,0,135,0,0.5512205,0,0,0,0,0,0,-0.1473001,-0.0173847,-0.9889392,0.06634337,0.9974203,-0.02741548,0.9868646,-0.06964786,-0.1457667,13.00825,-50.06925,-197.1411,7.287663,0.004439895,-1.083776,7.36781,-0.01127812,-0.106122,0.02873804,-0.0007562814,-0.004890727,0.001708673
161,0.016672,1,0,0,0,0,0,7.349607,0,0,135,0,0.5558975,0,0,0,0,0,0,-0.1473796,-0.01740909,-0.9889268,0.06576691,0.9974598,-0.02736054,0.986891,-0.06907105,-0.1458603,13.13009,-50.06917,-197.1592,7.349232,0.005944342,-1.093413,7.430128,1.651331,-0.105919,0.03336138,0.1058122,-0.004361704,0.001970421
162,0.016683,1,0,0,0,0,0,7.411966,0,0,135,0,0.5605736,0,0,0,0,0,0,-0.1474512,-0.0174385,-0.9889157,0.06353261,0.9976129,-0.02706483,0.987027,-0.06681914,-0.1459913,13.25303,-50.06911,-197.1775,7.409316,-0.001961073,-1.102732,7.490926,3.035678,-0.1057504,0.03764375,0.1945448,-0.00391978,0.002221562
163,0.016689,1,0,0,0,0,0,7.474315,0,0,135,0,0.5650502,0,0,0,0,0,0,-0.1475161,-0.01747272,-0.9889053,0.05993077,0.9978489,-0.02657069,0.9872423,-0.06318547,-0.1461517,13.377,-50.06922,-197.1959,7.465827,-0.01549971,-1.111473,7.548124,4.146991,-0.1056162,0.04158016,0.2657767,-0.00356359,0.002462341
164,0.01688,1,0,0,0,0,0,7.534003,0,0,135,0,0.5692071,0,0,0,0,0,0,-0.1475765,-0.01751197,-0.9888957,0.05518894,0.9981397,-0.02591171,0.9875098,-0.05840006,-0.1463355,13.50332,-50.06957,-197.2148,7.51768,-0.03113423,-1.119531,7.600646,5.005813,-0.1055147,0.04518336,0.3208245,-0.003287007,0.002692955
165,0.016495,1,0,0,0,0,0,7.589428,0,0,135,0,0.5727691,0,0,0,0,0,0,-0.1476313,-0.01755454,-0.9888868,0.04974919,0.9984452,-0.0251513,0.9877908,-0.05290944,-0.1465285,13.62756,-50.07016,-197.2332,7.561796,-0.04509582,-1.126485,7.645376,5.598695,-0.1054491,0.04830769,0.3588263,-0.00309498,0.002902444
166,0.016674,1,0,0,0,0,0,7.636921,0,0,135,0,0.5760518,0,0,0,0,0,0,-0.1476839,-0.0176024,-0.988878,0.04369494,0.9987493,-0.02430373,0.9880689,-0.04679823,-0.1467301,13.75388,-50.07096,-197.2521,7.602734,-0.05306236,-1.132569,7.686812,5.984895,-0.1054251,0.05373816,0.3835804,-0.00296725,0.003267133
167,0.016963,1,0,0,0,0,0,7.68069,0,0,135,0,0.578715,0,0,0,0,0,0,-0.1477356,-0.01765757,-0.9888692,0.03719021,0.9990343,-0.02339524,0.9883274,-0.04023257,-0.1469362,13.88303,-50.07187,-197.2713,7.635927,-0.05549258,-1.137719,7.720418,6.170156,-0.1054313,0.05874752,0.3954547,-0.002904548,0.00361067
168,0.016405,1,0,0,0,0,0,7.7162,0,0,135,0,0.5805864,0,0,0,0,0,0,-0.1477847,-0.01771669,-0.9888608,0.03076908,0.9992732,-0.02250167,0.9885408,-0.03375174,-0.1471321,14.00842,-50.07277,-197.29,7.659214,-0.05150742,-1.141603,7.743996,6.169351,-0.1054676,0.0630708,0.3954028,-0.002902801,0.003912688
169,0.016684,1,0,0,0,0,0,7.741151,0,0,135,0,0.5817829,0,0,0,0,0,0,-0.1478346,-0.01778202,-0.9888524,0.02429091,0.9994717,-0.0216045,0.9887141,-0.02721402,-0.1473246,14.13629,-50.07357,-197.3091,7.67399,-0.04121392,-1.144428,7.758965,6.017286,-0.105535,0.06692232,0.3856557,-0.00295121,0.004186053
170,0.016672,1,0,0,0,0,0,7.757106,0,0,135,0,0.5822684,0,0,0,0,0,0,-0.1478852,-0.01785195,-0.9888434,0.01802148,0.9996224,-0.02074173,0.9888403,-0.02088782,-0.1475076,14.26427,-50.07416,-197.3281,7.679698,-0.02520202,-1.146088,7.764786,5.73736,-0.1056328,0.07020687,0.3677129,-0.003042652,0.004422517
171,0.016708,1,0,0,0,0,0,7.763578,0,0,135,0,0.5820699,0,0,0,0,0,0,-0.1479372,-0.01792607,-0.9888344,0.01207004,0.9997287,-0.01992933,0.9889234,-0.01488356,-0.1476807,14.39256,-50.07447,-197.3473,7.676566,-0.004486569,-1.146591,7.761724,5.354657,-0.1057605,0.07291038,0.3431825,-0.003169311,0.004619984
172,0.016669,1,0,0,0,0,0,7.760932,0,0,135,0,0.5812263,0,0,0,0,0,0,-0.147991,-0.01800334,-0.9888248,0.006562924,0.9997945,-0.01918529,0.9889671,-0.009328832,-0.1478424,14.52046,-50.07441,-197.3664,7.665011,0.01951288,-1.145968,7.750227,4.895576,-0.1059165,0.0750294,0.3137565,-0.003322801,0.004777228
173,0.016683,1,0,0,0,0,0,7.749684,0,0,135,0,0.5797875,0,0,0,0,0,0,-0.148047,-0.01808334,-0.9888151,0.001555296,0.9998275,-0.0185176,0.9889794,-0.004279376,-0.1479934,14.64823,-50.07394,-197.3855,7.645608,0.04541668,-1.144275,7.730896,4.382255,-0.1060998,0.07655917,0.280854,-0.003496024,0.004893491
174,0.016702,1,0,0,0,0,0,7.7305,0,0,135,0,0.5778083,0,0,0,0,0,0,-0.1481057,-0.01816541,-0.9888048,-0.002903046,0.999835,-0.01793323,0.9889674,0.0002145325,-0.148134,14.77577,-50.07304,-197.4046,7.619045,0.0718011,-1.141583,7.704428,3.835585,-0.106309,0.07749806,0.245814,-0.003682189,0.00496849
175,0.016664,1,0,0,0,0,0,7.70411,0,0,135,0,0.5753574,0,0,0,0,0,0,-0.148167,-0.01824857,-0.988794,-0.006769377,0.9998251,-0.01743779,0.9889393,0.004109815,-0.1482646,14.90256,-50.0717,-197.4236,7.586216,0.09728472,-1.137994,7.671712,3.276204,-0.1065414,0.0778685,0.2099592,-0.00387446,0.005003726
176,0.016683,1,0,0,0,0,0,7.671432,0,0,135,0,0.5724919,0,0,0,0,0,0,-0.1482312,-0.01833244,-0.9887829,-0.01004909,0.9998046,-0.0170303,0.9889019,0.007411943,-0.1483865,15.0289,-50.06995,-197.4426,7.547886,0.1208636,-1.133601,7.633495,2.718462,-0.1067961,0.07767281,0.1742095,-0.00406804,0.004999618
177,0.016693,1,0,0,0,0,0,7.633226,0,0,135,0,0.5692765,0,0,0,0,0,0,-0.1482984,-0.01841629,-0.9887711,-0.01274595,0.9997791,-0.01670965,0.9888605,0.01012481,-0.1485004,15.15466,-50.06781,-197.4615,7.504936,0.141654,-1.128513,7.590631,2.176291,-0.107071,0.07692552,0.1394578,-0.004258196,0.004957509
178,0.016897,1,0,0,0,0,0,7.590353,0,0,135,0,0.5657336,0,0,0,0,0,0,-0.1483694,-0.01850044,-0.9887589,-0.01490226,0.9997533,-0.01646997,0.9888197,0.0122911,-0.1486085,15.28121,-50.06532,-197.4805,7.457682,0.1592513,-1.122776,7.543408,1.654784,-0.1073676,0.07562161,0.1060308,-0.004443223,0.004877531
179,0.016453,1,0,0,0,0,0,7.543115,0,0,135,0,0.5620604,0,0,0,0,0,0,-0.1484413,-0.01858105,-0.9887466,-0.01647494,0.9997312,-0.01631408,0.988784,0.01386786,-0.1487075,15.40364,-50.06263,-197.4989,7.408776,0.1726123,-1.116722,7.494453,1.182602,-0.1076717,0.07384691,0.07576527,-0.004612896,0.004765534
180,0.016689,1,0,0,0,0,0,7.494138,0,0,135,0,0.5581705,0,0,0,0,0,0,-0.1485169,-0.01866089,-0.9887338,-0.0175826,0.9997138,-0.01622705,0.9887537,0.01497452,-0.1488025,15.527,-50.0597,-197.5175,7.357079,0.1822963,-1.110227,7.44261,0.7450511,-0.107994,0.07155954,0.04771956,-0.004772407,0.004619359
181,0.016885,1,0,0,0,0,0,7.442273,0,0,135,0,0.5541196,0,0,0,0,0,0,-0.148596,-0.01873913,-0.9887204,-0.01824954,0.9997021,-0.01620452,0.9887295,0.01563577,-0.1488937,15.65092,-50.05658,-197.5363,7.303343,0.1881534,-1.103391,7.388619,0.3492836,-0.1083322,0.06879565,0.02235202,-0.004919165,0.004441655
182,0.016478,1,0,0,0,0,0,7.388261,0,0,135,0,0.550101,0,0,0,0,0,0,-0.1486756,-0.01881249,-0.9887072,-0.01850702,0.999697,-0.01623863,0.9887131,0.01588373,-0.1489787,15.77097,-50.05347,-197.5544,7.250128,0.1901508,-1.096552,7.335049,0.01201355,-0.1086712,0.06567141,0.0007339816,-0.005046791,0.004240201
183,0.016695,1,0,0,0,0,0,7.33468,0,0,135,0,0.5460066,0,0,0,0,0,0,-0.1487582,-0.01888334,-0.9886933,-0.01842635,0.999697,-0.01632108,0.9887019,0.01579011,-0.1490611,15.89171,-50.0503,-197.5727,7.195999,0.188788,-1.089538,7.280462,-0.2803779,-0.109022,0.06213518,-0.01800749,-0.005160204,0.004011905
184,0.01667,1,0,0,0,0,0,7.280087,0,0,135,0,0.5419321,0,0,0,0,0,0,-0.1488426,-0.01895015,-0.9886793,-0.01805397,0.9997018,-0.01644345,0.9886962,0.0154021,-0.1491404,16.01137,-50.04718,-197.5908,7.142208,0.1843626,-1.08252,7.226131,-0.5226833,-0.1093774,0.05824278,-0.0335386,-0.005257216,0.003760539
185,0.016684,1,0,0,0,0,0,7.225761,0,0,135,0,0.5378993,0,0,0,0,0,0,-0.1489287,-0.01901269,-0.9886652,-0.01744135,0.9997101,-0.01659779,0.9886941,0.01477177,-0.1492172,16.13024,-50.04414,-197.6088,7.08903,0.1772807,-1.075544,7.172348,-0.7170383,-0.1097359,0.05404675,-0.04599626,-0.005338393,0.003489597
186,0.016683,1,0,0,0,0,0,7.171991,0,0,135,0,0.533938,0,0,0,0,0,0,-0.1490162,-0.01907056,-0.9886509,-0.01663878,0.999721,-0.01677618,0.988695,0.01395002,-0.1492919,16.24821,-50.04124,-197.6267,7.036838,0.1679615,-1.068666,7.119505,-0.8655339,-0.1100951,0.04958147,-0.05551449,-0.005404236,0.003201369
187,0.016689,1,0,0,0,0,0,7.119173,0,0,135,0,0.5300667,0,0,0,0,0,0,-0.1491048,-0.01912349,-0.9886366,-0.0156932,0.999733,-0.01697131,0.9886971,0.01298437,-0.1493651,16.36537,-50.0385,-197.6445,6.985865,0.1568407,-1.061926,7.067856,-0.9712781,-0.1104529,0.04487988,-0.06229251,-0.005455634,0.002898018
188,0.016698,1,0,0,0,0,0,7.067555,0,0,135,0,0.5263,0,0,0,0,0,0,-0.1491944,-0.01917124,-0.9886221,-0.01464827,0.9997453,-0.01717635,0.9886996,0.01191898,-0.1494373,16.48174,-50.03595,-197.6622,6.936287,0.1443156,-1.055351,7.017598,-1.03785,-0.1108072,0.03998752,-0.06655972,-0.005493651,0.002582488
189,0.016688,1,0,0,0,0,0,7.017334,0,0,135,0,0.5226531,0,0,0,0,0,0,-0.1492847,-0.01921354,-0.9886076,-0.01354518,0.9997572,-0.01738484,0.9887015,0.01079558,-0.1495087,16.59723,-50.03362,-197.6798,6.888293,0.1307938,-1.048971,6.968934,-1.069177,-0.1111554,0.03494571,-0.06856785,-0.005519462,0.002257451
190,0.016673,1,0,0,0,0,0,6.968708,0,0,135,0,0.519133,0,0,0,0,0,0,-0.1493753,-0.01925025,-0.9885932,-0.01242008,0.9997681,-0.0175912,0.9887025,0.009650711,-0.1495797,16.71182,-50.03151,-197.6973,6.841962,0.1166432,-1.042802,6.921957,-1.06955,-0.1114954,0.02980312,-0.06859198,-0.0055344,0.001926024
191,0.016685,1,0,0,0,0,0,6.921772,0,0,135,0,0.5157362,0,0,0,0,0,0,-0.1494663,-0.01928134,-0.9885789,-0.01130229,0.999778,-0.01779094,0.9887025,0.008514064,-0.1496511,16.82573,-50.02964,-197.7146,6.79724,0.1021675,-1.036839,6.876623,-1.043383,-0.1118259,0.02458447,-0.06691498,-0.005539881,0.001589795
192,0.016923,1,0,0,0,0,0,6.876482,0,0,135,0,0.5124173,0,0,0,0,0,0,-0.1495587,-0.01930703,-0.9885644,-0.01020395,0.9997863,-0.01798246,0.9887003,0.007397832,-0.1497238,16.94051,-50.028,-197.7322,6.75353,0.08746351,-1.031003,6.832334,-0.9943283,-0.1121491,0.01926864,-0.0637709,-0.005537242,0.001247391
193,0.016441,1,0,0,0,0,0,6.83223,0,0,135,0,0.5093139,0,0,0,0,0,0,-0.1496485,-0.01932633,-0.9885505,-0.009192908,0.9997931,-0.01815449,0.9886968,0.006370862,-0.1497952,17.05132,-50.02663,-197.7491,6.712637,0.07342269,-1.025537,6.790921,-0.9287678,-0.1124494,0.01410254,-0.05956889,-0.00552797,0.0009147169
194,0.016684,1,0,0,0,0,0,6.790851,0,0,135,0,0.5062772,0,0,0,0,0,0,-0.1497395,-0.01934026,-0.9885364,-0.008240523,0.9997985,-0.01831235,0.9886914,0.005403975,-0.1498687,17.16309,-50.02549,-197.7662,6.672605,0.05963827,-1.02018,6.750405,-0.8486875,-0.1127391,0.008915493,-0.05443621,-0.005513284,0.0005807688
195,0.016694,1,0,0,0,0,0,6.750362,0,0,135,0,0.5033451,0,0,0,0,0,0,-0.1498303,-0.01934856,-0.9885225,-0.007374987,0.9998027,-0.01845152,0.9886845,0.004525743,-0.1499434,17.27427,-50.02456,-197.7832,6.633931,0.04651427,-1.014998,6.711291,-0.758603,-0.1130122,0.003807336,-0.04866227,-0.005494455,0.0002519822
196,0.016673,1,0,0,0,0,0,6.711267,0,0,135,0,0.5005132,0,0,0,0,0,0,-0.1499207,-0.01935135,-0.9885087,-0.006607116,0.9998059,-0.01857045,0.9886761,0.003747097,-0.1500195,17.38467,-50.02385,-197.8,6.596561,0.03424484,-1.009983,6.673519,-0.6622673,-0.1132666,-0.001169879,-0.04248764,-0.005472686,-6.829033e-05
197,0.016683,1,0,0,0,0,0,6.673509,0,0,135,0,0.4977654,0,0,0,0,0,0,-0.1500109,-0.01934878,-0.988495,-0.005940975,0.9998081,-0.01866864,0.9886665,0.003072125,-0.150097,17.49452,-50.02335,-197.8169,6.560288,0.02294749,-1.005107,6.636878,-0.5627156,-0.1135016,-0.005993319,-0.03610687,-0.005448986,-0.0003785738
198,0.016684,1,0,0,0,0,0,6.636872,0,0,135,0,0.4950924,0,0,0,0,0,0,-0.1501007,-0.01934105,-0.9884816,-0.005379384,0.9998099,-0.01874585,0.9886562,0.002503658,-0.1501762,17.60377,-50.02302,-197.8336,6.524989,0.01274168,-1.000352,6.601238,-0.4628842,-0.113716,-0.01063975,-0.02970815,-0.005424309,-0.0006773648
199,0.016688,1,0,0,0,0,0,6.601232,0,0,135,0,0.4924822,0,0,0,0,0,0,-0.1501901,-0.01932836,-0.9884683,-0.004921746,0.9998114,-0.01880234,0.9886453,0.002041064,-0.1502569,17.71247,-50.02286,-197.8503,6.49051,0.003720815,-0.9956956,6.56644,-0.3651817,-0.1139089,-0.01508071,-0.02344587,-0.005399436,-0.0009628283
200,0.016679,1,0,0,0,0,0,6.566429,0,0,135,0,0.4897679,0,0,0,0,0,0,-0.1502791,-0.01930844,-0.9884551,-0.004566413,0.9998122,-0.01883604,0.9886332,0.001683032,-0.150339,17.82053,-50.02285,-197.8669,6.454448,-0.004962139,-0.9921933,6.530266,-0.2678279,-0.1140812,-0.02637679,-0.01720591,-0.005373575,-0.001687555
201,0.016694,1,0,0,0,0,0,6.530239,0,0,135,0,0.4870925,0,0,0,0,0,0,-0.1503678,-0.01927655,-0.9884423,-0.004309953,0.9998133,-0.01884265,0.988621,0.001426812,-0.1504228,17.92808,-50.02297,-197.8834,6.418932,-0.0124641,-0.9884985,6.494611,-0.1761629,-0.1142316,-0.0371686,-0.01133055,-0.005348774,-0.002379786
202,0.016673,1,0,0,0,0,0,6.494566,0,0,135,0,0.4844501,0,0,0,0,0,0,-0.150456,-0.01923336,-0.9884296,-0.004146386,0.9998142,-0.01882374,0.9886079,0.001266268,-0.1505077,18.03491,-50.02321,-197.8999,6.38389,-0.01872495,-0.9846311,6.459404,-0.0917908,-0.1143552,-0.04737052,-0.005922601,-0.005325344,-0.003034034
203,0.016966,1,0,0,0,0,0,6.459335,0,0,135,0,0.481782,0,0,0,0,0,0,-0.1505454,-0.01917847,-0.9884171,-0.004066525,0.9998155,-0.01878027,0.988595,0.00119214,-0.1505956,18.14302,-50.02356,-197.9165,6.348531,-0.02383114,-0.9805234,6.42385,-0.01433977,-0.1144499,-0.05712143,-0.0009582225,-0.005303042,-0.003659205
204,0.016402,1,0,0,0,0,0,6.42376,0,0,135,0,0.4792131,0,0,0,0,0,0,-0.1506315,-0.0191155,-0.9884052,-0.004064318,0.9998167,-0.0187168,0.9885818,0.001197852,-0.1506816,18.24696,-50.02397,-197.9326,6.314517,-0.02752549,-0.9763883,6.389618,0.05155908,-0.1145075,-0.06586094,0.003265739,-0.00528307,-0.004219392
205,0.016681,1,0,0,0,0,0,6.389508,0,0,135,0,0.4766026,0,0,0,0,0,0,-0.1507188,-0.01904233,-0.9883932,-0.004127503,0.9998178,-0.01863304,0.988568,0.001271246,-0.15077,18.3521,-50.02444,-197.9489,6.279979,-0.03008519,-0.9720259,6.354831,0.1093921,-0.1145303,-0.07403054,0.006972753,-0.005264314,-0.004742909
206,0.016922,1,0,0,0,0,0,6.354701,0,0,135,0,0.4739496,0,0,0,0,0,0,-0.1508072,-0.0189595,-0.9883814,-0.004249171,0.9998193,-0.01853056,0.9885542,0.00140526,-0.1508605,18.45817,-50.02496,-197.9653,6.244901,-0.03149384,-0.9674408,6.319472,0.1584458,-0.1145148,-0.08153939,0.01011708,-0.005246826,-0.005223943
207,0.01646,1,0,0,0,0,0,6.319327,0,0,135,0,0.4713579,0,0,0,0,0,0,-0.1508929,-0.01887137,-0.98837,-0.004413821,0.9998208,-0.01841615,0.9885404,0.001583622,-0.1509491,18.56077,-50.02548,-197.9812,6.210656,-0.03176375,-0.9628257,6.284925,0.1968329,-0.1144599,-0.08804666,0.01257775,-0.00523119,-0.005640684
208,0.016668,1,0,0,0,0,0,6.284772,0,0,135,0,0.4687174,0,0,0,0,0,0,-0.1509794,-0.01877546,-0.9883586,-0.004617141,0.9998221,-0.01828792,0.9885261,0.00180229,-0.1510393,18.6641,-50.026,-197.9972,6.175786,-0.03101947,-0.9580025,6.249725,0.2268875,-0.1143646,-0.09384081,0.01450437,-0.005216534,-0.006011627
209,0.016683,1,0,0,0,0,0,6.249566,0,0,135,0,0.4660548,0,0,0,0,0,0,-0.1510659,-0.0186736,-0.9883474,-0.004848543,0.9998237,-0.01814934,0.988512,0.002050299,-0.1511298,18.76694,-50.02651,-198.0132,6.140636,-0.02933995,-0.9530262,6.214221,0.2485014,-0.1142287,-0.09879459,0.01588999,-0.005202863,-0.006328639
210,0.016684,1,0,0,0,0,0,6.214064,0,0,135,0,0.4633687,0,0,0,0,0,0,-0.1511522,-0.01856676,-0.9883363,-0.005099308,0.9998252,-0.01800272,0.9884977,0.00231868,-0.1512204,18.86919,-50.02699,-198.029,6.105192,-0.02683048,-0.9479044,6.178399,0.2623454,-0.1140525,-0.1029072,0.01677763,-0.005189955,-0.0065917
211,0.016684,1,0,0,0,0,0,6.178249,0,0,135,0,0.4606553,0,0,0,0,0,0,-0.1512353,-0.01845589,-0.9883255,-0.005949436,0.9998246,-0.01776022,0.9884799,0.003194007,-0.1513186,18.97085,-50.02742,-198.0448,6.069427,-0.02360362,-0.9426424,6.142238,1.93738,-0.113835,-0.1061606,0.1241418,-0.004628242,-0.006796643
212,0.016683,1,0,0,0,0,0,6.142071,0,0,135,0,0.4578468,0,0,0,0,0,0,-0.1513099,-0.01834206,-0.9883162,-0.008468698,0.9998152,-0.01725892,0.9884502,0.005758306,-0.1514373,19.0719,-50.02779,-198.0605,6.032499,-0.01991363,-0.937114,6.104885,3.326268,-0.1135577,-0.1085758,0.2131651,-0.00416075,-0.006942029
213,0.016692,1,0,0,0,0,0,6.104624,0,0,135,0,0.4547601,0,0,0,0,0,0,-0.1513778,-0.01822628,-0.9883079,-0.01235938,0.9997867,-0.0165449,0.9883986,0.009710344,-0.1515707,19.17237,-50.0281,-198.0761,5.992024,-0.01521744,-0.9309668,6.063933,4.436342,-0.1132255,-0.1101591,0.2843176,-0.003784271,-0.007027743
214,0.016679,1,0,0,0,0,0,6.063468,0,0,135,0,0.4512503,0,0,0,0,0,0,-0.1514404,-0.01810974,-0.9883005,-0.01732526,0.9997272,-0.01566432,0.9883146,0.01475035,-0.1517128,19.27206,-50.02832,-198.0916,5.946111,-0.008807736,-0.9239287,6.017471,5.278737,-0.1128446,-0.1109178,0.3383129,-0.003494509,-0.007054942
215,0.016678,1,0,0,0,0,0,6.016671,0,0,135,0,0.4471984,0,0,0,0,0,0,-0.1514994,-0.01799333,-0.9882936,-0.02309255,0.999626,-0.01465971,0.9881877,0.02060128,-0.1518582,19.37093,-50.02842,-198.107,5.893192,-0.0001452293,-0.9157763,5.963921,5.872158,-0.1124205,-0.1108795,0.3763498,-0.003284798,-0.007026833
216,0.016683,1,0,0,0,0,0,5.962645,0,0,135,0,0.4425173,0,0,0,0,0,0,-0.1515559,-0.01787795,-0.988287,-0.02940772,0.9994755,-0.01357061,0.9880112,0.02700656,-0.1520022,19.46891,-50.02835,-198.1222,5.832088,0.01096094,-0.9063399,5.902103,6.238185,-0.1119594,-0.1100678,0.3998117,-0.003147685,-0.006946766
217,0.017,1,0,0,0,0,0,5.90023,0,0,135,0,0.4370498,0,0,0,0,0,0,-0.1516123,-0.01776234,-0.9882805,-0.03616388,0.9992689,-0.01241193,0.9877784,0.03385825,-0.1521439,19.56765,-50.02809,-198.1376,5.760691,0.02450631,-0.8952984,5.829898,6.403733,-0.1114563,-0.1084924,0.4104235,-0.003073666,-0.006816715
218,0.016359,1,0,0,0,0,0,5.82733,0,0,135,0,0.4308706,0,0,0,0,0,0,-0.1516665,-0.01765057,-0.9882741,-0.04276961,0.9990212,-0.01127882,0.9875059,0.04055748,-0.152273,19.66145,-50.02762,-198.1521,5.679669,0.03782368,-0.8845955,5.748268,6.380075,-0.1109084,-0.1154699,0.4089075,-0.003051979,-0.007237187
219,0.016711,1,0,0,0,0,0,5.744941,0,0,135,0,0.4238492,0,0,0,0,0,0,-0.1517228,-0.01753003,-0.9882677,-0.04943696,0.998726,-0.01012578,0.9871861,0.04732063,-0.1523962,19.75585,-50.02691,-198.1669,5.587598,0.05182335,-0.8718709,5.655448,6.20759,-0.1103226,-0.1216182,0.3978523,-0.003075,-0.00760666
220,0.016759,1,0,0,0,0,0,5.651322,0,0,135,0,0.4160934,0,0,0,0,0,0,-0.151781,-0.01740371,-0.988261,-0.05589272,0.9983965,-0.008997975,0.9868329,0.05387088,-0.1525103,19.84892,-50.02597,-198.1814,5.485885,0.06513688,-0.8573306,5.552854,5.908683,-0.109712,-0.1267753,0.3786938,-0.003135981,-0.007916366
221,0.016583,1,0,0,0,0,0,5.547912,0,0,135,0,0.4077389,0,0,0,0,0,0,-0.1518407,-0.01727437,-0.9882541,-0.06193043,0.9980491,-0.007930258,0.986463,0.05999887,-0.1526143,19.93929,-50.02483,-198.1955,5.376327,0.07637028,-0.8412631,5.442283,5.513368,-0.1090885,-0.1308673,0.353356,-0.003225875,-0.008162481
222,0.016685,1,0,0,0,0,0,5.436518,0,0,135,0,0.3986971,0,0,0,0,0,0,-0.1519035,-0.01714092,-0.9882468,-0.06755815,0.9976915,-0.006920373,0.986084,0.06571289,-0.1527108,20.02834,-50.02351,-198.2095,5.257804,0.08462886,-0.8235344,5.322582,5.040405,-0.1084403,-0.1339992,0.3230408,-0.003338004,-0.008351714
223,0.016682,1,0,0,0,0,0,5.315961,0,0,135,0,0.3890679,0,0,0,0,0,0,-0.151969,-0.01700515,-0.9882389,-0.07266477,0.9973384,-0.005987512,0.9857104,0.07090024,-0.1528002,20.11535,-50.02208,-198.2231,5.131692,0.08888528,-0.8043675,5.19511,4.513764,-0.1077744,-0.1361403,0.2892851,-0.003465225,-0.008482151
224,0.016679,1,0,0,0,0,0,5.187572,0,0,135,0,0.3789104,0,0,0,0,0,0,-0.1520375,-0.01686804,-0.9882309,-0.0772016,0.9970024,-0.005140433,0.9853553,0.07551147,-0.152884,20.2002,-50.0206,-198.2364,4.998817,0.08847006,-0.783909,5.060684,3.953392,-0.1070932,-0.1373011,0.2533674,-0.003601512,-0.008554178
225,0.016698,1,0,0,0,0,0,5.052139,0,0,135,0,0.3682733,0,0,0,0,0,0,-0.152109,-0.01673036,-0.9882222,-0.08114508,0.9966928,-0.004383765,0.9850273,0.07952256,-0.1529635,20.28289,-50.01915,-198.2494,4.859874,0.08299609,-0.7622859,4.919994,3.376194,-0.1063979,-0.1375153,0.216371,-0.003741808,-0.008569455
226,0.016675,1,0,0,0,0,0,4.91031,0,0,135,0,0.3572489,0,0,0,0,0,0,-0.1521831,-0.01659337,-0.9882131,-0.08447429,0.9964188,-0.003722264,0.9847359,0.08291213,-0.1530398,20.36313,-50.01783,-198.2619,4.716094,0.07243544,-0.739712,4.774302,2.798988,-0.1056935,-0.1368081,0.1793741,-0.003881377,-0.008528955
227,0.016696,1,0,0,0,0,0,4.763319,0,0,135,0,0.3458753,0,0,0,0,0,0,-0.1522599,-0.0164576,-0.9882035,-0.0872028,0.9961857,-0.003154553,0.9844861,0.08569381,-0.1531142,20.44105,-50.0167,-198.2742,4.567976,0.05703678,-0.7162883,4.624146,2.233462,-0.1049802,-0.1352064,0.1431259,-0.004016889,-0.008433736
228,0.016745,1,0,0,0,0,0,4.61167,0,0,135,0,0.3341977,0,0,0,0,0,0,-0.1523392,-0.0163237,-0.9881935,-0.08934917,0.9959968,-0.002678594,0.9842812,0.08788621,-0.1531879,20.51669,-50.01586,-198.286,4.41608,0.0373005,-0.6921275,4.470145,1.689859,-0.1042592,-0.1327502,0.1082827,-0.004145522,-0.008285699
229,0.016611,1,0,0,0,0,0,4.455969,0,0,135,0,0.3224078,0,0,0,0,0,0,-0.15242,-0.01619392,-0.9881831,-0.09092163,0.9958554,-0.002295655,0.9841247,0.08949731,-0.1532607,20.5892,-50.01537,-198.2974,4.262846,0.01424264,-0.6676435,4.314836,1.183154,-0.1035435,-0.1295103,0.07580459,-0.004263648,-0.008088618
230,0.016679,1,0,0,0,0,0,4.298771,0,0,135,0,0.3104249,0,0,0,0,0,0,-0.1525028,-0.01606743,-0.9881724,-0.0919809,0.9957587,-0.001995539,0.9840134,0.09058867,-0.1533339,20.65943,-50.01527,-198.3084,4.107147,-0.01141856,-0.6426833,4.157142,0.7139386,-0.1028248,-0.125493,0.04572947,-0.004370947,-0.007842428
231,0.016952,1,0,0,0,0,0,4.138998,0,0,135,0,0.2981547,0,0,0,0,0,0,-0.1525885,-0.01594353,-0.9881613,-0.09257008,0.9957047,-0.00177089,0.983945,0.09120395,-0.1534089,20.72816,-50.01562,-198.3191,3.947668,-0.03897969,-0.6170607,3.995793,0.2829585,-0.102095,-0.1206997,0.0181051,-0.004467045,-0.007546871
232,0.01642,1,0,0,0,0,0,3.975396,0,0,135,0,0.2862304,0,0,0,0,0,0,-0.1526724,-0.0158287,-0.9881501,-0.09271681,0.9956912,-0.001624449,0.9839181,0.09137012,-0.1534821,20.79213,-50.01641,-198.3291,3.792548,-0.06599964,-0.5921091,3.839059,-0.08536062,-0.1014001,-0.1153942,-0.005502884,-0.004547001,-0.007217852
233,0.016677,1,0,0,0,0,0,3.816405,0,0,135,0,0.2741255,0,0,0,0,0,0,-0.1527583,-0.01571787,-0.9881386,-0.09249505,0.995712,-0.001539341,0.9839257,0.09116278,-0.1535572,20.8545,-50.01766,-198.3389,3.634855,-0.09266451,-0.5667386,3.679939,-0.4088418,-0.1007006,-0.1094265,-0.02623687,-0.004614482,-0.006845997
234,0.016678,1,0,0,0,0,0,3.655007,0,0,135,0,0.2620643,0,0,0,0,0,0,-0.1528447,-0.01561347,-0.988127,-0.09195235,0.9957624,-0.001510813,0.9839633,0.09062967,-0.1536327,20.91425,-50.01934,-198.3481,3.477427,-0.1175179,-0.5414271,3.521285,-0.6799036,-0.100013,-0.1029127,-0.0436109,-0.004668146,-0.006438335
235,0.016692,1,0,0,0,0,0,3.494191,0,0,135,0,0.2500698,0,0,0,0,0,0,-0.1529312,-0.01551594,-0.9881151,-0.09114312,0.9958367,-0.001530916,0.9840251,0.08982576,-0.1537087,20.97142,-50.02142,-198.357,3.320503,-0.1396503,-0.516233,3.363292,-0.8989549,-0.09933929,-0.09590655,-0.05765118,-0.004708311,-0.005998161
236,0.016685,1,0,0,0,0,0,3.334263,0,0,135,0,0.2381832,0,0,0,0,0,0,-0.1530175,-0.0154259,-0.9881032,-0.09012264,0.9959294,-0.001591704,0.9841055,0.0888069,-0.1537848,21.02595,-50.02386,-198.3655,3.164582,-0.1582489,-0.4912532,3.206393,-1.067041,-0.09868314,-0.08849781,-0.06842469,-0.004735467,-0.005531127
237,0.016677,1,0,0,0,0,0,3.175776,0,0,135,0,0.2264257,0,0,0,0,0,0,-0.1531033,-0.01534371,-0.9880912,-0.08894403,0.9960355,-0.001685329,0.9841998,0.08762679,-0.1538611,21.07787,-50.02658,-198.3736,3.009917,-0.1726976,-0.4665416,3.050751,-1.186511,-0.09804707,-0.08073734,-0.07608207,-0.004750445,-0.005040463
238,0.016679,1,0,0,0,0,0,3.019009,0,0,135,0,0.214804,0,0,0,0,0,0,-0.1531884,-0.01526969,-0.9880791,-0.08765655,0.9961492,-0.001804426,0.9843017,0.08633519,-0.153937,21.12722,-50.02952,-198.3812,2.856602,-0.1825964,-0.4421238,2.896375,-1.260718,-0.09743304,-0.07267236,-0.08083813,-0.004754302,-0.004529227
239,0.016699,1,0,0,0,0,0,2.864053,0,0,135,0,0.203315,0,0,0,0,0,0,-0.1532729,-0.01520405,-0.988067,-0.08630507,0.996267,-0.001942244,0.984408,0.0849775,-0.1540129,21.17408,-50.0326,-198.3884,2.704612,-0.1877272,-0.4180028,2.743154,-1.29353,-0.09684261,-0.06437668,-0.08294091,-0.004748147,-0.004002206
240,0.016675,1,0,0,0,0,0,2.710867,0,0,135,0,0.1919933,0,0,0,0,0,0,-0.1533562,-0.0151472,-0.988055,-0.08493528,0.9963844,-0.00209207,0.9845144,0.0835999,-0.1540883,21.21835,-50.03573,-198.3953,2.554436,-0.1880321,-0.3942608,2.591513,-1.289248,-0.09627988,-0.05593596,-0.08266599,-0.004733284,-0.003464947
241,0.016687,1,0,0,0,0,0,2.559911,0,0,135,0,0.1808139,0,0,0,0,0,0,-0.1534385,-0.01509914,-0.9880428,-0.08358151,0.9964984,-0.002248534,0.9846171,0.0822371,-0.1541632,21.26014,-50.03885,-198.4017,2.405791,-0.1836552,-0.3708538,2.441125,-1.252763,-0.09574542,-0.04737873,-0.08032694,-0.004711081,-0.00291938
242,0.016873,1,0,0,0,0,0,2.410852,0,0,135,0,0.1696583,0,0,0,0,0,0,-0.1535204,-0.01505962,-0.9880308,-0.08226274,0.9966078,-0.002408349,0.9847155,0.0809084,-0.1542385,21.2999,-50.04189,-198.4079,2.257148,-0.1747864,-0.3475415,2.290426,-1.188311,-0.09523546,-0.03870194,-0.07619532,-0.004682539,-0.002365426
243,0.016504,1,0,0,0,0,0,2.262111,0,0,135,0,0.1588867,0,0,0,0,0,0,-0.1535993,-0.01502987,-0.9880191,-0.08104847,0.9967072,-0.002562082,0.9848043,0.0796839,-0.1543117,21.33636,-50.04471,-198.4135,2.113359,-0.1621431,-0.3250814,2.144355,-1.103141,-0.09477036,-0.03023406,-0.07073564,-0.004650113,-0.001824165
244,0.016668,1,0,0,0,0,0,2.118489,0,0,135,0,0.1481368,0,0,0,0,0,0,-0.1536777,-0.01500867,-0.9880072,-0.07991921,0.9967978,-0.002711333,0.9848841,0.07854408,-0.154385,21.37079,-50.04732,-198.4188,1.96966,-0.1459774,-0.3027207,1.998127,-1.000231,-0.09433392,-0.02176258,-0.06413899,-0.004614169,-0.001282131
245,0.016883,1,0,0,0,0,0,1.975157,0,0,135,0,0.1373686,0,0,0,0,0,0,-0.1537556,-0.01499619,-0.9879952,-0.07889129,0.9968793,-0.002853666,0.9849548,0.07750545,-0.1544589,21.40323,-50.04967,-198.4238,1.825564,-0.1267492,-0.2803798,1.851314,-0.8835524,-0.09392753,-0.01332298,-0.05665973,-0.004575787,-0.0007416763
246,0.016483,1,0,0,0,0,0,1.831581,0,0,135,0,0.1269619,0,0,0,0,0,0,-0.1538304,-0.01499262,-0.9879835,-0.07801218,0.996948,-0.002982048,0.9850129,0.07661602,-0.1545305,21.43256,-50.05165,-198.4283,1.686203,-0.1058071,-0.2588468,1.709233,-0.7618419,-0.09356815,-0.005277891,-0.04885798,-0.004537599,-0.000226097
247,0.016688,1,0,0,0,0,0,1.692825,0,0,135,0,0.1165172,0,0,0,0,0,0,-0.1539049,-0.01499742,-0.9879718,-0.07725345,0.9970067,-0.003100137,0.985061,0.0758471,-0.1546028,21.45992,-50.05328,-198.4324,1.546283,-0.08314444,-0.2372923,1.566593,-0.6349754,-0.09324165,0.002625057,-0.04072579,-0.004499264,0.0002806933
248,0.016711,1,0,0,0,0,0,1.553563,0,0,135,0,0.1061369,0,0,0,0,0,0,-0.1539782,-0.01501048,-0.9879603,-0.07662888,0.9970548,-0.003205687,0.9850987,0.07521269,-0.154675,21.48499,-50.05454,-198.4363,1.407217,-0.0596564,-0.2159266,1.424936,-0.5079294,-0.09295358,0.01023925,-0.03258212,-0.004462177,0.000769243
249,0.016682,1,0,0,0,0,0,1.415159,0,0,135,0,0.09583902,0,0,0,0,0,0,-0.1540502,-0.01503143,-0.9879487,-0.07613922,0.9970919,-0.003298202,0.9851252,0.07471356,-0.1547467,21.5077,-50.05541,-198.4398,1.269288,-0.0360918,-0.1947839,1.284654,-0.3842813,-0.0927055,0.01750261,-0.02465626,-0.004427281,0.001235511
250,0.016658,1,0,0,0,0,0,1.277853,0,0,135,0,0.08560622,0,0,0,0,0,0,-0.1541209,-0.01505988,-0.9879372,-0.07577939,0.9971189,-0.003378055,0.9851418,0.07434464,-0.1548181,21.52808,-50.05588,-198.4429,1.132302,-0.01308973,-0.1738246,1.145642,-0.2666507,-0.0924975,0.02437741,-0.01711616,-0.004395248,0.001677037
251,0.016684,1,0,0,0,0,0,1.141416,0,0,135,0,0.07539448,0,0,0,0,0,0,-0.1541907,-0.01509552,-0.9879258,-0.07554127,0.9971367,-0.003446146,0.985149,0.0740978,-0.1548895,21.54621,-50.05598,-198.4457,0.9957027,0.008814626,-0.1529544,1.007421,-0.1568885,-0.09232908,0.03083722,-0.01008046,-0.004366518,0.002092077
252,0.016679,1,0,0,0,0,0,1.00526,0,0,135,0,0.06521054,0,0,0,0,0,0,-0.1542595,-0.01513784,-0.9879144,-0.07541646,0.9971461,-0.00350327,0.9851481,0.0739646,-0.1549609,21.56206,-50.05572,-198.4481,0.8596115,0.02901429,-0.1321825,0.8701988,-0.05692845,-0.09220047,0.03684124,-0.003673075,-0.004341584,0.00247798
253,0.016682,1,0,0,0,0,0,0.8694738,0,0,135,0,0.05503833,0,0,0,0,0,0,-0.1543275,-0.01518638,-0.9879031,-0.07539402,0.9971476,-0.003550648,0.9851392,0.07393403,-0.1550323,21.57564,-50.05513,-198.4502,0.7238442,0.04700548,-0.1114722,0.7338842,0.03205246,-0.09211123,0.04235872,0.002030524,-0.004320716,0.002832739
254,0.016673,1,0,0,0,0,0,0.7338444,0,0,135,0,0.0448759,0,0,0,0,0,0,-0.1543947,-0.0152406,-0.9878918,-0.07546199,0.9971424,-0.00358958,0.9851235,0.07399407,-0.1551036,21.58696,-50.05427,-198.452,0.5884048,0.06227734,-0.09081502,0.5986202,0.1091356,-0.0920608,0.04737565,0.006971461,-0.004304141,0.003155424
255,0.016707,1,0,0,0,0,0,0.5983453,0,0,135,0,0.03469047,0,0,0,0,0,0,-0.1544614,-0.01530011,-0.9878805,-0.07560797,0.9971312,-0.003621596,0.9851019,0.07413224,-0.1551751,21.59604,-50.05316,-198.4534,0.4528902,0.07436159,-0.07014045,0.4642831,0.1740843,-0.09204831,0.05187497,0.01113457,-0.004291876,0.003444915
256,0.016869,1,0,0,0,0,0,0.4625396,0,0,135,0,0.02440289,0,0,0,0,0,0,-0.1545282,-0.01536487,-0.987869,-0.07582101,0.9971149,-0.00364832,0.9850749,0.07433745,-0.1552473,21.60291,-50.05185,-198.4545,0.3162959,0.08266921,-0.04928461,0.330615,0.2270906,-0.09207362,0.05585511,0.01453216,-0.004283887,0.003701106
257,0.016477,1,0,0,0,0,0,0.3253719,0,0,135,0,0.01436562,0,0,0,0,0,0,-0.1545929,-0.01543212,-0.9878578,-0.0760802,0.9970952,-0.003670393,0.9850449,0.07458901,-0.155318,21.60739,-50.05047,-198.4552,0.1833813,0.08587058,-0.0289591,0.2045509,0.2666257,-0.09213219,0.05918545,0.01706623,-0.004280224,0.003915551
258,0.016683,1,0,0,0,0,0,0.1915416,0,0,135,0,0.004298141,0,0,0,0,0,0,-0.1546582,-0.0155036,-0.9878464,-0.07638083,0.9970718,-0.003690132,0.985011,0.07488182,-0.1553895,21.60971,-50.04906,-198.4555,0.05061166,0.08172955,-0.008594214,0.09651487,0.2948651,-0.09222597,0.06199716,0.01887625,-0.004280586,0.004096695
259,0.016682,1,0,0,0,0,0,0.05730855,0,0,135,0,-0.00494068,0,0,0,0,0,0,-0.1547232,-0.01557792,-0.9878351,-0.07670753,0.9970468,-0.003708589,0.9849756,0.07520058,-0.1554613,21.60989,-50.04781,-198.4556,-0.07003643,0.06214414,0.01006575,0.09417173,0.3114337,-0.09235203,0.06423531,0.01993815,-0.004284884,0.004240975
260,0.016685,1,0,0,0,0,0,0.06587573,0,0,135,0,-0.01097694,0,0,0,0,0,0,-0.1547882,-0.01565447,-0.9878237,-0.0770479,0.9970205,-0.003727103,0.9849388,0.07553282,-0.1555331,21.60828,-50.04684,-198.4553,-0.148841,0.04899219,0.02224858,0.1582684,0.3161043,-0.09250858,0.06590757,0.0202374,-0.004293137,0.004348857
261,0.016693,1,0,0,0,0,0,0.1463592,0,0,135,0,-0.01648614,0,0,0,0,0,0,-0.1548532,-0.01573268,-0.9878122,-0.07739016,0.9969938,-0.003746942,0.9849017,0.07586671,-0.1556052,21.60539,-50.04604,-198.4549,-0.2215704,0.04743297,0.03334528,0.2290311,0.3110622,-0.09269331,0.06700426,0.01991405,-0.004304631,0.004419732
262,0.016674,1,0,0,0,0,0,0.2198152,0,0,135,0,-0.02193562,0,0,0,0,0,0,-0.1549182,-0.01581183,-0.987801,-0.0777244,0.9969681,-0.003768936,0.9848657,0.07619236,-0.1556775,21.60129,-50.04524,-198.4543,-0.2937072,0.04832626,0.04428982,0.3009335,0.2989472,-0.09290335,0.06754366,0.01913732,-0.004318543,0.004454813
263,0.016684,1,0,0,0,0,0,0.292475,0,0,135,0,-0.02739122,0,0,0,0,0,0,-0.1549834,-0.01589145,-0.9877893,-0.07804419,0.9969428,-0.00379363,0.9848297,0.07650327,-0.1557499,21.59599,-50.04443,-198.4535,-0.3659604,0.04957598,0.05521857,0.3734085,0.2813352,-0.09313691,0.06754339,0.01800823,-0.004334384,0.004455244
264,0.016683,1,0,0,0,0,0,0.3652163,0,0,135,0,-0.03286272,0,0,0,0,0,0,-0.155049,-0.01597092,-0.9877778,-0.07834388,0.9969192,-0.003821288,0.9847956,0.07679386,-0.1558225,21.58948,-50.04359,-198.4525,-0.4384026,0.05047321,0.06615627,0.4462298,0.2594571,-0.09339142,0.06700582,0.01660567,-0.004351692,0.004421186
265,0.016683,1,0,0,0,0,0,0.4381695,0,0,135,0,-0.03835402,0,0,0,0,0,0,-0.1551148,-0.01604969,-0.9877661,-0.07861932,0.9968974,-0.003852003,0.9847633,0.07706,-0.1558954,21.58177,-50.04275,-198.4514,-0.5110617,0.05073832,0.07711603,0.5193316,0.2344409,-0.09366447,0.06596643,0.01500196,-0.004370096,0.00435493
266,0.016683,1,0,0,0,0,0,0.5113869,0,0,135,0,-0.0438653,0,0,0,0,0,0,-0.155181,-0.01612722,-0.9877544,-0.07886741,0.9968776,-0.003885726,0.9847328,0.07729864,-0.1559684,21.57283,-50.0419,-198.45,-0.5839288,0.05025404,0.08810342,0.5926724,0.207252,-0.09395359,0.06442785,0.01325896,-0.004389209,0.004256654
267,0.016859,1,0,0,0,0,0,0.5848707,0,0,135,0,-0.0494536,0,0,0,0,0,0,-0.1552483,-0.01620378,-0.9877427,-0.07908837,0.9968601,-0.003922648,0.9847049,0.07750997,-0.1560424,21.56258,-50.04107,-198.4485,-0.6577536,0.04898737,0.09923694,0.6669989,0.1785206,-0.09426027,0.06240195,0.01141708,-0.004408934,0.004127128
268,0.016509,1,0,0,0,0,0,0.6593813,0,0,135,0,-0.05494241,0,0,0,0,0,0,-0.1553148,-0.01627652,-0.9877311,-0.07927449,0.9968452,-0.003961273,0.9846795,0.07768663,-0.1561151,21.55132,-50.04026,-198.4468,-0.7302052,0.04700711,0.1101699,0.739964,0.1499138,-0.09456987,0.0599804,0.009583182,-0.004428242,0.003972234
269,0.016677,1,0,0,0,0,0,0.7325655,0,0,135,0,-0.06050087,0,0,0,0,0,0,-0.1553824,-0.01634731,-0.9877191,-0.07943191,0.9968323,-0.004002352,0.9846558,0.07783452,-0.1561887,21.53873,-50.03949,-198.4449,-0.8035203,0.04431897,0.1212439,0.8138237,0.1212435,-0.0948918,0.05713043,0.007745202,-0.004447577,0.003789891
270,0.016869,1,0,0,0,0,0,0.8066782,0,0,135,0,-0.06613472,0,0,0,0,0,0,-0.1554514,-0.01641573,-0.9877073,-0.07956031,0.996822,-0.004045526,0.9846347,0.07795341,-0.1562634,21.52476,-50.03876,-198.4428,-0.8777775,0.04098432,0.1324748,0.8886634,0.09305705,-0.0952242,0.05386679,0.005938231,-0.004466706,0.003581048
271,0.016518,1,0,0,0,0,0,0.8817962,0,0,135,0,-0.07165974,0,0,0,0,0,0,-0.1555195,-0.01647922,-0.9876953,-0.07965677,0.996814,-0.004088845,0.9846159,0.07804073,-0.1563367,21.50986,-50.03811,-198.4406,-0.9505559,0.03720491,0.1434998,0.9620463,0.06678762,-0.09555164,0.05032551,0.004254139,-0.004484687,0.003354424
272,0.016669,1,0,0,0,0,0,0.9554632,0,0,135,0,-0.07724088,0,0,0,0,0,0,-0.1555889,-0.01653944,-0.9876835,-0.07972641,0.9968084,-0.004133013,0.9845996,0.07810141,-0.156411,21.49361,-50.03751,-198.4381,-1.024037,0.03299386,0.1546513,1.036174,0.04198807,-0.09588365,0.04645241,0.002664259,-0.00450201,0.00310656
273,0.016687,1,0,0,0,0,0,1.029878,0,0,135,0,-0.08283094,0,0,0,0,0,0,-0.1556589,-0.01659553,-0.9876714,-0.07977001,0.9968045,-0.004177081,0.9845847,0.07813636,-0.1564853,21.47611,-50.03699,-198.4355,-1.097606,0.02847632,0.1658393,1.110429,0.0191896,-0.09621467,0.04229872,0.001202645,-0.004518327,0.002840741
274,0.016685,1,0,0,0,0,0,1.104413,0,0,135,0,-0.08842084,0,0,0,0,0,0,-0.1557296,-0.01664713,-0.9876595,-0.07978968,0.9968028,-0.004220371,0.984572,0.07814779,-0.15656,21.45739,-50.03654,-198.4326,-1.171151,0.02375927,0.1770491,1.184696,-0.001354083,-0.09654188,0.03791369,-0.000114441,-0.004533497,0.002560122
275,0.01668,1,0,0,0,0,0,1.178944,0,0,135,0,-0.0940071,0,0,0,0,0,0,-0.1558008,-0.016694,-0.9876474,-0.07978784,0.9968027,-0.004262262,0.9845608,0.07813819,-0.1566347,21.43745,-50.03617,-198.4296,-1.244634,0.01895091,0.1882771,1.258937,-0.01946562,-0.09686308,0.03334234,-0.001275626,-0.004547424,0.002267593
276,0.016679,1,0,0,0,0,0,1.253428,0,0,135,0,-0.09958906,0,0,0,0,0,0,-0.1558727,-0.01673596,-0.9876353,-0.07976703,0.9968042,-0.004302168,0.9845511,0.07811015,-0.1567096,21.41628,-50.03588,-198.4264,-1.318054,0.01415088,0.199525,1.333146,-0.03507592,-0.0971762,0.02861003,-0.002276483,-0.004560026,0.001964779
277,0.016697,1,0,0,0,0,0,1.327854,0,0,135,0,-0.1051712,0,0,0,0,0,0,-0.1559453,-0.0167729,-0.9876234,-0.07972986,0.9968072,-0.004339559,0.9845429,0.07806634,-0.1567847,21.39386,-50.03567,-198.423,-1.391477,0.00944513,0.2108046,1.407387,-0.04815251,-0.09747967,0.02375259,-0.003114926,-0.004571264,0.001653974
278,0.016698,1,0,0,0,0,0,1.402283,0,0,135,0,-0.1107462,0,0,0,0,0,0,-0.1560184,-0.01680464,-0.9876112,-0.07967898,0.996811,-0.004373854,0.9845353,0.07800945,-0.1568598,21.37022,-50.03553,-198.4194,-1.464814,0.004924593,0.2221037,1.481565,-0.05872221,-0.09777126,0.01880816,-0.003792672,-0.004581091,0.00133762
279,0.016684,1,0,0,0,0,0,1.476616,0,0,135,0,-0.1163078,0,0,0,0,0,0,-0.156092,-0.01683109,-0.9875992,-0.07961702,0.9968159,-0.004404536,0.9845287,0.0779422,-0.1569351,21.34537,-50.03548,-198.4156,-1.537987,0.000667799,0.233412,1.555598,-0.0668583,-0.09804894,0.01381812,-0.00431442,-0.004589492,0.001018365
280,0.01668,1,0,0,0,0,0,1.550771,0,0,135,0,-0.1218583,0,0,0,0,0,0,-0.1561663,-0.01685223,-0.9875872,-0.07954653,0.9968215,-0.004431189,0.9845228,0.07786713,-0.1570104,21.31931,-50.03549,-198.4117,-1.611031,-0.00326446,0.244736,1.629517,-0.0727045,-0.09831137,0.008827553,-0.004689379,-0.004596514,0.000699095
281,0.016871,1,0,0,0,0,0,1.624777,0,0,135,0,-0.1274615,0,0,0,0,0,0,-0.1562418,-0.01686823,-0.9875749,-0.07946885,0.9968275,-0.004453699,0.9845169,0.07778559,-0.1570866,21.29172,-50.03556,-198.4075,-1.684792,-0.006861383,0.2562086,1.704175,-0.07645493,-0.09856012,0.00379782,-0.004929991,-0.004602221,0.0003773342
282,0.016478,1,0,0,0,0,0,1.699487,0,0,135,0,-0.1329232,0,0,0,0,0,0,-0.1563161,-0.01687864,-0.987563,-0.07938903,0.9968339,-0.004471022,0.9845118,0.07770278,-0.1571612,21.26356,-50.03569,-198.4032,-1.756713,-0.009960928,0.2674329,1.77698,-0.07814333,-0.098785,-0.001046466,-0.005038411,-0.004606469,6.745226e-05
283,0.016708,1,0,0,0,0,0,1.772309,0,0,135,0,-0.1384495,0,0,0,0,0,0,-0.1563919,-0.01688404,-0.9875509,-0.07930607,0.9968404,-0.004483679,0.9845062,0.07761757,-0.1572368,21.23381,-50.03588,-198.3987,-1.829514,-0.01266507,0.2788333,1.850684,-0.07812223,-0.0989943,-0.005871599,-0.005037244,-0.004609516,-0.0002411922
284,0.016772,1,0,0,0,0,0,1.845994,0,0,135,0,-0.1439854,0,0,0,0,0,0,-0.1564685,-0.01688433,-0.9875387,-0.07922258,0.996847,-0.004491226,0.9845008,0.07753263,-0.1573128,21.20271,-50.03611,-198.3939,-1.902468,-0.01491827,0.2902978,1.924546,-0.07652368,-0.09918427,-0.0105751,-0.004934949,-0.004611366,-0.0005420441
285,0.016586,1,0,0,0,0,0,1.919805,0,0,135,0,-0.1494483,0,0,0,0,0,0,-0.1565447,-0.01687973,-0.9875268,-0.07914138,0.9968535,-0.004493506,0.9844953,0.0774508,-0.157388,21.17076,-50.03636,-198.3891,-1.974488,-0.01667782,0.3016565,1.997468,-0.07360433,-0.09935156,-0.01507063,-0.004747972,-0.004612061,-0.0008295845
286,0.01668,1,0,0,0,0,0,1.992643,0,0,135,0,-0.1549307,0,0,0,0,0,0,-0.1566216,-0.01687036,-0.9875146,-0.07906241,0.9968596,-0.004490561,0.9844891,0.07737196,-0.1574636,21.13742,-50.03665,-198.384,-2.046796,-0.01799953,0.3131017,2.070683,-0.06955681,-0.09949855,-0.01941445,-0.004488665,-0.004611692,-0.001107415
287,0.016679,1,0,0,0,0,0,2.065743,0,0,135,0,-0.1604018,0,0,0,0,0,0,-0.1566989,-0.01685643,-0.9875025,-0.07898731,0.9968655,-0.004482389,0.9844828,0.07729778,-0.1575392,21.10289,-50.03695,-198.3787,-2.11898,-0.018871,0.3245694,2.143777,-0.06460361,-0.0996238,-0.02355408,-0.004171286,-0.004610329,-0.001372179
288,0.016669,1,0,0,0,0,0,2.13869,0,0,135,0,-0.1658591,0,0,0,0,0,0,-0.1567765,-0.0168382,-0.9874907,-0.07891705,0.9968714,-0.004469086,0.9844764,0.0772292,-0.1576148,21.06716,-50.03727,-198.3732,-2.191008,-0.0193173,0.3360544,2.216714,-0.05896503,-0.09972697,-0.02745566,-0.003809956,-0.004608071,-0.001621716
289,0.016696,1,0,0,0,0,0,2.211454,0,0,135,0,-0.1713151,0,0,0,0,0,0,-0.1568544,-0.01681586,-0.9874786,-0.07885212,0.9968764,-0.004450754,0.9844689,0.07716666,-0.1576905,21.03018,-50.03759,-198.3675,-2.263044,-0.01936883,0.3475832,2.289663,-0.05281983,-0.09980818,-0.03111208,-0.003416132,-0.004604985,-0.001855573
290,0.016672,1,0,0,0,0,0,2.284201,0,0,135,0,-0.1767539,0,0,0,0,0,0,-0.1569325,-0.01678975,-0.9874667,-0.0787933,0.9968813,-0.004427645,0.9844614,0.07711092,-0.157766,20.99205,-50.03791,-198.3617,-2.334872,-0.01906487,0.3591214,2.362405,-0.04635356,-0.09986722,-0.03449283,-0.003001709,-0.00460116,-0.0020718
291,0.016698,1,0,0,0,0,0,2.356719,0,0,135,0,-0.1821923,0,0,0,0,0,0,-0.1570109,-0.0167601,-0.9874547,-0.07874068,0.9968855,-0.004399947,0.984453,0.07706201,-0.1578416,20.95267,-50.03823,-198.3556,-2.406714,-0.01843963,0.3707043,2.435166,-0.03976416,-0.09990443,-0.0375851,-0.002579373,-0.004596686,-0.002269582
292,0.016679,1,0,0,0,0,0,2.429231,0,0,135,0,-0.1876165,0,0,0,0,0,0,-0.1570894,-0.01672728,-0.9874427,-0.07869451,0.9968892,-0.004368021,0.984444,0.07702016,-0.1579171,20.91213,-50.03853,-198.3494,-2.478384,-0.01753582,0.3823012,2.507758,-0.03319061,-0.09992012,-0.04037218,-0.002158034,-0.004591646,-0.002447851
293,0.016672,1,0,0,0,0,0,2.501553,0,0,135,0,-0.1930309,0,0,0,0,0,0,-0.157168,-0.01669163,-0.9874308,-0.07865481,0.9968925,-0.004332188,0.9844347,0.07698531,-0.1579925,20.87041,-50.03881,-198.3429,-2.549937,-0.0164013,0.3939209,2.580236,-0.02674377,-0.09991486,-0.04284658,-0.001744796,-0.004586101,-0.002606128
294,0.016683,1,0,0,0,0,0,2.573745,0,0,135,0,-0.1984422,0,0,0,0,0,0,-0.1572468,-0.01665341,-0.9874189,-0.07862136,0.9968953,-0.00429276,0.9844247,0.07695719,-0.1580679,20.82747,-50.03908,-198.3363,-2.621457,-0.01507922,0.4055758,2.652688,-0.02060245,-0.09988921,-0.04500212,-0.001351124,-0.004580142,-0.00274402
295,0.016966,1,0,0,0,0,0,2.645896,0,0,135,0,-0.2039392,0,0,0,0,0,0,-0.157327,-0.01661232,-0.9874069,-0.07859349,0.9968979,-0.004249425,0.9844144,0.0769352,-0.1581446,20.78258,-50.03933,-198.3293,-2.694114,-0.01359275,0.4174564,2.726299,-0.01472277,-0.09984232,-0.04685965,-0.0009742033,-0.00457369,-0.002862867
296,0.0164,1,0,0,0,0,0,2.719189,0,0,135,0,-0.2092473,0,0,0,0,0,0,-0.1574046,-0.01657079,-0.9873952,-0.07857211,0.9968996,-0.004204807,0.9844036,0.07691987,-0.1582186,20.73801,-50.03954,-198.3224,-2.764278,-0.01206054,0.4289678,2.79739,-0.009502964,-0.09978011,-0.04832033,-0.0006395649,-0.004567268,-0.002956342
297,0.016695,1,0,0,0,0,0,2.789964,0,0,135,0,-0.2146461,0,0,0,0,0,0,-0.1574835,-0.01652705,-0.9873834,-0.07855546,0.9969012,-0.004157095,0.9843924,0.07690968,-0.1582938,20.69147,-50.03974,-198.3152,-2.83564,-0.01045116,0.4407123,2.869702,-0.00468532,-0.09969833,-0.04948217,-0.0003306871,-0.004560469,-0.003030717
298,0.016684,1,0,0,0,0,0,2.861948,0,0,135,0,-0.220037,0,0,0,0,0,0,-0.1575624,-0.01648221,-0.9873716,-0.07854351,0.9969023,-0.004107517,0.9843807,0.07690444,-0.1583689,20.64376,-50.0399,-198.3078,-2.906894,-0.008826215,0.4524746,2.941911,-0.0004331229,-0.09960002,-0.05031486,-5.803857e-05,-0.004553523,-0.003084055
299,0.016676,1,0,0,0,0,0,2.933827,0,0,135,0,-0.2254215,0,0,0,0,0,0,-0.1576412,-0.01643661,-0.9873598,-0.07853572,0.9969032,-0.004056517,0.9843688,0.07690354,-0.1584439,20.59489,-50.04004,-198.3002,-2.978055,-0.007236243,0.4642556,3.014034,0.003216863,-0.09948634,-0.05081411,0.000176023,-0.004546499,-0.003116082
300,0.016681,1,0,0,0,0,0,3.00562,0,0,135,0,-0.230804,0,0,0,0,0,0,-0.1577199,-0.01639056,-0.9873479,-0.07853148,0.9969037,-0.0040045,0.9843563,0.07690631,-0.1585187,20.54482,-50.04015,-198.2924,-3.049184,-0.005704483,0.4760631,3.086128,0.006275067,-0.0993584,-0.05099727,0.0003721649,-0.004539421,-0.003127904
301,0.016694,1,0,0,0,0,0,3.077387,0,0,135,0,-0.2361877,0,0,0,0,0,0,-0.1577985,-0.01634439,-0.9873361,-0.07853026,0.996904,-0.003951874,0.9843439,0.07691216,-0.1585935,20.49352,-50.04024,-198.2844,-3.120315,-0.00426469,0.487901,3.158232,0.008740475,-0.09921743,-0.05087,0.0005303207,-0.004532335,-0.003119885
302,0.016678,1,0,0,0,0,0,3.149169,0,0,135,0,-0.2415632,0,0,0,0,0,0,-0.157877,-0.01629849,-0.9873244,-0.07853144,0.9969042,-0.003899149,0.9843314,0.07692042,-0.1586682,20.44108,-50.04031,-198.2762,-3.191326,-0.002938965,0.4997467,3.230219,0.01062382,-0.09906515,-0.0504412,0.0006511766,-0.004525308,-0.003092593
303,0.01669,1,0,0,0,0,0,3.220842,0,0,135,0,-0.2469399,0,0,0,0,0,0,-0.1579553,-0.01625311,-0.9873126,-0.07853447,0.9969041,-0.003846657,0.9843186,0.07693047,-0.1587427,20.38742,-50.04035,-198.2677,-3.262339,-0.001750281,0.5116181,3.302213,0.01192086,-0.09890262,-0.04970817,0.0007344605,-0.004518392,-0.003045856
304,0.016684,1,0,0,0,0,0,3.292531,0,0,135,0,-0.252312,0,0,0,0,0,0,-0.1580335,-0.01620861,-0.9873008,-0.07853884,0.9969039,-0.003794854,0.9843055,0.07694174,-0.1588172,20.3326,-50.04037,-198.2592,-3.333278,-0.0007140996,0.5235002,3.374136,0.01270069,-0.09873151,-0.04869909,0.0007845986,-0.004511606,-0.002981474
305,0.016672,1,0,0,0,0,0,3.36416,0,0,135,0,-0.2576778,0,0,0,0,0,0,-0.1581113,-0.0161653,-0.9872892,-0.07854406,0.996904,-0.003744141,0.984293,0.07695371,-0.1588915,20.27663,-50.04038,-198.2504,-3.404117,0.0001612379,0.5353862,3.445961,0.01298063,-0.09855338,-0.04742275,0.0008027009,-0.004505002,-0.002900006
306,0.01686,1,0,0,0,0,0,3.435704,0,0,135,0,-0.2631014,0,0,0,0,0,0,-0.1581898,-0.01612296,-0.9872771,-0.07854965,0.9969034,-0.003694278,0.9842794,0.07696587,-0.1589664,20.21884,-50.04037,-198.2413,-3.475705,0.0008686074,0.547416,3.518549,0.01279348,-0.09836689,-0.04588824,0.000790869,-0.004498499,-0.002802039
307,0.016518,1,0,0,0,0,0,3.508018,0,0,135,0,-0.2684125,0,0,0,0,0,0,-0.1582665,-0.01608315,-0.9872654,-0.07855507,0.9969031,-0.00364715,0.9842666,0.07697748,-0.1590398,20.16104,-50.04036,-198.2321,-3.545791,0.001384013,0.559209,3.589617,0.01218991,-0.09818104,-0.04416094,0.0007523447,-0.004492407,-0.002691743
308,0.016672,1,0,0,0,0,0,3.578834,0,0,135,0,-0.2737705,0,0,0,0,0,0,-0.1583437,-0.01604488,-0.9872537,-0.07856011,0.9969029,-0.003601599,0.9842539,0.07698847,-0.1591137,20.10153,-50.04033,-198.2227,-3.61648,0.001727545,0.5711164,3.661298,0.01121852,-0.09799021,-0.04219785,0.0006902476,-0.004486513,-0.002566376
309,0.016886,1,0,0,0,0,0,3.650274,0,0,135,0,-0.2791945,0,0,0,0,0,0,-0.1584216,-0.0160083,-0.9872419,-0.07856437,0.9969028,-0.003557817,0.9842411,0.0769984,-0.1591886,20.04006,-50.0403,-198.213,-3.688024,0.00190417,0.5831784,3.733848,0.009919502,-0.09779499,-0.04002302,0.0006071518,-0.004480795,-0.002427469
310,0.016491,1,0,0,0,0,0,3.722594,0,0,135,0,-0.2844887,0,0,0,0,0,0,-0.1584974,-0.0159749,-0.9872302,-0.0785675,0.9969027,-0.003517594,0.9842287,0.07700669,-0.1592616,19.97886,-50.04026,-198.2033,-3.757841,0.00191052,0.5949572,3.804648,0.00843717,-0.09760556,-0.03772264,0.0005123014,-0.004475569,-0.002280527
311,0.016676,1,0,0,0,0,0,3.793182,0,0,135,0,-0.289839,0,0,0,0,0,0,-0.1585737,-0.01594361,-0.9872185,-0.07856944,0.9969027,-0.003479653,0.9842163,0.07701343,-0.1593352,19.9158,-50.04023,-198.1933,-3.828386,0.001759942,0.6068646,3.876187,0.006735368,-0.09741493,-0.03526226,0.0004033829,-0.004470568,-0.002123358
312,0.01668,1,0,0,0,0,0,3.864519,0,0,135,0,-0.295187,0,0,0,0,0,0,-0.1586498,-0.01591497,-0.9872066,-0.07856993,0.9969026,-0.003444637,0.9842038,0.07701827,-0.1594088,19.85155,-50.0402,-198.1832,-3.89889,0.00146633,0.6187683,3.947686,0.004886654,-0.097227,-0.03266906,0.0002850446,-0.004465915,-0.00195769
313,0.016694,1,0,0,0,0,0,3.935827,0,0,135,0,-0.3005359,0,0,0,0,0,0,-0.1587256,-0.01588909,-0.9871949,-0.07856889,0.9969028,-0.003412688,0.9841916,0.07702113,-0.1594824,19.78607,-50.04018,-198.1727,-3.969394,0.001050804,0.630673,4.019184,0.002919631,-0.09704293,-0.02996256,0.0001591189,-0.004461626,-0.00178477
314,0.016678,1,0,0,0,0,0,4.007145,0,0,135,0,-0.3058756,0,0,0,0,0,0,-0.158801,-0.01586614,-0.987183,-0.07856621,0.9969031,-0.003383981,0.9841795,0.07702184,-0.1595558,19.71948,-50.04016,-198.1622,-4.03977,0.0005294486,0.6425547,4.090552,0.0009006953,-0.09686428,-0.02718023,2.986036e-05,-0.00445771,-0.001606998
315,0.016692,1,0,0,0,0,0,4.078341,0,0,135,0,-0.3112157,0,0,0,0,0,0,-0.1588763,-0.01584615,-0.9871714,-0.07856191,0.9969037,-0.003358549,0.984168,0.07702047,-0.1596293,19.65166,-50.04016,-198.1514,-4.110141,-8.421441e-05,0.6544325,4.161916,-0.00113475,-0.09669184,-0.02433619,-0.0001004624,-0.004454168,-0.00142527
316,0.016679,1,0,0,0,0,0,4.149543,0,0,135,0,-0.3165469,0,0,0,0,0,0,-0.1589512,-0.01582921,-0.9871596,-0.07855596,0.9969041,-0.00333648,0.9841563,0.07701692,-0.1597026,19.58271,-50.04016,-198.1404,-4.180393,-0.000765727,0.6662849,4.233157,-0.003144209,-0.09652699,-0.02145638,-0.0002291264,-0.004451018,-0.001241246
317,0.016676,1,0,0,0,0,0,4.220626,0,0,135,0,-0.3218725,0,0,0,0,0,0,-0.1590258,-0.01581533,-0.9871477,-0.07854839,0.9969049,-0.003317798,0.9841448,0.07701125,-0.1597758,19.51261,-50.04018,-198.1292,-4.250564,-0.001503541,0.6781172,4.304316,-0.005098894,-0.09637051,-0.01855784,-0.0003542871,-0.004448268,-0.001056014
318,0.016685,1,0,0,0,0,0,4.291633,0,0,135,0,-0.3271959,0,0,0,0,0,0,-0.1591001,-0.01580451,-0.9871361,-0.0785393,0.9969058,-0.003302481,0.984134,0.07700356,-0.1598491,19.4413,-50.04021,-198.1178,-4.320703,-0.002283893,0.6899363,4.375442,-0.006973713,-0.09622318,-0.0156646,-0.0004743368,-0.00444591,-0.0008711113
319,0.016688,1,0,0,0,0,0,4.362612,0,0,135,0,-0.3325146,0,0,0,0,0,0,-0.1591742,-0.01579676,-0.9871243,-0.07852874,0.9969066,-0.003290514,0.9841227,0.07699385,-0.1599223,19.36881,-50.04025,-198.1062,-4.390781,-0.00308254,0.7017356,4.446504,-0.008740475,-0.09608588,-0.01279013,-0.0005874688,-0.004443961,-0.0006873959
320,0.016857,1,0,0,0,0,0,4.433528,0,0,135,0,-0.3378815,0,0,0,0,0,0,-0.1592487,-0.01579201,-0.9871122,-0.07851671,0.9969074,-0.003281781,0.9841113,0.07698219,-0.1599962,19.29439,-50.04031,-198.0944,-4.461495,-0.003893537,0.7136314,4.51821,-0.01036318,-0.09595793,-0.009923935,-0.0006913746,-0.004442393,-0.000504198
321,0.016516,1,0,0,0,0,0,4.505086,0,0,135,0,-0.342931,0,0,0,0,0,0,-0.1593214,-0.01579363,-0.9871006,-0.07850342,0.9969087,-0.003279844,0.9841009,0.07696823,-0.1600687,19.22034,-50.04038,-198.0825,-4.527678,-0.005222682,0.7266846,4.585626,-0.01448951,-0.09584648,0.002202869,-0.0009555738,-0.004454947,0.0002716167
322,0.016679,1,0,0,0,0,0,4.572413,0,0,135,0,-0.3480242,0,0,0,0,0,0,-0.1593939,-0.01580808,-0.9870886,-0.07848759,0.9969097,-0.003291281,0.9840902,0.07694959,-0.160142,19.14445,-50.04048,-198.0703,-4.594478,-0.006684842,0.739514,4.653617,-0.01892891,-0.09575497,0.01403356,-0.001239873,-0.004468105,0.001028494
323,0.01677,1,0,0,0,0,0,4.640322,0,0,135,0,-0.3531387,0,0,0,0,0,0,-0.159466,-0.01583511,-0.9870764,-0.0784689,0.996911,-0.00331593,0.9840799,0.07692602,-0.1602159,19.06703,-50.0406,-198.0578,-4.661596,-0.008246488,0.7520974,4.721885,-0.02354901,-0.09568927,0.025426,-0.001535794,-0.00448191,0.00175735
324,0.016584,1,0,0,0,0,0,4.708515,0,0,135,0,-0.3581895,0,0,0,0,0,0,-0.1595366,-0.01587367,-0.9870645,-0.07844749,0.9969128,-0.003352793,0.9840705,0.07689784,-0.1602893,18.98936,-50.04074,-198.0453,-4.727913,-0.00983838,0.7642621,4.789296,-0.02817952,-0.09565394,0.03614017,-0.001832421,-0.004496198,0.002442831
325,0.016695,1,0,0,0,0,0,4.77586,0,0,135,0,-0.3632664,0,0,0,0,0,0,-0.1596071,-0.01592372,-0.9870523,-0.07842284,0.9969146,-0.003401793,0.984061,0.0768645,-0.1603634,18.91005,-50.04092,-198.0325,-4.794608,-0.01146563,0.7762602,4.857055,-0.03279182,-0.09565171,0.04630446,-0.002127921,-0.004511266,0.003093162
326,0.016678,1,0,0,0,0,0,4.843552,0,0,135,0,-0.3683298,0,0,0,0,0,0,-0.1596769,-0.01598431,-0.9870399,-0.07839514,0.9969164,-0.003461998,0.9840516,0.07682633,-0.1604376,18.82972,-50.04111,-198.0195,-4.861158,-0.01308159,0.7880213,4.924633,-0.03724255,-0.09568515,0.0557944,-0.002413103,-0.004527018,0.003700379
327,0.016692,1,0,0,0,0,0,4.911063,0,0,135,0,-0.3733889,0,0,0,0,0,0,-0.1597463,-0.01605482,-0.9870277,-0.07836439,0.9969187,-0.003532763,0.9840432,0.07678348,-0.1605122,18.74821,-50.04134,-198.0063,-4.927679,-0.01466423,0.799589,4.992152,-0.04149373,-0.0957563,0.06456169,-0.002685538,-0.00454348,0.004261401
328,0.01668,1,0,0,0,0,0,4.978518,0,0,135,0,-0.3784349,0,0,0,0,0,0,-0.1598151,-0.01613435,-0.9870151,-0.0783307,0.9969209,-0.003613158,0.9840344,0.07673614,-0.1605868,18.66565,-50.0416,-197.9929,-4.99406,-0.01617982,0.8109635,5.059502,-0.0454605,-0.09586622,0.07256298,-0.002939782,-0.004560613,0.004773453
329,0.016674,1,0,0,0,0,0,5.045798,0,0,135,0,-0.3834692,0,0,0,0,0,0,-0.1598836,-0.01622209,-0.9870026,-0.07829433,0.9969234,-0.00370233,0.9840261,0.07668477,-0.1606618,18.58201,-50.04187,-197.9793,-5.060315,-0.01761286,0.8221656,5.1267,-0.04911024,-0.09601557,0.07975793,-0.003173746,-0.004578385,0.005233955
330,0.016688,1,0,0,0,0,0,5.112923,0,0,135,0,-0.3884976,0,0,0,0,0,0,-0.1599518,-0.01631731,-0.98699,-0.07825539,0.9969261,-0.003799494,0.9840181,0.07662955,-0.1607371,18.49719,-50.04218,-197.9655,-5.126518,-0.01893944,0.8332227,5.193824,-0.05239505,-0.09620474,0.08614141,-0.003384358,-0.004596794,0.00564258
331,0.016839,1,0,0,0,0,0,5.179967,0,0,135,0,-0.3935778,0,0,0,0,0,0,-0.1600233,-0.01641996,-0.9869767,-0.07761765,0.9969752,-0.004001779,0.9840571,0.07596643,-0.1608137,18.41049,-50.0425,-197.9514,-5.193203,-0.02015539,0.8442373,5.261416,-1.739013,-0.0964338,0.09171912,-0.1114929,-0.005105503,0.005961428
332,0.016528,1,0,0,0,0,0,5.247705,0,0,135,0,-0.3985354,0,0,0,0,0,0,-0.160101,-0.01652612,-0.9869624,-0.07534187,0.9971479,-0.004475019,0.9842214,0.07364313,-0.1608894,18.32431,-50.04289,-197.9374,-5.256952,-0.0307923,0.8548247,5.326089,-3.115074,-0.09667299,0.09633943,-0.1996954,-0.005525432,0.006225203
333,0.016688,1,0,0,0,0,0,5.313805,0,0,135,0,-0.4033202,0,0,0,0,0,0,-0.1601859,-0.01663764,-0.9869466,-0.07168561,0.9974138,-0.005179195,0.9844803,0.06992023,-0.1609644,18.23624,-50.0435,-197.9231,-5.31762,-0.04702421,0.864924,5.387707,-4.233902,-0.09693354,0.1001484,-0.2714097,-0.005872014,0.006443725
334,0.016876,1,0,0,0,0,0,5.377603,0,0,135,0,-0.4077706,0,0,0,0,0,0,-0.1602775,-0.01675382,-0.9869298,-0.06688561,0.9977421,-0.006075139,0.9848031,0.06503769,-0.1610362,18.14619,-50.04439,-197.9084,-5.373576,-0.06525808,0.8742253,5.444617,-5.100325,-0.09721781,0.1031301,-0.3269455,-0.00614591,0.006616523
335,0.01648,1,0,0,0,0,0,5.436941,0,0,135,0,-0.4116034,0,0,0,0,0,0,-0.1603714,-0.01686959,-0.9869125,-0.061388,0.9980888,-0.007085193,0.9851459,0.05944833,-0.1611005,18.05737,-50.04556,-197.894,-5.421611,-0.08158921,0.8821594,5.493517,-5.700273,-0.09751532,0.1051813,-0.3654007,-0.00634136,0.006737
336,0.016683,1,0,0,0,0,0,5.488045,0,0,135,0,-0.4148803,0,0,0,0,0,0,-0.1604699,-0.01698811,-0.9868946,-0.05526491,0.9984382,-0.008200698,0.9854926,0.05322468,-0.1611581,17.96669,-50.04699,-197.8792,-5.462729,-0.09414103,0.8888636,5.535373,-6.083738,-0.09783866,0.106441,-0.3899798,-0.006473156,0.006812412
337,0.016699,1,0,0,0,0,0,5.531737,0,0,135,0,-0.4174847,0,0,0,0,0,0,-0.160571,-0.01710717,-0.9868762,-0.04880138,0.9987648,-0.009372959,0.9858175,0.0466559,-0.1612075,17.87529,-50.0486,-197.8643,-5.495556,-0.1010066,0.8940921,5.568728,-6.26266,-0.09818459,0.1068775,-0.4014483,-0.006543928,0.00683944
338,0.016668,1,0,0,0,0,0,5.566462,0,0,135,0,-0.4193723,0,0,0,0,0,0,-0.1606735,-0.01722554,-0.9868573,-0.04222287,0.9990524,-0.01056396,0.9861041,0.0399706,-0.1612486,17.78355,-50.05028,-197.8494,-5.519518,-0.1013386,0.8977426,5.592968,-6.26086,-0.09855203,0.1065205,-0.4013331,-0.006560194,0.006818544
339,0.016703,1,0,0,0,0,0,5.59163,0,0,135,0,-0.4205402,0,0,0,0,0,0,-0.1607771,-0.01734285,-0.9868383,-0.03568502,0.999294,-0.01174789,0.9863454,0.03332655,-0.1612825,17.69128,-50.05194,-197.8344,-5.534483,-0.09508959,0.8997957,5.607957,-6.104408,-0.09894194,0.1054017,-0.3913051,-0.006529422,0.006750282
340,0.016664,1,0,0,0,0,0,5.607202,0,0,135,0,-0.4209912,0,0,0,0,0,0,-0.1608805,-0.01745778,-0.9868196,-0.02937062,0.9994856,-0.01289359,0.986537,0.02690917,-0.1613105,17.59902,-50.05346,-197.8194,-5.540356,-0.08283466,0.9002497,5.613631,-5.819891,-0.09935187,0.1035472,-0.3730685,-0.006459268,0.006635201
341,0.016684,1,0,0,0,0,0,5.613215,0,0,135,0,-0.4207549,0,0,0,0,0,0,-0.1609835,-0.01756999,-0.9868007,-0.02338353,0.9996288,-0.01398368,0.9866802,0.02082374,-0.1613346,17.5066,-50.05474,-197.8044,-5.53739,-0.06557398,0.8991653,5.610302,-5.432649,-0.09978187,0.1009969,-0.3482475,-0.006357299,0.006474992
342,0.016688,1,0,0,0,0,0,5.610065,0,0,135,0,-0.4197135,0,0,0,0,0,0,-0.1610853,-0.01768125,-0.9867821,-0.01783186,0.9997285,-0.0150023,0.9867795,0.01517951,-0.1613569,17.41427,-50.05573,-197.7894,-5.523658,-0.04558297,0.8977328,5.59632,-4.963245,-0.1002021,0.1050034,-0.3181602,-0.006230522,0.006733919
343,0.016682,1,0,0,0,0,0,5.596179,0,0,135,0,-0.4180731,0,0,0,0,0,0,-0.1611855,-0.0177959,-0.9867637,-0.0127967,0.999791,-0.01594053,0.9868411,0.01005793,-0.1613795,17.32224,-50.05636,-197.7744,-5.502085,-0.02341253,0.8947207,5.574407,-4.439773,-0.1006404,0.1081485,-0.2846074,-0.006085972,0.006936281
344,0.016679,1,0,0,0,0,0,5.574308,0,0,135,0,-0.4158921,0,0,0,0,0,0,-0.1612837,-0.01791308,-0.9867455,-0.008326527,0.9998245,-0.01678954,0.9868731,0.005508284,-0.1614046,17.23063,-50.05663,-197.7595,-5.473374,-0.000445238,0.8903037,5.54531,-3.883488,-0.1010986,0.1104256,-0.2489515,-0.005930437,0.007081599
345,0.016983,1,0,0,0,0,0,5.545228,0,0,135,0,-0.4131833,0,0,0,0,0,0,-0.1613815,-0.01803412,-0.9867274,-0.004381451,0.9998364,-0.01755712,0.9868826,0.001489903,-0.1614341,17.13788,-50.0565,-197.7444,-5.437673,0.02246304,0.8845605,5.509196,-3.302895,-0.1015854,0.1118857,-0.2117375,-0.005767045,0.007173278
346,0.016388,1,0,0,0,0,0,5.50911,0,0,135,0,-0.4101544,0,0,0,0,0,0,-0.1614737,-0.01815177,-0.9867101,-0.001168746,0.9998336,-0.01820193,0.9868763,-0.00178592,-0.1614681,17.04899,-50.05602,-197.73,-5.397721,0.04302106,0.8779798,5.468829,-2.745173,-0.1020778,0.1124546,-0.1759895,-0.005609989,0.007206965
347,0.016679,1,0,0,0,0,0,5.468725,0,0,135,0,-0.4067287,0,0,0,0,0,0,-0.1615653,-0.01827152,-0.9866929,0.001514682,0.9998229,-0.01876268,0.9868611,-0.004525923,-0.161509,16.95921,-50.0552,-197.7154,-5.352512,0.06159836,0.8704404,5.423177,-2.193645,-0.1025983,0.1122315,-0.1406388,-0.005455098,0.007189258
348,0.01679,1,0,0,0,0,0,5.423049,0,0,135,0,-0.4029918,0,0,0,0,0,0,-0.1616552,-0.01839127,-0.986676,0.003638747,0.9998085,-0.01923222,0.9868408,-0.006699253,-0.1615574,16.86962,-50.05408,-197.7008,-5.303204,0.07730144,0.8621597,5.373385,-1.666074,-0.1031418,0.1112058,-0.1068236,-0.005308025,0.007119844
349,0.016581,1,0,0,0,0,0,5.373224,0,0,135,0,-0.3990763,0,0,0,0,0,0,-0.161742,-0.01850798,-0.9866596,0.005198225,0.9997943,-0.0196065,0.9868195,-0.008300073,-0.1616125,16.78197,-50.05273,-197.6866,-5.251563,0.08947228,0.8534565,5.321212,-1.181371,-0.103697,0.1094425,-0.07575618,-0.005174624,0.007003316
350,0.016679,1,0,0,0,0,0,5.321016,0,0,135,0,-0.3949715,0,0,0,0,0,0,-0.1618272,-0.01862307,-0.9866434,0.006269841,0.9997825,-0.01989944,0.9867994,-0.009406367,-0.1616752,16.69468,-50.05119,-197.6724,-5.197465,0.09825973,0.8443258,5.266515,-0.7363285,-0.1042713,0.1069484,-0.0472309,-0.005054394,0.006840332
351,0.016693,1,0,0,0,0,0,5.266286,0,0,135,0,-0.3907494,0,0,0,0,0,0,-0.1619106,-0.01873525,-0.9866276,0.006889435,0.999774,-0.02011549,0.9867816,-0.01005422,-0.161745,16.60823,-50.04951,-197.6583,-5.14187,0.1036105,0.8349406,5.210248,-0.3382025,-0.10486,0.1037661,-0.02171286,-0.004949701,0.006633857
352,0.016677,1,0,0,0,0,0,5.209991,0,0,135,0,-0.3864658,0,0,0,0,0,0,-0.1619924,-0.01884365,-0.9866121,0.007106759,0.9997695,-0.02026181,0.9867666,-0.01029387,-0.1618211,16.52279,-50.04778,-197.6445,-5.085516,0.1056799,0.825434,5.153152,0.009623872,-0.1054593,0.09995802,0.0005811317,-0.004861696,0.00638802
353,0.016679,1,0,0,0,0,0,5.152877,0,0,135,0,-0.3821598,0,0,0,0,0,0,-0.1620727,-0.01894777,-0.9865969,0.006975779,0.9997688,-0.02034668,0.9867544,-0.01017992,-0.1619031,16.43828,-50.04602,-197.6307,-5.028913,0.1047502,0.8158967,5.095746,0.3065339,-0.1060671,0.09554849,0.01961154,-0.004790677,0.006104451
354,0.016689,1,0,0,0,0,0,5.095464,0,0,135,0,-0.3778668,0,0,0,0,0,0,-0.162152,-0.01904706,-0.9865821,0.006549894,0.9997711,-0.02037821,0.9867445,-0.009766376,-0.1619901,16.35467,-50.04429,-197.6172,-4.972518,0.1011687,0.8064094,5.038499,0.552935,-0.1066807,0.09058429,0.03540451,-0.004736552,0.005786152
355,0.01668,1,0,0,0,0,0,5.038224,0,0,135,0,-0.3736231,0,0,0,0,0,0,-0.1622303,-0.01914087,-0.9865674,0.00588255,0.9997755,-0.02036445,0.9867357,-0.009107262,-0.1620813,16.27203,-50.04263,-197.6038,-4.916803,0.09531297,0.797054,4.981901,0.749962,-0.1072961,0.08513109,0.04803277,-0.00469892,0.005437272
356,0.016684,1,0,0,0,0,0,4.981641,0,0,135,0,-0.3694518,0,0,0,0,0,0,-0.162308,-0.0192288,-0.9865528,0.005024577,0.9997811,-0.02031328,0.9867275,-0.008254019,-0.1621758,16.19031,-50.04109,-197.5905,-4.862057,0.08757017,0.7878807,4.926259,0.9002028,-0.1079108,0.07923414,0.05766223,-0.004676916,0.005060619
357,0.016698,1,0,0,0,0,0,4.926023,0,0,135,0,-0.3653712,0,0,0,0,0,0,-0.1623854,-0.01931046,-0.9865385,0.004023626,0.9997873,-0.02023208,0.9867194,-0.007254857,-0.1622732,16.10942,-50.03968,-197.5774,-4.808509,0.07833483,0.7789285,4.871819,1.006828,-0.108522,0.07293849,0.0644961,-0.004669447,0.004658949
358,0.016668,1,0,0,0,0,0,4.871616,0,0,135,0,-0.3614073,0,0,0,0,0,0,-0.1624624,-0.01938524,-0.9865243,0.002927306,0.9997931,-0.02012805,0.9867104,-0.00615791,-0.1623721,16.02956,-50.03843,-197.5645,-4.75649,0.06799215,0.7702545,4.818933,1.073269,-0.1091247,0.06632099,0.06875432,-0.004675213,0.004237057
359,0.016912,1,0,0,0,0,0,4.818764,0,0,135,0,-0.3575071,0,0,0,0,0,0,-0.1625407,-0.01945395,-0.98651,0.001757679,0.9997984,-0.02000559,0.9867003,-0.00498569,-0.1624737,15.94941,-50.03735,-197.5515,-4.705295,0.0567138,0.7617421,4.766892,1.104333,-0.1097258,0.05933039,0.07074506,-0.004692953,0.003791558
