tick,dt,grounded,throttle,brake,steer,airbrake_l,airbrake_r,speed_cached,stun_timer,timer_2e0,right_x,right_y,right_z,up_x,up_y,up_z,fwd_x,fwd_y,fwd_z,pos_x,pos_y,pos_z,vel_x,vel_y,vel_z,speed,avel_x,avel_y,avel_z,omega_x,omega_y,omega_z
0,0.01651,1,0,0,0,0,0,0.001150893,0,0,-0.1775057,-0.01957253,-0.9839252,-0.005037607,0.9998072,-0.01897964,0.984107,0.001587634,-0.1775701,6.058468,-50.06748,-196.1491,-0.002895468,0.00545594,-0.02094113,0.02183305,0.0006451708,-0.1172605,-0.0001012069,4.93643e-07,-0.005429303,-3.172967e-06
1,0.016696,1,0,0,0,0,0,0.0008777296,0,0,-0.1775949,-0.01957262,-0.9839091,-0.005037609,0.9998074,-0.0189796,0.984091,0.00158587,-0.1776593,6.058442,-50.06745,-196.1492,0.00121877,-0.005373513,0.01334561,0.01443833,0.0006527113,-0.1172906,-9.838059e-05,9.662765e-07,-0.005430695,-2.994621e-06
2,0.016674,1,0,0,0,0,0,0.001180114,0,0,-0.1776841,-0.01957271,-0.983893,-0.005037607,0.9998074,-0.01897954,0.984075,0.001584105,-0.1777484,6.058439,-50.06748,-196.1492,-0.002928769,0.005374284,-0.02085795,0.0217374,0.000627321,-0.1172611,-0.0001060236,-6.510278e-07,-0.00542934,-3.489093e-06
3,0.016681,1,100,0,8.3405,0,15.0129,0.000833852,0,0,-0.1777139,-0.01957266,-0.9838877,-0.005038026,0.9998074,-0.01897936,0.9840696,0.001583954,-0.1777783,6.061517,-50.06744,-196.1499,0.5593026,-0.004456228,-0.08752534,0.5661272,0.0006294868,0.1164199,-0.0001133625,8.091375e-05,0.005390833,-1.054938e-05
4,0.016684,1,100,0,16.6825,0,30.0285,0.5659457,0,0,-0.1775112,-0.01957208,-0.9839242,-0.005040297,0.9998073,-0.0189787,0.984106,0.001590339,-0.1775756,6.073816,-50.06752,-196.1519,1.092879,-0.004971436,-0.1884216,1.109014,0.0009938269,0.5672953,-0.0001196164,0.0002613677,0.02626792,-2.372875e-05
5,0.016684,1,100,0,25.0245,0,45.0441,1.10896,0,0,-0.1769145,-0.01957061,-0.9840316,-0.005045952,0.9998072,-0.01897717,0.9842133,0.001608039,-0.1769792,6.095072,-50.0676,-196.1556,1.636457,-0.00537849,-0.2900952,1.661979,0.001584542,1.219771,-0.0001223494,0.0005265457,0.05647983,-4.276121e-05
6,0.016684,1,100,0,33.3665,0,60.0597,1.661955,0,0,-0.1757741,-0.01956788,-0.9842361,-0.005056299,0.9998072,-0.01897445,0.9844176,0.001641374,-0.1758392,6.125457,-50.0677,-196.161,2.190634,-0.005587604,-0.3930576,2.225624,0.002290535,2.059819,-0.0001179679,0.0008643795,0.09537695,-6.775095e-05
7,0.016702,1,100,0,41.7175,0,75.0915,2.225604,0,0,-0.1739478,-0.01956348,-0.9845605,-0.005072461,0.9998072,-0.01897025,0.9847418,0.001694312,-0.1740135,6.165196,-50.06779,-196.1682,2.756737,-0.005572648,-0.4973717,2.801251,0.002964787,3.076018,-0.0001005406,0.001261362,0.1424305,-9.922683e-05
8,0.01667,1,100,0,50.0525,0,90.0945,2.801214,0,0,-0.1713109,-0.01955696,-0.985023,-0.005095285,0.9998072,-0.01896434,0.9852039,0.001770175,-0.1713775,6.214358,-50.06788,-196.1771,3.33386,-0.005315274,-0.6023906,3.38785,0.003519667,4.253009,-7.325732e-05,0.001706363,0.196929,-0.0001387235
9,0.016707,1,100,0,58.406,0,100,3.387759,0,0,-0.1677305,-0.01954775,-0.9856392,-0.005125585,0.9998074,-0.01895649,0.9858198,0.001872396,-0.1677984,6.273346,-50.06797,-196.1877,3.924716,-0.004796226,-0.7075517,3.987988,0.003820669,5.582961,-2.674299e-05,0.002187787,0.2585101,-0.0001878134
10,0.016818,1,100,0,66.815,0,100,3.98778,0,0,-0.1630654,-0.01953506,-0.986422,-0.005164109,0.9998074,-0.01894647,0.9866022,0.002004478,-0.1631349,6.342754,-50.06804,-196.2002,4.531602,-0.003975742,-0.8113559,4.603665,0.00378124,7.05733,5.113269e-05,0.002696751,0.326778,-0.0002485625
11,0.016525,1,100,0,75.0775,0,100,4.60324,0,0,-0.157341,-0.01951843,-0.9873514,-0.005210165,0.9998071,-0.01893438,0.9875305,0.00216511,-0.1574123,6.42099,-50.0681,-196.2142,5.140239,-0.002853176,-0.9099081,5.220153,0.003333584,8.623463,0.0001617752,0.003210172,0.3992948,-0.0003220183
12,0.016684,1,100,0,83.4195,0,100,5.219368,0,0,-0.1503275,-0.01949645,-0.988444,-0.005265061,0.9998072,-0.01891984,0.9886223,0.002360046,-0.1504011,6.510237,-50.06814,-196.2299,5.76733,-0.001391434,-1.004224,5.854107,0.002377513,10.3178,0.0003344511,0.003733607,0.477748,-0.0004120649
13,0.016792,1,100,0,91.81551,0,100,5.852744,0,0,-0.1419273,-0.01946782,-0.9896857,-0.005328899,0.9998073,-0.01890272,0.989863,0.002591122,-0.1420037,6.610688,-50.06815,-196.2473,6.411635,0.000442039,-1.091898,6.503946,0.0008783958,12.128,0.0005790727,0.004259636,0.5615651,-0.0005223312
14,0.016575,1,100,0,100.103,0,100,6.501695,0,0,-0.1322316,-0.0194317,-0.9910284,-0.005400355,0.9998072,-0.01888326,0.9912043,0.002854941,-0.1323111,6.720548,-50.06813,-196.2658,7.060998,0.002635135,-1.169056,7.157122,-0.001157334,14.00594,0.0009032071,0.004770997,0.6485191,-0.0006539627
15,0.016684,1,100,0,84.6703,0,100,7.153578,0,0,-0.1211642,-0.01938647,-0.9924433,-0.005479359,0.9998073,-0.01886136,0.9926177,0.00315263,-0.1212471,6.842063,-50.06807,-196.2856,7.728202,0.005244727,-1.234865,7.82624,-0.003791725,15.31757,0.001338855,0.005043543,0.7092506,-0.0007738794
16,0.016687,1,100,0,93.0138,0,100,7.82089,0,0,-0.1090378,-0.01933217,-0.9938496,-0.005563086,0.9998071,-0.01883771,0.994022,0.003474849,-0.1091243,6.974812,-50.06797,-196.3065,8.409334,0.008292955,-1.286476,8.507174,-0.006566,16.76471,0.001908808,0.005348965,0.7762567,-0.0009147348
17,0.01668,1,100,0,101.3538,0,100,8.499477,0,0,-0.09575617,-0.0192671,-0.9952185,-0.005652043,0.9998074,-0.01881212,0.9953892,0.003823641,-0.09584662,7.118941,-50.06781,-196.3282,9.104012,0.0117918,-1.321693,9.199459,-0.009489483,18.33523,0.002638828,0.005680846,0.8489761,-0.001078946
18,0.016689,1,100,0,85.91648,0,100,9.18876,0,0,-0.08138249,-0.01919023,-0.9964982,-0.005745542,0.9998071,-0.01878472,0.9966665,0.004196675,-0.08147705,7.274822,-50.06759,-196.3504,9.812836,0.01577137,-1.338128,9.903666,-0.01256636,19.35392,0.003548758,0.005806555,0.8961436,-0.001218491
19,0.016688,1,100,0,94.26048,0,100,9.889217,0,0,-0.0661662,-0.01910177,-0.9976258,-0.005841715,0.9998071,-0.0187561,0.9977916,0.004586826,-0.06626502,7.442597,-50.06731,-196.3727,10.5352,0.02024218,-1.333523,10.61928,-0.01536416,20.53288,0.004664195,0.005997658,0.9507319,-0.001377688
20,0.016677,1,100,0,102.599,0,100,10.60039,0,0,-0.0499979,-0.01899877,-0.9985686,-0.005939414,0.9998069,-0.01872494,0.9987316,0.004994704,-0.05010109,7.622389,-50.06693,-196.3948,11.27192,0.02653238,-1.306684,11.34744,-0.02392134,21.85789,0.00270249,0.005859655,1.012081,-0.00177036
21,0.01697,1,100,0,86.90173,0,100,11.32322,0,0,-0.03262903,-0.0188759,-0.9992893,-0.006035453,0.9998072,-0.01868861,0.9994494,0.005421372,-0.03273666,7.81799,-50.06644,-196.4167,12.0346,0.03373571,-1.253335,12.09973,-0.03314373,22.65821,0.0009791107,0.005489644,1.049135,-0.00212411
22,0.016398,1,100,0,95.10073,0,100,12.06919,0,0,-0.01519195,-0.01874068,-0.999709,-0.006123016,0.9998074,-0.01864947,0.9998659,0.005837912,-0.01530377,8.01943,-50.06585,-196.4368,12.78383,0.04146042,-1.17452,12.83774,-0.04198042,23.60376,-0.0003991683,0.005184162,1.092915,-0.002478771
23,0.016681,1,100,0,103.4412,0,100,12.80033,0,0,0.003328084,-0.01858487,-0.9998217,-0.006207967,0.9998075,-0.01860527,0.999975,0.00626878,0.003212069,8.23698,-50.06511,-196.4558,13.55729,0.05004835,-1.065331,13.59917,-0.05077006,24.73238,-0.001457308,0.004928692,1.14517,-0.002853615
24,0.016987,1,100,0,87.72826,0,100,13.55384,0,0,0.02294002,-0.01840702,-0.9995674,-0.006290109,0.9998081,-0.01855581,0.9997171,0.006713059,0.02281983,8.471804,-50.06421,-196.4731,14.35574,0.05952598,-0.9218698,14.38543,-0.05937691,25.34995,-0.002151548,0.004501067,1.173763,-0.003167548
25,0.016959,1,100,0,96.20776,0,100,14.33104,0,0,0.04304778,-0.01820988,-0.9989071,-0.006362454,0.9998087,-0.01850051,0.9990529,0.007151906,0.04292369,8.719817,-50.06315,-196.4878,15.16058,0.06706384,-0.745101,15.17902,-0.07892863,26.16864,-0.007529956,0.003424266,1.211665,-0.00381464
26,0.016241,1,100,0,104.3283,0,91.8795,15.11471,0,0,0.0629305,-0.01799802,-0.9978556,-0.006416257,0.9998094,-0.0184379,0.9979973,0.007562804,0.06280303,8.970242,-50.06202,-196.4988,15.93562,0.07458537,-0.5359632,15.94481,-0.0977738,27.10025,-0.01182155,0.00241614,1.254796,-0.004406639
27,0.016627,1,100,0,88.94828,0,83.566,15.87061,0,0,0.08384765,-0.01775897,-0.9963202,-0.006455573,0.9998104,-0.01836447,0.9964575,0.007971635,0.08371711,9.239618,-50.06074,-196.5063,16.73087,0.08261591,-0.2799095,16.73341,-0.1168399,27.53633,-0.01529726,0.001216562,1.274981,-0.004888599
28,0.016612,1,100,0,97.25428,0,75.26,16.64882,0,0,0.1050891,-0.01750093,-0.9943089,-0.006477902,0.9998119,-0.01828244,0.9944419,0.008362321,0.104956,9.52196,-50.05932,-196.5093,17.52537,0.09100485,0.01986149,17.52562,-0.1349553,28.15522,-0.01780994,0.0001217166,1.303631,-0.005333359
29,0.016685,1,100,0,105.5968,0,66.9175,17.43081,0,0,0.1268933,-0.01722188,-0.9917669,-0.006485417,0.9998136,-0.0181914,0.9918953,0.008740389,0.1267579,9.818807,-50.05775,-196.507,18.32112,0.09979539,0.366069,18.32505,-0.1519651,28.94437,-0.01933735,-0.0008665143,1.340166,-0.005743599
30,0.016689,1,100,0,90.15945,0,58.573,18.21991,0,0,0.1491132,-0.0169244,-0.9886754,-0.006478983,0.9998154,-0.01809227,0.988799,0.009103405,0.148976,10.12898,-50.05604,-196.4988,19.11247,0.1089881,0.7588592,19.12784,-0.1676402,29.21831,-0.01984028,-0.00194202,1.352844,-0.006007329
31,0.016679,1,100,0,98.49895,0,50.2335,19.01244,0,0,0.1715017,-0.01661265,-0.9850438,-0.00645867,0.9998176,-0.0179863,0.9851629,0.009446754,0.1713631,10.45213,-50.05417,-196.4837,19.8964,0.1186004,1.198699,19.93283,-0.1814465,29.68406,-0.0193284,-0.0028514,1.374405,-0.006231487
32,0.016666,1,100,0,106.832,0,41.9005,19.80772,0,0,0.1941808,-0.01628619,-0.9808306,-0.006427401,0.9998197,-0.01787396,0.9809449,0.009774972,0.1940411,10.78804,-50.05214,-196.4611,20.67039,0.1286509,1.685554,20.7394,-0.1934082,30.32295,-0.01780958,-0.003605422,1.403982,-0.006418786
33,0.016679,1,100,0,91.40388,0,33.561,20.60483,0,0,0.2171279,-0.01594624,-0.9760129,-0.006386659,0.999822,-0.01775604,0.9761223,0.01008879,0.2169874,11.13706,-50.04993,-196.43,21.43307,0.139185,2.220724,21.54825,-0.2035305,30.45356,-0.0152851,-0.004400693,1.410026,-0.006449869
34,0.01666,1,100,0,99.73388,0,25.231,21.40457,0,0,0.2400766,-0.01559772,-0.9706286,-0.006336898,0.9998245,-0.01763427,0.9707333,0.01038435,0.2399356,11.4983,-50.04755,-196.3898,22.1805,0.1502127,2.803264,22.35745,-0.2115554,30.78097,-0.01180472,-0.00501312,1.425181,-0.006447572
35,0.016848,1,100,0,108.1579,0,16.807,22.20552,0,0,0.2634416,-0.01523541,-0.964555,-0.006280357,0.999827,-0.01750784,0.9646549,0.01067004,0.2633003,11.87617,-50.04495,-196.339,22.91921,0.1618962,3.440444,23.17656,-0.2176768,31.29472,-0.007346489,-0.005464708,1.448965,-0.006415954
36,0.01653,1,100,0,92.86763,0,8.542002,23.01672,0,0,0.2864693,-0.01487191,-0.957974,-0.006220216,0.9998296,-0.01738176,0.9580693,0.01093815,0.286328,12.25893,-50.04221,-196.2785,23.62488,0.1739192,4.112494,23.98078,-0.2218512,31.30246,-0.00209549,-0.005932747,1.44932,-0.006230278
37,0.016696,1,100,0,77.42383,0,0.1940012,23.8137,0,0,0.309453,-0.01450313,-0.9508041,-0.006150587,0.9998322,-0.01725278,0.9508948,0.01118693,0.3093119,12.65724,-50.03922,-196.2058,24.31695,0.1889014,4.837661,24.7942,-0.2343241,30.84445,0.002291055,-0.007056029,1.428108,-0.005996581
38,0.016831,1,100,0,61.85516,0,0,24.62132,0,0,0.3320048,-0.01413579,-0.9431719,-0.006063886,0.9998351,-0.01711958,0.9432583,0.01140307,0.3318643,13.07038,-50.03595,-196.1201,25.00109,0.2048566,5.604808,25.62245,-0.2457501,29.98043,0.007398525,-0.008207579,1.388096,-0.005612534
39,0.016546,1,100,0,46.55011,0,0,25.44485,0,0,0.3532912,-0.01378581,-0.9354118,-0.005961531,0.9998379,-0.01698689,0.9354944,0.0115778,0.3531517,13.48771,-50.03247,-196.023,25.66041,0.2213296,6.39211,26.4455,-0.2555711,28.77729,0.01299761,-0.00931916,1.332383,-0.005098991
40,0.016671,1,100,0,38.21461,0,0,26.26511,0,0,0.3736598,-0.01344999,-0.9274684,-0.005841208,0.999841,-0.01685284,0.9275476,0.01171477,0.3735218,13.91914,-50.02869,-195.9119,26.31188,0.2386259,7.215247,27.28427,-0.2639232,27.43217,0.01913079,-0.01034865,1.270096,-0.004495545
41,0.016673,1,100,0,29.87811,0,0,27.10337,0,0,0.3928689,-0.01313196,-0.9195008,-0.005714767,0.999844,-0.0167211,0.9195769,0.01182393,0.3927326,14.36143,-50.02457,-195.7869,26.95545,0.2629701,8.064529,28.1372,-0.242074,25.96582,0.01826815,-0.009446235,1.202205,-0.004295469
42,0.016692,1,100,0,21.53211,0,0,27.95792,0,0,0.4108704,-0.01282865,-0.9116035,-0.005604271,0.9998466,-0.01659637,0.9116766,0.01192783,0.4107355,14.81493,-50.02004,-195.6475,27.58962,0.2887643,8.937242,29.0025,-0.2170012,24.3865,0.01755574,-0.008339996,1.129085,-0.004053758
43,0.016713,1,100,0,13.17561,0,0,28.8271,0,0,0.4276069,-0.01254206,-0.9038779,-0.005511807,0.999849,-0.01648127,0.9039481,0.01202951,0.4274732,15.27954,-50.01506,-195.4931,28.21642,0.3157879,9.829494,29.88118,-0.1895943,22.70294,0.01698779,-0.007083562,1.051138,-0.003773704
44,0.016659,1,100,0,4.846107,0,0,29.71182,0,0,0.442961,-0.01227526,-0.896457,-0.005438909,0.9998512,-0.01637854,0.8965246,0.0121308,0.4428284,15.75306,-50.00964,-195.3244,28.8354,0.3437068,10.73313,30.77009,-0.1608056,20.93238,0.01654855,-0.005732987,0.9691646,-0.003460367
45,0.016674,1,100,0,-3.490893,0,0,30.60875,0,0,0.4569647,-0.01202871,-0.8894035,-0.005385586,0.9998528,-0.01628953,0.8894684,0.0122337,0.4568327,16.2373,-50.00375,-195.1404,29.4518,0.3724102,11.64771,31.67359,-0.1312861,19.07479,0.0162229,-0.004330476,0.8831604,-0.003114948
46,0.016679,1,100,0,-11.83039,0,0,31.52206,0,0,0.4695764,-0.01180418,-0.882813,-0.005351621,0.9998543,-0.01621573,0.8828757,0.01233901,0.4694448,16.73197,-49.99738,-194.941,30.06819,0.4016737,12.56857,32.59181,-0.1017386,17.13841,0.01599626,-0.002919671,0.7935089,-0.002739803
47,0.016673,1,100,0,-20.16689,0,0,32.45168,0,0,0.4807625,-0.01160331,-0.8767741,-0.005336182,0.9998552,-0.01615817,0.8768346,0.01244687,0.4806309,17.23676,-49.99051,-194.7263,30.6874,0.4312757,13.49089,33.52472,-0.07277752,15.1312,0.01585305,-0.0015392,0.7005786,-0.002337045
48,0.016694,1,100,0,-28.51389,0,0,33.39728,0,0,0.4905182,-0.01142784,-0.8713561,-0.005335292,0.999856,-0.01611654,0.8714148,0.0125544,0.4903865,17.75252,-49.98322,-194.496,31.30865,0.4478121,14.40964,34.46839,-0.05238846,13.05552,0.01749257,-0.000701835,0.6044748,-0.001796937
49,0.016926,1,100,0,-36.97689,0,0,34.35474,0,0,0.4989169,-0.01127896,-0.8665764,-0.005341903,0.9998563,-0.01608918,0.8666334,0.01265633,0.498785,18.28607,-49.97556,-194.2469,31.94874,0.4626054,15.33432,35.44118,-0.03379393,10.88667,0.01947808,1.996423e-05,0.504057,-0.00120462
50,0.016422,1,100,0,-45.18789,0,0,35.34223,0,0,0.5056028,-0.01116431,-0.8626942,-0.00535314,0.9998566,-0.0160767,0.8627499,0.01274655,0.5054706,18.81422,-49.96789,-193.9902,32.58389,0.4751797,16.22013,36.40094,-0.01789855,8.734622,0.0216442,0.0005888952,0.4044169,-0.0005948498
51,0.016688,1,100,0,-53.53189,15.0192,0,36.3166,0,0,0.5108978,-0.01107948,-0.8595701,-0.005366798,0.9998564,-0.01607754,0.8596248,0.01282712,0.5107649,19.36177,-49.9599,-193.7146,33.26431,0.486563,17.11123,37.4105,-0.003849605,6.403049,0.02397536,0.001016337,0.2964641,7.453898e-05
52,0.016774,1,100,0,-61.91889,30.1158,0,37.34088,0,0,0.5146157,-0.01102902,-0.8573501,-0.005380085,0.9998561,-0.01609156,0.8574042,0.01289359,0.5144823,19.92379,-49.95168,-193.4226,33.9873,0.4968202,17.99619,38.46097,0.008233923,3.922301,0.02635967,0.001298037,0.1816037,0.0007892878
53,0.016588,1,100,0,-70.21289,45.045,0,38.40598,0,0,0.5166312,-0.01101579,-0.8561372,-0.005390322,0.9998555,-0.01611775,0.856191,0.01294179,0.5164973,20.49176,-49.94339,-193.1193,34.74471,0.506002,18.85841,39.53594,0.01828088,1.344067,0.02865291,0.001435486,0.06222921,0.001526997
54,0.016688,1,100,0,-78.55689,60.0642,0,39.49497,0,0,0.516921,-0.01104115,-0.855962,-0.005395475,0.999855,-0.0161556,0.8560163,0.01296949,0.5167866,21.07608,-49.9349,-192.7999,35.55326,0.5144891,19.71042,40.65464,0.0266689,-1.374808,0.03081666,0.001439315,-0.06365748,0.002292852
55,0.01668,1,100,0,-86.8969,75.0762,0,40.62693,0,0,0.5153865,-0.01110697,-0.8568859,-0.005393492,0.9998542,-0.01620412,0.856941,0.01297299,0.5152514,21.67389,-49.92627,-192.4665,36.41245,0.5224158,20.54314,41.81101,0.03354257,-4.211452,0.0327279,0.001317383,-0.1949975,0.003070637
56,0.016675,1,100,0,-95.2344,90.0837,0,41.79498,0,0,0.5119455,-0.0112145,-0.8589448,-0.005382726,0.9998534,-0.01626241,0.8590013,0.01294893,0.5118101,22.28614,-49.91751,-192.1194,37.32674,0.5299453,21.35287,43.00594,0.03918267,-7.162495,0.03428037,0.001081655,-0.3316346,0.003848681
57,0.016723,1,100,0,-103.5959,100,0,42.99919,0,0,0.5064985,-0.01136139,-0.8621661,-0.005349346,0.9998527,-0.01631838,0.8622245,0.01287726,0.506363,22.91578,-49.90856,-191.758,38.30209,0.5474522,22.13174,44.23985,-0.00243086,-10.19853,0.02563406,-0.002218651,-0.4722143,0.003981247
58,0.01667,1,100,0,-88.17615,100,0,44.23875,0,0,0.4991696,-0.01153598,-0.8664275,-0.005268309,0.9998525,-0.01634766,0.8664883,0.01272486,0.4990352,23.55995,-49.89933,-191.385,39.32394,0.5654365,22.85626,45.48737,-0.04613787,-12.55962,0.0168307,-0.005536925,-0.5815431,0.00392406
59,0.016675,1,100,0,-96.51365,100,0,45.48701,0,0,0.4902017,-0.01173096,-0.8715301,-0.005139582,0.9998531,-0.01634903,0.8715939,0.01249362,0.4900694,24.22165,-49.8898,-191.0002,40.39914,0.5836734,23.52111,46.75119,-0.0908926,-14.9778,0.007849139,-0.008954367,-0.6935157,0.003834388
60,0.016936,1,100,0,-104.9817,100,0,46.74591,0,0,0.4793551,-0.01194404,-0.8775398,-0.00497954,0.9998543,-0.01632891,0.877607,0.01219709,0.4792258,24.91234,-49.87974,-190.5984,41.55168,0.6153768,24.12838,48.05309,-0.07669587,-17.4901,-0.01227717,-0.008635429,-0.8098316,0.003010795
61,0.016435,1,100,0,-89.77927,100,0,48.03649,0,0,0.4672219,-0.01215408,-0.8840565,-0.004837518,0.9998554,-0.01630271,0.8841268,0.01189362,0.4670956,25.60167,-49.86945,-190.199,42.72657,0.6478227,24.64426,49.32869,-0.05715879,-19.32195,-0.03114912,-0.007844929,-0.8946404,0.002094549
62,0.016683,1,100,0,-98.12077,100,0,49.29463,0,0,0.4535251,-0.01236535,-0.8911578,-0.004708193,0.9998567,-0.01626969,0.8912312,0.01157445,0.4534019,26.32138,-49.8586,-189.7853,43.96872,0.6543249,25.08581,50.62582,-0.04703377,-21.28226,-0.04810059,-0.007700176,-0.9853992,0.001302134
63,0.016839,1,100,0,-106.5403,100,0,50.56782,0,0,0.4381913,-0.01257782,-0.8987937,-0.004586015,0.9998578,-0.01622796,0.8988699,0.01123283,0.4380713,27.06903,-49.84756,-189.3609,45.26439,0.6579967,25.43769,51.92661,-0.03391653,-23.35423,-0.06492185,-0.00740387,-1.081328,0.0005088304
64,0.016516,1,100,0,-91.26298,100,0,51.83771,0,0,0.4217327,-0.01277902,-0.9066302,-0.004475741,0.9998592,-0.01617505,0.9067092,0.01087939,0.4216161,27.82381,-49.83668,-188.9394,46.57133,0.660873,25.68072,53.1867,-0.02733441,-24.81126,-0.09087338,-0.007397164,-1.148783,-0.001019407
65,0.016679,1,100,0,-99.60248,100,0,53.06125,0,0,0.4039061,-0.01296261,-0.9147086,-0.004374758,0.9998608,-0.01610108,0.91479,0.01050495,0.4037932,28.60809,-49.82565,-188.5103,47.92389,0.661129,25.82206,54.44184,-0.01746097,-26.41406,-0.1162762,-0.007215307,-1.222986,-0.002513346
66,0.016766,1,100,0,-107.9855,100,0,54.27401,0,0,0.3846516,-0.01312798,-0.9229684,-0.004285054,0.9998627,-0.01600751,0.9230518,0.01011228,0.3845425,29.41935,-49.81458,-188.0771,49.31318,0.6589462,25.85538,55.68415,-0.004672479,-28.14608,-0.1408188,-0.006878186,-1.303173,-0.003959338
67,0.016605,1,100,0,-92.62585,100,0,55.46778,0,0,0.3643119,-0.01327103,-0.9311826,-0.004209872,0.9998649,-0.01589693,0.9312677,0.009711601,0.3642069,30.24595,-49.80366,-187.6482,50.7151,0.6546007,25.77632,56.89349,0.01042076,-29.30782,-0.1640049,-0.006256925,-1.356954,-0.005445462
68,0.016681,1,100,0,-100.9664,100,0,56.62361,0,0,0.3428212,-0.01339043,-0.9393054,-0.004150426,0.9998673,-0.01576858,0.9393919,0.00930432,0.3427201,31.09989,-49.79277,-187.2192,52.14509,0.6483197,25.58189,58.08583,0.02708406,-30.62981,-0.1860257,-0.005566308,-1.418155,-0.006850479
69,0.016682,1,100,0,-85.53551,100,0,57.75814,0,0,0.3203091,-0.01349119,-0.947217,-0.004108352,0.9998694,-0.01563039,0.9473042,0.008898056,0.3202118,31.97783,-49.78198,-186.7941,53.59175,0.6440641,25.27413,59.25599,0.05286754,-31.42692,-0.189415,-0.00415999,-1.455053,-0.007162924
70,0.016682,1,100,0,-93.87651,100,0,58.86649,0,0,0.2969816,-0.01358353,-0.9547867,-0.004085728,0.9998716,-0.01549579,0.9548745,0.008502963,0.296888,32.87997,-49.77126,-186.3748,55.04972,0.6391907,24.84815,60.40125,0.07655174,-32.40866,-0.191758,-0.002930926,-1.500502,-0.007385521
71,0.016688,1,100,0,-102.2205,100,0,59.94812,0,0,0.2726955,-0.01366978,-0.9620033,-0.004079355,0.9998736,-0.01536427,0.9620918,0.00811412,0.2726052,33.8068,-49.76062,-185.9632,56.51343,0.6337452,24.30442,61.52133,0.09814667,-33.55968,-0.1930426,-0.001876587,-1.553788,-0.007525909
72,0.016679,1,100,0,-86.79243,100,0,61.00176,0,0,0.2475143,-0.01374294,-0.9687868,-0.004093734,0.9998758,-0.01522986,0.9688758,0.007735564,0.2474273,34.75755,-49.75011,-185.5614,57.97738,0.6228744,23.63914,62.61449,0.1318788,-34.19827,-0.2127215,8.566076e-05,-1.583343,-0.008925544
73,0.0167,1,100,0,-95.14243,100,0,62.02667,0,0,0.2216018,-0.0137883,-0.9750398,-0.004140249,0.9998778,-0.01508051,0.9751285,0.007378777,0.2215176,35.73392,-49.73977,-185.171,59.4366,0.6123809,22.85512,63.68235,0.1622705,-35.03466,-0.230592,0.001800783,-1.622058,-0.01017834
74,0.016854,1,100,0,-103.5694,91.573,0,63.02566,0,0,0.1946247,-0.0138093,-0.9807807,-0.004214311,0.99988,-0.0149145,0.9808689,0.007036045,0.1945432,36.74385,-49.72951,-184.791,60.88587,0.601674,21.90803,64.71022,0.1895458,-35.97314,-0.2466637,0.003305271,-1.6655,-0.01130471
75,0.016515,1,100,0,-88.29306,83.3155,0,63.98735,0,0,0.1674884,-0.01380678,-0.9857775,-0.004309497,0.9998823,-0.01473654,0.985865,0.006716405,0.1674092,37.75706,-49.71963,-184.4351,62.27482,0.5911838,20.83035,65.66891,0.2129049,-36.31775,-0.2604008,0.00471945,-1.681446,-0.01234873
76,0.016687,1,100,0,-96.63656,74.972,0,64.88573,0,0,0.1396434,-0.013781,-0.990106,-0.00442506,0.9998845,-0.01454121,0.9901921,0.006411863,0.1395663,38.80387,-49.70982,-184.0943,63.63799,0.5806085,19.5955,66.58914,0.2327591,-36.79239,-0.2722344,0.005892298,-1.703415,-0.01324997
77,0.016928,1,100,0,-105.1006,66.508,0,65.75242,0,0,0.1108813,-0.01373447,-0.9937389,-0.004556674,0.9998872,-0.01432788,0.9938236,0.006116838,0.1108062,39.8887,-49.70005,-183.7704,64.97057,0.5699496,18.20009,67.47401,0.2492073,-37.39041,-0.282085,0.006830877,-1.731097,-0.01400949
78,0.016443,1,100,0,-89.89078,58.2865,0,66.58945,0,0,0.08254384,-0.01367125,-0.9964938,-0.004694425,0.9998897,-0.0141067,0.9965768,0.005842386,0.08247056,40.96384,-49.69074,-183.4793,66.209,0.5597006,16.71339,68.28823,0.2617103,-37.42044,-0.2895329,0.007667059,-1.732482,-0.0146665
79,0.016677,1,100,0,-98.22928,49.948,0,67.36399,0,0,0.05367451,-0.01358966,-0.9984661,-0.004840829,0.9998922,-0.0138693,0.998547,0.005577832,0.05360294,42.0747,-49.68146,-183.2096,67.40095,0.5493358,15.08076,69.06966,0.2707688,-37.5953,-0.2949614,0.008259761,-1.740574,-0.01517334
80,0.016695,1,100,0,-106.5768,41.6005,0,68.11446,0,0,0.02456014,-0.01348588,-0.9996074,-0.004954633,0.9998951,-0.0136115,0.9996862,0.005286988,0.02449075,43.20621,-49.67246,-182.9675,68.51362,0.5177766,13.32668,69.7996,0.1788495,-37.90069,-0.3197535,0.002363711,-1.75473,-0.01692861
81,0.016665,1,100,0,-91.16166,33.268,0,68.82124,0,0,-0.004617637,-0.01334324,-0.9999003,-0.004968871,0.999899,-0.01332027,0.9999771,0.004906868,-0.004683472,44.35379,-49.66405,-182.7557,69.54709,0.4786164,11.47007,70.48822,0.102136,-37.65747,-0.3427591,-0.00239953,-1.743483,-0.01868113
82,0.016681,1,100,0,-99.50216,24.9275,0,69.49413,0,0,-0.03367326,-0.01315974,-0.9993463,-0.004943268,0.9999032,-0.01300051,0.9994206,0.004502267,-0.03373506,45.51933,-49.65615,-182.5752,70.51018,0.4622344,9.515244,71.15082,0.1623429,-37.57481,-0.3614177,0.001602354,-1.739638,-0.02015496
83,0.016682,1,100,0,-107.8432,16.5865,0,70.15041,0,0,-0.0626757,-0.01294262,-0.9979501,-0.004970711,0.9999078,-0.01265582,0.9980219,0.004167309,-0.06273425,46.70053,-49.64852,-182.4277,71.3868,0.4492023,7.476145,71.77861,0.2138375,-37.63768,-0.376823,0.005033883,-1.742533,-0.0213618
84,0.016688,1,100,0,-92.40676,8.242502,0,70.77844,0,0,-0.09154671,-0.01269758,-0.9957199,-0.005041471,0.9999117,-0.01228752,0.995788,0.003895011,-0.09160264,47.89628,-49.64108,-182.3147,72.17345,0.4393561,5.361989,72.37369,0.2567863,-37.16558,-0.3889228,0.008057804,-1.720661,-0.02235259
85,0.016806,1,100,0,-100.8098,0,0,71.38,0,0,-0.1202247,-0.01242758,-0.992669,-0.00514771,0.9999161,-0.01189485,0.9927335,0.003679917,-0.1202785,49.11322,-49.63374,-182.2368,72.87234,0.4324103,3.168891,72.94249,0.2912266,-36.86894,-0.3977625,0.0105097,-1.706916,-0.02308095
86,0.016555,1,100,0,-85.49638,0,0,71.96326,0,0,-0.1480515,-0.01214447,-0.9889052,-0.005277547,0.9999202,-0.01148963,0.9889658,0.003517937,-0.1481037,50.32312,-49.62659,-182.1963,73.49315,0.4287951,0.9978275,73.50117,0.3168834,-36.1754,-0.4031939,0.01249008,-1.674797,-0.0235789
87,0.016683,1,100,0,-70.06461,0,0,72.53594,0,0,-0.1753516,-0.01184607,-0.9844347,-0.005426165,0.9999242,-0.01106593,0.9844912,0.003401276,-0.1754026,51.55239,-49.61945,-182.1918,74.05171,0.4278686,-1.19857,74.06264,0.3347846,-35.10192,-0.4054565,0.01405616,-1.62509,-0.02386411
88,0.017041,1,100,0,-54.30168,0,0,73.11495,0,0,-0.2021709,-0.01153182,-0.9792824,-0.005589356,0.999928,-0.01062103,0.9793344,0.003326294,-0.2022208,52.81724,-49.61215,-182.2249,74.55524,0.4292397,-3.444513,74.636,0.3452795,-33.64579,-0.4045736,0.01522425,-1.557667,-0.02394061
89,0.016332,1,100,0,-46.13568,0,0,73.71249,0,0,-0.2266503,-0.0112121,-0.9739118,-0.005716162,0.9999321,-0.01018138,0.9739597,0.003259424,-0.226699,54.03719,-49.6053,-182.2929,74.96807,0.3994529,-5.593708,75.17753,0.2556417,-32.14531,-0.4384584,0.009969309,-1.488211,-0.02624004
90,0.016684,1,100,0,-37.79368,0,0,74.28528,0,0,-0.2503536,-0.01084725,-0.9680938,-0.005792459,0.9999363,-0.009706083,0.9681374,0.003177691,-0.2504005,55.29014,-49.59864,-182.3983,75.34774,0.3985409,-7.771171,75.74847,0.3121661,-30.50425,-0.4532857,0.01411852,-1.412218,-0.02733007
91,0.01686,1,100,0,-29.36368,0,0,74.89413,0,0,-0.2728938,-0.01045701,-0.9619873,-0.005916938,0.9999403,-0.009191067,0.9620259,0.003183834,-0.2729394,56.56244,-49.5919,-182.5415,75.68102,0.4033333,-9.943128,76.33247,0.3558932,-28.74589,-0.4641993,0.01746077,-1.330798,-0.028126
92,0.016503,1,100,0,-21.11218,0,0,75.52225,0,0,-0.2935176,-0.01006032,-0.9559008,-0.006072671,0.9999441,-0.008659185,0.9559345,0.003263248,-0.2935622,57.81302,-49.58519,-182.7171,75.96486,0.4130165,-12.03114,76.9128,0.3862669,-26.9416,-0.4709644,0.01993395,-1.247254,-0.02862389
93,0.016686,1,100,0,-12.76918,0,0,76.15067,0,0,-0.3128833,-0.009650103,-0.9497426,-0.006252479,0.9999478,-0.008100408,0.9497712,0.003403763,-0.3129274,59.08202,-49.57822,-182.9293,76.2156,0.4270549,-14.09653,77.50944,0.40572,-25.03455,-0.4740225,0.02170537,-1.158956,-0.02886812
94,0.016681,1,100,0,-4.428682,0,0,76.80003,0,0,-0.3307069,-0.009235455,-0.9436884,-0.006444955,0.999951,-0.007527496,0.9437116,0.003592634,-0.3307502,60.35464,-49.571,-183.1756,76.43713,0.4446377,-16.10672,78.11696,0.414891,-23.05408,-0.4733787,0.02280375,-1.067261,-0.02886938
95,0.016688,1,100,0,3.915318,0,0,77.46351,0,0,-0.3469695,-0.008820004,-0.937835,-0.006641789,0.9999539,-0.006946956,0.937853,0.00381852,-0.3470122,61.63138,-49.56347,-183.4552,76.63705,0.4650257,-18.05548,78.73661,0.415024,-21.00485,-0.4691927,0.02330464,-0.9723845,-0.02864769
96,0.016675,1,100,0,12.25282,0,0,78.14154,0,0,-0.3616271,-0.008407467,-0.932285,-0.006835815,0.9999565,-0.00636617,0.9322979,0.004070749,-0.3616688,62.91038,-49.5556,-183.7667,76.82264,0.4874353,-19.93331,79.36808,0.4073742,-18.89536,-0.4616587,0.02328438,-0.87472,-0.02822333
97,0.016687,1,100,0,20.59632,0,0,78.83283,0,0,-0.3746819,-0.007999829,-0.927119,-0.007021824,0.9999586,-0.005790571,0.9271269,0.004340445,-0.3747225,64.19334,-49.54733,-184.1093,77.0017,0.5111623,-21.73632,80.01244,0.3932196,-16.72737,-0.4509502,0.02282304,-0.7743493,-0.02761376
98,0.016674,1,100,0,28.93332,0,0,79.53766,0,0,-0.3860976,-0.007592084,-0.9224267,-0.007215521,0.9999604,-0.005210049,0.9224297,0.004644202,-0.386137,65.47832,-49.53861,-184.4814,77.18481,0.5470002,-23.46167,80.6737,0.4440054,-14.50928,-0.4590981,0.02649982,-0.6716486,-0.02822899
99,0.017073,1,100,0,37.46982,0,0,80.25953,0,0,-0.3960904,-0.007161107,-0.9181836,-0.007455988,0.9999618,-0.004582513,0.9181814,0.005030876,-0.3961287,66.79723,-49.52903,-184.8914,77.3805,0.5894241,-25.13704,81.36314,0.4794396,-12.18371,-0.4636171,0.02917909,-0.5639747,-0.02862705
100,0.016298,1,100,0,45.61882,0,14.6682,81.0098,0,0,-0.403954,-0.00673909,-0.9147546,-0.00771247,0.9999625,-0.003961013,0.914747,0.005454951,-0.4039908,68.05973,-49.51918,-185.3093,77.62564,0.6344889,-26.64079,82.07237,0.4988095,-9.73757,-0.4643631,0.03080584,-0.4507215,-0.02882044
101,0.016679,1,100,0,53.95832,0,29.6793,81.77392,0,0,-0.4101802,-0.006297496,-0.911983,-0.00799007,0.9999629,-0.003311349,0.91197,0.005928558,-0.4102153,69.3562,-49.50832,-185.7617,77.93906,0.6838993,-28.08985,82.84928,0.5062842,-6.999153,-0.4617712,0.03166866,-0.3239388,-0.02886125
102,0.016864,1,100,0,62.39032,0,44.8569,82.60502,0,0,-0.4144517,-0.005840703,-0.9100528,-0.008276696,0.9999624,-0.00264841,0.9100341,0.006434592,-0.4144844,70.67274,-49.49649,-186.2431,78.32451,0.736063,-29.46211,83.68564,0.5028533,-4.008118,-0.455835,0.03181676,-0.185462,-0.02876032
103,0.016497,1,100,0,70.63882,0,59.7042,83.4943,0,0,-0.4165166,-0.005382811,-0.9091122,-0.008555054,0.9999614,-0.002001163,0.9090878,0.006943986,-0.4165465,71.96733,-49.48407,-186.736,78.77296,0.7881671,-30.71012,84.55124,0.4904549,-0.8906345,-0.4469286,0.03135351,-0.04113204,-0.02853845
104,0.016676,1,100,0,78.97681,0,74.7126,84.4092,0,0,-0.416362,-0.004907443,-0.9091858,-0.008828076,0.9999604,-0.001354588,0.9091564,0.007462362,-0.4163888,73.2839,-49.47063,-187.2546,79.30313,0.8409618,-31.87486,85.47339,0.4707659,2.453124,-0.4350342,0.03039117,0.113673,-0.02821202
105,0.016679,1,100,0,87.31631,0,89.7237,85.37756,0,0,-0.4138163,-0.004416442,-0.9103497,-0.009160381,0.9999579,-0.0006871431,0.9103144,0.008054798,-0.4138393,74.61008,-49.45596,-187.7922,79.93095,0.9579161,-32.94436,86.45927,0.6696417,5.976305,-0.4226685,0.04339521,0.2768032,-0.02795033
106,0.016684,1,100,0,95.65832,0,100,86.40369,0,0,-0.4087605,-0.003910356,-0.9126334,-0.009719016,0.9999529,6.856862e-05,0.9125901,0.008897927,-0.4087792,75.9476,-49.43906,-188.3471,80.64199,1.121066,-33.89686,87.48363,0.9348475,9.601983,-0.3905206,0.06059417,0.4446794,-0.02655343
107,0.016683,1,100,0,103.9998,0,100,87.45939,0,0,-0.4011415,-0.003364617,-0.91601,-0.01045612,0.999945,0.0009060535,0.9159566,0.00994137,-0.4011546,77.29709,-49.41961,-188.9172,81.38792,1.256616,-34.7122,88.49017,0.9372215,13.17443,-0.4418776,0.06086706,0.6100878,-0.03065603
108,0.017115,1,100,0,88.16844,0,100,88.48524,0,0,-0.3908522,-0.002698203,-0.9204496,-0.01118945,0.9999357,0.00182019,0.9203855,0.01101075,-0.3908572,78.69476,-49.39732,-189.5151,82.2159,1.395335,-35.37873,89.51567,0.9170615,16.09376,-0.4901109,0.05955872,0.7452587,-0.03457072
109,0.01645,1,100,0,96.39344,0,100,89.51372,0,0,-0.3788871,-0.001958567,-0.925441,-0.01185528,0.9999262,0.002737494,0.9253673,0.01200856,-0.3788823,80.05192,-49.37365,-190.0996,83.07531,1.525618,-35.8395,90.48925,0.8804039,18.90152,-0.5317997,0.05709494,0.8752651,-0.03812902
110,0.016667,1,100,0,104.7269,0,100,90.47245,0,0,-0.3646717,-0.001110469,-0.9311355,-0.01247841,0.9999154,0.003694572,0.9310527,0.01296639,-0.3646547,81.4417,-49.34752,-190.6986,84.00659,1.652319,-36.12302,91.45879,0.8304306,21.75946,-0.5692391,0.05366269,1.007596,-0.04151071
111,0.01668,1,100,0,89.29794,0,100,91.40842,0,0,-0.348451,-0.0001659994,-0.9373271,-0.01304131,0.9999043,0.004671022,0.9372367,0.0138516,-0.3484198,82.84844,-49.3193,-191.3016,84.99702,1.771608,-36.21286,92.40672,0.7710688,23.96236,-0.6015971,0.04949819,1.109601,-0.04447073
112,0.016698,1,100,0,97.64694,0,100,92.30414,0,0,-0.3304859,0.000866483,-0.9438106,-0.01353876,0.9998925,0.005658717,0.943714,0.01464815,-0.3304386,84.27354,-49.2891,-191.9057,86.04189,1.88163,-36.10275,93.32822,0.7061257,26.23077,-0.6286902,0.04485982,1.214641,-0.04713845
113,0.016895,1,100,0,106.0944,0,100,93.15625,0,0,-0.3104793,0.001993855,-0.9505782,-0.01399044,0.9998801,0.006666846,0.9504775,0.01536893,-0.3104141,85.73347,-49.25666,-192.5139,87.14951,1.998601,-35.7863,94.23211,0.6883395,28.58636,-0.6442047,0.04310978,1.323717,-0.0491137
114,0.016472,1,100,0,90.85784,0,100,93.97293,0,0,-0.289283,0.003162319,-0.9572385,-0.01441247,0.9998669,0.007658678,0.9571353,0.0160117,-0.2891989,87.17514,-49.22316,-193.1006,88.26694,2.104183,-35.27338,95.07729,0.6618372,30.27885,-0.6542776,0.04072115,1.402092,-0.05056871
115,0.01668,1,100,0,99.19785,0,100,94.71812,0,0,-0.2663837,0.004403879,-0.9638571,-0.01481575,0.9998527,0.008663012,0.9637532,0.01658795,-0.2662793,88.65389,-49.18752,-193.685,89.42595,2.201052,-34.55027,95.89352,0.6290998,32.09585,-0.6594396,0.03781105,1.486233,-0.05174647
116,0.016863,1,100,0,107.6293,0,100,95.42108,0,0,-0.2416746,0.0057145,-0.9703405,-0.01519455,0.9998378,0.009672593,0.9702384,0.01708151,-0.2415485,90.16859,-49.14992,-194.2624,90.61472,2.287281,-33.61272,96.67509,0.592499,34.02851,-0.6594823,0.03451953,1.575731,-0.0526185
117,0.016856,1,100,0,92.03755,0,100,96.07605,0,0,-0.2154977,0.007083599,-0.9764786,-0.0156554,0.9998201,0.01070789,0.9763789,0.01759469,-0.2153481,91.70287,-49.11024,-194.8227,91.83122,2.487489,-32.47828,97.43716,0.8837268,35.36511,-0.6874145,0.05219063,1.637604,-0.0551388
118,0.016535,1,100,0,100.3051,0,100,96.69997,0,0,-0.1886391,0.008504677,-0.9820096,-0.01638739,0.9997959,0.01180665,0.9819096,0.01831977,-0.1884613,93.22788,-49.06795,-195.3525,93.01853,2.697612,-31.16344,98.13707,1.103941,36.80421,-0.711198,0.06519421,1.704231,-0.0575894
119,0.016473,1,100,0,85.06753,0,100,97.25832,0,0,-0.1607939,0.01000026,-0.9869375,-0.01733043,0.9997661,0.01295375,0.9868361,0.01918694,-0.1605829,94.76662,-49.02232,-195.8577,94.18282,2.913691,-29.66139,98.78608,1.265222,37.70557,-0.731253,0.07439223,1.745968,-0.05975115
120,0.016696,1,100,0,93.41553,0,100,97.76202,0,0,-0.1317066,0.01159219,-0.9912209,-0.0184996,0.9997286,0.01414978,0.9911159,0.02020081,-0.1314564,96.34561,-48.97217,-196.3434,95.34092,3.182957,-27.95029,99.40443,1.522628,38.78515,-0.7423512,0.089601,1.795937,-0.06153186
121,0.016683,1,100,0,101.757,0,91.6585,98.23245,0,0,-0.1016985,0.01326377,-0.994727,-0.01992422,0.9996836,0.01536687,0.994616,0.02138194,-0.101402,97.94233,-48.91755,-196.799,96.43382,3.456728,-26.00055,99.93728,1.70479,39.87771,-0.7505265,0.09986533,1.846524,-0.06328782
122,0.016669,1,100,0,86.3382,0,83.32401,98.62505,0,0,-0.07095269,0.01503518,-0.9973664,-0.02138836,0.9996337,0.01659093,0.9972505,0.02250921,-0.07060512,99.55535,-48.85903,-197.2204,97.4201,3.618408,-23.83739,100.3593,1.428725,40.31507,-0.8175154,0.08079474,1.86691,-0.06855518
123,0.016704,1,100,0,94.6902,0,74.97201,98.91673,0,0,-0.03972194,0.01692967,-0.9990674,-0.02257952,0.999586,0.0178362,0.9989558,0.02326695,-0.03932323,101.1877,-48.79791,-197.6054,98.31642,3.739764,-21.45495,100.6997,1.178964,40.81669,-0.8759537,0.06327551,1.890271,-0.07305011
124,0.016954,1,100,0,103.1672,0,66.49501,99.14445,0,0,-0.007574504,0.01895118,-0.9997917,-0.02353816,0.99954,0.01912474,0.9996943,0.02367811,-0.007124944,102.8592,-48.73404,-197.9544,99.1189,3.82103,-18.83787,100.9655,0.9541548,41.38485,-0.9257866,0.04720635,1.916711,-0.07677999
125,0.01641,1,100,0,87.98795,0,58.29001,99.3133,0,0,0.02382364,0.02097701,-0.9994962,-0.02434367,0.9994956,0.02039675,0.9994199,0.02384548,0.02432228,104.4896,-48.67046,-198.2487,99.80134,3.979692,-16.13057,101.1748,1.016318,41.3376,-0.9684889,0.04971746,1.914552,-0.07962076
126,0.016678,1,100,0,96.32694,0,49.95101,99.446,0,0,0.05569716,0.02308596,-0.9981809,-0.02523745,0.9994459,0.021707,0.998129,0.02398252,0.05624893,106.1574,-48.60331,-198.5017,100.3708,4.118565,-13.22545,101.3222,1.053739,41.39047,-1.00454,0.0505431,1.917039,-0.08205483
127,0.016933,1,100,0,104.7934,0,41.48451,99.5379,0,0,0.0880636,0.0252709,-0.9957942,-0.02619634,0.9993911,0.0230455,0.9957703,0.02405669,0.08867198,107.8596,-48.53291,-198.7083,100.8138,4.233308,-10.14194,101.411,1.070875,41.53915,-1.033329,0.0499655,1.923971,-0.08401816
128,0.016426,1,100,0,89.59939,0,33.27151,99.58988,0,0,0.1193402,0.02743203,-0.9924744,-0.02704943,0.9993371,0.02436915,0.992485,0.02393765,0.1200031,109.5172,-48.46354,-198.858,101.0876,4.202236,-7.059224,101.4208,0.7588887,41.119,-1.096051,0.02857793,1.904724,-0.08776788
129,0.016679,1,100,0,97.93889,0,24.93201,99.58134,0,0,0.1506886,0.02966433,-0.9881361,-0.02762828,0.9992856,0.02578579,0.9881951,0.02341488,0.1514006,111.2041,-48.3939,-198.9579,101.227,4.120199,-3.840936,101.3836,0.4941949,40.82344,-1.147232,0.01013813,1.89123,-0.09053925
130,0.01675,1,100,0,106.3139,0,16.55701,99.54702,0,0,0.1818247,0.03191814,-0.9828128,-0.02797239,0.9992364,0.0272765,0.982933,0.02253208,0.1825787,112.8998,-48.3256,-199.0038,101.2266,3.990395,-0.5446954,101.3066,0.2756673,40.6484,-1.185727,-0.005402739,1.883295,-0.09229247
131,0.016623,1,100,0,90.93761,0,8.245507,99.48939,0,0,0.2122753,0.03415367,-0.976613,-0.02827877,0.9991854,0.02879642,0.9768009,0.02150465,0.2130682,114.582,-48.259,-198.9945,101.121,4.037106,2.775154,101.2396,0.5249529,39.92313,-1.254439,0.009398708,1.849612,-0.09567966
132,0.016671,1,100,0,75.51694,0,0,99.45323,0,0,0.2419336,0.03640604,-0.9696096,-0.02887176,0.9991235,0.03031023,0.9698632,0.02066127,0.2427727,116.2666,-48.19147,-198.9297,100.8781,4.075658,6.129595,101.1463,0.7291545,38.68918,-1.313794,0.02168427,1.792384,-0.09843438
133,0.016683,1,100,0,60.08516,0,0,99.41029,0,0,0.2703851,0.0386592,-0.9619759,-0.02970691,0.9990528,0.03179943,0.962294,0.01997924,0.2712774,117.9478,-48.12331,-198.8091,100.5477,4.105652,9.430761,101.0724,0.8920228,37.12665,-1.363368,0.03164463,1.71995,-0.1005896
134,0.016689,1,100,0,44.64784,0,0,99.3968,0,0,0.2973827,0.04091065,-0.9538816,-0.03060502,0.9989767,0.03330328,0.9542679,0.01928975,0.2983305,119.6235,-48.05558,-198.6338,100.1118,3.962025,12.64521,100.985,0.6063727,35.26361,-1.427668,0.01321057,1.633908,-0.1036125
135,0.016678,1,100,0,36.30884,0,0,99.38239,0,0,0.3227476,0.04315227,-0.945501,-0.03128209,0.9989009,0.03491125,0.9459683,0.01830972,0.3237427,121.2905,-47.99052,-198.4055,99.61076,3.776511,15.77755,100.9232,0.3700063,33.32556,-1.477482,-0.00185112,1.544351,-0.1055567
136,0.016678,1,100,0,27.96984,0,0,99.40563,0,0,0.3464628,0.04536327,-0.9369662,-0.03178765,0.9988241,0.03660398,0.9375249,0.01710203,0.3474974,122.9489,-47.92876,-198.1255,99.05691,3.554401,18.81712,100.891,0.1759702,31.31768,-1.512892,-0.01397197,1.451521,-0.1064977
137,0.016692,1,100,0,19.62384,0,0,99.46801,0,0,0.3685187,0.04755223,-0.9284034,-0.03229114,0.998743,0.0383374,0.9290594,0.01585115,0.3695909,124.5993,-47.86977,-197.795,98.49308,3.49215,21.7629,100.9292,0.3791089,29.24353,-1.602174,-0.000421081,1.355307,-0.1109426
138,0.016936,1,100,0,11.15584,0,0,99.60464,0,0,0.3891601,0.04979311,-0.9198235,-0.03307275,0.9986496,0.04006777,0.9205764,0.01482831,0.3902813,126.264,-47.81097,-197.4102,97.8901,3.429847,24.6409,101.002,0.5512533,27.07628,-1.67936,0.01136113,1.254787,-0.1147892
139,0.016424,1,100,0,2.943836,0,0,99.78305,0,0,0.4074861,0.05198215,-0.9117308,-0.03405586,0.9985492,0.04171126,0.9125763,0.01405302,0.4086652,127.8686,-47.75496,-196.9909,97.28915,3.369222,27.31465,101.107,0.6872437,24.92851,-1.740711,0.02100376,1.155185,-0.117814
140,0.016693,1,100,0,-5.402663,0,0,99.99366,0,0,0.4244182,0.05421698,-0.9038416,-0.03511275,0.9984404,0.04340355,0.9047852,0.0133151,0.42566,129.4891,-47.70016,-196.5206,96.64491,3.108218,29.88542,101.2079,0.3853272,22.69393,-1.79197,0.002828908,1.051957,-0.1202398
141,0.016838,1,100,0,-13.82166,0,0,100.2053,0,0,0.439769,0.05646605,-0.8963341,-0.03596377,0.9983283,0.04524641,0.8973905,0.01233758,0.4410646,131.1128,-47.64947,-196.0036,96.00268,2.814193,32.34697,101.3448,0.1298207,20.39262,-1.82736,-0.0121322,0.9455865,-0.1216063
142,0.016523,1,100,0,-22.08316,0,0,100.4537,0,0,0.4531421,0.05865068,-0.8895069,-0.03662879,0.9982157,0.0471587,0.8906857,0.01121197,0.4544819,132.6958,-47.60468,-195.4566,95.39227,2.501289,34.62771,101.5136,-0.07976691,18.0979,-1.846342,-0.02395347,0.8394663,-0.121956
143,0.01667,1,100,0,-30.41816,0,0,100.7302,0,0,0.4649512,0.06081945,-0.8832449,-0.03716835,0.9980991,0.04916232,0.8845559,0.009970676,0.466328,134.2828,-47.56479,-194.8673,94.80743,2.175765,36.79231,101.7195,-0.2425533,15.74339,-1.854664,-0.03252939,0.7305164,-0.1216719
144,0.016688,1,100,0,-38.76216,0,0,101.0415,0,0,0.4750831,0.0629466,-0.8776866,-0.03761188,0.997979,0.05121489,0.8791366,0.008680109,0.4764905,135.8619,-47.53035,-194.2421,94.26173,1.838039,38.81799,101.9583,-0.3775297,13.35174,-1.848261,-0.03909096,0.6198038,-0.1205312
145,0.016679,1,100,0,-47.10166,0,0,101.3813,0,0,0.4835255,0.06501906,-0.8729122,-0.03797764,0.9978567,0.05328891,0.8745061,0.007384596,0.4849584,137.4314,-47.5016,-193.5842,93.76537,1.494141,40.69835,102.2279,-0.4884236,10.93009,-1.827825,-0.04388396,0.5076602,-0.1185962
146,0.016691,1,100,0,-55.44716,15.0219,0,101.7464,0,0,0.490236,0.06703082,-0.8690084,-0.03828245,0.9977322,0.05536352,0.8707487,0.006126577,0.4916903,138.9943,-47.47857,-192.8952,93.38277,1.151063,42.43696,102.5795,-0.5787182,8.222651,-1.794119,-0.04682996,0.3822261,-0.1158971
147,0.016674,1,100,0,-63.78416,30.0285,0,102.1858,0,0,0.4950393,0.06897039,-0.866129,-0.03854125,0.9976065,0.05741163,0.8680156,0.00496068,0.4965126,140.5499,-47.46124,-192.1787,93.11562,0.8137684,44.03973,103.0082,-0.6515539,5.256388,-1.748048,-0.0481404,0.2447511,-0.1125128
148,0.016686,1,100,0,-72.12717,45.0459,0,102.6961,0,0,0.4977874,0.0708937,-0.8643969,-0.03887245,0.9974759,0.0594224,0.8664277,0.004021503,0.4992867,142.103,-47.44883,-191.4357,92.99802,0.6026078,45.50332,103.5352,-0.4627617,2.044406,-1.855459,-0.03218763,0.0955472,-0.1190828
149,0.016793,1,100,0,-80.52367,60.1596,0,103.2977,0,0,0.4983175,0.07292461,-0.8639222,-0.03950188,0.9973311,0.06140079,0.8660942,0.003529461,0.4998682,143.6647,-47.43963,-190.664,93.00095,0.4380345,46.85297,104.1373,-0.2592662,-1.418875,-1.953419,-0.01474861,-0.06536514,-0.1251286
150,0.016571,1,100,0,-88.80917,75.0735,0,103.9694,0,0,0.4964928,0.07500786,-0.8647941,-0.04027419,0.9971774,0.06336802,0.8671062,0.003367115,0.4981123,145.2063,-47.43389,-189.8811,93.0946,0.163461,48.03082,104.7549,-0.5243073,-5.039646,-2.01985,-0.02683584,-0.2330039,-0.1291735
151,0.016681,1,100,0,-97.14967,90.0864,0,104.6482,0,0,0.4921702,0.07715768,-0.8670728,-0.04091335,0.9970136,0.0654973,0.8695369,0.003239036,0.4938571,146.7605,-47.43271,-189.074,93.31805,-0.1161204,49.08317,105.4392,-0.7534414,-8.883124,-2.071269,-0.03604046,-0.4110479,-0.1322588
152,0.016885,1,100,0,-105.5922,100,0,105.3832,0,0,0.4851224,0.07937104,-0.8708366,-0.04144474,0.9968398,0.06776753,0.8734634,0.003216054,0.4868788,148.3381,-47.43625,-188.2401,93.66559,-0.3967009,49.99422,106.1735,-0.9525034,-12.8722,-2.108055,-0.04280673,-0.5959193,-0.1343915
153,0.016474,1,100,0,-90.35371,100,0,106.1533,0,0,0.4757275,0.0815506,-0.8758042,-0.0418639,0.9966639,0.07006443,0.8785962,0.003333006,0.4775545,149.8836,-47.44424,-187.4126,94.1041,-0.6613883,50.69299,106.8915,-1.119005,-16.02246,-2.129344,-0.04839965,-0.7419359,-0.1355419
154,0.016679,1,100,0,-98.69321,100,0,106.886,0,0,0.4640012,0.08376086,-0.8818656,-0.04219235,0.9964793,0.07244717,0.884829,0.003592405,0.4659017,151.4562,-47.45668,-186.5643,94.65111,-0.9141875,51.19699,107.6141,-1.263149,-19.19092,-2.137038,-0.05228027,-0.8888566,-0.1357577
155,0.016773,1,100,0,-107.0797,100,0,107.5995,0,0,0.4499338,0.08593857,-0.8889174,-0.04233831,0.9962927,0.07488945,0.8920578,0.003939968,0.4519042,153.0472,-47.47399,-185.704,95.27332,-1.267616,51.47778,108.2985,-1.652056,-22.355,-2.047956,-0.07159023,-1.035238,-0.1297043
156,0.016598,1,100,0,-91.72656,100,0,108.2473,0,0,0.4338836,0.08800645,-0.8966604,-0.04222162,0.9961106,0.07733685,0.8999791,0.004303269,0.4359119,154.6327,-47.49609,-184.8492,96.02319,-1.45927,51.53746,108.9894,-1.712572,-24.80229,-2.033317,-0.07081536,-1.148854,-0.1284335
157,0.01669,1,100,0,-100.0716,100,0,108.8784,0,0,0.4158725,0.09004231,-0.9049544,-0.04206406,0.9959259,0.07976332,0.9084496,0.004894685,0.4179658,156.24,-47.52133,-183.99,96.87114,-1.618917,51.36628,109.6592,-1.757547,-27.2992,-2.006767,-0.06880374,-1.264825,-0.1262523
158,0.016685,1,100,0,-84.63794,100,0,109.464,0,0,0.396081,0.09201302,-0.9135937,-0.04186942,0.9957414,0.08213442,0.9172605,0.005719755,0.3982468,157.8615,-47.54903,-183.1351,97.8033,-1.741545,50.96034,110.2972,-1.789334,-29.16007,-1.968916,-0.06684121,-1.351298,-0.1232346
159,0.017282,1,100,0,-93.27894,100,0,109.9959,0,0,0.3739645,0.0939656,-0.9226707,-0.04162616,0.9955523,0.08451658,0.9265085,0.006801039,0.3762126,159.5578,-47.57962,-182.2582,98.84389,-1.827005,50.29525,110.9192,-1.809916,-31.18263,-1.918684,-0.0637734,-1.445322,-0.1192076
160,0.016139,1,100,0,-101.3484,100,0,110.489,0,0,0.351721,0.09569091,-0.9312013,-0.04126792,0.9953797,0.08669876,0.9351951,0.00793496,0.3540449,161.1584,-47.61021,-181.4512,99.84541,-2.031109,49.41113,111.4212,-2.145359,-33.13066,-1.881081,-0.08095951,-1.535363,-0.1158885
161,0.016637,1,100,0,-85.95921,100,0,110.8526,0,0,0.3272995,0.09737546,-0.93989,-0.04056001,0.9952072,0.0889822,0.94405,0.008998118,0.3296804,162.8256,-47.64516,-180.6354,100.9225,-2.238894,48.27375,111.8961,-2.451714,-34.54912,-1.837964,-0.09710377,-1.600856,-0.1122649
162,0.016662,1,100,0,-94.29021,100,0,111.1707,0,0,0.3015548,0.0989651,-0.9482989,-0.03952973,0.9950412,0.09127288,0.9526293,0.009962222,0.3039715,164.5133,-47.68359,-179.8386,102.0337,-2.4406,46.90563,112.3253,-2.72158,-36.08655,-1.790367,-0.1106808,-1.671943,-0.1083431
163,0.016973,1,100,0,-102.7767,91.5135,0,111.434,0,0,0.2739509,0.1004792,-0.9564804,-0.03818592,0.9948796,0.09357598,0.9609854,0.01088887,0.2763851,166.2759,-47.72551,-179.0524,107.4602,-2.526931,45.13844,116.5829,-2.96067,-37.60474,-1.738394,-0.1222875,-1.742195,-0.1041166
164,0.01643,1,100,0,-87.57896,83.29851,0,115.7158,0,0,0.2460628,0.1018865,-0.963884,-0.03675318,0.9947254,0.09576417,0.968557,0.01186181,0.2485096,168.0699,-47.76679,-178.3208,112.6302,-2.481679,43.30889,120.6954,-2.819367,-38.43797,-1.81882,-0.1108042,-1.781267,-0.1084465
165,0.016657,1,100,0,-95.90746,74.97001,0,119.822,0,0,0.2169273,0.1033374,-0.9707029,-0.03544337,0.9945595,0.09795638,0.9755443,0.01315557,0.2194097,169.9744,-47.80758,-177.6104,117.7393,-2.3828,41.30919,124.7985,-2.661009,-39.33579,-1.887962,-0.09804283,-1.823393,-0.1117848
166,0.016862,1,100,0,-104.3385,66.53901,0,123.8922,0,0,0.1865247,0.1048003,-0.9768447,-0.03427564,0.9943831,0.1001371,0.9818522,0.01480392,0.1890692,171.988,-47.84686,-176.9262,122.7703,-2.220601,39.10477,128.8669,-2.489442,-40.28135,-1.944809,-0.08429568,-1.867783,-0.1140282
167,0.016508,1,100,0,-89.06857,58.28501,0,127.903,0,0,0.1560276,0.1061991,-0.9820271,-0.0332936,0.9942039,0.1022262,0.9871916,0.01674511,0.158659,174.0412,-47.88225,-176.2936,127.5593,-1.98944,36.74279,132.7605,-2.303043,-40.5733,-1.987913,-0.07082934,-1.881825,-0.1153159
168,0.016569,1,100,0,-97.35307,50.00051,0,131.7217,0,0,0.1250214,0.1075476,-0.9863079,-0.03246657,0.9940187,0.1042731,0.9916229,0.01898567,0.1277653,176.1805,-47.91353,-175.6991,132.2108,-1.684375,34.14781,136.5599,-2.115163,-40.92662,-2.017918,-0.05717556,-1.898738,-0.1155067
169,0.016792,1,100,0,-105.7491,41.60451,0,135.4342,0,0,0.09317823,0.1088275,-0.9896841,-0.03178966,0.993827,0.1062901,0.9951421,0.0215578,0.09606264,178.4245,-47.9397,-175.1416,136.4707,-1.305642,31.2824,140.0162,-1.929327,-41.3298,-2.03495,-0.04359198,-1.917982,-0.1145768
170,0.016644,1,100,0,-90.35337,33.28251,0,138.7846,0,0,0.06137075,0.1100165,-0.9920333,-0.0311449,0.9936339,0.1082673,0.9976291,0.02425233,0.06440651,180.7168,-47.96066,-174.6383,140.206,-1.16475,28.14206,143.0072,-2.10646,-41.09352,-2.123415,-0.05449051,-1.906753,-0.1183572
171,0.016673,1,100,0,-98.68987,24.94601,0,141.6579,0,0,0.02961298,0.1111887,-0.9933582,-0.03026797,0.9934381,0.1102953,0.9991035,0.02680077,0.03278412,183.0727,-47.97925,-174.188,143.4818,-1.013801,24.7426,145.6031,-2.254702,-40.9268,-2.202271,-0.06342641,-1.898814,-0.1216166
172,0.01676,1,100,0,-107.0699,16.56601,0,144.1371,0,0,-0.002227285,0.112339,-0.9936675,-0.02932988,0.9932352,0.1123558,0.9995676,0.0293944,0.001082671,185.4935,-47.99378,-173.7935,146.3264,-0.5724118,21.11399,147.843,-1.963308,-40.81539,-2.265882,-0.04419029,-1.894322,-0.1238762
173,0.016646,1,100,0,-91.67232,8.243013,0,146.2692,0,0,-0.03361438,0.113432,-0.992977,-0.02864002,0.9930212,0.1144065,0.9990246,0.03228458,-0.0301311,187.9422,-48.00042,-173.4632,148.6261,-0.04848547,17.29515,149.6291,-1.688557,-40.08458,-2.312739,-0.02730912,-1.860988,-0.1252132
174,0.016749,1,100,0,-76.17949,0,0,147.9585,0,0,-0.06445056,0.1145174,-0.9913284,-0.02802012,0.9927945,0.1165085,0.9975275,0.03528617,-0.06077737,190.4419,-47.99966,-173.1963,150.4584,0.2337975,13.20612,151.037,-1.789057,-38.77036,-2.455168,-0.03560509,-1.799684,-0.1330116
175,0.016639,1,100,0,-60.78841,0,0,149.292,0,0,-0.09393072,0.1156741,-0.988836,-0.02719719,0.9925586,0.1186931,0.9952074,0.03804249,-0.09008574,192.9532,-47.9942,-172.9994,151.8414,0.5198312,9.071992,152.1131,-1.868541,-37.14263,-2.581939,-0.0432004,-1.723817,-0.1403198
176,0.016766,1,100,0,-52.40541,0,0,150.3162,0,0,-0.122269,0.1169179,-0.9855864,-0.02633014,0.9923056,0.1209814,0.9921478,0.04074291,-0.1182498,195.5046,-47.98217,-172.8705,152.8351,1.113643,4.907093,152.9179,-1.480686,-35.40253,-2.662088,-0.02119579,-1.643694,-0.144953
177,0.016755,1,100,0,-44.02792,0,0,151.1001,0,0,-0.1491403,0.1182064,-0.9817253,-0.02574328,0.9920285,0.1233578,0.9884812,0.04367046,-0.1449084,198.0687,-47.95977,-172.8115,153.4076,1.787174,0.7573715,153.4199,-1.125328,-33.57279,-2.722165,-0.001507282,-1.55934,-0.1484006
178,0.016553,1,100,0,-35.75142,0,0,151.6088,0,0,-0.1741878,0.1195577,-0.9774275,-0.02526519,0.9917327,0.12581,0.9843884,0.04660947,-0.1697271,200.6102,-47.92796,-172.8216,153.7744,2.192276,-3.358198,153.8267,-1.177384,-31.68537,-2.892447,-0.007992559,-1.471339,-0.1591024
179,0.016767,1,100,0,-27.36792,0,0,152.0459,0,0,-0.1979766,0.1210992,-0.9726974,-0.02458235,0.9914135,0.1284326,0.9798985,0.04933785,-0.1932998,203.1902,-47.88889,-172.9008,154.0403,2.608413,-7.456926,154.2428,-1.217849,-29.69559,-3.044521,-0.01394399,-1.378582,-0.1690332
180,0.016805,1,100,0,-18.96542,0,0,152.514,0,0,-0.2201725,0.1228001,-0.9677004,-0.02388111,0.9910682,0.131199,0.9751684,0.05199617,-0.2152734,205.7801,-47.84083,-173.0484,154.2458,3.36486,-11.42297,154.7048,-0.7620955,-27.63228,-3.121424,0.01158751,-1.283507,-0.1744969
181,0.01658,1,100,0,-10.67542,0,0,153.0497,0,0,-0.2404233,0.1245807,-0.9626403,-0.02349986,0.9906919,0.1340802,0.9703837,0.0548579,-0.2352578,208.3382,-47.78051,-173.2587,154.369,4.187366,-15.20815,155.1729,-0.3725466,-25.53685,-3.174186,0.03272861,-1.186797,-0.1785433
182,0.016648,1,100,0,-2.351416,0,0,153.6047,0,0,-0.2590778,0.1265079,-0.9575356,-0.02322276,0.9902826,0.1371177,0.9655773,0.05776076,-0.2536224,210.9084,-47.70773,-173.5325,154.3981,4.743748,-18.92904,155.6265,-0.4147917,-23.37393,-3.348762,0.02610483,-1.08584,-0.190603
183,0.016668,1,100,0,5.982584,0,0,154.1582,0,0,-0.2760318,0.128676,-0.9524962,-0.02273113,0.9898468,0.1403093,0.9608797,0.06038113,-0.2703042,213.4819,-47.62562,-173.8678,154.3801,5.293035,-22.49756,156.1005,-0.4532481,-21.15585,-3.49815,0.01954333,-0.9822975,-0.201434
184,0.016763,1,100,0,14.36408,0,15.0867,154.7415,0,0,-0.2912327,0.1310758,-0.94763,-0.02220104,0.9893762,0.1436731,0.9563947,0.06288067,-0.2852287,216.0703,-47.5318,-174.2635,154.4546,6.207572,-25.8189,156.7207,0.01403869,-18.48544,-3.55291,0.04410288,-0.8588613,-0.2070237
185,0.016641,1,100,0,22.68459,0,30.0636,155.4742,0,0,-0.3042015,0.1336401,-0.9431872,-0.02195419,0.9888644,0.1471929,0.952355,0.0654832,-0.2978801,218.6322,-47.42342,-174.7101,152.9338,7.124875,-28.87032,155.798,0.3901655,-15.43518,-3.581651,0.06176551,-0.7174674,-0.2115824
186,0.016753,1,100,0,31.06108,0,45.1413,154.7137,0,0,-0.3148541,0.1364735,-0.9392774,-0.02174763,0.9883117,0.150888,0.948891,0.06793475,-0.308206,221.1864,-47.30053,-175.2097,151.5184,7.759877,-31.72988,154.9994,0.3191329,-11.99761,-3.736123,0.04978244,-0.5567096,-0.2248968
187,0.016634,1,100,0,39.37809,0,60.1119,154.0809,0,0,-0.3227997,0.1396364,-0.9361101,-0.02142325,0.9877257,0.1547232,0.946225,0.06999911,-0.3158461,223.7,-47.16649,-175.7515,150.3007,8.656693,-34.25169,154.3969,0.7561321,-8.262012,-3.784478,0.06915675,-0.3832878,-0.2322245
188,0.016953,1,100,0,47.85459,0,75.3696,153.6425,0,0,-0.328003,0.1431739,-0.933764,-0.02129969,0.9870762,0.1588302,0.9444366,0.07198568,-0.3207144,226.242,-47.0145,-176.3451,149.2258,9.584234,-36.54277,153.9337,1.09986,-4.138671,-3.806171,0.08121568,-0.1914497,-0.2385997
189,0.016387,1,100,0,56.04809,0,90.1179,153.3441,0,0,-0.3300307,0.1469089,-0.9324685,-0.02128429,0.9864064,0.1629399,0.9437303,0.07362211,-0.3224176,228.6826,-46.85262,-176.9545,148.3553,10.47,-38.48251,153.6223,1.343471,0.09994338,-3.800436,0.08607772,0.006122976,-0.2436391
190,0.016682,1,100,0,64.38909,0,100,153.1856,0,0,-0.3289335,0.1510312,-0.9321975,-0.02129134,0.9856912,0.1672109,0.944113,0.07484899,-0.3210112,231.1534,-46.67314,-177.606,147.6192,11.3386,-40.18194,153.4099,1.520635,4.543292,-3.768812,0.08557408,0.2135565,-0.247489
191,0.016982,1,100,0,72.88009,0,100,153.1167,0,0,-0.3244958,0.1555986,-0.9330015,-0.02112725,0.9849388,0.1716083,0.9456514,0.07539792,-0.3163211,233.6565,-46.47769,-178.2968,146.9558,11.85168,-41.67718,153.2105,1.287231,8.929255,-3.858959,0.05839893,0.419735,-0.2590543
192,0.016363,1,100,0,81.06159,0,100,153.0459,0,0,-0.3170968,0.1603919,-0.934732,-0.02070066,0.9841902,0.1759009,0.9481671,0.0751272,-0.3087634,236.0585,-46.2794,-178.9845,146.4697,12.65211,-42.71955,153.0961,1.574048,13.0163,-3.842489,0.06441748,0.610512,-0.2634008
193,0.016695,1,100,0,89.40909,0,100,153.0185,0,0,-0.3065028,0.1655744,-0.9373587,-0.02036162,0.9833894,0.1803632,0.9516522,0.07436799,-0.2980403,238.5017,-46.06404,-179.7017,146.1004,13.39512,-43.43879,153.0088,1.800094,17.07648,-3.799655,0.06583562,0.8003245,-0.2658231
194,0.016721,1,100,0,97.76958,0,100,152.9795,0,0,-0.2928443,0.1710105,-0.9407431,-0.02007642,0.9825596,0.1848616,0.9559495,0.07302243,-0.2843037,240.9433,-45.83644,-180.43,145.8599,14.04341,-43.79312,152.9384,1.976676,21.03534,-3.730923,0.06357424,0.985662,-0.2661179
195,0.016597,1,100,0,106.0681,0,100,152.9107,0,0,-0.2763026,0.1765915,-0.9447076,-0.01981955,0.9817181,0.1893065,0.9608664,0.07102956,-0.2677513,243.3635,-45.60042,-181.1568,145.7445,14.57498,-43.76966,152.8714,2.11998,24.86414,-3.638124,0.05877838,1.165131,-0.2642272
196,0.016708,1,100,0,90.61318,0,100,152.7957,0,0,-0.2568542,0.1823373,-0.9490939,-0.01961488,0.9808555,0.1937476,0.9662515,0.06838126,-0.2483604,245.7986,-45.35397,-181.8858,145.7441,15.10138,-43.35508,152.804,2.34867,27.96033,-3.588686,0.06092208,1.310147,-0.2636536
197,0.016636,1,100,0,98.93118,0,100,152.6258,0,0,-0.2350501,0.1881357,-0.9536018,-0.01953014,0.9799765,0.1981531,0.971787,0.06519988,-0.2266693,248.2238,-45.10054,-182.6026,145.8424,15.49624,-42.55119,152.7113,2.532064,31.01305,-3.515692,0.05967347,1.45337,-0.2609282
198,0.016702,1,100,0,107.2822,0,100,152.3831,0,0,-0.2107035,0.1939691,-0.9581127,-0.01953349,0.9790853,0.2025107,0.9773549,0.06138498,-0.2025078,250.6607,-44.84026,-183.3067,146.0194,15.75441,-41.35916,152.5793,2.688565,34.05108,-3.420044,0.05612367,1.596103,-0.2560055
199,0.016571,1,100,0,91.954,0,100,152.0555,0,0,-0.1842823,0.1996961,-0.962373,-0.01978977,0.97819,0.2067677,0.9826743,0.05714876,-0.1763112,253.0818,-44.57669,-183.9832,146.2737,16.20523,-39.73973,152.4397,3.332834,36.37803,-3.333603,0.08542679,1.70384,-0.2503769
200,0.01672,1,100,0,100.314,0,100,151.6721,0,0,-0.1556845,0.2053649,-0.9662235,-0.02047499,0.9772693,0.2110116,0.9875949,0.05263466,-0.1479409,255.5291,-44.30524,-184.6368,146.541,16.29012,-37.78531,152.2082,3.427343,38.7594,-3.258795,0.07924835,1.816171,-0.244885
201,0.016618,1,100,0,84.94235,0,100,151.1705,0,0,-0.1254485,0.210838,-0.9694381,-0.02120448,0.9763646,0.2150883,0.9918737,0.04753894,-0.1180128,257.9659,-44.03488,-185.2521,146.8116,16.22335,-35.48877,151.9088,3.508737,40.48923,-3.165251,0.07430088,1.897933,-0.2368511
202,0.016994,1,100,0,93.43935,0,100,150.5779,0,0,-0.09299159,0.2161802,-0.9719149,-0.02201212,0.9754598,0.2190748,0.9954236,0.04176603,-0.08595096,260.4623,-43.7604,-185.84,147.0654,16.00315,-32.7989,151.526,3.584666,42.3422,-3.05169,0.06831251,1.98559,-0.2268064
203,0.016392,1,100,0,101.6354,0,100,149.8799,0,0,-0.06016564,0.2210435,-0.9734063,-0.02297287,0.974608,0.2227363,0.997924,0.035763,-0.05355991,262.8743,-43.4982,-186.3615,147.2836,15.97561,-29.8284,151.1205,4.063503,44.18961,-2.96585,0.08786232,2.071519,-0.2180359
204,0.016641,1,100,0,86.24243,0,100,149.1467,0,0,-0.02549427,0.2256641,-0.9738716,-0.02439034,0.9737579,0.2262763,0.9993776,0.02952181,-0.01932122,265.3262,-43.2331,-186.8396,147.4321,15.83464,-26.51993,150.6328,4.458439,45.4678,-2.865727,0.1042016,2.130945,-0.2074456
205,0.016928,1,100,0,94.70643,0,100,148.3201,0,0,0.01084844,0.2299839,-0.973134,-0.02620413,0.9729224,0.2296418,0.9995977,0.02300887,0.01658122,267.8224,-42.96657,-187.268,147.4827,15.56152,-22.8795,150.0559,4.760247,46.8856,-2.752776,0.1141298,2.197358,-0.1955579
206,0.016422,1,100,0,102.9174,0,100,147.402,0,0,0.04720041,0.2337893,-0.971141,-0.02809299,0.9721507,0.232667,0.9984905,0.01630028,0.05245375,270.244,-42.71408,-187.6234,147.3992,14.99608,-19.1628,149.3942,4.631187,48.35603,-2.695431,0.09686446,2.268012,-0.1867174
207,0.016683,1,100,0,87.48566,0,100,146.416,0,0,0.08509231,0.237248,-0.9677151,-0.0298528,0.9714088,0.2355286,0.9959257,0.008847335,0.08974195,272.7021,-42.46783,-187.921,147.1754,14.2839,-15.17553,148.6436,4.529254,49.27716,-2.625408,0.08369165,2.312619,-0.1759898
208,0.016674,1,100,0,95.82265,0,100,145.3403,0,0,0.1236125,0.2402307,-0.9628132,-0.0314917,0.9707156,0.2381593,0.9918309,0.0008811522,0.1275579,275.1541,-42.23431,-188.1509,146.7947,13.44309,-11.00026,147.8188,4.451549,50.33558,-2.544528,0.07179729,2.363629,-0.1638826
209,0.016632,1,100,0,104.1387,0,100,144.2042,0,0,0.1627086,0.2426817,-0.9563637,-0.03315524,0.9700776,0.2405209,0.986117,-0.007426348,0.1658861,277.5929,-42.01426,-188.3094,146.2609,12.79999,-6.59222,146.9678,4.81221,51.51503,-2.457216,0.0874211,2.418539,-0.1507381
210,0.016683,1,100,0,88.70688,0,100,143.0417,0,0,0.2024258,0.2445843,-0.9482628,-0.03512119,0.9694993,0.2425645,0.9786676,-0.01579719,0.2048418,280.0291,-41.80481,-188.3941,145.537,12.05925,-2.0303,146.0499,5.089503,52.14702,-2.365264,0.1005071,2.447855,-0.1370286
211,0.016682,1,100,0,97.04788,0,100,141.8259,0,0,0.2423331,0.2459262,-0.9385068,-0.03719625,0.9689841,0.2443079,0.9694799,-0.02429496,0.2439644,282.4521,-41.60917,-188.4023,144.6012,11.06085,2.589393,145.0467,4.961352,52.93939,-2.311543,0.08783422,2.486442,-0.1254246
212,0.016678,1,100,0,105.3869,0,100,140.5509,0,0,0.2824767,0.2466955,-0.9270105,-0.03909205,0.9685242,0.2458311,0.9584776,-0.03320281,0.2832293,284.8576,-41.43078,-188.333,143.4576,9.963811,7.29037,143.9878,4.852179,53.87673,-2.252445,0.07625577,2.531799,-0.1127789
213,0.016683,1,100,0,89.95511,0,91.6585,139.2349,0,0,0.3226466,0.2468822,-0.9137552,-0.04125876,0.9681352,0.2470064,0.9456201,-0.04199538,0.3225516,287.2434,-41.26746,-188.1832,142.0679,9.437749,12.34218,142.9149,6.034648,54.08523,-2.249809,0.1497145,2.537029,-0.1038743
214,0.016686,1,100,0,98.29811,0,83.3155,137.9269,0,0,0.3623328,0.2465863,-0.8988382,-0.0444726,0.9678437,0.2475897,0.9309871,-0.0497362,0.3616478,289.6049,-41.11305,-187.9484,140.3758,8.884665,17.53038,141.7449,6.88394,54.29767,-2.249518,0.2026178,2.543774,-0.09605377
215,0.016676,1,100,0,106.6361,0,74.9775,136.586,0,0,0.4014495,0.2458576,-0.8822655,-0.04837995,0.9676445,0.2476359,0.9146025,-0.05672936,0.400355,291.935,-40.96821,-187.6268,138.3828,8.286477,22.79287,140.4919,7.42799,54.51688,-2.251976,0.2366827,2.55206,-0.08909409
216,0.016781,1,100,0,91.11369,0,66.587,135.2204,0,0,0.4400508,0.2447402,-0.8639779,-0.05262334,0.9675175,0.2472673,0.89643,-0.06334478,0.4386359,294.2446,-40.83357,-187.2147,136.0705,7.496327,28.07121,139.138,7.406299,54.07394,-2.271244,0.2382655,2.531249,-0.08437452
217,0.016592,1,100,0,99.40968,0,58.291,133.8159,0,0,0.4771075,0.2433417,-0.8444841,-0.05712612,0.9674572,0.2465024,0.8769865,-0.06936606,0.4754823,296.4885,-40.71125,-186.7193,133.5288,7.125668,33.40449,137.828,8.439003,53.70306,-2.378272,0.3062527,2.509254,-0.08554077
218,0.016678,1,100,0,107.7487,0,49.952,132.4919,0,0,0.5132018,0.2417641,-0.8235132,-0.0624726,0.9674833,0.2450983,0.8559912,-0.07433785,0.5116178,298.7,-40.59451,-186.1326,130.6967,6.746978,38.71346,136.4767,8.997033,53.39795,-2.486885,0.3441991,2.492295,-0.0879091
219,0.016853,1,100,0,92.15965,0,41.5255,131.1802,0,0,0.5483717,0.2400608,-0.8010365,-0.06827497,0.9675635,0.2432274,0.833443,-0.07868827,0.5469745,300.8854,-40.4832,-185.4505,127.5712,6.321934,43.97475,135.0858,9.157919,52.4771,-2.597336,0.3597561,2.447729,-0.09198708
220,0.016514,1,100,0,100.4167,0,33.2685,129.879,0,0,0.5813171,0.2383481,-0.777985,-0.07401609,0.9676607,0.2411529,0.8103037,-0.08260287,0.5801593,302.9742,-40.38165,-184.6967,124.2787,5.804783,48.97332,133.7059,8.923352,51.69455,-2.706092,0.3497527,2.411337,-0.0964352
221,0.016683,1,100,0,84.98488,0,24.927,128.6363,0,0,0.6130221,0.2365991,-0.7538068,-0.07960042,0.9677476,0.2390154,0.7860456,-0.08651838,0.6120841,305.0277,-40.28816,-183.8528,120.6603,5.203498,53.77963,132.2053,8.507941,50.35157,-2.815716,0.330605,2.349103,-0.1019507
222,0.016655,1,100,0,69.579,0,16.5995,127.312,0,0,0.6427706,0.2349135,-0.7291514,-0.08501083,0.9678162,0.2368652,0.7613274,-0.09026423,0.642054,307.0167,-40.20381,-182.931,116.9108,4.78686,58.46325,130.8014,8.430982,48.51021,-2.982521,0.33467,2.261774,-0.1121122
223,0.016675,1,100,0,54.15463,0,8.262003,126.1119,0,0,0.6703933,0.2334038,-0.7043406,-0.09045337,0.9678657,0.2346367,0.7364722,-0.0935889,0.6699628,308.9449,-40.1268,-181.9311,113.0486,4.282745,62.93973,129.4594,8.120008,46.2109,-3.145163,0.3255446,2.153688,-0.1234297
224,0.016677,1,100,0,45.81613,0,0,125.0236,0,0,0.6957293,0.2321361,-0.67976,-0.09579614,0.9678724,0.232479,0.7118877,-0.09662409,0.6956149,310.8086,-40.05869,-180.8578,109.1192,3.685934,67.17926,128.1938,7.662028,43.69749,-3.302171,0.3076774,2.036071,-0.1353012
225,0.016684,1,100,0,37.47413,0,0,124.0554,0,0,0.7188101,0.2311463,-0.655655,-0.1009889,0.967822,0.230482,0.6878324,-0.09945891,0.7190234,312.6077,-40.00068,-179.715,105.236,3.059952,71.10895,127.0451,7.190735,41.16092,-3.453295,0.2887391,1.917443,-0.1472621
226,0.016684,1,100,0,29.13213,0,0,123.2094,0,0,0.739728,0.2304539,-0.6322132,-0.1060308,0.9677088,0.228686,0.6644998,-0.1021314,0.7402765,314.3425,-39.95346,-178.5083,101.4267,2.37053,74.72793,126.005,6.671939,38.6044,-3.59509,0.2665819,1.798096,-0.159051
227,0.016899,1,100,0,20.68263,0,0,122.4753,0,0,0.7588168,0.2300901,-0.6093078,-0.1110652,0.9675304,0.2270461,0.6417649,-0.1046135,0.7597333,316.0354,-39.91636,-177.2261,97.66132,1.845923,78.15606,125.098,6.447657,35.99317,-3.789735,0.262939,1.674905,-0.1745577
228,0.016473,1,100,0,12.44613,0,0,121.8603,0,0,0.7754766,0.2301228,-0.5879452,-0.1160562,0.9672992,0.225529,0.6206183,-0.1066577,0.7768251,317.6248,-39.88905,-175.9217,94.10611,1.279117,81.21907,124.3147,6.131931,33.4376,-3.964323,0.253029,1.554752,-0.1892109
229,0.016682,1,100,0,4.105127,0,0,121.3606,0,0,0.7905084,0.2305519,-0.5673996,-0.121144,0.9669979,0.2241416,0.6003505,-0.1084487,0.7923499,319.1755,-39.87119,-174.551,90.63374,0.6525196,84.0591,123.6157,5.76338,30.83187,-4.124234,0.239765,1.432459,-0.2033688
230,0.016744,1,100,0,-4.266873,0,0,120.9455,0,0,0.8038421,0.2313711,-0.5480013,-0.1262397,0.9666235,0.222941,0.581293,-0.1100298,0.8062209,320.6745,-39.86442,-173.129,87.29338,-0.09353449,86.64483,122.9938,5.322566,28.20215,-4.222983,0.2218949,1.309423,-0.2139684
231,0.016617,1,100,0,-12.57537,0,0,120.6082,0,0,0.8154433,0.2325361,-0.5300748,-0.1312391,0.9661838,0.2219584,0.563763,-0.1114279,0.818386,322.1076,-39.87026,-171.6762,84.13844,-0.8688498,88.97911,122.4635,4.912092,25.58207,-4.301199,0.2058231,1.186745,-0.223457
232,0.016673,1,100,0,-20.91187,15.0057,0,120.3502,0,0,0.8255016,0.2340769,-0.513571,-0.1362593,0.9656806,0.2211207,0.5477048,-0.1125567,0.829066,323.4944,-39.88853,-170.1806,81.23733,-1.551409,91.14681,122.1051,4.676116,22.64004,-4.398719,0.2020014,1.048011,-0.234963
233,0.016688,1,100,0,-29.25587,30.0249,0,120.2354,0,0,0.8339426,0.2360502,-0.498819,-0.141388,0.9651227,0.2203364,0.5334319,-0.1132209,0.8382316,324.8355,-39.91828,-168.6484,78.58675,-2.247002,93.14217,121.8868,4.42566,19.40941,-4.472578,0.1984425,0.895616,-0.2458099
234,0.016685,1,100,0,-37.59837,45.0414,0,120.2498,0,0,0.8407351,0.2384832,-0.4860969,-0.1466585,0.9645161,0.2195446,0.521206,-0.1132886,0.8458781,326.1333,-39.959,-167.0838,76.17548,-2.829145,95.02573,121.822,4.371479,15.91694,-4.533734,0.2084231,0.7299262,-0.2565148
235,0.016687,1,100,0,-45.94187,60.0597,0,120.4038,0,0,0.8458651,0.2414036,-0.4756434,-0.1521398,0.9638734,0.218636,0.5112395,-0.1125723,0.8520339,327.3924,-40.00944,-165.4883,74.00785,-3.410532,96.77818,121.8803,4.258418,12.18287,-4.568379,0.2158706,0.5529425,-0.2662144
236,0.016668,1,100,0,-54.27587,75.0609,0,120.678,0,0,0.8493177,0.2448141,-0.4676812,-0.1577895,0.9631889,0.2176457,0.5037481,-0.1110552,0.8566825,328.6154,-40.06947,-163.8661,72.08816,-3.98601,98.41124,122.0548,4.098896,8.230981,-4.575428,0.2216009,0.3657306,-0.2746299
237,0.016684,1,100,0,-62.61787,90.0765,0,121.0641,0,0,0.8510826,0.2487152,-0.462384,-0.1635883,0.9624576,0.2165964,0.4988958,-0.1087008,0.8598179,329.8088,-40.13911,-162.2157,70.41592,-4.551024,99.93938,122.3397,3.90062,4.068027,-4.55401,0.2262114,0.1685615,-0.2815096
238,0.016693,1,100,0,-70.96437,100,0,121.5546,0,0,0.8511317,0.2530971,-0.4599094,-0.1695442,0.9616808,0.2154644,0.4968195,-0.1054136,0.8614282,330.9763,-40.21758,-160.5394,68.97437,-5.000597,101.3854,122.7251,3.837762,-0.1874741,-4.547406,0.2402852,-0.03377198,-0.289116
239,0.016678,1,100,0,-79.30337,100,0,122.1312,0,0,0.8494706,0.2579284,-0.4602963,-0.1756848,0.9608612,0.2141975,0.4975284,-0.1010874,0.8615375,332.1198,-40.3033,-158.8412,67.74411,-5.417609,102.6947,123.1455,3.701657,-4.321529,-4.509606,0.2498778,-0.2301117,-0.2940124
240,0.016689,1,100,0,-87.64787,100,0,122.7276,0,0,0.8461421,0.2631314,-0.4634712,-0.1819476,0.9599942,0.2128528,0.5009379,-0.09577626,0.8601676,333.2448,-40.39581,-157.1208,66.74549,-5.792563,103.8627,123.596,3.501572,-8.350786,-4.440433,0.2557113,-0.4212903,-0.296018
241,0.016915,1,100,0,-96.10536,100,0,123.3294,0,0,0.8410867,0.2686837,-0.4694487,-0.188346,0.959067,0.2114615,0.507049,-0.08943871,0.857264,334.3695,-40.49564,-155.3582,65.98683,-6.119704,104.895,124.0752,3.241426,-12.3374,-4.338835,0.2583691,-0.6102935,-0.2949682
242,0.016447,1,100,0,-104.3289,100,0,123.9286,0,0,0.8345286,0.2742522,-0.4778576,-0.1945526,0.9581227,0.2101202,0.5154722,-0.08238292,0.8529373,335.4521,-40.59771,-153.6283,65.51153,-6.376339,105.7414,124.5538,2.937537,-16.11587,-4.209784,0.2580796,-0.789299,-0.2908164
243,0.016688,1,100,0,-88.89246,100,0,124.4854,0,0,0.8262927,0.279941,-0.4887469,-0.2007925,0.9571335,0.2087534,0.5262347,-0.07435468,0.8470825,336.5441,-40.70454,-151.8596,65.27963,-6.450429,106.4755,125.0603,2.788997,-19.20448,-4.044026,0.265015,-0.9362176,-0.2821343
244,0.016773,1,100,0,-97.27896,100,0,125.0256,0,0,0.8165429,0.2855493,-0.5017164,-0.2069826,0.9561279,0.2073112,0.5389026,-0.06543193,0.8398232,337.6392,-40.81266,-150.0705,65.31739,-6.434882,107.0395,125.5597,2.550356,-22.28774,-3.849241,0.2668506,-1.082586,-0.2704287
245,0.016594,1,100,0,-105.576,100,0,125.515,0,0,0.8053758,0.2908857,-0.5164837,-0.2129487,0.9551282,0.2058719,0.5531933,-0.05581973,0.8311809,338.7248,-40.91888,-148.2922,65.61851,-6.328672,107.4166,126.0324,2.235783,-25.31443,-3.630802,0.2641329,-1.226019,-0.2559233
246,0.016685,1,100,0,-90.14233,100,0,125.9356,0,0,0.7926512,0.2959201,-0.5330437,-0.2187028,0.9541288,0.2044689,0.5690988,-0.04549438,0.8210099,339.8227,-41.02339,-146.4989,66.17696,-6.130379,107.6062,126.4756,1.85153,-27.67262,-3.388213,0.2541094,-1.337239,-0.2380082
247,0.016688,1,100,0,-98.48634,100,0,126.2859,0,0,0.7785387,0.300504,-0.5509763,-0.2242011,0.9531545,0.2030533,0.5861839,-0.03455535,0.809441,340.9314,-41.12315,-144.7029,66.95816,-5.668714,107.6545,126.9056,1.806896,-30.06853,-3.125337,0.2656938,-1.452101,-0.2175703
248,0.016675,1,100,0,-106.8238,100,0,126.5857,0,0,0.7629504,0.3045353,-0.5702325,-0.2295249,0.9522281,0.2014457,0.6043388,-0.02281053,0.7964012,342.0535,-41.21446,-142.9085,67.95951,-5.086127,107.5033,127.2844,1.620297,-32.49482,-2.843684,0.2686212,-1.567822,-0.1946226
249,0.016687,1,100,0,-91.38836,100,0,126.8023,0,0,0.7458776,0.3079228,-0.5906354,-0.2346157,0.9513548,0.1996988,0.6233956,-0.01037848,0.7818378,343.1942,-41.29507,-141.1164,69.16046,-4.315619,107.1638,127.6161,1.496737,-34.28558,-2.567705,0.2721058,-1.653508,-0.1705284
250,0.016683,1,100,0,-99.72986,100,0,126.9438,0,0,0.7274604,0.31058,-0.6118346,-0.2394398,0.9505438,0.1978262,0.6430165,0.002586842,0.7658482,344.3557,-41.36218,-139.3316,70.54697,-3.432223,106.6082,127.8826,1.234775,-36.15711,-2.278232,0.2671244,-1.742443,-0.1444695
251,0.016683,1,100,0,-108.0714,100,0,126.9997,0,0,0.7076148,0.3123956,-0.6337904,-0.243799,0.9498199,0.1959697,0.6632068,0.01584645,0.7482683,345.5413,-41.41468,-137.5575,72.09956,-2.571311,105.8032,128.0596,0.5096184,-38.10204,-1.880882,0.2332476,-1.832557,-0.1103895
252,0.01676,1,100,0,-92.56836,100,0,126.9453,0,0,0.6862925,0.3132491,-0.6564129,-0.2474251,0.9492263,0.1942958,0.6839473,0.02906932,0.7289526,346.7593,-41.45267,-135.79,73.81925,-1.653973,104.7552,128.1627,-0.2184389,-39.45136,-1.481641,0.1954852,-1.894095,-0.07553209
253,0.016609,1,100,0,-100.8729,100,0,126.802,0,0,0.6639333,0.3131085,-0.6790846,-0.2502438,0.9487916,0.192803,0.704678,0.04192834,0.7082878,347.9956,-41.4749,-134.0571,75.66251,-0.7030982,103.4762,128.1898,-0.9141647,-40.90232,-1.090034,0.1596012,-1.960703,-0.04065104
254,0.016668,1,100,0,-85.45496,100,0,126.5792,0,0,0.6402826,0.3119684,-0.7019358,-0.2523204,0.9485245,0.191404,0.7255154,0.05456007,0.6860397,349.2677,-41.48093,-132.3406,77.62132,0.3236597,101.9649,128.1484,-1.515458,-41.79939,-0.7113245,0.1259253,-2.00117,-0.006582651
255,0.016812,1,100,0,-93.86095,100,0,126.2851,0,0,0.6153422,0.309802,-0.7248288,-0.2537798,0.9484322,0.1899273,0.7462909,0.06707662,0.6622319,350.5841,-41.46832,-130.6358,79.64832,1.605681,100.2735,128.0672,-1.708234,-42.85933,-0.2941426,0.1177488,-2.051639,0.0303487
256,0.016549,1,100,0,-102.1355,100,0,125.9528,0,0,0.5896087,0.3066159,-0.7472271,-0.254778,0.9485136,0.1881758,0.7664527,0.07942697,0.6373709,351.9136,-41.43452,-128.9866,81.7023,2.917871,98.38321,127.9181,-1.965337,-44.03819,0.1022199,0.1053024,-2.107433,0.06646496
257,0.016689,1,100,0,-86.69813,100,0,125.5593,0,0,0.5625052,0.3023437,-0.7695298,-0.2553119,0.9487715,0.1861407,0.7863864,0.09176501,0.6108809,353.289,-41.3783,-127.3564,83.81356,4.269537,96.25146,127.7,-2.268227,-44.68872,0.483527,0.08629908,-2.137527,0.1013162
258,0.016689,1,100,0,-95.04263,100,0,125.0998,0,0,0.5344259,0.2970414,-0.7912998,-0.2552639,0.9492171,0.1839217,0.8057476,0.1036977,0.5831101,354.6998,-41.30042,-125.7633,85.97135,5.460933,93.84861,127.391,-2.875761,-45.51173,0.8475832,0.04818759,-2.17429,0.1355055
259,0.016685,1,100,0,-103.3851,91.6575,0,124.5616,0,0,0.5053109,0.2907017,-0.8124982,-0.2545828,0.9498625,0.1815182,0.8245292,0.1151249,0.5539835,356.1463,-41.2014,-124.212,88.11502,6.879771,91.20652,127.0048,-3.092212,-46.3177,1.258237,0.0334012,-2.212211,0.172377
260,0.016677,1,100,0,-87.9589,83.319,0,123.9724,0,0,0.4753131,0.2833335,-0.8329464,-0.2534714,0.950686,0.1787425,0.8425142,0.1261695,0.5236905,357.6278,-41.07872,-122.7072,90.25301,8.306973,88.26687,126.5135,-3.318768,-46.44419,1.637768,0.01370351,-2.217326,0.2058139
261,0.016684,1,100,0,-96.3009,74.977,0,123.312,0,0,0.4447067,0.2750334,-0.8524041,-0.2519372,0.951674,0.1756257,0.8595137,0.1366503,0.492507,359.1454,-40.93224,-121.2523,92.3624,9.721285,85.04294,125.927,-3.526698,-46.61576,1.983667,-0.005405033,-2.224579,0.2367859
262,0.016684,1,100,0,-104.6429,66.63499,0,122.5994,0,0,0.4134933,0.2658573,-0.8708291,-0.250035,0.952808,0.1721615,0.8755034,0.1465501,0.4604534,361.0803,-40.5875,-120.4797,98.72831,15.29895,57.48264,125.2581,-3.239934,-33.6259,3.854562,-0.0546321,-1.606899,0.3314739
263,0.016734,1,100,0,-89.16396,58.26799,0,115.1471,0,0,0.3910488,0.2564158,-0.8839298,-0.2469691,0.9544188,0.167605,0.8866158,0.1527616,0.4365512,362.7357,-40.32924,-119.5195,99.32319,15.70254,57.15554,115.6651,-3.231904,-34.29439,4.080596,-0.05679714,-1.638612,0.3511552
264,0.01674,1,100,0,-97.53396,49.89799,0,115.4116,0,0,0.3678824,0.2464127,-0.896629,-0.2438737,0.9560643,0.1626866,0.8973231,0.1588147,0.4118128,364.4024,-40.06371,-118.5669,100.0482,16.1806,56.39563,115.9824,-3.209748,-34.98388,4.260444,-0.05850313,-1.671212,0.3679987
265,0.016691,1,100,0,-105.8795,41.55249,0,115.5697,0,0,0.3440468,0.2359232,-0.90883,-0.2408023,0.9577171,0.1574557,0.9075495,0.1646762,0.3863103,366.0769,-39.79069,-117.632,100.8644,16.70877,55.23979,116.2078,-3.170844,-35.68949,4.393044,-0.05957259,-1.704474,0.3818886
266,0.016863,1,100,0,-90.28118,33.12099,0,115.6307,0,0,0.3193615,0.2248886,-0.9205615,-0.2377484,0.9593774,0.1518914,0.9173245,0.1703538,0.3598551,367.7828,-39.50573,-116.7091,101.7497,17.27458,53.70203,116.3414,-3.112711,-35.7392,4.47971,-0.06249015,-1.706322,0.3909594
267,0.016477,1,100,0,-98.51968,24.8825,0,115.6053,0,0,0.294955,0.2137971,-0.9312855,-0.2347288,0.9609925,0.1462741,0.9262313,0.1754553,0.3336338,369.4644,-39.21925,-115.8344,102.666,17.60835,51.83037,116.3475,-3.348281,-35.85889,4.553332,-0.08376838,-1.710395,0.3992653
268,0.016661,1,100,0,-106.8502,16.552,0,115.4743,0,0,0.2699557,0.2023046,-0.9413803,-0.2314905,0.9626396,0.1404897,0.9346316,0.1799946,0.3067017,371.1801,-38.92405,-114.9829,103.5986,17.93358,49.6485,116.2723,-3.505735,-36.04561,4.578237,-0.1001503,-1.717807,0.4043028
269,0.016851,1,100,0,-91.26301,8.126496,0,115.2817,0,0,0.2444636,0.1905034,-0.9507609,-0.2281099,0.9642921,0.1345621,0.9424458,0.1839824,0.2791901,372.9309,-38.62015,-114.1601,104.4944,18.23021,47.17162,116.0886,-3.601656,-35.61736,4.552289,-0.1148891,-1.696033,0.4038173
270,0.016519,1,100,0,-75.98293,0,0,115.0041,0,0,0.2197118,0.1789024,-0.9590208,-0.2247861,0.9658739,0.1286823,0.9493147,0.1873016,0.2524287,374.6618,-38.31637,-113.395,105.3362,18.70312,44.60043,115.9082,-3.467534,-34.65778,4.618616,-0.1164241,-1.650135,0.4068775
271,0.016653,1,100,0,-60.57891,0,0,114.7587,0,0,0.1953785,0.1672473,-0.9663621,-0.2215661,0.9674038,0.1226315,0.9553721,0.1901535,0.2260662,376.4205,-38.00237,-112.6672,106.1449,19.1538,41.89622,115.7104,-3.298949,-33.34449,4.637866,-0.1163933,-1.587488,0.4053885
272,0.016653,1,100,0,-52.25241,0,0,114.5213,0,0,0.1718903,0.1557607,-0.9727243,-0.2185167,0.968851,0.1165264,0.9605751,0.1925267,0.2005724,378.1924,-37.68103,-111.9849,106.9045,19.57371,39.11454,115.5061,-3.098777,-31.91311,4.610736,-0.1140113,-1.519294,0.4001547
273,0.016706,1,100,0,-43.89941,0,0,114.3036,0,0,0.1492828,0.1445277,-0.9781752,-0.2155904,0.9702175,0.1104499,0.9650058,0.1943969,0.1759956,379.9824,-37.35284,-111.3474,107.6217,19.78159,36.23911,115.2693,-3.112573,-30.36923,4.464452,-0.1247749,-1.444934,0.3867159
274,0.016667,1,100,0,-35.56591,0,0,114.0789,0,0,0.1277771,0.1337563,-0.9827422,-0.2126849,0.9715089,0.1045739,0.9687303,0.1956523,0.1525846,381.7799,-37.02227,-110.7593,108.2837,19.93229,33.35964,115.0457,-3.081076,-28.73018,4.275365,-0.1320406,-1.366176,0.369813
275,0.016738,1,100,0,-27.19691,0,0,113.8876,0,0,0.1073208,0.1234638,-0.9865288,-0.2098246,0.9727232,0.09891004,0.9718313,0.1963829,0.1302992,383.5958,-36.68805,-110.2169,108.8935,20.03159,30.48558,114.8409,-3.012804,-26.99197,4.045739,-0.1363377,-1.282808,0.3496683
276,0.01666,1,100,0,-18.86691,0,0,113.7322,0,0,0.08818509,0.1137597,-0.9895868,-0.207122,0.9738376,0.09349196,0.9743325,0.1967206,0.1094401,385.413,-36.3531,-109.7244,109.4326,20.2466,27.72087,114.6903,-2.739746,-25.17855,3.951374,-0.1269008,-1.1969,0.3375449
277,0.01674,1,100,0,-10.49691,0,0,113.6404,0,0,0.0702761,0.1044968,-0.9920393,-0.2046875,0.974847,0.08818579,0.9763016,0.1968607,0.08989763,387.2477,-36.01305,-109.2754,109.9185,20.44414,25.00279,114.5652,-2.448747,-23.2787,3.821015,-0.1156701,-1.106922,0.3227391
278,0.016685,1,100,0,-2.154411,0,0,113.5859,0,0,0.05381021,0.09580912,-0.9939442,-0.2025573,0.9757392,0.08308823,0.977791,0.1968596,0.07191157,389.0841,-35.67089,-108.8729,110.351,20.62638,22.37334,114.4699,-2.147412,-21.31557,3.658311,-0.1030505,-1.013962,0.3056051
279,0.016623,1,100,0,6.157088,0,0,113.5696,0,0,0.03883594,0.08778059,-0.9953826,-0.2006398,0.9765319,0.07829001,0.9788952,0.1966729,0.05553681,390.9207,-35.32803,-108.5151,110.7401,20.62041,19.81353,114.3729,-2.127349,-19.29755,3.365963,-0.1076568,-0.9176077,0.2800934
280,0.01685,1,100,0,14.58209,0,0,113.5588,0,0,0.02515647,0.08040033,-0.9964451,-0.1987142,0.9772721,0.07383652,0.9797345,0.1961504,0.04056141,392.7887,-34.98079,-108.1951,111.0984,20.57735,17.33328,114.3098,-2.082364,-17.18907,3.044242,-0.1100514,-0.8170229,0.2523125
281,0.016523,1,100,0,22.84359,0,14.8707,113.5863,0,0,0.01333242,0.07396846,-0.9971715,-0.1968585,0.9779363,0.06990959,0.9803413,0.1953696,0.02759957,394.6265,-34.64112,-107.9212,111.4738,20.51523,15.06689,114.3429,-2.017895,-14.79258,2.707697,-0.1107992,-0.7029492,0.2225729
282,0.016687,1,100,0,31.18709,0,29.889,113.7062,0,0,0.003230155,0.06836812,-0.997655,-0.1950253,0.9785463,0.06642718,0.9807931,0.1943533,0.01649437,396.4889,-34.29918,-107.6816,111.8829,20.44167,12.94061,114.4688,-1.936073,-12.05806,2.351142,-0.1101382,-0.5730129,0.1904241
283,0.016756,1,100,0,39.56509,0,44.9694,113.9204,0,0,-0.004809248,0.06366193,-0.99796,-0.1933041,0.979089,0.06338966,0.9811272,0.1932146,0.00759743,398.3661,-33.95648,-107.4755,112.3295,20.47113,11.01791,114.71,-1.632664,-9.020639,2.17103,-0.09500396,-0.4297706,0.1684686
284,0.016608,1,100,0,47.86909,0,59.9166,114.2485,0,0,-0.01046224,0.05983965,-0.9981533,-0.1918608,0.9795412,0.06073486,0.9813666,0.1921419,0.001232689,400.2344,-33.61615,-107.3021,112.8052,20.53293,9.279159,115.0336,-1.334459,-5.74895,1.978086,-0.07986187,-0.2755374,0.1450398
285,0.01668,1,100,0,56.20909,0,74.9286,114.6599,0,0,-0.01362885,0.05690558,-0.9982867,-0.1906535,0.9799153,0.05846119,0.9815631,0.1911236,-0.002505873,402.1188,-33.27317,-107.1561,113.3209,20.62011,7.70518,115.4391,-1.071689,-2.215288,1.764871,-0.06677838,-0.1089497,0.11958
286,0.016685,1,100,0,64.55159,0,89.9451,115.1533,0,0,-0.01409339,0.05495046,-0.9983897,-0.1894983,0.9802469,0.05662688,0.9817801,0.1899912,-0.003401986,404.0127,-32.92967,-107.0354,113.8777,20.52032,6.295145,115.8829,-1.264344,1.548521,1.504447,-0.08274466,0.06899299,0.09057175
287,0.016679,1,100,0,72.89109,0,100,115.6802,0,0,-0.01170829,0.0540398,-0.9984702,-0.1880839,0.9805962,0.05527793,0.9820833,0.1884434,-0.001317085,405.9153,-32.58807,-106.9371,114.4713,20.40285,5.077856,116.3862,-1.426979,5.428942,1.240938,-0.09674641,0.2523185,0.06115818
288,0.016689,1,100,0,81.23559,0,100,116.2585,0,0,-0.00643043,0.0541715,-0.998511,-0.1864387,0.9809583,0.05441989,0.9824457,0.1865111,0.003791682,407.8291,-32.24833,-106.858,115.0654,20.26489,4.069386,116.9071,-1.56283,9.228021,0.9778876,-0.1090074,0.4317144,0.03229719
289,0.016684,1,100,0,89.57759,0,100,116.8405,0,0,0.001674274,0.05533737,-0.9984663,-0.1846268,0.9813198,0.05407748,0.9828073,0.1842531,0.01185976,409.7521,-31.91083,-106.7945,115.6618,20.15598,3.281307,117.4508,-1.579615,12.94931,0.6401031,-0.1138086,0.6075059,-0.0007591136
290,0.016683,1,100,0,97.91909,0,100,117.426,0,0,0.01254482,0.05755056,-0.9982638,-0.1827398,0.981661,0.05429697,0.9830815,0.1817414,0.02283154,411.685,-31.57517,-106.7428,116.2529,20.04624,2.749376,118.0006,-1.583416,16.60061,0.3121428,-0.1181652,0.7798905,-0.03261571
291,0.01677,1,100,0,106.3041,0,100,117.9921,0,0,0.02620772,0.06081183,-0.9978053,-0.1806372,0.9820052,0.05510438,0.983201,0.1787965,0.03672099,413.6378,-31.2414,-106.6983,116.8351,19.61512,2.451586,118.4956,-1.999806,20.20801,-0.09225576,-0.149531,0.9508048,-0.06865148
292,0.016592,1,100,0,90.95649,0,100,118.4695,0,0,0.04222655,0.06495432,-0.9969944,-0.1781361,0.9823849,0.05645775,0.9830994,0.1752167,0.05305343,415.5795,-30.91801,-106.6575,117.4054,19.2401,2.486061,118.9974,-2.239721,23.05611,-0.2811916,-0.169543,1.085156,-0.08808234
293,0.01668,1,100,0,99.29649,0,100,118.9242,0,0,0.06048022,0.0697512,-0.9957294,-0.1753427,0.9827861,0.05819427,0.9826481,0.1710742,0.07166948,417.5409,-30.59935,-106.6143,117.9589,18.83089,2.80665,119.4855,-2.441839,25.9215,-0.452065,-0.1878604,1.220158,-0.1058236
294,0.016983,1,100,0,107.788,0,100,119.3347,0,0,0.08127249,0.07522389,-0.9938492,-0.1722571,0.9832028,0.06033166,0.9816937,0.1662943,0.09286519,419.5472,-30.28207,-106.5631,118.4907,18.38369,3.426018,119.9572,-2.605341,28.84358,-0.6048422,-0.2045965,1.357653,-0.1218628
295,0.016383,1,100,0,92.63372,0,100,119.6968,0,0,0.1032891,0.08097046,-0.9913502,-0.1690963,0.9836019,0.0627194,0.9801724,0.1611554,0.1152872,421.491,-29.98338,-106.5022,118.96,17.92517,4.309908,120.3801,-2.718069,31.01098,-0.7304257,-0.2177248,1.459572,-0.1333765
296,0.016681,1,100,0,100.9742,0,100,119.9869,0,0,0.1273275,0.08714686,-0.9880249,-0.1657517,0.9839945,0.06543083,0.9779131,0.1554357,0.1397343,423.4778,-29.68707,-106.4238,119.3805,17.43429,5.487545,120.7716,-2.785523,33.27501,-0.8360462,-0.2287873,1.565856,-0.1431764
297,0.016681,1,100,0,85.5443,0,100,120.2205,0,0,0.1528537,0.09361255,-0.9838051,-0.1622215,0.9843765,0.06846258,0.9748435,0.1491296,0.1656516,425.471,-29.40031,-106.3246,119.7108,16.70126,6.883526,121.0661,-3.148405,34.92155,-1.072628,-0.2583622,1.643988,-0.1588262
298,0.016682,1,100,0,93.8853,0,100,120.3302,0,0,0.1795516,0.100333,-0.9786186,-0.1583374,0.9847628,0.07191207,0.9709224,0.14204,0.1927022,427.4695,-29.12612,-106.2005,119.963,15.9009,8.540297,121.3132,-3.481298,36.66645,-1.272334,-0.2867196,1.726562,-0.1715341
299,0.016681,1,100,0,102.2258,0,100,120.379,0,0,0.2074621,0.1072274,-0.9723486,-0.1541345,0.9851418,0.07575177,0.966024,0.1341568,0.220907,429.4716,-28.86567,-106.0476,120.124,15.03426,10.43969,121.5104,-3.782667,38.50059,-1.434795,-0.3137514,1.813149,-0.1811395
300,0.016684,1,100,0,86.7931,0,100,120.3658,0,0,0.2364597,0.1141213,-0.9649162,-0.1497037,0.9854997,0.07986975,0.9600394,0.1255655,0.2501153,431.4762,-28.61974,-105.8614,120.1941,14.14706,12.60887,121.6788,-3.853546,39.75004,-1.396049,-0.3253721,1.871454,-0.17569
301,0.016683,1,100,0,95.1346,0,100,120.3211,0,0,0.2662455,0.1207644,-0.9563103,-0.1452027,0.9858242,0.08406571,0.952906,0.1164768,0.2800066,433.4812,-28.38878,-105.6378,120.1432,13.23058,14.98611,121.795,-3.86044,41.12894,-1.332399,-0.3333114,1.935645,-0.168202
302,0.01667,1,100,0,103.4696,0,100,120.2224,0,0,0.2968385,0.1270966,-0.9464319,-0.1406921,0.9861081,0.08829813,0.9445065,0.1069452,0.3105963,435.4831,-28.17338,-105.3738,119.9597,12.29633,17.55075,121.8587,-3.793654,42.62434,-1.246691,-0.3369079,2.005101,-0.1587733
303,0.016676,1,100,0,88.0443,0,100,120.0689,0,0,0.3281346,0.1330745,-0.9352106,-0.136125,0.9863554,0.09259027,0.9347714,0.09692346,0.3417721,437.4817,-27.97439,-105.0661,119.6042,11.1993,20.24005,121.8205,-4.010924,43.5619,-1.229358,-0.3573718,2.04925,-0.1518212
304,0.016669,1,100,0,96.3788,0,100,119.8055,0,0,0.3598177,0.1386427,-0.9226643,-0.1313462,0.9865772,0.09702445,0.9237313,0.08627734,0.3731982,439.4727,-27.7941,-104.713,119.1022,10.04162,23.08095,121.7329,-4.196795,44.65071,-1.181493,-0.3760806,2.100381,-0.1423492
305,0.016809,1,100,0,104.7833,0,100,119.4985,0,0,0.3922159,0.1437743,-0.9085679,-0.1263348,0.9867698,0.1016123,0.9111566,0.0749298,0.4051906,441.4711,-27.63211,-104.3082,118.4392,8.82106,26.07865,121.5967,-4.341516,45.89006,-1.105604,-0.3924124,2.158448,-0.130334
306,0.016559,1,100,0,89.46623,0,100,119.1444,0,0,0.4244463,0.1482679,-0.8932313,-0.1212468,0.9869244,0.106206,0.8972988,0.06322271,0.4368734,443.428,-27.49287,-103.8595,117.6234,7.576993,29.14639,121.4174,-4.428266,46.57701,-1.007252,-0.4033131,2.190553,-0.1154946
307,0.016687,1,100,0,97.80973,0,100,118.7556,0,0,0.4569539,0.1521404,-0.8763826,-0.1160257,0.9870408,0.1108539,0.8818908,0.05102778,0.4686843,445.3854,-27.37353,-103.3553,116.6309,6.294839,32.33445,121.1936,-4.447259,47.43983,-0.888614,-0.4099669,2.230736,-0.09884246
308,0.01694,1,100,0,106.2797,0,100,118.3315,0,0,0.4900252,0.1553168,-0.85776,-0.1106614,0.9871216,0.1155214,0.8646558,0.03831255,0.500902,447.3545,-27.27426,-102.7888,115.4212,4.984162,35.65947,120.907,-4.403286,48.47719,-0.6641695,-0.4126316,2.27888,-0.07472742
309,0.016398,1,100,0,91.11158,0,91.801,117.8525,0,0,0.5219569,0.1575512,-0.8382952,-0.1054261,0.9871739,0.1198892,0.8464319,0.0258012,0.5318722,449.2184,-27.20411,-102.1566,101.045,1.759048,49.67816,120.5448,-4.62639,55.52275,1.512944,-0.4483791,2.607832,0.0721474
310,0.016733,1,100,0,99.47808,0,83.4345,111.9956,0,0,0.5584836,0.1569846,-0.8145257,-0.09847605,0.9875326,0.1228079,0.8236496,0.0116251,0.56698,450.8461,-27.19307,-101.2322,95.47029,0.5253379,51.50293,113,-4.7736,55.9805,2.042701,-0.4584908,2.629158,0.1196501
311,0.016733,1,100,0,107.8446,0,75.068,107.8413,0,0,0.5943273,0.1550184,-0.7891415,-0.09110092,0.9879079,0.125453,0.7990466,-0.002668604,0.601263,452.2998,-27.21922,-100.167,83.0275,-0.7727699,50.25169,108.8979,-5.593724,42.76875,3.793694,-0.4727937,2.013775,0.2451743
312,0.016816,1,100,0,92.28978,0,66.66,96.55937,0,0,0.6214364,0.1505106,-0.7688715,-0.08240105,0.9884868,0.1269012,0.7791193,-0.0155052,0.6266839,453.6949,-27.23708,-99.31345,82.81619,-1.642725,51.76373,97.67653,-5.008789,42.91923,3.869669,-0.4325866,2.018831,0.2595327
313,0.016673,1,100,0,100.6263,0,58.3235,96.98866,0,0,0.647693,0.1454021,-0.7478983,-0.07421661,0.9889931,0.1280014,0.758278,-0.02739915,0.6513552,454.7957,-27.32805,-98.05903,74.05396,-3.568852,58.76477,98.20463,-4.817144,37.96627,5.108909,-0.4038306,1.7873,0.3454058
314,0.016702,1,100,0,85.17693,0,49.9725,94.52802,0,0,0.6704513,0.1386205,-0.728889,-0.06551683,0.9896152,0.1279414,0.739055,-0.03802396,0.6725708,456.0024,-27.39742,-97.02935,70.39695,-4.262909,59.07727,95.35192,-4.427651,36.27864,5.458431,-0.3704114,1.707389,0.373642
315,0.016711,1,100,0,93.53243,0,41.617,91.92296,0,0,0.6916935,0.1311431,-0.7101843,-0.05693477,0.990216,0.1274015,0.7199437,-0.04768863,0.6923926,457.1775,-27.47181,-96.03368,67.94839,-4.609239,57.88589,92.76569,-3.942849,35.71687,5.510214,-0.3335121,1.679696,0.3825771
316,0.01669,1,100,0,101.8774,0,33.272,89.21858,0,0,0.7120081,0.123306,-0.69126,-0.04871223,0.9907628,0.1265565,0.7004799,-0.05643644,0.7114376,458.3115,-27.55111,-95.06121,67.92697,-5.037448,59.03012,90.13326,-2.939068,36.14312,5.471856,-0.265546,1.696972,0.3860575
317,0.016669,1,100,0,86.45861,0,24.9375,89.86202,0,0,0.7317842,0.1152117,-0.6717277,-0.04123947,0.9912874,0.1250946,0.6802875,-0.06384059,0.7301597,459.4422,-27.63713,-94.06983,67.6356,-5.405646,60.36364,90.8161,-1.945287,35.97352,5.386644,-0.1966838,1.686582,0.3851753
318,0.016675,1,100,0,94.79611,0,16.6,90.43185,0,0,0.7508486,0.1069711,-0.6517542,-0.03451039,0.9918033,0.1230252,0.6595721,-0.06988099,0.7483857,460.5671,-27.72894,-93.055,67.09158,-5.705195,61.85013,91.42904,-0.9974918,35.92168,5.255817,-0.1308953,1.681855,0.3806392
319,0.016855,1,100,0,79.20524,0,8.172504,90.93817,0,0,0.7693294,0.09860706,-0.6311966,-0.02843863,0.9923229,0.1203609,0.6382192,-0.0746468,0.7662275,461.6935,-27.82637,-92.00352,66.28944,-5.931149,63.45061,91.95351,-0.1190939,35.29816,5.079132,-0.06844502,1.650695,0.3716094
320,0.016507,1,100,0,63.93626,0,0,91.36754,0,0,0.7864023,0.09051441,-0.6110471,-0.02333899,0.9928536,0.1170347,0.6172737,-0.07777514,0.782895,462.7825,-27.92444,-90.94666,65.32792,-5.95845,65.17111,92.46899,1.401232,34.19007,4.896976,0.03552579,1.596035,0.3605558
321,0.016651,1,100,0,48.53409,0,0,91.81077,0,0,0.8024179,0.08258814,-0.5910202,-0.01931605,0.993453,0.1125983,0.5964501,-0.07893476,0.7987598,463.8643,-28.0229,-89.85153,64.23056,-5.820321,66.96103,92.96893,2.835919,32.72862,4.658004,0.1341752,1.52518,0.3440912
322,0.016872,1,100,0,40.09809,0,0,92.25552,0,0,0.817351,0.07494953,-0.5712442,-0.01628603,0.9941118,0.107129,0.5759099,-0.07825869,0.813759,464.9412,-28.11952,-88.71143,63.00777,-5.535213,68.79567,93.453,3.969947,31.12637,4.3763,0.2132515,1.448339,0.3235785
323,0.01652,1,100,0,31.83809,0,0,92.70307,0,0,0.8307346,0.06790249,-0.5525118,-0.01400434,0.9947677,0.1011984,0.5564926,-0.07633146,0.8273389,465.9749,-28.20966,-87.56518,61.68877,-5.294216,70.56208,93.87514,4.226029,29.45329,4.219769,0.2355183,1.369675,0.3102652
324,0.016677,1,100,0,23.49959,0,0,93.11221,0,0,0.8430447,0.06117492,-0.5343531,-0.01193159,0.9953932,0.09513228,0.5377112,-0.07382508,0.8398908,466.996,-28.29638,-86.37866,60.3024,-5.008831,72.31248,94.28979,4.311529,27.66628,4.027722,0.24642,1.28597,0.2943375
325,0.016683,1,100,0,15.15809,0,0,93.52965,0,0,0.8541862,0.05488129,-0.5170631,-0.01002965,0.9959686,0.08914357,0.5198709,-0.07095925,0.8512931,467.9942,-28.37823,-85.16277,58.88204,-4.696942,74.01683,94.69766,4.249753,25.79045,3.804446,0.2473552,1.198349,0.2762781
326,0.016628,1,100,0,6.844089,0,0,93.95437,0,0,0.8641636,0.04907784,-0.5008123,-0.008264955,0.9964828,0.08339044,0.5031435,-0.06792378,0.8615298,468.9654,-28.45457,-83.9229,57.45324,-4.375066,75.65871,95.1013,4.072293,23.8416,3.554148,0.2403196,1.107497,0.2565096
327,0.016686,1,100,0,-1.498912,0,0,94.38663,0,0,0.8730891,0.04374968,-0.4855941,-0.006605089,0.9969361,0.0779433,0.4875163,-0.06484405,0.870703,469.9162,-28.5258,-82.65163,56.02483,-4.054665,77.24203,95.50682,3.809517,21.81228,3.278625,0.2272959,1.01302,0.2352198
328,0.016679,1,100,0,-9.838412,0,0,94.8308,0,0,0.8809676,0.03894502,-0.4715714,-0.005085284,0.9973289,0.07286496,0.4731495,-0.06179359,0.8788125,470.8429,-28.59142,-81.35481,54.62823,-3.689009,78.76659,95.9272,3.6337,19.71789,2.958785,0.2193214,0.9154727,0.2112556
329,0.016685,1,100,0,-18.18091,0,0,95.29634,0,0,0.8878508,0.03468887,-0.4588222,-0.00376882,0.997669,0.06813502,0.4601162,-0.05876452,0.8859119,471.7469,-28.65103,-80.0325,53.26936,-3.338194,80.21969,96.35334,3.387554,17.56209,2.62183,0.2063513,0.8151659,0.1863597
330,0.017004,1,100,0,-26.68291,0,0,95.77384,0,0,0.8938866,0.03092203,-0.4472255,-0.002632959,0.9979633,0.0637385,0.4482856,-0.05579747,0.8921475,472.6451,-28.70593,-78.66048,51.9383,-3.006717,81.6248,96.79481,3.093209,15.30442,2.264815,0.1898901,0.7101932,0.1603233
331,0.016361,1,100,0,-34.86341,0,0,96.27232,0,0,0.8987945,0.02784813,-0.437485,-0.001843205,0.9982116,0.05975442,0.4383666,-0.05290057,0.8972384,473.4884,-28.75255,-77.31778,50.74258,-2.533137,82.94988,97.27235,3.421005,13.09241,1.907342,0.2128177,0.6070637,0.13457
332,0.016672,1,100,0,-43.19941,0,0,96.80368,0,0,0.902933,0.02527288,-0.4290378,-0.001528632,0.9984522,0.05559768,0.4297789,-0.04954514,0.9015741,474.3281,-28.79207,-75.92773,49.60142,-2.043255,84.22731,97.76868,3.589399,10.78886,1.536405,0.2252358,0.4998194,0.1080033
333,0.016974,1,100,0,-51.68641,0,0,97.35603,0,0,0.9062837,0.02322495,-0.4220313,-0.001650505,0.9986759,0.05141415,0.4226665,-0.04589924,0.905122,475.1639,-28.824,-74.49113,48.5312,-1.55443,85.45047,98.28264,3.624074,8.397109,1.155383,0.2288317,0.3885972,0.08094209
334,0.016397,1,100,0,-59.88491,14.7573,0,97.92696,0,0,0.9086883,0.0217735,-0.416907,-0.002085397,0.9988632,0.04762159,0.4174699,-0.04240376,0.9077007,475.9547,-28.8477,-73.08388,47.61341,-1.226778,86.57146,98.80871,3.25491,5.819984,0.84229,0.2063807,0.269054,0.05840882
335,0.01668,1,100,0,-68.22491,29.7693,0,98.51016,0,0,0.9102468,0.02077561,-0.4135446,-0.002696492,0.9990166,0.04425329,0.4140573,-0.0391663,0.9094077,476.7444,-28.86661,-71.63371,46.81588,-0.9464498,87.6772,99.39776,2.895867,2.932475,0.5252714,0.1845341,0.1351611,0.03574194
336,0.016776,1,100,0,-76.61292,44.8677,0,99.15585,0,0,0.910848,0.02024741,-0.4122452,-0.003497878,0.999139,0.04134417,0.4127274,-0.03621627,0.9101346,477.5261,-28.88122,-70.15681,46.1567,-0.71879,88.7565,100.0434,2.562124,-0.2188603,0.2106813,0.1643016,-0.01092635,0.01339272
337,0.016595,1,100,0,-84.91042,59.8032,0,99.85654,0,0,0.9104193,0.02018143,-0.4131943,-0.004569381,0.9992391,0.03873728,0.4136617,-0.03337913,0.9098188,478.2894,-28.89088,-68.67791,45.66886,-0.3074149,89.83694,100.779,2.802783,-3.556921,-0.09878328,0.1809213,-0.1658338,-0.008409163
338,0.016683,1,100,0,-93.25191,74.8179,0,100.6371,0,0,0.9088865,0.02055369,-0.416537,-0.006079053,0.9993317,0.03604669,0.4169995,-0.0302302,0.9084041,479.0494,-28.89382,-67.17329,45.33247,0.08660918,90.8914,101.5691,2.945209,-7.125728,-0.3994577,0.191375,-0.3313566,-0.02940029
339,0.01669,1,100,0,-101.5969,89.8389,0,101.4671,0,0,0.9061514,0.02133653,-0.422415,-0.007975368,0.9994112,0.03337256,0.4228784,-0.02687168,0.9057881,479.805,-28.89033,-65.65063,45.15856,0.4547479,91.91099,102.4067,3.009324,-10.8943,-0.6873002,0.1970104,-0.506066,-0.04922773
340,0.016672,1,100,0,-86.17532,100,0,102.3362,0,0,0.9021875,0.0224851,-0.4307578,-0.01021005,0.9994739,0.03078736,0.4312234,-0.02337792,0.9019424,480.5578,-28.88088,-64.11295,45.15277,0.7929419,92.87276,103.2703,3.014063,-14.09609,-0.9596413,0.1988137,-0.6544669,-0.06734241
341,0.016685,1,100,0,-94.51781,100,0,103.2183,0,0,0.8970486,0.02395699,-0.4412822,-0.01277909,0.9995182,0.02828573,0.4417473,-0.01973449,0.8969225,481.3122,-28.86553,-62.55851,45.33097,1.175329,93.74506,104.1365,3.150776,-17.27854,-1.242517,0.2092972,-0.8020093,-0.08568154
342,0.016694,1,100,0,-102.8648,100,0,104.0837,0,0,0.8906618,0.02572351,-0.4539382,-0.01571085,0.9995433,0.02581564,0.454395,-0.01586124,0.8906592,482.0709,-28.8439,-60.98927,45.69171,1.536599,94.50881,104.9858,3.210344,-20.44195,-1.505125,0.2151011,-0.9486144,-0.1022221
343,0.016674,1,100,0,-87.44136,100,0,104.9128,0,0,0.8830341,0.02772581,-0.4684892,-0.01894306,0.9995456,0.0234495,0.4689265,-0.01183209,0.8831581,482.8358,-28.81641,-59.40983,46.24121,1.873701,95.15292,105.8104,3.208068,-22.91578,-1.74551,0.2168991,-1.063238,-0.116693
344,0.016913,1,100,0,-95.89786,100,0,105.6966,0,0,0.8740944,0.02994087,-0.4848325,-0.02247398,0.9995224,0.02120771,0.485236,-0.007641423,0.8743498,483.6221,-28.78295,-57.79753,46.99297,2.190687,95.67646,106.6167,3.154162,-25.46536,-1.965989,0.2157009,-1.181334,-0.1294712
345,0.016449,1,100,0,-104.1224,100,0,106.4406,0,0,0.8641289,0.03222706,-0.5022379,-0.02610399,0.9994746,0.01921981,0.5025934,-0.003497981,0.8645161,484.4001,-28.74536,-56.22166,47.91238,2.474318,96.05046,107.3658,3.062082,-27.97078,-2.156641,0.2122681,-1.297359,-0.1399784
346,0.016662,1,100,0,-88.71001,100,0,107.109,0,0,0.8527423,0.03462398,-0.5211831,-0.029927,0.9994003,0.01742804,0.521474,0.0007358212,0.8532671,485.2046,-28.70268,-54.61992,49.02611,2.738678,96.28696,108.0844,2.938872,-29.87561,-2.325779,0.2067347,-1.38555,-0.1486953
347,0.016764,1,100,0,-97.09201,100,0,107.7263,0,0,0.8400421,0.03702484,-0.5412563,-0.03389522,0.9993012,0.01575143,0.5414612,0.005114133,0.84071,486.0337,-28.65453,-53.00503,50.31352,3.140436,96.40903,108.7934,3.104583,-31.87557,-2.342456,0.2199433,-1.478347,-0.1472623
348,0.016609,1,100,0,-105.3965,100,0,108.3109,0,0,0.8261136,0.03924958,-0.562135,-0.03793445,0.999182,0.01401674,0.5622253,0.00974486,0.8269268,486.8773,-28.60017,-51.40394,51.75879,3.54072,96.3692,109.4465,3.157561,-33.9282,-2.337195,0.2260287,-1.573539,-0.1439512
349,0.016659,1,100,0,-89.98693,100,0,108.8249,0,0,0.8107814,0.04127858,-0.5838919,-0.04201257,0.9990417,0.01228996,0.5838396,0.01456633,0.8117386,487.7485,-28.53898,-49.79961,53.367,3.939008,96.16113,110.0478,3.118132,-35.38939,-2.31135,0.225796,-1.641297,-0.1390137
350,0.01668,1,100,0,-98.32693,91.66,0,109.2729,0,0,0.7941753,0.04306964,-0.6061606,-0.04604823,0.9988824,0.01064263,0.6059415,0.01946051,0.795271,488.6485,-28.47111,-48.19801,55.14762,4.331468,95.7226,110.5569,3.003489,-36.81598,-2.266152,0.2206673,-1.707426,-0.1325482
351,0.016678,1,100,0,-106.6659,83.32101,0,109.6259,0,0,0.7762746,0.04458481,-0.6288165,-0.04997045,0.9987092,0.009122649,0.6284115,0.02434056,0.7775005,489.579,-28.39676,-46.6052,57.08018,4.71309,95.04897,110.9715,2.830163,-38.20665,-2.203195,0.2116538,-1.771873,-0.1247197
352,0.016667,1,100,0,-91.24895,74.9875,0,109.8852,0,0,0.757163,0.04580041,-0.6516183,-0.05371989,0.9985259,0.007762484,0.6510133,0.0291274,0.7585073,490.5419,-28.31618,-45.02599,59.14447,5.079835,94.13718,111.291,2.61308,-38.89685,-2.12422,0.1991308,-1.80385,-0.1160499
353,0.016684,1,100,0,-99.59096,66.6455,0,110.0555,0,0,0.7370051,0.04671368,-0.674271,-0.0573169,0.9983348,0.00651525,0.6734526,0.03384535,0.7384553,491.5408,-28.22888,-43.46164,61.32998,5.540162,92.99778,111.5376,2.618404,-39.6107,-2.040935,0.2006935,-1.837124,-0.1070258
354,0.016695,1,100,0,-107.9385,58.298,0,110.165,0,0,0.7157759,0.04730589,-0.696726,-0.06083507,0.998134,0.005272286,0.6956753,0.0386116,0.7173181,492.5774,-28.13387,-41.91658,63.60148,5.995121,91.6236,111.6959,2.542056,-40.34507,-1.943171,0.196833,-1.871311,-0.09690371
355,0.016771,1,100,0,-92.42529,49.9125,0,110.2007,0,0,0.6934849,0.04756457,-0.7188994,-0.06421936,0.9979275,0.004076848,0.7176034,0.04334003,0.6951023,493.6572,-28.03085,-40.38885,65.94465,6.439018,90.01269,111.7696,2.401349,-40.4278,-1.832371,0.1880702,-1.875258,-0.08634973
356,0.016576,1,100,0,-100.7133,41.6245,0,110.1692,0,0,0.6707325,0.04749586,-0.7401771,-0.06736092,0.9977242,0.002981186,0.7386342,0.04785943,0.6724054,494.7633,-27.92181,-38.9067,68.29787,6.858073,88.20278,111.7648,2.217028,-40.58064,-1.712264,0.1763371,-1.882434,-0.07527459
357,0.016694,1,100,0,-85.27134,33.2775,0,110.0834,0,0,0.6472029,0.04707841,-0.7608628,-0.07037704,0.9975188,0.001857594,0.7590624,0.05234503,0.6489103,495.9168,-27.804,-37.44524,70.68061,7.454885,86.20541,111.726,2.431856,-40.13449,-1.508804,0.189418,-1.862252,-0.05943484
358,0.016788,1,100,0,-93.66534,24.8835,0,109.9808,0,0,0.6231653,0.0462624,-0.7807208,-0.07336001,0.9973055,0.0005409531,0.7786422,0.05693659,0.62488,497.1168,-27.67579,-36.01027,73.06058,8.002122,83.99667,111.6124,2.35508,-39.80399,-1.300327,0.1836367,-1.847214,-0.0431437
359,0.016525,1,100,0,-101.9278,16.62099,0,109.8315,0,0,0.5991127,0.04506721,-0.7993954,-0.07607618,0.9971017,-0.0008026287,0.7970423,0.06129581,0.6008048,498.3369,-27.54074,-34.63502,75.36938,8.514793,81.6533,111.4464,2.20993,-39.58488,-1.09161,0.173308,-1.837295,-0.02693142
360,0.016673,1,100,0,-86.50531,8.284494,0,109.6522,0,0,0.5745612,0.04348487,-0.8173059,-0.07854472,0.9969084,-0.002175819,0.8146845,0.0654452,0.5762004,499.6061,-27.3961,-33.28759,77.62273,8.994759,79.11704,111.2012,2.015597,-38.79777,-0.8798834,0.1591281,-1.800993,-0.01136642
361,0.01672,1,100,0,-71.03931,0,0,109.414,0,0,0.5500489,0.04157377,-0.8340971,-0.08071246,0.9967313,-0.003546257,0.8312233,0.06927264,0.5516065,500.9164,-27.24326,-31.97947,79.83878,9.434376,76.45829,110.9464,1.793502,-37.48901,-0.6686014,0.1426069,-1.740462,0.00319542
362,0.016607,1,100,0,-55.67783,0,0,109.1923,0,0,0.5261638,0.0393807,-0.8494709,-0.08262887,0.9965678,-0.004980482,0.8463592,0.07281137,0.5276119,502.254,-27.08351,-30.72427,81.94328,9.989173,73.81264,110.7375,1.898757,-35.87083,-0.3745904,0.1467483,-1.665907,0.02227113
363,0.016696,1,100,0,-47.32983,0,0,109.0252,0,0,0.5028478,0.03685651,-0.8635889,-0.08446349,0.9964045,-0.006656282,0.8602386,0.07628883,0.5041528,503.6334,-26.91377,-29.50669,83.95821,10.5189,71.1356,110.5437,1.910616,-34.14675,-0.08526807,0.1447618,-1.586368,0.04066374
364,0.016672,1,100,0,-38.99384,0,0,108.8898,0,0,0.4803988,0.03403991,-0.8763896,-0.08623543,0.9962381,-0.00857557,0.8728008,0.07969552,0.481527,505.0438,-26.73489,-28.33541,85.87026,11.14961,68.47752,110.3956,2.169128,-32.33745,0.2190157,0.158518,-1.503048,0.05962417
365,0.016684,1,100,0,-30.65184,0,0,108.81,0,0,0.4588936,0.03092854,-0.8879529,-0.08793683,0.9960681,-0.01075137,0.884129,0.0830175,0.459809,506.4865,-26.54641,-27.20756,87.66454,11.59245,65.83111,110.2415,1.883075,-30.4468,0.537712,0.1373543,-1.415654,0.07914446
366,0.01669,1,100,0,-22.30684,0,0,108.7389,0,0,0.43846,0.02755115,-0.8983282,-0.08923745,0.9959253,-0.01301102,0.8943093,0.08586933,0.439132,507.9591,-26.35083,-26.12329,89.35742,11.96787,63.22056,110.1128,1.605189,-28.48195,0.8415212,0.1167548,-1.3248,0.09713474
367,0.016682,1,100,0,-13.96584,0,0,108.703,0,0,0.419219,0.02396042,-0.9075688,-0.0901612,0.9958087,-0.01535673,0.903397,0.08826534,0.4196222,509.4586,-26.14947,-25.08279,90.94949,12.27455,60.66499,110.0123,1.3468,-26.45112,1.128066,0.09751458,-1.230867,0.1135006
368,0.016669,1,100,0,-5.631337,0,0,108.7033,0,0,0.401268,0.02020607,-0.9157378,-0.09074311,0.9957154,-0.01779201,0.9114547,0.09023626,0.4013823,510.983,-25.94353,-24.08532,92.4433,12.51361,58.18076,109.9425,1.114455,-24.3609,1.395427,0.08011306,-1.13416,0.1281843
369,0.016996,1,100,0,2.866663,0,0,108.7398,0,0,0.3843611,0.01624282,-0.92304,-0.09109793,0.9956328,-0.02041366,0.9186773,0.09193325,0.3841622,512.5624,-25.72914,-23.11023,93.87432,12.81251,55.74343,109.9267,1.130355,-22.16778,1.679515,0.07879209,-1.032789,0.1435063
370,0.016376,1,100,0,11.05466,0,0,108.8326,0,0,0.3694955,0.01231115,-0.9291511,-0.09136689,0.9955485,-0.02314296,0.9247301,0.09344487,0.3689755,514.1068,-25.51801,-22.20963,95.16288,13.05267,53.49172,109.9441,1.121771,-20.01252,1.93122,0.07623333,-0.9331154,0.1566219
371,0.016682,1,100,0,19.39566,0,0,108.9568,0,0,0.355841,0.008231303,-0.9345102,-0.09156378,0.9954571,-0.02609734,0.93005,0.09485379,0.3549781,515.7011,-25.29915,-21.32941,96.39005,13.25005,51.30315,109.9937,1.098028,-17.76665,2.16485,0.07294723,-0.829198,0.1682804
372,0.016896,1,100,0,27.84366,0,15.2064,109.1159,0,0,0.3436778,0.004071759,-0.9390789,-0.09168616,0.9953587,-0.0292389,0.9346013,0.0961493,0.342456,517.3364,-25.07438,-20.47403,97.58717,13.40773,49.26574,110.1369,1.064863,-15.16546,2.377014,0.06933807,-0.7087334,0.1778167
373,0.016476,1,100,0,36.08167,0,30.0348,109.3656,0,0,0.333687,5.488284e-05,-0.9426839,-0.09173788,0.9952555,-0.03241502,0.9382095,0.0972963,0.3321088,518.9505,-24.85284,-19.67228,98.71829,13.52293,47.45028,110.3617,1.029198,-12.35129,2.559008,0.06598607,-0.5783144,0.1849038
374,0.016679,1,100,0,44.42117,0,45.0459,109.6928,0,0,0.3256681,-0.003940208,-0.945476,-0.09178993,0.995136,-0.03576409,0.941018,0.0984324,0.3237223,520.6032,-24.62625,-18.89,99.83575,13.7084,45.80225,110.693,1.188624,-9.230804,2.807857,0.0755685,-0.4337615,0.1956145
375,0.016695,1,100,0,52.76867,0,60.0714,110.1238,0,0,0.31997,-0.007855924,-0.9473951,-0.09188959,0.994994,-0.0392851,0.9429612,0.0996258,0.3176464,522.2761,-24.39703,-18.13357,100.9277,13.77122,44.31807,111.0861,1.111725,-5.858776,2.993629,0.07048947,-0.2774107,0.2017269
376,0.016672,1,100,0,61.10467,0,75.0762,110.6203,0,0,0.3167931,-0.01159393,-0.9484239,-0.09190177,0.9948454,-0.04285849,0.944032,0.1007391,0.3140947,523.9647,-24.16724,-17.40192,101.9993,13.80525,43.01771,111.557,1.043194,-2.261547,3.151409,0.06647003,-0.1105248,0.2055015
377,0.016688,1,100,0,69.44867,0,90.09541,111.193,0,0,0.3162993,-0.01511411,-0.9485391,-0.09182817,0.9946901,-0.04647044,0.9442048,0.1018012,0.3132318,525.6727,-23.93688,-16.69019,103.0511,13.80138,41.91263,112.1011,0.9428718,1.554277,3.319643,0.06094368,0.06651732,0.2094084
378,0.016693,1,100,0,77.79517,0,100,111.8347,0,0,0.3186256,-0.01838287,-0.9477025,-0.09165324,0.9945297,-0.05010579,0.9434394,0.102825,0.3151978,527.3987,-23.70665,-15.99564,104.0708,13.77366,40.99633,112.6993,0.8575189,5.476892,3.459374,0.05686337,0.248604,0.2111593
379,0.016673,1,100,0,86.13167,0,100,112.5227,0,0,0.3237872,-0.02135241,-0.945889,-0.09139818,0.9943637,-0.05373318,0.941705,0.1038506,0.3200107,529.1391,-23.47727,-15.31615,105.0197,13.72387,40.27118,113.3104,0.7838503,9.30817,3.570898,0.05390049,0.4265275,0.2111329
380,0.016678,1,100,0,94.47066,0,100,113.21,0,0,0.3317077,-0.0239873,-0.9430772,-0.09103067,0.9941978,-0.0573057,0.9389799,0.1048577,0.3275995,530.8954,-23.2492,-14.64742,105.8876,13.5784,39.75025,113.9151,0.5666197,13.06119,3.622466,0.0420245,0.6008927,0.2072794
381,0.016694,1,100,0,102.8177,0,100,113.8723,0,0,0.3423141,-0.02625795,-0.9392186,-0.09050041,0.9940403,-0.060775,0.935217,0.1058038,0.3378976,532.6675,-23.02317,-13.98541,106.6727,13.46177,39.47,114.5345,0.4712409,16.74521,3.702868,0.03816768,0.7720698,0.2052878
382,0.016677,1,100,0,87.39144,0,100,114.5232,0,0,0.355343,-0.02819673,-0.9343107,-0.08988066,0.9938828,-0.06417856,0.9304049,0.1067819,0.350635,534.4504,-22.79936,-13.3274,107.3635,13.3364,39.43245,115.1507,0.3866595,19.69234,3.757756,0.03480829,0.9090514,0.2029242
383,0.016943,1,100,0,95.86295,0,100,115.142,0,0,0.3706623,-0.02985206,-0.9282879,-0.08916524,0.993723,-0.06755971,0.9244778,0.1078129,0.3656739,536.2728,-22.57415,-12.65811,107.9605,13.20561,39.64798,115.7662,0.307616,22.68383,3.788875,0.03191293,1.048167,0.1988339
384,0.01644,1,100,0,104.0829,0,100,115.729,0,0,0.3875,-0.03112169,-0.9213443,-0.08840021,0.99357,-0.07074083,0.9176216,0.1088591,0.3822572,538.0502,-22.35774,-12.00381,108.4276,13.08016,40.10661,116.345,0.2353517,25.57292,3.795988,0.02939161,1.182588,0.1932922
385,0.016667,1,100,0,88.66597,0,100,116.2504,0,0,0.406322,-0.03206803,-0.9131671,-0.0875589,0.9934185,-0.07384637,0.9095252,0.1099613,0.4008399,539.8594,-22.14041,-11.33143,108.7801,12.95888,40.81596,116.9059,0.1647953,27.83405,3.781867,0.02658675,1.287854,0.1874805
386,0.01683,1,100,0,97.08097,0,100,116.7239,0,0,0.4267575,-0.03268941,-0.9037751,-0.08660592,0.9932764,-0.07682148,0.9002097,0.1110564,0.421057,541.6913,-21.92327,-10.63916,108.9979,12.78846,41.77264,117.4268,-0.02960751,30.16867,3.72712,0.01578524,1.39656,0.1788372
387,0.016542,1,100,0,105.352,0,100,117.1299,0,0,0.4482214,-0.03292945,-0.893316,-0.08551189,0.9931592,-0.07951548,0.8898233,0.1120297,0.4423393,543.4949,-21.71264,-9.941706,109.0711,12.62224,42.94659,117.8992,-0.2043272,32.50315,3.656444,0.006073228,1.505304,0.1691593
388,0.016677,1,100,0,89.92575,0,100,117.465,0,0,0.4710446,-0.03281445,-0.8814988,-0.08429152,0.9930605,-0.0820101,0.8780728,0.1129333,0.4650098,545.3135,-21.5029,-9.21766,108.9952,12.4863,44.35764,118.3363,-0.2917666,34.2322,3.60021,0.001402468,1.585896,0.1615827
389,0.016683,1,100,0,98.26725,0,100,117.7426,0,0,0.494738,-0.0323896,-0.8684385,-0.08300266,0.9929758,-0.08431992,0.8650695,0.113799,0.4885744,547.1306,-21.29526,-8.468646,108.7585,12.36565,45.97777,118.7236,-0.3731277,36.05294,3.528646,-0.003033858,1.670791,0.1528124
390,0.016699,1,100,0,106.6168,0,100,117.9544,0,0,0.519304,-0.0316258,-0.8540041,-0.08166333,0.9929055,-0.0864276,0.8506787,0.114623,0.5130371,548.9446,-21.08934,-7.69078,108.353,12.26253,47.79107,119.0577,-0.4488453,37.95836,3.44312,-0.00731888,1.75966,0.1429525
391,0.016673,1,100,0,91.19423,0,100,118.0978,0,0,0.5445073,-0.03052713,-0.8382005,-0.08029015,0.9928514,-0.08831714,0.8349046,0.1153886,0.5381638,550.748,-20.88535,-6.882924,107.7715,12.17908,49.77728,119.3348,-0.5190039,39.26986,3.345368,-0.01185879,1.820907,0.1335108
392,0.016677,1,100,0,99.53273,0,100,118.1725,0,0,0.5700827,-0.02912213,-0.8210711,-0.07887371,0.9928159,-0.08997692,0.8177928,0.1160552,0.5636902,552.5412,-20.68273,-6.040867,107.0047,12.09068,51.92094,119.5491,-0.6388139,40.7049,3.232256,-0.01979071,1.887903,0.1228683
393,0.016695,1,100,0,107.8802,0,100,118.1782,0,0,0.5960475,-0.02738411,-0.802482,-0.07740571,0.9928037,-0.09137216,0.7992092,0.1165788,0.5896385,554.3224,-20.48128,-5.16132,106.0494,12.01723,54.20588,119.7045,-0.745805,42.25399,3.110465,-0.02716755,1.960222,0.1115119
394,0.016905,1,100,0,92.24311,0,100,118.1185,0,0,0.6225423,-0.02530015,-0.7821772,-0.07588008,0.9928166,-0.09250714,0.7788989,0.1169413,0.6161505,556.1087,-20.27854,-4.231222,104.8836,11.94221,56.64201,119.7977,-0.8738327,43.24488,2.985744,-0.03650734,2.006539,0.1012195
395,0.01645,1,100,0,100.4681,0,100,117.9902,0,0,0.6482436,-0.02300291,-0.7610856,-0.07435522,0.9928542,-0.09333882,0.7577941,0.117097,0.641901,557.8269,-20.08242,-3.285873,103.5549,11.88092,59.11488,119.8305,-0.9798031,44.35154,2.858938,-0.0446266,2.058241,0.09070618
396,0.0167,1,100,0,85.02061,0,100,117.8105,0,0,0.6741243,-0.02041451,-0.7383358,-0.07279345,0.9929154,-0.09391624,0.7350222,0.1170572,0.6678624,559.5479,-19.88428,-2.2842,102.0112,11.83032,61.70461,119.8069,-1.06907,44.94529,2.726209,-0.05218547,2.086072,0.08102968
397,0.01679,1,100,0,93.4156,0,100,117.5755,0,0,0.699689,-0.01759385,-0.7142309,-0.07122276,0.9929992,-0.09423348,0.7108886,0.1168036,0.6935376,561.251,-19.68593,-1.233224,100.2611,11.77911,64.36808,119.7259,-1.167804,45.72458,2.589386,-0.060535,2.122527,0.07088279
398,0.016555,1,100,0,101.6931,0,100,117.292,0,0,0.724475,-0.01458408,-0.6891468,-0.06969281,0.9931031,-0.09428208,0.6857688,0.1163336,0.7184619,562.9004,-19.49115,-0.1528445,98.34552,11.7365,67.03352,119.5955,-1.242672,46.65359,2.452971,-0.06754901,2.165941,0.06064106
399,0.016695,1,100,0,86.25023,0,100,116.9687,0,0,0.7489329,-0.01133628,-0.6625488,-0.06820145,0.993225,-0.09408784,0.6591267,0.1156523,0.7430858,564.5306,-19.29533,0.9814162,96.22659,11.71245,69.74113,119.4176,-1.276285,47.0743,2.309654,-0.07231929,2.185705,0.05119349
400,0.016772,1,100,0,94.63623,0,100,116.6037,0,0,0.7727442,-0.007899787,-0.6346685,-0.06678545,0.9933599,-0.09367944,0.6311944,0.1147769,0.7670855,566.1318,-19.09895,2.166415,93.91056,11.69788,72.46371,119.1932,-1.29086,47.69197,2.166017,-0.07604763,2.214624,0.04149942
401,0.016583,1,100,0,102.9277,0,100,116.2043,0,0,0.7955634,-0.004318222,-0.605855,-0.06549298,0.9935021,-0.09308164,0.6023203,0.1137316,0.7901111,567.6756,-18.90498,3.382962,91.44212,11.69163,75.14018,118.9302,-1.287118,48.47619,2.025165,-0.07878663,2.251277,0.03181259
402,0.016678,1,100,0,87.50059,0,100,115.7762,0,0,0.817687,-0.000539802,-0.5756627,-0.06442964,0.9936306,-0.09244935,0.572046,0.1126844,0.8124442,569.1862,-18.70915,4.65112,88.80043,11.83983,77.81522,118.663,-0.7589182,48.76085,1.859574,-0.04817929,2.264757,0.02157294
403,0.01667,1,100,0,95.83559,0,100,115.3526,0,0,0.8387842,0.003412489,-0.5444534,-0.06381117,0.9937049,-0.09207912,0.5407118,0.1119767,0.8337217,570.6509,-18.51053,5.962973,85.9854,12.06029,80.43642,118.3594,-0.2936538,49.24872,1.6919,-0.02180745,2.287705,0.01050749
404,0.016681,1,100,0,104.1761,0,100,114.9054,0,0,0.8588988,0.007583588,-0.5120895,-0.0635867,0.993733,-0.0919341,0.5081831,0.1115242,0.8539984,572.0688,-18.30778,7.319061,83.00217,12.3391,82.99205,118.0224,0.1010873,49.92341,1.523304,-0.0002405215,2.319357,-0.00120189
405,0.016681,1,100,0,88.74616,0,100,114.4315,0,0,0.8779289,0.0119768,-0.4786415,-0.06369949,0.9937221,-0.09197284,0.474535,0.1112348,0.8731802,573.436,-18.10015,8.717348,79.85866,12.66021,85.46836,117.6543,0.4218864,50.10267,1.355437,0.01639468,2.327977,-0.01202765
406,0.016683,1,100,0,97.08766,0,100,113.9333,0,0,0.895719,0.01657393,-0.4443119,-0.06403416,0.9936959,-0.09202358,0.4399857,0.1108784,0.8911336,574.7501,-17.88772,10.15654,76.56367,12.87538,87.83982,117.2331,0.2744576,50.4939,1.164206,0.002746651,2.346616,-0.02468932
407,0.016684,1,100,0,105.4297,0,91.658,113.3915,0,0,0.9122679,0.02138869,-0.4090352,-0.06445802,0.9936891,-0.09179961,0.4044904,0.1101114,0.9078893,576.0079,-17.67189,11.63494,73.02489,13.0538,90.12851,116.7312,0.1420779,50.92101,0.9811302,-0.01020485,2.366896,-0.03652422
408,0.01697,1,100,0,89.73241,0,83.173,112.8019,0,0,0.9277053,0.02651334,-0.3723707,-0.06523041,0.993642,-0.09176293,0.3675703,0.1094189,0.9235365,577.2258,-17.44642,13.17725,69.21568,13.74561,92.36649,116.2382,1.414439,50.70148,0.6501034,0.0668404,2.356812,-0.05668335
409,0.016397,1,100,0,97.93092,0,74.97449,112.2495,0,0,0.9411326,0.03177874,-0.3365408,-0.06669287,0.9934585,-0.09269597,0.3313936,0.1096841,0.9370956,578.3395,-17.21682,14.70302,65.32643,14.51297,94.39285,115.7073,2.328554,50.57719,0.3375862,0.1207764,2.351317,-0.07669973
410,0.016682,1,100,0,106.2719,0,66.63349,111.6957,0,0,0.953303,0.03749108,-0.2996799,-0.06871709,0.9931653,-0.0943452,0.2940946,0.1105327,0.9493638,579.4064,-16.97011,16.28847,61.18364,15.33524,96.30062,115.1191,2.955984,50.53535,0.02835057,0.1559094,2.349842,-0.09717647
411,0.016844,1,100,0,90.69122,0,58.21149,111.1131,0,0,0.9640256,0.04361492,-0.2622065,-0.07105476,0.9928329,-0.09609329,0.2561361,0.1112674,0.9602154,580.4128,-16.70941,17.92046,56.85328,15.75594,98.0306,114.4139,2.227455,49.89619,-0.278463,0.104262,2.321529,-0.1161157
412,0.016522,1,100,0,98.95222,0,49.95049,110.4458,0,0,0.9729635,0.04987347,-0.2255103,-0.07337099,0.9925721,-0.09704338,0.2189953,0.1109656,0.9693956,581.3282,-16.44753,19.54875,52.48605,16.03284,99.56453,113.6879,1.623401,49.39753,-0.560511,0.06050647,2.299609,-0.1328315
413,0.016684,1,100,0,107.2942,0,41.60849,109.7907,0,0,0.980449,0.05647869,-0.188494,-0.07596851,0.9922999,-0.09782518,0.1815175,0.1102322,0.97719,582.179,-16.17545,21.21782,47.99456,16.84982,100.9567,113.0471,2.501915,49.01291,-1.06518,0.1114503,2.282081,-0.1637754
414,0.01669,1,100,0,91.85597,0,33.2635,109.2231,0,0,0.986387,0.0635258,-0.1516747,-0.07915506,0.9919009,-0.09933244,0.1441362,0.109986,0.9834265,582.9547,-15.88974,22.90966,43.41733,17.64868,102.1582,112.3959,3.027292,48.07598,-1.545646,0.1400968,2.239156,-0.1924989
415,0.016683,1,100,0,100.1975,0,24.922,108.6642,0,0,0.9907836,0.07096013,-0.1153798,-0.08279748,0.9914081,-0.1012649,0.1072027,0.1098848,0.9881463,583.6533,-15.59123,24.61978,38.78705,18.3754,103.1686,111.7401,3.268413,47.30209,-1.998985,0.1502489,2.204105,-0.2199046
416,0.016676,1,100,0,84.77217,0,16.584,108.123,0,0,0.9937029,0.07874271,-0.07971297,-0.08680957,0.9908462,-0.1033836,0.07084259,0.1096525,0.9914424,584.2744,-15.28134,26.34499,34.13449,18.98995,103.9908,111.0849,3.299591,46.01367,-2.423084,0.1475993,2.145298,-0.2443164
417,0.016681,1,100,0,69.34225,0,8.243498,107.6013,0,0,0.9952097,0.08675417,-0.04507157,-0.0910869,0.990274,-0.10517,0.03550927,0.1087716,0.9934325,584.8183,-14.9664,28.08321,29.5404,18.6515,104.5966,110.2768,2.162908,44.2571,-2.760508,0.07112104,2.066179,-0.2616045
418,0.016688,1,100,0,53.90585,0,0,106.9874,0,0,0.9954251,0.09481174,-0.01182264,-0.09553163,0.9897736,-0.1059352,0.001657831,0.10658,0.994303,585.286,-14.65779,29.83149,24.99034,18.16869,105.0629,109.5118,1.314505,42.0704,-3.05968,0.01430644,1.966497,-0.2747595
419,0.016682,1,100,0,38.47499,0,0,106.4422,0,0,0.9944976,0.1028963,0.01966881,-0.1002537,0.9892704,-0.1062697,-0.03039253,0.1037131,0.9941428,585.6785,-14.35406,31.58626,20.59561,18.27445,105.4131,108.9498,1.479597,39.63739,-3.630903,0.02341689,1.854079,-0.3047369
420,0.016688,1,100,0,30.13099,0,0,106.065,0,0,0.9925807,0.1111785,0.04922646,-0.1054387,0.9886645,-0.1068905,-0.06055238,0.100907,0.9930518,585.9987,-14.0489,33.34684,16.35393,18.30085,105.6457,108.4592,1.558218,37.17881,-4.157727,0.02760934,1.7405,-0.3321106
421,0.016684,1,100,0,21.78899,0,0,105.7681,0,0,0.9898455,0.1196178,0.07679515,-0.111031,0.9879595,-0.1077416,-0.08875831,0.09812091,0.9912086,586.249,-13.74386,35.11031,12.28042,18.24046,105.7783,108.0396,1.581777,34.69844,-4.637616,0.02894928,1.625873,-0.356701
422,0.016827,1,100,0,13.37549,0,0,105.5481,0,0,0.9864271,0.128212,0.1025827,-0.1170248,0.9871821,-0.1085193,-0.1151813,0.09504163,0.9887872,586.4341,-13.4423,36.89054,8.431779,17.27488,105.8099,107.5419,0.7859061,32.17721,-4.967348,-0.02129063,1.510806,-0.3715373
423,0.016537,1,100,0,5.106995,0,0,105.2942,0,0,0.9825855,0.1366034,0.1259572,-0.1231996,0.9864096,-0.1087094,-0.1390955,0.09129842,0.9860613,586.5538,-13.16215,38.64024,4.840734,16.26389,105.7761,107.1286,0.1971895,29.68383,-5.235128,-0.05748295,1.396442,-0.3824439
424,0.016679,1,100,0,-3.232506,0,0,105.1133,0,0,0.9783748,0.1449506,0.1475546,-0.1296554,0.9856034,-0.1085177,-0.1611601,0.0870397,0.9830832,586.6155,-12.89679,40.4041,1.413202,15.19409,105.6912,106.7871,-0.2678036,27.14924,-5.44878,-0.08490576,1.279734,-0.3899499
425,0.016687,1,100,0,-11.57601,0,0,104.998,0,0,0.9739637,0.1531344,0.1671668,-0.1362845,0.9847586,-0.1080615,-0.1811669,0.08246578,0.979989,586.6212,-12.64939,42.16718,-1.81547,14.08325,105.5701,106.5208,-0.6467127,24.59719,-5.606273,-0.1059726,1.161852,-0.3941145
426,0.016659,1,100,0,-19.90551,0,0,104.9478,0,0,0.9694903,0.1611036,0.1847541,-0.143022,0.9838724,-0.1074234,-0.1990808,0.07772204,0.9768962,586.5742,-12.42088,43.92516,-4.836162,12.97678,105.4294,106.3351,-0.9630271,22.03508,-5.733027,-0.1222001,1.043221,-0.3966692
427,0.016688,1,100,0,-28.24951,0,0,104.965,0,0,0.9650555,0.1688668,0.2003801,-0.1498506,0.9829394,-0.1066558,-0.2149721,0.07290171,0.9738958,586.4778,-12.2106,45.68378,-7.657236,11.84188,105.2786,106.2189,-1.240308,19.45463,-5.806832,-0.1351037,0.923472,-0.3962314
428,0.016674,1,100,0,-36.58651,0,0,105.0398,0,0,0.9607776,0.1763732,0.2140067,-0.1566989,0.9819645,-0.1057887,-0.2288052,0.06810482,0.971087,586.3356,-12.01952,47.43842,-10.26931,10.68983,105.1297,106.1696,-1.491087,16.86419,-5.829579,-0.145517,0.8030239,-0.3929704
429,0.016682,1,100,0,-44.92751,0,0,105.1678,0,0,0.9567475,0.1836067,0.2256607,-0.1635253,0.9809532,-0.104835,-0.240611,0.0633994,0.9685489,586.1509,-11.84763,49.19147,-12.67516,9.527476,104.9929,106.1835,-1.723859,14.261,-5.803856,-0.1540021,0.6817687,-0.3870606
430,0.016671,1,100,0,-53.263,0,0,105.3445,0,0,0.9530413,0.1906062,0.2353333,-0.1703574,0.9799043,-0.1037599,-0.2503814,0.05879673,0.9663604,585.9277,-11.69575,50.94111,-14.80767,8.271175,104.861,106.2238,-2.112813,11.64954,-5.931847,-0.17163,0.5606961,-0.3914102
431,0.016683,1,100,0,-61.6045,0,0,105.5274,0,0,0.9496984,0.1974961,0.2430397,-0.1773231,0.9788029,-0.1024781,-0.258127,0.05422676,0.9645882,585.67,-11.56478,52.68996,-16.7372,7.005933,104.7588,106.3185,-2.498419,9.026264,-6.00831,-0.1883437,0.4389027,-0.3928876
432,0.016687,1,100,0,-69.94801,0,0,105.7493,0,0,0.94678,0.204245,0.2487806,-0.1843718,0.9776555,-0.1009797,-0.2638463,0.0497374,0.9632817,585.3811,-11.4549,54.43772,-18.46057,5.738148,104.6939,106.4638,-2.883878,6.393346,-6.035545,-0.2043622,0.3164986,-0.391642
433,0.016841,1,100,0,-78.36851,0,0,106.0059,0,0,0.9443414,0.2107354,0.2526067,-0.1914013,0.976496,-0.09910296,-0.2675539,0.04523777,0.9624806,585.0614,-11.36614,56.2002,-20.02577,4.331688,104.573,106.5613,-3.542003,3.727787,-5.586799,-0.2369618,0.1930394,-0.3602555
434,0.016522,1,100,0,-86.62951,0,0,106.2034,0,0,0.9425404,0.2164781,0.2544698,-0.197939,0.9754376,-0.09665328,-0.2691427,0.04073012,0.9622388,584.7234,-11.30239,57.92764,-21.32549,2.907497,104.5141,106.7072,-4.133539,1.109227,-5.11667,-0.2648888,0.0714731,-0.3279765
435,0.016678,1,100,0,-94.96851,0,0,106.4256,0,0,0.9412941,0.2218718,0.2544375,-0.204355,0.9744045,-0.09367606,-0.2687091,0.03618114,0.9625418,584.3623,-11.26164,59.6712,-22.30907,1.512068,104.6005,106.9637,-4.676342,-1.545864,-5.26305,-0.2889633,-0.05165318,-0.3356135
436,0.016916,0.5,100,0,-103.4265,0,0,106.7317,0,0,0.9405422,0.2273017,0.2524175,-0.2110678,0.973319,-0.09000516,-0.2661411,0.03137644,0.9634236,583.9815,-11.23877,61.4419,-22.91382,1.030374,104.8276,107.3076,-5.983048,-4.245694,-5.150218,-0.360645,-0.1741704,-0.3269829
437,0.016456,0.5,100,0,-88.2047,14.8104,0,107.124,0,0,0.9403045,0.2323889,0.2486422,-0.217688,0.9722691,-0.08547029,-0.2616094,0.02624168,0.9648173,583.6025,-11.22924,63.16566,-23.27536,-0.3243264,104.595,107.1539,-6.570682,-6.488219,-5.008219,-0.3882318,-0.2779893,-0.3173168
438,0.016693,0.5,100,0,-96.5512,6.463901,0,106.9956,0,0,0.9405259,0.2372105,0.2431919,-0.2241428,0.9712274,-0.08048456,-0.2552865,0.02118808,0.9666336,583.2125,-11.24275,64.91013,-23.53267,-1.780243,104.3183,106.9545,-6.647819,-8.655628,-4.409346,-0.383579,-0.3805789,-0.2788479
439,0.016673,0.5,100,0,-104.8877,0,0,106.8074,0,0,0.9411963,0.2416135,0.2361625,-0.2301538,0.9702309,-0.07537617,-0.2473441,0.01659006,0.968786,582.8196,-11.28001,66.6482,-23.61937,-3.146337,104.0986,106.7909,-6.898318,-10.75534,-4.443045,-0.3898176,-0.4790977,-0.2812127
440,0.016673,0.5,100,0,-89.46518,0,0,106.6392,0,0,0.9421307,0.2460529,0.2277012,-0.236171,0.9691787,-0.07011487,-0.2379351,0.01228097,0.9712036,582.4259,-11.33986,68.3828,-23.59392,-4.476492,103.9128,106.6517,-7.134974,-12.24338,-4.447525,-0.397451,-0.5488157,-0.2821057
441,0.016692,1,100,0,-97.81118,0,0,106.4794,0,0,0.9432305,0.2505234,0.2180695,-0.2421556,0.9680753,-0.06473649,-0.2273257,0.008254677,0.9737838,582.0338,-11.42567,70.11658,-23.28726,-6.469891,103.7817,106.5589,-7.175508,-13.83885,-4.428056,-0.3920239,-0.6245534,-0.2816094
442,0.016689,1,100,0,-106.1557,0,0,106.3013,0,0,0.9444914,0.2549596,0.2071996,-0.2480386,0.9669414,-0.05917305,-0.2154367,0.004494939,0.9765077,581.6471,-11.53918,71.85037,-22.93185,-7.466427,104.1021,106.8591,-7.79765,-15.52773,-4.261779,-0.4225738,-0.7022961,-0.2718266
443,0.016677,0.5,100,0,-90.72945,0,0,106.5633,0,0,0.9458574,0.2593054,0.1952297,-0.2538489,0.9657954,-0.05291788,-0.2022738,0.0004939362,0.9793291,581.2657,-11.66541,73.58887,-22.73024,-7.775457,104.5323,107.2573,-8.674254,-16.63786,-4.192769,-0.4714541,-0.7514752,-0.2686037
444,0.016698,0.5,100,0,-99.07845,0,0,106.9654,0,0,0.947219,0.2636463,0.1823923,-0.2596462,0.9646117,-0.0459151,-0.1880431,-0.003865808,0.9821532,580.8886,-11.8015,75.33382,-22.28545,-8.898591,104.435,107.1564,-9.129457,-17.88772,-4.095266,-0.4929943,-0.8092104,-0.2638668
445,0.016679,0.5,100,0,-107.418,0,0,106.7962,0,0,0.9485641,0.2679603,0.1685936,-0.2653203,0.9633946,-0.03842533,-0.1727186,-0.008282401,0.9849368,580.52,-11.95573,77.07526,-21.73032,-9.944784,104.3598,107.0611,-9.727085,-19.2605,-3.980221,-0.5227183,-0.8721926,-0.2582554
446,0.016708,0.5,100,0,-91.96305,0,0,106.6234,0,0,0.9498413,0.2722538,0.1538813,-0.2708768,0.9621385,-0.03025641,-0.1562926,-0.01294408,0.9876261,580.1606,-12.12725,78.81859,-21.06815,-10.90908,104.3019,106.9661,-10.5027,-20.08203,-3.842978,-0.5659631,-0.9081544,-0.2514425
447,0.016782,0.5,100,0,-100.354,0,0,106.4453,0,0,0.9509765,0.2765312,0.1384708,-0.2763167,0.9608337,-0.02115836,-0.1388983,-0.01814069,0.9901404,579.8282,-12.31015,80.56318,16.13133,-0.5434027,88.7581,106.8674,-13.68078,-34.17845,-8.13866,-0.6973619,-1.56688,-0.533492
448,0.016624,0.5,100,0,-84.97685,0,0,85.65222,0,0,0.95174,0.2854827,0.1126536,-0.2861321,0.9581305,-0.01070778,-0.1109937,-0.02204278,0.9935768,580.1801,-12.3011,82.00552,18.72534,-0.6348712,83.41711,89.63547,-14.31922,-34.77232,-8.277902,-0.7286943,-1.593963,-0.5452275
449,0.016745,1,100,0,-93.34935,0,0,80.81691,0,0,0.95165,0.2948544,0.08615936,-0.2959968,0.955189,0.0005068425,-0.08214903,-0.02598523,0.9962816,580.5122,-12.31734,83.38677,17.72746,-2.496688,78.79437,84.47684,-14.62818,-34.91962,-8.407606,-0.7410933,-1.601481,-0.5562583
450,0.01676,1,100,0,-101.7293,0,0,77.10997,0,0,0.9506591,0.3044764,0.05951082,-0.3056903,0.9520521,0.01226427,-0.05292322,-0.02985102,0.9981525,580.8403,-12.35348,84.69186,18.16296,-2.734682,74.6945,80.67226,-15.11559,-35.74483,-8.601467,-0.7608947,-1.640757,-0.5717544
451,0.016472,1,100,0,-86.49274,0,0,73.6769,0,0,0.9487741,0.3142411,0.03287121,-0.315077,0.9487549,0.02431078,-0.02354727,-0.03342239,0.9991642,581.1574,-12.39681,85.91309,17.3227,-3.328219,71.48284,76.96363,-15.24226,-35.47968,-8.546954,-0.7635234,-1.629575,-0.5705745
452,0.016731,1,100,0,-94.85825,0,0,71.12643,0,0,0.9459618,0.3242228,0.005983594,-0.3242206,0.9452859,0.03627172,0.006103913,-0.03625167,0.9993241,581.4323,-12.46247,87.11403,14.65894,-5.125478,72.39017,74.03709,-13.40744,-35.05144,-8.331686,-0.6448174,-1.621095,-0.5580602
453,0.016674,1,100,0,-103.1952,0,0,72.61652,0,0,0.9423547,0.3339806,-0.02060659,-0.3327754,0.941843,0.04682399,0.03504648,-0.03726744,0.9986907,581.666,-12.55425,88.32594,12.74934,-6.265957,73.27959,74.64386,-12.63124,-34.87427,-8.140458,-0.5910847,-1.619015,-0.5461987
454,0.016949,1,100,0,-87.51742,0,0,73.86398,0,0,0.9379003,0.3436547,-0.04737432,-0.3409541,0.9383616,0.05681153,0.06397779,-0.03713108,0.9972601,581.8748,-12.66466,89.57321,11.46967,-7.013895,74.21752,75.42538,-11.63324,-34.25182,-7.888431,-0.5263815,-1.596694,-0.5293492
455,0.016515,1,100,0,-95.77492,0,0,75.00842,0,0,0.9328668,0.3527352,-0.07305847,-0.3484169,0.9350395,0.06562902,0.09146222,-0.03576833,0.9951662,582.0602,-12.78243,90.80395,10.7538,-7.366269,75.13605,76.25833,-10.51248,-33.91582,-7.588559,-0.453114,-1.588868,-0.5088156
456,0.016686,1,100,0,-104.1179,0,0,76.01991,0,0,0.9271271,0.361478,-0.09883878,-0.3554677,0.9317976,0.07345886,0.1186515,-0.03297171,0.9923885,582.297,-12.88323,92.04556,12.72476,-6.028089,72.46693,77.11871,-9.645724,-34.58176,-7.582058,-0.3900822,-1.62843,-0.5068319
457,0.01665,1,100,0,-88.71667,0,0,73.62391,0,0,0.9205756,0.3700387,-0.1249487,-0.3623368,0.9285712,0.08042442,0.1457839,-0.02876326,0.9888986,582.5317,-12.97376,93.25024,12.75784,-5.332655,70.47125,74.70932,-8.688141,-33.9032,-7.264948,-0.3297018,-1.603049,-0.4833498
458,0.016812,1,100,0,-73.16557,0,0,71.70219,0,0,0.9134136,0.3781222,-0.1506628,-0.3688219,0.9254563,0.08660841,0.1721804,-0.02354155,0.9847841,582.7451,-13.06201,94.44062,12.56371,-5.081174,71.47349,72.74699,-7.447884,-32.93274,-6.801235,-0.254346,-1.56506,-0.4498518
459,0.016554,1,100,0,-57.85312,0,0,72.6688,0,0,0.9059734,0.3853611,-0.1752405,-0.3748547,0.9226153,0.09091303,0.1967139,-0.01667506,0.9803193,582.9537,-13.14308,95.62957,12.68548,-4.525762,72.51716,73.75732,-4.246254,-31.63405,-6.315853,-0.06142245,-1.523192,-0.4139718
460,0.016712,1,100,0,-42.39452,0,0,73.66085,0,0,0.8982006,0.3918992,-0.1991252,-0.380827,0.9199775,0.09280299,0.2195601,-0.007523455,0.9755701,583.1676,-13.21399,96.84663,13.03732,-3.675464,73.43867,74.67743,-2.915575,-29.98274,-5.956822,0.01324469,-1.452132,-0.3856812
461,0.016936,1,100,0,-33.92651,0,0,74.5347,0,0,0.8902004,0.3978019,-0.2220287,-0.3866341,0.9174679,0.09363025,0.2409506,0.002494201,0.9705341,583.3915,-13.27042,98.09531,13.58509,-2.64096,74.30337,75.58121,-1.835085,-28.20178,-5.554716,0.07090764,-1.372956,-0.3548822
462,0.016383,1,100,0,-25.73501,0,0,75.3807,0,0,0.882484,0.4028038,-0.2428396,-0.3919719,0.9152001,0.09363041,0.2599615,0.01255897,0.9655371,583.6177,-13.30762,99.31683,14.26325,-1.525008,75.07011,76.42832,-1.046806,-26.39393,-5.133723,0.1096355,-1.290348,-0.323569
463,0.016732,1,100,0,-17.36901,0,0,76.17172,0,0,0.8747539,0.4072051,-0.2626591,-0.3970867,0.9130502,0.09306957,0.2777194,0.02288548,0.9603899,584.3826,-13.14343,100.433,21.87459,2.728261,68.15381,77.26885,-0.174513,-18.82547,-5.48729,0.1148681,-0.924111,-0.3446676
464,0.016795,1,100,0,-8.971515,0,0,71.59167,0,0,0.8682251,0.4118976,-0.2766331,-0.4025324,0.9107057,0.0926455,0.2900918,0.0309166,0.9564997,584.7471,-13.0942,101.5841,21.38054,3.338578,69.31285,72.61229,0.2617084,-17.29556,-4.97775,0.1326378,-0.8525177,-0.310388
465,0.016649,1,100,0,-0.6470146,0,0,72.60326,0,0,0.8621328,0.4158854,-0.289424,-0.4077331,0.908556,0.09099147,0.3008,0.03956103,0.9528662,585.1011,-13.03318,102.7449,21.02169,4.322137,70.53938,73.73192,3.356227,-15.67806,-4.295815,0.3115503,-0.7943912,-0.2662007
466,0.016687,1,100,0,7.696486,0,0,73.70889,0,0,0.8564873,0.4191037,-0.3013,-0.4131308,0.9065441,0.08660701,0.309439,0.0502985,0.9495881,585.4505,-12.95435,103.9284,20.78363,5.53026,71.69798,74.85414,5.653069,-13.95183,-3.597258,0.4404333,-0.7255079,-0.2212246
467,0.016691,1,100,0,16.04198,0,0,74.79297,0,0,0.8513897,0.4216348,-0.3120253,-0.4184306,0.9046549,0.08071958,0.3163094,0.0618371,0.9466388,585.7974,-12.85565,105.1307,20.76942,6.683637,72.68894,75.89283,5.855809,-12.12599,-3.140697,0.440652,-0.6372443,-0.1917524
468,0.01668,1,100,0,24.38198,0,0,75.79303,0,0,0.8468924,0.4236864,-0.321346,-0.4233105,0.9028898,0.07482174,0.3218409,0.07266317,0.9440014,586.1443,-12.73779,106.3482,20.87059,7.834728,73.60394,76.90581,5.790245,-10.21724,-2.672114,0.4237224,-0.5429602,-0.1622763
469,0.016666,1,100,0,32.71498,0,14.9994,76.76853,0,0,0.843078,0.4253166,-0.3291285,-0.4276849,0.9012796,0.06914478,0.3260453,0.08246886,0.9417505,586.4933,-12.60102,107.5798,21.08134,8.952447,74.48761,77.92928,5.551308,-8.042109,-2.195699,0.3942359,-0.4341838,-0.1333074
470,0.016694,1,100,0,41.06199,0,30.024,77.76051,0,0,0.840041,0.4266028,-0.3351735,-0.4315065,0.8998487,0.06383184,0.3288363,0.09100821,0.9399917,586.8469,-12.44569,108.8282,21.37775,10.01184,75.35547,78.9664,5.222544,-5.612165,-1.714256,0.3574012,-0.3120357,-0.1050621
471,0.01667,1,100,0,49.39698,0,45.027,78.77446,0,0,0.8378844,0.4275774,-0.3393042,-0.4348144,0.8986081,0.05865049,0.3299791,0.09839202,0.9388466,587.2047,-12.27207,110.0896,21.62028,11.22448,76.29514,80.08978,5.876029,-2.953858,-1.113426,0.3785831,-0.1853264,-0.07093287
472,0.016885,1,100,0,57.83949,0,60.2235,79.86806,0,0,0.8366756,0.4282463,-0.3414366,-0.4377699,0.8975246,0.0529825,0.3291373,0.1051415,0.9384103,587.5712,-12.07592,111.3832,21.89019,12.40254,77.25546,81.24906,6.248938,-0.03269812,-0.5136319,0.3808022,-0.04353174,-0.03777912
473,0.016427,1,100,0,66.05299,0,75.0078,81.00623,0,0,0.8365099,0.4286638,-0.341319,-0.4401792,0.8966621,0.04732316,0.3263336,0.1106552,0.9387556,587.9323,-11.86633,112.6575,22.1641,13.47357,78.20583,82.395,6.416107,3.003777,0.05696645,0.3696895,0.1055339,-0.007086733
474,0.016696,1,100,0,74.40099,0,90.03419,82.13997,0,0,0.837392,0.4289266,-0.3388166,-0.4421071,0.8959965,0.04161489,0.3214282,0.1149452,0.9399319,588.3039,-11.63583,113.9687,22.44176,14.47049,79.1986,83.57898,6.467991,6.290162,0.6201103,0.3498363,0.2678985,0.02239121
475,0.016943,1,100,0,82.87248,0,100,83.31802,0,0,0.8393584,0.4290871,-0.3337092,-0.4436638,0.8954896,0.03550999,0.31407,0.1182491,0.9420072,588.6848,-11.38352,115.3169,22.54517,15.73563,80.31828,84.89359,7.948293,9.745683,1.183554,0.4156997,0.4289529,0.05001744
476,0.016428,1,100,0,91.08648,0,100,84.60188,0,0,0.8422266,0.429183,-0.3262765,-0.4450377,0.8950562,0.0285657,0.3042957,0.1211466,0.9448428,589.0552,-11.11868,116.6424,22.56113,16.89438,81.41177,86.15277,8.932131,13.0585,1.702331,0.4523784,0.5864196,0.07519616
477,0.016722,1,100,0,99.44748,0,100,85.83327,0,0,0.8460323,0.4292603,-0.3161726,-0.4461558,0.8947117,0.02088095,0.2918467,0.1233963,0.948472,589.4321,-10.83014,118.01,22.48618,17.97701,82.53577,87.41256,9.578745,16.40716,2.199768,0.4683152,0.748041,0.09912501
478,0.016726,1,100,0,107.8105,0,100,87.06368,0,0,0.8506382,0.4293231,-0.3034736,-0.4469361,0.8944764,0.01264854,0.2768803,0.124874,0.9527558,589.8067,-10.52313,119.397,22.21617,19.11098,83.7143,88.69539,10.69573,19.73044,2.740852,0.5129899,0.9050919,0.1254819
479,0.016637,1,100,0,92.42126,0,100,88.29697,0,0,0.8558506,0.4293245,-0.2884448,-0.4473765,0.8943382,0.00372307,0.2595656,0.125857,0.9574896,590.1742,-10.19955,120.7964,21.8233,20.12761,84.90008,89.94109,11.39239,22.34758,3.2386,0.5369895,1.029878,0.150937
480,0.016643,1,100,0,100.7428,0,100,89.48872,0,0,0.861483,0.4292376,-0.2712976,-0.447368,0.8943326,-0.005598187,0.2402274,0.1261926,0.9624795,590.5345,-9.859662,122.216,21.30228,21.01124,86.09778,91.1487,11.75387,24.99791,3.694087,0.5404592,1.158642,0.1741794
481,0.016676,1,100,0,85.31746,0,100,90.6362,0,0,0.867388,0.4290589,-0.2520846,-0.4468343,0.8944905,-0.01503286,0.2190373,0.1256793,0.9675886,590.8862,-9.505176,123.6585,20.6487,21.74906,87.30597,92.31318,11.87211,27.01708,4.105659,0.5335477,1.257598,0.1965455
482,0.016681,1,100,0,93.65796,0,100,91.7325,0,0,0.8733371,0.4288255,-0.2310653,-0.4457453,0.8948369,-0.02404957,0.1964527,0.1239997,0.9726413,591.2272,-9.14048,125.1213,20.02217,22.0901,88.4687,93.35722,10.89735,29.11749,4.232729,0.4599091,1.368523,0.2023197
483,0.016678,1,100,0,101.997,0,100,92.72089,0,0,0.8791638,0.4286815,-0.2080946,-0.4441435,0.8953877,-0.03190258,0.1726493,0.1204715,0.9775886,591.5569,-8.771138,126.6033,19.25826,22.25499,89.63504,94.34302,10.07214,31.29047,4.32245,0.394862,1.481963,0.2065968
484,0.016684,1,100,0,86.56425,0,100,93.63221,0,0,0.8847221,0.4285699,-0.1832892,-0.4421158,0.8961217,-0.03872993,0.147651,0.1153003,0.9822961,591.8733,-8.399853,128.1053,18.34782,22.25027,90.80039,95.27029,9.381849,32.86356,4.375599,0.3421368,1.56451,0.2107307
485,0.016675,1,100,0,94.90176,0,100,94.46741,0,0,0.889857,0.4283636,-0.1570334,-0.4397641,0.8969764,-0.04518224,0.1215008,0.1092634,0.9865596,592.1719,-8.026857,129.6262,17.00597,22.60343,92.02093,96.27029,10.31625,34.55291,4.546737,0.3874116,1.641394,0.2215897
486,0.017003,1,100,0,103.4033,0,100,95.3201,0,0,0.8945664,0.4279813,-0.1287746,-0.4371055,0.8978851,-0.05235392,0.09321831,0.1031222,0.9902909,592.4524,-7.641208,131.1978,15.47372,22.83506,93.23862,97.23331,10.92411,36.38618,4.674612,0.4119991,1.72765,0.2301891
487,0.016669,1,100,0,87.98444,0,100,96.13059,0,0,0.8985324,0.4274399,-0.09967379,-0.4342023,0.8988386,-0.05964767,0.06409486,0.09687395,0.993231,592.7012,-7.260049,132.7584,13.81394,22.92723,94.39397,98.11576,11.24283,37.60945,4.754154,0.4233341,1.785527,0.2373517
488,0.016298,1,100,0,96.13344,0,100,96.86147,0,0,0.9016562,0.4267276,-0.07014115,-0.4310665,0.8998442,-0.06680028,0.03461058,0.0904664,0.9952981,592.9168,-6.886604,134.3028,12.04536,22.88436,95.47568,98.91608,11.33544,38.9381,4.788572,0.4203633,1.850167,0.2420216
489,0.016772,1,100,0,104.5194,0,100,97.51392,0,0,0.9039842,0.425826,-0.03853355,-0.4275537,0.9009607,-0.07394342,0.003230181,0.08331884,0.9965178,593.1079,-6.503773,135.9101,10.084,22.70634,96.52777,99.67384,11.26688,40.43855,4.780288,0.4066014,1.924356,0.24466
490,0.016595,1,100,0,89.16907,0,100,98.11608,0,0,0.9052648,0.4248041,-0.006101675,-0.4238819,0.9021454,-0.0803614,-0.02863325,0.07533473,0.9967472,593.2646,-6.129931,137.5173,8.153441,22.16736,97.47121,100.2921,10.23951,41.37666,4.553521,0.3385426,1.977332,0.2355169
491,0.016682,1,100,0,97.51007,0,100,98.59067,0,0,0.9053959,0.4236835,0.02740196,-0.4201499,0.9033921,-0.08577237,-0.06109506,0.06614502,0.9959381,593.3886,-5.76281,139.1483,5.970364,21.68406,98.35604,100.8948,9.889318,42.48212,4.334463,0.3106436,2.033845,0.2273681
492,0.01668,1,100,0,105.8501,0,100,99.02606,0,0,0.9042782,0.4224466,0.0618058,-0.4163989,0.9046287,-0.09087919,-0.09430291,0.0564442,0.9939424,593.4745,-5.402627,140.7935,3.503642,21.41049,99.16785,101.5133,10.41384,43.73606,4.030622,0.3351569,2.091743,0.2139491
493,0.016683,1,100,0,90.41829,0,100,99.44523,0,0,0.9018058,0.4211269,0.09694657,-0.4126501,0.9057968,-0.09618817,-0.1283213,0.04673803,0.9906308,593.5186,-5.047564,142.4519,0.9056345,21.02564,99.87249,102.0657,10.63463,44.45696,3.694856,0.3448865,2.125284,0.199457
494,0.016674,1,100,0,98.75529,0,100,99.80325,0,0,0.8979275,0.4197161,0.1325317,-0.4089385,0.9069051,-0.1014514,-0.1627744,0.03689874,0.985973,593.5186,-4.699767,144.1206,-1.807768,20.52233,100.4593,102.55,10.60789,45.35394,3.330339,0.3384218,2.169193,0.1834437
495,0.016682,1,100,0,107.0963,0,100,100.1017,0,0,0.8925445,0.418216,0.1687003,-0.4053195,0.9079573,-0.1064413,-0.1976881,0.02662611,0.9799034,593.4728,-4.360882,145.7991,-4.624127,19.89638,100.9198,102.9663,10.39629,46.41248,2.939499,0.319676,2.222291,0.1663428
496,0.016689,1,100,0,91.65897,0,100,100.3356,0,0,0.885592,0.4166039,0.2053485,-0.4018506,0.9089509,-0.111015,-0.232901,0.01579459,0.9723722,593.3795,-4.032999,147.4854,-7.531729,19.14494,101.245,103.3141,10.05408,46.95158,2.525412,0.2965668,2.250548,0.1486851
497,0.016842,1,100,0,100.08,0,100,100.5043,0,0,0.876989,0.4148335,0.2424939,-0.3985036,0.909886,-0.1153348,-0.2684865,0.004512705,0.9632727,593.2354,-3.714609,149.1918,-10.62868,18.42129,101.4367,103.6423,10.19921,47.68967,2.096164,0.3019782,2.285293,0.1305332
498,0.016519,1,100,0,84.79989,0,100,100.648,0,0,0.8669775,0.4129521,0.2789636,-0.3953243,0.9107286,-0.1195497,-0.3034284,-0.006634191,0.9528311,593.0427,-3.414766,150.8678,-13.73823,17.60946,101.4734,103.9023,10.11633,47.92831,1.656532,0.2969095,2.296898,0.1118283
499,0.016681,1,100,0,93.14039,0,100,100.7388,0,0,0.8553172,0.4109063,0.3155767,-0.3922828,0.911499,-0.1236291,-0.3384479,-0.01805322,0.9408122,592.7958,-3.126153,152.5599,-16.93307,16.68481,101.3537,104.1042,9.860997,48.38218,1.197024,0.2799839,2.320234,0.09219618
500,0.016825,1,100,0,101.5529,0,100,100.7845,0,0,0.8419009,0.4086813,0.3523956,-0.3894656,0.9121851,-0.1274178,-0.3735232,-0.02997284,0.9271368,592.4926,-2.851252,154.2638,-20.19365,15.64479,101.0699,104.2481,9.481087,49.03788,0.721051,0.2542337,2.354301,0.072143
501,0.016795,1,100,0,86.01751,0,100,100.7795,0,0,0.8268384,0.4062738,0.3889472,-0.386966,0.9127693,-0.1308041,-0.4081613,-0.04235546,0.9119269,592.135,-2.594903,155.9589,-23.47287,14.49852,100.6199,104.3338,9.02292,49.1965,0.2367476,0.2271203,2.364353,0.05179251
502,0.016466,1,100,0,94.25051,0,100,100.7246,0,0,0.8105228,0.4037484,0.4243113,-0.3848167,0.9132299,-0.1338931,-0.4415529,-0.05475865,0.8955628,591.7303,-2.36189,157.6126,-26.77442,13.4547,100.022,104.4141,9.001249,49.5639,-0.331524,0.2253646,2.381737,0.02643603
503,0.01676,1,100,0,102.6305,0,91.62,100.6616,0,0,0.7922836,0.4010572,0.4598259,-0.3828129,0.9135771,-0.1372266,-0.4751222,-0.06730495,0.877342,591.2621,-2.142227,159.2845,-30.26644,12.40797,99.18288,104.4378,9.356888,49.9984,-0.9276208,0.2463894,2.399903,-0.0001558103
504,0.016594,1,100,0,87.28106,0,83.32301,100.5624,0,0,0.7726545,0.3983149,0.4943179,-0.3810169,0.9137897,-0.1407629,-0.5077707,-0.07958242,0.8578084,590.7408,-1.942993,160.9246,-33.71112,11.20189,98.11129,104.3444,8.932943,49.82269,-1.561092,0.2236316,2.393051,-0.03034272
505,0.016578,1,100,0,95.57006,0,75.034,100.3867,0,0,0.751623,0.3955416,0.5278349,-0.3796839,0.9138203,-0.1441262,-0.5393542,-0.09208184,0.8370292,590.1629,-1.764594,162.5441,-37.15596,9.878194,96.81129,104.1661,8.408951,49.75023,-2.185847,0.1940187,2.391955,-0.05979791
506,0.016678,1,100,0,103.9091,0,66.69501,100.1645,0,0,0.7290336,0.3926847,0.5606324,-0.3788593,0.9136574,-0.1472945,-0.5700662,-0.1050182,0.8148592,589.524,-1.607884,164.1504,-40.59614,8.430869,95.27959,103.9102,7.82672,49.77315,-2.802178,0.1602149,2.395956,-0.08829541
507,0.016688,1,100,0,88.47266,0,58.35101,99.89655,0,0,0.7051033,0.3897419,0.5923942,-0.378572,0.9132929,-0.150265,-0.5995939,-0.1183115,0.7915113,588.8276,-1.475852,165.7309,-43.98748,6.872105,93.53125,103.5868,7.225134,49.21771,-3.402715,0.1288926,2.37164,-0.1166505
508,0.016681,1,100,0,96.81316,0,50.01051,99.59262,0,0,0.6800866,0.3867331,0.6228322,-0.3788123,0.9127225,-0.1530987,-0.6276813,-0.1318161,0.7672295,588.0754,-1.370443,167.2804,-47.30368,5.211673,91.5798,103.2069,6.630218,48.79961,-3.983133,0.09704855,2.35409,-0.1435381
509,0.016677,1,100,0,105.1517,0,41.672,99.26738,0,0,0.6540068,0.3836452,0.6519904,-0.3793871,0.9119804,-0.1560684,-0.6544774,-0.145287,0.7419914,587.2678,-1.291827,168.7961,-50.65962,3.717557,89.44581,102.8629,6.951305,48.5067,-4.613266,0.1206309,2.336842,-0.1726493
510,0.016689,1,100,0,89.71433,0,33.3275,98.98348,0,0,0.6269805,0.3805508,0.6797624,-0.3799357,0.9111328,-0.1596441,-0.6801065,-0.1581723,0.7158473,586.4041,-1.2383,170.2761,-53.92282,2.185878,87.12509,102.4853,7.054636,47.66476,-5.219723,0.1341777,2.293894,-0.2023972
511,0.016823,1,100,0,98.12583,0,24.916,98.69578,0,0,0.5990242,0.3775006,0.706161,-0.3806212,0.9101325,-0.1636655,-0.704484,-0.1707402,0.6888762,585.4794,-1.210853,171.7279,-57.04213,0.5216708,84.62096,102.0529,6.672097,46.98357,-5.819913,0.1166762,2.261849,-0.2323886
512,0.016561,1,100,0,106.4063,0,16.63551,98.38956,0,0,0.5707778,0.3745453,0.7307041,-0.3816462,0.9089506,-0.1677944,-0.7270206,-0.1830971,0.6617526,584.5184,-1.211552,173.1151,-59.96896,-1.171005,82.01534,101.6079,6.254403,46.46291,-6.377728,0.09587477,2.238041,-0.2596943
513,0.016687,1,100,0,90.97086,0,8.292006,98.08694,0,0,0.5417162,0.3716092,0.7539564,-0.3830196,0.9075632,-0.17212,-0.7482245,-0.1955399,0.6339753,583.5022,-1.240821,174.4685,-62.74253,-2.920952,79.24607,101.1192,5.8195,45.4111,-6.903839,0.07711513,2.18818,-0.2868246
514,0.016724,1,100,0,75.50116,0,0,97.75671,0,0,0.5123868,0.3688038,0.775528,-0.3846941,0.9059784,-0.1766746,-0.7677698,-0.2078153,0.606088,582.438,-1.299707,175.778,-65.37556,-4.72253,76.383,100.651,5.388946,43.8739,-7.39195,0.06129361,2.114353,-0.3137157
515,0.016612,1,100,0,60.13506,0,0,97.46963,0,0,0.4834314,0.3662876,0.7950646,-0.3864194,0.9042614,-0.1816361,-0.7854772,-0.2194198,0.5786889,581.3379,-1.387076,177.0313,-67.90916,-6.334281,73.5444,100.3023,5.718029,42.04329,-7.936676,0.09357845,2.021168,-0.3452337
516,0.016702,1,100,0,51.78406,0,0,97.29029,0,0,0.4547605,0.3641928,0.8127464,-0.3879021,0.9024593,-0.1873483,-0.8017014,-0.2300674,0.5516739,580.1905,-1.501857,178.2439,-70.26324,-7.949837,70.69122,99.98685,5.658691,40.12295,-8.445673,0.1019731,1.925778,-0.3766468
517,0.01668,1,100,0,43.44406,0,0,97.15764,0,0,0.4267078,0.362592,0.8285213,-0.3893244,0.9005266,-0.1935931,-0.8163007,-0.2399559,0.5254277,579.0062,-1.643316,179.4074,-72.44353,-9.544193,67.8625,99.722,5.520585,38.13236,-8.906048,0.1054675,1.827386,-0.4064912
518,0.016663,1,100,0,35.11256,0,0,97.08273,0,0,0.3994113,0.3615218,0.8424801,-0.3907108,0.898455,-0.2003095,-0.8293468,-0.2491602,0.5001036,577.7878,-1.811086,180.5228,-74.45614,-11.11889,65.07366,99.50843,5.329327,36.07743,-9.315232,0.1056315,1.726138,-0.4344723
519,0.016694,1,100,0,26.76556,0,0,97.06391,0,0,0.3729329,0.3610097,0.8547474,-0.3920739,0.8962342,-0.2074671,-0.8409515,-0.2577528,0.4757777,576.5345,-2.005368,181.594,-76.3131,-12.67798,62.33186,99.34627,5.104644,33.95736,-9.671895,0.103724,1.621881,-0.4604093
520,0.016674,1,100,0,18.42855,0,0,97.09952,0,0,0.3474868,0.3610811,0.8653748,-0.3934074,0.8938712,-0.2150007,-0.8511662,-0.2657349,0.4526604,575.2525,-2.225289,182.6185,-78.01624,-14.21492,59.66017,99.23675,4.862634,31.7846,-9.972537,0.1007172,1.515139,-0.4839772
521,0.016684,1,100,0,10.08655,0,0,97.18799,0,0,0.3231483,0.3617516,0.8744776,-0.3947028,0.8913661,-0.2228823,-0.8601077,-0.2731347,0.4308278,573.9421,-2.47086,183.5995,-79.57744,-15.7298,57.06689,99.17976,4.613974,29.55982,-10.21597,0.09732598,1.405878,-0.5050296
522,0.016687,1,100,0,1.743054,0,0,97.32753,0,0,0.3000445,0.3630685,0.8821307,-0.3958212,0.8887572,-0.2311628,-0.867928,-0.2798069,0.4103769,572.6057,-2.740753,184.5379,-81.09574,-17.06494,54.55939,99.21925,4.816536,27.28614,-10.51147,0.1216601,1.291113,-0.5296156
523,0.016947,1,100,0,-6.730445,0,0,97.55006,0,0,0.2779564,0.3651488,0.8884856,-0.3965224,0.8860694,-0.2401066,-0.8749345,-0.2855653,0.3910783,571.2231,-3.037257,185.4487,-82.5289,-18.3612,52.10214,99.31157,4.953566,24.93132,-10.73243,0.1422202,1.172727,-0.5508608
524,0.016522,1,100,0,-14.99144,0,0,97.82672,0,0,0.2578599,0.3679001,0.8933969,-0.396827,0.8834043,-0.2492496,-0.8809296,-0.2902526,0.3737873,569.8524,-3.347231,186.297,-83.82391,-19.56451,49.81109,99.4503,4.999711,22.60426,-10.88494,0.156938,1.056249,-0.5687086
525,0.01693,1,100,0,-23.45644,0,0,98.14037,0,0,0.2388077,0.3714488,0.897216,-0.3968125,0.8806137,-0.2589577,-0.8862903,-0.2941854,0.3576929,568.4263,-3.685068,187.1277,-85.05392,-20.73915,47.57761,99.63891,4.973961,20.17973,-10.97766,0.1677301,0.9353122,-0.5840085
526,0.016437,1,100,0,-31.67494,0,0,98.5018,0,0,0.2218912,0.3755966,0.8998286,-0.3965331,0.8778365,-0.2686347,-0.8908006,-0.2972041,0.3437207,567.0221,-4.031869,187.8986,-86.16,-21.82121,45.53415,99.86526,4.888735,17.80225,-11.00383,0.1747139,0.8170766,-0.5956438
527,0.016674,1,100,0,-40.01194,15.0066,0,98.88776,0,0,0.2064321,0.3805087,0.9014428,-0.396064,0.8749315,-0.2786186,-0.8947175,-0.2995132,0.3313197,565.5796,-4.401645,188.6474,-87.2125,-22.89101,43.65467,100.1786,4.615067,15.11306,-10.96073,0.1721071,0.6842798,-0.605214
528,0.016699,1,100,0,-48.36144,30.0357,0,99.35037,0,0,0.192912,0.3862251,0.9020063,-0.3953329,0.8719533,-0.2888071,-0.8980519,-0.3008784,0.3208978,564.1169,-4.788692,189.3668,-88.33299,-23.75455,41.93819,100.6271,4.911822,12.16062,-10.96835,0.2061967,0.5342016,-0.6184447
529,0.016689,1,100,0,-56.70594,45.0558,0,99.93272,0,0,0.1816049,0.3928538,0.9014907,-0.3940312,0.8689938,-0.2993148,-0.9009768,-0.3008585,0.3126102,562.6365,-5.189428,190.0581,-89.44441,-24.52936,40.38484,101.1579,5.069064,8.974799,-10.90954,0.2334941,0.3730269,-0.6292954
530,0.016676,1,100,0,-65.04395,60.0642,0,100.5919,0,0,0.1727133,0.4004199,0.8999078,-0.3922696,0.8660197,-0.3100554,-0.9034903,-0.2994558,0.3066457,561.1388,-5.602321,190.7239,-90.55017,-25.22247,38.99761,101.766,5.095868,5.573194,-10.78466,0.2546708,0.2015616,-0.637487
531,0.01668,1,100,0,-73.38394,75.0762,0,101.3227,0,0,0.1664186,0.4089389,0.8972591,-0.3901507,0.8629985,-0.3209612,-0.9055868,-0.2966523,0.3031668,559.6223,-6.026454,191.3676,-91.65392,-25.8397,37.78026,102.4474,5.001768,1.966739,-10.59428,0.2704884,0.02026418,-0.6427492
532,0.016689,1,100,0,-81.72844,90.09631,0,102.1197,0,0,0.162902,0.418403,0.8935335,-0.3877854,0.8599001,-0.3319559,-0.9072408,-0.2924229,0.30233,558.0865,-6.460773,191.9923,-92.74975,-26.39436,36.74239,103.1949,4.747406,-1.832651,-10.33788,0.278741,-0.17005,-0.6448067
533,0.016678,1,100,0,-90.06744,100,0,102.973,0,0,0.1623138,0.4287583,0.8887185,-0.3852947,0.8567021,-0.3429427,-0.9084066,-0.2867542,0.3042529,556.5337,-6.903659,192.6003,-93.82708,-26.87666,35.88418,103.9882,4.399631,-5.720999,-10.0188,0.2831108,-0.364567,-0.6429551
534,0.016691,1,100,0,-98.41293,100,0,103.858,0,0,0.1647167,0.439943,0.8827903,-0.3826329,0.8534262,-0.3539152,-0.9090989,-0.2794889,0.3089103,554.9615,-7.353799,193.1953,-94.93161,-27.15327,35.17771,104.8179,4.387678,-9.530556,-9.705256,0.3086074,-0.5578871,-0.6395038
535,0.016683,1,100,0,-106.7544,100,0,104.758,0,0,0.1700935,0.4518328,0.875737,-0.3796661,0.8501281,-0.3648778,-0.9093524,-0.2704243,0.3161469,553.3718,-7.807663,193.7793,-95.99323,-27.30727,34.65744,105.6481,4.195179,-13.25927,-9.329944,0.324061,-0.7462085,-0.6310728
536,0.01699,1,100,0,-91.03868,100,0,105.6331,0,0,0.1783974,0.4644306,0.8674554,-0.3765219,0.84672,-0.375895,-0.9090689,-0.2595573,0.3259209,551.735,-8.271804,194.3663,-97.02057,-27.33792,34.33677,106.4865,3.830426,-16.29549,-8.887677,0.3258543,-0.898159,-0.6146057
537,0.016372,1,100,0,-99.22469,100,0,106.4852,0,0,0.1887652,0.4767601,0.8585264,-0.3734913,0.8433997,-0.3862399,-0.9082247,-0.2477435,0.3372703,550.1414,-8.718637,194.9278,-97.97861,-27.1981,34.22787,107.2898,3.528482,-19.20258,-8.404334,0.3317147,-1.044248,-0.5935737
538,0.016688,1,100,0,-107.5687,100,0,107.2688,0,0,0.201708,0.4893631,0.8484325,-0.3704098,0.8400159,-0.3964466,-0.9067032,-0.2343013,0.3507028,548.5013,-9.171009,195.4996,-98.88757,-26.9216,34.32965,108.0835,3.055811,-22.15955,-7.860935,0.3290034,-1.191977,-0.5676365
539,0.016846,1,100,0,-91.98614,100,0,108.0089,0,0,0.2170204,0.5019103,0.8372505,-0.3674561,0.8366086,-0.4062786,-0.9043664,-0.2194821,0.3659911,546.8307,-9.622247,196.0797,-99.72163,-26.50876,34.65701,108.8496,2.432786,-24.45615,-7.265121,0.3136363,-1.304855,-0.5346636
540,0.016526,1,100,0,-100.2491,100,0,108.6873,0,0,0.2339027,0.5138078,0.8254035,-0.3648074,0.8333071,-0.4153488,-0.9012241,-0.2039621,0.3823537,545.1785,-10.05716,196.6554,-100.4732,-25.92644,35.1832,109.5669,1.852092,-26.75048,-6.652873,0.3015413,-1.418271,-0.4990315
541,0.016679,1,100,0,-84.82106,100,0,109.2893,0,0,0.2526521,0.5252403,0.812582,-0.3623922,0.8300664,-0.4238651,-0.8971281,-0.1873829,0.400061,543.4991,-10.48565,197.2463,-101.1271,-25.21131,35.92653,110.2407,1.148695,-28.44263,-5.998481,0.2782794,-1.499825,-0.4575194
542,0.016683,1,100,0,-93.16256,100,0,109.8209,0,0,0.2728327,0.5358925,0.7989879,-0.3601878,0.8269925,-0.4316812,-0.8920917,-0.1700089,0.4186525,541.8084,-10.90079,197.8505,-101.7631,-24.2211,36.80421,110.8916,0.8454113,-30.2299,-5.282715,0.2798472,-1.589574,-0.4102152
543,0.016575,1,100,0,-101.4501,100,0,110.308,0,0,0.2943797,0.5455835,0.7846523,-0.3579759,0.824209,-0.4387854,-0.8861116,-0.1517171,0.4379362,540.1188,-11.29609,198.4664,-102.2784,-23.09677,37.856,111.4782,0.3486456,-32.08719,-4.546134,0.2707136,-1.681657,-0.3604767
544,0.016686,1,100,0,-86.01551,91.657,0,110.7127,0,0,0.3173774,0.5542984,0.7694317,-0.3558696,0.8216986,-0.4451614,-0.8789932,-0.1325331,0.4580465,538.4102,-11.67438,199.105,-102.619,-21.80994,39.11858,111.9669,-0.3055286,-33.21369,-3.786178,0.2464895,-1.734636,-0.3063146
545,0.016681,1,100,0,-94.35601,83.3165,0,111.0101,0,0,0.3412462,0.5618053,0.7536086,-0.3540408,0.8195106,-0.450619,-0.8707504,-0.1130362,0.4785569,536.6977,-12.03059,199.7658,-102.7361,-20.4337,40.59918,112.3412,-1.16774,-34.32213,-3.008629,0.2096678,-1.785082,-0.2501
546,0.016687,1,100,0,-102.6995,74.973,0,111.1963,0,0,0.3659301,0.5680468,0.7371691,-0.3525623,0.8176827,-0.4550772,-0.8612757,-0.09337156,0.4994866,534.9837,-12.36335,200.4526,-102.6423,-18.94638,42.2677,112.6098,-2.041472,-35.41412,-2.226637,0.1716465,-1.834664,-0.1924509
547,0.016682,1,100,0,-87.26866,66.632,0,111.2845,0,0,0.3912223,0.5729244,0.7202101,-0.3512386,0.8163,-0.4585688,-0.8506327,-0.07356328,0.5205879,533.2722,-12.66913,201.1671,-102.4978,-17.0891,43.95702,112.8276,-2.32759,-35.82486,-1.361932,0.1616974,-1.853474,-0.1272173
548,0.01668,1,100,0,-95.60866,58.292,0,111.3286,0,0,0.4168234,0.5763218,0.7029305,-0.3497558,0.8154618,-0.4611864,-0.8390047,-0.05362074,0.5414755,531.5644,-12.94327,201.9105,-102.1409,-15.11979,45.77775,112.9468,-2.753289,-36.27635,-0.5064307,0.14307,-1.873222,-0.06219117
549,0.01723,1,100,0,-104.2237,49.67699,0,111.295,0,0,0.4435613,0.5782758,0.6847267,-0.3481123,0.815173,-0.4629375,-0.8258763,-0.03302065,0.5628842,529.8078,-13.19168,202.7108,-101.5396,-13.00389,47.78052,112.9707,-3.284016,-36.78451,0.3598313,0.1179051,-1.894995,0.004315788
550,0.01657,1,100,0,-88.89641,41.39199,0,111.1834,0,0,0.4693644,0.5786539,0.6669759,-0.3465265,0.8154613,-0.4636189,-0.8121678,-0.0135186,0.5832675,528.13,-13.39643,203.5141,-100.658,-11.05618,49.87477,112.8794,-4.096244,-36.64891,1.163846,0.06991975,-1.880692,0.0668386
551,0.016407,1,100,0,-97.09991,33.1885,0,110.991,0,0,0.4946978,0.5775725,0.6493722,-0.3449095,0.8163229,-0.4633084,-0.7976916,0.005223006,0.6030433,526.4834,-13.5657,204.3434,-99.74493,-8.834872,51.87999,112.7769,-4.202874,-36.59995,2.076131,0.06269326,-1.876735,0.136088
552,0.016689,1,100,0,-105.4444,24.84399,0,110.8054,0,0,0.5203495,0.5749438,0.6314082,-0.3427804,0.8178387,-0.4622139,-0.782137,0.02407841,0.6226414,524.825,-13.70042,205.2208,-98.60905,-6.543585,53.96798,112.6015,-4.417467,-36.63311,2.965436,0.04880068,-1.876032,0.2039925
553,0.016853,1,100,0,-89.85538,16.4175,0,110.5709,0,0,0.5459769,0.5707745,0.6132911,-0.3401956,0.8199975,-0.4602948,-0.7656218,0.04267143,0.6418747,523.1708,-13.79774,206.1423,-97.20242,-4.233587,56.07775,112.2985,-4.697045,-36.06573,3.817106,0.02505196,-1.843327,0.2690649
554,0.016505,1,100,0,-74.58826,8.164996,0,110.2345,0,0,0.5703857,0.5653099,0.5958901,-0.3373154,0.8226935,-0.4575959,-0.7489184,0.0600033,0.6599403,521.5749,-13.85535,207.0795,-95.65128,-2.004534,58.18956,111.9786,-4.970847,-34.98464,4.600113,-0.00343338,-1.783856,0.3283309
555,0.016683,1,100,0,-66.24676,0,0,109.9164,0,0,0.5940396,0.5585515,0.5789104,-0.3341613,0.8259574,-0.4540163,-0.7317468,0.0762542,0.6772977,519.9892,-13.87766,208.0628,-93.81689,-0.002557255,60.44358,111.6021,-5.492765,-33.60221,5.299724,-0.04958686,-1.706623,0.3810191
556,0.016695,1,100,0,-57.89926,0,0,109.5883,0,0,0.6165568,0.5506589,0.562701,-0.3307248,0.8297432,-0.4496078,-0.7144779,0.09110956,0.6937004,518.4325,-13.86562,209.0835,-92.07832,2.166841,62.50922,111.3127,-5.392041,-32.10151,6.1558,-0.06086972,-1.628667,0.4417132
557,0.016669,1,100,0,-49.56476,0,0,109.348,0,0,0.6379166,0.5416685,0.5474102,-0.3266564,0.8340321,-0.4446197,-0.6973942,0.1048152,0.7089823,516.9076,-13.81803,210.1367,-90.2714,4.227585,64.52458,111.0415,-5.297755,-30.49961,6.940445,-0.07359904,-1.545513,0.4963656
558,0.016685,1,100,0,-41.22226,0,0,109.1447,0,0,0.658121,0.5317081,0.5330696,-0.321983,0.8387594,-0.439101,-0.6805906,0.1173422,0.7232062,515.4117,-13.73668,211.2243,-88.40634,6.169331,66.49297,110.7929,-5.185663,-28.80135,7.651407,-0.08610144,-1.457671,0.5448259
559,0.016696,1,100,0,-32.87426,0,0,108.9806,0,0,0.6771221,0.5209306,0.5197471,-0.3167371,0.8438476,-0.4331267,-0.6642163,0.1286564,0.7363859,513.9462,-13.62357,212.3451,-86.50018,7.980614,68.41103,110.5714,-5.040897,-27.01549,8.284572,-0.0972086,-1.365775,0.5868527
560,0.016667,1,100,0,-24.54076,0,0,108.8585,0,0,0.6948618,0.509498,0.5075224,-0.310885,0.8491986,-0.4268636,-0.6484734,0.1388301,0.748471,512.5146,-13.48048,213.4954,-84.65215,9.788809,70.21386,110.4165,-4.536368,-25.15248,8.889544,-0.0872466,-1.273071,0.6252988
561,0.016746,1,100,0,-16.16776,0,0,108.8067,0,0,0.7114565,0.4974457,0.4963644,-0.3042806,0.8547562,-0.4204822,-0.6334376,0.1481207,0.7594849,511.1073,-13.30705,214.6809,-82.79557,11.48701,71.95815,110.2952,-4.061346,-23.20832,9.414038,-0.07908871,-1.176259,0.6574288
562,0.016604,1,100,0,-7.865759,0,0,108.7984,0,0,0.7266728,0.4850763,0.4864644,-0.2971071,0.8603743,-0.4141054,-0.6194142,0.156387,0.7693302,509.7426,-13.10766,215.885,-80.96971,13.04567,73.62167,110.2109,-3.610182,-21.21805,9.849409,-0.07192285,-1.077224,0.6827893
563,0.016641,1,100,0,0.4547415,0,14.9769,108.8333,0,0,0.7406138,0.4724202,0.4778183,-0.2895237,0.8660783,-0.4075349,-0.6063558,0.1634862,0.7782063,508.4057,-12.88493,217.1198,-79.06161,14.05586,75.37147,110.1325,-3.812696,-18.89773,10.18985,-0.1055885,-0.9568996,0.7012297
564,0.0168,1,100,0,8.854741,0,30.0969,108.892,0,0,0.7531919,0.4595857,0.4706197,-0.281821,0.871911,-0.4004349,-0.5943726,0.1689739,0.7862372,507.0876,-12.64395,218.3958,-77.24377,14.91508,77.10121,110.1529,-3.896138,-16.24353,10.44317,-0.1336389,-0.8209605,0.712122
565,0.016568,1,100,0,17.13874,0,45.0081,109.0517,0,0,0.7640154,0.4470646,0.465203,-0.2742226,0.8776624,-0.3930788,-0.5840228,0.172749,0.7931427,505.817,-12.39294,219.6824,-75.56985,15.61595,78.77116,110.2704,-3.888305,-13.35263,10.60424,-0.1567053,-0.6742535,0.7155176
566,0.016655,1,100,0,25.46624,0,59.9976,109.3089,0,0,0.7732393,0.4347733,0.4615989,-0.2666052,0.8833779,-0.3854418,-0.5753461,0.1749741,0.7989753,504.5667,-12.12899,221.0032,-74.07953,16.30795,80.37029,110.5129,-3.693817,-10.18623,10.74098,-0.1692383,-0.5157228,0.7157074
567,0.016685,1,100,0,33.80874,0,75.01411,109.6887,0,0,0.7807516,0.4228804,0.4599991,-0.2589933,0.8889844,-0.377663,-0.5686383,0.1757243,0.8035992,503.3381,-11.8537,222.3529,-72.73,16.87678,81.9364,110.8515,-3.449922,-6.77383,10.79341,-0.1791015,-0.3458257,0.7093577
568,0.016692,1,100,0,42.15474,0,90.0369,110.1667,0,0,0.7864602,0.4115477,0.460553,-0.2514814,0.894425,-0.3698127,-0.5641257,0.1750225,0.8069263,502.1307,-11.56945,223.7291,-71.53758,17.32951,83.46474,111.2848,-3.166193,-3.136681,10.76421,-0.1866591,-0.1656386,0.6969467
569,0.016672,1,100,0,50.49074,0,100,110.7391,0,0,0.7903326,0.4008092,0.4633859,-0.2439898,0.8996667,-0.3620343,-0.5619995,0.1730661,0.8088292,500.9431,-11.27755,225.1283,-70.63226,17.86169,84.85835,111.8432,-2.38191,0.6149955,10.97304,-0.163375,0.01543191,0.6987853
570,0.016689,1,100,0,58.83524,0,100,111.4225,0,0,0.7924339,0.3905147,0.4685585,-0.2362271,0.9047185,-0.354516,-0.5623573,0.1702443,0.8091798,499.7686,-10.97678,226.5517,-69.8688,18.33911,86.15685,112.4321,-1.590319,4.294635,11.09675,-0.137779,0.1922765,0.6957077
571,0.016686,1,100,0,67.17824,0,100,112.1297,0,0,0.7927542,0.3807602,0.4759858,-0.2283913,0.9095535,-0.3472029,-0.5651356,0.1665355,0.8080146,498.6065,-10.66923,227.9962,-69.19288,18.61341,87.38652,113.0067,-1.25832,7.90034,11.02176,-0.1385766,0.3680865,0.6811914
572,0.016668,1,100,0,75.51224,0,100,112.8127,0,0,0.7912591,0.3716613,0.4855689,-0.2207903,0.9141669,-0.3399274,-0.5702289,0.1617618,0.805402,497.456,-10.35802,229.459,-68.69491,18.78309,88.51021,113.6039,-0.9073568,11.43827,10.87181,-0.1367702,0.539877,0.6626965
573,0.016678,1,100,0,83.85123,0,100,113.4965,0,0,0.7879298,0.3632216,0.497229,-0.2134643,0.918546,-0.3327258,-0.5775809,0.156024,0.8012846,496.312,-10.04436,230.9408,-68.39053,18.85176,89.51666,114.2186,-0.5449312,14.92029,10.65075,-0.1330366,0.7083313,0.640595
574,0.016699,1,100,0,92.20074,0,100,114.1707,0,0,0.782724,0.355446,0.510883,-0.20646,0.9226789,-0.3256349,-0.5871266,0.1494053,0.7955883,495.1705,-9.729695,232.4405,-68.29294,18.82311,90.39248,114.8435,-0.1778493,18.3535,10.3625,-0.1279783,0.8738878,0.6152558
575,0.016919,1,100,0,100.6602,0,100,114.8241,0,0,0.7754883,0.3482533,0.5266285,-0.1997502,0.9266008,-0.3186076,-0.5989305,0.1418822,0.7881317,494.0144,-9.411909,233.974,-68.41374,18.69952,91.13139,115.4775,0.1915991,21.78514,10.00703,-0.1221097,1.038902,0.5867156
576,0.016442,1,100,0,85.45139,0,100,115.4517,0,0,0.7666288,0.3417918,0.5435611,-0.1934103,0.930154,-0.3120994,-0.6122685,0.134134,0.7791889,492.8871,-9.104961,235.4752,-68.85399,18.6045,91.64526,116.1286,1.226656,24.42532,9.904797,-0.07027214,1.160488,0.5764772
577,0.016689,1,100,0,93.79588,0,100,116.0616,0,0,0.7559941,0.3355404,0.5620372,-0.18687,0.9335238,-0.3059627,-0.6273379,0.1262781,0.768441,491.7347,-8.795791,237.0067,-69.45805,18.36552,92.00581,116.7338,1.621611,27.11795,9.632277,-0.05781608,1.288265,0.5565637
578,0.016768,1,100,0,102.1799,0,100,116.5939,0,0,0.7434978,0.3296553,0.5818404,-0.1805638,0.9367014,-0.2999787,-0.6439003,0.1179742,0.7559593,490.5655,-8.489552,238.5505,-70.27678,18.05703,92.18269,117.3138,1.988313,29.83557,9.30036,-0.04687347,1.417173,0.5337766
579,0.016606,1,100,0,86.81934,0,100,117.0679,0,0,0.7293486,0.3241525,0.6024748,-0.1746162,0.9396626,-0.2941831,-0.6614832,0.1093602,0.7419439,489.3929,-8.192182,240.0812,-71.28609,17.60688,92.15928,117.8348,2.165999,31.87296,9.047081,-0.04377958,1.513721,0.5183142
580,0.016688,1,100,0,95.16334,0,100,117.4571,0,0,0.7135008,0.3188121,0.6239194,-0.1689536,0.9424907,-0.2883849,-0.6799788,0.1003494,0.7263324,488.1966,-7.901284,241.618,-72.48555,17.07944,91.93851,118.3155,2.326913,33.98445,8.740171,-0.04185151,1.613787,0.5001291
581,0.016819,1,100,0,103.5728,0,100,117.7805,0,0,0.6957603,0.3136305,0.6461841,-0.1636148,0.9451855,-0.2825857,-0.6993914,0.09088667,0.7089371,486.9697,-7.617385,243.162,-73.86662,16.4789,91.50841,118.7502,2.46813,36.17168,8.381215,-0.04128565,1.717444,0.4794281
582,0.016552,1,100,0,88.26224,0,100,118.0331,0,0,0.6765745,0.3087106,0.6685392,-0.1587495,0.9476795,-0.2769514,-0.7190588,0.08124804,0.6901835,485.7387,-7.348228,244.6732,-75.38149,15.8251,90.87183,119.1239,2.583214,37.71555,7.982464,-0.03882293,1.790127,0.4578812
583,0.016695,1,100,0,96.60974,0,100,118.2077,0,0,0.6556312,0.3039141,0.6912192,-0.1543521,0.9500363,-0.2713053,-0.7391369,0.07118513,0.6697832,484.4713,-7.088786,246.1857,-76.99085,14.96898,90.04037,119.4108,2.29366,39.37318,7.474214,-0.06203695,1.870349,0.4301293
584,0.016723,1,100,0,104.9712,0,100,118.2799,0,0,0.6329389,0.2992361,0.7140351,-0.1505243,0.9522495,-0.2656378,-0.7594279,0.06065285,0.647758,483.1737,-6.843165,247.6855,-78.79659,14.12384,88.95263,119.6702,2.561629,41.12832,7.162746,-0.05085829,1.951996,0.4155399
585,0.01665,1,100,0,89.56998,0,100,118.3168,0,0,0.6087155,0.2945368,0.736691,-0.1469088,0.9543241,-0.2601605,-0.7796688,0.0501373,0.6241819,481.8511,-6.612831,249.1594,-80.69328,13.25331,87.64175,119.8671,2.791762,42.29414,6.811648,-0.03881514,2.005513,0.3995553
586,0.016726,1,100,0,97.93298,0,100,118.2829,0,0,0.5829152,0.289766,0.7591085,-0.143487,0.9562768,-0.254846,-0.7997635,0.03963137,0.5990059,480.4903,-6.396163,250.6168,-82.67735,12.35472,86.09492,120.0022,2.977219,43.59696,6.42106,-0.03001194,2.065756,0.3813803
587,0.016671,1,100,0,106.2685,0,100,118.1833,0,0,0.5556223,0.2849799,0.7810701,-0.1403379,0.9580904,-0.2497365,-0.8195057,0.02914544,0.5723299,479.1006,-6.195282,252.0424,-84.71158,11.43956,84.32561,120.0738,3.112782,45.01352,5.997056,-0.02468042,2.131619,0.3614759
588,0.016692,1,100,0,90.82838,0,100,118.0171,0,0,0.5267586,0.2801595,0.8025187,-0.137481,0.9597729,-0.244817,-0.8388236,0.01862839,0.5440853,477.675,-6.009527,253.439,-86.78423,10.506,82.32795,120.0823,3.197123,45.87287,5.541259,-0.01965871,2.171068,0.3402556
589,0.016962,1,100,0,99.30939,0,100,117.7858,0,0,0.4960618,0.2752283,0.8235122,-0.1348364,0.9613453,-0.2400721,-0.8577542,0.008051142,0.5139975,476.1908,-5.836437,254.8227,-88.92754,9.601963,80.05892,120.0406,3.432081,46.90682,5.063879,-0.005800497,2.218067,0.3179828
590,0.016448,1,100,0,107.5334,0,100,117.5054,0,0,0.4648786,0.2704269,0.8430644,-0.132456,0.9627385,-0.2357761,-0.8754107,-0.002061695,0.4833762,474.7166,-5.683288,256.1264,-91.00311,8.729766,77.64083,119.9411,3.571911,48.04215,4.574822,0.001663082,2.270339,0.2949727
591,0.016701,1,100,0,92.08496,0,100,117.1768,0,0,0.4318424,0.2655069,0.8619852,-0.1304732,0.9640286,-0.2315729,-0.8924626,-0.01246297,0.4509499,473.1855,-5.544186,257.4085,-92.99664,7.527829,75.00998,119.7144,2.977807,48.6545,4.145435,-0.0343416,2.301045,0.2762877
592,0.01669,1,100,0,100.43,0,100,116.728,0,0,0.3976527,0.2604664,0.8797897,-0.1293093,0.9652001,-0.2273066,-0.9083787,-0.02337588,0.4174951,471.6225,-5.4256,258.6449,-94.93746,6.260687,72.19219,119.4321,2.442095,49.43766,3.70318,-0.0672969,2.33954,0.2574553
593,0.016673,1,100,0,85.00744,0,100,116.2327,0,0,0.3624011,0.2552831,0.8963795,-0.1289061,0.9662431,-0.2230638,-0.9230649,-0.03471018,0.3830751,470.0291,-5.328579,259.8321,-96.80791,4.9364,69.19762,119.0985,1.957643,49.71041,3.251267,-0.09458968,2.353503,0.2383223
594,0.016698,1,100,0,93.35644,0,100,115.6965,0,0,0.3262606,0.2499265,0.911642,-0.1289268,0.9671679,-0.2190083,-0.9364468,-0.04608134,0.347771,468.402,-5.252564,260.9698,-98.69305,3.785183,65.99264,118.7841,2.314357,50.18419,2.816777,-0.06962033,2.373331,0.2207384
595,0.016703,1,100,0,101.7079,0,100,115.1967,0,0,0.2892079,0.2443999,0.9255418,-0.1288365,0.9680002,-0.2153534,-0.948557,-0.05696164,0.3114409,466.7434,-5.195526,262.0534,-100.4891,2.675629,62.612,118.4292,2.590837,50.84042,2.365212,-0.05024001,2.402142,0.2020191
596,0.016747,1,100,0,86.21696,0,100,114.6671,0,0,0.2512152,0.2386746,0.9380434,-0.1288803,0.9687408,-0.2119701,-0.9593129,-0.06764518,0.2741229,465.0513,-5.158297,263.0824,-102.0997,1.319674,59.08301,117.9699,2.169702,50.99332,2.030474,-0.07245854,2.410119,0.1901004
597,0.01663,1,100,0,94.53197,0,100,114.0523,0,0,0.2128873,0.2327336,0.9489542,-0.1294499,0.9693744,-0.208701,-0.9684637,-0.07841224,0.2364948,463.345,-5.143999,264.0449,-103.5733,-0.0579879,55.44808,117.4815,1.787089,51.35069,1.691466,-0.09288584,2.427606,0.1783059
598,0.016688,1,100,0,102.876,0,100,113.4247,0,0,0.1737327,0.2264908,0.9583939,-0.1305132,0.9699045,-0.2055523,-0.9761063,-0.08937189,0.1980641,461.6089,-5.152801,264.9494,-104.9153,-1.464095,51.6826,116.9635,1.43511,51.89911,1.346514,-0.1118215,2.453989,0.1667271
599,0.016673,1,100,0,87.45345,0,100,112.7758,0,0,0.1340106,0.2199647,0.9662591,-0.1320175,0.9703258,-0.2025809,-0.9821469,-0.1004151,0.1590731,459.8528,-5.18513,265.7897,-106.1107,-2.886194,47.81254,116.421,1.112676,51.95462,0.9986617,-0.1266781,2.456901,0.154395
600,0.01698,1,100,0,95.94344,0,100,112.1118,0,0,0.09321035,0.2130445,0.9725862,-0.1339047,0.9706467,-0.1997865,-0.9866009,-0.1116117,0.119002,458.0448,-5.242196,266.5788,-107.1863,-4.306801,43.76516,115.857,0.9056335,52.23351,0.63765,-0.1347236,2.469915,0.1418576
601,0.016401,1,100,0,104.1439,0,100,111.4389,0,0,0.05337916,0.2060824,0.9770776,-0.1359747,0.9708588,-0.1973423,-0.9892732,-0.1223239,0.07984563,456.2818,-5.320317,267.2748,-108.0706,-5.672703,39.77145,115.2962,0.7180542,52.69093,0.2867607,-0.1420865,2.491329,0.1300318
602,0.016678,1,100,0,88.7168,0,100,110.7809,0,0,0.01254678,0.1987266,0.9799746,-0.1382901,0.9709786,-0.1951317,-0.9903122,-0.1330725,0.03966456,454.4751,-5.422603,267.9152,-108.8067,-7.049676,35.63494,114.7103,0.538372,52.67072,-0.07063123,-0.1468547,2.490094,0.1169102
603,0.016837,1,100,0,97.1353,0,100,110.1042,0,0,-0.02874582,0.1910593,0.9811575,-0.1407914,0.9710039,-0.193207,-0.9896218,-0.1436925,-0.001012783,452.6397,-5.549026,268.4915,-109.379,-8.422358,31.39301,114.1062,0.3670344,52.8746,-0.4306819,-0.151571,2.499425,0.1040726
604,0.016531,1,100,0,105.4008,0,91.7345,109.4223,0,0,-0.06941313,0.1832812,0.9806068,-0.1433813,0.9709387,-0.1916235,-0.9872301,-0.1539019,-0.04111681,450.8293,-5.695666,268.9867,-109.7363,-9.762679,27.07585,113.4481,0.2086484,53.12256,-0.7821769,-0.1554573,2.510816,0.09162193
605,0.016682,1,100,0,89.96996,0,83.39349,108.7242,0,0,-0.110354,0.1752002,0.9783286,-0.1457892,0.9708397,-0.1903039,-0.9831415,-0.1636305,-0.08159372,448.9972,-5.865154,269.4132,-109.9629,-10.9492,22.54283,112.7826,0.9094147,52.75472,-1.079349,-0.1025114,2.490526,0.08099572
606,0.016689,1,100,0,98.31445,0,75.049,108.0614,0,0,-0.150837,0.1669457,0.97436,-0.1476154,0.9707826,-0.1891845,-0.9774753,-0.1723666,-0.1217862,447.1621,-6.054701,269.7638,-109.912,-12.16863,17.91877,112.0259,0.871239,52.48735,-1.311728,-0.09671059,2.477362,0.07342269
607,0.016687,1,100,0,106.658,0,66.7055,107.3514,0,0,-0.1908735,0.1584988,0.9687341,-0.1493708,0.9706958,-0.1882508,-0.9701837,-0.1806327,-0.161605,445.3293,-6.264346,270.0367,-109.6399,-13.34657,13.23322,111.2391,0.8231797,52.3142,-1.544952,-0.09169255,2.46867,0.06559367
608,0.016679,1,100,0,91.22987,0,58.366,106.6431,0,0,-0.2302904,0.1499196,0.9615043,-0.1510423,0.9705802,-0.1875109,-0.9613286,-0.1884097,-0.2008711,443.4998,-6.499187,270.2082,-104.9267,-13.76113,8.827218,110.4327,0.2068053,50.40999,-1.703457,-0.1182879,2.379751,0.05610951
609,0.016741,1,100,0,99.60037,0,49.9955,101.6886,0,0,-0.2681099,0.1414188,0.9529523,-0.1531155,0.9703391,-0.1870776,-0.9511431,-0.1960691,-0.2385041,441.7464,-6.735643,270.33,-104.3088,-14.8444,4.166769,105.4421,0.2120524,49.85812,-1.940032,-0.1092552,2.353041,0.045958
610,0.016742,1,100,0,107.9714,0,41.6245,101.1293,0,0,-0.3051355,0.1328728,0.9429938,-0.1550141,0.9700815,-0.1868493,-0.939608,-0.2031917,-0.2754091,440.0043,-6.989926,270.374,-103.4966,-15.86966,-0.448653,104.7072,0.2062672,49.43853,-2.174457,-0.1013485,2.332603,0.03581309
611,0.016691,1,100,0,92.5322,0,33.279,100.5944,0,0,-0.3411373,0.1243661,0.9317503,-0.1564092,0.9698822,-0.1867211,-0.9269099,-0.2094319,-0.311411,438.2817,-7.259183,270.3409,-102.5914,-16.64961,-5.04637,104.0561,1.151433,48.47607,-2.406374,-0.03172807,2.284297,0.02347437
612,0.016685,1,100,0,77.09857,0,24.9365,100.1515,0,0,-0.3757938,0.1160814,0.9194043,-0.1566663,0.9698852,-0.1864902,-0.9133647,-0.2141216,-0.3462908,436.576,-7.540291,270.2316,-101.4598,-17.23782,-9.558094,103.3566,2.035371,47.01717,-2.657481,0.03456195,2.212478,0.006568015
613,0.016685,1,100,0,61.66495,0,16.594,99.67065,0,0,-0.4087836,0.1082302,0.9061911,-0.1558698,0.9700744,-0.1861731,-0.8992223,-0.2173524,-0.3796806,434.8899,-7.830384,270.0474,-100.212,-17.67696,-13.99507,102.717,2.718922,45.10429,-2.910318,0.08818974,2.1195,-0.01364441
614,0.016959,1,100,0,45.97787,0,8.114498,99.26864,0,0,-0.4403173,0.1007806,0.8921682,-0.1543778,0.9703831,-0.1858069,-0.8844707,-0.219545,-0.4117181,433.1985,-8.133221,269.7852,-98.74519,-18.21062,-18.39631,102.0816,2.684487,42.72926,-2.88828,0.09605689,2.006974,-0.01952675
615,0.016399,1,100,0,37.77837,0,0,98.90937,0,0,-0.4686886,0.09402391,0.8783455,-0.1528069,0.9707004,-0.1854486,-0.870047,-0.2211349,-0.4405888,431.5872,-8.434447,269.461,-97.24402,-18.6788,-22.50637,101.5472,2.60588,40.26801,-2.868634,0.1001334,1.890461,-0.02651913
616,0.016689,1,100,0,29.43387,0,0,98.65345,0,0,-0.4954082,0.08765524,0.8642265,-0.1511191,0.9710281,-0.1851151,-0.8554145,-0.2223087,-0.4678089,429.9728,-8.748578,269.0634,-95.69003,-19.10486,-26.46234,101.1031,2.489435,37.73368,-2.84923,0.1010642,1.770573,-0.03423773
617,0.01684,1,100,0,21.01387,0,0,98.48113,0,0,-0.520211,0.08177907,0.8501133,-0.14936,0.9713524,-0.1848401,-0.8408756,-0.2231288,-0.4930937,428.3701,-9.072495,268.5966,-94.11358,-19.49047,-30.227,100.7518,2.343022,35.15083,-2.828992,0.09927838,1.648468,-0.04242505
618,0.01652,1,100,0,12.75387,0,0,98.39145,0,0,-0.5424803,0.07657521,0.8365712,-0.1476059,0.9716556,-0.1846562,-0.8269992,-0.2236552,-0.5158011,426.8237,-9.396379,268.0781,-92.57709,-19.83204,-33.70191,100.497,2.178898,32.60064,-2.807316,0.09539943,1.52798,-0.05064404
619,0.016641,1,100,0,4.433369,0,0,98.3802,0,0,-0.5629147,0.07196996,0.8233757,-0.1455815,0.9719927,-0.1844895,-0.8135929,-0.2237201,-0.5366715,425.2909,-9.726846,267.4987,-91.15022,-19.90812,-37.03835,100.3819,2.736069,30.01089,-2.962616,0.1369074,1.404028,-0.07028592
620,0.01672,1,100,0,-3.926632,0,0,98.49045,0,0,-0.5814885,0.06813979,0.810696,-0.1428556,0.9724516,-0.1842016,-0.8009141,-0.2229235,-0.5557353,423.7745,-10.05962,266.8618,-89.75908,-19.88971,-40.20301,100.3423,3.117106,27.3906,-3.111373,0.166399,1.278897,-0.09012255
621,0.016683,1,100,0,-12.26813,0,0,98.66543,0,0,-0.5981258,0.06512968,0.7987514,-0.1396057,0.9729849,-0.1838769,-0.7891489,-0.2214918,-0.572875,422.2845,-10.39096,266.1746,-88.42307,-19.79996,-43.17406,100.3727,3.335377,24.76141,-3.249926,0.1847803,1.153628,-0.1096147
622,0.016654,1,100,0,-20.59513,0,0,98.89783,0,0,-0.6129047,0.06293277,0.7876467,-0.1359747,0.9735522,-0.1835948,-0.7783693,-0.2196261,-0.5881374,420.8188,-10.71995,265.4401,-87.14958,-19.66153,-45.9558,100.4667,3.416057,22.12368,-3.376075,0.1937709,1.028227,-0.1284438
623,0.016715,1,100,0,-28.95263,0,0,99.18107,0,0,-0.6259483,0.0614209,0.7774422,-0.1322206,0.9741033,-0.1834137,-0.7685745,-0.2176014,-0.6016171,419.3693,-11.04888,264.6574,-85.84895,-19.71233,-48.55328,100.5785,3.044061,19.46324,-3.184664,0.1734349,0.9035312,-0.127275
624,0.016687,1,100,0,-37.29613,15.0183,0,99.48123,0,0,-0.6371666,0.0603905,0.7683567,-0.1287434,0.9745791,-0.1833606,-0.7598976,-0.2157521,-0.6131943,417.9431,-11.37821,263.8339,-84.70186,-19.78123,-50.94588,100.8027,2.689792,16.54773,-2.986982,0.1542133,0.7668869,-0.1264173
625,0.016727,1,100,0,-45.65963,30.0726,0,99.87231,0,0,-0.6465099,0.05987478,0.7605524,-0.1255068,0.9749855,-0.1834435,-0.7525112,-0.2140525,-0.6228231,416.5319,-11.7096,262.9693,-83.70058,-19.87132,-53.16645,101.1303,2.353683,13.38348,-2.782252,0.1361803,0.6185933,-0.1258075
626,0.016578,1,100,0,-53.94863,44.9928,0,100.3524,0,0,-0.6538064,0.05997393,0.7542815,-0.1223056,0.9753691,-0.1835666,-0.746712,-0.2122699,-0.6303674,415.1484,-12.03819,262.0764,-82.95104,-19.71957,-55.26009,101.6042,2.702373,10.02976,-2.761898,0.1619831,0.4600331,-0.1372401
627,0.016681,1,100,0,-62.28913,60.0057,0,100.9606,0,0,-0.6591034,0.06085023,0.7495867,-0.1186722,0.9758186,-0.1835625,-0.7426305,-0.2099418,-0.6359441,413.768,-12.36613,261.1436,-82.34782,-19.53958,-57.23124,102.1684,2.920528,6.44639,-2.728854,0.1795843,0.2908858,-0.1486048
628,0.016907,1,100,0,-70.74263,75.222,0,101.6521,0,0,-0.6622944,0.06255233,0.746628,-0.1146726,0.9763057,-0.1835147,-0.7404165,-0.2071586,-0.6394287,412.3784,-12.69539,260.1655,-81.89271,-19.34406,-59.09404,102.8237,3.023316,2.611945,-2.681255,0.1901328,0.1101576,-0.1597225
629,0.016458,1,100,0,-78.97163,90.0342,0,102.4284,0,0,-0.663192,0.06500844,0.7456206,-0.1105587,0.9767828,-0.1834992,-0.7402384,-0.20413,-0.6406073,411.0322,-13.0127,259.1837,-81.60514,-19.1528,-60.77402,103.536,3.024677,-1.288266,-2.619808,0.1944996,-0.07341618,-0.1698518
630,0.016697,1,100,0,-87.32013,100,0,103.2492,0,0,-0.6618106,0.06829057,0.7465543,-0.1062415,0.9772478,-0.1835749,-0.7421049,-0.2008069,-0.6394977,409.6704,-13.33145,258.1602,-81.45726,-18.96473,-62.33788,104.3118,2.946023,-5.333594,-2.541556,0.1943204,-0.2635801,-0.179013
631,0.016742,1,100,0,-95.69113,100,0,104.123,0,0,-0.658069,0.07234222,0.7494744,-0.1018366,0.9776769,-0.1837859,-0.7460393,-0.1972677,-0.6360117,408.3068,-13.64794,257.1088,-81.43488,-18.78256,-63.73575,105.1031,2.801219,-9.296375,-2.446069,0.1903903,-0.449624,-0.1863175
632,0.016607,1,100,0,-103.9946,100,0,104.9955,0,0,-0.6520346,0.07700062,0.7542692,-0.09741475,0.9780761,-0.1840593,-0.7519053,-0.19349,-0.6302384,406.9537,-13.95841,256.0434,-81.55856,-18.51866,-64.98824,105.9161,2.876226,-13.13972,-2.201108,0.2011065,-0.629742,-0.1831435
633,0.016688,1,100,0,-88.55823,100,0,105.8656,0,0,-0.6437607,0.08206492,0.7608138,-0.09287722,0.9785034,-0.1841338,-0.7595698,-0.1892004,-0.6223001,405.5911,-14.26524,254.9526,-81.84376,-18.12127,-66.10553,106.7554,3.106897,-16.2578,-1.805147,0.2215345,-0.7753818,-0.1672976
634,0.01668,1,100,0,-96.89822,100,0,106.7321,0,0,-0.6335067,0.0872614,0.7688008,-0.08830268,0.9789743,-0.1838799,-0.7686819,-0.1843763,-0.6124814,404.2235,-14.56518,253.8449,-82.28738,-17.70198,-67.01146,107.5877,3.152428,-19.35612,-1.40044,0.2306928,-0.9197547,-0.1502297
635,0.016686,1,100,0,-105.2412,100,0,107.5599,0,0,-0.6212175,0.09254183,0.7781547,-0.08382642,0.9794573,-0.1834021,-0.7791417,-0.1791625,-0.6006986,402.8472,-14.85818,252.7229,-82.88593,-17.27324,-67.6968,108.4034,3.041795,-22.43836,-0.9888104,0.2304452,-1.06306,-0.1320318
636,0.01669,1,100,0,-89.80298,100,0,108.34,0,0,-0.6069746,0.09781301,0.7886789,-0.0795772,0.9799289,-0.1827754,-0.7907271,-0.1737009,-0.5870082,401.4597,-15.14411,251.5905,-83.63461,-16.84554,-68.15096,109.1928,2.804657,-24.83794,-0.5725074,0.2215251,-1.174003,-0.1108205
637,0.016677,1,100,0,-98.14148,100,0,109.0634,0,0,-0.5910055,0.1029472,0.8000715,-0.07567284,0.9803739,-0.182046,-0.8031103,-0.1681339,-0.571616,400.0599,-15.42273,250.4527,-84.52486,-16.42751,-68.36584,109.9464,2.477081,-27.27502,-0.1542461,0.2072873,-1.286514,-0.08909668
638,0.01668,1,100,0,-106.4815,100,0,109.7238,0,0,-0.5732163,0.1079238,0.8122658,-0.07217146,0.980786,-0.1812461,-0.8162196,-0.1625156,-0.5544135,398.6443,-15.69452,249.3125,-85.54588,-16.02522,-68.33814,110.6572,2.084268,-29.74797,0.2636884,0.1893237,-1.400562,-0.06699605
639,0.016964,1,100,0,-90.78978,100,0,110.3162,0,0,-0.5533307,0.1127602,0.8252941,-0.06907508,0.9811704,-0.18037,-0.8300927,-0.1568115,-0.5351228,397.1866,-15.96416,248.1547,-86.70641,-15.6323,-68.05894,111.3301,1.649758,-31.6102,0.6840997,0.1678659,-1.485809,-0.0425236
640,0.016407,1,100,0,-98.99328,100,0,110.8456,0,0,-0.5325718,0.1171361,0.8382401,-0.06656761,0.9815123,-0.1794505,-0.8437631,-0.1513699,-0.5149283,395.7573,-16.21871,247.0409,-87.93484,-15.27491,-67.54008,111.9264,1.209361,-33.48771,1.085327,0.1461231,-1.571807,-0.01907615
641,0.01669,1,100,0,-107.3383,100,0,111.2866,0,0,-0.5098314,0.121284,0.8516821,-0.06450546,0.9818356,-0.1784326,-0.8578528,-0.1459087,-0.4927471,394.2822,-16.47177,245.9179,-89.27254,-14.93505,-66.76766,112.4747,0.7545084,-35.47707,1.48497,0.1238574,-1.66301,0.004371345
642,0.016857,1,100,0,-91.74555,100,0,111.6614,0,0,-0.4852588,0.1251297,0.8653706,-0.06292269,0.9821435,-0.1772987,-0.8721035,-0.1404872,-0.4687203,392.7693,-16.72176,244.7981,-90.69874,-14.61662,-65.73626,112.9653,0.298074,-36.87836,1.877072,0.1003084,-1.726615,0.02915705
643,0.016499,1,100,0,-99.99506,100,0,111.9641,0,0,-0.4598392,0.1284762,0.8786591,-0.06149957,0.9824951,-0.1758443,-0.8858702,-0.1348973,-0.4438885,391.2643,-16.95827,243.7195,-92.25461,-13.76835,-64.62937,113.4788,1.072893,-38.36293,2.312872,0.1553971,-1.796722,0.057311
644,0.016683,1,100,0,-108.3366,100,0,112.2711,0,0,-0.4326368,0.1313694,0.891946,-0.05950414,0.9830093,-0.1736439,-0.8996027,-0.1281992,-0.417469,389.7161,-17.18291,242.6487,-93.87061,-12.8541,-63.28276,113.9369,1.536458,-39.97505,2.741559,0.1907578,-1.872062,0.08569961
645,0.016682,1,100,0,-92.9057,100,0,112.5127,0,0,-0.4040087,0.1336898,0.9049332,-0.05755584,0.9835876,-0.1710056,-0.9129428,-0.121172,-0.3896834,388.1416,-17.39484,241.6023,-95.41013,-12.40099,-61.60159,114.2437,0.6508068,-41.02165,3.218869,0.1384822,-1.917626,0.1186292
646,0.016683,1,100,0,-101.2472,100,0,112.6118,0,0,-0.3742061,0.1353681,0.9174123,-0.05649276,0.9841235,-0.1682547,-0.9256232,-0.1147891,-0.3606177,386.5412,-17.59953,240.5853,-96.95354,-12.00331,-59.67601,114.4784,-0.1249696,-42.21273,3.670188,0.09317172,-1.970294,0.1494614
647,0.016683,1,100,0,-85.81543,91.6585,0,112.6405,0,0,-0.3433141,0.136382,0.9292661,-0.05589544,0.9846808,-0.1651652,-0.937556,-0.1086453,-0.3304316,384.9146,-17.79506,239.6013,-98.56974,-11.15201,-57.5712,114.6944,0.1616087,-42.71103,4.214972,0.1135453,-1.992844,0.1879845
648,0.016686,1,100,0,-94.15843,83.3155,0,112.6496,0,0,-0.3116434,0.1365994,0.9403293,-0.05514697,0.9853446,-0.1614154,-0.9485977,-0.1021604,-0.2995431,383.261,-17.97628,238.6539,-100.1503,-10.27565,-55.17708,114.805,0.2504231,-43.24302,4.729341,0.120778,-2.01652,0.2248322
649,0.016666,1,100,0,-102.4914,74.9825,0,112.5801,0,0,-0.2792462,0.1360403,0.9505338,-0.05438539,0.9860832,-0.1571054,-0.9586781,-0.09556624,-0.2679614,381.5833,-18.14269,237.749,-101.6679,-9.403039,-52.51345,114.8148,0.1887563,-43.80469,5.209133,0.117871,-2.041265,0.2596055
650,0.01669,1,100,0,-87.05318,66.6375,0,112.437,0,0,-0.2462147,0.1347127,0.9598078,-0.05372381,0.9868743,-0.1522931,-0.9677255,-0.08906133,-0.2357457,379.8784,-18.29497,236.8888,-103.1019,-8.565043,-49.58852,114.7274,-0.002605122,-43.72843,5.65234,0.1045499,-2.035919,0.2930865
651,0.016677,1,100,0,-95.39169,58.299,0,112.2274,0,0,-0.2129607,0.1326264,0.9680175,-0.0532518,0.9876963,-0.1470378,-0.9756085,-0.08286195,-0.2032779,378.1514,-18.43341,236.0792,-104.432,-7.772948,-46.43225,114.5531,-0.2396031,-43.73368,6.05531,0.08790337,-2.034371,0.3236309
652,0.016685,1,100,0,-103.7342,49.9565,0,111.9674,0,0,-0.179424,0.1298448,0.9751654,-0.05297139,0.9885385,-0.1413719,-0.9823449,-0.07702137,-0.1704895,376.4021,-18.55902,235.3231,-105.6427,-7.039078,-43.06855,114.3015,-0.4925072,-43.81441,6.415808,0.06985206,-2.036404,0.3510917
653,0.017021,1,100,0,-87.98976,41.446,0,111.6625,0,0,-0.145101,0.1263457,0.9813167,-0.05286793,0.9894063,-0.1352045,-0.9880036,-0.0714985,-0.1368842,374.5976,-18.67496,234.6105,-106.7396,-6.359096,-39.45129,113.9745,-0.7442147,-43.27643,6.737507,0.04991148,-2.009637,0.3766328
654,0.016346,1,100,0,-96.16277,33.273,0,111.314,0,0,-0.1123559,0.122362,0.9861053,-0.05313909,0.9902291,-0.1289283,-0.9922461,-0.06688659,-0.1047559,372.8482,-18.77826,233.9856,-107.5605,-6.24129,-35.78223,113.5279,-1.565203,-42.88115,7.101182,-0.006372284,-1.988336,0.4038243
655,0.016673,1,100,0,-104.4993,24.9365,0,110.8923,0,0,-0.07912233,0.1176925,0.9898931,-0.05394962,0.9910455,-0.1221417,-0.9954043,-0.06306849,-0.07206436,371.0504,-18.87985,233.41,-108.3315,-5.799346,-31.9891,113.1046,-1.746919,-42.58733,7.469077,-0.02212059,-1.973215,0.4306136
656,0.016675,1,100,0,-89.07489,16.599,0,110.5047,0,0,-0.04616463,0.1124511,0.9925842,-0.05481643,0.9918612,-0.1149186,-0.9974285,-0.0597151,-0.03962474,369.2404,-18.97444,232.8981,-108.9485,-5.423837,-28.10279,112.6453,-1.896003,-41.73325,7.780464,-0.03730328,-1.932171,0.453997
657,0.016656,1,100,0,-73.66809,8.270999,0,110.1058,0,0,-0.01398196,0.1066964,0.9941934,-0.05569935,0.9926636,-0.1073155,-0.9983498,-0.0568764,-0.007936469,367.4232,-19.06305,232.4519,-109.3794,-5.115089,-24.15511,112.1315,-2.002276,-40.36945,8.033785,-0.05094819,-1.867612,0.4737065
658,0.016675,1,100,0,-58.24372,0,0,109.6815,0,0,0.01708037,0.1004759,0.9947928,-0.05655593,0.9934421,-0.09936839,-0.9982532,-0.05456418,0.02265087,365.5974,-19.14699,232.0712,-109.6886,-4.87666,-20.17365,111.6349,-2.061438,-38.53753,8.22885,-0.06247833,-1.781509,0.4896403
659,0.016684,1,100,0,-49.90172,0,0,109.3062,0,0,0.04670855,0.09385158,0.99449,-0.0574914,0.994179,-0.09112201,-0.9972531,-0.05291845,0.05183232,363.7666,-19.22945,231.7564,-109.8006,-5.078895,-16.24699,111.1122,-2.505867,-36.63012,8.405397,-0.09864244,-1.691373,0.5038372
660,0.016694,1,100,0,-41.55472,0,0,108.9256,0,0,0.07482004,0.08689735,0.9934037,-0.05873803,0.9948503,-0.08259993,-0.9954657,-0.05217044,0.07953892,361.9334,-19.3158,231.5064,-109.8105,-5.366436,-12.41887,110.6408,-2.838888,-34.65092,8.513748,-0.1275745,-1.59831,0.513074
661,0.016672,1,100,0,-33.21872,0,0,108.6048,0,0,0.1012993,0.07972627,0.9916563,-0.06018364,0.9954492,-0.07388335,-0.9930339,-0.05219716,0.1056365,360.103,-19.40707,231.3199,-109.7405,-5.695092,-8.718288,110.2335,-3.075907,-32.61045,8.56651,-0.1501092,-1.502743,0.5183078
662,0.016684,1,100,0,-24.87672,0,0,108.3524,0,0,0.1261496,0.07240936,0.989365,-0.06175014,0.9959716,-0.06501939,-0.9900874,-0.05289126,0.1301127,358.2728,-19.50429,231.1942,-109.595,-6.096718,-5.145676,109.885,-3.255457,-30.50995,8.553821,-0.1686186,-1.404662,0.5190442
663,0.016736,1,100,0,-16.50872,0,0,108.1615,0,0,0.1493814,0.0649334,0.9866453,-0.06331692,0.9964217,-0.05599041,-0.9867504,-0.05410741,0.1529583,356.4394,-19.60781,231.127,-109.4426,-6.368615,-1.756719,109.6418,-3.196551,-28.3472,8.700719,-0.1714657,-1.303941,0.5298617
664,0.016861,1,100,0,-8.07822,0,0,108.0684,0,0,0.1710408,0.05717643,0.9836035,-0.06469559,0.996812,-0.04669419,-0.9831376,-0.0556482,0.1741945,354.5951,-19.71687,231.1157,-109.2393,-6.674659,1.51145,109.4535,-3.098038,-26.1173,8.78364,-0.1714099,-1.200275,0.536589
665,0.016455,1,100,0,0.1492796,0,0,108.032,0,0,0.19045,0.04945265,0.9804506,-0.06582239,0.9971263,-0.03750792,-0.979488,-0.05739222,0.1931578,352.7988,-19.82844,231.1572,-109.0063,-6.996183,4.548219,109.3252,-2.965417,-23.90269,8.801939,-0.16853,-1.097476,0.5391968
666,0.016692,1,100,0,8.495279,0,0,108.0504,0,0,0.2083791,0.04156625,0.9771645,-0.06683473,0.9973663,-0.02817316,-0.975762,-0.05943782,0.2106083,350.9809,-19.94791,231.2495,-108.692,-7.485439,7.490217,109.2066,-3.093227,-21.61463,8.649054,-0.1818531,-0.9912891,0.5309246
667,0.016857,1,100,0,16.92378,0,0,108.0799,0,0,0.2246597,0.03369151,0.9738546,-0.06793214,0.997512,-0.01883861,-0.9720664,-0.06192375,0.2263895,349.1505,-20.07709,231.3915,-108.3616,-8.024579,10.28964,109.1444,-3.184395,-19.2641,8.435683,-0.1922225,-0.8823775,0.5188615
668,0.016564,1,100,0,25.20578,0,0,108.1611,0,0,0.2388487,0.02609672,0.9707061,-0.06907085,0.9975635,-0.009823423,-0.9685973,-0.06470118,0.2400692,347.3574,-20.21309,231.5761,-108.0366,-8.588254,12.86455,109.1383,-3.239686,-16.92456,8.171249,-0.1995421,-0.7741189,0.503637
669,0.016632,1,100,0,33.52178,0,14.9688,108.288,0,0,0.2512221,0.01865437,0.9677497,-0.0702622,0.9975281,-0.000988733,-0.965376,-0.06774783,0.2519118,345.5619,-20.3592,231.8033,-107.7826,-9.181215,15.24659,109.2421,-3.262271,-14.27392,7.85555,-0.2041937,-0.6515509,0.4856668
670,0.016701,1,100,0,41.87228,0,29.9997,108.5135,0,0,0.2615567,0.01130185,0.965122,-0.07138214,0.9974197,0.007665136,-0.962545,-0.07089734,0.2616885,343.7625,-20.51524,232.0699,-107.6557,-9.671238,17.40999,109.4824,-2.980016,-11.33025,7.725318,-0.1886355,-0.515263,0.4802111
671,0.016678,1,100,0,50.21128,0,45.0099,108.8651,0,0,0.2696033,0.003925015,0.9629636,-0.07218268,0.9972609,0.01614435,-0.9602626,-0.07386186,0.2691482,341.9672,-20.679,232.3713,-107.615,-10.11832,19.39551,109.816,-2.661461,-8.133954,7.545688,-0.1699999,-0.3672818,0.4722823
672,0.016675,1,100,0,58.54878,0,60.0174,109.3063,0,0,0.2751998,-0.003430342,0.9613811,-0.07279605,0.9970486,0.02439581,-0.9586273,-0.07669847,0.2741378,340.1727,-20.85052,232.7049,-107.6163,-10.62495,21.22056,110.2019,-2.698254,-4.702504,7.196444,-0.1732846,-0.2085669,0.454166
673,0.01667,1,100,0,66.88378,0,75.0204,109.7962,0,0,0.2781808,-0.01066715,0.9604694,-0.07349765,0.9967703,0.03235744,-0.9577126,-0.07959346,0.2764984,338.3781,-21.03041,233.0678,-107.714,-11.12751,22.86781,110.6755,-2.70094,-1.051342,6.806713,-0.1734337,-0.0396893,0.4341156
674,0.016668,1,100,0,75.21778,0,90.0216,110.3677,0,0,0.2783941,-0.01778489,0.9603024,-0.07427107,0.9964362,0.03998547,-0.9575912,-0.0824544,0.276081,336.5817,-21.21859,233.4571,-107.9141,-11.61587,24.33551,111.2322,-2.673565,2.80524,6.380289,-0.1706487,0.1387185,0.4123943
675,0.016683,1,100,0,83.55928,0,100,111.014,0,0,0.2757083,-0.02479075,0.9609218,-0.07510197,0.9960562,0.04724549,-0.9583033,-0.08519309,0.2727591,334.7797,-21.41494,233.8702,-108.2038,-12.07922,25.6175,111.8491,-2.621262,6.765386,5.920552,-0.1652489,0.3219545,0.3890781
676,0.016681,1,100,0,91.89978,0,100,111.7085,0,0,0.2700857,-0.03166898,0.9623154,-0.0759774,0.9956414,0.05408971,-0.959834,-0.08772308,0.2665024,332.9728,-21.61879,234.3035,-108.553,-12.50436,26.68988,112.4832,-2.550478,10.63339,5.431713,-0.1577452,0.5009491,0.3641045
677,0.016675,1,100,0,100.2373,0,100,112.4027,0,0,0.2615788,-0.03839909,0.964418,-0.07688869,0.9952037,0.06047934,-0.9621147,-0.08997294,0.2573717,331.1604,-21.82939,234.7533,-108.9675,-12.88191,27.53319,113.128,-2.468413,14.4158,4.917714,-0.1486598,0.6760161,0.3376634
678,0.016917,1,100,0,84.58906,0,100,113.0845,0,0,0.2502197,-0.04507498,0.9671394,-0.07786449,0.9947433,0.06650673,-0.9650533,-0.09194711,0.2453947,329.3143,-22.04913,235.2224,-109.4545,-13.20526,28.11745,113.7772,-2.455418,17.49288,4.480382,-0.143674,0.8184581,0.3151968
679,0.016455,1,100,0,92.81656,0,100,113.7435,0,0,0.2368698,-0.05143198,0.9701792,-0.07889464,0.9942817,0.0719719,-0.9683331,-0.09358991,0.2314576,327.5102,-22.26789,235.6868,-109.9926,-13.47213,28.43095,114.4036,-2.433046,20.46424,4.033989,-0.1375614,0.9560429,0.2920729
680,0.016696,1,100,0,101.1646,0,100,114.3508,0,0,0.2210136,-0.05775908,0.973559,-0.08003631,0.9938035,0.07712968,-0.9719812,-0.09496678,0.2150213,325.6705,-22.49431,236.1617,-110.5865,-13.7403,28.46902,115.0158,-2.502771,23.46847,3.651663,-0.136655,1.095245,0.2731733
681,0.016841,1,100,0,85.58663,0,100,114.9143,0,0,0.2028211,-0.06403866,0.9771195,-0.08133131,0.9933096,0.0819817,-0.9758322,-0.09609803,0.1962558,323.8044,-22.727,236.64,-111.236,-13.96953,28.24014,115.6119,-2.56202,25.80783,3.249263,-0.1351699,1.203557,0.2518924
682,0.016517,1,100,0,93.84513,0,100,115.4324,0,0,0.1831365,-0.07003526,0.9805897,-0.08273188,0.9928231,0.08636012,-0.9796004,-0.09694172,0.176028,321.9634,-22.95873,237.1037,-111.9137,-14.14948,27.74964,116.1676,-2.611187,28.1402,2.840757,-0.132659,1.311589,0.23016
683,0.016688,1,100,0,102.1891,0,100,115.8871,0,0,0.16136,-0.07591879,0.9839712,-0.08425802,0.9923365,0.09038157,-0.9832922,-0.09749143,0.1537266,320.0918,-23.19561,237.5627,-112.6264,-14.28412,26.99319,116.6936,-2.65694,30.53725,2.417276,-0.1293987,1.422664,0.2074926
684,0.016689,1,100,0,86.75181,0,100,116.2868,0,0,0.1378096,-0.08159251,0.9870923,-0.08587114,0.9918644,0.09397557,-0.9867294,-0.09771347,0.129682,318.2081,-23.43443,238.0075,-113.3588,-14.35953,25.9751,117.1799,-2.669631,32.30216,1.992664,-0.1245493,1.504383,0.1835133
685,0.016677,1,100,0,95.09031,0,100,116.6261,0,0,0.1127998,-0.08699865,0.9898018,-0.08754022,0.9914158,0.09711677,-0.9897541,-0.09760221,0.1042156,316.3135,-23.67403,238.4337,-114.0929,-14.38104,24.70151,117.6187,-2.687063,34.15193,1.562642,-0.1196721,1.590069,0.1591469
686,0.016684,1,100,0,103.4323,0,100,116.9018,0,0,0.08624014,-0.09213544,0.992005,-0.08925146,0.9909966,0.09980088,-0.9922688,-0.09714474,0.07724047,314.3837,-23.9162,238.83,-118.8056,-14.78158,21.86023,121.701,-2.713182,36.08084,1.129692,-0.1150331,1.679451,0.1345008
687,0.016712,1,100,0,87.97371,0,100,121.0115,0,0,0.05819483,-0.09697954,0.9935837,-0.09099934,0.9906118,0.1020193,-0.9941496,-0.09635246,0.04882342,312.3725,-24.16525,239.1795,-123.4172,-15.14136,19.00183,125.7861,-2.75228,37.4837,0.6961893,-0.111965,1.744305,0.1086686
688,0.016668,1,100,0,96.30771,0,100,125.0818,0,0,0.02902829,-0.101476,0.9944144,-0.09289997,0.990254,0.1037633,-0.9952523,-0.09539314,0.01931827,310.2907,-24.42075,239.4799,-127.8418,-15.70189,16.05452,129.7991,-3.159585,39.06352,0.2898422,-0.1321158,1.816823,0.08477607
689,0.016683,1,100,0,104.6492,0,100,129.0428,0,0,-0.001464868,-0.10568,0.9943992,-0.0951754,0.9899009,0.1050618,-0.9954596,-0.09448844,-0.01150821,308.1339,-24.68589,239.7308,-132.1477,-16.27329,12.991,133.7782,-3.524593,40.80926,-0.1060104,-0.1492023,1.897178,0.06180804
690,0.016695,1,100,0,89.20633,0,100,132.9359,0,0,-0.03320694,-0.1095976,0.9934213,-0.09774604,0.9895606,0.1059043,-0.9946574,-0.09358624,-0.04357301,305.9043,-24.9606,239.9298,-136.3325,-16.81411,9.774334,137.7128,-3.813861,42.03851,-0.4802637,-0.1623973,1.953617,0.03930081
691,0.01667,1,100,0,97.54133,0,100,136.7518,0,0,-0.06587637,-0.113209,0.9913849,-0.1005241,0.9892414,0.1062845,-0.9927514,-0.09265643,-0.07654787,303.6106,-25.24367,240.0744,-140.1029,-17.31255,6.465622,141.3165,-4.069986,43.45631,-0.8395723,-0.1731584,2.01894,0.01798894
692,0.016956,1,100,0,106.0193,0,100,140.1966,0,0,-0.1002064,-0.1166058,0.9881102,-0.1034996,0.9889427,0.1062079,-0.9895688,-0.09162627,-0.111167,301.2156,-25.53981,240.1643,-143.5051,-17.76872,2.969275,144.6314,-4.300983,45.07352,-1.188117,-0.1818913,2.093639,-0.002446361
693,0.01647,1,100,0,90.78458,0,100,143.3062,0,0,-0.1345348,-0.1196782,0.9836551,-0.1063747,0.9886875,0.1057416,-0.9851824,-0.09041005,-0.1457436,298.836,-25.83366,240.1937,-146.4263,-17.98481,-0.5943336,147.5278,-4.171983,46.13637,-1.397726,-0.168902,2.14341,-0.01516251
694,0.016685,1,100,0,99.12708,0,100,145.9692,0,0,-0.170022,-0.1226109,0.9777828,-0.1090188,0.9884791,0.1049954,-0.9793915,-0.08874519,-0.1814301,296.3788,-26.13434,240.1628,-148.9398,-18.09201,-4.365736,150.0981,-4.038284,47.39788,-1.599748,-0.1551913,2.202466,-0.02750978
695,0.016836,1,100,0,107.5451,0,100,148.268,0,0,-0.2066275,-0.1253835,0.9703525,-0.1114879,0.9883126,0.1039639,-0.972047,-0.08670081,-0.2181913,293.8597,-26.44007,240.067,-150.9533,-18.29124,-8.354225,152.2868,-4.188045,48.83642,-1.807747,-0.1591923,2.269153,-0.04031958
696,0.016573,1,100,0,92.21505,0,91.7135,150.1424,0,0,-0.2432718,-0.1279041,0.9614881,-0.1138945,0.9881768,0.1026373,-0.963248,-0.08453943,-0.2549631,291.3499,-26.74387,239.9054,-152.391,-18.40687,-12.53619,154.0097,-4.311728,49.52636,-1.994706,-0.1632994,2.300944,-0.05311324
697,0.016759,1,100,0,100.5946,0,83.334,151.5427,0,0,-0.280495,-0.1302325,0.9509795,-0.1161746,0.9880754,0.1010465,-0.9527991,-0.08213659,-0.29228,288.7906,-27.05184,239.6703,-153.3102,-18.31295,-17.01433,155.3347,-4.085285,50.20613,-2.087525,-0.1452171,2.333174,-0.06023652
698,0.016628,1,100,0,85.21365,0,75.02,152.5509,0,0,-0.3173524,-0.1323486,0.9390268,-0.1180611,0.9880234,0.09935454,-0.9409299,-0.07933216,-0.3291768,286.2393,-27.35507,239.3617,-153.6468,-18.08058,-21.65745,156.2155,-3.860367,50.19329,-2.169075,-0.1289883,2.333027,-0.06802636
699,0.016761,1,100,0,93.59415,0,66.6395,153.1343,0,0,-0.3540285,-0.1342396,0.9255505,-0.1196855,0.988011,0.09751829,-0.9275448,-0.07625075,-0.3658506,283.6655,-27.65709,238.9716,-153.3487,-17.89396,-26.50863,156.6484,-3.898841,50.2061,-2.234326,-0.1297086,2.333459,-0.07493593
700,0.016642,1,100,0,101.9152,0,58.3185,153.3004,0,0,-0.3899249,-0.1358894,0.910765,-0.1211893,0.9880219,0.09553172,-0.9128375,-0.07312474,-0.4017227,281.1169,-27.95355,238.5026,-152.6774,-17.65006,-31.51202,156.8915,-3.913359,50.23679,-2.283843,-0.1290747,2.334784,-0.08086237
701,0.016675,1,100,0,86.49078,0,49.981,153.3194,0,0,-0.4251751,-0.1373118,0.8946349,-0.1225691,0.9880553,0.09339938,-0.8967736,-0.06994347,-0.4369267,278.5764,-28.24623,237.9484,-151.6756,-17.35373,-36.67722,157.0091,-3.905385,49.61737,-2.318375,-0.1287817,2.305791,-0.0866871
702,0.016761,1,100,0,94.87128,0,41.60049,153.2577,0,0,-0.4595567,-0.1385075,0.8772817,-0.1237221,0.9881173,0.09119568,-0.8794885,-0.06662957,-0.4712324,276.0411,-28.53423,237.304,-150.3825,-16.83833,-41.97721,157.0367,-3.543046,49.0646,-2.298578,-0.1059689,2.280819,-0.08906056
703,0.016972,1,100,0,103.3573,0,33.11449,153.1626,0,0,-0.4933189,-0.1395231,0.858586,-0.1245286,0.9882132,0.08903742,-0.8608888,-0.06299467,-0.5048788,273.498,-28.81743,236.5608,-148.7152,-16.37956,-47.39851,156.9431,-3.429759,48.5713,-2.247696,-0.09907775,2.258026,-0.08954619
704,0.016424,1,100,0,88.16508,0,24.90249,152.9896,0,0,-0.5248489,-0.1403304,0.8395482,-0.1251334,0.9883208,0.08696974,-0.8419474,-0.05940957,-0.5362791,271.0657,-29.08376,235.7535,-146.8101,-15.88652,-52.64715,156.7715,-3.305806,47.50705,-2.187766,-0.09311299,2.208593,-0.08994307
705,0.016634,1,100,0,72.77863,0,16.58549,152.7837,0,0,-0.5552549,-0.1409515,0.8196493,-0.1255858,0.9884433,0.08490275,-0.8221441,-0.05579365,-0.5665395,268.636,-29.34497,234.8487,-144.5318,-15.33566,-57.88179,156.4446,-3.16578,45.87512,-2.117267,-0.08771862,2.132686,-0.09011105
706,0.01687,1,100,0,57.17387,0,8.150496,152.4739,0,0,-0.5841968,-0.1413851,0.7992024,-0.1258761,0.9885783,0.08287492,-0.8017914,-0.05218522,-0.5953213,266.2117,-29.59996,233.8426,-142.013,-14.67197,-63.13793,156.1069,-2.907483,43.69773,-1.994713,-0.07633292,2.031647,-0.08724469
707,0.01657,1,100,0,48.88887,0,0,152.2179,0,0,-0.610548,-0.1416477,0.7792093,-0.125976,0.9887189,0.0810249,-0.7818959,-0.04869204,-0.6215045,263.8816,-29.83831,232.7712,-137.8031,-13.80833,-67.67803,154.145,-2.648982,41.30371,-1.868171,-0.06563482,1.920502,-0.08394155
708,0.016632,1,100,0,40.57288,0,0,150.4822,0,0,-0.6348996,-0.1417657,0.7594767,-0.1259154,0.9888645,0.07932232,-0.7622647,-0.04526813,-0.6456801,261.6126,-30.06316,231.6218,-133.6128,-12.9401,-71.94967,152.3043,-2.387583,38.86975,-1.735917,-0.05497525,1.807509,-0.07995673
709,0.016826,1,100,0,32.15987,0,0,148.8906,0,0,-0.6574687,-0.1417632,0.7400259,-0.1256493,0.9890173,0.07782941,-0.7429318,-0.04181333,-0.6680604,259.3875,-30.27541,230.3885,-129.4645,-11.96199,-75.98318,150.5908,-1.88494,36.37673,-1.594656,-0.02917389,1.692378,-0.07518511
710,0.016559,1,100,0,23.88037,0,0,147.4448,0,0,-0.6777189,-0.1416686,0.7215451,-0.1251423,0.9891719,0.0766734,-0.7245944,-0.03833278,-0.6881093,257.2657,-30.46844,229.1098,-125.4596,-11.04639,-79.66488,149.0256,-1.581911,33.90229,-1.42752,-0.01610877,1.577643,-0.06842632
711,0.016684,1,100,0,15.53837,0,0,146.1489,0,0,-0.6962319,-0.1415202,0.7037283,-0.1245286,0.9893204,0.07575089,-0.706933,-0.03489413,-0.7064197,255.1942,-30.64764,227.7616,-121.5403,-10.12789,-83.09432,147.5781,-1.296357,31.3847,-1.257672,-0.004286202,1.460864,-0.06118567
712,0.01668,1,100,0,7.198375,0,0,144.9737,0,0,-0.7129186,-0.1413405,0.686855,-0.123847,0.9894581,0.07506341,-0.6902238,-0.03155082,-0.7229077,253.1878,-30.81152,226.358,-117.7594,-9.219065,-86.24992,146.2577,-1.033604,28.84704,-1.087186,0.006030766,1.343106,-0.05355374
713,0.016681,1,100,0,-1.142125,0,0,143.922,0,0,-0.7278638,-0.1411497,0.6710374,-0.1230942,0.9895844,0.07463627,-0.674583,-0.02827578,-0.7376574,251.2434,-30.95989,224.9031,-114.1507,-8.244953,-89.14459,145.0693,-0.6438601,26.29018,-0.9199319,0.02440762,1.22478,-0.04581171
714,0.0167,1,100,0,-9.492125,0,0,142.9954,0,0,-0.7411587,-0.1409624,0.6563638,-0.122235,0.9896994,0.07452402,-0.6601079,-0.02499651,-0.7507548,249.3562,-31.09217,223.3996,-110.7094,-7.27243,-91.78951,143.9957,-0.3072217,23.71283,-0.7539862,0.03936784,1.105375,-0.03785865
715,0.016639,1,100,0,-17.81162,0,0,142.1733,0,0,-0.7528151,-0.1408003,0.6429966,-0.1213408,0.9897978,0.07467636,-0.6469511,-0.02180422,-0.7622195,247.532,-31.20808,221.859,-107.4552,-6.352792,-94.18571,143.0312,-0.07658555,21.12998,-0.5798352,0.04758381,0.9854649,-0.02903947
716,0.016699,1,100,0,-26.16113,15.0291,0,141.447,0,0,-0.7629262,-0.1406855,0.6309923,-0.1204822,0.9898763,0.07502823,-0.6351597,-0.01878235,-0.7721527,245.7541,-31.30926,220.274,-104.4819,-5.470587,-96.37151,142.2458,0.1142398,18.16749,-0.4080616,0.0523519,0.8477525,-0.02014594
717,0.016727,1,100,0,-34.52463,30.0834,0,140.879,0,0,-0.771355,-0.1406368,0.6206713,-0.1197124,0.9899315,0.07553123,-0.6250445,-0.01604063,-0.7804245,244.0215,-31.39621,218.6508,-101.7791,-4.651766,-98.37209,141.6252,0.2446976,14.86265,-0.2242185,0.05245285,0.6939315,-0.01017932
718,0.016592,1,100,0,-42.82063,45.0162,0,140.4631,0,0,-0.7779465,-0.1406796,0.6123794,-0.11909,0.9899604,0.07613176,-0.6169415,-0.01370185,-0.7868898,242.346,-31.46919,217.0085,-99.37198,-3.891082,-100.1877,141.1648,0.3477325,11.28468,-0.04675913,0.05015361,0.5273048,-0.0002835498
719,0.016698,1,100,0,-51.16962,60.0444,0,140.1967,0,0,-0.7827304,-0.1408187,0.6062207,-0.1186,0.9899658,0.07682657,-0.6109564,-0.01176325,-0.7915774,240.6986,-31.52984,215.3263,-97.24009,-3.113703,-101.8592,140.8568,0.5326413,7.401885,0.1009956,0.05232628,0.3466549,0.007992958
720,0.016748,1,100,0,-59.54362,75.1176,0,140.0755,0,0,-0.785588,-0.1410477,0.6024593,-0.1182098,0.9899499,0.07762504,-0.6073534,-0.0102353,-0.7943659,239.0804,-31.57792,213.6118,-95.38088,-2.384694,-103.3905,140.6869,0.6788383,3.24806,0.2436254,0.05134417,0.1532615,0.01618513
721,0.016586,1,100,0,-67.83662,90.045,0,140.0842,0,0,-0.7864137,-0.1413725,0.6013049,-0.1179777,0.9899133,0.07844143,-0.6063292,-0.009253137,-0.7951602,237.5071,-31.6143,211.8893,-93.80249,-1.81161,-104.7693,140.6371,0.6721123,-1.095514,0.3849868,0.04010602,-0.04937215,0.02448372
722,0.016635,1,100,0,-76.15412,100,0,140.2003,0,0,-0.7851616,-0.1418017,0.602838,-0.1179663,0.9898548,0.07919294,-0.6079518,-0.008935291,-0.7939237,235.954,-31.64165,210.1396,-92.48337,-1.307597,-106.0045,140.6835,0.6664916,-5.553161,0.51995,0.0285942,-0.2573393,0.03243977
723,0.016703,1,100,0,-84.50562,100,0,140.3966,0,0,-0.7817829,-0.1423305,0.6070897,-0.1181697,0.9897758,0.07987651,-0.6122515,-0.009293519,-0.7906089,234.4153,-31.66108,208.3632,-91.40269,-0.8748,-107.0586,140.772,0.6647469,-9.890285,0.6480816,0.01754756,-0.4596927,0.039907
724,0.016634,1,100,0,-92.82262,100,0,140.6111,0,0,-0.7763246,-0.1429395,0.6139123,-0.1185713,0.9896777,0.08049078,-0.6190807,-0.01030539,-0.7852597,232.8994,-31.67367,206.5777,-90.5912,-0.5206558,-107.9078,140.8941,0.6701711,-14.08045,0.7674296,0.007227951,-0.6551951,0.04661791
725,0.016679,1,100,0,-101.1621,100,0,140.8243,0,0,-0.7687513,-0.1436087,0.6232159,-0.1191553,0.9895625,0.08104569,-0.62835,-0.01195548,-0.7778392,231.3914,-31.68083,204.7743,-90.05561,-0.2469642,-108.5454,141.0396,0.6820634,-18.16529,0.8789147,-0.002521226,-0.8457921,0.05249052
726,0.016715,1,100,0,-85.70075,100,0,141.0203,0,0,-0.7591335,-0.1442919,0.6347411,-0.1198974,0.9894332,0.08152775,-0.6397977,-0.01421337,-0.7684121,229.8876,-31.6842,202.9577,-89.80354,-0.1128636,-108.9494,141.1901,0.6496699,-21.48217,0.9338527,-0.01323967,-1.000701,0.05445526
727,0.016625,1,100,0,-94.01325,100,0,141.1757,0,0,-0.7477263,-0.1449202,0.6479999,-0.1207577,0.9892974,0.08190654,-0.6529346,-0.0170073,-0.7572238,228.3944,-31.68583,201.1455,-89.83776,-0.06815089,-109.1126,141.3378,0.637081,-24.7357,0.9810845,-0.02258867,-1.152629,0.05544558
728,0.016796,1,100,0,-102.4113,100,0,141.282,0,0,-0.7342674,-0.145463,0.6630928,-0.121726,0.9891543,0.08219951,-0.6678581,-0.0203592,-0.7440104,226.8838,-31.6872,199.3133,-90.14986,-0.1098422,-109.0294,141.4723,0.6426293,-27.98369,1.021479,-0.03079604,-1.304279,0.05540245
729,0.016538,1,100,0,-87.1136,100,0,141.3286,0,0,-0.7191356,-0.145896,0.679381,-0.1228362,0.9890035,0.08236288,-0.6839266,-0.02422247,-0.729149,225.3901,-31.69108,197.5119,-90.65843,-0.4863764,-108.7012,141.5455,0.3829837,-30.48464,1.132269,-0.0539883,-1.421732,0.0595407
730,0.016693,1,100,0,-95.4601,100,0,141.2748,0,0,-0.7021236,-0.1461917,0.6968864,-0.1241518,0.98884,0.08235249,-0.7011484,-0.02869803,-0.7124379,223.8722,-31.70094,195.7007,-91.47806,-0.7997874,-108.0898,141.606,0.4173174,-33.02899,1.080529,-0.05850469,-1.540554,0.05252696
731,0.016773,1,100,0,-103.8466,100,0,141.1699,0,0,-0.6831888,-0.1461896,0.7154592,-0.1254359,0.9886873,0.08224,-0.719388,-0.03355883,-0.6937975,222.3319,-31.71651,193.8926,-92.52942,-1.187809,-107.2071,141.6209,0.47118,-35.6024,1.023785,-0.06168895,-1.660704,0.04453082
732,0.016537,1,100,0,-88.54987,100,0,140.9844,0,0,-0.6627336,-0.1458588,0.7345131,-0.1266399,0.9885503,0.08204104,-0.7380695,-0.03864733,-0.673617,220.7949,-31.73862,192.1259,-93.77025,-1.636481,-106.0662,141.5824,0.5414846,-37.49456,0.9642462,-0.06185291,-1.749015,0.03622319
733,0.016673,1,100,0,-96.88638,100,0,140.7202,0,0,-0.6404767,-0.1451752,0.7541312,-0.1277642,0.9884281,0.08176993,-0.7572755,-0.04397926,-0.6516134,219.2235,-31.76874,190.3653,-95.2005,-2.147797,-104.6429,141.4845,0.6244341,-39.4695,0.9018109,-0.06115292,-1.84117,0.02715524
734,0.01677,1,100,0,-105.2714,100,0,140.3741,0,0,-0.6163306,-0.1440976,0.7741916,-0.1287914,0.9883235,0.08142296,-0.7768846,-0.04952577,-0.6276925,217.6181,-31.80791,188.6199,-96.79346,-2.713,-102.9348,141.322,0.7204916,-41.51654,0.8375981,-0.05946232,-1.936669,0.01738016
735,0.016596,1,100,0,-89.92007,100,0,139.9431,0,0,-0.5907291,-0.1426238,0.7941648,-0.1296882,0.98824,0.08101089,-0.7963794,-0.0551383,-0.6022787,216.0022,-31.85627,186.9224,-98.49748,-3.316169,-100.9694,141.0942,0.8247083,-42.93318,0.7742244,-0.05528532,-2.002702,0.007817604
736,0.016689,1,100,0,-98.26457,100,0,139.4359,0,0,-0.5634557,-0.140716,0.8140743,-0.1305404,0.9881732,0.08045711,-0.815768,-0.06093558,-0.575161,214.3486,-31.91709,185.2497,-100.2319,-4.301314,-98.71429,140.7461,0.5977653,-44.46096,0.6696621,-0.07207326,-2.074796,-0.004877076
737,0.016694,1,100,0,-106.6116,100,0,138.8047,0,0,-0.5345389,-0.1383101,0.8337498,-0.1315138,0.9881135,0.07960045,-0.8348491,-0.06710003,-0.5463748,212.6653,-31.99466,183.6157,-102.0355,-5.337875,-96.19356,140.3315,0.3980882,-46.0811,0.5611831,-0.08684147,-2.151144,-0.01853687
738,0.016683,1,100,0,-91.17979,100,0,138.1001,0,0,-0.5040706,-0.1353652,0.8529884,-0.1324736,0.9880718,0.07851754,-0.8534423,-0.07342005,-0.5159903,210.9523,-32.0887,182.0262,-103.9456,-6.234769,-93.41378,139.8917,0.5799972,-47.11673,0.4082606,-0.07528647,-2.199318,-0.03482867
739,0.016675,1,100,0,-99.5173,100,0,137.3699,0,0,-0.472272,-0.1318675,0.8715334,-0.1331715,0.9880713,0.07733645,-0.8713353,-0.07953955,-0.4841994,209.2081,-32.19763,180.4853,-105.8754,-7.125491,-90.37989,139.3876,0.7696925,-48.28274,0.2645742,-0.06295788,-2.253546,-0.05077382
740,0.016693,1,100,0,-107.8638,100,0,136.5816,0,0,-0.4390007,-0.1277748,0.8893548,-0.1337194,0.988104,0.0759561,-0.8884803,-0.08557917,-0.4508643,207.4304,-32.32313,178.9948,-107.7229,-8.301377,-87.08295,138.7681,0.5752893,-49.56916,0.04568327,-0.07472793,-2.314383,-0.07181788
741,0.01668,1,100,0,-92.43479,100,0,135.6827,0,0,-0.4043913,-0.1230335,0.9062729,-0.1343358,0.9881536,0.07420693,-0.9046668,-0.09173625,-0.4161285,205.6233,-32.46824,177.5617,-109.5333,-9.495255,-83.55792,138.0928,0.3947595,-50.29563,-0.1672074,-0.08363964,-2.349011,-0.09194526
742,0.016821,1,100,0,-100.8453,91.5895,0,134.733,0,0,-0.3683983,-0.1176209,0.9221975,-0.1350255,0.9882154,0.07210131,-0.9198104,-0.09795816,-0.3799387,203.7708,-32.63484,176.1778,-111.3064,-10.71756,-79.66915,137.2995,0.2257373,-50.99374,-0.3734337,-0.09104188,-2.382273,-0.1118056
743,0.016547,1,100,0,-85.53931,83.316,0,133.7,0,0,-0.3321314,-0.1117056,0.9365952,-0.135776,0.9882832,0.06972204,-0.9334097,-0.1040103,-0.3434068,201.9197,-32.8189,174.8822,-112.9652,-11.93082,-75.54253,136.4191,0.06195035,-50.99422,-0.5650454,-0.09615957,-2.38291,-0.1294465
744,0.016685,1,100,0,-93.88181,74.9735,0,132.6256,0,0,-0.2950723,-0.1052133,0.9496645,-0.136609,0.9883532,0.06705357,-0.9456589,-0.1099471,-0.3060088,200.026,-33.02473,173.6463,-114.5255,-13.14336,-71.10844,135.4446,-0.08694991,-51.02484,-0.7452483,-0.09987457,-2.384905,-0.1463075
745,0.016853,1,100,0,-102.3083,66.547,0,131.5069,0,0,-0.2571766,-0.09813918,0.9613683,-0.1375304,0.9884208,0.06410988,-0.9565281,-0.1157298,-0.2676958,198.0876,-33.25299,172.4743,-115.9604,-14.33935,-66.38803,134.3868,-0.2163746,-51.08681,-0.9116349,-0.1018811,-2.388306,-0.1622147
746,0.016513,1,100,0,-87.03378,58.2905,0,130.3507,0,0,-0.2197886,-0.09075644,0.9713168,-0.1385025,0.9884804,0.06101996,-0.9656655,-0.1211183,-0.2298267,196.1478,-33.50039,171.4542,-119.0257,-16.41271,-42.29488,133.2944,-0.8938166,-40.63543,-3.475974,-0.1213976,-1.906681,-0.3083768
747,0.016724,1,100,0,-95.39578,49.9285,0,126.6474,0,0,-0.1895379,-0.08163315,0.9784741,-0.1391561,0.9887124,0.05553172,-0.9719627,-0.1256353,-0.1987582,194.1209,-33.78687,170.8495,-116.3391,-16.75074,-35.86027,127.3905,-0.820223,-38.35131,-4.051806,-0.1068584,-1.800993,-0.3432581
748,0.016731,1,100,0,-103.7613,41.563,0,122.3093,0,0,-0.1608448,-0.07197551,0.9843519,-0.1398187,0.988941,0.04946445,-0.9770261,-0.1296747,-0.1691295,192.1709,-34.07072,170.261,-112.4248,-16.69022,-33.29509,122.9538,-1.308288,-38.00436,-4.259218,-0.1312059,-1.785729,-0.3583002
749,0.01669,1,100,0,-88.32304,33.218,0,117.6375,0,0,-0.132527,-0.0620461,0.9892355,-0.1409802,0.9890718,0.04314885,-0.9811022,-0.1337442,-0.1398259,190.2912,-34.35252,169.7174,-113.0107,-17.26858,-31.12366,118.4834,-1.058911,-37.96997,-4.442807,-0.1086383,-1.784187,-0.3726439
750,0.016687,1,100,0,-96.66653,24.8745,0,117.5365,0,0,-0.1041506,-0.05179085,0.993212,-0.1419202,0.9891974,0.03669941,-0.9843835,-0.1371346,-0.1103757,188.4024,-34.64349,169.2116,-113.5465,-17.76916,-28.67026,118.4506,-0.794695,-38.0011,-4.579582,-0.08498855,-1.785636,-0.3837023
751,0.016688,1,100,0,-81.23013,16.5305,0,117.3746,0,0,-0.07584532,-0.04130889,0.9962637,-0.142636,0.9893157,0.03016196,-0.9868653,-0.1398154,-0.08092711,186.5052,-34.94227,168.7481,-113.9519,-18.16911,-25.96791,118.2771,-0.526484,-37.42603,-4.669261,-0.06048559,-1.758733,-0.3897949
752,0.016688,1,100,0,-65.79373,8.186502,0,117.097,0,0,-0.04807833,-0.03076956,0.9983696,-0.1431291,0.9894227,0.02360117,-0.9885358,-0.141761,-0.05197381,184.6015,-35.2472,168.3308,-114.3109,-18.47165,-23.06962,118.0694,-0.2687373,-36.29594,-4.712216,-0.03653053,-1.705881,-0.3909923
753,0.016668,1,100,0,-50.37583,0,0,116.818,0,0,-0.0213083,-0.02035101,0.9995658,-0.1433946,0.989518,0.01708962,-0.9894361,-0.1429681,-0.02400317,182.6943,-35.55611,167.9632,-114.6204,-18.65195,-20.02597,117.8422,0.02084333,-34.66415,-4.702251,-0.01084898,-1.62953,-0.387022
754,0.016672,1,100,0,-42.03983,0,0,116.5569,0,0,0.004209511,-0.01017904,0.9999394,-0.1434246,0.9896038,0.01067761,-0.9896525,-0.1434608,0.002705823,180.7819,-35.86749,167.6464,-114.8692,-18.71931,-16.9425,117.6112,0.2673335,-32.92903,-4.648113,0.01135158,-1.548321,-0.3794894
755,0.01671,1,100,0,-33.68483,0,0,116.3202,0,0,0.02843668,-0.0003214292,0.9995955,-0.1432654,0.9896746,0.004393879,-0.9892757,-0.1433324,0.02809701,178.8613,-36.18011,167.3805,-115.0583,-18.67954,-13.84954,117.3846,0.4620523,-31.09531,-4.551752,0.02944681,-1.462466,-0.3686454
756,0.016741,1,100,0,-25.31433,0,0,116.1126,0,0,0.05128026,0.009138633,0.9986426,-0.1426502,0.9897718,-0.001732373,-0.9884441,-0.1423677,0.05205938,176.9339,-36.49121,167.1657,-115.2643,-18.38403,-10.77413,117.2173,1.501547,-29.17529,-4.42133,0.1008488,-1.372615,-0.3549824
757,0.016599,1,100,0,-17.01484,0,0,115.9887,0,0,0.07246125,0.01802144,0.9972085,-0.1410692,0.9899704,-0.007639968,-0.9873446,-0.1401218,0.07427676,175.0196,-36.79366,167.0034,-115.4318,-17.88936,-7.783602,117.0688,2.3155,-27.19471,-4.25187,0.156865,-1.279917,-0.338129
758,0.016688,1,100,0,-8.670835,0,0,115.8995,0,0,0.09222935,0.02640775,0.9953876,-0.1389548,0.9902081,-0.01339524,-0.9859946,-0.1370785,0.09499574,173.0928,-37.08965,166.8898,-115.4993,-17.42461,-4.845259,116.9067,2.289498,-25.12819,-4.130532,0.1581681,-1.183111,-0.3239756
759,0.016674,1,100,0,-0.3338346,0,0,115.81,0,0,0.1103891,0.03425759,0.9932979,-0.136936,0.9903988,-0.01893937,-0.9844099,-0.1339276,0.1140203,171.1668,-37.37734,166.8248,-115.5233,-16.90707,-2.013334,116.7713,2.181519,-22.99893,-3.97492,0.1533652,-1.083297,-0.30767
760,0.016655,1,100,0,7.993666,0,0,115.7571,0,0,0.1268948,0.04153872,0.9910461,-0.135085,0.9905381,-0.02422097,-0.9826751,-0.1308019,0.1313054,169.2428,-37.65591,166.8062,-115.5106,-16.35879,0.6954356,116.6653,2.011216,-20.81367,-3.78814,0.1437448,-0.9807891,-0.2894953
761,0.016755,1,100,0,16.37117,0,0,115.7405,0,0,0.1418196,0.04827006,0.988715,-0.1331879,0.9906589,-0.02926071,-0.9808918,-0.1275352,0.1469239,167.3071,-37.92544,166.8324,-115.5461,-15.53786,3.284648,116.6323,2.513375,-18.56261,-3.559462,0.1764254,-0.8756743,-0.268622
762,0.016619,1,100,0,24.68067,0,0,115.8024,0,0,0.1549329,0.05431939,0.9864306,-0.1308661,0.9908167,-0.03400655,-0.9792191,-0.1238215,0.1606186,165.3867,-38.17882,166.9003,-115.5672,-14.66006,5.704118,116.6329,2.806313,-16.28258,-3.306881,0.1949528,-0.7690373,-0.2463089
763,0.01661,1,100,0,32.98567,0,0,115.897,0,0,0.1663314,0.05972138,0.9842597,-0.1283032,0.9909894,-0.03844758,-0.9776871,-0.1198886,0.1724951,163.4671,-38.41735,167.0076,-115.5772,-13.75847,7.965731,116.6655,2.926785,-13.95967,-3.032266,0.2017532,-0.6602398,-0.2227577
764,0.016691,1,100,0,41.33117,0,15.0219,116.0219,0,0,0.1759623,0.06450436,0.9822812,-0.125773,0.9911458,-0.04255595,-0.976329,-0.1160562,0.1825172,161.5379,-38.64327,167.1522,-115.5886,-13.08589,10.06982,116.762,2.557569,-11.29222,-2.807813,0.1762381,-0.5349958,-0.2021021
765,0.016668,1,100,0,49.66517,0,30.0231,116.2091,0,0,0.1835062,0.06865023,0.9806184,-0.1236325,0.9912491,-0.04625873,-0.9752129,-0.1127475,0.1903878,159.6108,-38.85804,167.3308,-115.6563,-12.48037,11.99166,116.9442,2.199997,-8.326004,-2.565958,0.1505759,-0.3958188,-0.1801694
766,0.016693,1,100,0,58.01167,0,45.0468,116.4797,0,0,0.1887724,0.0721382,0.9793677,-0.1217007,0.9913288,-0.0495615,-0.9744508,-0.1098339,0.1959148,157.6791,-39.06199,167.5406,-115.8498,-11.69086,13.73068,117.2449,2.30947,-5.076396,-2.294852,0.1539694,-0.2439692,-0.1561291
767,0.01676,1,100,0,66.39167,0,60.1308,116.864,0,0,0.1915616,0.07493652,0.9786158,-0.1196726,0.9914249,-0.05249176,-0.9741576,-0.1070581,0.1988868,155.736,-39.25381,167.7795,-116.1149,-10.95256,15.29544,117.629,2.337627,-1.55221,-2.011914,0.1513802,-0.07922837,-0.1311579
768,0.01661,1,100,0,74.69667,0,75.0798,117.3289,0,0,0.1916627,0.07699478,0.9784362,-0.1176488,0.9915322,-0.05497949,-0.9743841,-0.1045744,0.1990981,153.8054,-39.43208,168.0411,-116.4512,-10.29036,16.66213,118.0864,2.313684,2.174414,-1.72421,0.1448658,0.09499174,-0.1058441
769,0.016671,1,100,0,83.03217,0,90.08369,117.8617,0,0,0.1889268,0.07833318,0.9788619,-0.1156499,0.9916512,-0.05703545,-0.9751574,-0.1024298,0.1964087,151.8618,-39.60037,168.3255,-116.8664,-9.704127,17.84485,118.6185,2.264598,6.137308,-1.431188,0.1362257,0.2802311,-0.08005152
770,0.016867,1,100,0,91.46568,0,100,118.462,0,0,0.1831203,0.07893939,0.9799162,-0.1136838,0.9917845,-0.05865099,-0.9764956,-0.1006604,0.19059,149.8879,-39.7612,168.632,-117.3483,-9.195804,18.83724,119.2059,2.206136,10.25642,-1.134241,0.1267155,0.472731,-0.05395834
771,0.0165,1,100,0,99.71568,0,100,119.106,0,0,0.1744252,0.07880846,0.9815117,-0.1118225,0.991929,-0.05977285,-0.9783005,-0.09932917,0.18183,147.9489,-39.91065,168.9469,-117.8468,-8.782351,19.57814,119.7844,2.152942,14.1824,-0.8465918,0.1179117,0.6561711,-0.02893804
772,0.016678,1,100,0,108.0547,0,100,119.7218,0,0,0.1626808,0.07797394,0.983593,-0.1099987,0.9920917,-0.0604545,-0.9805284,-0.09835915,0.1699713,145.9805,-40.05527,169.2762,-118.3799,-8.448269,20.0781,120.3673,2.109349,18.06371,-0.5617861,0.1100279,0.8374692,-0.004240382
773,0.016697,1,100,0,92.60995,0,100,120.3185,0,0,0.1481575,0.07647195,0.9860028,-0.1082193,0.9922725,-0.06069709,-0.9830251,-0.0977118,0.1552884,144.0008,-40.19493,169.6128,-118.9423,-8.197119,20.30822,120.9417,2.078611,21.19808,-0.2855588,0.1043481,0.9839025,0.01861678
774,0.016675,1,100,0,100.9474,0,100,120.8778,0,0,0.1312591,0.07437949,0.9885539,-0.1064663,0.9924718,-0.06053779,-0.9856147,-0.09730154,0.1381899,142.0142,-40.33052,169.9512,-119.5336,-7.998401,20.25978,121.5019,2.084925,24.30546,-0.05149332,0.1014891,1.128916,0.03876954
775,0.016684,1,100,0,85.51475,0,100,121.392,0,0,0.1121288,0.07175096,0.9910998,-0.1047168,0.9926893,-0.06001882,-0.9881607,-0.09705497,0.1188226,140.0165,-40.46326,170.2874,-120.1421,-7.870941,19.9223,122.0367,2.090891,26.72657,0.1702174,0.09996483,1.241914,0.05699122
776,0.016689,1,100,0,93.85925,0,100,121.8508,0,0,0.09110028,0.06864467,0.9934731,-0.1029737,0.992923,-0.0591641,-0.9905035,-0.09691168,0.09752415,138.008,-40.59428,170.6164,-120.7571,-7.810192,19.29443,122.5379,2.090456,29.18301,0.3773347,0.09845558,1.356504,0.0743729
777,0.01666,1,100,0,102.1892,0,100,122.2489,0,0,0.06818963,0.06507835,0.9955476,-0.1012558,0.9931691,-0.05798738,-0.9925208,-0.09685088,0.07431339,135.9928,-40.7244,170.9328,-121.3652,-7.809419,18.38235,122.9976,2.084398,31.66521,0.5678981,0.09707972,1.472233,0.09077452
778,0.016678,1,100,0,86.7621,0,100,122.5799,0,0,0.04348303,0.0610784,0.9971854,-0.09956948,0.993425,-0.05650627,-0.9940802,-0.09683216,0.04927868,133.9653,-40.85494,171.2328,-121.9548,-7.861483,17.18772,123.4107,2.072573,33.51112,0.7411071,0.09659248,1.558292,0.1049974
779,0.016723,1,100,0,95.1236,0,100,122.8411,0,0,0.01724559,0.05669757,0.9982424,-0.09789251,0.99369,-0.05474782,-0.9950476,-0.0967763,0.02268703,131.9227,-40.98668,171.512,-122.5246,-7.90897,15.71136,123.7808,2.13047,35.44165,0.8926181,0.1009801,1.648147,0.1179611
780,0.016661,1,100,0,103.4541,0,100,123.0397,0,0,-0.01040033,0.0519853,0.9985938,-0.09622975,0.9939608,-0.05274634,-0.9953051,-0.09664301,-0.005334989,129.8784,-41.11912,171.7642,-123.0354,-8.027767,13.97969,124.087,2.090225,37.43515,1.014187,0.09953715,1.740947,0.1290545
781,0.016775,1,100,0,87.93722,0,100,123.159,0,0,-0.0396127,0.04693715,0.9981121,-0.09464134,0.9942293,-0.05051064,-0.9947231,-0.09646352,-0.03494191,127.8119,-41.25465,171.9876,-123.4859,-8.179802,11.97972,124.335,2.038886,38.8343,1.116661,0.09843981,1.806054,0.1378709
782,0.016582,1,100,0,96.22822,0,100,123.2048,0,0,-0.06954581,0.0417083,0.9967065,-0.09316682,0.9944873,-0.04811621,-0.9932189,-0.09620626,-0.0652766,125.7621,-41.39127,172.174,-123.8541,-8.355838,9.759646,124.5187,1.9747,40.3276,1.197848,0.09682418,1.875496,0.1454229
783,0.016758,1,100,0,104.6072,0,100,123.1811,0,0,-0.1009119,0.03619848,0.9942367,-0.09179269,0.9947367,-0.04553335,-0.990652,-0.09585851,-0.09705798,123.6849,-41.53241,172.3238,-124.1339,-8.552743,7.288633,124.6414,1.896937,41.94169,1.259692,0.09474177,1.950508,0.1518626
784,0.016785,1,100,0,89.08109,0,100,123.0859,0,0,-0.133319,0.03049482,0.9906039,-0.09052175,0.9949739,-0.04281209,-0.9869305,-0.09537887,-0.1298885,121.6002,-41.6769,172.4312,-124.3177,-8.714468,4.595867,124.7075,1.875664,42.97816,1.2931,0.09705243,1.998575,0.1553919
785,0.016523,1,100,0,97.34259,0,100,122.9272,0,0,-0.165892,0.02477055,0.9858329,-0.08936144,0.9951941,-0.04004315,-0.982087,-0.09473829,-0.1628812,119.5456,-41.82196,172.4915,-124.3734,-8.90686,1.750438,124.7042,1.759178,44.13407,1.301433,0.09343125,2.052192,0.1573721
786,0.016673,1,100,0,105.6791,0,100,122.7042,0,0,-0.199486,0.01890269,0.9797183,-0.08835316,0.9953945,-0.03719523,-0.9759093,-0.09398114,-0.1968971,117.4722,-41.97159,172.5037,-124.2993,-9.104903,-1.29902,124.6391,1.628163,45.42869,1.291128,0.08918039,2.112219,0.1582723
787,0.016673,1,100,0,90.25657,0,91.6635,122.4163,0,0,-0.2336375,0.01298488,0.9722371,-0.08751523,0.9955717,-0.03432725,-0.9683775,-0.09310569,-0.2314665,115.4011,-42.12451,172.4639,-124.0322,-9.300615,-4.585279,124.4649,1.484141,46.00333,1.262678,0.08457101,2.138765,0.1566937
788,0.016697,1,100,0,98.60507,0,83.31499,122.0373,0,0,-0.2679815,0.007087192,0.963398,-0.0868259,0.9957262,-0.03147675,-0.9595038,-0.09208309,-0.2662209,113.3326,-42.28067,172.3678,-123.5687,-9.451507,-8.086722,124.1932,1.387169,46.58438,1.205326,0.0830805,2.165552,0.1531403
789,0.016679,1,100,0,106.9446,0,74.97549,121.5878,0,0,-0.3023813,0.00126005,0.9531863,-0.08625188,0.9958606,-0.02867832,-0.9492769,-0.09088591,-0.3010209,111.2752,-42.43909,172.2125,-122.8926,-9.585679,-11.76084,123.8257,1.265907,47.17014,1.131519,0.08009607,2.192537,0.1483764
790,0.016683,1,100,0,91.5128,0,66.634,121.0706,0,0,-0.3366667,-0.004456736,0.9416134,-0.08580407,0.9959738,-0.02596456,-0.9377066,-0.08953566,-0.3356936,109.2298,-42.59968,171.9951,-121.9972,-9.701583,-15.58,123.3701,1.121285,47.0956,1.042523,0.07559129,2.188836,0.1414398
791,0.016693,1,100,0,99.8593,0,58.28749,120.4963,0,0,-0.3704951,-0.01000154,0.9287806,-0.08548797,0.996065,-0.02337547,-0.9248921,-0.08806007,-0.3698922,107.1993,-42.76219,171.7131,-120.8805,-9.797196,-19.51233,122.8365,0.9586401,47.08332,0.9397355,0.06978605,2.188006,0.1336184
792,0.016739,1,100,0,108.2288,0,49.918,119.8816,0,0,-0.4039371,-0.01537166,0.9146576,-0.08530714,0.9961348,-0.02093295,-0.9108005,-0.08648241,-0.4036871,105.1832,-42.92663,171.3641,-119.5416,-9.871769,-23.53012,122.2347,0.7808295,47.13012,0.8244907,0.0628793,2.189903,0.1250073
793,0.016621,1,100,0,92.85437,0,41.6075,119.2311,0,0,-0.4365122,-0.02048138,0.8994653,-0.0852791,0.9961817,-0.01870243,-0.8956478,-0.08486943,-0.4365921,103.2046,-43.09114,170.9507,-117.9945,-9.946114,-27.55628,121.577,0.5278199,46.57032,0.6908206,0.05072671,2.163585,0.1142752
794,0.016687,1,100,0,101.1979,0,33.264,118.5565,0,0,-0.4682951,-0.02533954,0.8832087,-0.08542891,0.996204,-0.01671472,-0.8794325,-0.08327898,-0.4686822,101.2452,-43.25748,170.4682,-116.2362,-10.00608,-31.60934,120.8723,0.2783539,46.1167,0.5488713,0.03854634,2.142191,0.1032211
795,0.016828,1,100,0,85.63197,0,24.85,117.8699,0,0,-0.4993104,-0.02994833,0.8659055,-0.08573649,0.9962053,-0.01498367,-0.8621709,-0.0817212,-0.4999833,99.30007,-43.42614,169.9135,-114.2678,-10.05097,-35.67543,120.1286,0.03538841,45.08455,0.3994905,0.0261992,2.093927,0.0909051
796,0.016501,1,100,0,70.36854,0,16.5995,117.1769,0,0,-0.5283449,-0.03413552,0.8483433,-0.0861629,0.9961885,-0.01357743,-0.8446464,-0.08026929,-0.5292723,97.42623,-43.59216,169.3033,-112.1104,-10.0763,-39.57914,119.318,-0.1929487,43.57059,0.2484647,0.01400363,2.023298,0.07793789
797,0.016693,1,100,0,54.92751,0,8.252999,116.4506,0,0,-0.5560308,-0.03799351,0.830293,-0.08667737,0.9961586,-0.01246273,-0.82663,-0.07889727,-0.557188,95.56739,-43.76035,168.6209,-109.812,-10.06995,-43.46405,118.5294,-0.3737737,41.56712,0.07551637,0.00405674,1.929934,0.06301738
798,0.016683,1,100,0,39.49574,0,0,115.7861,0,0,-0.5817599,-0.04142518,0.8123051,-0.08721998,0.9961209,-0.0116663,-0.8086708,-0.07763623,-0.5831162,93.74854,-43.92826,167.8747,-107.4193,-10.05098,-47.2521,117.7823,-0.5449997,39.13866,-0.0984748,-0.006157721,1.816836,0.04761982
799,0.016673,1,100,0,31.15924,0,0,115.2006,0,0,-0.6054193,-0.04441762,0.7946662,-0.08776876,0.9960779,-0.01119149,-0.7910523,-0.07652242,-0.6069433,91.97077,-44.09571,167.0668,-105.0125,-10.02611,-50.84935,117.106,-0.7021951,36.6807,-0.2718011,-0.01607565,1.702372,0.03242802
800,0.016683,1,100,0,22.81774,0,0,114.7003,0,0,-0.6270987,-0.04698535,0.7775215,-0.08830272,0.9960328,-0.01102938,-0.7739187,-0.07557376,-0.6287599,90.23206,-44.26284,166.1995,-102.6121,-9.997772,-54.25534,116.5025,-0.8427755,34.19293,-0.4429842,-0.02547094,1.586531,0.01752942
801,0.016683,1,100,0,14.47624,0,0,114.2826,0,0,-0.646848,-0.04914179,0.7610341,-0.08881385,0.9959857,-0.01117498,-0.75743,-0.07481889,-0.6486159,88.53329,-44.42962,165.2765,-100.2344,-9.993731,-57.46431,115.9696,-1.007132,31.67967,-0.6018359,-0.03686891,1.469496,0.003580339
802,0.01668,1,100,0,6.13624,0,0,113.9405,0,0,-0.6647305,-0.05090705,0.7453468,-0.08930713,0.9959363,-0.01162544,-0.7417262,-0.07429257,-0.6665756,86.87423,-44.59633,164.3012,-97.90572,-9.99462,-60.47809,115.512,-1.144266,29.14385,-0.7552725,-0.04693729,1.351433,-0.009867974
803,0.016681,1,100,0,-2.20426,0,0,113.675,0,0,-0.6808207,-0.05228934,0.7305814,-0.08974638,0.9958882,-0.01235572,-0.7269313,-0.07397906,-0.6827141,85.25352,-44.76299,163.2766,-95.65024,-9.981957,-63.29972,115.1324,-1.225148,26.58698,-0.9213855,-0.0537601,1.232419,-0.02401102
804,0.01669,1,100,0,-10.54926,0,0,113.4852,0,0,-0.6951938,-0.05328874,0.7168445,-0.09008738,0.9958447,-0.01333746,-0.713155,-0.07385077,-0.6971057,83.66913,-44.92953,162.2055,-93.47606,-9.970723,-65.93508,114.8243,-1.282994,24.00971,-1.079464,-0.05941583,1.112481,-0.03756037
805,0.016677,1,100,0,-18.88776,0,0,113.363,0,0,-0.7078968,-0.05391727,0.704255,-0.09031514,0.9958072,-0.01454387,-0.7005181,-0.07390045,-0.7097983,82.1217,-45.09576,161.0922,-91.40057,-9.961461,-68.38518,114.5855,-1.31761,21.41759,-1.22814,-0.06383122,0.9918771,-0.05044907
806,0.016849,1,100,0,-27.31226,0,0,113.3036,0,0,-0.7191122,-0.05419036,0.6927779,-0.09041858,0.9957761,-0.01596419,-0.6889866,-0.07412004,-0.7209744,80.59279,-45.26356,159.9271,-89.41419,-9.954563,-70.68047,114.4103,-1.330034,18.78072,-1.367812,-0.06704609,0.8692216,-0.06276916
807,0.016518,1,100,0,-35.57126,0,0,113.3018,0,0,-0.7285777,-0.0541155,0.6828223,-0.09038689,0.9957527,-0.01752757,-0.6789737,-0.07448838,-0.7303745,79.12585,-45.42797,158.7481,-87.58895,-9.950097,-72.75763,114.3,-1.320072,16.18654,-1.493506,-0.06891314,0.7485809,-0.07411711
808,0.016679,1,100,0,-43.91076,0,0,113.3521,0,0,-0.7366579,-0.05371011,0.6741294,-0.09022737,0.9957349,-0.01926288,-0.6702195,-0.07501508,-0.738362,77.67446,-45.59403,157.5239,-85.87052,-9.969498,-74.68478,114.2408,-1.340479,13.55224,-1.607276,-0.07283836,0.6260584,-0.08474811
809,0.016845,1,100,0,-52.33326,15.1605,0,113.4444,0,0,-0.7433054,-0.05296924,0.6668519,-0.08995499,0.9957208,-0.02117631,-0.6628766,-0.07572712,-0.7448896,76.23651,-45.76215,156.2557,-84.3448,-10.00335,-76.4822,114.2963,-1.334725,10.58827,-1.70909,-0.07542673,0.4882598,-0.09507085
810,0.016529,1,100,0,-60.59776,30.0366,0,113.6385,0,0,-0.748243,-0.05190568,0.6613912,-0.08956999,0.9957106,-0.02318911,-0.6573506,-0.07659189,-0.7496826,74.84949,-45.92774,154.9826,-83.04836,-10.04815,-78.11452,114.4547,-1.304172,7.418344,-1.795433,-0.07658419,0.3409344,-0.1047381
811,0.016669,1,100,0,-68.93226,45.0387,0,113.9226,0,0,-0.7515453,-0.05048635,0.657747,-0.08905779,0.9957044,-0.02533113,-0.6536427,-0.07761498,-0.7528132,73.47131,-46.09554,153.672,-81.93928,-10.10311,-79.64194,114.7125,-1.250469,3.969173,-1.868543,-0.07641833,0.1806733,-0.1140288
812,0.016684,1,100,0,-77.27426,60.05429,0,114.2987,0,0,-0.753065,-0.04870475,0.6561409,-0.08841576,0.9957021,-0.02756631,-0.6519783,-0.07877243,-0.7541347,72.10929,-46.26444,152.3354,-81.03072,-10.16525,-81.05727,115.0634,-1.173805,0.2850862,-1.927628,-0.07481652,0.009536184,-0.1228746
813,0.016679,1,100,0,-85.61376,75.06539,0,114.7591,0,0,-0.7526972,-0.04655048,0.6567193,-0.08764148,0.9957043,-0.02987118,-0.6525077,-0.0800398,-0.7535436,70.7617,-46.43436,150.9762,-80.32697,-10.23384,-82.3615,115.5014,-1.079061,-3.61247,-1.971591,-0.07197957,-0.1714839,-0.1312138
814,0.016685,1,100,0,-93.95626,90.08189,0,115.2961,0,0,-0.7503289,-0.04401007,0.6595983,-0.08673471,0.9957102,-0.03222914,-0.6553503,-0.08139253,-0.7509273,69.42421,-46.60551,149.5953,-79.83168,-10.30761,-83.55567,116.0211,-0.9693205,-7.711515,-2.00001,-0.06799212,-0.3618329,-0.1390361
815,0.016684,1,100,0,-102.2983,100,0,115.9009,0,0,-0.7458493,-0.04107506,0.6648471,-0.0856983,0.9957194,-0.03462266,-0.6605791,-0.08279955,-0.7461767,68.09395,-46.77791,148.1953,-79.53738,-10.38381,-84.62135,116.5967,-0.8482866,-11.89843,-2.012478,-0.06289507,-0.5562356,-0.1461747
816,0.016698,1,100,0,-86.85262,100,0,116.543,0,0,-0.7393039,-0.03776505,0.6723121,-0.08453928,0.9957318,-0.03703097,-0.668044,-0.08421392,-0.7393411,66.76643,-46.95171,146.7773,-79.43209,-10.45863,-85.5174,117.1839,-0.7201365,-15.31173,-2.00863,-0.05628291,-0.7146804,-0.1513253
817,0.016668,1,100,0,-95.18661,100,0,117.1714,0,0,-0.7309217,-0.03413723,0.681607,-0.08327378,0.9957465,-0.03942827,-0.6773618,-0.08557897,-0.7306555,65.44196,-47.12646,145.348,-79.52762,-10.53689,-86.22363,117.7717,-0.6070151,-18.67294,-2.00584,-0.05009626,-0.8707219,-0.1566183
818,0.016684,1,100,0,-103.5286,100,0,117.7705,0,0,-0.7206334,-0.03018293,0.692659,-0.08190835,0.9957619,-0.04182561,-0.688461,-0.0868755,-0.7200515,64.11349,-47.30268,143.9066,-79.82472,-10.61348,-86.73656,118.3548,-0.4935368,-21.99524,-1.985568,-0.04330709,-1.024934,-0.1608685
819,0.016687,1,100,0,-88.09314,100,0,118.3331,0,0,-0.7085004,-0.02594053,0.7052335,-0.08045915,0.9957772,-0.0442043,-0.7011088,-0.08806125,-0.7075958,62.77869,-47.4802,142.4574,-80.32352,-10.68682,-87.04455,118.9236,-0.3847743,-24.61189,-1.948223,-0.03590113,-1.146352,-0.1630276
820,0.016877,1,100,0,-96.53164,100,0,118.849,0,0,-0.6945276,-0.02141643,0.7191473,-0.07892925,0.9957918,-0.04657214,-0.7151236,-0.08910739,-0.6932952,61.41913,-47.66095,140.9878,-81.02713,-10.75586,-87.1394,119.4754,-0.2845238,-27.27958,-1.893343,-0.02853083,-1.270123,-0.1641881
821,0.01649,1,100,0,-104.7766,100,0,119.3162,0,0,-0.6791242,-0.01678285,0.7338315,-0.07738779,0.9958038,-0.0488443,-0.7299325,-0.08996095,-0.6775733,60.0782,-47.83865,139.5516,-81.90063,-10.81645,-87.01292,119.9832,-0.1996829,-29.89632,-1.82318,-0.02164649,-1.391515,-0.1642865
822,0.016687,1,100,0,-89.34116,100,0,119.7126,0,0,-0.6618192,-0.0119189,0.7495687,-0.07580345,0.9958128,-0.05109496,-0.7458211,-0.09063552,-0.6599515,58.70565,-48.01944,138.1015,-82.95741,-10.86935,-86.66095,120.4583,-0.1298826,-31.89403,-1.736252,-0.01503227,-1.484139,-0.1622934
823,0.016835,1,100,0,-97.75867,100,0,120.0486,0,0,-0.6427709,-0.006895561,0.7660276,-0.07421835,0.9958161,-0.05331229,-0.7624549,-0.09112088,-0.6405933,57.30219,-48.20277,136.6458,-84.18133,-10.93003,-86.06996,120.8884,-0.118778,-33.97896,-1.627097,-0.01175002,-1.580796,-0.1589532
824,0.016533,1,100,0,-106.0252,100,0,120.3163,0,0,-0.6224003,-0.001861036,0.7826969,-0.07270325,0.9958112,-0.05544584,-0.7793152,-0.09141412,-0.6199285,55.90297,-48.38371,135.2272,-85.53107,-10.97108,-85.25679,121.2627,-0.08361916,-36.08237,-1.519686,-0.00654607,-1.678317,-0.1556686
825,0.016683,1,100,0,-90.5934,100,0,120.5117,0,0,-0.6002142,0.003292769,0.7998326,-0.07120986,0.9958006,-0.05753719,-0.7966633,-0.09149061,-0.5974593,54.46777,-48.56691,133.8107,-87.01723,-11.00022,-84.20213,121.5854,-0.06905854,-37.59444,-1.397447,-0.002239291,-1.748357,-0.1503518
826,0.016683,1,100,0,-98.9349,100,0,120.6372,0,0,-0.5765617,0.008461677,0.8170098,-0.06977896,0.9957831,-0.05955604,-0.8140685,-0.09134783,-0.5735399,53.00718,-48.75053,132.413,-88.61032,-11.01626,-82.91028,121.8493,-0.07582052,-39.21057,-1.262209,0.001005225,-1.823213,-0.1442248
827,0.016693,1,100,0,-107.2814,100,0,120.6935,0,0,-0.5513202,0.01363598,0.8341823,-0.06842871,0.9957585,-0.06150247,-0.8314828,-0.09098957,-0.5480487,51.51862,-48.93445,131.0374,-90.29016,-11.01882,-81.38261,122.0527,-0.1040362,-40.92226,-1.115056,0.003200292,-1.902491,-0.1373265
828,0.016683,1,100,0,-91.84962,100,0,120.6789,0,0,-0.5245628,0.01877452,0.8511649,-0.0671818,0.9957266,-0.06336652,-0.8487172,-0.09042251,-0.5210598,50.00255,-49.11823,129.6894,-92.03533,-11.00664,-79.62174,122.1936,-0.1506579,-42.05201,-0.9576247,0.004311771,-1.954723,-0.1286592
829,0.016674,1,100,0,-100.1866,100,0,120.5949,0,0,-0.4964867,0.02382331,0.8677175,-0.06606029,0.9956876,-0.06513482,-0.8655273,-0.08966024,-0.4927718,48.45794,-49.30162,128.3727,-93.82562,-10.9808,-77.63055,122.2715,-0.2167864,-43.31391,-0.7909712,0.004369151,-2.013077,-0.1194409
830,0.016682,1,100,0,-84.75577,91.659,0,120.4473,0,0,-0.4671498,0.02875356,0.8837106,-0.06508148,0.9956418,-0.06679907,-0.8817799,-0.08871837,-0.4632425,46.88253,-49.48458,127.0904,-95.64876,-10.93686,-75.33108,122.2419,-0.3011919,-43.86372,-0.6164026,0.003027842,-2.038337,-0.1084214
831,0.016773,1,100,0,-93.14227,83.2725,0,120.208,0,0,-0.43672,0.03352901,0.8989725,-0.06427473,0.9955884,-0.0683571,-0.8972985,-0.08763413,-0.4326383,45.26787,-49.66783,125.8414,-97.48207,-10.89798,-72.71777,122.104,-0.4389495,-44.42939,-0.441143,-0.001745513,-2.064305,-0.09725428
832,0.016572,1,100,0,-101.4283,74.9865,0,119.886,0,0,-0.405743,0.0380614,0.9131944,-0.06368069,0.9955273,-0.06978706,-0.9117662,-0.08646846,-0.4015045,43.64243,-49.84817,124.6519,-99.27002,-10.84743,-69.86269,121.8729,-0.5788336,-44.99897,-0.2634628,-0.006746634,-2.090451,-0.0858521
833,0.016688,1,100,0,-85.99187,66.64249,0,119.4992,0,0,-0.3738044,0.04241013,0.9265375,-0.06328725,0.9954596,-0.07109763,-0.9253459,-0.08521461,-0.3694231,41.97595,-50.02885,123.5034,-101.0214,-10.78273,-66.73306,121.552,-0.7175549,-44.91743,-0.08171923,-0.01221581,-2.086342,-0.07311118
834,0.016928,1,100,0,-94.45586,58.17849,0,119.0513,0,0,-0.3409777,0.04655589,0.938918,-0.06309824,0.9953873,-0.07227068,-0.9379516,-0.08388676,-0.3364672,40.25613,-50.21096,122.3929,-102.7232,-10.70516,-63.32085,121.1453,-0.8571377,-44.90351,0.1040989,-0.01785452,-2.085363,-0.06015446
835,0.016416,1,100,0,-102.6639,49.97049,0,118.5528,0,0,-0.3087251,0.05032175,0.9498193,-0.06310765,0.9953156,-0.07324439,-0.9490557,-0.08255325,-0.3041033,38.56117,-50.38625,121.3725,-104.281,-10.62033,-59.81354,120.6854,-0.9895467,-44.95031,0.2843009,-0.02328098,-2.087217,-0.04764178
836,0.016675,1,100,0,-87.23949,41.633,0,118.0347,0,0,-0.2757012,0.05387896,0.9597323,-0.06328747,0.9952442,-0.0740531,-0.9591579,-0.08115555,-0.2709802,36.81395,-50.56276,120.3957,-105.7556,-10.51155,-56.07521,120.1631,-1.079301,-44.39127,0.4589682,-0.0267117,-2.060961,-0.03455386
837,0.016683,1,100,0,-95.58099,33.2915,0,117.4846,0,0,-0.2427138,0.05714035,0.9684138,-0.06360575,0.9951786,-0.07466111,-0.9680108,-0.07971796,-0.2379091,35.04198,-50.73748,119.4818,-107.1036,-10.39138,-52.18679,119.5936,-1.167725,-43.94326,0.6313978,-0.0302434,-2.039863,-0.02176189
838,0.016683,1,100,0,-103.9225,24.95,0,116.9216,0,0,-0.2097463,0.06011628,0.975906,-0.06404833,0.9951196,-0.07506541,-0.9756559,-0.07824985,-0.2048724,33.2483,-50.91014,118.6333,-108.3118,-10.26219,-48.1814,118.9883,-1.253304,-43.59917,0.8000525,-0.0337527,-2.023596,-0.009353653
839,0.016683,1,100,0,-88.49071,16.6085,0,116.3491,0,0,-0.1769364,0.06280253,0.9822165,-0.06461459,0.995068,-0.07526392,-0.982099,-0.07678244,-0.1720058,31.43531,-51.0807,117.8522,-109.3675,-10.14391,-44.08398,118.3534,-1.36471,-42.68598,0.9610338,-0.03980689,-1.980856,0.003318008
840,0.016693,1,100,0,-96.8372,8.261998,0,115.7713,0,0,-0.1445628,0.0651846,0.9873463,-0.06531553,0.9950231,-0.07525463,-0.9873378,-0.07536806,-0.1395858,29.60447,-51.24937,117.1394,-110.2698,-10.02352,-39.92146,117.7014,-1.463096,-41.91898,1.1155,-0.04517009,-1.944926,0.01529259
841,0.016674,1,100,0,-81.41376,0,0,115.2014,0,0,-0.1127873,0.06726479,0.9913397,-0.06612851,0.9949858,-0.0750358,-0.9914162,-0.07401891,-0.1077736,27.76154,-51.41584,116.497,-111.0148,-9.902711,-35.73166,117.0431,-1.548225,-40.62504,1.262011,-0.05059755,-1.884525,0.02736489
842,0.016684,1,100,0,-65.98106,0,0,114.6458,0,0,-0.08194985,0.06902678,0.9942432,-0.06702788,0.9949583,-0.07460115,-0.9943801,-0.07275557,-0.07690997,25.90578,-51.58035,115.9236,-111.6334,-9.772491,-31.61946,116.4358,-1.579164,-39.00583,1.396722,-0.05327154,-1.80908,0.03898483
843,0.016685,1,100,0,-57.63856,0,0,114.1488,0,0,-0.05229955,0.07046864,0.9961422,-0.06796857,0.9949431,-0.07395231,-0.9963161,-0.07157403,-0.04724542,24.04029,-51.74271,115.4184,-112.1299,-9.647303,-27.59819,115.8785,-1.598617,-37.28819,1.52231,-0.05564786,-1.729078,0.05002038
844,0.016684,1,100,0,-49.29656,0,0,113.7112,0,0,-0.02394768,0.07160058,0.997146,-0.0689327,0.9949399,-0.07309767,-0.9973341,-0.07048649,-0.01889088,22.16724,-51.90301,114.9796,-112.5145,-9.526436,-23.68148,115.3737,-1.603187,-35.48079,1.638309,-0.05746997,-1.644927,0.0604246
845,0.017,1,100,0,-40.79656,0,0,113.3334,0,0,0.003512892,0.07244837,0.9973661,-0.06992023,0.994949,-0.07202652,-0.9975466,-0.06948304,0.008560754,20.25274,-52.0643,114.599,-112.802,-9.409182,-19.80824,114.9138,-1.595182,-33.55096,1.745518,-0.05888833,-1.55511,0.07029852
846,0.0164,1,100,0,-32.59656,0,0,113.0094,0,0,0.02854384,0.072989,0.9969243,-0.07087029,0.9949688,-0.07081668,-0.9970774,-0.06863093,0.03357298,18.40167,-52.2181,114.2938,-112.9879,-9.315607,-16.19621,114.5224,-1.595196,-31.62275,1.825125,-0.06105146,-1.465387,0.07824904
847,0.016665,1,100,0,-24.26406,0,0,112.7533,0,0,0.05245408,0.07328612,0.9959306,-0.07183185,0.994997,-0.06943415,-0.9960366,-0.06789744,0.05745593,16.51801,-52.37287,114.0435,-113.0988,-9.228976,-12.65925,114.1787,-1.579482,-29.59213,1.894433,-0.06250811,-1.370936,0.08554415
848,0.016781,1,100,0,-15.87356,0,0,112.5498,0,0,0.07491219,0.07334301,0.9944893,-0.07278004,0.9950339,-0.06790085,-0.9945305,-0.06729236,0.07987808,14.61976,-52.52729,113.8502,-113.1429,-9.149653,-9.24299,113.888,-1.548082,-27.4828,1.952039,-0.06320392,-1.272861,0.09206955
849,0.016585,1,100,0,-7.581058,0,0,112.4015,0,0,0.09545631,0.07317446,0.9927405,-0.07368163,0.9950782,-0.06626196,-0.9927031,-0.06682161,0.1003781,12.74326,-52.67864,113.7147,-113.1323,-9.076642,-6.019333,113.6553,-1.49896,-25.34374,1.997389,-0.0629117,-1.173445,0.09774113
850,0.016704,1,100,0,0.7709427,0,0,112.3091,0,0,0.1144511,0.07279402,0.9907583,-0.07453861,0.9951298,-0.0645046,-0.9906286,-0.06646712,0.1193196,10.85373,-52.82987,113.6313,-113.0779,-9.008629,-2.930409,113.474,-1.436255,-23.13555,2.030609,-0.06191577,-1.070849,0.1026347
851,0.016681,1,100,0,9.111443,0,0,112.2673,0,0,0.1316817,0.07221688,0.9886581,-0.07531959,0.9951887,-0.06266192,-0.9884266,-0.06621389,0.1364875,8.967876,-52.97972,113.5986,-112.9953,-8.932279,-0.01094596,113.3478,-1.32372,-20.88292,2.051674,-0.05783229,-0.9662706,0.1067411
852,0.016697,1,100,0,17.45994,0,0,112.2775,0,0,0.147161,0.07145467,0.9865282,-0.07599316,0.9952559,-0.06075089,-0.9861889,-0.06602923,0.1518929,7.081723,-53.12843,113.6137,-112.8909,-8.855091,2.741353,113.2709,-1.205331,-18.58429,2.060379,-0.05344906,-0.8595789,0.1100673
853,0.016668,1,100,0,25.79394,0,15.0012,112.3329,0,0,0.1607522,0.07051554,0.9844726,-0.07655834,0.9953304,-0.05879223,-0.9840212,-0.06591861,0.1654001,5.200309,-53.27563,113.6735,-112.8379,-8.783806,5.279114,113.3023,-1.082762,-15.96942,2.056736,-0.04918407,-0.7382188,0.1129361
854,0.016694,1,100,0,34.14094,0,30.0258,112.4871,0,0,0.1722729,0.06938975,0.9826022,-0.07702278,0.9954106,-0.05679038,-0.9820333,-0.06589931,0.1768269,3.316533,-53.42189,113.7747,-112.843,-8.716692,7.624712,113.4357,-0.9563529,-13.05468,2.040856,-0.04500067,-0.6029518,0.1153398
855,0.016669,1,100,0,42.47544,0,45.0279,112.7382,0,0,0.1814788,0.06807741,0.9810357,-0.07740114,0.995495,-0.05476259,-0.9803442,-0.06599503,0.1859305,1.435159,-53.5669,113.9137,-112.9096,-8.665939,9.779426,113.6632,-0.8539002,-9.873444,2.006211,-0.0425916,-0.455307,0.1168289
856,0.016687,1,100,0,50.81894,0,60.0462,113.0805,0,0,0.1882054,0.06657481,0.9798707,-0.0777062,0.9955817,-0.0527171,-0.9790511,-0.0662204,0.1925471,-0.4497749,-53.71117,114.0878,-113.0527,-8.606599,11.74941,113.987,-0.7074594,-6.437271,1.961058,-0.03754289,-0.2958954,0.1179433
857,0.016677,1,100,0,59.15744,0,75.0555,113.5166,0,0,0.1922628,0.06487797,0.9791965,-0.07791648,0.9956714,-0.05067083,-0.9782454,-0.06655343,0.1964857,-2.336396,-53.85438,114.2937,-113.2746,-8.548698,13.53034,114.3997,-0.5632283,-2.770816,1.904359,-0.03272867,-0.1258098,0.1186114
858,0.01669,1,100,0,67.50244,0,90.07649,114.0378,0,0,0.1934904,0.06297881,0.9790788,-0.07804346,0.9957633,-0.0486287,-0.9779934,-0.06700152,0.1975857,-4.228658,-53.99674,114.5284,-113.5814,-8.492843,15.12131,114.8979,-0.4227816,1.115363,1.83625,-0.02817905,0.05445872,0.1188549
859,0.016793,1,100,0,75.89894,0,100,114.6387,0,0,0.1917315,0.0608609,0.9795586,-0.07809882,0.9958567,-0.04658704,-0.9783354,-0.06757017,0.1956902,-6.138149,-54.13905,114.7901,-113.9606,-8.438207,16.52355,115.461,-0.287341,5.132297,1.75652,-0.02381056,0.2407768,0.118583
860,0.016562,1,100,0,84.17994,0,100,115.2953,0,0,0.1870126,0.05857207,0.98061,-0.0780926,0.9959485,-0.04459516,-0.9792491,-0.06823854,0.1908289,-8.027825,-54.27851,115.0703,-114.3714,-8.384709,17.69162,116.035,-0.1617962,8.99838,1.667047,-0.01958982,0.420073,0.1176014
861,0.016682,1,100,0,92.52094,0,100,115.9463,0,0,0.1793346,0.0560782,0.9821886,-0.07803445,0.9960393,-0.04262095,-0.9806885,-0.06900113,0.1830003,-9.938294,-54.41808,115.3707,-114.827,-8.331708,18.63332,116.627,-0.04239402,12.81009,1.567235,-0.01534789,0.5968235,0.1160042
862,0.016857,1,100,0,100.9494,0,100,116.5943,0,0,0.1686446,0.0533785,0.9842306,-0.07792937,0.996129,-0.04067086,-0.9825916,-0.06984155,0.1721515,-11.87676,-54.55822,115.6887,-115.3321,-8.278175,19.32899,117.2332,0.0745023,16.58525,1.448353,-0.01083448,0.7718419,0.1132672
863,0.016509,1,100,0,85.67861,0,100,117.23,0,0,0.1555095,0.05058903,0.9865384,-0.07778619,0.9962141,-0.03882363,-0.9847674,-0.07070162,0.1588559,-13.78373,-54.69463,116.0101,-115.8685,-8.23035,19.73971,117.8257,0.1717006,19.5528,1.322524,-0.006463422,0.9093586,0.1091914
864,0.016698,1,100,0,94.02761,0,100,117.8212,0,0,0.139917,0.0476626,0.9890155,-0.0776121,0.9962956,-0.03703358,-0.9871169,-0.07157794,0.1430979,-15.72172,-54.83182,116.3405,-116.4476,-8.188148,19.87668,118.4153,0.2510799,22.54555,1.186551,-0.002906242,1.048039,0.1045947
865,0.016667,1,100,0,102.3611,0,100,118.3778,0,0,0.1220292,0.04464017,0.9915222,-0.0774258,0.996372,-0.03532952,-0.9895021,-0.07245816,0.1250428,-17.66593,-54.9681,116.671,-117.0545,-8.153458,19.72884,118.9851,0.3104891,25.52076,1.042808,-0.000259589,1.185903,0.09957233
866,0.016688,1,100,0,86.92471,0,100,118.8834,0,0,0.1019622,0.04153315,0.9939209,-0.07723956,0.9964423,-0.03371483,-0.9917851,-0.07333237,0.1048074,-19.62284,-55.10401,116.9978,-117.6811,-8.125861,19.29298,119.5286,0.3535939,27.82194,0.8922989,0.002201817,1.292472,0.09332949
867,0.016679,1,100,0,95.26421,0,100,119.3323,0,0,0.08007792,0.03838381,0.9960493,-0.07706235,0.996506,-0.03220594,-0.9938054,-0.07417893,0.08275607,-21.58918,-55.23944,117.3156,-118.3143,-8.107482,18.56983,120.0369,0.3761506,30.16596,0.7354658,0.003594683,1.401031,0.08679436
868,0.016685,1,100,0,103.6067,0,100,119.7196,0,0,0.0563243,0.03518894,0.9977923,-0.07690968,0.9965622,-0.03080409,-0.9954461,-0.07500487,0.05883704,-23.56677,-55.37467,117.6199,-118.9409,-8.099054,17.56473,120.5033,0.3789696,32.55047,0.5731405,0.003986712,1.511471,0.08001988
869,0.016677,1,100,0,88.18049,0,100,120.0402,0,0,0.0308674,0.03196801,0.9990122,-0.07679314,0.99661,-0.02951839,-0.9965692,-0.07580613,0.03321768,-25.55376,-55.50975,117.9057,-119.546,-8.101321,16.28325,120.9215,0.3630469,34.30316,0.4064265,0.003823666,1.592584,0.07216911
870,0.016785,1,100,0,96.57299,0,100,120.2908,0,0,0.003831509,0.02873306,0.9995798,-0.07670595,0.9966506,-0.02835484,-0.9970466,-0.07656508,0.006022673,-27.56362,-55.64571,118.1704,-120.1232,-8.095272,14.72202,121.2924,0.3688963,36.15608,0.2329789,0.005215185,1.678327,0.06404794
871,0.016598,1,100,0,104.872,0,100,120.4769,0,0,-0.02434929,0.02553846,0.9993774,-0.07663395,0.9966847,-0.0273368,-0.9967623,-0.07725187,-0.02231145,-29.56037,-55.78009,118.4048,-120.643,-8.097203,12.92055,121.6028,0.3517923,38.06432,0.05883009,0.005297405,1.766645,0.05595885
872,0.016675,1,100,0,89.44762,0,100,120.5897,0,0,-0.05396807,0.02234849,0.9982927,-0.07659955,0.9967112,-0.02645409,-0.9956007,-0.07789645,-0.0520787,-31.57468,-55.91526,118.6089,-121.0951,-8.123108,10.86597,121.8527,0.2829918,39.3875,-0.1208982,0.002512486,1.827822,0.04671945
873,0.01685,1,100,0,97.87262,0,100,120.6292,0,0,-0.0849204,0.01917695,0.9962033,-0.07663097,0.9967279,-0.02571938,-0.9934369,-0.07852413,-0.08317299,-33.61733,-56.05236,118.779,-121.4689,-8.161952,8.552161,122.0428,0.2020493,40.84777,-0.3025247,-0.0009595575,1.895363,0.03756812
874,0.016521,1,100,0,106.1331,0,100,120.6012,0,0,-0.1163238,0.01610723,0.9930807,-0.07672784,0.9967347,-0.02515396,-0.9902431,-0.07912294,-0.1147081,-35.62571,-56.18749,118.9067,-121.7402,-8.212755,6.065072,122.1676,0.1135687,42.38344,-0.4794746,-0.004847103,1.966411,0.02883371
875,0.016683,1,100,0,90.70134,0,100,120.5065,0,0,-0.148956,0.01305622,0.9887578,-0.07687671,0.9967338,-0.02474298,-0.9858513,-0.07969806,-0.1474657,-37.65776,-56.32474,118.9928,-121.9096,-8.253835,3.350414,122.2346,0.05059048,43.36797,-0.6604615,-0.006818235,2.011868,0.01907663
876,0.016689,1,100,0,99.04584,0,100,120.3485,0,0,-0.1822294,0.01008237,0.9832045,-0.07704795,0.9967265,-0.02450128,-0.980233,-0.08021875,-0.1808561,-39.6927,-56.46278,119.0326,-121.9566,-8.304261,0.4449312,122.2398,-0.02362269,44.49811,-0.8384261,-0.009488464,2.064089,0.009698156
877,0.016676,1,100,0,107.3838,0,91.662,120.1316,0,0,-0.2161184,0.007179122,0.9763409,-0.07724036,0.9967135,-0.0244265,-0.9733075,-0.08069194,-0.2148536,-41.72585,-56.60159,119.0225,-121.8215,-8.360428,-2.701129,122.1379,-0.1027791,45.59239,-1.011889,-0.01240755,2.11465,0.0005393475
878,0.016673,1,100,0,91.96131,0,83.3255,119.8248,0,0,-0.2503925,0.004362872,0.9681346,-0.07744675,0.9966949,-0.02452194,-0.9650419,-0.08111899,-0.249227,-43.75529,-56.74134,118.9588,-121.4907,-8.42372,-6.063306,121.9332,-0.188955,45.98871,-1.180111,-0.01568067,2.132826,-0.009308033
879,0.016682,1,100,0,100.3023,0,74.9845,119.4381,0,0,-0.2846799,0.001666712,0.9586212,-0.07765932,0.9966716,-0.02479521,-0.9554718,-0.08150458,-0.283603,-45.77917,-56.88227,118.838,-120.9539,-8.494031,-9.614793,121.6324,-0.2781118,46.41143,-1.342242,-0.01920381,2.152237,-0.0187551
880,0.016684,1,100,0,84.86961,0,66.64249,118.9872,0,0,-0.3187702,-0.0008940734,0.9478316,-0.07788025,0.9966428,-0.0252522,-0.944627,-0.08186701,-0.3177696,-47.79316,-57.02449,118.657,-120.2025,-8.583704,-13.31729,121.2422,-0.4030457,46.19263,-1.503863,-0.02510173,2.14187,-0.02911431
881,0.01669,1,100,0,93.21461,0,58.29749,118.481,0,0,-0.3523329,-0.003288422,0.9358691,-0.07811759,0.9966077,-0.02590762,-0.9326091,-0.08223595,-0.3513946,-49.79415,-57.16831,118.4134,-119.2378,-8.6829,-17.13942,120.7758,-0.5191267,46.05327,-1.656793,-0.03058227,2.135202,-0.03879827
882,0.016712,1,100,0,101.5706,0,49.94149,117.939,0,0,-0.3854161,-0.005534856,0.9227262,-0.07835381,0.9965666,-0.02675005,-0.91941,-0.08260901,-0.3845265,-51.78049,-57.31402,118.1052,-118.0621,-8.788776,-21.04764,120.2452,-0.6217281,45.98832,-1.800338,-0.03532312,2.132002,-0.04777059
883,0.01665,1,100,0,86.16936,0,41.61649,117.3669,0,0,-0.4177129,-0.007619755,0.9085472,-0.07856808,0.9965221,-0.02776482,-0.9051757,-0.08298053,-0.4168588,-53.73877,-57.46099,117.7329,-116.6867,-8.901403,-24.98871,119.6639,-0.7143879,45.32949,-1.932864,-0.03964336,2.10125,-0.05691405
884,0.016828,1,100,0,94.58337,0,33.20249,116.7774,0,0,-0.449402,-0.009548053,0.8932786,-0.07873645,0.9964747,-0.02896064,-0.8898531,-0.08334856,-0.4485695,-55.69367,-57.61136,117.2899,-115.1022,-9.002862,-28.98897,119.0375,-0.7724875,44.78654,-2.0646,-0.04190103,2.07588,-0.06584693
885,0.01654,1,100,0,102.8534,0,24.93249,116.178,0,0,-0.479676,-0.0112818,0.8773732,-0.07882591,0.9964284,-0.03028289,-0.8738979,-0.08368572,-0.4788521,-57.58805,-57.76085,116.7888,-113.3641,-9.10536,-32.90409,118.3934,-0.8225324,44.36481,-2.182326,-0.0438081,2.056155,-0.07373467
886,0.016683,1,100,0,87.42159,0,16.59099,115.5868,0,0,-0.5092443,-0.01287034,0.8605258,-0.07883118,0.9963824,-0.03174867,-0.8570041,-0.08400409,-0.5084167,-59.46878,-57.91335,116.2181,-111.4396,-9.2106,-36.81197,117.7232,-0.8657314,43.37857,-2.288775,-0.04554453,2.010237,-0.08176202
887,0.016842,1,100,0,71.84274,0,8.169991,114.9937,0,0,-0.5377391,-0.01427306,0.8429905,-0.07873745,0.9963372,-0.03335676,-0.8394266,-0.08431216,-0.5368933,-61.33387,-58.06905,115.5764,-109.3112,-9.313544,-40.67548,117.005,-0.8962299,41.86056,-2.383758,-0.0467972,1.939647,-0.08986998
888,0.016535,1,100,0,56.54786,0,0,114.3823,0,0,-0.5640888,-0.01542032,0.8255702,-0.07853661,0.9962949,-0.03505267,-0.8219708,-0.0846103,-0.5632098,-63.12941,-58.22364,114.8833,-107.1184,-9.417745,-44.39172,116.3343,-0.9159043,39.91604,-2.463822,-0.04773195,1.849273,-0.09768739
889,0.016674,1,100,0,48.21086,0,0,113.8469,0,0,-0.5888688,-0.01633103,0.8080637,-0.07821861,0.9962543,-0.03686669,-0.8044349,-0.08491527,-0.5879405,-64.90317,-58.38128,114.1231,-104.8728,-9.52655,-47.97382,115.7175,-0.9245642,37.88469,-2.531083,-0.04822531,1.754885,-0.1048326
890,0.016685,1,100,0,39.86836,0,0,113.378,0,0,-0.6118784,-0.01700179,0.7907692,-0.0777822,0.9962164,-0.03876704,-0.7871181,-0.08522848,-0.6108857,-66.64053,-58.54085,113.3037,-102.611,-9.638256,-51.38704,115.1631,-0.9219318,35.7888,-2.584462,-0.0482337,1.657517,-0.1112041
891,0.016684,1,100,0,31.52636,0,0,112.98,0,0,-0.633125,-0.01743974,0.7738531,-0.07723647,0.9961801,-0.04074058,-0.7701865,-0.08556357,-0.6320535,-68.34005,-58.70237,112.4283,-100.3496,-9.767808,-54.62362,114.6699,-0.9425313,33.63549,-2.624917,-0.04993922,1.55749,-0.1168454
892,0.016683,1,100,0,23.18486,0,0,112.6488,0,0,-0.6526427,-0.0176518,0.7574601,-0.07659031,0.9961445,-0.04277765,-0.7537846,-0.08593262,-0.6514784,-70.00186,-58.866,111.4999,-98.11361,-9.887931,-57.68747,114.2449,-0.9173918,31.42971,-2.656945,-0.04889007,1.45505,-0.1220353
893,0.01668,1,100,0,14.84486,0,0,112.3884,0,0,-0.6704699,-0.0176433,0.741727,-0.07582501,0.9961122,-0.04484626,-0.7380521,-0.08630952,-0.6692011,-71.62627,-59.03159,110.5216,-95.91574,-10.00617,-60.57806,113.8844,-0.8821012,29.17638,-2.674345,-0.04733741,1.35042,-0.1263872
894,0.016698,1,100,0,6.49586,0,0,112.1933,0,0,-0.6866707,-0.01742362,0.7267599,-0.07494461,0.9960829,-0.04693007,-0.7230954,-0.08669224,-0.6852867,-73.21602,-59.19931,109.4949,-93.76867,-10.12113,-63.30101,113.5871,-0.8373754,26.87652,-2.677152,-0.04529586,1.24365,-0.1299045
895,0.016697,1,100,0,-1.85264,0,0,112.0605,0,0,-0.70127,-0.01700258,0.7126932,-0.07396559,0.9960556,-0.04901736,-0.7090486,-0.08708917,-0.6997615,-74.77016,-59.36898,108.4237,-91.68621,-10.24315,-65.85305,113.3486,-0.8189262,24.53681,-2.665277,-0.04502174,1.13504,-0.1325686
896,0.016654,1,100,0,-10.17964,0,0,111.9835,0,0,-0.7142844,-0.01639276,0.6996636,-0.0729152,0.9960282,-0.05110246,-0.696047,-0.0875178,-0.7126426,-76.28609,-59.54023,107.3137,-89.68969,-10.36223,-68.23432,113.1704,-0.7883449,22.16728,-2.638902,-0.0440191,1.025067,-0.1343719
897,0.016667,1,100,0,-18.51314,0,0,111.9618,0,0,-0.7258094,-0.01560338,0.6877191,-0.07179548,0.9960011,-0.0531741,-0.6841393,-0.08796939,-0.7240272,-77.77042,-59.71357,106.1641,-87.78416,-10.47681,-70.45741,113.049,-0.7470163,19.76245,-2.598309,-0.04235023,0.9134769,-0.1353489
898,0.016795,1,100,0,-26.91064,15.1155,0,111.9913,0,0,-0.735902,-0.0146276,0.6769301,-0.07060191,0.9959744,-0.05523078,-0.6733971,-0.088437,-0.7339723,-79.23506,-59.89015,104.9691,-86.04478,-10.58961,-72.54778,113.0443,-0.6920485,17.02248,-2.544535,-0.03988505,0.7863428,-0.1360423
899,0.016578,1,100,0,-35.19964,30.0357,0,112.1269,0,0,-0.7442673,-0.01346913,0.667746,-0.06936088,0.9959493,-0.05722007,-0.6642705,-0.08890248,-0.7421868,-80.65303,-60.0663,103.7557,-84.50254,-10.69746,-74.47953,113.1473,-0.6307132,14.03919,-2.478001,-0.03702208,0.6479266,-0.1363494
900,0.016693,1,100,0,-43.54614,45.0594,0,112.3613,0,0,-0.7510105,-0.01209245,0.6601796,-0.06805375,0.9959253,-0.05917466,-0.656774,-0.08936849,-0.7487733,-82.05599,-60.24544,102.5022,-83.12471,-10.80114,-76.30598,113.3534,-0.5637023,10.77005,-2.398058,-0.03377761,0.4962517,-0.1363008
901,0.016751,1,100,0,-51.92164,60.1353,0,112.6953,0,0,-0.756003,-0.01048454,0.6544841,-0.06669066,0.9959023,-0.06108134,-0.6511618,-0.08982566,-0.7536044,-83.44172,-60.42691,101.2144,-81.92231,-10.89887,-78.02691,113.6585,-0.4932221,7.243678,-2.305192,-0.03023041,0.3326466,-0.1358906
902,0.016607,1,100,0,-60.22514,75.0816,0,113.1251,0,0,-0.7591197,-0.008648586,0.6508936,-0.06528811,0.9958813,-0.06291124,-0.6476687,-0.09025278,-0.7565578,-84.79665,-60.60835,99.90974,-80.91795,-10.979,-79.62653,114.0554,-0.4035137,3.527055,-2.21401,-0.02529403,0.1602006,-0.1359522
903,0.016683,1,100,0,-68.56664,90.09631,0,113.641,0,0,-0.7603368,-0.006541394,0.6494962,-0.06382124,0.9958631,-0.06468291,-0.6463861,-0.09063245,-0.7576088,-86.14205,-60.7919,98.57298,-80.09899,-11.04947,-81.13019,114.5428,-0.3174111,-0.4177527,-2.110327,-0.02037281,-0.02283029,-0.1356367
904,0.016684,1,100,0,-76.90864,100,0,114.2413,0,0,-0.7595579,-0.004165322,0.6504264,-0.06231513,0.9958458,-0.06639326,-0.6474478,-0.09096092,-0.7566621,-87.47485,-60.97664,97.21169,-79.4585,-11.11899,-82.51672,115.0925,-0.2620233,-4.461205,-1.98884,-0.01711235,-0.2104232,-0.1343905
905,0.01668,1,100,0,-85.24864,100,0,114.8939,0,0,-0.7567563,-0.001531783,0.6536954,-0.06079875,0.9958277,-0.06805071,-0.6508637,-0.09124167,-0.753692,-88.79757,-61.16241,95.82841,-78.98335,-11.17611,-83.75471,115.6638,-0.2127152,-8.40661,-1.856331,-0.01385929,-0.3934507,-0.1323207
906,0.016689,1,100,0,-93.59314,100,0,115.5524,0,0,-0.7519445,0.001342554,0.659225,-0.05928631,0.995808,-0.06965292,-0.6565551,-0.09145816,-0.7487128,-90.11408,-61.34918,94.42464,-78.69041,-11.2209,-84.83162,116.2518,-0.1720851,-12.26507,-1.713235,-0.01074285,-0.5724288,-0.1294576
907,0.016673,1,100,0,-101.9296,100,0,116.2054,0,0,-0.7451237,0.004434839,0.6669117,-0.05779572,0.9957868,-0.07119551,-0.6644176,-0.0915941,-0.7417281,-91.42553,-61.53644,93.00523,-78.59305,-11.25335,-85.73279,116.8487,-0.1425692,-16.03747,-1.560398,-0.007889145,-0.7473999,-0.1258384
908,0.016688,1,100,0,-86.49324,100,0,116.8398,0,0,-0.73637,0.007710617,0.6765354,-0.05634451,0.9957629,-0.0726767,-0.6742293,-0.09163599,-0.7328154,-92.73767,-61.72435,91.57053,-78.69971,-11.2736,-86.44713,117.4472,-0.126337,-19.07104,-1.398251,-0.005508667,-0.8880447,-0.1204087
909,0.016818,1,100,0,-94.90224,100,0,117.4445,0,0,-0.7257872,0.01113549,0.6878293,-0.05494791,0.9957359,-0.07410051,-0.6857215,-0.09157598,-0.7220804,-94.063,-61.91401,90.11373,-79.01604,-11.28402,-86.96574,118.042,-0.1282043,-22.11543,-1.230223,-0.003873938,-1.029186,-0.1145853
910,0.016549,1,100,0,-103.1767,100,0,118.0126,0,0,-0.7135729,0.01461975,0.7004285,-0.05365026,0.9957061,-0.07544003,-0.6985238,-0.09141013,-0.7097245,-95.37345,-62.10076,88.67284,-79.53061,-11.28496,-87.26891,118.61,-0.1446327,-25.09319,-1.064157,-0.002791898,-1.167238,-0.1087257
911,0.016679,1,100,0,-87.74866,100,0,118.5225,0,0,-0.6995072,0.01821562,0.7143936,-0.05243373,0.9956725,-0.07672878,-0.7126997,-0.09113065,-0.6955249,-96.7039,-62.28893,87.21674,-80.2444,-11.27528,-87.36166,119.1568,-0.1754983,-27.41677,-0.8901256,-0.002421157,-1.274893,-0.1012263
912,0.016852,1,100,0,-96.17466,100,0,118.9799,0,0,-0.6836682,0.02188008,0.729465,-0.05131894,0.9956347,-0.07796081,-0.7279865,-0.09073469,-0.6795609,-98.06128,-62.47883,85.74521,-81.1549,-11.255,-87.23143,119.675,-0.2201706,-29.80944,-0.708523,-0.002573866,-1.385745,-0.09326952
913,0.016507,1,100,0,-104.4282,100,0,119.38,0,0,-0.6664643,0.02549315,0.7451009,-0.05034773,0.9955946,-0.07909776,-0.7438349,-0.09022997,-0.6622448,-99.40676,-62.66446,84.30717,-82.21983,-11.22539,-86.87912,120.142,-0.2773071,-32.18575,-0.5260623,-0.00324893,-1.495836,-0.08513667
914,0.016687,1,100,0,-88.99268,100,0,119.7061,0,0,-0.6474138,0.02914034,0.7615815,-0.04950041,0.9955512,-0.08017258,-0.7605296,-0.08960342,-0.6430911,-100.7856,-62.85157,82.8606,-83.45361,-11.18626,-86.29468,120.567,-0.3482217,-33.95723,-0.3382769,-0.00479168,-1.57782,-0.0755855
915,0.016684,1,100,0,-97.33469,100,0,119.9666,0,0,-0.6268598,0.03273465,0.7784441,-0.04880288,0.9955055,-0.08116201,-0.7776022,-0.08886752,-0.6224448,-102.1856,-63.03793,81.42535,-84.83063,-11.13632,-85.4768,120.9402,-0.4241013,-35.81365,-0.1491255,-0.006405182,-1.663748,-0.06597222
916,0.016683,1,100,0,-105.6762,100,0,120.1587,0,0,-0.6046937,0.03627604,0.7956316,-0.04825443,0.9954585,-0.08206114,-0.7949951,-0.0880146,-0.600197,-103.6092,-63.2234,80.00511,-86.33092,-11.07809,-84.4251,121.2574,-0.510808,-37.74713,0.04102854,-0.00845928,-1.753251,-0.05628859
917,0.016683,1,100,0,-90.24442,100,0,120.2794,0,0,-0.5809492,0.03974243,0.8129691,-0.04786211,0.995411,-0.08286355,-0.8125317,-0.08704993,-0.5763811,-105.0585,-63.40786,78.60371,-87.93615,-11.01238,-83.13799,121.5153,-0.6074526,-39.08405,0.2309324,-0.01137796,-1.815035,-0.04556352
918,0.016694,1,100,0,-98.59142,100,0,120.3287,0,0,-0.55579,0.04309587,0.8302049,-0.0476354,0.9953636,-0.0835593,-0.8299568,-0.08598857,-0.5511602,-106.5359,-63.59131,77.22419,-89.62823,-10.94007,-81.61477,121.7123,-0.710435,-40.5406,0.4195103,-0.01452562,-1.882377,-0.0349905
919,0.016673,1,100,0,-106.9279,100,0,120.3111,0,0,-0.5291587,0.04633648,0.8472567,-0.04757764,0.9953166,-0.08414875,-0.8471879,-0.08483852,-0.5244759,-108.0401,-63.7734,75.87309,-91.37978,-10.88067,-79.8588,121.8445,-0.847038,-42.10271,0.6021047,-0.01964953,-1.954605,-0.02483961
920,0.016683,1,100,0,-91.49614,100,0,120.223,0,0,-0.5010546,0.04945859,0.8640014,-0.04770175,0.9952697,-0.08463623,-0.8641003,-0.08362176,-0.4963252,-109.5746,-63.95459,74.55174,-93.17702,-10.81902,-77.87263,121.9145,-0.9822338,-43.09733,0.7805344,-0.02509083,-2.000471,-0.01399806
921,0.016678,1,100,0,-99.83514,100,0,120.0692,0,0,-0.4717041,0.05242944,0.8801969,-0.04799391,0.9952243,-0.08500141,-0.8804499,-0.0823396,-0.466935,-111.1389,-64.13459,73.26515,-95.00274,-10.7378,-75.66447,121.9259,-1.079605,-44.23586,0.9510806,-0.02798209,-2.053072,-0.003773358
922,0.016684,1,100,0,-108.1771,100,0,119.8597,0,0,-0.4409843,0.05526394,0.8958119,-0.04841673,0.9951845,-0.08522864,-0.8962082,-0.08095679,-0.4361851,-112.7341,-64.31327,72.01615,-96.83382,-10.65137,-73.23843,121.8774,-1.177851,-45.50644,1.115648,-0.03078871,-2.111811,0.006013185
923,0.016764,1,100,0,-92.67044,100,0,119.5911,0,0,-0.4088111,0.0579656,0.9107764,-0.04897146,0.9951499,-0.08531681,-0.9113045,-0.07948051,-0.4039896,-114.3678,-64.4914,70.80309,-98.65688,-10.5737,-70.58498,121.7671,-1.299645,-46.2319,1.269599,-0.03564543,-2.145209,0.01602713
924,0.016605,1,100,0,-100.9729,100,0,119.2625,0,0,-0.3758752,0.06047505,0.924695,-0.04965704,0.9951202,-0.08526573,-0.925339,-0.07796689,-0.371038,-116.0159,-64.66656,69.64659,-100.4312,-10.49487,-67.75298,121.6019,-1.412359,-47.11314,1.413897,-0.03984345,-2.185865,0.02527877
925,0.016673,1,100,0,-85.55042,100,0,118.8901,0,0,-0.3417997,0.06282695,0.9376705,-0.05046391,0.9950964,-0.08506978,-0.9384173,-0.07639535,-0.3369531,-117.7001,-64.84109,68.53371,-102.1626,-10.41352,-64.71701,121.3834,-1.517833,-47.48338,1.549642,-0.04420226,-2.202789,0.03477306
926,0.016765,1,100,0,-93.93291,91.6175,0,118.4733,0,0,-0.3067918,0.06500068,0.9495546,-0.05137987,0.9950795,-0.08471737,-0.950389,-0.07477859,-0.3019424,-119.4224,-65.01515,67.46722,-103.8357,-10.31589,-61.38567,121.0639,-1.603806,-47.88452,1.676184,-0.04739697,-2.221178,0.04369907
927,0.016607,1,100,0,-102.2364,83.314,0,117.9907,0,0,-0.2713931,0.06697391,0.9601356,-0.05236253,0.9950713,-0.08421168,-0.9610434,-0.07312959,-0.2665485,-121.1556,-65.18589,66.46734,-105.4006,-10.20816,-57.83512,120.6582,-1.679907,-48.3079,1.791025,-0.05007463,-2.240621,0.05189977
928,0.016683,1,100,0,-86.80464,74.9725,0,117.457,0,0,-0.2352974,0.06876858,0.9694874,-0.053409,0.9950716,-0.08354586,-0.9704548,-0.07143747,-0.2304649,-122.9222,-65.35555,65.52346,-106.8578,-10.08929,-54.04142,120.1701,-1.747129,-48.09271,1.895238,-0.05308744,-2.230406,0.06029217
929,0.017045,1,100,0,-95.32714,66.45,0,116.876,0,0,-0.1982236,0.07038917,0.9776262,-0.05451962,0.9950821,-0.0827004,-0.9786396,-0.06969298,-0.1934112,-124.7515,-65.52675,64.62541,-108.2103,-9.949918,-49.95859,119.6007,-1.781738,-47.95656,1.986441,-0.05407652,-2.223914,0.06778964
930,0.016442,1,100,0,-103.5481,58.229,0,116.2549,0,0,-0.1622694,0.07176616,0.9841334,-0.05559377,0.9951026,-0.08173269,-0.9851794,-0.0679744,-0.1574849,-126.5372,-65.68957,63.82638,-109.3677,-9.80477,-45.85802,118.9974,-1.806171,-47.89856,2.06269,-0.05453075,-2.221078,0.07420664
931,0.016674,1,100,0,-88.12469,49.892,0,115.6352,0,0,-0.1257803,0.07297799,0.9893705,-0.05667286,0.9951337,-0.08060802,-0.9904385,-0.06620936,-0.1210324,-128.3666,-65.8522,63.08554,-110.3792,-9.650411,-41.56178,118.3388,-1.828895,-47.24517,2.127455,-0.05579043,-2.190584,0.08062381
932,0.016683,1,100,0,-96.46619,41.5505,0,114.993,0,0,-0.08956956,0.0739933,0.9932283,-0.05773789,0.9951738,-0.07934505,-0.9943057,-0.06445381,-0.08486506,-130.2129,-66.0123,62.41658,-111.2203,-9.487284,-37.156,117.6457,-1.839683,-46.71409,2.179884,-0.05631771,-2.165797,0.08606414
933,0.016684,1,100,0,-104.8082,33.2085,0,114.3517,0,0,-0.05361599,0.07483532,0.9957536,-0.05876712,0.9952232,-0.07795975,-0.9968313,-0.06269746,-0.04896202,-132.0724,-66.16965,61.82151,-111.8846,-9.316287,-32.67554,116.9301,-1.839119,-46.29756,2.219746,-0.05612933,-2.146358,0.09054154
934,0.016759,1,100,0,-89.30612,24.829,0,113.714,0,0,-0.0178986,0.07551457,0.9969841,-0.05975063,0.9952809,-0.07645825,-0.998053,-0.06093892,-0.01330209,-133.9504,-66.32478,61.29924,-112.3709,-9.13701,-28.12782,116.1976,-1.827865,-45.31475,2.247091,-0.05616133,-2.10063,0.09480598
935,0.016601,1,100,0,-97.60662,16.5285,0,113.0831,0,0,0.01679304,0.07601854,0.9969651,-0.06066328,0.9953464,-0.07487329,-0.9980174,-0.05922182,0.02132643,-135.8177,-66.4754,60.85725,-112.6768,-8.946619,-23.60551,115.4701,-1.791495,-44.4965,2.260929,-0.05452732,-2.062594,0.09794091
936,0.016695,1,100,0,-82.16374,8.181004,0,112.4799,0,0,0.05089474,0.07636954,0.9957798,-0.06149694,0.9954196,-0.07319877,-0.9968088,-0.05751198,0.05535811,-137.6996,-66.62365,60.48837,-112.7791,-8.744222,-19.06754,114.7134,-1.743011,-43.15134,2.263145,-0.0529663,-2.000103,0.1008144
937,0.016855,1,100,0,-66.57287,0,0,111.8666,0,0,0.08408981,0.07655226,0.9935132,-0.06225258,0.9955005,-0.07143641,-0.9945115,-0.05584169,0.08847702,-139.6005,-66.76985,60.19247,-112.7439,-8.534261,-14.52384,113.9955,-1.684178,-41.31136,2.253276,-0.05155769,-1.914652,0.1032932
938,0.016503,1,100,0,-51.30759,0,0,111.3167,0,0,0.1150475,0.07656046,0.9904052,-0.06290936,0.9955856,-0.06965323,-0.9913658,-0.05429232,0.119356,-141.4605,-66.90958,59.97641,-112.5937,-8.330429,-10.22232,113.3633,-1.616095,-39.24002,2.231925,-0.05000673,-1.818481,0.1050659
939,0.016694,1,100,0,-42.96059,0,0,110.8537,0,0,0.1446454,0.07640874,0.986529,-0.06348696,0.9956764,-0.06780873,-0.9874448,-0.05282351,0.1488709,-143.3388,-67.0475,59.82908,-112.3397,-8.124947,-6.024745,112.7941,-1.536524,-37.08527,2.199441,-0.04794143,-1.718467,0.1060371
940,0.016672,1,100,0,-34.6246,0,0,110.4615,0,0,0.1724252,0.07611538,0.9820774,-0.06397239,0.9957706,-0.0659449,-0.9829432,-0.05145528,0.1765653,-145.21,-67.18182,59.75099,-111.9997,-7.920611,-1.99735,112.2972,-1.447896,-34.88142,2.15593,-0.04544022,-1.616202,0.1061721
941,0.016682,1,100,0,-26.2836,0,0,110.1443,0,0,0.1984047,0.07569909,0.9771926,-0.06436482,0.9958672,-0.0640774,-0.9780047,-0.05018358,0.2024571,-147.0762,-67.31282,59.7391,-111.589,-7.716722,1.860756,111.871,-1.351279,-32.62839,2.101742,-0.04254341,-1.511682,0.105504
942,0.016682,1,100,0,-17.9426,0,0,109.8985,0,0,0.2225381,0.07517663,0.9720213,-0.0646577,0.9959657,-0.06222553,-0.9727778,-0.04900111,0.2265011,-148.9353,-67.44037,59.79058,-111.1254,-7.50446,5.540375,111.5162,-1.230559,-30.3317,2.041881,-0.03818687,-1.40518,0.1043619
943,0.016667,1,100,0,-9.609097,0,0,109.723,0,0,0.244787,0.07456231,0.9667056,-0.0648411,0.9960654,-0.06040793,-0.9674062,-0.04789518,0.2486586,-150.7847,-67.56426,59.90233,-110.622,-7.290596,9.035208,111.2296,-1.107465,-27.99743,1.972429,-0.03373205,-1.296953,0.1025023
944,0.01668,1,100,0,-1.269096,0,0,109.6123,0,0,0.2651772,0.07387117,0.9613657,-0.06492211,0.9961659,-0.05863751,-0.9620114,-0.04686456,0.2689563,-152.627,-67.68467,60.07145,-110.0921,-7.075149,12.34821,111.0081,-0.9832744,-25.62471,1.893816,-0.02924214,-1.186959,0.09996133
945,0.016696,1,100,0,7.078904,0,0,109.5625,0,0,0.2837006,0.07311862,0.9561211,-0.06491768,0.9962656,-0.05692624,-0.956713,-0.04591915,0.2873879,-154.4622,-67.80165,60.29501,-109.5459,-6.870623,15.47753,110.847,-0.884923,-23.21614,1.805373,-0.0264204,-1.075285,0.09669567
946,0.01667,1,100,0,15.4139,0,0,109.5675,0,0,0.3003091,0.07232228,0.9510962,-0.06485381,0.996362,-0.05528671,-0.9516346,-0.0450791,0.303907,-156.2853,-67.91506,60.56932,-109.0003,-6.668827,18.4134,110.7456,-0.7847351,-20.78121,1.709044,-0.02346718,-0.9624068,0.09282576
947,0.016682,1,100,0,23.75491,0,0,109.625,0,0,0.3150451,0.07149418,0.9463801,-0.06473726,0.9964551,-0.05372638,-0.9468664,-0.04433982,0.3185567,-158.1007,-68.02521,60.89177,-108.4658,-6.469751,21.16183,110.7001,-0.6840046,-18.31647,1.605316,-0.02045884,-0.8481625,0.08839946
948,0.016846,1,100,0,32.17791,0,15.1614,109.7308,0,0,0.3279501,0.07063002,0.9420511,-0.06456034,0.9965456,-0.05224077,-0.9424866,-0.04368677,0.3313771,-159.9255,-68.13301,61.2626,-108.0225,-6.257822,23.71666,110.7723,-0.5423696,-15.51913,1.506029,-0.01518622,-0.7185369,0.08442839
949,0.016512,1,100,0,40.43391,0,30.0222,109.9423,0,0,0.338477,0.06974571,0.9383863,-0.06431441,0.996632,-0.05087654,-0.9387743,-0.04313122,0.3418227,-161.7073,-68.23523,61.66689,-107.6808,-6.054366,26.02273,110.9459,-0.4120218,-12.51157,1.402509,-0.010815,-0.5791545,0.08025911
950,0.01668,1,100,0,48.77391,0,45.0342,110.2443,0,0,0.346819,0.06881584,0.9354042,-0.06403482,0.9967152,-0.04958424,-0.9357437,-0.04270168,0.3500864,-163.5021,-68.33528,62.11287,-107.4268,-5.886777,28.16668,111.214,-0.3543162,-9.215814,1.288295,-0.01135981,-0.4263255,0.0755383
951,0.016867,1,100,0,57.20741,0,60.2145,110.6361,0,0,0.3527479,0.06784039,0.9332559,-0.06378043,0.996792,-0.04835152,-0.9335421,-0.04246757,0.3559432,-165.3132,-68.43369,62.5991,-107.2765,-5.730612,30.15035,111.5801,-0.2951393,-5.638791,1.167818,-0.01204539,-0.2604626,0.07055711
952,0.016507,1,100,0,65.46091,0,75.0708,111.1223,0,0,0.3559488,0.06684941,0.9321114,-0.0635666,0.9968599,-0.04721865,-0.932341,-0.04244372,0.3590805,-167.0838,-68.52752,63.10648,-107.2391,-5.591421,31.9111,112.0259,-0.2374431,-1.930228,1.04565,-0.01285858,-0.08850838,0.06552912
953,0.016679,1,100,0,73.80041,0,90.0819,111.6794,0,0,0.3564422,0.06580782,0.9319971,-0.06339252,0.9969214,-0.04614762,-0.9321647,-0.04263268,0.3595167,-168.8729,-68.62008,63.64762,-107.3174,-5.465302,33.51064,112.5605,-0.180346,2.024669,0.9186708,-0.01386603,0.09486226,0.06038266
954,0.016699,1,100,0,82.14991,0,100,112.3181,0,0,0.3540505,0.06472076,0.9329844,-0.06327391,0.9969746,-0.04514846,-0.9330838,-0.04304873,0.3570745,-170.666,-68.71077,64.21509,-107.4964,-5.362939,34.92402,113.1544,-0.1450966,6.080383,0.7828642,-0.01623744,0.2829184,0.05479725
955,0.016663,1,100,0,90.48141,0,100,113.0045,0,0,0.3487528,0.06358645,0.9350553,-0.06323497,0.9970188,-0.04421505,-0.9350792,-0.04370807,0.351734,-172.4586,-68.79971,64.80367,-107.7473,-5.288879,36.11895,113.763,-0.1367929,10.0303,0.6639484,-0.02004886,0.4660986,0.05031436
956,0.016683,1,100,0,98.82291,0,100,113.6877,0,0,0.3405877,0.06238688,0.9381407,-0.06328556,0.9970545,-0.04332914,-0.9380806,-0.04461339,0.3435327,-174.2579,-68.88765,65.41163,-108.0797,-5.235567,37.0849,114.3849,-0.12431,13.89663,0.5429724,-0.02332496,0.6453862,0.04578714
957,0.016692,1,100,0,107.1689,0,100,114.3609,0,0,0.3295893,0.0611183,0.9421442,-0.06341968,0.9970819,-0.04249615,-0.9419922,-0.04574421,0.3325037,-176.0643,-68.97486,66.03466,-108.4977,-5.203954,37.80314,115.0127,-0.1090538,17.68341,0.4205698,-0.02615075,0.8209716,0.04129968
958,0.01667,1,100,0,91.74916,0,100,115.0117,0,0,0.3159681,0.0597868,0.9468843,-0.0636282,0.9971011,-0.04172528,-0.946634,-0.04706469,0.3188563,-177.8758,-69.06155,66.66739,-109.0013,-5.194666,38.25695,115.6368,-0.09232544,20.72426,0.297517,-0.02789588,0.9619396,0.03637207
959,0.016683,1,100,0,100.0907,0,100,115.6273,0,0,0.3000308,0.05840258,0.95214,-0.06390051,0.9971127,-0.04102531,-0.9517869,-0.04853338,0.3028964,-179.6975,-69.14828,67.30666,-109.5876,-5.207801,38.43694,116.2495,-0.07549393,23.75348,0.1741042,-0.02945621,1.102366,0.03161696
960,0.016702,1,100,0,84.64131,0,100,116.1992,0,0,0.2819083,0.05696887,0.9577486,-0.0642481,0.997116,-0.04039942,-0.9572879,-0.05014459,0.2847554,-181.5315,-69.23558,67.94813,-110.2427,-5.265793,38.33981,116.8381,-0.1101091,26.10485,0.0394602,-0.03345382,1.211382,0.02576255
961,0.016665,1,100,0,92.97382,0,100,116.7156,0,0,0.2619612,0.05550822,0.9634808,-0.06469429,0.9971091,-0.03985586,-0.9629078,-0.05189102,0.2647949,-183.3727,-69.3238,68.585,-110.9602,-5.349706,37.96222,117.3964,-0.1386309,28.49263,-0.09327135,-0.03696361,1.322083,0.02026786
962,0.016749,1,100,0,101.3483,0,100,117.1743,0,0,0.2399863,0.0539929,0.9692737,-0.06523123,0.9970925,-0.03939167,-0.9685824,-0.05377345,0.2428106,-185.2355,-69.41401,69.2172,-111.7319,-5.458426,37.30446,117.9213,-0.1622049,30.93154,-0.2244416,-0.04005152,1.435156,0.01514543
963,0.016628,1,100,0,85.96741,0,100,117.573,0,0,0.2163737,0.05243666,0.9749015,-0.06583839,0.9970673,-0.03901644,-0.9740883,-0.05574381,0.2191915,-187.0978,-69.50549,69.83241,-112.5349,-5.589003,36.37601,118.4,-0.181279,32.72289,-0.3519132,-0.04209264,1.518182,0.009835064
964,0.016672,1,100,0,94.30341,0,100,117.9038,0,0,0.1911868,0.05083024,0.9802367,-0.06656615,0.9970306,-0.03871793,-0.9792941,-0.05784823,0.1940027,-188.9785,-69.60015,70.43225,-113.3364,-5.85537,35.17493,118.8137,-0.3729797,34.60457,-0.4700066,-0.05514295,1.605571,0.005417133
965,0.016684,1,100,0,102.6454,0,100,118.1524,0,0,0.1643971,0.04914619,0.9851692,-0.06751668,0.9969764,-0.03846856,-0.984081,-0.06019124,0.1672182,-190.8739,-69.69951,71.01102,-114.1433,-6.155725,33.71141,119.1765,-0.5345997,36.56466,-0.5825292,-0.06617712,1.696585,0.001736727
966,0.016702,1,100,0,87.19607,0,100,118.3339,0,0,0.1361043,0.04736641,0.9895616,-0.06862907,0.9969077,-0.0382788,-0.9883146,-0.06270278,0.1389342,-192.7849,-69.80396,71.56454,-114.949,-6.449934,31.98852,119.4912,-0.6056215,37.92887,-0.6792973,-0.0707232,1.75989,-0.001314525
967,0.016662,1,100,0,95.52707,0,100,118.4545,0,0,0.1066914,0.04549534,0.9932508,-0.06981803,0.9968296,-0.03815966,-0.9918379,-0.0652755,0.1095295,-194.7046,-69.91316,72.08669,-115.7265,-6.762066,30.0237,119.7488,-0.6601784,39.40766,-0.7708473,-0.07415702,1.828512,-0.003733151
968,0.016684,1,100,0,103.8691,0,100,118.5118,0,0,0.07597833,0.04349497,0.9961605,-0.07111831,0.9967403,-0.03809601,-0.9945704,-0.06795079,0.07882395,-196.6394,-70.02834,72.57541,-116.4378,-7.187051,27.82141,119.931,-0.8499509,40.99619,-0.8372289,-0.08614545,1.902371,-0.004205309
969,0.016694,1,100,0,88.42712,0,100,118.487,0,0,0.0440946,0.04133903,0.9981717,-0.07260509,0.9966341,-0.03806799,-0.9963856,-0.07079376,0.04694761,-198.5869,-70.15083,73.02642,-117.0904,-7.637753,25.39557,120.0559,-1.007838,42.01604,-0.8966143,-0.09544319,1.949829,-0.004664671
970,0.016668,1,100,0,96.76112,0,100,118.4001,0,0,0.01139358,0.03903615,0.9991729,-0.07423324,0.9965134,-0.03808576,-0.9971758,-0.0737379,0.01425163,-200.5419,-70.28075,73.43515,-117.6685,-8.107109,22.76338,120.124,-1.136886,43.17778,-0.9491553,-0.1028012,2.00387,-0.004318271
971,0.016688,1,100,0,105.1051,0,91.656,118.2584,0,0,-0.02224424,0.03655315,0.9990841,-0.07591983,0.996384,-0.03814469,-0.9968658,-0.07669879,-0.01938869,-202.5084,-70.41833,73.79889,-118.1476,-8.518054,19.85285,120.1064,-1.088979,44.30751,-0.9870462,-0.09856195,2.056332,-0.002934027
972,0.016699,1,100,0,89.65855,0,83.3065,118.0457,0,0,-0.05656579,0.0338979,0.9978234,-0.07752735,0.9962568,-0.03823964,-0.9953846,-0.07952166,-0.05372604,-204.4834,-70.56281,74.11286,-118.4899,-8.919086,16.69033,119.9915,-1.031732,44.73933,-1.021844,-0.09306591,2.076397,-0.002328321
973,0.016859,1,100,0,98.08806,0,74.877,117.7555,0,0,-0.09148685,0.0310741,0.9953213,-0.07908706,0.996129,-0.03836875,-0.9926608,-0.08222727,-0.08867515,-206.4821,-70.71573,74.37506,-118.6651,-9.370768,13.2679,119.7717,-1.066019,45.20331,-1.030165,-0.09327615,2.098051,-3.638864e-05
974,0.016494,1,100,0,106.3351,0,66.63,117.3882,0,0,-0.1258922,0.02815244,0.9916446,-0.08060829,0.9960019,-0.0385096,-0.988764,-0.08478282,-0.1231195,-208.4396,-70.87267,74.57449,-118.6748,-9.803655,9.729352,119.4759,-1.082359,45.68063,-1.03523,-0.0922168,2.120321,0.002407722
975,0.016677,1,100,0,90.90884,0,58.2915,116.9747,0,0,-0.1607211,0.02505655,0.9866818,-0.08211993,0.9958722,-0.03866649,-0.9835778,-0.08724076,-0.158,-210.418,-71.03852,74.71598,-118.5115,-10.22585,5.988647,119.1025,-1.083439,45.52163,-1.037892,-0.08970423,2.113036,0.003984801
976,0.016862,1,100,0,99.33984,0,49.8605,116.5111,0,0,-0.1956246,0.02183704,0.9804357,-0.08331774,0.9957674,-0.03880276,-0.9771332,-0.08927846,-0.1929772,-212.415,-71.21197,74.79488,-118.2399,-10.40402,2.055083,118.7145,-0.2776122,45.44072,-1.070413,-0.03542089,2.108986,0.003452815
977,0.016499,1,100,0,107.5893,0,41.611,116.0684,0,0,-0.2294898,0.01865365,0.9731323,-0.08366556,0.9957375,-0.03881747,-0.9697084,-0.09032587,-0.2269509,-214.3635,-71.38397,74.80708,-117.7977,-10.46456,-1.896273,118.2768,0.3635138,45.43335,-1.096202,0.008243545,2.108402,0.002657719
978,0.016701,1,100,0,92.14091,0,33.2605,115.605,0,0,-0.2633307,0.015452,0.9645818,-0.083336,0.9957696,-0.03870233,-0.9610993,-0.09057591,-0.260929,-216.3276,-71.55849,74.75275,-117.1723,-10.41631,-5.969325,117.7857,0.9126347,44.82698,-1.127716,0.04619117,2.080001,-0.0001151264
979,0.016662,1,100,0,100.4719,0,24.9295,115.1152,0,0,-0.2963564,0.01235501,0.9549976,-0.08243062,0.9958544,-0.03846359,-0.9515138,-0.09011997,-0.2941094,-218.2756,-71.73125,74.63049,-116.3719,-10.26956,-10.07583,117.2579,1.349091,44.34182,-1.16347,0.07674084,2.05724,-0.003530838
980,0.016706,1,100,0,85.01887,0,16.5765,114.6184,0,0,-0.3286301,0.009391403,0.9444122,-0.08106504,0.9959801,-0.03811266,-0.9409736,-0.08908378,-0.3265477,-220.2142,-71.90151,74.43928,-115.336,-10.03279,-14.18621,116.6375,1.672328,43.29913,-1.202705,0.09996989,2.008597,-0.00849881
981,0.016674,1,100,0,69.59541,0,8.239495,114.0544,0,0,-0.3595985,0.006666897,0.9330832,-0.07920146,0.9961476,-0.03764074,-0.9297396,-0.08743711,-0.3576852,-222.1312,-72.06638,74.17993,-114.2075,-9.594214,-18.28728,116.0596,2.340179,41.7525,-1.284366,0.1450611,1.936435,-0.01738041
982,0.016673,1,100,0,54.17289,0,0,113.5632,0,0,-0.3889766,0.004282799,0.9212377,-0.07666953,0.9963697,-0.03700446,-0.9180518,-0.08502474,-0.3872361,-224.0286,-72.22338,73.85244,-112.9615,-9.058667,-22.34995,115.507,2.798931,39.74597,-1.367774,0.1763904,1.842945,-0.0275305
983,0.016683,1,100,0,45.83139,0,0,113.1294,0,0,-0.4165703,0.002287367,0.9091008,-0.07367388,0.9966229,-0.0362666,-0.9061136,-0.08208457,-0.4149949,-225.9059,-72.37119,73.45776,-111.6442,-8.457329,-26.27175,115.005,3.065393,37.67207,-1.451208,0.1949663,1.746363,-0.03796745
984,0.016705,1,100,0,37.47889,0,0,112.7592,0,0,-0.4423813,0.0006892327,0.8968269,-0.07039646,0.9968876,-0.03549087,-0.89406,-0.07883394,-0.4409559,-227.7634,-72.50893,72.99786,-110.2691,-7.820348,-30.04333,114.5558,3.166831,35.53482,-1.533114,0.2025663,1.64688,-0.04837864
985,0.016662,1,100,0,29.14789,0,0,112.4515,0,0,-0.4663092,-0.000510186,0.8846219,-0.0669881,0.9971492,-0.03473624,-0.8820823,-0.07545697,-0.4650141,-229.5931,-72.63557,72.47727,-108.8605,-7.159393,-33.64323,114.1654,3.181101,33.3488,-1.611131,0.2042203,1.545179,-0.05843714
986,0.016712,1,100,0,20.79189,0,0,112.2088,0,0,-0.4884941,-0.001315966,0.8725663,-0.06342813,0.997407,-0.03400511,-0.870259,-0.07195655,-0.4873109,-231.4046,-72.75096,71.89581,-107.4482,-6.394024,-37.08945,113.8492,3.365191,31.10539,-1.723627,0.2164478,1.44081,-0.07058451
987,0.0169,1,100,0,12.34189,0,0,112.042,0,0,-0.5090966,-0.001710676,0.8607079,-0.05961776,0.9976666,-0.03328018,-0.8586426,-0.0682563,-0.5080106,-233.2125,-72.85471,71.25034,-106.0095,-5.62921,-40.399,113.586,3.388205,28.78795,-1.830925,0.2180715,1.333049,-0.08231488
988,0.016445,1,100,0,4.11939,0,0,111.9316,0,0,-0.5273845,-0.001713201,0.8496251,-0.05585755,0.9979044,-0.03266005,-0.8477886,-0.06468237,-0.5263749,-234.9482,-72.94353,70.56927,-104.6099,-4.941597,-43.4446,113.3803,3.255661,26.49805,-1.910845,0.2095066,1.226641,-0.09189836
989,0.016673,1,100,0,-4.217111,0,0,111.8749,0,0,-0.5441882,-0.001372414,0.8389622,-0.05211662,0.9981228,-0.03217238,-0.8373432,-0.0612317,-0.5432382,-236.6847,-73.02235,69.82873,-103.2085,-4.298909,-46.35723,113.223,3.056016,24.1358,-1.983364,0.1964901,1.116927,-0.1007442
990,0.016768,1,100,0,-12.60111,0,0,111.8671,0,0,-0.5593445,-0.0007110089,0.828935,-0.04847928,0.9983162,-0.03185631,-0.8275166,-0.05800482,-0.5584372,-238.4077,-73.09119,69.03603,-101.8313,-3.719165,-49.10759,113.115,2.818105,21.72422,-2.046444,0.1809239,1.004978,-0.108661
991,0.0166,1,100,0,-20.90111,0,0,111.9063,0,0,-0.5726501,0.0002275426,0.8197999,-0.04503047,0.9984816,-0.03173201,-0.8185623,-0.05508731,-0.5717704,-240.0908,-73.15015,68.20675,-100.5142,-3.21794,-51.65297,113.0553,2.568226,19.30791,-2.098032,0.1645514,0.8928632,-0.1154643
992,0.016682,1,100,0,-29.24211,15.0138,0,111.9881,0,0,-0.5842919,0.001444802,0.8115423,-0.04165901,0.9986266,-0.0317714,-0.8104736,-0.05237181,-0.5834292,-241.7612,-73.20071,67.33183,-99.34669,-2.654927,-54.0346,113.1218,2.520154,16.56941,-2.183612,0.1611198,0.7658142,-0.1244341
993,0.016696,1,100,0,-37.59011,30.0402,0,112.1823,0,0,-0.5940643,0.002956832,0.8044123,-0.03825941,0.9987579,-0.03192605,-0.8035076,-0.04974247,-0.5932133,-243.4142,-73.24229,66.41731,-98.31094,-2.161908,-56.2534,113.288,2.424957,13.54398,-2.255466,0.1547276,0.6255123,-0.1324937
994,0.016679,1,100,0,-45.92961,45.0513,0,112.4714,0,0,-0.6018217,0.004743516,0.7986165,-0.03485582,0.9988736,-0.03219964,-0.7978697,-0.04721487,-0.6009784,-245.049,-73.27578,65.46757,-97.4192,-1.699107,-58.32016,113.5545,2.379148,10.26015,-2.315705,0.1516338,0.4732734,-0.1397249
995,0.016672,1,100,0,-54.26561,60.0561,0,112.8572,0,0,-0.607456,0.006786272,0.7943244,-0.0314336,0.998975,-0.0325734,-0.7937313,-0.04475539,-0.6066201,-246.669,-73.30192,64.48459,-96.66993,-1.305425,-60.23882,113.91,2.297865,6.736072,-2.360378,0.1464714,0.3099445,-0.1458469
996,0.016704,1,100,0,-62.61761,75.0897,0,113.3304,0,0,-0.6108634,0.00906595,0.7916842,-0.02801914,0.9990606,-0.03306028,-0.7912403,-0.04237762,-0.6100355,-248.2804,-73.32191,63.46846,-96.06877,-0.9791777,-62.01677,114.3514,2.194294,2.979452,-2.388865,0.1401599,0.1358824,-0.1507949
997,0.016664,1,100,0,-70.94961,90.0873,0,113.8874,0,0,-0.6119151,0.01154604,0.7908392,-0.02465204,0.9991292,-0.03366163,-0.7905393,-0.04009386,-0.6110977,-249.8788,-73.33678,62.42596,-95.62594,-0.7191023,-63.64653,114.8726,2.078031,-0.976096,-2.400501,0.133383,-0.04735911,-0.1544888
998,0.016674,1,100,0,-79.28661,100,0,114.5191,0,0,-0.6105229,0.01422469,0.7918708,-0.02125894,0.9991841,-0.03433912,-0.7917132,-0.03779915,-0.6097224,-251.4718,-73.34676,61.35646,-95.35513,-0.356627,-65.13064,115.4761,2.200798,-5.032642,-2.454437,0.142319,-0.2353466,-0.1606367
999,0.01669,1,100,0,-87.63161,100,0,115.219,0,0,-0.6066486,0.01710738,0.794786,-0.01770804,0.9992295,-0.03502423,-0.7947727,-0.0353215,-0.6058783,-253.0624,-73.35095,60.26217,-95.20734,-0.04055605,-66.43477,116.0949,2.259128,-8.995584,-2.488513,0.1475154,-0.4189609,-0.1650936
1000,0.016673,1,100,0,-95.96811,100,0,115.921,0,0,-0.6003289,0.0201413,0.7994996,-0.01407203,0.9992621,-0.03574021,-0.7996295,-0.03270646,-0.5996025,-254.6497,-73.35014,59.14836,-95.19753,0.22924,-67.5388,116.7224,2.264864,-12.86438,-2.502314,0.149748,-0.5981796,-0.1678162
1001,0.016858,1,100,0,-104.3971,100,0,116.6117,0,0,-0.5914649,0.02331642,0.8059936,-0.01036324,0.9992795,-0.03651283,-0.8062642,-0.02994876,-0.5907971,-256.2554,-73.34499,58.00472,-95.33755,0.4580091,-68.43814,117.3594,2.227492,-16.69511,-2.495742,0.1496616,-0.7756047,-0.1688113
1002,0.016518,1,100,0,-89.11796,100,0,117.2866,0,0,-0.5804834,0.02647923,0.8138414,-0.006748026,0.9992805,-0.03732582,-0.8142442,-0.02715884,-0.579887,-257.8318,-73.3364,56.87066,-95.62966,0.6419436,-69.08958,117.978,2.155761,-19.71403,-2.469187,0.1474194,-0.9154006,-0.1677461
1003,0.016678,1,100,0,-97.45695,100,0,117.9126,0,0,-0.5673534,0.02969125,0.822939,-0.003009604,0.9992684,-0.03812802,-0.823469,-0.02410878,-0.5668489,-259.4294,-73.32372,55.71596,-96.11484,0.9965167,-69.5216,118.6268,2.534513,-22.74995,-2.495026,0.174416,-1.056241,-0.1696361
1004,0.016773,1,100,0,-105.8435,100,0,118.5318,0,0,-0.5520214,0.03292553,0.8331797,0.001050085,0.9992467,-0.03879243,-0.8338293,-0.02053934,-0.5516402,-261.045,-73.30524,54.54878,-96.74394,1.314266,-69.71124,119.2509,2.696799,-25.78958,-2.461933,0.1878982,-1.197134,-0.167187
1005,0.016593,1,100,0,-90.49493,100,0,119.0965,0,0,-0.5348364,0.03604324,0.8441865,0.005179605,0.9992108,-0.03938058,-0.8449398,-0.01668961,-0.534601,-262.6545,-73.28176,53.39239,-97.50803,1.617702,-69.64403,119.8362,2.757881,-28.12046,-2.407789,0.1947304,-1.305147,-0.1626506
1006,0.01668,1,100,0,-98.83493,100,0,119.5932,0,0,-0.5157707,0.03903522,0.8558369,0.009343956,0.9991584,-0.03994105,-0.8566757,-0.01260352,-0.5157014,-264.2859,-73.25317,52.2325,-98.40656,1.910217,-69.31716,120.3843,2.736352,-30.50584,-2.33309,0.1964976,-1.415646,-0.1563628
1007,0.016687,1,100,0,-107.1784,100,0,120.0254,0,0,-0.4948199,0.04183928,0.8679878,0.01344219,0.9990893,-0.04049563,-0.8688916,-0.008370388,-0.4949316,-265.9337,-73.21975,51.07903,-99.42219,2.188974,-68.72803,120.8847,2.645873,-32.92915,-2.239319,0.1940195,-1.527869,-0.1484257
1008,0.01669,1,100,0,-91.74018,100,0,120.3844,0,0,-0.4720612,0.04440862,0.8804466,0.01740132,0.9990053,-0.04105867,-0.8813941,-0.004061277,-0.4723645,-267.5993,-73.18176,49.93665,-100.5401,2.453114,-67.87396,121.3309,2.499537,-34.71886,-2.128065,0.1875573,-1.610714,-0.1389093
1009,0.016677,1,100,0,-100.0787,100,0,120.6667,0,0,-0.4477413,0.0467249,0.8929416,0.02135295,0.9989079,-0.04156293,-0.8939084,0.0004574973,-0.4482501,-269.2829,-73.13824,48.8108,-101.7777,2.922563,-66.76659,121.758,2.896416,-36.59233,-2.073869,0.2159665,-1.697904,-0.1326388
1010,0.016683,1,100,0,-84.64691,100,0,120.9094,0,0,-0.4218931,0.04878861,0.905332,0.02560827,0.9987941,-0.04189162,-0.9062841,0.005510207,-0.4226337,-270.9882,-73.08675,47.70445,-103.0789,3.417432,-65.40143,122.1241,3.124182,-37.87725,-1.999951,0.23301,-1.757719,-0.1244993
1011,0.016683,1,100,0,-92.98841,100,0,121.0785,0,0,-0.3947515,0.05053711,0.9173971,0.02996701,0.9986631,-0.04211919,-0.9182992,0.01086504,-0.3957381,-272.7153,-73.02707,46.62227,-104.4174,3.899008,-63.78513,122.4203,3.105094,-39.28737,-1.880283,0.2342262,-1.823158,-0.1129621
1012,0.016874,1,100,0,-101.4254,100,0,121.1709,0,0,-0.3658878,0.05192276,0.9292094,0.03427385,0.9985169,-0.0422998,-0.9300275,0.0163706,-0.3671247,-274.485,-72.95857,45.55648,-105.7951,4.382952,-61.90082,122.652,2.984775,-40.83156,-1.744481,0.2289072,-1.894755,-0.09997351
1013,0.016492,1,100,0,-86.17032,100,0,121.1894,0,0,-0.3363689,0.0528747,0.9402449,0.03828873,0.9983649,-0.04244544,-0.9409518,0.02172345,-0.3378434,-276.2373,-72.88377,44.54697,-107.1479,4.844821,-59.82013,122.8112,2.789842,-41.78773,-1.599382,0.2180059,-1.939055,-0.08642697
1014,0.016694,1,100,0,-94.51732,100,0,121.1361,0,0,-0.3054136,0.05341835,0.9507202,0.04208005,0.9982069,-0.04256852,-0.9512894,0.02700535,-0.3071138,-278.0337,-72.80039,43.56124,-108.5047,5.294924,-57.4838,122.9053,2.538679,-42.90604,-1.442481,0.2033789,-1.990848,-0.07191528
1015,0.016866,1,100,0,-102.9503,100,0,121.0165,0,0,-0.272939,0.05353167,0.9605408,0.04578436,0.9980421,-0.04261196,-0.9609413,0.03234728,-0.2748555,-279.8715,-72.70724,42.60609,-109.87,5.981636,-54.91154,122.9735,2.823159,-44.17621,-1.313261,0.2228923,-2.050204,-0.05884883
1016,0.016481,1,100,0,-87.70539,100,0,120.8648,0,0,-0.240105,0.05321295,0.9692874,0.04959027,0.9978651,-0.04249769,-0.9694795,0.03786332,-0.2422312,-281.6894,-72.60493,41.71596,-111.1547,6.662011,-52.19001,122.9778,2.931324,-44.8858,-1.177087,0.2302367,-2.083436,-0.04533072
1017,0.016677,1,100,0,-96.04389,100,0,120.6565,0,0,-0.2060276,0.05243693,0.9771403,0.05350119,0.9976733,-0.04225821,-0.9770827,0.04357181,-0.2083537,-283.5502,-72.48973,40.86188,-112.3919,7.399688,-49.24352,122.9293,3.017367,-45.77301,-1.020534,0.235951,-2.124932,-0.03007659
1018,0.016761,1,100,0,-104.4244,100,0,120.3986,0,0,-0.1708199,0.05115923,0.9839733,0.05743193,0.9974702,-0.04189066,-0.9836271,0.04935572,-0.1733259,-285.4406,-72.36164,40.05402,-113.552,8.127424,-46.09348,122.8199,2.96298,-46.82045,-0.857217,0.232375,-2.173769,-0.01400332
1019,0.016629,1,100,0,-89.04257,100,0,120.0832,0,0,-0.1350267,0.04938786,0.9896104,0.06120118,0.9972657,-0.04141936,-0.9889501,0.05497261,-0.1376801,-287.3348,-72.22265,39.30575,-114.6073,8.820297,-42.7906,122.6526,2.802976,-47.33649,-0.6915462,0.2211004,-2.197893,0.001778305
1020,0.016681,1,100,0,-97.38307,100,0,119.7172,0,0,-0.09851734,0.04712152,0.9940191,0.0650075,0.9970495,-0.04082227,-0.9930098,0.060597,-0.1012899,-289.2522,-72.07027,38.61116,-115.5803,9.76364,-39.32413,122.4766,3.290019,-48.03797,-0.5303309,0.2509815,-2.231204,0.01754829
1021,0.016759,1,100,0,-105.7626,100,0,119.3471,0,0,-0.06113191,0.04431802,0.9971454,0.06923673,0.9967957,-0.04005779,-0.9957255,0.06659027,-0.06400446,-291.1941,-71.90136,37.97234,-116.4314,10.71048,-35.69109,122.2491,3.527066,-48.91333,-0.365518,0.264463,-2.272423,0.03421927
1022,0.016607,1,100,0,-90.4011,91.6965,0,118.9313,0,0,-0.02352518,0.04100682,0.9988819,0.07358649,0.996519,-0.03917674,-0.9970113,0.07258257,-0.02646083,-293.1316,-71.71844,37.40078,-117.1107,11.62263,-31.85666,121.9215,3.559556,-49.10869,-0.2016442,0.2638112,-2.28196,0.05014578
1023,0.016678,1,100,0,-98.7401,83.35751,0,118.4473,0,0,0.01441071,0.03717938,0.9992046,0.07791818,0.9962279,-0.03819237,-0.9968554,0.07840659,0.0114594,-295.0878,-71.51978,36.89199,-117.6136,12.48875,-27.796,121.4971,3.444667,-49.35081,-0.03843589,0.2532742,-2.293597,0.06599332
1024,0.016689,1,100,0,-107.0846,75.01301,0,117.9044,0,0,0.05251668,0.0328536,0.9980795,0.08204756,0.9959377,-0.03710026,-0.9952438,0.08383837,0.04960779,-297.0526,-71.30712,36.45164,-117.923,13.24673,-23.55459,120.9798,3.130796,-49.63645,0.1317295,0.2295411,-2.307171,0.08206279
1025,0.016683,1,100,0,-91.65282,66.67151,0,117.3042,0,0,0.09055897,0.0280556,0.9954959,0.08615512,0.995635,-0.03589693,-0.9921576,0.08901785,0.08774655,-299.0208,-71.08015,36.08295,-118.0524,14.3192,-19.18005,120.4545,3.719984,-49.29585,0.3340054,0.2629125,-2.292241,0.09898353
1026,0.01681,1,100,0,-100.0578,58.26651,0,116.7183,0,0,0.1284845,0.02274785,0.9914505,0.09081653,0.9952662,-0.03460453,-0.9875444,0.09448624,0.1258104,-301.005,-70.83358,35.78587,-117.9682,15.36148,-14.65289,119.8632,4.012042,-49.0497,0.5317734,0.2768978,-2.281579,0.1159704
1027,0.016561,1,100,0,-84.73889,49.98601,0,116.1068,0,0,0.165297,0.01707471,0.986096,0.09563559,0.9948606,-0.03325766,-0.981596,0.09980327,0.1628146,-302.9572,-70.57388,35.56824,-117.6748,16.31744,-10.11029,119.2302,4.067413,-48.2393,0.7185566,0.2752789,-2.244609,0.131084
1028,0.016681,1,100,0,-93.07939,41.64551,0,115.4915,0,0,0.2015218,0.01097743,0.9794226,0.1004973,0.9944283,-0.03182351,-0.974315,0.1048425,0.1992957,-304.9178,-70.29649,35.44982,-112.9314,16.73233,3.947004,118.5511,3.818079,-42.17152,-0.4932634,0.25295,-1.960558,0.04666298
1029,0.016854,1,100,0,-101.5064,33.21851,0,112.5716,0,0,0.2334785,0.006539194,0.9723399,0.1047326,0.9939908,-0.03183322,-0.9667051,0.1092681,0.2313906,-306.8195,-70.00843,35.69362,-104.4715,16.2984,7.88814,114.2019,3.724032,-39.09538,-0.4507762,0.24325,-1.817873,0.04675358
1030,0.016628,1,100,0,-86.1255,24.90451,0,104.5993,0,0,0.2623764,0.002273042,0.9649629,0.1090793,0.9935178,-0.03199932,-0.9587805,0.1136534,0.2604277,-308.5558,-69.73182,35.8399,-104.2893,17.3074,10.62101,106.2479,4.412127,-38.647,-0.144924,0.2843844,-1.797993,0.06842217
1031,0.016691,1,100,0,-94.47099,16.55901,0,104.7236,0,0,0.2907996,-0.00247784,0.9567807,0.1140749,0.9929534,-0.0320999,-0.9499592,0.1184793,0.2890331,-310.2947,-69.43758,36.03309,-103.9481,18.26945,13.48371,106.3992,4.762006,-38.32461,0.155667,0.3035788,-1.783989,0.09024094
1032,0.016688,1,100,0,-79.03459,8.215014,0,104.8082,0,0,0.3185383,-0.007680982,0.947879,0.1193833,0.99233,-0.03207801,-0.9403623,0.123379,0.3170121,-312.0266,-69.1278,36.27446,-103.4254,19.14862,16.42728,106.4582,4.846116,-37.45289,0.4474195,0.3055683,-1.74444,0.1102842
1033,0.016685,1,100,0,-63.60097,0,0,104.8275,0,0,0.3451932,-0.01324504,0.9384383,0.1247619,0.9916741,-0.03189575,-0.9302024,0.1280915,0.3439717,-313.7488,-68.80394,36.56529,-102.785,19.93121,19.43929,106.489,4.742594,-36.0805,0.7281708,0.2955815,-1.681586,0.1282094
1034,0.016674,1,100,0,-48.17752,0,0,104.8505,0,0,0.370442,-0.01907102,0.9286597,0.1300465,0.9910065,-0.03152411,-0.9197066,0.1324468,0.3695906,-315.4587,-68.46784,36.90604,-102.0615,20.6056,22.4299,106.5094,4.519606,-34.39457,0.9957038,0.2781595,-1.604114,0.1440986
1035,0.016682,1,100,0,-39.83652,0,0,104.8857,0,0,0.3941622,-0.02508673,0.9186984,0.135128,0.9903451,-0.03093271,-0.9090524,0.1363344,0.3937466,-317.157,-68.12115,37.29663,-101.2688,21.1335,25.38255,106.5189,4.165852,-32.61827,1.248939,0.2526415,-1.522427,0.1583139
1036,0.016708,1,100,0,-31.48252,0,0,104.9342,0,0,0.4163332,-0.03128428,0.9086738,0.1402588,0.9896545,-0.03019098,-0.8983285,0.140019,0.4164139,-318.8444,-67.76332,37.7368,-100.4225,21.97962,28.27058,106.6162,4.759765,-30.75545,1.615356,0.2882026,-1.436497,0.1792364
1037,0.016754,1,100,0,-23.10552,0,0,105.0623,0,0,0.4369276,-0.03772641,0.8987052,0.1459992,0.9888456,-0.02947072,-0.887569,0.1440868,0.437562,-320.5219,-67.39072,38.22623,-99.52353,22.75537,31.09618,106.7226,5.049992,-28.81222,1.96067,0.3046413,-1.3469,0.1985398
1038,0.016588,1,100,0,-14.81152,0,0,105.2192,0,0,0.4556829,-0.04428822,0.8890398,0.1520134,0.9879618,-0.02869932,-0.8770663,0.1482237,0.4569297,-322.1678,-67.00939,38.75705,-98.60014,23.45173,33.80885,106.841,5.145513,-26.82286,2.291263,0.3090316,-1.255195,0.2165175
1039,0.016688,1,100,0,-6.467518,0,0,105.4032,0,0,0.4729058,-0.05102843,0.8796343,0.1582199,0.9870126,-0.02780408,-0.8667913,0.1523244,0.4748377,-323.8081,-66.61466,39.33591,-97.65213,24.05478,36.44448,106.9709,5.072834,-24.7583,2.597989,0.303103,-1.160001,0.2324425
1040,0.016927,1,100,0,1.995982,0,0,105.6134,0,0,0.488691,-0.05794544,0.8705305,0.1645286,0.9860101,-0.02672954,-0.856803,0.1562897,0.491388,-325.4557,-66.20461,39.9673,-96.68641,24.56221,39.01307,107.1148,4.887147,-22.60316,2.880986,0.2904562,-1.060559,0.2462328
1041,0.016381,1,100,0,10.18648,0,0,105.8506,0,0,0.5023486,-0.0646537,0.8622447,0.1705556,0.985018,-0.02550702,-0.8476774,0.1598741,0.5058494,-327.0345,-65.80011,40.61934,-95.7641,24.95185,41.38789,107.2675,4.643951,-20.4735,3.125703,0.2747025,-0.9621876,0.2572047
1042,0.016761,1,100,0,18.56698,0,0,106.1022,0,0,0.5146869,-0.07152601,0.8543896,0.1769027,0.9839309,-0.02419606,-0.8389298,0.1635972,0.5190696,-328.6344,-65.37789,41.32592,-94.8343,25.66553,43.69266,107.5235,5.308679,-18.23958,3.501925,0.3176901,-0.8581638,0.2761961
1043,0.016728,1,100,0,26.93098,0,0,106.4377,0,0,0.5253246,-0.0784507,0.8472777,0.1839137,0.9826723,-0.02304211,-0.8307886,0.1679306,0.5306501,-330.2158,-64.94488,42.06897,-93.93076,26.3223,45.87177,107.7964,5.65873,-15.9677,3.840762,0.3411016,-0.7525318,0.2925192
1044,0.016611,1,100,0,35.23648,0,0,106.7988,0,0,0.5342445,-0.08533232,0.8410121,0.1912673,0.981293,-0.02193484,-0.8234075,0.1725767,0.5405716,-331.7714,-64.5044,42.84223,-93.07158,26.90603,47.90989,108.0815,5.768413,-13.67437,4.139603,0.3497192,-0.6459791,0.3059094
1045,0.016629,1,100,0,43.55098,0,0,107.1779,0,0,0.5415522,-0.09216009,0.8356003,0.1988088,0.979818,-0.02078174,-0.8168209,0.1773791,0.5489448,-333.3146,-64.05415,43.64951,-92.26192,27.41534,49.82036,108.3786,5.706767,-11.34256,4.400352,0.3479988,-0.5376303,0.3163708
1046,0.016682,1,100,0,51.89198,0,15.0138,107.573,0,0,0.5472126,-0.09886268,0.8311345,0.2064083,0.978271,-0.0195332,-0.8111436,0.1822418,0.5557283,-334.8499,-63.59426,44.49055,-91.57096,27.87292,51.60775,108.7451,5.546491,-8.700147,4.631954,0.3410825,-0.4145964,0.3235788
1047,0.016688,1,100,0,60.23598,0,30.033,108.0367,0,0,0.5510511,-0.1053008,0.8278009,0.2139458,0.9766762,-0.0181811,-0.8065789,0.1871233,0.5607272,-336.3749,-63.12691,45.36105,-91.00437,28.26819,53.27454,109.1745,5.304515,-5.776869,4.823362,0.3300992,-0.2781723,0.3268429
1048,0.016675,1,100,0,68.57348,0,45.0405,108.5643,0,0,0.5529046,-0.1114092,0.825763,0.2217173,0.9749644,-0.0169159,-0.803205,0.1924388,0.5637637,-337.8898,-62.65115,46.25797,-90.54355,29.05821,54.81544,109.7599,6.230288,-2.59343,5.172324,0.3949593,-0.127579,0.3391913
1049,0.016681,1,100,0,76.91398,0,60.0534,109.2199,0,0,0.552597,-0.1172021,0.8251668,0.230337,0.9729785,-0.01605551,-0.8009878,0.1989387,0.5646609,-339.3982,-62.162,47.18026,-90.19617,29.85598,56.24078,110.4072,6.763155,0.8312101,5.473241,0.4358416,0.03414018,0.3469349
1050,0.016684,1,100,0,85.25598,0,75.069,109.9425,0,0,0.5500092,-0.1225282,0.8261214,0.2393778,0.9708046,-0.01538397,-0.8001176,0.2062165,0.563282,-340.9019,-61.66008,48.12582,-89.98509,30.5412,57.54044,111.09,6.720226,4.479916,5.719056,0.4410489,0.2058414,0.3493294
1051,0.016866,1,100,0,93.68898,0,90.2484,110.7082,0,0,0.5429437,-0.1365232,0.8285974,0.263097,0.9646755,-0.01345194,-0.7974911,0.2253052,0.5596833,-342.4289,-61.17097,49.10324,-89.9346,31.13074,58.72581,111.8306,6.510035,8.383496,5.919516,0.4380513,0.3908437,0.3452253
1052,0.016536,1,100,0,101.957,0,100,111.6038,0,0,0.5317417,-0.1543483,0.8327228,0.2944125,0.9556166,-0.01087224,-0.7940857,0.2509452,0.5535833,-343.9148,-60.64917,50.07998,-89.94987,31.6998,59.75491,112.5456,5.949915,12.30856,6.007743,0.4153507,0.5788391,0.3299195
1053,0.016646,1,100,0,86.55943,0,100,112.4621,0,0,0.5180609,-0.1687019,0.8385419,0.3220794,0.9466743,-0.008527905,-0.7923874,0.2744951,0.5447704,-345.3845,-60.03742,51.07874,-90.01904,32.24739,60.6142,113.214,5.209942,15.52279,5.958727,0.380386,0.7345871,0.3064446
1054,0.016885,1,100,0,95.00192,0,100,113.2025,0,0,0.5037928,-0.1756128,0.8457854,0.3396185,0.9405371,-0.007007748,-0.7942619,0.2907748,0.5334772,-346.8521,-59.33937,52.10471,-90.13498,33.02922,61.26971,113.8825,4.893527,18.78055,5.952361,0.3716462,0.8934664,0.2855921
1055,0.016488,1,100,0,103.2459,0,100,113.8808,0,0,0.4892665,-0.1767487,0.8540364,0.3493039,0.9369889,-0.006195426,-0.7991276,0.3013495,0.5201763,-348.2779,-58.62159,53.11595,-90.41879,33.63629,61.6774,114.5035,4.562495,21.94689,5.869058,0.3602139,1.047705,0.2607128
1056,0.016687,1,100,0,87.81045,0,100,114.4755,0,0,0.4730189,-0.1755941,0.863377,0.3567075,0.9342003,-0.005431369,-0.8056133,0.3105421,0.5045301,-349.7384,-57.92119,54.14526,-90.83195,34.26448,61.84479,115.1055,4.333469,24.47928,5.743008,0.352484,1.171769,0.2360329
1057,0.016756,1,100,0,96.18845,0,100,115.0185,0,0,0.4548093,-0.173697,0.8734861,0.364352,0.9312505,-0.004528165,-0.8126478,0.3203159,0.4868282,-351.2566,-57.32558,55.181,-91.25291,35.24185,61.75458,115.6837,4.11424,27.0514,5.586765,0.3449702,1.298514,0.2083115
1058,0.016603,1,100,0,104.4899,0,100,115.5089,0,0,0.4348209,-0.1710216,0.8841281,0.3721468,0.9281673,-0.003484309,-0.8200229,0.3305405,0.4672317,-352.7687,-56.71983,56.20439,-91.76323,36.28267,61.40619,116.2224,3.90756,29.62278,5.403232,0.3376139,1.426013,0.177957
1059,0.016712,1,100,0,89.03134,0,100,115.9318,0,0,0.4128403,-0.1675051,0.8952682,0.3802114,0.924897,-0.002280429,-0.8276488,0.3413326,0.4455221,-354.3002,-56.09392,57.22723,-92.36184,37.38693,60.79268,116.7229,3.709428,31.56592,5.190718,0.32829,1.523699,0.1483043
1060,0.016654,1,100,0,97.35834,0,100,116.289,0,0,0.389263,-0.1633382,0.9065291,0.388583,0.9214134,-0.0008373111,-0.8351513,0.3525878,0.4221426,-355.8372,-55.45282,58.23488,-93.0175,38.56786,59.9159,117.1736,3.523325,33.57558,5.067943,0.3193514,1.624828,0.123036
1061,0.01669,1,100,0,105.7033,0,100,116.5753,0,0,0.3638754,-0.1584473,0.9178721,0.3973572,0.9176637,0.0008854866,-0.8424382,0.3644009,0.3968754,-357.3894,-54.79222,59.22862,-93.71734,39.82159,58.77435,117.5718,3.349426,35.65626,5.120493,0.3107848,1.729186,0.1072691
1062,0.016683,1,100,0,90.27156,0,100,116.7882,0,0,0.3368132,-0.1528523,0.9290818,0.4065692,0.9136153,0.0029172,-0.8492692,0.3767535,0.3698627,-358.9536,-54.11271,60.20147,-94.4351,41.15478,57.37098,117.9116,3.183819,37.13052,5.130115,0.3003506,1.804776,0.09158538
1063,0.016678,1,100,0,98.61056,0,100,116.9254,0,0,0.3083679,-0.1464654,0.9399241,0.4161938,0.9092615,0.005143508,-0.8553901,0.3896044,0.341345,-360.5302,-53.41315,61.1492,-95.14888,42.56733,55.70919,118.1897,3.025932,38.7145,5.097765,0.2897939,1.886788,0.07187888
1064,0.016704,1,100,0,106.9626,0,100,116.9899,0,0,0.2784299,-0.1391086,0.9503293,0.4262872,0.9045569,0.007513762,-0.8606721,0.4030212,0.3111559,-362.1223,-52.69114,62.06923,-95.8357,44.06159,53.79297,118.4043,2.875052,40.40142,5.025557,0.2788411,1.975028,0.0482389
1065,0.016793,1,100,0,91.42903,0,91.6035,116.9789,0,0,0.2469896,-0.1307713,0.9601537,0.4369307,0.8994386,0.01010612,-0.8649209,0.4170245,0.27929,-363.7354,-51.94265,62.96009,-96.4635,45.63875,51.54289,118.5106,2.732996,41.34875,5.0387,0.2658465,2.027001,0.03389579
1066,0.016549,1,100,0,99.70353,0,83.329,116.8612,0,0,0.2149824,-0.1218929,0.9689813,0.4481212,0.8938779,0.01302319,-0.8677384,0.4314213,0.2467908,-365.3365,-51.18173,63.79922,-96.97958,47.29177,49.0193,118.5092,2.598994,42.27007,4.998848,0.2525983,2.078939,0.01606426
1067,0.016729,1,100,0,108.068,0,74.9645,116.6531,0,0,0.1818253,-0.1117959,0.9769552,0.4598096,0.8878731,0.01602481,-0.8692037,0.4462997,0.2128427,-366.9648,-50.3877,64.60342,-97.39291,49.00558,46.17854,118.4035,2.469243,43.19159,4.908185,0.2384289,2.132144,-0.005320311
1068,0.016758,1,100,0,92.56688,0,66.5855,116.3542,0,0,0.1479172,-0.1007713,0.9838524,0.4721898,0.8812862,0.01927465,-0.8689979,0.461714,0.1779405,-368.6039,-49.56635,65.35976,-97.64935,50.80147,43.06171,118.1968,2.347246,43.43138,4.87696,0.2227547,2.151804,-0.01859745
1069,0.016553,1,100,0,100.8434,0,58.309,115.9753,0,0,0.1140826,-0.08914772,0.9894636,0.4851771,0.8741185,0.0228158,-0.8669423,0.4774622,0.1429742,-370.2284,-48.72862,66.05399,-97.71687,52.65662,39.7412,117.9011,2.232098,43.71426,4.815194,0.207068,2.174756,-0.03403103
1070,0.016686,1,100,0,85.40883,0,49.966,115.5384,0,0,0.07999261,-0.07640155,0.9938632,0.4986832,0.8663803,0.02646424,-0.8630854,0.4935059,0.1074042,-371.868,-47.85595,66.69689,-97.60008,54.5522,36.17942,117.5188,2.121203,43.37724,4.726233,0.1900491,2.167344,-0.04632783
1071,0.016691,1,100,0,93.75433,0,41.6205,115.0449,0,0,0.04617857,-0.06288305,0.9969521,0.5128934,0.8579157,0.0303562,-0.8572097,0.5099283,0.07186962,-373.5071,-46.95419,67.27933,-97.2562,56.50533,32.43497,117.0626,2.016311,43.13674,4.658046,0.1732025,2.165486,-0.05782405
1072,0.016681,1,100,0,102.0948,0,33.28,114.5137,0,0,0.0127538,-0.04839768,0.9987468,0.5277242,0.8487194,0.03438866,-0.8493201,0.5266243,0.03636502,-375.1404,-46.02299,67.79793,-96.67445,58.49454,28.54724,116.544,1.915536,42.98741,4.540245,0.1562098,2.169499,-0.07260466
1073,0.016686,1,100,0,86.66028,0,24.937,113.9503,0,0,-0.02012193,-0.03295051,0.9992546,0.5431444,0.8387521,0.0385952,-0.8393986,0.5435161,0.001019577,-376.7654,-45.06062,68.25092,-95.84367,60.50777,24.54462,115.9726,1.823918,42.25291,4.596148,0.1391394,2.142812,-0.07192829
1074,0.016679,1,100,0,94.99978,0,16.5975,113.363,0,0,-0.05211507,-0.0167479,0.9985006,0.5591228,0.8279653,0.04306998,-0.8274452,0.5605291,-0.03378534,-378.3765,-44.06707,68.63626,-94.75558,62.53403,20.46208,115.3595,1.736375,41.65379,4.627415,0.1223544,2.123846,-0.0731644
1075,0.016646,1,100,0,103.3228,0,8.274502,112.7659,0,0,-0.08305886,0.0004612282,0.9965446,0.5755816,0.8163581,0.04759508,-0.8135154,0.5775459,-0.06807125,-379.9668,-43.04342,68.95238,-93.41054,64.55515,16.34057,114.7167,1.653004,41.18102,4.641629,0.1056629,2.112139,-0.07574084
1076,0.016919,1,100,0,87.6727,0,0,112.1622,0,0,-0.113272,0.01906509,0.9933812,0.5924496,0.8039196,0.05212619,-0.7976049,0.5944327,-0.1023567,-381.5601,-41.96898,69.20325,-91.80904,66.55187,12.12935,114.0402,1.570141,40.14029,4.553322,0.0887662,2.071985,-0.0786221
1077,0.016476,1,100,0,72.4324,0,0,111.5464,0,0,-0.1412077,0.03783596,0.9892567,0.6098673,0.790464,0.05682044,-0.779822,0.6113388,-0.1346946,-383.0865,-40.89163,69.37891,-89.97861,68.56209,8.119524,113.4144,1.49306,38.79183,4.450658,0.07317984,2.015964,-0.0787054
1078,0.016644,1,100,0,57.0367,0,0,110.9883,0,0,-0.1675197,0.057414,0.9841955,0.6270812,0.7765275,0.06143585,-0.7607276,0.6274621,-0.1660869,-384.5975,-39.76938,69.48971,-87.99002,70.48496,4.15625,112.8169,1.421239,37.11005,4.448359,0.05870894,1.94067,-0.06889027
1079,0.016789,1,100,0,41.50687,0,0,110.4728,0,0,-0.1919546,0.07740481,0.9783466,0.6445591,0.761683,0.06620166,-0.7400656,0.6433099,-0.1961005,-386.0874,-38.60415,69.5352,-85.80209,72.37994,0.2672949,112.2538,1.351929,35.11817,4.427022,0.04572637,1.848328,-0.05642757
1080,0.016575,1,100,0,33.21938,0,0,110.0095,0,0,-0.2137887,0.09723084,0.9720291,0.6621653,0.745985,0.07101712,-0.718214,0.6588266,-0.223866,-387.5219,-37.42209,69.51644,-83.44942,74.23481,-3.44401,111.7429,1.28663,33.08734,4.397542,0.03451182,1.75297,-0.04310542
1081,0.016678,1,100,0,24.88037,0,0,109.6134,0,0,-0.233365,0.1172171,0.9652985,0.6794556,0.7298075,0.07564003,-0.6956158,0.6735292,-0.2499554,-388.9248,-36.20023,69.43624,-80.98456,75.9907,-7.044446,111.2776,1.219051,30.98725,4.106437,0.02487351,1.65468,-0.04285811
1082,0.016695,1,100,0,16.53288,0,0,109.2769,0,0,-0.2505234,0.1371454,0.9583472,0.6966575,0.7129194,0.08009145,-0.6722401,0.6877046,-0.2741463,-390.2866,-34.94616,69.29665,-78.40112,77.6788,-10.49676,110.8644,1.154759,28.82806,3.81359,0.01704424,1.551751,-0.04125306
1083,0.016679,1,100,0,8.193375,0,0,109.0021,0,0,-0.2653584,0.1566752,0.9513348,0.7135513,0.6954896,0.08449271,-0.6484056,0.701247,-0.2963497,-391.6023,-33.66325,69.10058,-75.7348,79.2832,-13.78536,110.5062,1.093954,26.61899,3.531234,0.01109219,1.444286,-0.03785817
1084,0.016749,1,100,0,-0.1811256,0,0,108.7893,0,0,-0.2780877,0.1755867,0.9443711,0.7299766,0.6776583,0.08895843,-0.624341,0.714107,-0.3166226,-392.8767,-32.34587,68.84959,-73.00965,80.7954,-16.92099,110.2027,1.04343,24.34054,3.716182,0.006447107,1.327025,-0.007588163
1085,0.016651,1,100,0,-8.506626,0,0,108.637,0,0,-0.2887047,0.1934125,0.9376787,0.7458966,0.6594476,0.09363385,-0.6002399,0.7264439,-0.3346514,-394.0962,-31.00888,68.54911,-70.24606,82.22967,-19.86124,109.9577,0.9957253,22.03344,3.921364,0.003315555,1.206074,0.02408752
1086,0.016685,1,100,0,-16.84912,0,0,108.5463,0,0,-0.2971237,0.2104113,0.9313671,0.7612296,0.6410307,0.09802714,-0.5764089,0.7381104,-0.3506368,-395.2695,-29.64284,68.20018,-67.4816,83.56654,-22.6294,109.769,0.9421587,19.69649,3.531611,0.002581303,1.08646,0.02357909
1087,0.016653,1,100,0,-25.17562,0,0,108.513,0,0,-0.3032709,0.2265177,0.9255899,0.7761154,0.6222862,0.1020046,-0.5528759,0.7492995,-0.3645252,-396.3917,-28.25471,67.8072,-64.7235,84.82703,-25.20625,109.6363,0.8918955,17.32734,3.169243,0.003289631,0.9626979,0.02491602
1088,0.016678,1,100,0,-33.51463,0,0,108.5332,0,0,-0.3075979,0.2413387,0.9204016,0.7903438,0.6034408,0.1059043,-0.5298491,0.7600096,-0.3763577,-397.4666,-26.84099,67.37203,-61.99499,86.00973,-27.59978,109.5573,0.8446578,14.92004,2.841535,0.005298182,0.8342763,0.02832491
1089,0.016688,1,100,0,-41.85863,0,0,108.6036,0,0,-0.3102057,0.254702,0.9159146,0.8039377,0.5845012,0.10974,-0.5074022,0.7703803,-0.3860801,-398.4933,-25.40411,66.89819,-59.30539,87.12907,-29.80278,109.5299,0.8003404,12.47972,2.553228,0.008376727,0.7014703,0.0338295
1090,0.016932,1,100,0,-50.32463,0,0,108.7205,0,0,-0.3114114,0.2664452,0.9121567,0.8168173,0.5655907,0.1136507,-0.4856257,0.7804574,-0.3937684,-399.4855,-23.92451,66.38156,-56.66172,88.18761,-31.84379,109.552,0.7619402,9.959752,2.801949,0.01077845,0.5576459,0.0681174
1091,0.016434,1,100,0,-58.54163,14.7906,0,108.8821,0,0,-0.3110864,0.2759697,0.9094319,0.829114,0.5465366,0.1177642,-0.4645385,0.7906576,-0.3988304,-400.4022,-22.46853,65.8486,-54.10742,89.28445,-33.60409,109.6748,0.7262005,7.231035,3.073675,0.01420435,0.3994669,0.1043559
1092,0.016673,1,100,0,-66.87813,29.7963,0,109.1307,0,0,-0.3093715,0.2833943,0.9077318,0.8404531,0.5280696,0.1215781,-0.4448911,0.8005188,-0.4015493,-401.2867,-20.97091,65.27997,-51.71035,90.35257,-35.20684,109.8957,0.6884188,4.200019,2.674061,0.02115094,0.2264144,0.1065057
1093,0.016804,1,100,0,-75.28013,44.9199,0,109.4717,0,0,-0.3058532,0.2885927,0.9072861,0.8514587,0.5092981,0.1250341,-0.4259952,0.8107587,-0.4014952,-402.1335,-19.44062,64.68166,-49.38395,91.46778,-36.62344,110.2107,0.652896,0.8847119,2.316288,0.02891831,0.03388679,0.1121439
1094,0.016584,1,100,0,-83.57213,59.8455,0,109.8998,0,0,-0.3009191,0.2909667,0.9081774,0.8619215,0.4905038,0.1284423,-0.408092,0.8214283,-0.3983923,-402.9268,-17.90936,64.06958,-47.14769,92.63215,-37.81828,110.6067,0.620176,-2.616512,2.01106,0.03691057,-0.17252,0.1208844
1095,0.016663,1,100,0,-91.90363,74.84219,0,110.3978,0,0,-0.2948202,0.2901342,0.9104412,0.8716329,0.4721053,0.1318054,-0.3915829,0.8324295,-0.3920767,-403.6832,-16.34941,63.43636,-45.0382,93.83028,-38.82291,111.0846,0.5893784,-6.354611,1.751572,0.04486346,-0.3958218,0.1326016
1096,0.016677,1,100,0,-100.2421,89.85149,0,110.9648,0,0,-0.2875125,0.2858337,0.9141311,0.8808052,0.4537832,0.1351404,-0.3761896,0.844026,-0.3822321,-404.4008,-14.76582,62.78778,-43.01914,95.09323,-39.6158,111.6368,0.5603996,-10.29999,1.535819,0.05229893,-0.6342574,0.1468055
1097,0.016717,1,100,0,-84.7789,100,0,111.5869,0,0,-0.2791243,0.2779647,0.9191439,0.8894404,0.4356028,0.1383704,-0.3619195,0.8561463,-0.3688203,-405.0822,-13.15538,62.12642,-41.09095,96.41065,-40.17651,112.2392,0.5342183,-13.68323,1.192917,0.05795598,-0.8399717,0.1495008
1098,0.016653,1,100,0,-93.1054,100,0,112.2311,0,0,-0.2698749,0.2668482,0.925181,0.8975951,0.4175272,0.1414016,-0.3485555,0.8685986,-0.3522018,-405.7246,-11.52745,61.46059,-39.23854,97.75843,-40.45659,112.8411,0.5097202,-17.01244,0.9009008,0.06206078,-1.044561,0.1534035
1099,0.016708,1,100,0,-101.4594,100,0,112.8385,0,0,-0.2600447,0.2522161,0.9320751,0.9051968,0.3997149,0.1443844,-0.3361483,0.8812578,-0.332249,-406.3343,-9.870265,60.79025,-37.4753,99.13448,-40.44391,113.4361,0.4865062,-20.3159,0.6546413,0.06451359,-1.249483,0.1584116
1100,0.016657,1,100,0,-86.05167,100,0,113.3977,0,0,-0.2497937,0.2343212,0.9395196,0.9123308,0.3820492,0.1472798,-0.3244319,0.8939422,-0.3092119,-406.9083,-8.193842,60.12476,-35.78457,100.5396,-40.11516,114.0087,0.4645119,-22.90883,0.4503709,0.06415984,-1.412453,0.1600435
1101,0.016768,1,100,0,-94.43568,100,0,113.8904,0,0,-0.2393319,0.2132776,0.9472238,0.9189746,0.364634,0.150093,-0.3133786,0.9063967,-0.2832652,-407.454,-6.481788,59.46293,-34.17701,101.9665,-39.45805,114.5521,0.4433695,-25.54248,0.2803177,0.0624666,-1.57913,0.1626571
1102,0.016607,1,100,0,-102.7392,100,0,114.3095,0,0,-0.2288169,0.1893783,0.9548712,0.925213,0.3473113,0.152828,-0.3026953,0.9184289,-0.254686,-407.963,-4.76146,58.82112,-32.6226,103.3996,-38.46843,115.0457,0.4231444,-28.16723,0.1512389,0.05937393,-1.746446,0.1660945
1103,0.016711,1,100,0,-87.2815,100,0,114.6372,0,0,-0.2182999,0.1623776,0.9622779,0.930974,0.3303347,0.1554567,-0.2926311,0.929792,-0.2232813,-408.4461,-3.006279,58.19439,-31.1528,104.8209,-37.13816,115.4866,0.4076726,-30.15331,-0.1582046,0.0551655,-1.873839,0.156103
1104,0.01677,1,100,0,-95.6665,100,0,114.8702,0,0,-0.2078395,0.1327403,0.9691145,0.9363974,0.3134162,0.1578941,-0.2827772,0.9402929,-0.189438,-408.9021,-1.220748,57.59054,-29.72866,106.222,-35.45773,115.8627,0.3925805,-32.21663,-0.4202392,0.049841,-2.006903,0.1478573
1105,0.0166,1,100,0,-103.9665,100,0,115.0034,0,0,-0.1977985,0.1007399,0.9750524,0.9414361,0.2966344,0.1603316,-0.2730823,0.9496629,-0.153514,-409.3255,0.5699633,57.02338,-28.34046,107.5688,-33.45359,116.161,0.3717406,-34.32295,-0.3606871,0.04263906,-2.144799,0.1541978
1106,0.016667,1,100,0,-88.54953,100,0,115.029,0,0,-0.188242,0.06606884,0.979898,0.9460327,0.2801855,0.1628451,-0.2637942,0.9576699,-0.115246,-409.725,2.389573,56.48977,-27.01445,108.84,-31.11551,116.3791,0.351387,-35.82748,-0.2860549,0.03462838,-2.245299,0.1571107
1107,0.016781,1,100,0,-96.94003,100,0,114.945,0,0,-0.1790821,0.02907059,0.9834046,0.9503203,0.2637813,0.1652596,-0.2545995,0.9641443,-0.07486488,-410.1018,4.24218,55.99434,-25.71866,110.0211,-28.43651,116.5106,0.3316343,-37.44765,-0.2053877,0.0264686,-2.353208,0.1596444
1108,0.016577,1,100,0,-105.2285,91.7115,0,114.7531,0,0,-0.17048,-0.009521056,0.9853151,0.9543335,0.2473622,0.1675098,-0.2453246,0.9688763,-0.03308405,-410.4484,6.090844,55.55215,-24.43486,111.047,-25.40358,116.5068,0.3161458,-38.97834,-0.2465515,0.01858968,-2.455076,0.1547009
1109,0.01672,1,100,0,-89.76253,83.3515,0,114.4258,0,0,-0.1623549,-0.05011981,0.9854588,0.9580097,0.2312061,0.1695916,-0.236344,0.9716131,0.01047784,-410.7757,7.970569,55.15932,-23.20703,111.8883,-21.98866,116.366,0.3010043,-39.79198,-0.2736157,0.01083363,-2.511733,0.1464825
1110,0.016651,1,100,0,-98.08803,75.026,0,113.9666,0,0,-0.1549857,-0.09164198,0.983657,0.96144,0.2149791,0.1715136,-0.2271836,0.9723094,0.05478958,-411.0781,9.854777,54.82745,-21.98411,112.5214,-18.24824,116.092,0.2865384,-40.60036,-0.2939789,0.003616018,-2.567979,0.137664
1111,0.016709,1,100,0,-106.4425,66.6715,0,113.4002,0,0,-0.1483867,-0.1343038,0.9797672,0.9645763,0.1988568,0.1733448,-0.2181142,0.9707823,0.1000386,-411.3603,11.75369,54.55895,-20.79157,112.9162,-14.19886,115.6891,0.2695331,-41.4126,-0.2012318,-0.002969526,-2.624673,0.1334488
1112,0.01666,1,100,0,-91.03203,58.3415,0,112.7315,0,0,-0.1426861,-0.1774911,0.9737237,0.9674572,0.1826952,0.1750697,-0.2089679,0.967016,0.145647,-411.6202,13.65114,54.3605,-19.60867,113.0536,-9.899464,115.1678,0.2533217,-41.55766,-0.1097123,-0.00823341,-2.638761,0.126294
1113,0.016681,1,100,0,-99.37253,50.001,0,111.9804,0,0,-0.1378718,-0.2208007,0.965525,0.9700804,0.1665847,0.1766176,-0.199839,0.9609875,0.1912272,-411.8606,15.55042,54.23491,-18.44934,112.9141,-5.378597,114.5377,0.2381389,-41.75972,-0.03006284,-0.01240452,-2.656028,0.118498
1114,0.016684,1,100,0,-107.7145,41.659,0,111.1674,0,0,-0.1339704,-0.2641197,0.9551402,0.9724611,0.1504476,0.1780023,-0.1907124,0.9526837,0.2366906,-412.0818,17.44476,54.18578,-17.30475,112.4881,-0.6876311,113.8134,0.2235138,-42.01619,0.05279903,-0.01544074,-2.676388,0.1107589
1115,0.016984,1,100,0,-92.00433,33.167,0,110.303,0,0,-0.1308938,-0.3078906,0.9423748,0.9745975,0.134283,0.1792422,-0.1817319,0.9418978,0.2824926,-412.2892,19.36257,54.21642,-16.1901,111.7473,4.209473,112.9924,0.2093817,-41.64121,0.1317143,-0.01690591,-2.65608,0.1012212
1116,0.016388,1,100,0,-100.1983,24.973,0,109.3859,0,0,-0.1291398,-0.3493602,0.9280467,0.9765424,0.1178124,0.1802382,-0.1723035,0.9295529,0.3259508,-412.4683,21.19857,54.32639,-15.04004,110.7587,9.02736,112.1391,0.1944608,-41.38456,0.2764009,-0.01668795,-2.643024,0.09528695
1117,0.016678,1,100,0,-84.77119,16.634,0,108.49,0,0,-0.1281504,-0.3905106,0.9116353,0.9781686,0.1018613,0.1811368,-0.1635962,0.9149458,0.3689316,-412.6375,23.04656,54.51811,-13.97923,109.3984,13.92419,111.1635,0.1808955,-40.55733,0.3872416,-0.01515725,-2.592851,0.08750416
1118,0.01687,1,100,0,-69.16644,8.198999,0,107.5177,0,0,-0.1282298,-0.430448,0.8934605,0.9795945,0.08561299,0.1818381,-0.1547637,0.898546,0.4106863,-412.7917,24.89005,54.79486,-12.92979,107.7753,18.87465,110.1769,0.169017,-39.19222,0.4562053,-0.01229823,-2.507721,0.07753259
1119,0.016496,1,100,0,-60.91843,0,0,106.5937,0,0,-0.1296161,-0.4674098,0.8744872,0.9807993,0.06916672,0.182343,-0.1457143,0.8813311,0.4494701,-412.9251,26.66365,55.14637,-11.88228,105.9745,23.67356,109.2347,0.1555098,-37.59822,0.6160824,-0.007760794,-2.407519,0.07292266
1120,0.016679,1,100,0,-52.57893,0,0,105.7706,0,0,-0.131944,-0.5024416,0.8544841,0.9817255,0.05301847,0.182767,-0.1371332,0.8629838,0.4862643,-413.0478,28.42441,55.58025,-10.90633,103.9992,28.34464,108.343,0.1435538,-35.88644,0.7387773,-0.002761336,-2.299151,0.06790619
1121,0.016689,1,100,0,-44.23443,0,0,105.0282,0,0,-0.1354293,-0.5350784,0.8338766,0.982417,0.0366462,0.1830686,-0.1285145,0.8440074,0.5207072,-413.1556,30.15134,56.09111,-9.939418,101.9014,32.83363,107.5209,0.1289413,-34.08584,0.9917121,0.003681412,-2.184676,0.07080282
1122,0.016677,1,100,0,-35.89593,0,0,104.3796,0,0,-0.1400095,-0.5652223,0.8129706,0.9828508,0.0201793,0.183296,-0.1200082,0.824692,0.5527039,-413.2497,31.84031,56.67493,-9.000458,99.71069,37.11966,106.7759,0.1164317,-32.20404,1.193457,0.01016588,-2.064458,0.07256155
1123,0.016679,1,100,0,-27.55643,0,0,103.8269,0,0,-0.1455187,-0.592871,0.7920408,0.9830347,0.003706254,0.1833835,-0.1116583,0.8052893,0.5822734,-413.3309,33.49142,57.32869,-8.093251,97.45258,41.19799,106.1121,0.1059872,-30.2463,1.337944,0.01632055,-1.938924,0.07282648
1124,0.016708,1,100,0,-19.20243,0,0,103.3697,0,0,-0.1519483,-0.6180617,0.7713052,0.982959,-0.0128108,0.1833789,-0.1034584,0.7860255,0.6094759,-413.3996,35.10638,58.05014,-7.218655,95.14998,45.06992,105.5316,0.09386526,-28.21758,1.59161,0.02312393,-1.808465,0.08027124
1125,0.016669,1,100,0,-10.86793,0,0,103.0062,0,0,-0.1593033,-0.6407086,0.7510759,0.9826127,-0.02941171,0.1833225,-0.09536588,0.7672206,0.6342538,-413.4561,36.67814,58.83278,-6.372718,92.83819,48.7192,105.0386,0.08384179,-26.13056,1.784097,0.02914445,-1.673946,0.08590242
1126,0.016676,1,100,0,-2.529932,0,15.0084,102.7355,0,0,-0.1673606,-0.6608499,0.7316201,0.9820098,-0.04591593,0.1831636,-0.08745062,0.7491125,0.6566456,-413.5015,38.2117,59.67474,-5.556649,90.63013,52.12595,104.6987,0.07575978,-23.72732,1.911213,0.03393333,-1.518962,0.08955383
1127,0.016688,1,100,0,5.814068,0,30.0276,102.6064,0,0,-0.176101,-0.6783456,0.7133273,0.9811491,-0.06236243,0.1829146,-0.07959449,0.7320919,0.6765402,-413.536,39.70933,60.57244,-4.763423,88.5334,55.31686,104.5027,0.06945509,-21.03343,1.970016,0.03714618,-1.345291,0.09099924
1128,0.016685,1,100,0,14.15657,0,45.0441,102.6178,0,0,-0.1855552,-0.6930701,0.6965796,0.980017,-0.07882589,0.1826286,-0.0716659,0.7165475,0.6938471,-413.5598,41.17167,61.52166,-3.986342,86.56108,58.30867,104.4443,0.06140602,-18.07788,2.18596,0.04032635,-1.1547,0.1025034
1129,0.016825,1,100,0,22.56907,0,60.1866,102.7681,0,0,-0.1957903,-0.7050378,0.681607,0.9785875,-0.09545688,0.182359,-0.06350595,0.7027162,0.7086307,-413.5734,42.61313,62.52779,-3.218519,84.71135,61.1393,104.5198,0.05516114,-14.84694,2.32576,0.04135699,-0.9466064,0.1113911
1130,0.016544,1,100,0,30.84107,0,75.0762,103.0576,0,0,-0.2067547,-0.7138863,0.6690432,0.9768559,-0.1123078,0.1820429,-0.05481909,0.6911971,0.7205842,-413.575,44.00014,63.56258,-2.42432,83.03832,63.75937,104.721,0.04805949,-11.45527,2.64137,0.04220569,-0.7281572,0.1314376
1131,0.016668,1,100,0,39.17507,0,90.0774,103.4727,0,0,-0.2181943,-0.7198735,0.6589184,0.9748301,-0.129086,0.1817778,-0.04579993,0.6819963,0.7299201,-413.5668,45.37015,64.64733,-1.647298,81.51967,66.23258,105.0472,0.04278288,-7.825356,2.874848,0.04042776,-0.4948678,0.1485831
1132,0.016882,1,100,0,47.61607,0,100,104.0161,0,0,-0.2300959,-0.7229188,0.6514938,0.9724995,-0.1460002,0.1814628,-0.03606462,0.6753312,0.7366322,-413.5474,46.73238,65.78664,-0.8522616,80.13882,68.57713,105.4788,0.03894936,-4.035491,3.024606,0.03601195,-0.2519166,0.1625761
1133,0.01649,1,100,0,55.86106,0,100,104.6671,0,0,-0.2422594,-0.7229343,0.6470522,0.9698784,-0.1629736,0.1810411,-0.02542838,0.6714209,0.7406403,-413.5161,48.04049,66.9368,-0.01159616,78.91434,70.70862,105.9584,0.03627384,-0.4093245,3.085399,0.02951361,-0.02010953,0.1725311
1134,0.016689,1,100,0,64.20557,0,100,105.3547,0,0,-0.2543001,-0.7201985,0.645481,0.9670216,-0.1795704,0.1806209,-0.01417366,0.670126,0.7421123,-413.4742,49.34472,68.1348,0.8226246,77.83862,72.6797,106.4982,0.03414689,3.200883,3.061284,0.02081027,0.2098279,0.1789095
1135,0.016672,1,100,0,72.54156,0,100,106.0865,0,0,-0.2664032,-0.7146892,0.6467216,0.9638602,-0.1962902,0.1801222,-0.001786277,0.6713343,0.7411528,-413.4198,50.6303,69.36311,1.720775,76.93884,74.46304,107.0854,0.03215242,6.749255,2.9551,0.01015551,0.4348679,0.1818259
1136,0.016682,1,100,0,80.88257,0,100,106.8371,0,0,-0.2785017,-0.7064179,0.6507001,0.9603638,-0.2131229,0.1796667,0.01175927,0.6749463,0.7377733,-413.3522,51.90255,70.62039,2.682168,76.23153,76.04819,107.7115,0.03293639,10.24043,3.335113,0.002680723,0.6566101,0.2132451
1137,0.016714,1,100,0,89.23957,0,100,107.5901,0,0,-0.2906642,-0.695311,0.6573103,0.9564539,-0.2302723,0.1793613,0.02664844,0.6808209,0.7319648,-413.27,53.16642,71.90503,3.726053,75.72598,77.42633,108.3658,0.03494843,13.68945,3.702704,-0.005878482,0.8748405,0.2453022
1138,0.016552,1,100,0,97.51557,0,100,108.3285,0,0,-0.3023763,-0.6815496,0.6663774,0.9522224,-0.2474587,0.1789888,0.04291112,0.6886615,0.7238125,-413.1727,54.4107,73.19843,4.873313,75.42728,78.57455,109.0275,0.03710745,17.05859,3.964815,-0.01602178,1.086819,0.272747
1139,0.0167,1,100,0,105.8656,0,100,109.0262,0,0,-0.3133907,-0.6649322,0.6779761,0.9476898,-0.2645401,0.1786139,0.06058572,0.698487,0.7130538,-413.0573,55.66242,74.52084,6.122164,75.33729,79.49677,109.6947,0.03907771,20.41904,4.130405,-0.02759984,1.296936,0.2963929
1140,0.016758,1,100,0,90.36442,0,100,109.6785,0,0,-0.3236566,-0.6455722,0.6917245,0.942793,-0.2817943,0.1781383,0.07992288,0.7098086,0.6998455,-412.9214,56.91803,75.86166,7.515568,75.44733,80.17544,110.3489,0.0404124,23.08059,4.20227,-0.03818643,1.461725,0.31421
1141,0.01662,1,100,0,98.67442,0,100,110.2643,0,0,-0.3329361,-0.6239831,0.7069645,0.9375551,-0.2991364,0.1775052,0.1007186,0.721916,0.6846119,-412.7642,58.16617,77.20097,9.058943,75.73992,80.59304,110.9677,0.04069208,25.73736,4.184882,-0.04964842,1.624779,0.3287195
1142,0.016659,1,100,0,107.0039,0,100,110.7652,0,0,-0.3410344,-0.5999306,0.7237258,0.9319789,-0.3164507,0.1768464,0.122928,0.7348079,0.6670432,-412.5823,59.42331,78.54852,10.74732,76.20364,80.74445,111.5445,0.03974877,28.41723,4.085029,-0.06170482,1.787725,0.3405579
1143,0.016956,1,100,0,91.31961,0,100,111.1762,0,0,-0.3479756,-0.5730535,0.7419724,0.9259311,-0.334046,0.1762534,0.1468503,0.7483472,0.6468479,-412.3694,60.71182,79.92077,12.61242,76.82893,80.61516,112.0739,0.04653186,30.46816,4.351729,-0.06791165,1.911759,0.3715371
1144,0.016449,1,100,0,99.54411,0,100,111.4926,0,0,-0.3537415,-0.5447809,0.7603161,0.9193629,-0.3521299,0.1754311,0.1721585,0.7610636,0.6254143,-412.1322,61.97248,81.24822,14.65822,77.52831,80.22135,112.521,0.05113902,32.51846,4.506185,-0.07480113,2.034046,0.3979346
1145,0.016654,1,100,0,107.8711,0,100,111.6991,0,0,-0.3577171,-0.5141624,0.7795357,0.9124963,-0.3698724,0.1747721,0.1984675,0.7738424,0.6014809,-411.8597,63.26174,82.58357,16.8374,78.34176,79.53142,112.899,0.05399105,34.65746,4.564009,-0.08181711,2.160281,0.4209113
1146,0.016675,1,100,0,92.44673,0,100,111.8025,0,0,-0.3599138,-0.4815499,0.799107,0.9051428,-0.387904,0.173917,0.2262271,0.785901,0.5754834,-411.5508,64.56664,83.90731,19.20424,79.20269,78.55704,113.1949,0.0549195,36.18789,4.53155,-0.08653251,2.247191,0.4374509
1147,0.016702,1,100,0,100.7977,0,100,111.7983,0,0,-0.3601555,-0.447304,0.8186619,0.8973426,-0.4060531,0.1729087,0.2550775,0.7968942,0.5476272,-411.2025,65.88851,85.21503,21.7382,80.08564,77.29269,113.4038,0.05347594,37.82523,4.400558,-0.09116116,2.338822,0.4505999
1148,0.016683,1,100,0,85.36595,0,100,111.6923,0,0,-0.3583324,-0.4116873,0.837921,0.8890833,-0.4243065,0.1717414,0.2848315,0.8065221,0.5180671,-410.8128,67.22387,86.49834,24.42686,80.95185,75.74666,113.5228,0.05042231,38.88765,4.206986,-0.09300117,2.393607,0.4582035
1149,0.016658,1,100,0,93.69495,0,100,111.4888,0,0,-0.3544884,-0.3750442,0.8565511,0.8803291,-0.4426593,0.170509,0.315212,0.8144904,0.4870799,-410.3795,68.57182,87.75221,27.25091,81.77059,73.9267,113.5526,0.05669915,40.08023,4.361681,-0.09126231,2.457229,0.4856825
1150,0.016689,1,100,0,102.0395,0,100,111.1994,0,0,-0.348557,-0.337174,0.874541,0.8710294,-0.4611054,0.169381,0.3461447,0.8207898,0.45441,-409.899,69.93595,88.97632,30.19528,82.51633,71.83646,113.4953,0.06049471,41.40328,4.423045,-0.0890652,2.52694,0.5097798
1151,0.016678,1,100,0,86.6123,0,100,110.8237,0,0,-0.34021,-0.2985137,0.89171,0.8612895,-0.4795096,0.1680805,0.3774092,0.8252032,0.4202407,-409.3703,71.31146,90.16312,33.24142,83.15608,69.49052,113.3528,0.06194377,42.17547,4.400632,-0.08431776,2.561721,0.5261515
1152,0.016684,1,100,0,94.95431,0,100,110.369,0,0,-0.3294477,-0.2594528,0.9078263,0.8511444,-0.4977888,0.1666122,0.4086778,0.8275813,0.3848272,-408.791,72.6978,91.30965,36.36401,83.67059,66.89619,113.1292,0.06164055,43.10851,4.318589,-0.07874501,2.604686,0.5406074
1153,0.016682,1,100,0,103.2953,0,100,109.8489,0,0,-0.3162046,-0.2200166,0.9228258,0.8405926,-0.515918,0.1650243,0.4397943,0.827902,0.34808,-408.1603,74.09206,92.41132,39.53914,84.03709,64.07006,112.8297,0.05975645,44.18761,4.184056,-0.0719581,2.654802,0.5533912
1154,0.016827,1,100,0,87.73033,0,100,109.2651,0,0,-0.3003289,-0.1800898,0.9366804,0.829649,-0.5338466,0.1633718,0.4706221,0.8261813,0.3097409,-407.4708,75.50381,93.47354,42.75363,84.25007,60.99404,112.4554,0.05661184,44.73444,4.008758,-0.06236009,2.671954,0.5597005
1155,0.016509,1,100,0,95.98483,0,100,108.619,0,0,-0.2822883,-0.1412577,0.9488729,0.8183103,-0.5516743,0.161319,0.5006812,0.8220109,0.2713238,-406.7417,76.89135,94.46407,45.95487,84.25505,57.78115,112.0242,0.0573492,45.43967,3.967661,-0.05118959,2.698496,0.5736126
1156,0.016718,1,100,0,104.3438,0,100,107.9447,0,0,-0.2618013,-0.1020784,0.9597083,0.8067636,-0.5689209,0.1595664,0.5297099,0.8160325,0.2312974,-405.9503,78.29572,95.41205,49.11831,84.10909,54.33073,111.5293,0.05637293,46.31806,3.871528,-0.03854802,2.73409,0.5852233
1157,0.016719,1,100,0,88.87876,0,100,107.2208,0,0,-0.2388256,-0.063467,0.9689863,0.7948053,-0.586068,0.1575088,0.5578952,0.8077726,0.1904119,-405.1056,79.69607,96.30153,52.25399,83.75413,50.7113,110.9814,0.05398994,46.67622,3.732579,-0.0240473,2.738006,0.5893853
1158,0.016654,1,100,0,97.20576,0,100,106.4626,0,0,-0.2136894,-0.02595557,0.9765567,0.7825822,-0.602886,0.1552201,0.5847235,0.7974047,0.1491427,-404.2119,81.08335,97.12658,55.31181,83.19922,46.95147,110.39,0.05067418,47.22303,3.566622,-0.008593651,2.751988,0.5924757
1159,0.016646,1,100,0,105.5288,0,100,105.688,0,0,-0.1864156,0.010667,0.9824131,0.7701258,-0.6193065,0.1528579,0.6100453,0.7850767,0.1072334,-403.2676,82.45899,97.88799,58.26883,82.45096,43.05698,109.7603,0.0471522,47.94313,3.397158,0.008156771,2.775251,0.5955061
1160,0.016687,1,100,0,90.09328,0,91.6565,104.8941,0,0,-0.1570502,0.0462781,0.9865057,0.7574106,-0.6353845,0.1503852,0.63377,0.7708079,0.06473573,-402.2715,83.82339,98.58513,61.11392,81.48119,38.92622,109.0383,0.04350351,48.01223,3.226764,0.02587616,2.76071,0.5913453
1161,0.016679,1,100,0,98.43279,0,83.317,104.0584,0,0,-0.1259496,0.08027089,0.9887837,0.7444295,-0.651163,0.1476865,0.6557143,0.7546809,0.02225767,-401.2284,85.16869,99.2121,63.81856,80.28599,34.60556,108.2414,0.03879098,48.15202,3.02448,0.04403501,2.7496,0.58447
1162,0.016691,1,100,0,106.7783,0,74.9715,103.2073,0,0,-0.09325118,0.1126932,0.9892443,0.7312099,-0.666593,0.1448648,0.6757486,0.7368541,-0.02024182,-400.1393,86.49268,99.76667,66.35389,78.87389,30.12655,107.385,0.03309303,48.35926,2.79217,0.06266923,2.741775,0.5748548
1163,0.016678,1,100,0,91.35114,0,66.63251,102.3473,0,0,-0.05921253,0.1432677,0.987911,0.7177508,-0.6816919,0.1418795,0.6937777,0.717475,-0.06246581,-399.0091,87.7898,100.2456,68.6981,77.25226,25.53194,106.4858,0.02754577,47.96394,2.565904,0.0804669,2.700105,0.5585855
1164,0.016683,1,100,0,99.69263,0,58.29101,101.4929,0,0,-0.02421597,0.17175,0.984843,0.70408,-0.6964308,0.1387652,0.7097079,0.6967686,-0.104061,-397.8401,89.05822,100.6476,70.83219,75.43669,20.85148,105.5589,0.02257193,47.68477,2.358671,0.09796515,2.665309,0.5427361
1165,0.016697,1,100,0,108.0411,0,49.94251,100.6623,0,0,0.01161617,0.1982532,0.980082,0.6901793,-0.7108189,0.1356058,0.7235451,0.674857,-0.1450872,-396.6351,90.2954,100.9715,72.74426,73.44142,16.12019,104.6195,0.01850805,47.51472,2.182627,0.1151959,2.637007,0.5279797
1166,0.01667,1,100,0,92.62138,0,41.60751,99.85738,0,0,0.04804058,0.2225393,0.9737394,0.6760584,-0.7248721,0.1323088,0.7352805,0.6519485,-0.1852728,-395.4012,91.49566,101.2161,74.42391,71.2858,11.38267,103.6829,0.01029226,46.78559,1.865389,0.1302099,2.577059,0.4990833
1167,0.016685,1,100,0,100.9639,0,33.26501,99.08821,0,0,0.0847622,0.244474,0.9659442,0.6617547,-0.7385643,0.1288563,0.7449139,0.628296,-0.2243842,-394.1394,92.65961,101.3819,75.86343,68.99263,6.655427,102.7596,0.003074158,46.20799,1.57728,0.1444342,2.526268,0.471776
1168,0.016885,1,100,0,85.34526,0,24.82251,98.36614,0,0,0.1218043,0.2644562,0.9566748,0.647231,-0.7519014,0.1254443,0.7524996,0.6039099,-0.262749,-392.8399,93.79729,101.4699,77.00121,66.51616,1.932944,101.7709,-0.004570221,45.08674,1.271081,0.1557264,2.446543,0.4377456
1169,0.016494,1,100,0,70.08831,0,16.57551,97.60528,0,0,0.1579021,0.2810153,0.9466242,0.6323946,-0.7650391,0.121623,0.7583824,0.5794355,-0.2985138,-391.5529,94.86693,101.4789,77.94182,63.97927,-2.601267,100.8714,-0.01033218,43.52624,1.02047,0.1630081,2.344532,0.4028774
1170,0.016695,1,100,0,61.74081,0,8.22801,96.95808,0,0,0.1931667,0.2956341,0.9355679,0.6177372,-0.7774615,0.1181292,0.762291,0.5551164,-0.3328038,-390.2366,95.90765,101.4123,78.66525,61.43059,-7.112759,100.0626,-0.01438933,41.70685,0.8276411,0.1673643,2.230923,0.369035
1171,0.016684,1,100,0,53.39881,0,0,96.4341,0,0,0.2273494,0.3075596,0.9239694,0.6027933,-0.789636,0.1145227,0.764822,0.5309259,-0.3649181,-388.9105,96.90459,101.2711,79.19119,58.82687,-11.4873,99.31668,-0.01665712,39.67472,0.6998596,0.1684872,2.107905,0.3375466
1172,0.016673,1,100,0,45.06231,0,0,95.9918,0,0,0.2601663,0.3169631,0.912057,0.5877307,-0.801425,0.1108641,0.7660852,0.5072008,-0.3947928,-387.5778,97.85778,101.0583,79.56274,56.25263,-15.63729,98.68694,-0.02504187,37.58643,0.3024582,0.1675761,1.981597,0.290101
1173,0.016681,1,100,0,36.72181,0,0,95.6567,0,0,0.2915677,0.3239299,0.900032,0.5725306,-0.8128603,0.1070833,0.7662878,0.4840738,-0.4224636,-386.2397,98.76897,100.7772,79.79909,53.72165,-19.57079,98.16785,-0.03134732,35.43895,-0.02818738,0.1642784,1.85443,0.2466827
1174,0.016694,1,100,0,28.37481,0,0,95.42226,0,0,0.3213519,0.3287793,0.8880525,0.5572433,-0.8238888,0.1033795,0.7656456,0.4616402,-0.4479684,-384.8977,99.63911,100.4313,79.9214,51.244,-23.29205,97.75427,-0.03563625,33.23628,-0.2855385,0.1588589,1.726706,0.2079523
1175,0.01667,1,100,0,20.03981,0,0,95.28186,0,0,0.3494181,0.3316157,0.8763208,0.5418768,-0.8345197,0.0997332,0.7643801,0.4400093,-0.4712912,-383.5567,100.4673,100.0249,79.95104,48.83231,-26.79701,97.44148,-0.03914804,30.98909,-0.524141,0.1516287,1.598573,0.1709175
1176,0.016684,1,100,0,11.69781,0,0,95.22885,0,0,0.3757511,0.3326476,0.8649606,0.5264758,-0.8447347,0.09616047,0.7626498,0.4192484,-0.4925409,-382.215,101.2566,99.56081,79.90234,46.49571,-30.09998,97.22265,-0.04084814,28.69492,-0.6817489,0.1427268,1.470313,0.1394792
1177,0.016688,1,100,0,3.35381,0,0,95.25623,0,0,0.4002998,0.3320264,0.8541186,0.5110444,-0.8545431,0.09268023,0.7606534,0.3993926,-0.5117536,-380.8746,102.0077,99.04248,79.79523,44.23884,-33.20369,97.09191,-0.04094809,26.35895,-0.7563441,0.1324084,1.34213,0.113945
1178,0.016662,1,100,0,-4.97719,14.9958,0,95.35728,0,0,0.4229627,0.3298604,0.8439755,0.4956136,-0.8639418,0.08928466,0.7585973,0.3805217,-0.5288985,-379.5383,102.7209,98.47446,79.71253,42.11024,-36.0756,97.10205,-0.03968788,23.75107,-0.7470862,0.1197232,1.202266,0.09315417
1179,0.016847,1,100,0,-13.40069,30.1581,0,95.5739,0,0,0.4438301,0.3261677,0.8346434,0.4801284,-0.8729883,0.08583915,0.7566319,0.362638,-0.5440609,-378.1887,103.4068,97.85265,79.65343,40.09429,-38.77858,97.24196,-0.04441963,20.859,-1.195813,0.105512,1.047087,0.04381979
1180,0.016529,1,100,0,-21.66519,45.0342,0,95.90595,0,0,0.4624972,0.3204697,0.8266773,0.4643361,-0.8818477,0.08207719,0.7553067,0.3458956,-0.5566577,-376.8655,104.0467,97.19916,79.65903,38.19201,-41.24679,97.49609,-0.04705916,17.79487,-1.547487,0.08966922,0.885647,0.0008410513
1181,0.016679,1,100,0,-30.00469,60.0453,0,96.33779,0,0,0.4788529,0.3137462,0.8199167,0.4488167,-0.8901687,0.0785078,0.7544956,0.3303986,-0.5670744,-375.5303,104.6617,96.49928,79.70216,36.41284,-43.57455,97.86251,-0.04809313,14.48152,-1.809301,0.07235786,0.7142587,-0.03653616
1182,0.016814,1,100,0,-38.41169,75.1779,0,96.87569,0,0,0.4929112,0.3057164,0.8146019,0.4331596,-0.8981929,0.07498518,0.7545938,0.3158916,-0.5751534,-374.1833,105.2518,95.75538,79.81608,34.71953,-45.76225,98.33736,-0.04769132,10.93176,-1.964661,0.05385081,0.5335578,-0.06713781
1183,0.016554,1,100,0,-46.68869,90.0765,0,97.51664,0,0,0.5043718,0.2964393,0.8110073,0.4174055,-0.9059002,0.07153676,0.7558981,0.3024378,-0.5806459,-372.8548,105.8047,94.98779,80.02156,33.11932,-47.76321,98.90229,-0.04634805,7.253565,-2.028332,0.03502436,0.3488603,-0.09125705
1184,0.016676,1,100,0,-55.02669,100,0,98.23819,0,0,0.51323,0.2862992,0.8090907,0.4018552,-0.9131588,0.06821547,0.7583583,0.2901271,-0.5837113,-371.5129,106.3355,94.18184,80.28944,31.61505,-49.63469,99.54651,-0.04443291,3.449588,-2.004346,0.01623964,0.1602459,-0.1091405
1185,0.016679,1,100,0,-63.36619,100,0,99.03287,0,0,0.519524,0.2751604,0.8089386,0.3861759,-0.9201344,0.06497024,0.7622095,0.278639,-0.5842922,-370.166,106.8408,93.34541,80.61492,30.16509,-51.35034,100.2275,-0.04233579,-0.2829213,-1.896269,-0.001343438,-0.02271863,-0.120168
1186,0.016687,1,100,0,-71.70969,100,0,99.85423,0,0,0.5233318,0.2630156,0.8105224,0.370335,-0.9268502,0.06164908,0.7674475,0.2679019,-0.5824541,-368.8127,107.3219,92.48087,81.01138,28.77788,-52.89803,100.9416,-0.03995055,-3.943697,-2.344514,-0.01668871,-0.2030159,-0.1646796
1187,0.016674,1,100,0,-80.04668,100,0,100.6923,0,0,0.5247294,0.2497669,0.8138032,0.3542026,-0.9333637,0.05807646,0.7740799,0.2577768,-0.5782315,-367.4533,107.7791,91.5922,81.49342,27.45112,-54.26375,101.6823,-0.03682086,-7.541721,-2.692082,-0.03053922,-0.3781411,-0.2016518
1188,0.016683,1,100,0,-88.38818,100,0,101.5357,0,0,0.5235508,0.235947,0.8186719,0.3380303,-0.9395496,0.05461027,0.7820681,0.2481447,-0.5716592,-366.0847,108.2138,90.68133,82.07248,26.18079,-55.43835,102.4438,-0.03335306,-11.08713,-2.939803,-0.04280493,-0.5487761,-0.2312176
1189,0.016693,1,100,0,-96.73468,100,0,102.3747,0,0,0.5198002,0.2216365,0.8250363,0.3217825,-0.9454257,0.05124407,0.7913681,0.2388456,-0.5627513,-364.7049,108.6269,89.75142,82.7583,24.95849,-56.41066,103.2183,-0.02991315,-14.58444,-3.091651,-0.0533934,-0.7153199,-0.2536544
1190,0.016668,1,100,0,-105.0687,100,0,103.1987,0,0,0.5134862,0.2069332,0.8327729,0.3054367,-0.9510028,0.04798016,0.8018981,0.2297223,-0.5515319,-363.3151,109.0182,88.80789,83.55637,23.77537,-57.16812,103.9958,-0.02683868,-18.02969,-3.151869,-0.0622105,-0.8777521,-0.2691925
1191,0.016688,1,100,0,-89.63228,100,0,103.9955,0,0,0.5047027,0.1919682,0.841679,0.2889892,-0.956283,0.04481792,0.813487,0.2206164,-0.5381154,-361.9097,109.3892,87.85182,84.46984,22.62366,-57.70326,104.7695,-0.02441112,-20.7697,-3.125632,-0.06708286,-1.005011,-0.2756539
1192,0.016688,1,100,0,-97.97628,100,0,104.7573,0,0,0.4937192,0.1768868,0.8514414,0.2723663,-0.9612865,0.04177209,0.8258681,0.2112802,-0.5227837,-360.4884,109.7398,86.8881,85.49809,21.48813,-58.00718,105.5296,-0.02281625,-23.52526,-3.022882,-0.0706659,-1.13194,-0.2764301
1193,0.01679,1,100,0,-106.3713,100,0,105.4754,0,0,0.4804372,0.1614634,0.8620383,0.2554451,-0.9660537,0.03857952,0.8390045,0.2016684,-0.5053731,-359.0405,110.0719,85.91468,86.63938,20.35768,-58.07729,106.2722,-0.01429412,-26.3044,-3.455482,-0.071964,-1.261082,-0.3102396
1194,0.016577,1,100,0,-91.03755,100,0,106.147,0,0,0.4652703,0.1457468,0.8730873,0.2380293,-0.9706206,0.03518189,0.8525643,0.1914513,-0.486293,-357.5915,110.3791,84.95377,87.87282,19.2085,-57.90723,106.9759,-0.007013012,-28.39983,-3.770258,-0.0701099,-1.356578,-0.3331828
1195,0.016702,1,100,0,-99.38855,100,0,106.7546,0,0,0.4479807,0.1302563,0.8845037,0.2206007,-0.9748448,0.03183118,0.8664001,0.1808624,-0.4654463,-356.1106,110.6682,83.98976,89.19828,18.0552,-57.49706,107.6487,-0.0008788441,-30.57854,-3.986574,-0.06752077,-1.45524,-0.3492177
1196,0.016756,1,100,0,-107.7665,100,0,107.3087,0,0,0.4285814,0.1149388,0.8961624,0.20282,-0.9788,0.0285408,0.8804442,0.1695276,-0.4428073,-354.6022,110.9365,83.03084,90.60571,16.85706,-56.84461,108.2814,0.003967141,-32.82482,-4.109334,-0.06407462,-1.55632,-0.3582912
1197,0.016681,1,100,0,-92.33662,100,0,107.8022,0,0,0.4073034,0.1000234,0.9077992,0.1847433,-0.9824597,0.02536059,0.8944128,0.1573804,-0.4186378,-353.077,111.1811,82.08839,92.07043,15.60636,-55.95479,108.8644,0.007370935,-34.44766,-4.144084,-0.05864148,-1.627525,-0.3586489
1198,0.016632,1,100,0,-100.6526,100,0,108.2299,0,0,0.384364,0.0856734,0.9191977,0.1664762,-0.9857941,0.02226818,0.9080475,0.1444655,-0.3931664,-351.5318,111.402,81.16475,93.57506,14.30353,-54.83171,109.3956,0.009307918,-36.16856,-4.09902,-0.05289098,-1.703018,-0.3529394
1199,0.016678,1,100,0,-85.22548,100,0,108.5949,0,0,0.3597117,0.07190822,0.9302886,0.1479793,-0.9888039,0.0192126,0.9212545,0.1307524,-0.3663252,-349.9574,111.5993,80.25852,95.10865,12.93785,-53.47569,109.8758,0.009841082,-37.32303,-3.982021,-0.04595512,-1.75187,-0.3399546
1200,0.016683,1,100,0,-93.56698,100,0,108.9004,0,0,0.3336624,0.05869043,0.940864,0.1290907,-0.9915026,0.01606927,0.9338123,0.1160951,-0.3384035,-348.3572,111.771,79.37582,96.65104,11.49204,-51.89588,110.3026,0.01848814,-38.6109,-4.281653,-0.03830213,-1.807932,-0.3525628
1201,0.016678,1,100,0,-101.906,100,0,109.1498,0,0,0.3061452,0.0459387,0.9508758,0.1098144,-0.9938715,0.01265993,0.9456298,0.1005441,-0.3093137,-346.7323,111.9157,78.52085,98.18104,9.963104,-50.10346,110.6758,0.02524184,-40.02769,-4.485683,-0.03055392,-1.869803,-0.3579441
1202,0.016684,1,100,0,-86.47327,100,0,109.3423,0,0,0.2771759,0.03413028,0.9602128,0.09031718,-0.9958695,0.009326633,0.956565,0.08413859,-0.2791135,-345.082,112.032,77.69652,99.68054,8.348947,-48.10506,110.9956,0.03015259,-40.89653,-4.600723,-0.02258242,-1.906207,-0.3553398
1203,0.016682,1,100,0,-94.81428,100,0,109.4802,0,0,0.2470271,0.023399,0.9687261,0.07060581,-0.9974859,0.006089048,0.966433,0.06689353,-0.2480582,-343.4077,112.1185,76.9066,101.1308,6.646536,-45.91042,111.2627,0.03276969,-41.9285,-4.611464,-0.01519548,-1.950349,-0.3450387
1204,0.016757,1,100,0,-103.1928,100,0,109.5692,0,0,0.215473,0.01379216,0.9764125,0.0507126,-0.9987091,0.002915937,0.9751923,0.04888811,-0.2158943,-341.7027,112.174,76.15087,102.519,4.857077,-43.52022,111.4798,0.03385186,-43.11524,-4.553863,-0.008349445,-2.002007,-0.3291867
1205,0.016607,1,100,0,-87.83131,100,0,109.6089,0,0,0.1830465,0.005483619,0.983089,0.03058957,-0.9995321,-0.0001202947,0.9826283,0.03009429,-0.1831286,-339.9912,112.1958,75.44231,103.8115,2.97515,-40.9761,111.6455,0.03354319,-43.7642,-4.438957,-0.002107562,-2.029224,-0.3079013
1206,0.016684,1,100,0,-96.17331,100,0,109.6016,0,0,0.1495886,-0.00161431,0.9887471,0.01050539,-0.9999397,-0.003221956,0.9886926,0.01086914,-0.1495627,-338.2518,112.1843,74.77375,105.0086,1.030866,-38.25491,111.7645,0.03873577,-44.58937,-4.569673,0.003763388,-2.065305,-0.3015321
1207,0.016901,1,100,0,-104.6238,100,0,109.5539,0,0,0.1147196,-0.007571999,0.993369,-0.009766358,-0.9999312,-0.006494148,0.9933499,-0.008956592,-0.1147857,-336.471,112.1371,74.14338,106.103,-0.9960364,-35.34238,111.8388,0.04227593,-45.59435,-4.627969,0.008862319,-2.11023,-0.289372
1208,0.01647,1,100,0,-89.38906,100,0,109.4631,0,0,0.07989443,-0.0118936,0.9967324,-0.03026308,-0.9994968,-0.009500806,0.9963439,-0.02940513,-0.08021417,-334.7197,112.0532,73.57725,107.0402,-3.10804,-32.36187,111.8684,0.04393775,-46.0677,-4.616526,0.01259596,-2.131183,-0.2717388
1209,0.016677,1,100,0,-97.72756,100,0,109.3361,0,0,0.04407641,-0.01469741,0.9989201,-0.05018808,-0.9986619,-0.01247911,0.9977669,-0.04958385,-0.04475506,-332.9326,111.9331,73.05448,107.8497,-5.221519,-29.21068,111.8574,0.04428624,-46.73881,-4.551496,0.01511243,-2.162059,-0.2503418
1210,0.016689,1,100,0,-106.0721,100,0,109.1751,0,0,0.007609626,-0.01588791,0.9998448,-0.07023593,-0.9974129,-0.01531471,0.9975015,-0.07010849,-0.008705841,-331.1329,111.7744,72.5844,108.506,-7.399098,-25.93624,111.8078,0.04353084,-47.58527,-4.443913,0.01630468,-2.20188,-0.2252185
1211,0.016683,1,100,0,-90.64029,100,0,108.9794,0,0,-0.02934201,-0.01543003,0.9994504,-0.09013249,-0.9957669,-0.01801928,0.9954976,-0.09061167,0.02782706,-329.3252,111.577,72.16953,108.9992,-9.604893,-22.55112,111.7212,0.04193662,-47.92458,-4.305398,0.01590583,-2.219036,-0.1983555
1212,0.016683,1,100,0,-98.98179,100,0,108.7512,0,0,-0.06649859,-0.0133735,0.997697,-0.1098092,-0.9937386,-0.02063945,0.991726,-0.1109288,0.06461369,-327.5116,111.3409,71.81149,109.322,-11.82364,-19.064,111.5999,0.04238928,-48.46288,-4.252515,0.01429681,-2.246089,-0.1765372
1213,0.016676,1,100,0,-107.3198,100,0,108.4973,0,0,-0.1039061,-0.009709492,0.9945397,-0.129237,-0.9913426,-0.02318052,0.9861546,-0.13094,0.1017517,-325.6959,111.0658,71.51202,109.4679,-14.04307,-15.48879,111.4465,0.04114737,-49.18573,-4.13534,0.01116049,-2.282666,-0.1501372
1214,0.0167,1,100,0,-91.87228,100,0,108.215,0,0,-0.1414993,-0.004348515,0.9899288,-0.1483973,-0.9885977,-0.02555441,0.9787525,-0.1505187,0.1392406,-323.8777,110.7514,71.27207,109.4314,-16.25138,-11.82796,111.262,0.03911892,-49.41087,-3.989919,0.006335918,-2.296922,-0.1232375
1215,0.016672,1,100,0,-100.2083,100,0,107.9054,0,0,-0.1788709,0.002625365,0.9838691,-0.1673231,-0.9855103,-0.02779019,0.9695402,-0.1695949,0.1767184,-322.066,110.3986,71.09368,109.207,-18.44119,-8.10284,111.0491,0.03660461,-49.84474,-3.828103,1.965815e-05,-2.321767,-0.09509321
1216,0.016689,1,100,0,-84.77096,100,0,107.5762,0,0,-0.2160179,0.01118485,0.9763255,-0.1859569,-0.9821033,-0.02989304,0.9585181,-0.1880119,0.2142318,-320.259,110.0073,70.9774,108.7933,-20.59629,-4.315381,110.8098,0.03388589,-49.80399,-3.660531,-0.007705928,-2.325157,-0.06860359
1217,0.016755,1,100,0,-93.14846,100,0,107.2282,0,0,-0.2527805,0.02127548,0.9672898,-0.2043573,-0.978377,-0.03188505,0.9456958,-0.2057326,0.2516624,-318.4546,109.5765,70.92422,108.1865,-22.71309,-0.4658757,110.546,0.03094734,-49.99602,-3.48615,-0.01681773,-2.340207,-0.04166166
1218,0.016908,1,100,0,-101.6025,100,0,106.8671,0,0,-0.2894171,0.03299353,0.9566344,-0.2226028,-0.9743253,-0.03374184,0.9309599,-0.2227149,0.2893308,-316.647,109.1042,70.9358,107.3805,-24.78909,3.452786,110.2587,0.02759947,-50.40731,-3.29797,-0.02751431,-2.366411,-0.01373851
1219,0.016408,1,100,0,-86.42506,100,0,106.4868,0,0,-0.3243912,0.04597468,0.9448052,-0.2408229,-0.9699202,-0.03548781,0.914754,-0.2390427,0.3257053,-314.9098,108.6075,71.01047,106.3924,-26.82133,7.275613,109.9621,0.02432479,-50.34769,-3.113767,-0.03902481,-2.37116,0.01141165
1220,0.016679,1,100,0,-94.76456,100,0,106.1041,0,0,-0.3591835,0.06033292,0.9313148,-0.2583005,-0.9653529,-0.03708166,0.8968102,-0.2538782,0.3623228,-313.2668,108.0806,71.59528,97.75332,-27.32663,25.97608,109.6433,-0.211681,-42.10273,-5.103253,-0.05861087,-1.978198,-0.1376431
1221,0.016898,1,100,0,-103.2136,91.551,0,104.0155,0,0,-0.3885216,0.07167535,0.9186478,-0.274717,-0.9606407,-0.04123369,0.879535,-0.2683884,0.39292,-311.6684,107.532,72.15176,92.52531,-28.03496,31.36953,105.3256,-0.6109717,-39.86019,-5.555607,-0.08988251,-1.875395,-0.1662333
1222,0.016583,1,100,0,-87.87429,83.25951,0,101.2292,0,0,-0.4144024,0.08525967,0.9060913,-0.2911165,-0.9557111,-0.04321394,0.8622771,-0.2816861,0.4208694,-310.1658,106.9807,72.70155,88.68434,-28.71973,32.02572,102.2958,-1.054162,-39.17807,-5.406108,-0.1265944,-1.849839,-0.1515592
1223,0.016718,1,100,0,-96.23329,74.90051,0,98.03907,0,0,-0.439228,0.1001436,0.8927766,-0.3067695,-0.9507535,-0.04427742,0.8443763,-0.2933245,0.4483186,-308.7093,106.4176,73.24232,88.26702,-30.37672,33.58784,99.20663,-1.006041,-39.81403,-4.973121,-0.134407,-1.88836,-0.1139942
1224,0.016663,1,100,0,-104.5648,66.56901,0,98.49888,0,0,-0.46359,0.1162695,0.8783881,-0.3226015,-0.9454591,-0.04511306,0.8252348,-0.3042833,0.4758141,-307.267,105.8299,73.80859,87.62598,-31.93093,35.39017,99.7515,-0.9601781,-40.49406,-4.571079,-0.1434573,-1.929698,-0.07865801
1225,0.01671,1,100,0,-89.10804,58.21401,0,98.8672,0,0,-0.4875388,0.1333778,0.8628536,-0.3384268,-0.9398708,-0.0459386,0.8048437,-0.3144096,0.5033622,-305.8344,105.2138,74.4076,86.74483,-33.42009,37.40887,100.2048,-0.9161023,-40.54852,-4.20483,-0.1520796,-1.941386,-0.04947354
1226,0.016652,1,100,0,-97.43404,49.88801,0,99.15384,0,0,-0.5105782,0.151331,0.8464094,-0.3543803,-0.93393,-0.04679332,0.783406,-0.3238425,0.5304731,-304.4249,104.5736,75.03886,85.62531,-34.84228,39.59785,100.5667,-0.8737622,-40.69396,-3.882041,-0.1614464,-1.957859,-0.02321859
1227,0.016679,1,100,0,-105.7735,41.54851,0,99.36839,0,0,-0.5328428,0.1701606,0.8289293,-0.3703458,-0.9276718,-0.04763122,0.7608693,-0.3323705,0.5573215,-303.0348,103.9083,75.70831,84.27494,-36.17904,41.93363,100.8445,-0.832717,-40.92243,-3.606787,-0.1715993,-1.978691,-0.0002877563
1228,0.01669,1,100,0,-90.33529,33.20351,0,99.51757,0,0,-0.5541476,0.1898151,0.810488,-0.3864155,-0.9210492,-0.04849191,0.7372949,-0.3400568,0.5837447,-301.6697,103.2197,76.41763,82.69823,-37.42818,44.38321,101.0432,-0.7928655,-40.55956,-3.380206,-0.1804579,-1.970911,0.01555924
1229,0.016685,1,100,0,-98.67779,24.86101,0,99.60915,0,0,-0.5741717,0.2102489,0.791279,-0.4026424,-0.9140286,-0.04930295,0.7128857,-0.3469108,0.6094645,-300.3344,102.5103,77.1679,80.9071,-38.57972,46.91463,101.1698,-0.7622371,-40.32692,-2.832836,-0.1899271,-1.971762,0.05116528
1230,0.016669,1,100,0,-83.25896,16.52651,0,99.65404,0,0,-0.5927582,0.2315166,0.771387,-0.4190902,-0.9065695,-0.04995321,0.687751,-0.3528909,0.6344028,-299.0333,101.7828,77.95959,78.87843,-39.60648,49.4625,101.1782,-0.7323459,-39.54252,-2.341156,-0.1974257,-1.945497,0.07929441
1231,0.016651,1,100,0,-67.85679,8.201008,0,99.60463,0,0,-0.6097041,0.2531229,0.7511256,-0.4355865,-0.898717,-0.0507146,0.6622123,-0.358101,0.6582084,-297.77,101.0396,78.79293,76.69088,-40.52978,52.04942,101.1598,-0.702851,-38.25409,-1.912605,-0.2022865,-1.893902,0.09983524
1232,0.016815,1,100,0,-52.30291,0,0,99.55876,0,0,-0.6249655,0.274995,0.7306134,-0.4520983,-0.8904768,-0.05155824,0.636416,-0.3625311,0.6808422,-296.5331,100.2754,79.67814,74.3474,-41.34254,54.67628,101.1249,-0.6732791,-36.48367,-1.548403,-0.2040744,-1.817603,0.112878
1233,0.016563,1,100,0,-44.02142,0,0,99.52975,0,0,-0.6378723,0.2967593,0.7106708,-0.4688289,-0.8817205,-0.05261816,0.6109981,-0.3667467,0.7015544,-295.3561,99.50875,80.59284,71.94634,-42.09506,57.20326,101.0964,-0.6440862,-34.65541,-1.262223,-0.2041821,-1.737495,0.1203963
1234,0.016706,1,100,0,-35.66842,0,0,99.5285,0,0,-0.6490022,0.3183898,0.6909589,-0.4852829,-0.8727081,-0.05367664,0.5859153,-0.3701468,0.7208986,-294.2095,98.72669,81.55744,69.48775,-42.74139,59.68103,101.0802,-0.6137933,-32.7284,-1.095985,-0.2024607,-1.650858,0.1193723
1235,0.016778,1,100,0,-27.27942,0,0,99.5585,0,0,-0.6581846,0.3399258,0.6717468,-0.5018283,-0.863225,-0.05487667,0.5612146,-0.3732205,0.7387458,-293.1007,97.93208,82.56728,66.98183,-43.32042,62.08429,101.0826,-0.5832722,-30.71777,-1.018209,-0.1989819,-1.558717,0.1121477
1236,0.016563,1,100,0,-18.99792,0,0,99.62376,0,0,-0.6651374,0.3612581,0.6535173,-0.518531,-0.8532166,-0.05610085,0.537325,-0.3761837,0.7548299,-292.0488,97.1394,83.60322,64.48224,-43.84468,64.36306,101.1084,-0.5641384,-28.67836,-0.3843319,-0.1931768,-1.467511,0.1388629
1237,0.016654,1,100,0,-10.67092,0,0,99.72473,0,0,-0.6701792,0.3825309,0.6360267,-0.5352089,-0.8427904,-0.05706142,0.5142094,-0.3786486,0.7695546,-291.0323,96.33789,84.68243,61.989,-44.28344,66.55804,101.1614,-0.5441914,-26.56437,0.1616022,-0.1855413,-1.370908,0.1594856
1238,0.016679,1,100,0,-2.331415,0,0,99.86324,0,0,-0.67343,0.4034015,0.6194832,-0.5518396,-0.8319199,-0.05815747,0.4918996,-0.3810204,0.7828528,-290.0561,95.53062,85.79935,59.51109,-44.67091,68.65389,101.2443,-0.523492,-24.38983,0.6116245,-0.1761105,-1.269462,0.1738495
1239,0.016658,1,100,0,5.997585,0,0,100.0399,0,0,-0.6749803,0.4236769,0.6040691,-0.5682868,-0.8206843,-0.05939293,0.4705866,-0.3833736,0.7947158,-289.1221,94.72105,86.94923,57.07259,-45.01147,70.64245,101.3591,-0.5009801,-22.16484,0.8747415,-0.1652102,-1.163005,0.1765068
1240,0.016707,1,100,0,14.35108,0,0,100.2545,0,0,-0.6749828,0.4432551,0.5898501,-0.5844492,-0.8091533,-0.06074736,0.4503526,-0.3857408,0.8052247,-288.2251,93.90719,88.13528,54.68369,-45.30696,72.53113,101.5076,-0.4779934,-19.88473,1.032729,-0.1528145,-1.051634,0.1725209
1241,0.016659,1,100,0,22.68058,0,0,100.5075,0,0,-0.6734232,0.4620858,0.5770425,-0.6003916,-0.7972819,-0.06222239,0.4313135,-0.3883535,0.8143405,-287.3696,93.09399,89.34884,52.36383,-45.57728,74.30711,101.6898,-0.4548672,-17.56813,1.085358,-0.1392071,-0.9362822,0.1620626
1242,0.016692,1,100,0,31.02658,0,15.0228,100.7966,0,0,-0.6702806,0.4802696,0.565743,-0.6161873,-0.7850258,-0.06362323,0.4135665,-0.3912491,0.8221236,-286.5492,92.27851,90.59415,50.17326,-45.86164,75.99748,101.9621,-0.4400376,-14.96482,1.856978,-0.1206508,-0.8081786,0.1943453
1243,0.016831,1,100,0,39.44209,0,30.1707,101.1726,0,0,-0.6653768,0.4979497,0.5561655,-0.6320756,-0.7721903,-0.06483053,0.3971832,-0.3946754,0.8285394,-285.7568,91.45524,91.87808,48.09949,-46.16806,77.62182,102.324,-0.4239355,-12.06247,2.518324,-0.09907872,-0.6617307,0.2184216
1244,0.016537,1,100,0,47.71059,0,45.054,101.6384,0,0,-0.6589528,0.5143896,0.5488029,-0.647689,-0.7590179,-0.06626342,0.382466,-0.399118,0.8333215,-285.0111,90.64357,93.16595,46.1664,-46.53238,79.14166,102.7619,-0.4070053,-8.969129,3.049735,-0.07537796,-0.5022162,0.2337388
1245,0.016676,1,100,0,56.04858,0,60.0624,102.1794,0,0,-0.6513312,0.5293562,0.5436449,-0.6626843,-0.7458305,-0.06772251,0.3696176,-0.4043747,0.8365788,-284.2881,89.82364,94.49,44.36812,-46.92157,80.60719,103.2845,-0.3885989,-5.613278,3.346694,-0.04967686,-0.3249306,0.233451
1246,0.016956,1,100,0,64.52658,0,75.3228,102.8074,0,0,-0.642311,0.5429172,0.5409968,-0.6774019,-0.7323394,-0.06932202,0.3585572,-0.4109986,0.8381628,-283.5809,88.98661,95.86108,42.68131,-47.37438,82.0285,103.8976,-0.3697295,-1.972611,3.532169,-0.02169148,-0.1291595,0.2249003
1247,0.016418,1,100,0,72.73558,0,90.099,103.5277,0,0,-0.6318524,0.5548431,0.5412135,-0.6918776,-0.7185006,-0.07115382,0.349383,-0.4194122,0.8378698,-282.9227,88.17002,97.21139,41.13871,-47.93682,83.3294,104.5663,-0.3516803,1.738941,3.601821,0.006652871,0.07366237,0.2088161
1248,0.016687,1,100,0,81.07908,0,100,104.2976,0,0,-0.6203163,0.5647465,0.5443062,-0.7056398,-0.7048107,-0.07290109,0.3424622,-0.4293058,0.8357131,-282.275,87.33553,98.6056,39.74163,-48.54707,84.57148,105.3022,-0.3339968,5.618038,3.564657,0.0356941,0.288864,0.1850944
1249,0.01675,1,100,0,89.45408,0,100,105.129,0,0,-0.6071426,0.5730669,0.5504292,-0.7194319,-0.6905437,-0.07461464,0.3373362,-0.4412981,0.8315411,-281.6462,86.48969,100.0254,38.44876,-49.25982,85.69511,106.0589,-0.3140909,9.424249,4.292872,0.06744087,0.498591,0.2077455
1250,0.016608,1,100,0,97.75808,0,100,105.9674,0,0,-0.5923793,0.5797794,0.5594128,-0.7332205,-0.6757183,-0.07611027,0.3338783,-0.455259,0.8253877,-281.0415,85.64147,101.4512,37.28597,-50.0878,86.67152,106.8222,-0.2947873,13.12703,4.772213,0.09686933,0.7065538,0.2150078
1251,0.016687,1,100,0,106.1016,0,100,106.7895,0,0,-0.5765791,0.5841834,0.571215,-0.7464926,-0.6608474,-0.07765196,0.332123,-0.4711803,0.8171194,-280.45,84.77802,102.8995,36.26492,-51.03892,87.50215,107.5953,-0.2758528,16.78392,5.128375,0.1245036,0.9150453,0.2140584
1252,0.01667,1,100,0,90.68182,0,100,107.5927,0,0,-0.5596881,0.586418,0.585545,-0.7594385,-0.6457402,-0.07919978,0.3316658,-0.4890126,0.8067614,-279.8732,83.90147,104.3596,35.376,-52.14311,88.16232,108.3649,-0.2579112,19.71138,5.365548,0.1453506,1.085289,0.2089497
1253,0.016717,1,100,0,99.04032,0,100,108.3576,0,0,-0.5418653,0.5864736,0.6020222,-0.7720213,-0.6304517,-0.0807083,0.3322127,-0.508507,0.7943901,-279.3065,83.00582,105.834,34.62106,-53.40977,88.63894,109.1242,-0.2413689,22.64735,5.490296,0.1642612,1.258539,0.1961007
1254,0.016652,1,100,0,107.3663,0,100,109.0747,0,0,-0.5231721,0.5842276,0.6204589,-0.7842642,-0.6149508,-0.08225177,0.3334979,-0.5296355,0.7799139,-278.7517,82.09406,107.3097,33.98446,-54.84632,88.91328,109.8573,-0.2266275,25.56962,5.508584,0.180771,1.433505,0.176063
1255,0.016683,1,100,0,91.93454,0,100,109.727,0,0,-0.5036687,0.57953,0.6406739,-0.7961345,-0.5992911,-0.08378796,0.3353926,-0.552264,0.763228,-278.2033,81.15815,108.7918,33.46283,-56.45483,88.97301,110.5582,-0.2138231,27.82926,5.428133,0.1906022,1.572646,0.1532584
1256,0.0167,1,100,0,100.2845,0,100,110.3078,0,0,-0.4833127,0.5725853,0.6622347,-0.8077802,-0.5832936,-0.08520409,0.3374906,-0.5761204,0.7444363,-277.6602,80.19563,110.2755,33.03566,-58.2405,88.80112,111.2158,-0.1944247,30.13756,5.744411,0.2016338,1.713787,0.1528108
1257,0.016827,1,100,0,84.71956,0,100,110.8095,0,0,-0.4620104,0.5632821,0.6850252,-0.8192751,-0.5668464,-0.08644821,0.3396093,-0.6011641,0.723372,-277.1174,79.19677,111.7663,32.69085,-60.20493,88.38239,111.8247,-0.1771585,31.83508,5.943087,0.2064651,1.821502,0.1484946
1258,0.016513,1,100,0,92.97606,0,100,111.2285,0,0,-0.4404365,0.5519826,0.7080475,-0.8304371,-0.5501729,-0.08766213,0.3411606,-0.6265985,0.700703,-276.5879,78.18517,113.2214,32.38034,-62.31191,87.71542,112.3622,-0.1628922,33.59436,6.025805,0.2092029,1.934551,0.1369312
1259,0.016686,1,100,0,101.3191,0,100,111.5539,0,0,-0.4185204,0.5378199,0.7318405,-0.8410982,-0.5335226,-0.08892328,0.3426287,-0.6527659,0.6756495,-276.0551,77.12894,114.6794,32.13836,-64.56007,86.78546,112.8388,-0.1509715,35.46243,6.004827,0.209813,2.055485,0.1185204
1260,0.016739,1,100,0,85.83549,0,100,111.7907,0,0,-0.3961676,0.5210246,0.7560323,-0.8514955,-0.5165439,-0.09021157,0.3435214,-0.679497,0.648288,-275.5223,76.0324,116.1251,31.90603,-66.94975,85.5799,113.2439,-0.1420526,36.74679,5.868168,0.204659,2.143626,0.09737889
1261,0.016613,1,100,0,94.14198,0,100,111.933,0,0,-0.3737512,0.5019253,0.7799879,-0.8615443,-0.4993721,-0.09148312,0.3435865,-0.706186,0.6190718,-274.9953,74.90526,117.5387,31.66348,-69.43913,84.105,113.5694,-0.1353157,38.14676,5.664514,0.1979225,2.239747,0.07243478
1262,0.016706,1,100,0,102.495,0,100,111.9831,0,0,-0.3511255,0.4800368,0.8039128,-0.8712347,-0.4820354,-0.09269418,0.3430178,-0.732944,0.5874796,-274.4672,73.73097,118.9342,31.42089,-72.01843,82.34329,113.8172,-0.1192027,39.6639,5.849085,0.1929033,2.341165,0.0687381
1263,0.016683,1,100,0,87.0632,0,100,111.9384,0,0,-0.3282773,0.4556667,0.8274068,-0.8806984,-0.4643143,-0.09371549,0.3414738,-0.7594606,0.5537288,-273.942,72.51594,120.2971,31.13664,-74.66381,80.29788,113.9821,-0.106067,40.61749,5.929967,0.1831374,2.41013,0.06355616
1264,0.016658,1,100,0,95.3922,0,100,111.7998,0,0,-0.3057035,0.4288372,0.8500848,-0.8897523,-0.4465071,-0.09472175,0.3389487,-0.7853217,0.5180576,-273.4207,71.25938,121.6224,30.80721,-77.34404,77.97026,114.0638,-0.09446933,41.71872,5.967655,0.1722657,2.488592,0.05598217
1265,0.016686,1,100,0,103.7352,0,100,111.5751,0,0,-0.2834293,0.3992859,0.8719167,-0.8983985,-0.4286147,-0.09575765,0.3354816,-0.8104692,0.4801998,-272.9025,69.95663,122.9098,30.42362,-80.03709,75.35743,114.0626,-0.08505797,42.95836,5.937217,0.1598956,2.576233,0.04496479
1266,0.016679,1,100,0,88.30713,0,100,111.2608,0,0,-0.2615876,0.367138,0.8926263,-0.9066527,-0.41062,-0.09680977,0.3309876,-0.8346263,0.4402797,-272.3898,68.61012,124.1517,29.96827,-82.71433,72.46558,113.9781,-0.07758953,43.65491,5.851079,0.1443092,2.631413,0.03569567
1267,0.016692,1,100,0,96.65313,0,100,110.8598,0,0,-0.2403105,0.3326399,0.9119219,-0.914521,-0.3925357,-0.09781098,0.3254261,-0.8574768,0.3985366,-271.8833,67.21848,125.3449,29.43712,-85.34933,69.29692,113.8118,-0.06649972,44.51649,5.899872,0.1293215,2.695966,0.0338403
1268,0.016684,1,100,0,104.9951,0,100,110.382,0,0,-0.2196693,0.2957304,0.9296715,-0.9220128,-0.3743464,-0.09877932,0.3188071,-0.8788677,0.3548996,-271.3853,65.78414,126.4833,28.81961,-87.9114,65.86532,113.5659,-0.05821086,45.53073,5.86631,0.1132487,2.770542,0.02839226
1269,0.016654,1,100,0,89.59018,0,91.673,109.826,0,0,-0.1998895,0.2565942,0.9456235,-0.9290972,-0.356127,-0.09976128,0.3111639,-0.8985174,0.309587,-270.8982,64.31036,127.5606,28.12199,-90.36938,62.08453,113.1899,-0.04864936,45.86309,5.885064,0.09571332,2.802756,0.03116241
1270,0.016656,1,100,0,97.91818,0,83.345,109.1696,0,0,-0.1811116,0.2156683,0.9595239,-0.935791,-0.3378715,-0.10069,0.3024801,-0.9161499,0.2630129,-270.4224,62.79614,128.5734,27.3408,-92.69009,57.96979,112.6919,-0.04087112,46.23845,5.85842,0.07801092,2.837668,0.03301689
1271,0.016903,1,100,0,106.3697,0,74.8935,108.4349,0,0,-0.1632802,0.1723359,0.9714112,-0.9421005,-0.3195482,-0.1016631,0.2928925,-0.9317666,0.2145336,-269.9533,61.22078,129.5295,26.48038,-94.85954,53.4859,112.0727,-0.03430093,46.66158,5.798376,0.06014637,2.87551,0.03460151
1272,0.016498,1,100,0,91.10903,0,66.6445,107.6174,0,0,-0.1470645,0.1286255,0.980728,-0.9480984,-0.3009343,-0.1027031,0.2819245,-0.9449306,0.1662063,-269.5095,59.64868,130.3879,25.4747,-96.79887,48.83239,111.3714,-0.03105041,46.46074,5.65394,0.04227212,2.87468,0.03725283
1273,0.016681,1,100,0,99.44953,0,58.304,106.7664,0,0,-0.1321907,0.08347737,0.987703,-0.9535946,-0.2826593,-0.1037364,0.2705238,-0.9555812,0.1169685,-269.0778,58.02776,131.1765,24.43011,-98.50645,43.89647,110.5769,-0.02963606,46.35052,5.458694,0.0253276,2.878979,0.03822368
1274,0.01676,1,100,0,107.8295,0,49.924,105.8744,0,0,-0.1186958,0.03726913,0.992231,-0.9587923,-0.2640817,-0.1047766,0.2581251,-0.9637799,0.06707875,-268.6621,56.37164,131.885,23.27544,-99.96768,38.73754,109.7082,-0.02316824,46.32417,5.427863,0.010103,2.887369,0.04823904
1275,0.016608,1,100,0,92.46713,0,41.62,104.9533,0,0,-0.1067843,-0.009034233,0.9942412,-0.9636658,-0.2452953,-0.1057293,0.2448379,-0.9694065,0.01748771,-268.2417,54.67145,132.3363,23.05145,-99.78401,21.01954,108.7926,-0.1792791,39.36131,7.02598,-0.01414433,2.451244,0.1662333
1276,0.016759,1,100,0,100.8466,0,33.2405,102.7427,0,0,-0.09627189,-0.04891761,0.9941522,-0.9682935,-0.2267126,-0.1049232,0.2305194,-0.9727323,-0.02554056,-267.843,52.98561,132.6286,20.68203,-96.90586,17.27068,104.5653,-0.6914076,38.37951,6.984378,-0.05779431,2.39781,0.1799408
1277,0.0167,1,100,0,85.39913,0,24.8905,98.58997,0,0,-0.08899248,-0.08827447,0.9921129,-0.9722097,-0.2088466,-0.1057896,0.2165379,-0.9739562,-0.06723552,-267.4911,51.36533,132.8991,19.30097,-97.73891,13.7452,100.5701,-0.653073,37.93855,6.878886,-0.06475667,2.377793,0.1883732
1278,0.016722,1,100,0,69.93128,0,16.5295,98.44865,0,0,-0.08315545,-0.1273186,0.98837,-0.9757753,-0.1909927,-0.1066989,0.2023562,-0.9732996,-0.1083523,-267.1615,49.73027,133.11,17.93059,-98.30087,10.03422,100.4254,-0.6217567,36.96384,6.580979,-0.07020094,2.323954,0.1898867
1279,0.016992,1,100,0,54.21368,0,8.033503,98.21732,0,0,-0.07871274,-0.16594,0.9829895,-0.979048,-0.1728902,-0.107583,0.1878016,-0.970862,-0.1488546,-266.8503,48.05994,133.26,16.52968,-98.67955,6.116253,100.2412,-0.5914174,35.46456,6.292521,-0.07378718,2.235988,0.1934707
1280,0.016368,1,100,0,46.02968,0,0,97.9981,0,0,-0.07628033,-0.2016886,0.9764749,-0.9820693,-0.1541315,-0.1085528,0.1723994,-0.9672464,-0.186315,-266.5725,46.44566,133.3407,15.05184,-98.88338,2.239412,100.0475,-0.5632492,33.78864,6.037807,-0.07537188,2.135929,0.1987297
1281,0.0167,1,100,0,37.67968,0,0,97.82228,0,0,-0.07485917,-0.2362859,0.9687958,-0.9846831,-0.1358969,-0.1092316,0.1574662,-0.9621338,-0.2224936,-266.3141,44.79583,133.358,13.61342,-98.91627,-1.682784,99.86283,-0.5353196,31.98437,5.811587,-0.07559376,2.026538,0.2044568
1282,0.016837,1,100,0,29.26118,0,0,97.68874,0,0,-0.074981,-0.2691787,0.9601671,-0.9870344,-0.117002,-0.1098801,0.1419189,-0.9559569,-0.2569157,-266.0786,43.13236,133.3095,12.10894,-98.805,-5.586847,99.70089,-0.5083407,30.07964,5.601281,-0.07446095,1.909979,0.2103429
1283,0.016513,1,100,0,21.00468,0,0,97.60715,0,0,-0.07674334,-0.2993768,0.9510437,-0.9890665,-0.09761523,-0.1105396,0.1259294,-0.9491286,-0.2886122,-265.8724,41.50317,133.1983,10.55574,-98.57217,-9.343026,99.57504,-0.4826773,28.14025,5.428075,-0.07227538,1.790385,0.2169096
1284,0.016671,1,100,0,12.66918,0,0,97.58346,0,0,-0.07967892,-0.3276419,0.9414363,-0.9907136,-0.07835519,-0.111119,0.1101737,-0.9415476,-0.318356,-265.6911,39.86259,133.0236,9.01959,-98.217,-13.02963,99.4872,-0.4657494,26.11901,4.869398,-0.06765111,1.665257,0.2035279
1285,0.016961,1,100,0,4.188681,0,0,97.61776,0,0,-0.08407588,-0.3540545,0.931438,-0.9920022,-0.05857307,-0.1118072,0.09414303,-0.9333888,-0.3462982,-265.5344,38.19973,132.7835,7.452857,-97.75468,-16.65817,99.44354,-0.44856,23.9934,4.343741,-0.06217141,1.53251,0.1903467
1286,0.016372,1,100,0,-3.99732,0,0,97.71346,0,0,-0.09001605,-0.3772321,0.9217337,-0.9929161,-0.038077,-0.1125512,0.07755479,-0.9253357,-0.3711323,-265.4094,36.60225,132.4937,5.827448,-97.23602,-20.03851,99.45021,-0.4315777,21.89149,3.88661,-0.05632705,1.400407,0.1788354
1287,0.016682,1,100,0,-12.33832,0,0,97.86485,0,0,-0.096371,-0.3983888,0.9121398,-0.9934348,-0.01825625,-0.1129338,0.0616438,-0.917035,-0.3940139,-265.3109,34.98335,132.1422,4.265522,-96.6404,-23.32679,99.50728,-0.4071709,19.68351,3.933909,-0.05308936,1.260527,0.1900503
1288,0.016868,1,100,0,-20.77232,15.1812,0,98.07664,0,0,-0.1035711,-0.4171746,0.9029055,-0.9935881,0.002015401,-0.113042,0.04533853,-0.9088241,-0.4147085,-265.2405,33.35614,131.732,2.657799,-96.06484,-26.45971,99.67765,-0.3832809,17.14781,4.032865,-0.05035009,1.099343,0.2023536
1289,0.016493,1,100,0,-29.01882,30.0249,0,98.39961,0,0,-0.1118103,-0.4327459,0.8945554,-0.9933169,0.02273101,-0.1131582,0.02863459,-0.9012293,-0.4323954,-265.2003,31.77425,131.2803,1.008561,-95.53662,-29.35054,99.94858,-0.3609374,14.40821,4.182752,-0.04845637,0.924933,0.215396
1290,0.016726,1,100,0,-37.38182,45.0783,0,98.82032,0,0,-0.1203713,-0.4455128,0.8871467,-0.9926537,0.04301428,-0.1130857,0.01222116,-0.8942417,-0.4474176,-265.1896,30.17865,130.7743,-0.6082796,-95.05,-32.09933,100.3257,-0.3393076,11.37411,4.392675,-0.04783119,0.7316279,0.2292328
1291,0.016686,1,100,0,-45.72482,60.0957,0,99.35204,0,0,-0.1297654,-0.4550031,0.8809843,-0.9915335,0.06380057,-0.1130976,-0.004747525,-0.8882016,-0.4594299,-265.2094,28.59481,130.2242,-2.273234,-94.62392,-34.6713,100.8016,-0.323401,8.12509,4.098467,-0.04483164,0.5242186,0.2156759
1292,0.016629,1,100,0,-54.03932,75.0618,0,99.98494,0,0,-0.1398001,-0.4610418,0.8762969,-0.9899332,0.08481867,-0.1133038,-0.02208853,-0.8833153,-0.4682582,-265.2603,27.02337,129.6339,-3.960317,-94.27159,-37.06062,101.3721,-0.3085248,4.674184,3.716426,-0.0423045,0.3037715,0.1950724
1293,0.016712,1,100,0,-62.39532,90.1026,0,100.713,0,0,-0.1499543,-0.4635375,0.8732964,-0.9878896,0.1058469,-0.1134486,-0.03984805,-0.8797325,-0.4737961,-265.3434,25.45,129.0013,-5.673157,-94.00401,-39.28233,102.0394,-0.2935404,0.9990621,3.407071,-0.04156023,0.06923579,0.175238
1294,0.016651,1,100,0,-70.72083,100,0,101.5363,0,0,-0.1600499,-0.4623256,0.8721463,-0.9853851,0.1270239,-0.1134951,-0.05831169,-0.8775648,-0.4758989,-265.4591,23.88709,128.3345,-7.437428,-93.81182,-41.31455,102.7758,-0.2788587,-2.767475,3.174536,-0.04264218,-0.1705977,0.1564851
1295,0.016694,1,100,0,-79.06783,100,0,102.4212,0,0,-0.1697173,-0.4574207,0.8729047,-0.9824469,0.1481183,-0.1133983,-0.07742241,-0.8768281,-0.4745298,-265.609,22.32397,127.6326,-9.240632,-93.67375,-43.14859,103.5469,-0.2647111,-6.476232,3.017448,-0.04534516,-0.4059547,0.1390313
1296,0.016786,1,100,0,-87.46082,100,0,103.3265,0,0,-0.1787875,-0.4488561,0.875536,-0.9790549,0.1692558,-0.113155,-0.09739926,-0.8774286,-0.4697156,-265.7951,20.75535,126.8968,-11.10604,-93.60389,-44.76446,104.3498,-0.2513893,-10.14374,2.933681,-0.04950804,-0.637648,0.1227785
1297,0.016598,1,100,0,-95.75983,100,0,104.239,0,0,-0.1872006,-0.436816,0.8798568,-0.9751635,0.1905719,-0.1128665,-0.1183741,-0.8791328,-0.4616422,-266.0158,19.20658,126.1432,-13.05233,-93.60538,-46.11822,105.1628,-0.2365822,-13.70261,2.548758,-0.05210059,-0.8622587,0.08904615
1298,0.016654,1,100,0,-104.0868,100,0,105.1267,0,0,-0.1946524,-0.4212553,0.8858073,-0.9708122,0.2117499,-0.1126319,-0.1401228,-0.8818766,-0.4501774,-266.2748,17.65372,125.3654,-15.05551,-93.69185,-47.20663,105.9873,-0.219848,-17.21728,1.991364,-0.05391689,-1.083654,0.04428099
1299,0.016754,1,100,0,-88.58937,100,0,105.9856,0,0,-0.2009268,-0.4023521,0.8931636,-0.965961,0.2330264,-0.1123297,-0.1629347,-0.8853313,-0.4354777,-266.5754,16.09174,124.5656,-17.15726,-93.85867,-48.01294,106.8132,-0.2035945,-20.03397,1.523381,-0.05557223,-1.259602,0.004088335
1300,0.016615,1,100,0,-96.89687,100,0,106.8001,0,0,-0.2057715,-0.3808432,0.9014525,-0.9606177,0.2543887,-0.1118035,-0.1867397,-0.8889572,-0.4181907,-266.9156,14.54221,123.76,-19.37148,-94.08652,-48.51416,107.6157,-0.1885464,-22.83579,1.146513,-0.05790406,-1.433228,-0.03345345
1301,0.016713,1,100,0,-105.2534,100,0,107.5445,0,0,-0.2088249,-0.3565173,0.9106523,-0.9548551,0.2755161,-0.1110975,-0.2112912,-0.892741,-0.397957,-267.3012,12.98209,122.9423,-21.67621,-94.37732,-48.70519,108.3934,-0.1745754,-25.66418,0.8476321,-0.06048577,-1.607043,-0.06910326
1302,0.016684,1,100,0,-89.82067,100,0,108.2171,0,0,-0.2100819,-0.3297327,0.9204031,-0.948573,0.2967582,-0.1101986,-0.2368011,-0.8962202,-0.3751191,-267.7327,11.42311,122.1239,-24.10459,-94.699,-48.5784,109.1274,-0.1593433,-27.82435,0.4779493,-0.06089917,-1.737995,-0.1071259
1303,0.016652,1,100,0,-98.14667,100,0,108.8018,0,0,-0.2094116,-0.3009677,0.9303576,-0.9417996,0.3179704,-0.1091246,-0.2629831,-0.8990624,-0.350038,-268.2115,9.865462,121.3101,-26.64114,-95.03355,-48.1285,109.8065,-0.145813,-30.04052,0.194123,-0.06123549,-1.870852,-0.1425607
1304,0.016704,1,100,0,-106.4987,100,0,109.2941,0,0,-0.2066703,-0.2700673,0.9403995,-0.9345114,0.3391608,-0.1079748,-0.2897862,-0.9011292,-0.3224754,-268.742,8.30159,120.5023,-29.28405,-95.361,-47.35274,110.4244,-0.1229944,-32.30727,-0.528559,-0.05812481,-2.007881,-0.2015211
1305,0.0167,1,100,0,-91.05116,100,0,109.6888,0,0,-0.2018561,-0.2373035,0.9502322,-0.9266331,0.3604724,-0.1068215,-0.3171833,-0.9020792,-0.2926568,-269.3252,6.737784,119.7087,-32.03699,-95.64825,-46.25341,110.97,-0.1021888,-33.95506,-1.142397,-0.05381106,-2.104811,-0.2528877
1306,0.016684,1,100,0,-99.39317,100,0,109.9803,0,0,-0.1946234,-0.2032893,0.959581,-0.9182602,0.3816989,-0.1053789,-0.3448486,-0.9016541,-0.26096,-269.9622,5.176385,118.9352,-34.88168,-95.87105,-44.83352,111.4362,-0.08364221,-35.70034,-1.655618,-0.04922115,-2.206125,-0.3006624
1307,0.016796,1,100,0,-107.7912,100,0,110.1712,0,0,-0.1846478,-0.1678638,0.968363,-0.9094179,0.4027761,-0.1035877,-0.3726448,-0.8997739,-0.2270301,-270.659,3.60679,118.1816,-37.80668,-96.01167,-43.0865,111.8214,-0.08127008,-37.56192,-1.511865,-0.046322,-2.30916,-0.317283
1308,0.016569,1,100,0,-92.46484,100,0,110.2592,0,0,-0.1719018,-0.1321611,0.9762087,-0.90008,0.4238297,-0.1011173,-0.4003825,-0.8960482,-0.1918126,-271.4048,2.06393,117.4677,-40.79725,-96.01654,-41.06263,112.1148,-0.08021589,-38.81661,-1.332437,-0.04102112,-2.373173,-0.3286727
1309,0.016678,1,100,0,-100.8038,100,0,110.2463,0,0,-0.1566253,-0.09578756,0.9830021,-0.8903149,0.4445554,-0.09853788,-0.4275602,-0.890615,-0.1549097,-272.2107,0.5169908,116.7843,-43.80399,-95.9045,-38.72714,112.3221,-0.08008157,-40.20584,-1.130347,-0.03388714,-2.443835,-0.339808
1310,0.016817,1,100,0,-85.24812,100,0,110.142,0,0,-0.1388578,-0.05885067,0.9885622,-0.8798903,0.4654019,-0.09588716,-0.4544357,-0.883141,-0.1164068,-273.081,-1.033231,116.1357,-46.85558,-95.63089,-36.09127,112.4424,-0.06724822,-41.03464,-1.401125,-0.02302079,-2.482443,-0.370598
1311,0.016551,1,100,0,-93.52361,100,0,109.9497,0,0,-0.1190971,-0.02269268,0.9926233,-0.8687501,0.4864185,-0.09311435,-0.4807173,-0.8734312,-0.07764529,-273.9966,-2.545003,115.5416,-49.91826,-95.15223,-33.24426,112.4765,-0.05694326,-42.0073,-1.598905,-0.01134054,-2.527897,-0.3985245
1312,0.016674,1,100,0,-101.8606,100,0,109.6868,0,0,-0.09692297,0.01353055,0.9951999,-0.8571437,0.5070874,-0.09037188,-0.5058761,-0.8617885,-0.03755079,-274.9721,-4.053763,114.9921,-52.93485,-94.50019,-30.13568,112.4302,-0.04830362,-43.134,-1.743811,0.001812261,-2.581057,-0.4243538
1313,0.016786,1,100,0,-86.33356,100,0,109.3493,0,0,-0.07213327,0.04938474,0.9961717,-0.844765,0.5279616,-0.08734328,-0.5302538,-0.8478313,0.003634904,-276.0105,-5.552708,114.4922,-55.94183,-93.62352,-26.78852,112.3053,-0.05232426,-43.73827,-1.458771,0.01586694,-2.598238,-0.4234692
1314,0.016612,1,100,0,-94.63956,100,0,108.9429,0,0,-0.04512201,0.0836215,0.9954756,-0.8315403,0.5491045,-0.08381693,-0.553629,-0.83156,0.04475794,-277.0952,-7.010703,114.0537,-58.9099,-92.49898,-23.28514,112.1099,-0.05610064,-44.50919,-1.188647,0.03132942,-2.623797,-0.4234878
1315,0.01664,1,100,0,-102.9596,91.68,0,108.4905,0,0,-0.01614505,0.116923,0.9930098,-0.8175896,0.570157,-0.08042669,-0.5755752,-0.813173,0.08638982,-278.2333,-8.443992,113.6743,-61.77275,-91.11496,-19.5136,111.7971,-0.05686598,-45.28783,-1.029402,0.04838275,-2.649339,-0.4278126
1316,0.016687,1,100,0,-87.52408,83.3365,0,107.9613,0,0,0.01480632,0.1488698,0.988746,-0.8027433,0.5913312,-0.07701237,-0.5961413,-0.7925689,0.1282597,-279.4247,-9.848969,113.3582,-64.52503,-89.44756,-15.50455,111.3766,-0.06385516,-45.4165,-0.6672398,0.06571788,-2.633991,-0.4144226
1317,0.016684,1,100,0,-95.86608,74.9945,0,107.3708,0,0,0.04746206,0.1787304,0.9827527,-0.786932,0.6126566,-0.07341722,-0.6152118,-0.769875,0.1697267,-280.6629,-11.21673,113.1104,-67.14105,-87.49235,-11.30811,110.8634,-0.07096829,-45.61007,-0.3029729,0.08367465,-2.621281,-0.3994261
1318,0.016708,1,100,0,-104.2201,66.6405,0,106.7449,0,0,0.08159044,0.2065909,0.9750196,-0.7701339,0.634041,-0.06989759,-0.6326426,-0.7451926,0.2108343,-281.9455,-12.54596,112.9336,-69.59115,-85.25645,-6.959577,110.2725,-0.07772589,-45.86481,0.04653218,0.102173,-2.611155,-0.3835206
1319,0.016735,1,100,0,-88.7402,58.273,0,106.0915,0,0,0.117015,0.232163,0.9656128,-0.7522881,0.6554767,-0.06643282,-0.6483599,-0.7186453,0.2513541,-283.2688,-13.83245,112.8304,-71.85553,-82.74481,-2.49757,109.6182,-0.08366792,-45.50696,0.3658616,0.1191073,-2.565659,-0.3618227
1320,0.016614,1,100,0,-97.0472,49.966,0,105.4246,0,0,0.1531918,0.2547408,0.9547982,-0.7334011,0.6768781,-0.06292161,-0.6623107,-0.6906109,0.2905194,-284.6176,-15.06046,112.8027,-73.91261,-79.98328,1.996946,108.9238,-0.09200295,-45.26411,0.7722145,0.1355939,-2.525554,-0.3340729
1321,0.016969,1,100,0,-105.5317,41.4815,0,104.7706,0,0,0.1905573,0.2753793,0.9422601,-0.7136415,0.6979658,-0.05966055,-0.6740946,-0.6610672,0.3295246,-286.0212,-16.26586,112.8523,-75.7097,-76.9916,6.621385,108.1828,-0.09984991,-45.12217,1.15883,0.1519091,-2.491168,-0.3057352
1322,0.016385,1,100,0,-90.37557,33.289,0,104.114,0,0,0.2278278,0.2918918,0.9289207,-0.6925803,0.719155,-0.05611499,-0.6844175,-0.6305677,0.366002,-287.4068,-17.36965,112.9752,-77.3194,-73.79465,11.06781,107.4544,-0.1058383,-44.43541,1.491214,0.1643439,-2.426771,-0.2740823
1323,0.016821,1,100,0,-98.78607,24.8785,0,103.5021,0,0,0.2653518,0.3067171,0.914064,-0.6714604,0.7391359,-0.05309512,-0.6919027,-0.599669,0.4020794,-288.8398,-18.45567,113.178,-78.56192,-70.49688,15.60643,106.7021,-0.1103685,-43.87522,1.770389,0.1760108,-2.371274,-0.2444568
1324,0.016757,1,100,0,-83.28584,16.5,0,102.907,0,0,0.3029045,0.3182283,0.8983204,-0.6492042,0.7589717,-0.04995927,-0.6976982,-0.5680605,0.4364911,-290.2835,-19.47644,113.4559,-79.53744,-67.00069,20.0309,105.9081,-0.1135036,-42.7811,2.001062,0.1833459,-2.287715,-0.2119904
1325,0.016443,1,100,0,-68.07607,8.278502,0,102.2969,0,0,0.3393062,0.326264,0.882283,-0.6265858,0.7779515,-0.04671191,-0.7016138,-0.5369763,0.4683962,-291.708,-20.42043,113.8011,-80.25631,-63.49771,24.28633,105.1801,-0.1255592,-41.24785,2.602499,0.1867181,-2.179657,-0.1537181
1326,0.01671,1,100,0,-59.72107,0,0,101.7813,0,0,0.3748187,0.3318301,0.8656788,-0.6040256,0.7957766,-0.04350637,-0.7033237,-0.5065852,0.4987058,-293.1534,-21.32904,114.2238,-80.65821,-60.01991,28.50665,104.5025,-0.1351594,-39.44122,3.130663,0.1864122,-2.060435,-0.09712115
1327,0.016652,1,100,0,-51.39507,0,0,101.3505,0,0,0.4089037,0.3344236,0.8490928,-0.5810735,0.8128518,-0.040318,-0.70367,-0.4768992,0.5267029,-294.5929,-22.17795,114.7147,-80.87933,-56.58247,32.5029,103.9206,-0.1417544,-37.55835,3.565161,0.1831075,-1.940414,-0.0455353
1328,0.016683,1,100,0,-43.05357,0,0,101.0159,0,0,0.4412605,0.3347528,0.8326042,-0.5583197,0.828786,-0.03732143,-0.7025441,-0.4483908,0.5526096,-296.0281,-22.9775,115.2729,-80.89576,-53.25239,36.30004,103.4294,-0.145476,-35.5949,3.898587,0.1772197,-1.819852,4.026294e-05
1329,0.016714,1,100,0,-34.69657,0,0,100.7705,0,0,0.4718033,0.3330398,0.816386,-0.5358043,0.8436369,-0.03450628,-0.7002253,-0.4211429,0.5764748,-297.4567,-23.72944,115.8951,-80.7384,-50.03988,39.89843,103.027,-0.145505,-33.55599,4.075497,0.1690092,-1.699256,0.03573659
1330,0.016704,1,100,0,-26.34457,0,0,100.6095,0,0,0.5003725,0.3295659,0.8006333,-0.5136824,0.8573875,-0.03189124,-0.6969633,-0.3953138,0.5983053,-298.8728,-24.43432,116.5765,-80.43399,-46.96611,43.29201,102.7114,-0.1430165,-31.45398,4.13492,0.1589536,-1.578886,0.0633976
1331,0.016677,1,100,0,-18.00607,0,0,100.5277,0,0,0.5269602,0.3244684,0.7855146,-0.4920206,0.8700892,-0.02933267,-0.6929854,-0.3710322,0.6181475,-300.273,-25.09463,117.3128,-80.00507,-44.0505,46.48268,102.4788,-0.1469991,-29.30588,4.579031,0.147984,-1.456469,0.1135311
1332,0.016818,1,100,0,-9.597065,0,0,100.5197,0,0,0.5517695,0.3179097,0.7710278,-0.4707784,0.8818474,-0.0267003,-0.6884172,-0.3482508,0.6362416,-301.6693,-25.72056,118.1086,-79.46018,-41.29253,49.5072,102.3228,-0.1484608,-27.08264,4.912842,0.1356265,-1.333445,0.155929
1333,0.01656,1,100,0,-1.317065,0,14.904,100.5804,0,0,0.5742493,0.3101158,0.7576714,-0.4500836,0.8926573,-0.02424119,-0.6838585,-0.327095,0.6521858,-303.0298,-26.29752,118.9413,-78.9462,-38.7366,52.27784,102.3035,-0.1475348,-24.59923,5.128506,0.1213114,-1.200453,0.1908202
1334,0.016677,1,100,0,7.021435,0,29.9133,100.7534,0,0,0.594549,0.3015906,0.7453555,-0.4302889,0.9024253,-0.02191591,-0.6792372,-0.3076881,0.6663071,-304.3842,-26.84648,119.8256,-78.42173,-36.39373,54.88837,102.4071,-0.1470882,-21.82206,5.419792,0.1055169,-1.054902,0.2301514
1335,0.016777,1,100,0,15.40993,0,45.0126,101.0374,0,0,0.6127039,0.2920928,0.7343539,-0.4109744,0.9114354,-0.01963373,-0.675051,-0.289771,0.6784827,-305.7328,-27.36695,120.7585,-77.9268,-34.21516,57.3507,102.6273,-0.1447111,-18.76789,5.601242,0.08835209,-0.8984302,0.2622002
1336,0.016584,1,100,0,23.70193,0,59.9382,101.4306,0,0,0.6283656,0.2818674,0.7250569,-0.3923037,0.9196687,-0.01753585,-0.671755,-0.2734236,0.6884657,-307.0538,-27.85167,121.7207,-77.49764,-32.20179,59.63552,102.9526,-0.1407711,-15.51779,5.673019,0.07058707,-0.7349761,0.2864279
1337,0.016679,1,100,0,32.04144,0,74.9493,101.9212,0,0,0.641677,0.2710816,0.7174716,-0.3743695,0.9271504,-0.01548372,-0.6694014,-0.2586639,0.6964157,-308.3708,-28.31406,122.7262,-77.11958,-30.35988,61.79605,103.3823,-0.1385586,-12.03191,6.016219,0.05265703,-0.5607995,0.3269342
1338,0.016766,1,100,0,40.42443,0,90.0387,102.5127,0,0,0.6526662,0.2595163,0.7118134,-0.3568171,0.9340786,-0.01338296,-0.6683627,-0.2452526,0.7022414,-309.6852,-28.75441,123.7727,-76.82312,-28.65479,63.83616,103.9132,-0.1347931,-8.318321,6.255531,0.03451549,-0.3778931,0.3602113
1339,0.016597,1,100,0,48.72293,0,100,103.2018,0,0,0.6610925,0.2475732,0.7082827,-0.3398668,0.9404035,-0.01148595,-0.6689152,-0.2331285,0.7058356,-310.9789,-29.16742,124.8418,-76.61703,-27.07412,65.72543,104.5132,-0.1299126,-4.539462,6.39055,0.01720057,-0.1940218,0.3856118
1340,0.01668,1,100,0,57.06293,0,100,103.9534,0,0,0.6670533,0.2354061,0.7068407,-0.3236098,0.9461408,-0.00970836,-0.6710563,-0.2222646,0.7073061,-312.2729,-29.56271,125.9472,-76.46465,-25.61323,67.48236,105.1511,-0.124309,-0.8122948,6.429614,0.001365888,-0.0145531,0.4033414
1341,0.016679,1,100,0,65.40244,0,100,104.7357,0,0,0.6706296,0.2230302,0.7074699,-0.3078529,0.9513996,-0.008107096,-0.6748946,-0.2123598,0.7066972,-313.5623,-29.93854,127.0811,-76.40133,-24.24925,69.08566,105.8207,-0.1184226,2.848505,6.37834,-0.01286974,0.1600797,0.413894
1342,0.016683,1,100,0,73.74393,0,100,105.5351,0,0,0.6718664,0.2105566,0.7101139,-0.2926254,0.9562041,-0.0066607,-0.6804162,-0.2033223,0.7040557,-314.8495,-30.29663,128.2413,-76.4446,-22.98327,70.52608,106.5173,-0.1126145,6.449663,6.242744,-0.02549338,0.3304501,0.4178223
1343,0.016757,1,100,0,82.12244,0,100,106.3414,0,0,0.6707987,0.197967,0.7147294,-0.27784,0.9606126,-0.005309522,-0.6876292,-0.1950188,0.6993808,-316.1419,-30.63968,129.4299,-76.61038,-21.80757,71.79958,107.2376,-0.1066567,10.01067,6.15396,-0.03643016,0.4981115,0.4236359
1344,0.016669,1,100,0,90.45694,0,100,107.1477,0,0,0.6675102,0.1852018,0.7212007,-0.2633414,0.9646944,-0.003993437,-0.6964778,-0.1872564,0.6927146,-317.4295,-30.9651,130.6324,-76.91544,-20.70914,72.88389,107.9672,-0.09894633,13.49656,6.365546,-0.04528816,0.662301,0.4474235
1345,0.016678,1,100,0,98.79594,0,100,107.9355,0,0,0.6619736,0.1722636,0.729463,-0.2491442,0.9684628,-0.002610147,-0.7069075,-0.1800136,0.6840153,-318.7224,-31.27632,131.8528,-77.36485,-19.68964,73.7778,108.7022,-0.09155587,16.93796,6.470513,-0.05256391,0.8232464,0.4635693
1346,0.016903,1,100,0,107.2474,0,100,108.6993,0,0,0.6539809,0.1593043,0.739548,-0.2352899,0.9719244,-0.001293518,-0.7189909,-0.1731623,0.6731026,-320.0399,-31.57798,133.1037,-77.97196,-18.73428,74.48003,109.4435,-0.08451642,20.38497,6.494354,-0.05838974,0.9835396,0.4738801
1347,0.016422,1,100,0,92.05708,0,100,109.4379,0,0,0.64403,0.1467997,0.7507831,-0.2218059,0.9750909,-0.0003907606,-0.7321391,-0.1662764,0.6605488,-321.3299,-31.85736,134.3293,-78.72897,-17.81291,74.95154,110.1512,-0.07844793,23.04103,6.442907,-0.06092533,1.1057,0.4763138
1348,0.016696,1,100,0,100.4051,0,100,110.1116,0,0,0.6318898,0.1344491,0.7633078,-0.208831,0.9779516,0.0006203055,-0.7463946,-0.1597943,0.6460348,-322.6538,-32.12976,135.5821,-79.64001,-16.96749,75.21449,110.8497,-0.07314928,25.76226,6.322734,-0.06256144,1.230468,0.474078
1349,0.016864,1,100,0,84.80589,0,100,110.7454,0,0,0.6176564,0.1222719,0.7768849,-0.1959645,0.9806098,0.001464464,-0.7616419,-0.1531464,0.6296408,-324.0069,-32.39225,136.8507,-80.7123,-16.13765,75.25296,111.5254,-0.0690412,27.84745,6.122604,-0.06181843,1.324796,0.4643506
1350,0.016524,1,100,0,93.06789,0,100,111.3276,0,0,0.6019798,0.1107075,0.7907997,-0.1833542,0.983045,0.001953833,-0.7771754,-0.1461726,0.6120719,-325.3505,-32.63705,138.0931,-81.90801,-15.31291,75.06323,112.1512,-0.06606027,29.95453,5.873083,-0.06057406,1.419872,0.4508577
1351,0.016681,1,100,0,101.4084,0,100,111.8393,0,0,0.5843619,0.09929632,0.8053953,-0.1710303,0.9852625,0.002620623,-0.7932655,-0.1392784,0.5927325,-326.7269,-32.87251,139.343,-83.23221,-14.52255,74.64617,112.7411,-0.05815155,32.1418,5.945277,-0.05824377,1.51942,0.4575637
1352,0.016689,1,100,0,85.97106,0,100,112.2931,0,0,0.5650007,0.0880445,0.8203794,-0.158673,0.9873257,0.003317691,-0.8096896,-0.1320466,0.57181,-328.1265,-33.09568,140.5852,-84.66987,-13.72318,73.99971,113.284,-0.05139669,33.71982,5.952485,-0.05424736,1.590124,0.4579747
1353,0.016672,1,100,0,94.30706,0,100,112.6822,0,0,0.5440748,0.0773222,0.8354664,-0.1465169,0.9892007,0.003864877,-0.8261451,-0.1245127,0.5495281,-329.5488,-33.30605,141.8141,-86.20213,-12.91635,73.1246,113.7754,-0.04588396,35.40228,5.899278,-0.05013921,1.665537,0.4541487
1354,0.016684,1,100,0,102.6491,0,100,113.0078,0,0,0.5214612,0.06710909,0.8506318,-0.134551,0.9908972,0.004308447,-0.8425995,-0.1167,0.5257441,-330.9979,-33.5036,143.0281,-87.81324,-12.09695,72.02251,114.2136,-0.04159623,37.18259,5.789775,-0.04588092,1.745385,0.4462727
1355,0.016699,1,100,0,87.20249,0,100,113.2685,0,0,0.4972117,0.05745395,0.865725,-0.122743,0.9924279,0.004632361,-0.8589035,-0.1085649,0.5004988,-332.4753,-33.68783,144.2235,-89.48706,-11.2575,70.69394,114.5962,-0.0384284,38.38469,5.633445,-0.0408051,1.798227,0.4335529
1356,0.016673,1,100,0,95.53899,0,100,113.4651,0,0,0.4715993,0.0484437,0.8804814,-0.1110808,0.9937998,0.004818153,-0.8747889,-0.1000768,0.4740564,-333.9785,-33.8577,145.3937,-91.20259,-10.39267,69.145,114.9215,-0.03631926,39.71941,5.437227,-0.0359049,1.857264,0.4178878
1357,0.016697,1,100,0,103.8875,0,100,113.6017,0,0,0.4444638,0.03996246,0.8949051,-0.09952786,0.9950224,0.004998278,-0.8902509,-0.09128954,0.4462289,-335.5125,-34.01316,146.5384,-92.94518,-9.502275,67.37734,115.1903,-0.03032399,41.17667,5.438954,-0.03074254,1.922426,0.4144212
1358,0.016693,1,100,0,88.44647,0,100,113.6777,0,0,0.4159157,0.03199984,0.9088401,-0.08802494,0.9961047,0.005210774,-0.9051331,-0.08216783,0.4171124,-337.075,-34.15326,147.6523,-94.69514,-8.580298,65.39745,115.402,-0.0255675,42.07844,5.391888,-0.02526718,1.961774,0.4062882
1359,0.016664,1,100,0,96.77847,0,100,113.6948,0,0,0.3862121,0.024795,0.9220766,-0.07667197,0.9970422,0.00530323,-0.9192178,-0.0727456,0.3869708,-338.6639,-34.27717,148.73,-96.43273,-7.627634,63.21434,115.5574,-0.0219997,43.13541,5.301633,-0.02022653,2.008403,0.3950352
1360,0.016897,1,100,0,105.227,0,100,113.6597,0,0,0.3548194,0.01769761,0.9347674,-0.06726369,0.9977132,0.006642645,-0.9325123,-0.06523285,0.3551984,-340.3039,-34.39032,149.7847,-98.14906,-6.879314,60.79956,115.6596,-0.01940071,44.3556,5.173131,-0.0150817,2.063109,0.3825989
1361,0.016498,1,100,0,89.96632,0,100,113.5699,0,0,0.3229645,0.01125673,0.9463442,-0.05868043,0.9982437,0.00815215,-0.9445903,-0.05816474,0.3230578,-341.9277,-34.56487,150.6295,-95.80393,-5.726984,20.05381,115.7156,-2.187764,58.68753,9.650967,-0.1518849,2.731093,0.6787177
1362,0.016715,1,100,0,98.32382,0,100,97.30711,0,0,0.2801448,-0.0007820688,0.9599575,-0.05218981,0.9985085,0.01604405,-0.9585383,-0.05459466,0.2796861,-343.5275,-34.71847,150.8119,-92.43953,-4.666799,14.36806,98.78065,-2.604002,60.11159,10.1499,-0.1661033,2.795948,0.7083891
1363,0.016797,1,100,0,106.7223,0,100,92.88016,0,0,0.2353824,-0.0127374,0.9718193,-0.04794626,0.9985445,0.02470065,-0.9707194,-0.0524092,0.2344291,-345.081,-34.83306,150.893,-85.96435,-3.447583,11.35031,94.50056,-1.404687,59.58405,9.90188,-0.07665797,2.770514,0.689723
1364,0.016637,1,100,0,91.3331,0,100,86.28879,0,0,0.1911863,-0.0264574,0.9811972,-0.04634402,0.9982786,0.03594812,-0.9804593,-0.05234541,0.1896311,-346.5155,-34.88727,151.091,-86.75779,-2.883708,12.99113,87.77243,-0.1502141,58.6252,9.47508,0.01771487,2.726466,0.661402
1365,0.016676,1,100,0,99.6711,0,100,87.67695,0,0,0.1470774,-0.03959708,0.9883322,-0.04380934,0.9979572,0.04650213,-0.9881545,-0.05013759,0.1450422,-347.9677,-34.93224,151.3051,-84.41727,-2.222499,11.91879,88.86777,1.4382,57.95358,8.803393,0.1326279,2.696102,0.6154439
1366,0.016683,1,100,0,108.0126,0,100,85.25747,0,0,0.1030177,-0.05175124,0.9933323,-0.0401191,0.9976167,0.05613518,-0.99387,-0.04563451,0.1006959,-349.382,-34.96606,151.4917,-82.29554,-1.582014,11.65347,86.42012,2.511122,57.04226,8.213671,0.2129478,2.654648,0.5722922
1367,0.016696,1,100,0,92.56879,0,100,83.03671,0,0,0.05943627,-0.06287721,0.9962498,-0.03573754,0.9972403,0.06507183,-0.997592,-0.03947114,0.05702517,-350.7626,-34.98908,151.6804,-80.34344,-0.9578614,11.41627,84.26549,3.132895,55.54428,7.623091,0.2622866,2.585787,0.5271925
1368,0.016674,1,100,0,100.9058,0,100,80.8388,0,0,0.016791,-0.07287347,0.9971998,-0.03108685,0.9968202,0.07336918,-0.9993756,-0.03223174,0.0144722,-352.1089,-35.00158,151.8673,-81.5325,-0.3285654,10.76977,82.24138,3.03413,55.03788,6.951417,0.2651014,2.562176,0.4767914
1369,0.016682,1,100,0,85.47495,0,100,81.64804,0,0,-0.02547893,-0.08168109,0.9963329,-0.02682931,0.9963533,0.08099667,-0.9993154,-0.02466721,-0.02757746,-353.4754,-35.00356,152.0411,-82.66473,0.3057081,9.708942,83.2335,2.69259,54.14397,6.235355,0.2505116,2.520319,0.4231955
1370,0.0167,1,100,0,93.82494,0,100,82.33286,0,0,-0.06720027,-0.08923828,0.9937408,-0.02269581,0.9958712,0.08789483,-0.9974815,-0.0166472,-0.06894816,-354.858,-34.99406,151.214,-74.69519,1.35114,5.720482,84.20756,4.417535,41.1377,6.580173,0.3474912,1.919489,0.433805
1371,0.016899,1,100,0,102.2744,0,91.5505,74.09016,0,0,-0.09951833,-0.0965547,0.9903401,-0.01734443,0.9952981,0.09529517,-0.9948848,-0.007693269,-0.1007251,-356.1268,-34.96645,151.3032,-75.83689,2.204752,4.396099,75.99619,4.636091,41.64616,5.709768,0.3676015,1.943737,0.3716014
1372,0.016563,1,100,0,86.95367,0,83.269,74.98922,0,0,-0.1313951,-0.1023996,0.9860272,-0.01201732,0.9947423,0.1017033,-0.9912574,0.001513912,-0.1319348,-357.3882,-34.92531,151.2999,-73.95225,3.061578,-5.52492,76.95817,5.154121,36.98793,3.873699,0.3965332,1.72856,0.2473184
1373,0.016706,1,100,0,95.30666,0,74.916,74.03928,0,0,-0.1600429,-0.105951,0.9814075,-0.006172954,0.9943111,0.1063374,-0.9870909,0.01096037,-0.1597865,-358.6296,-34.87033,151.1618,-72.26743,3.732311,-7.534077,75.38831,5.113039,35.95778,2.784172,0.3942457,1.681031,0.1715855
1374,0.016927,1,100,0,103.7702,0,66.4525,72.57927,0,0,-0.1882208,-0.1080046,0.9761701,-0.0002826564,0.9939408,0.1099163,-0.9821267,0.02041262,-0.1871109,-359.859,-34.8035,151.0291,-70.62209,4.327066,-7.871404,73.91579,4.785633,35.87671,1.862943,0.3744272,1.677156,0.1066266
1375,0.016482,1,100,0,88.52431,0,58.2115,70.92099,0,0,-0.2153195,-0.1087052,0.9704744,0.005196422,0.9936433,0.1124533,-0.9765297,0.02925639,-0.2133859,-361.0284,-34.72892,150.8955,-71.59586,4.924549,-8.578776,72.27595,3.957626,35.98655,1.012675,0.3221281,1.681255,0.04649287
1376,0.016677,1,100,0,96.86282,0,49.873,71.89014,0,0,-0.2426688,-0.108183,0.9640583,0.01004084,0.9934294,0.1140063,-0.9700574,0.03734574,-0.2399881,-362.2272,-34.64361,150.7471,-72.45852,5.499236,-9.551535,73.29195,3.111932,36.22884,0.1649277,0.2681718,1.69156,-0.01314229
1377,0.016841,1,100,0,105.2833,0,41.4525,72.78654,0,0,-0.2702787,-0.1064417,0.9568802,0.01426947,0.9933178,0.1145255,-0.9626764,0.04460798,-0.2669538,-363.4517,-34.54798,150.5794,-73.19889,6.037585,-10.7703,74.23294,2.281305,36.59378,-0.6709554,0.2146095,1.707662,-0.07166428
1378,0.016467,1,100,0,90.05135,0,33.219,73.61134,0,0,-0.2971681,-0.103585,0.9491898,0.01806232,0.9933103,0.1140547,-0.9546543,0.051038,-0.2933092,-364.6607,-34.44491,150.3945,-73.83891,6.704132,-12.14851,75.13133,2.200177,36.40363,-1.540328,0.2071644,1.699419,-0.1313193
1379,0.016697,1,100,0,74.60662,0,24.8705,74.39607,0,0,-0.3239074,-0.0995444,0.9408373,0.02205577,0.9933844,0.1126974,-0.9458315,0.0572544,-0.319569,-365.8961,-34.32935,150.183,-74.29136,7.354986,-13.70985,75.90298,1.979161,35.69431,-2.390112,0.1891245,1.666802,-0.189016
1380,0.016668,1,100,0,59.18872,0,16.5365,75.06945,0,0,-0.3496846,-0.09444869,0.9320945,0.02608119,0.9935383,0.1104594,-0.9365044,0.06293608,-0.3449617,-367.1364,-34.20336,149.945,-74.62572,7.965746,-15.43079,76.61958,1.677048,34.51315,-3.200469,0.1645635,1.612114,-0.243176
1381,0.016677,1,100,0,43.7625,0,8.198003,75.71167,0,0,-0.374221,-0.08839583,0.923117,0.03009061,0.9937649,0.1073593,-0.9268515,0.06795326,-0.3692278,-368.3822,-34.06741,149.6773,-74.84771,8.523683,-17.28683,77.28951,1.342858,32.89602,-3.967855,0.1369224,1.537118,-0.2934283
1382,0.016693,1,100,0,35.416,0,0,76.3347,0,0,-0.3972778,-0.08149521,0.9140728,0.03407231,0.9940526,0.1034345,-0.9170659,0.07223682,-0.3921383,-369.6324,-33.92236,149.3779,-74.96625,9.017726,-19.24857,77.92153,1.014539,31.07726,-4.687462,0.10925,1.452781,-0.3396645
1383,0.016668,1,100,0,27.082,0,0,76.9485,0,0,-0.4187074,-0.07387011,0.9051118,0.03803415,0.9943851,0.09875081,-0.9073244,0.07577285,-0.4135468,-370.8822,-33.76973,149.046,-75.00983,9.4343,-21.24325,78.52869,0.7118392,29.18273,-5.352932,0.08319651,1.364984,-0.381664
1384,0.016687,1,100,0,18.7385,0,0,77.5582,0,0,-0.4385422,-0.06560213,0.896313,0.04201797,0.994745,0.09336476,-0.8977278,0.07860565,-0.4334812,-372.1339,-33.6104,148.6803,-74.99103,9.772802,-23.25535,79.12,0.4527191,27.21403,-5.962048,0.06005962,1.273816,-0.4193685
1385,0.016836,1,100,0,10.3205,0,0,78.17049,0,0,-0.4568971,-0.05671899,0.8877095,0.04609366,0.9951147,0.08730555,-0.8883247,0.08080743,-0.4520507,-373.3961,-33.44438,148.2774,-74.9213,10.03477,-25.28224,79.70628,0.2413545,25.15974,-6.515485,0.04021106,1.178741,-0.4529002
1386,0.016531,1,100,0,2.054996,0,0,78.79418,0,0,-0.4732851,-0.04752992,0.8796262,0.05032187,0.9954541,0.0808644,-0.879471,0.08253635,-0.4687418,-374.6342,-33.27671,147.8487,-74.84675,10.35492,-27.24089,80.32014,0.4818022,23.08569,-7.084797,0.04981964,1.083282,-0.487029
1387,0.016675,1,100,0,-6.282503,0,0,79.44915,0,0,-0.4881761,-0.03781661,0.8719255,0.05509156,0.9957332,0.07403114,-0.8710048,0.08417597,-0.4840098,-375.8818,-33.10251,147.3836,-74.74237,10.62693,-29.18493,80.93895,0.6755908,20.93846,-7.593217,0.05689865,0.9843326,-0.516993
1388,0.016967,1,100,0,-14.766,0,0,80.12129,0,0,-0.5016333,-0.0275646,0.8646411,0.06039231,0.9959379,0.06678773,-0.8629699,0.08572063,-0.497931,-377.1493,-32.92092,146.8775,-74.61763,10.84983,-31.1183,81.57118,0.8361018,18.69993,-8.040921,0.06238772,0.8810692,-0.5427794
1389,0.016412,1,100,0,-22.972,0,0,80.81759,0,0,-0.5130118,-0.01737826,0.8582057,0.06588838,0.9960482,0.05955576,-0.8558491,0.08709858,-0.5098394,-378.3733,-32.74194,146.3569,-74.49116,11.01344,-32.93318,82.18773,0.9653823,16.49825,-8.403887,0.06673693,0.7794043,-0.5630326
1390,0.016682,1,100,0,-31.313,0,0,81.50308,0,0,-0.522943,-0.006842781,0.8523402,0.07178659,0.9960616,0.05204041,-0.8493394,0.08840076,-0.5203922,-379.6153,-32.55754,145.7976,-74.36671,11.13073,-34.71407,82.8213,1.078566,14.21649,-8.703934,0.07076966,0.6739378,-0.5790092
1391,0.016695,1,100,0,-39.6605,0,0,82.21147,0,0,-0.5312313,0.00379787,0.8472185,0.07794945,0.9959677,0.04441196,-0.8436336,0.08963323,-0.5293853,-380.8562,-32.3713,145.2086,-74.25692,11.20139,-36.4225,83.46352,1.175932,11.89586,-8.933048,0.07463294,0.5665591,-0.590268
1392,0.016662,1,100,0,-47.9915,14.9958,0,82.93119,0,0,-0.5378168,0.01442062,0.8429385,0.08430292,0.9957623,0.0367524,-0.8388364,0.09082823,-0.5367534,-382.0933,-32.18446,144.5927,-74.21913,11.23383,-38.04861,84.15685,1.259173,9.339477,-9.090931,0.07853564,0.4481077,-0.5964859
1393,0.016678,1,100,0,-56.33051,30.006,0,83.70078,0,0,-0.5425975,0.02495102,0.8396224,0.09080712,0.9954435,0.02910164,-0.8350705,0.09203417,-0.5423909,-383.3313,-31.99709,143.9495,-74.25727,11.23414,-39.59882,84.90238,1.33001,6.555526,-9.179087,0.08271845,0.3189432,-0.5977666
1394,0.016683,1,100,0,-64.672,45.0207,0,84.52202,0,0,-0.5454466,0.03530598,0.8374017,0.09750702,0.9950013,0.02156119,-0.8324546,0.09341303,-0.5461627,-384.5709,-31.8093,143.2807,-74.39674,11.29905,-41.06816,85.72711,1.695964,3.5583,-9.276513,0.106997,0.1796593,-0.5991957
1395,0.016666,1,100,0,-73.005,60.0201,0,85.41728,0,0,-0.5462421,0.04542501,0.8363948,0.1045306,0.9944195,0.01426063,-0.8310795,0.09521864,-0.547942,-385.812,-31.62061,142.5885,-74.61877,11.36458,-42.45644,86.6006,1.98906,0.3676411,-9.304553,0.1278518,0.03118049,-0.595717
1396,0.016685,1,100,0,-81.3475,75.0366,0,86.35992,0,0,-0.5448738,0.05522465,0.8366976,0.1117822,0.9937066,0.007207029,-0.8310339,0.09745484,-0.5476178,-387.0588,-31.4306,141.8729,-74.92981,11.43402,-43.76212,87.52335,2.212168,-3.012782,-9.265172,0.1455175,-0.1263395,-0.5873716
1397,0.016694,1,100,0,-89.6945,90.0612,0,87.34843,0,0,-0.5412247,0.06459063,0.8383937,0.119151,0.9928761,0.0004258044,-0.8323935,0.1001259,-0.5450651,-388.312,-31.23929,141.1355,-75.33582,11.51073,-44.9783,88.4931,2.366329,-6.571049,-9.16058,0.1600706,-0.2923636,-0.5742212
1398,0.016672,1,100,0,-98.0305,100,0,88.37767,0,0,-0.5352046,0.07339915,0.8415276,0.12652,0.9919457,-0.006053116,-0.835194,0.1032304,-0.5401804,-389.5707,-31.04691,140.3795,-75.8297,11.59662,-46.08676,89.49087,2.452017,-10.21603,-8.993883,0.1714032,-0.4626641,-0.5565264
1399,0.016891,1,100,0,-106.476,100,0,89.4248,0,0,-0.5266485,0.0816696,0.846151,0.1338939,0.9909192,-0.01230625,-0.8394724,0.1068134,-0.5328012,-390.8548,-30.85048,139.5955,-76.40455,11.69407,-47.07002,90.49858,2.470212,-13.85106,-8.765526,0.1793747,-0.6327523,-0.5343881
1400,0.016464,1,100,0,-91.2468,100,0,90.46754,0,0,-0.5160677,0.08903355,0.8519081,0.1408981,0.9898589,-0.01809785,-0.84488,0.1106925,-0.5233788,-392.1162,-30.65736,138.8161,-77.04659,11.80332,-47.87326,91.47319,2.421395,-16.68386,-8.488417,0.1825466,-0.7656354,-0.5101476
1401,0.016673,1,100,0,-99.58331,100,0,91.45752,0,0,-0.5033972,0.09576108,0.8587323,0.1477156,0.9887468,-0.02366728,-0.8513352,0.1149341,-0.5118777,-393.4049,-30.45985,138.0143,-77.78185,11.93136,-48.51946,92.44734,2.30985,-19.55984,-8.158081,0.1822655,-0.9007303,-0.4819031
1402,0.016749,1,100,0,-107.9578,100,0,92.42578,0,0,-0.4886493,0.1017138,0.8665313,0.1542949,0.9876018,-0.02891596,-0.8587289,0.1195716,-0.4982848,-394.7123,-30.25877,137.199,-78.61715,12.15634,-48.99025,93.42632,2.408055,-22.45483,-7.832687,0.1957791,-1.037268,-0.4534007
1403,0.016609,1,100,0,-92.59448,100,0,93.37547,0,0,-0.4721245,0.1067969,0.8750389,0.160642,0.9864367,-0.03371891,-0.8667715,0.1246484,-0.4828769,-396.023,-30.05541,136.3837,-79.52541,12.42094,-49.27006,94.37219,2.398714,-24.66609,-7.466131,0.2013154,-1.141937,-0.4230907
1404,0.016697,1,100,0,-100.943,100,0,94.26999,0,0,-0.4538649,0.1110605,0.8841222,0.1667287,0.9852634,-0.03817519,-0.875333,0.1300822,-0.4656935,-397.3564,-29.84633,135.5606,-80.51417,12.72566,-49.35646,95.29184,2.292807,-26.94789,-7.058761,0.2007916,-1.249986,-0.389442
1405,0.016736,1,100,0,-85.46219,100,0,95.11707,0,0,-0.4339965,0.1144346,0.8936174,0.1724323,0.9841138,-0.0422795,-0.8842594,0.1357393,-0.4468341,-398.7098,-29.63147,134.7351,-81.57455,13.06622,-49.24213,96.17651,2.099504,-28.61783,-6.616433,0.193309,-1.329437,-0.3544634
1406,0.016603,1,100,0,-93.76369,100,0,95.90971,0,0,-0.412973,0.1168855,0.9032117,0.177609,0.9830254,-0.04600661,-0.8932576,0.141419,-0.4267228,-400.0703,-29.41251,133.9193,-82.68732,13.43408,-48.92616,97.01257,1.837077,-30.37605,-6.149171,0.1812703,-1.413044,-0.3173296
1407,0.016674,1,100,0,-102.1007,100,0,96.63882,0,0,-0.3904644,0.1183864,0.9129744,0.1822598,0.9820093,-0.04938869,-0.9023963,0.147114,-0.4050168,-401.4556,-29.18633,133.1063,-83.85542,13.82775,-48.40697,97.80681,1.515647,-32.23695,-5.656819,0.1652636,-1.501508,-0.2779738
1408,0.016687,1,100,0,-86.66521,100,0,97.31071,0,0,-0.3666157,0.1189052,0.922743,0.1863113,0.9810925,-0.05240062,-0.9115269,0.1527066,-0.3818373,-402.8616,-28.9533,132.3025,-85.06572,14.24038,-47.68321,98.5528,1.149317,-33.51923,-5.146332,0.1446723,-1.562833,-0.238703
1409,0.01668,1,100,0,-95.0052,100,0,97.92152,0,0,-0.3416831,0.1184768,0.9323176,0.1897902,0.9802822,-0.05501621,-0.9204524,0.1581466,-0.3574317,-404.2874,-28.71307,131.5123,-86.31052,14.72819,-46.75876,99.26131,0.9592215,-34.93572,-4.650189,0.1350451,-1.630834,-0.1998955
1410,0.016745,1,100,0,-103.3777,100,0,98.487,0,0,-0.3154489,0.1170674,0.9416937,0.1928215,0.9795661,-0.0571841,-0.9291456,0.1635402,-0.3315761,-405.7398,-28.4636,130.7355,-87.57602,15.23899,-45.63067,99.91969,0.7065622,-36.48193,-4.142596,0.1210222,-1.704883,-0.1597508
1411,0.016599,1,100,0,-88.02363,100,0,98.9931,0,0,-0.2883196,0.1146995,0.9506396,0.1953248,0.9789696,-0.05887757,-0.9374005,0.1687079,-0.3046598,-407.2005,-28.20779,129.9853,-88.83614,15.75646,-44.31472,100.5183,0.4095527,-37.46503,-3.635037,0.102314,-1.752386,-0.1211331
1412,0.016683,1,100,0,-96.36513,100,0,99.4342,0,0,-0.2601585,0.1113982,0.9591185,0.1973091,0.9784958,-0.06012923,-0.9451917,0.1735997,-0.2765439,-408.6896,-27.94202,129.2544,-90.09759,16.27808,-42.79712,101.065,0.08519181,-38.61134,-3.125415,0.08145581,-1.807526,-0.08191302
1413,0.016867,1,100,0,-104.7986,100,0,99.82065,0,0,-0.2306666,0.1070986,0.9671209,0.198773,0.978151,-0.06091098,-0.9525138,0.1781874,-0.2469151,-410.2401,-27.66,128.542,-95.54853,17.6036,-41.09758,105.4913,-0.256156,-39.91877,-2.615548,0.05897869,-1.870218,-0.04221155
1414,0.016521,1,100,0,-89.51671,100,0,104.2956,0,0,-0.200826,0.1019681,0.9743057,0.1996865,0.9779475,-0.06118943,-0.9590592,0.1822673,-0.216759,-411.8475,-27.36225,127.8725,-100.7823,18.86036,-39.37483,109.8325,-0.5887952,-40.74312,-2.125675,0.03540908,-1.910108,-0.00549823
1415,0.016645,1,100,0,-97.83921,100,0,108.6287,0,0,-0.1699868,0.09595187,0.9807639,0.2001579,0.9778643,-0.06097667,-0.9649048,0.1859424,-0.1854295,-413.5537,-27.04125,127.2272,-105.9486,20.13239,-37.5372,114.1905,-0.7775217,-41.8117,-1.655268,0.02066336,-1.961664,0.03052353
1416,0.016742,1,100,0,-106.2102,100,0,112.9343,0,0,-0.13802,0.08902746,0.9864202,0.2003036,0.9778808,-0.06023027,-0.9699635,0.1892705,-0.1527996,-415.356,-26.69721,126.6098,-111.0321,21.38021,-35.54489,118.5272,-0.9777231,-43.10631,-1.198723,0.004640893,-2.023776,0.06627045
1417,0.016581,1,100,0,-90.87279,91.7095,0,117.175,0,0,-0.1054844,0.08134539,0.9910883,0.2001357,0.9779919,-0.05896948,-0.9740733,0.1921318,-0.119443,-417.2242,-26.33607,126.0327,-115.9311,22.57807,-33.32228,122.7198,-1.182698,-43.76487,-0.7656031,-0.01346975,-2.055838,0.09817428
1418,0.016641,1,100,0,-99.19329,83.389,0,121.2434,0,0,-0.0722726,0.07293054,0.9947149,0.1996735,0.9781908,-0.05721143,-0.9771934,0.1944834,-0.08525869,-419.1799,-25.9539,125.492,-120.6933,23.73637,-30.81499,126.8064,-1.373343,-44.4997,-0.3543667,-0.03129177,-2.09141,0.1285981
1419,0.016792,1,100,0,-107.5893,74.993,0,125.1843,0,0,-0.03816763,0.06375734,0.9972352,0.1989534,0.9784675,-0.05494281,-0.9792653,0.1963063,-0.05003053,-421.2311,-25.54934,124.9903,-125.0474,24.79976,-27.98451,130.5183,-1.543831,-45.29707,0.03385728,-0.04854603,-2.129847,0.1574001
1420,0.016629,1,100,0,-92.20747,66.6785,0,128.723,0,0,-0.003965499,0.05408445,0.9985285,0.1980327,0.9788029,-0.05222957,-0.9801873,0.1975342,-0.01459193,-423.332,-25.13169,124.5422,-128.8996,25.74198,-24.86746,133.7765,-1.685194,-45.45908,0.3890734,-0.06516425,-2.138289,0.1814786
1421,0.016688,1,100,0,-100.5515,58.3345,0,131.7936,0,0,0.03045315,0.04393093,0.9985704,0.1969728,0.9791795,-0.04908488,-0.9799359,0.198186,0.0211659,-425.502,-24.69718,124.1463,-132.2842,26.61944,-21.42455,136.6262,-1.723335,-45.69505,0.7153504,-0.07552421,-2.15019,0.2035009
1422,0.016759,1,100,0,-85.0494,49.95499,0,134.4522,0,0,0.06496023,0.03337561,0.9973297,0.1958673,0.9795726,-0.04553903,-0.9784767,0.1983025,0.05709606,-427.7354,-24.24678,123.8082,-135.185,27.37813,-17.65829,139.0553,-1.746294,-45.31586,1.01184,-0.08564803,-2.133068,0.221081
1423,0.016628,1,100,0,-93.3634,41.641,0,136.6963,0,0,0.09882106,0.02268561,0.9948466,0.1947624,0.9799639,-0.04169257,-0.9758595,0.1978788,0.09242276,-429.9966,-23.788,123.5368,-137.5596,28.00542,-13.63604,141.0421,-1.7387,-45.03629,1.272664,-0.09371478,-2.120531,0.2363169
1424,0.017133,1,100,0,-101.9299,33.07449,0,138.5202,0,0,0.1333576,0.01148893,0.9910014,0.1936668,0.9803532,-0.03742695,-0.9719613,0.1969153,0.1285125,-432.3645,-23.30522,123.3283,-139.4665,28.51384,-9.229367,142.6503,-1.700479,-44.83213,1.50646,-0.1000714,-2.111457,0.2496813
1425,0.016263,1,100,0,-86.88663,24.94299,0,139.9847,0,0,0.1656767,0.000771109,0.9861799,0.1927053,0.980697,-0.03314101,-0.9671693,0.1955328,0.1623301,-434.6399,-22.83951,123.202,-140.7775,28.86988,-4.835392,143.7885,-1.628141,-44.07071,1.694398,-0.1037793,-2.076076,0.2579253
1426,0.01676,1,100,0,-71.38363,16.56299,0,141.0157,0,0,0.1980563,-0.010186,0.9801377,0.1918325,0.9810117,-0.02856848,-0.9612356,0.1936804,0.1962495,-437.0037,-22.35439,123.1472,-141.5316,29.08419,-0.1449551,144.4891,-1.526283,-42.72398,1.85431,-0.1053724,-2.013122,0.2620991
1427,0.016722,1,100,0,-55.91578,8.201994,0,141.6498,0,0,0.229002,-0.0208673,0.9732023,0.1911069,0.9812775,-0.02392848,-0.9544822,0.1914654,0.2287024,-439.3722,-21.86751,123.1715,-141.8117,29.16883,4.662279,144.8555,-1.397918,-40.86713,1.97961,-0.1043584,-1.926121,0.2622075
1428,0.016595,1,100,0,-40.5654,0,0,142.0079,0,0,0.2580031,-0.03107767,0.9656442,0.1905555,0.9814863,-0.01932555,-0.947166,0.1889948,0.2591486,-441.726,-21.38334,123.2756,-141.8631,29.17846,9.496083,145.1437,-1.241254,-38.56318,2.073473,-0.1002733,-1.818045,0.2588248
1429,0.016755,1,100,0,-32.1879,0,0,142.3434,0,0,0.2853361,-0.04089609,0.9575545,0.1901879,0.9816368,-0.01474839,-0.9393677,0.1863236,0.2878744,-444.1026,-20.89473,123.4615,-141.7795,29.11794,14.29288,145.4427,-1.075369,-36.20008,2.13503,-0.09448813,-1.707107,0.2532784
1430,0.016731,1,100,0,-23.8224,0,0,142.723,0,0,0.3106709,-0.05017476,0.9491924,0.1900156,0.9817272,-0.01029757,-0.9313314,0.1835605,0.314528,-446.4738,-20.40815,123.7267,-141.5799,29.00127,18.9681,145.7592,-0.896263,-33.80887,2.165984,-0.08670992,-1.594761,0.2458736
1431,0.016661,1,100,0,-15.49191,0,0,143.1473,0,0,0.3339597,-0.05886685,0.9407473,0.190038,0.9817581,-0.006029282,-0.9232314,0.1807913,0.3390546,-448.8312,-19.92585,124.0678,-141.2863,28.8309,23.4847,146.0978,-0.7203823,-31.39962,2.1684,-0.07803449,-1.481493,0.2368308
1432,0.016634,1,100,0,-7.174905,0,0,143.6149,0,0,0.3552935,-0.06697972,0.9323521,0.1902448,0.9817348,-0.001969658,-0.9151905,0.1780749,0.3615465,-451.1794,-19.44738,124.4826,-140.9182,28.62239,27.83603,146.4651,-0.5399954,-28.96806,2.144212,-0.06803348,-1.367092,0.2262926
1433,0.016672,1,100,0,1.161096,0,0,144.128,0,0,0.3747722,-0.07452823,0.9241165,0.1906254,0.981661,0.00186161,-0.9073079,0.1754624,0.3821062,-453.5266,-18.97152,124.97,-140.4938,28.37583,32.02308,146.8645,-0.3716925,-26.50594,2.092808,-0.0578316,-1.251182,0.2142095
1434,0.016761,1,100,0,9.541595,0,0,144.6862,0,0,0.3924558,-0.08151485,0.9161518,0.1911626,0.9815434,0.005443968,-0.8996865,0.1729975,0.400795,-455.8789,-18.49737,125.5292,-140.0302,28.10691,36.0436,147.3011,-0.2045473,-24.0067,2.018405,-0.0467822,-1.133449,0.2008399
1435,0.01663,1,100,0,17.85659,0,0,145.2918,0,0,0.4081385,-0.08783985,0.9086843,0.1918344,0.9813887,0.008704938,-0.8925371,0.170764,0.4173932,-458.196,-18.0332,126.1497,-137.9198,27.51513,39.84444,146.1729,-0.04451849,-21.50801,1.924079,-0.03534771,-1.015674,0.186506
1436,0.016765,1,100,0,26.23909,0,0,144.4279,0,0,0.4221009,-0.09359892,0.901704,0.1926337,0.9812013,0.01167628,-0.8858461,0.16877,0.4321963,-460.4969,-17.57513,126.8373,-135.8783,26.93418,43.36664,145.1517,0.1074807,-18.96892,1.810733,-0.02363737,-0.8959341,0.1711154
1437,0.01663,1,100,0,34.55409,0,0,143.6558,0,0,0.4341375,-0.09869419,0.8954239,0.1935307,0.9809901,0.01429391,-0.8798128,0.1670865,0.4449849,-462.7459,-17.13021,127.5762,-133.9515,26.38863,46.55924,144.2467,0.2535181,-16.43528,1.686264,-0.01163122,-0.7763981,0.155297
1438,0.016808,1,100,0,42.95809,0,0,142.9796,0,0,0.444498,-0.1032178,0.8898134,0.1945164,0.980759,0.0165986,-0.8744057,0.1657052,0.4560229,-464.9872,-16.68967,128.3753,-132.1131,25.84995,49.49267,143.4281,0.3571202,-13.85609,1.540509,-0.001682469,-0.6547031,0.1382022
1439,0.016565,1,100,0,51.24059,0,14.9085,142.3737,0,0,0.4528702,-0.1070291,0.8851291,0.1955243,0.980524,0.01852548,-0.869873,0.1646746,0.4649768,-467.1667,-16.2641,129.2094,-130.5036,25.37145,52.08651,142.7863,0.4437927,-10.95129,1.385254,0.008328247,-0.5176795,0.1197546
1440,0.016683,1,100,0,59.58209,0,29.9232,141.9186,0,0,0.4592539,-0.1101573,0.8814483,0.1965553,0.9802866,0.02009982,-0.8662861,0.1640224,0.4718524,-469.3361,-15.84319,130.0915,-129.0802,24.94466,54.43206,142.2912,0.5119573,-7.685144,1.21966,0.01832245,-0.3636434,0.09976654
1441,0.016943,1,100,0,68.05359,0,45.1719,141.5958,0,0,0.4634359,-0.1125457,0.8789544,0.1975958,0.9800521,0.02130679,-0.8638191,0.1638034,0.4764299,-471.5161,-15.42266,131.0257,-127.8362,24.57078,56.55938,141.9323,0.5578495,-4.044493,1.044411,0.02803308,-0.1919795,0.07819496
1442,0.01639,1,100,0,76.24859,0,59.9229,141.3987,0,0,0.4650807,-0.1140403,0.8778923,0.1985645,0.979839,0.02208994,-0.8627122,0.1640447,0.4783486,-473.6058,-15.02165,131.9627,-126.8296,24.25677,58.37531,141.7103,0.5499924,-0.2596727,0.8696941,0.0349016,-0.0136013,0.05625933
1443,0.016704,1,100,0,84.60059,0,74.9565,141.3204,0,0,0.4641815,-0.1146931,0.878283,0.1994734,0.9796448,0.02250603,-0.8629867,0.1647472,0.4776112,-475.7198,-14.61792,132.9468,-126.0035,23.99633,59.99345,141.6048,0.5179679,3.865615,0.6897596,0.0410477,0.1807914,0.03294719
1444,0.01663,1,100,0,92.91559,0,89.9235,141.3462,0,0,0.4605213,-0.1144144,0.8802441,0.2002783,0.97948,0.02253258,-0.8647596,0.165917,0.4739861,-477.8118,-14.21996,133.9521,-125.3847,23.79919,61.36777,141.6111,0.4600194,8.209767,0.5113175,0.04593648,0.3854583,0.008924678
1445,0.016693,1,100,0,101.2621,0,100,141.4637,0,0,0.4539294,-0.1131579,0.8838233,0.200964,0.9793478,0.0221735,-0.8680795,0.1675515,0.4672954,-479.9024,-13.82345,134.9828,-124.9496,23.66084,62.49546,141.6966,0.3752145,12.67749,0.3355604,0.04909637,0.5959088,-0.01557237
1446,0.016693,1,100,0,85.82106,0,100,141.6344,0,0,0.4445126,-0.110943,0.8888758,0.2015038,0.9792528,0.02145441,-0.8728144,0.1695751,0.4576456,-481.9866,-13.42896,136.0307,-124.668,23.57614,63.32753,141.8038,0.2649454,16.33831,0.1659093,0.0485873,0.7683723,-0.03767052
1447,0.016639,1,100,0,94.14056,0,100,141.7915,0,0,0.4326496,-0.1078663,0.8950861,0.2018654,0.9792002,0.02042899,-0.8786721,0.1718483,0.445425,-484.0602,-13.03694,137.0872,-124.5461,23.52904,63.84194,141.9194,0.1103116,19.91443,9.138002e-05,0.04450189,0.9367696,-0.05962695
1448,0.0167,1,100,0,102.4906,0,100,141.9154,0,0,0.4182605,-0.1039047,0.9023646,0.2020223,0.9791943,0.01911087,-0.8855761,0.1743044,0.4305494,-486.1403,-12.644,138.1545,-124.5793,23.53004,64.03207,142.0344,-0.05437664,23.43826,-0.155102,0.03893611,1.102664,-0.08110617
1449,0.016871,1,100,0,86.88489,0,100,141.9948,0,0,0.4013478,-0.09906104,0.910553,0.2019664,0.9792359,0.01751173,-0.8933809,0.1768728,0.4130212,-488.2431,-12.24677,139.234,-124.7639,23.57666,63.88301,142.137,-0.225671,26.25725,-0.2982179,0.03083279,1.235358,-0.09999629
1450,0.016463,1,100,0,95.11639,0,100,142.0168,0,0,0.3828116,-0.09360345,0.9190723,0.2016987,0.9793215,0.01572811,-0.9015394,0.1793548,0.3937753,-490.2989,-11.8582,140.2831,-125.082,23.65404,63.39566,142.2112,-0.4018149,29.00185,-0.4222597,0.0215163,1.364479,-0.117648
1451,0.016638,1,100,0,103.4354,0,100,141.9725,0,0,0.3620043,-0.08736066,0.9280738,0.201207,0.9794527,0.01371425,-0.9102026,0.1817703,0.3721436,-492.3824,-11.46412,141.3333,-125.5233,23.74647,62.56709,142.2485,-0.6027504,31.77741,-0.5362091,0.009706865,1.494972,-0.1349603
1452,0.016786,1,100,0,87.90834,0,100,141.852,0,0,0.3390096,-0.08037043,0.9373437,0.2004798,0.9796305,0.01148857,-0.9191738,0.1840238,0.3482169,-494.4925,-11.06486,142.377,-126.0735,23.86134,61.38894,142.241,-0.7852492,33.90357,-0.6319184,-0.002883682,1.594881,-0.1491569
1453,0.016602,1,100,0,96.20934,0,100,141.6512,0,0,0.314546,-0.07287149,0.946441,0.1995558,0.9798441,0.009121768,-0.9280294,0.1859986,0.322748,-496.5891,-10.66799,143.3879,-126.7025,23.99026,59.88666,142.1811,-0.9392515,36.05737,-0.7062257,-0.01444835,1.696041,-0.1620659
1454,0.016629,1,100,0,104.5238,0,100,141.374,0,0,0.2882618,-0.06479156,0.9553571,0.1984628,0.9800863,0.006586108,-0.9367592,0.1877043,0.2953802,-498.7,-10.26825,144.3737,-127.3934,24.13338,58.05694,142.0638,-1.054175,38.26296,-0.7556547,-0.02439767,1.799581,-0.1735221
1455,0.016785,1,100,0,88.99772,0,100,141.0158,0,0,0.2600268,-0.05612371,0.9639688,0.1972311,0.9803491,0.003875084,-0.9452435,0.189117,0.2659864,-500.8424,-9.862321,145.3362,-128.1295,24.28075,55.88967,141.8815,-1.140127,39.86051,-0.783752,-0.03411957,1.874485,-0.1815346
1456,0.016554,1,100,0,97.27472,0,100,140.5713,0,0,0.2307612,-0.04717574,0.9718662,0.1959089,0.9806216,0.001083888,-0.9530842,0.1901471,0.2355316,-502.9677,-9.459705,146.2479,-128.873,24.39795,53.44471,141.6328,-1.231597,41.5274,-0.793761,-0.04482069,1.952565,-0.1884317
1457,0.016693,1,100,0,105.6212,0,100,140.0539,0,0,0.1997544,-0.03776751,0.9791179,0.1944798,0.9809048,-0.001840293,-0.9603519,0.1907863,0.203285,-505.1232,-9.05182,147.1248,-129.6154,24.50199,50.68839,141.3146,-1.283798,43.29564,-0.7812743,-0.05380413,2.035344,-0.1939976
1458,0.016668,1,100,0,90.20332,0,100,139.4552,0,0,0.1673956,-0.02805495,0.9854906,0.1929956,0.9811877,-0.004849805,-0.9668151,0.1910072,0.169661,-507.2878,-8.642963,147.9529,-130.3278,24.57778,47.65671,140.9275,-1.30621,44.47365,-0.7446047,-0.06198685,2.090323,-0.1957678
1459,0.016634,1,100,0,98.52032,0,91.683,138.7829,0,0,0.1340282,-0.01817289,0.9908109,0.1914923,0.9814622,-0.007901972,-0.9722999,0.1907918,0.1350236,-509.4593,-8.233837,148.727,-130.9637,24.62454,44.27663,140.4218,-1.286397,45.58237,-0.6859826,-0.06802066,2.141986,-0.1955736
1460,0.016684,1,100,0,106.8623,0,83.341,138.0125,0,0,0.09955329,-0.008128457,0.9949991,0.1900051,0.9817216,-0.01099072,-0.9767228,0.1901491,0.09927806,-511.6474,-7.822879,149.4451,-131.4987,24.6382,40.55927,139.7999,-1.22559,46.63423,-0.6060092,-0.07195293,2.19091,-0.193479
1461,0.016683,1,100,0,91.43054,0,74.9995,137.1494,0,0,0.06431267,0.001948042,0.9979278,0.1885605,0.9819607,-0.01406888,-0.9799533,0.1890746,0.0627852,-513.8436,-7.412123,150.0995,-131.9081,24.57832,36.54489,139.066,-1.176582,46.96589,-0.5071939,-0.07701835,2.205961,-0.1874283
1462,0.016683,1,100,0,99.77204,0,66.658,136.2054,0,0,0.02870367,0.01191694,0.999517,0.1871618,0.9821807,-0.01708508,-0.9819099,0.1875619,0.02596179,-516.0459,-7.002605,150.6855,-132.1692,24.47494,32.268,138.2351,-1.08524,47.30561,-0.3888108,-0.07940699,2.221327,-0.17979
1463,0.016763,1,100,0,108.1535,0,58.2765,135.2065,0,0,-0.007409705,0.02178484,0.9997352,0.1858406,0.9823757,-0.02002918,-0.9825518,0.1856429,-0.01132762,-518.2621,-6.593098,151.2012,-132.263,24.32784,27.74798,137.3146,-0.9544065,47.65711,-0.2520325,-0.07931299,2.237177,-0.1706698
1464,0.016608,1,100,0,92.79114,0,49.9725,134.1573,0,0,-0.04331503,0.03133448,0.9985699,0.1846516,0.9825389,-0.0228218,-0.981849,0.183399,-0.04834466,-520.4584,-6.190007,151.6363,-132.1753,24.14717,23.08867,136.3323,-0.7765424,47.35637,-0.09844911,-0.07571378,2.222356,-0.1581008
1465,0.016677,1,100,0,101.1296,0,41.634,133.0886,0,0,-0.07913596,0.04058167,0.9960376,0.1835916,0.9826733,-0.02545068,-0.9798124,0.18085,-0.08521525,-522.6614,-5.788693,151.9946,-131.8968,23.88732,18.26988,135.2818,-0.6356991,47.12353,0.07220197,-0.07420003,2.210693,-0.1444316
1466,0.016766,1,100,0,85.62109,0,33.251,131.9973,0,0,-0.1147483,0.04947187,0.992162,0.1826326,0.9827858,-0.02788201,-0.9764621,0.1780017,-0.1218081,-524.8693,-5.389377,151.9724,-126.5802,22.71023,-2.393033,134.181,-1.089701,37.77716,2.287877,-0.1028737,1.765719,0.02789824
1467,0.016667,1,100,0,93.95459,0,24.9175,127.9347,0,0,-0.1435287,0.05414291,0.988164,0.1809597,0.9831038,-0.02758165,-0.9729611,0.1748591,-0.1509013,-526.9775,-5.011683,151.8325,-121.7626,21.69891,-7.092347,128.4311,-1.432612,35.38981,2.809599,-0.1257772,1.65229,0.07049467
1468,0.016741,1,100,0,78.46916,0,16.547,123.3348,0,0,-0.1705023,0.05768511,0.9836674,0.1788206,0.98352,-0.02668091,-0.9689956,0.1713508,-0.1780077,-529.0146,-4.649314,151.7025,-121.5013,21.53638,-9.116054,123.7315,-1.093084,34.9784,2.916335,-0.1058522,1.632083,0.08065019
1469,0.016689,1,100,0,63.03184,0,8.202497,123.0473,0,0,-0.1968324,0.06087191,0.9785457,0.1769537,0.983886,-0.02561026,-0.9643364,0.1681163,-0.2044322,-531.0404,-4.290835,151.5376,-121.1409,21.36477,-11.405,123.538,-0.764217,33.99727,3.010828,-0.08574045,1.585248,0.09149603
1470,0.016688,1,100,0,47.59544,0,0,122.7439,0,0,-0.2221768,0.06363988,0.9729273,0.1753107,0.9842122,-0.02434423,-0.9591161,0.1651559,-0.2298258,-533.0595,-3.935579,151.3334,-120.6807,21.13255,-13.9042,123.3035,-0.5407451,32.49691,3.102293,-0.07144688,1.514238,0.1034023
1471,0.016684,1,100,0,39.25344,0,0,122.4325,0,0,-0.2462455,0.06594443,0.9669616,0.1738172,0.9845124,-0.02287722,-0.9534944,0.1624412,-0.2538941,-535.07,-3.584319,151.087,-120.1391,20.89389,-16.49972,123.0536,-0.3297316,30.88882,3.180429,-0.05742496,1.438268,0.1144817
1472,0.016671,1,100,0,30.91794,0,0,122.1351,0,0,-0.2689532,0.06779876,0.9607641,0.1724628,0.9847877,-0.02121536,-0.9475871,0.1599901,-0.2765546,-537.0695,-3.237318,150.7973,-119.526,20.65443,-19.14212,122.7986,-0.1342196,29.18335,3.244088,-0.04391357,1.35783,0.1246283
1473,0.016686,1,100,0,22.57494,0,0,121.8597,0,0,-0.2902756,0.06922246,0.9544362,0.1712328,0.9850404,-0.01936452,-0.9414986,0.1578098,-0.2977864,-539.0602,-2.893981,150.4631,-118.8517,20.41875,-21.79556,122.5468,0.04361803,27.3857,3.292477,-0.03109751,1.273171,0.1337848
1474,0.016755,1,100,0,14.19744,0,0,121.6115,0,0,-0.3102189,0.070235,0.9480672,0.1701154,0.9852719,-0.01732742,-0.9353209,0.1559055,-0.317598,-541.0476,-2.553093,150.0832,-118.1258,20.19778,-24.43554,122.306,0.2160389,25.49651,3.325654,-0.01823473,1.184306,0.1419627
1475,0.016609,1,100,0,5.892939,0,0,121.3952,0,0,-0.3284937,0.07083704,0.9418461,0.1690754,0.9854867,-0.01514977,-0.9292501,0.1542664,-0.335703,-543.0055,-2.21919,149.6632,-117.372,19.91482,-26.99779,122.0724,0.2389809,23.54989,3.362207,-0.01462907,1.092958,0.1503038
1476,0.016676,1,100,0,-2.445061,0,0,121.2034,0,0,-0.3453172,0.07104279,0.9357933,0.1680013,0.9857033,-0.01283764,-0.9233266,0.1527814,-0.3523157,-544.9585,-1.888643,149.1991,-116.5954,19.63506,-29.49357,121.8601,0.2558477,21.52537,3.382061,-0.01111609,0.998038,0.1576211
1477,0.016743,1,100,0,-10.81656,0,0,121.0465,0,0,-0.3606419,0.07086466,0.9300084,0.1668957,0.9859197,-0.0104056,-0.917651,0.1514617,-0.367391,-546.9063,-1.561411,148.6919,-115.8086,19.36284,-31.90272,121.673,0.2660805,19.42795,3.384582,-0.007783539,0.8997852,0.1638675
1478,0.016619,1,100,0,-19.12606,0,0,120.9253,0,0,-0.374275,0.07032382,0.9246475,0.1657787,0.9861315,-0.007896751,-0.9123793,0.1503313,-0.3807426,-548.8267,-1.241016,148.1491,-115.0334,19.11083,-34.18218,121.5168,0.2811896,17.2896,3.36982,-0.00398374,0.7996825,0.1689649
1479,0.016688,1,100,0,-27.47006,0,0,120.8417,0,0,-0.3863668,0.06943472,0.919728,0.1646483,0.9863381,-0.00529664,-0.9075306,0.1493852,-0.3925206,-550.7421,-0.9234103,147.5666,-114.2724,18.87444,-36.3459,121.3897,0.2876969,15.08807,3.337238,-0.0005984242,0.6967064,0.17296
1480,0.01668,1,100,0,-35.81006,0,0,120.7918,0,0,-0.3968372,0.06820625,0.9153515,0.1634605,0.9865465,-0.002645377,-0.9032171,0.148574,-0.4026473,-552.6442,-0.6103039,146.9491,-113.5398,18.56554,-38.37109,121.2778,0.1375237,12.83839,3.31826,-0.007176909,0.5916547,0.1778718
1481,0.016683,1,100,0,-44.15156,0,0,120.7595,0,0,-0.4056837,0.06663179,0.9115816,0.1621201,0.9867711,2.099201e-05,-0.8995211,0.1477942,-0.4111193,-554.5345,-0.3022579,146.2985,-112.8495,18.26337,-40.24991,121.1966,0.0003397425,10.54334,3.281073,-0.01289736,0.4845308,0.1816692
1482,0.016687,1,100,0,-52.49506,0,0,120.7573,0,0,-0.4128914,0.06472766,0.9084773,0.1606514,0.9870076,0.002691198,-0.8964998,0.1470593,-0.4179256,-556.4141,0.0008769706,145.6173,-112.211,17.97158,-41.97469,121.1452,-0.1243137,8.206411,3.22568,-0.01784175,0.3755032,0.184343
1483,0.016624,1,100,0,-60.80706,14.9616,0,120.7823,0,0,-0.4183556,0.06250446,0.9061301,0.1590876,0.98725,0.005349848,-0.8942425,0.1463922,-0.4229653,-558.2767,0.2981833,144.9108,-111.6958,17.7099,-43.54294,121.1841,-0.2268716,5.541079,3.152543,-0.02112935,0.2511677,0.1866602
1484,0.016682,1,100,0,-69.14806,29.9754,0,120.8929,0,0,-0.4219015,0.05991812,0.9046597,0.1574458,0.9874952,0.008022644,-0.8928664,0.1458196,-0.4260596,-560.1378,0.5923032,144.1765,-111.3019,17.47373,-44.97071,121.3088,-0.3189695,2.552943,3.061242,-0.02359236,0.1118085,0.1885783
1485,0.016688,1,100,0,-77.49206,44.9946,0,121.086,0,0,-0.4233049,0.05693486,0.9041967,0.1556906,0.9877483,0.01069158,-0.89251,0.1453007,-0.4269829,-561.9937,0.8821796,143.4189,-111.03,17.16418,-46.25222,121.497,-0.5716355,-0.7246666,2.994707,-0.03632579,-0.04094443,0.1927788
1486,0.016679,1,100,0,-85.83156,60.0057,0,121.3382,0,0,-0.4223762,0.05350683,0.9048401,0.1537281,0.9880233,0.01333397,-0.8932896,0.1447313,-0.425543,-563.8447,1.166802,142.6412,-110.8929,16.86632,-47.38097,121.7647,-0.7940444,-4.265489,2.908995,-0.04724564,-0.2059445,0.1963595
1487,0.016695,1,100,0,-94.17906,75.0312,0,121.6632,0,0,-0.418925,0.04961342,0.9066646,0.1515946,0.988314,0.01596306,-0.8952773,0.1441328,-0.4215505,-565.6961,1.446823,141.8447,-110.8944,16.58606,-48.35246,122.1091,-0.9821535,-8.055634,2.803937,-0.05623911,-0.3825336,0.19926
1488,0.016847,1,100,0,-102.6026,90.1935,0,122.0548,0,0,-0.4126985,0.04520456,0.9097454,0.1493099,0.9886154,0.01860965,-0.8985471,0.1435142,-0.4147496,-567.5651,1.724765,141.0256,-111.0399,16.32222,-49.16421,122.5291,-1.142336,-12.11503,2.6783,-0.06385382,-0.5716223,0.2014415
1489,0.016511,1,100,0,-87.32989,100,0,122.5079,0,0,-0.4038988,0.04044364,0.9139093,0.1469766,0.988913,0.02119296,-0.9029197,0.1428831,-0.405365,-569.4,1.992941,140.2105,-111.31,16.08245,-49.76697,122.985,-1.268782,-15.53871,2.535858,-0.07049007,-0.7309627,0.2008577
1490,0.016685,1,100,0,-95.67239,100,0,122.9757,0,0,-0.3925421,0.03525923,0.919058,0.1444869,0.9892215,0.02376127,-0.908314,0.1421191,-0.3934056,-571.2593,2.25936,139.378,-111.6711,15.73749,-50.14124,123.419,-1.573349,-18.95385,2.426927,-0.08926599,-0.8898275,0.2022852
1491,0.016917,1,100,0,-104.1309,100,0,123.3949,0,0,-0.3784916,0.02962023,0.9251306,0.141715,0.9895581,0.02629573,-0.9146916,0.1410576,-0.378737,-573.1511,2.523577,138.5291,-112.1435,15.37981,-50.26366,123.8512,-1.835586,-22.37405,2.293779,-0.1061305,-1.048855,0.2019677
1492,0.016652,1,100,0,-88.72779,100,0,123.7828,0,0,-0.3622934,0.02376861,0.931761,0.1387904,0.9899055,0.02871353,-0.9216729,0.1397222,-0.361935,-575.0217,2.777705,137.6929,-112.7103,15.02266,-50.11542,124.2612,-2.047241,-25.03057,2.140477,-0.1208529,-1.172189,0.1982283
1493,0.016536,1,100,0,-96.99579,100,0,124.1195,0,0,-0.3441727,0.01777105,0.9387382,0.135743,0.9902583,0.03102153,-0.929042,0.1381039,-0.3432322,-576.889,3.024161,136.8665,-113.3648,14.66584,-49.69756,124.6455,-2.21114,-27.68346,1.967251,-0.1331388,-1.295297,0.1929426
1494,0.01669,1,100,0,-105.3408,100,0,124.4038,0,0,-0.3237799,0.01156668,0.9460617,0.1325689,0.9906156,0.03325895,-0.9367988,0.1361869,-0.3222749,-578.7852,3.266945,136.0408,-114.105,14.30638,-49.00228,125.0033,-2.328639,-30.3778,1.772475,-0.1431182,-1.420267,0.1860678
1495,0.016677,1,100,0,-89.91457,100,0,124.6339,0,0,-0.3014013,0.005278017,0.9534828,0.1293301,0.9909697,0.03539646,-0.9446858,0.1339826,-0.2993622,-580.6926,3.503484,135.229,-114.9079,13.9355,-48.03223,125.3201,-2.436049,-32.4166,1.579673,-0.1531567,-1.514655,0.1774181
1496,0.016684,1,100,0,-98.25657,100,0,124.798,0,0,-0.2772858,-0.001041699,0.960787,0.1259671,0.9913282,0.03742928,-0.9524942,0.1314062,-0.27475,-582.6144,3.733209,134.4344,-115.75,13.43367,-46.79443,125.5717,-2.692742,-34.52269,1.440677,-0.1732432,-1.61228,0.1719706
1497,0.016684,1,100,0,-106.5986,100,0,124.8732,0,0,-0.2513758,-0.007400751,0.9678614,0.1223771,0.9917027,0.0393672,-0.960122,0.1283401,-0.2483843,-584.5506,3.954447,133.662,-116.6304,12.91061,-45.28326,125.7772,-2.901951,-36.68797,1.27894,-0.1907927,-1.712591,0.1646954
1498,0.016683,1,100,0,-91.16679,100,0,124.884,0,0,-0.2237745,-0.01370706,0.9745446,0.1186123,0.992086,0.0411895,-0.9673966,0.1248102,-0.2203778,-586.5014,4.166773,132.9165,-117.5328,12.3563,-43.49579,125.9306,-3.055196,-38.24022,1.056398,-0.2050627,-1.784184,0.1516341
1499,0.016687,1,100,0,-99.51029,100,0,124.8285,0,0,-0.1947415,-0.01983155,0.9806542,0.1147316,0.9924719,0.04285431,-0.9741215,0.1208575,-0.1910001,-588.4678,4.369827,132.202,-118.4367,11.78851,-41.44719,126.0321,-3.156358,-39.89639,0.8161096,-0.2162555,-1.860561,0.1371686
1500,0.016683,1,100,0,-107.8518,91.6585,0,124.7129,0,0,-0.1642605,-0.0257343,0.9860813,0.1108039,0.9928515,0.04436859,-0.9801741,0.1165497,-0.1602348,-590.4485,4.563457,131.5236,-119.3053,11.23771,-39.08023,126.0448,-3.137473,-41.47237,0.5757803,-0.2199192,-1.933152,0.1220441
1501,0.016665,1,100,0,-92.43667,83.326,0,124.5117,0,0,-0.1325969,-0.03134995,0.9906741,0.1068298,0.9932252,0.04572932,-0.9853961,0.1118971,-0.1283495,-592.4412,4.746798,130.8871,-120.084,10.52439,-36.41275,125.9238,-3.338203,-42.30846,0.3468127,-0.2373641,-1.971436,0.1056622
1502,0.016815,1,100,0,-100.8442,74.9185,0,124.1815,0,0,-0.09982022,-0.03664073,0.9943306,0.1026205,0.9936136,0.04691631,-0.9896995,0.1067219,-0.09542263,-594.4645,4.919572,130.2915,-120.7872,9.771407,-33.42964,125.7083,-3.501053,-43.1397,0.09932993,-0.2523006,-2.009447,0.08754866
1503,0.01655,1,100,0,-85.53542,66.6435,0,123.7758,0,0,-0.06694847,-0.04140912,0.9968967,0.09831665,0.994002,0.04789152,-0.9929006,0.1012178,-0.06247571,-596.4669,5.077098,129.7558,-121.3784,9.006738,-30.23384,125.411,-3.613825,-43.28965,-0.156816,-0.2632832,-2.015739,0.06725091
1504,0.016668,1,100,0,-93.86942,58.3095,0,123.3172,0,0,-0.03359845,-0.04569003,0.9983905,0.09386892,0.9943944,0.04866609,-0.9950175,0.09535294,-0.02912124,-598.4928,5.222902,129.271,-121.8536,8.224389,-26.78484,125.0335,-3.672379,-43.48609,-0.4235197,-0.2704839,-2.02416,0.0460471
1505,0.016764,1,100,0,-102.2514,49.9275,0,122.8107,0,0,0.0001838235,-0.04946114,0.998776,0.08936441,0.9947806,0.04924683,-0.9959987,0.08924597,0.00460293,-600.5377,5.356669,128.8423,-122.2024,7.48464,-23.12191,124.5956,-3.570919,-43.72662,-0.6628665,-0.2671087,-2.034569,0.02643986
1506,0.016598,1,100,0,-86.89827,41.6285,0,122.275,0,0,0.0336903,-0.05265843,0.998044,0.08491624,0.9951507,0.04963931,-0.9958181,0.08307778,0.03799848,-602.5671,5.476465,128.4794,-122.3769,6.678916,-19.33315,124.0745,-3.642791,-43.34501,-0.9107254,-0.2738465,-2.01624,0.005252358
1507,0.016677,1,100,0,-95.23677,33.29,0,121.6853,0,0,0.06708059,-0.05528326,0.996215,0.08035254,0.9955202,0.04983413,-0.9945071,0.0767055,0.07122224,-604.6082,5.583405,128.1789,-122.3974,5.875475,-15.39398,123.5015,-3.653164,-43.05489,-1.161046,-0.2762564,-2.00214,-0.01604187
1508,0.016676,1,100,0,-103.5748,24.952,0,121.0794,0,0,0.1002218,-0.05732472,0.9933125,0.07575145,0.995881,0.04982989,-0.9920775,0.07025082,0.1041515,-606.6487,5.677064,127.9446,-122.2577,5.094607,-11.35782,122.8898,-3.5928,-42.85205,-1.408582,-0.2737563,-1.992064,-0.0370474
1509,0.016684,1,100,0,-88.14207,16.61,0,120.4641,0,0,0.1329872,-0.05878077,0.9893732,0.07117991,0.9962286,0.04962037,-0.9885587,0.06382462,0.1366697,-608.687,5.757955,127.7779,-121.9547,4.352839,-7.252592,122.2477,-3.455026,-42.06444,-1.649611,-0.2652323,-1.954804,-0.05823194
1510,0.016683,1,100,0,-72.7103,8.268501,0,119.846,0,0,0.1648872,-0.0596542,0.9845067,0.06678277,0.9965538,0.04919925,-0.9840488,0.05763575,0.1683029,-610.7189,5.827155,127.6798,-121.4698,3.735518,-3.119987,121.5672,-3.075663,-40.74273,-1.819729,-0.2401998,-1.892626,-0.0750609
1511,0.016688,1,100,0,-57.2739,0,0,119.2224,0,0,0.19551,-0.05999387,0.978865,0.06269924,0.9968498,0.04857314,-0.9786954,0.05187755,0.1986557,-612.7427,5.886341,127.6508,-120.8498,3.166914,1.022076,120.8956,-2.799033,-38.93396,-1.993605,-0.2208146,-1.808006,-0.09200233
1512,0.016682,1,100,0,-41.84304,0,0,118.6424,0,0,0.2245083,-0.0598156,0.9726347,0.05888076,0.9971234,0.04773047,-0.9726918,0.04655358,0.2273845,-614.7549,5.936539,127.6903,-120.1357,2.692043,5.058351,120.2723,-2.461557,-36.84562,-2.153165,-0.196871,-1.710421,-0.1076058
1513,0.016812,1,100,0,-33.43704,0,0,118.1306,0,0,0.2519439,-0.05916055,0.9659319,0.0553576,0.9973764,0.04664752,-0.9661574,0.04171912,0.2545578,-616.7703,5.979694,127.7974,-119.3357,2.315853,9.003284,119.6973,-2.0743,-34.68044,-2.297551,-0.1693752,-1.609291,-0.1216018
1514,0.016549,1,100,0,-25.16254,0,0,117.6856,0,0,0.2771562,-0.05810698,0.9590663,0.05225062,0.9976041,0.04534221,-0.9594032,0.03754494,0.2795283,-618.7407,6.016563,127.967,-118.4862,2.051499,12.74789,119.1877,-1.663348,-32.49945,-2.421949,-0.1401629,-1.507476,-0.1335798
1515,0.016647,1,100,0,-16.83904,0,0,117.3165,0,0,0.3007039,-0.05672331,0.9520293,0.04958276,0.9978097,0.04378998,-0.952428,0.03403643,0.3028578,-620.7083,6.050257,128.1992,-117.5986,1.969163,16.35897,118.7473,-1.043123,-30.25563,-2.456514,-0.09738205,-1.402647,-0.1391551
1516,0.016927,1,100,0,-8.375543,0,0,117.0257,0,0,0.322766,-0.05510497,0.9448733,0.04741224,0.9979917,0.04200695,-0.9452904,0.03124014,0.3247305,-622.6936,6.083645,128.4959,-116.6506,1.979508,19.8597,118.3457,-0.6719712,-27.92397,-2.454851,-0.07045721,-1.294067,-0.1418359
1517,0.016444,1,100,0,-0.1535425,0,0,116.7796,0,0,0.3423653,-0.05339021,0.9380488,0.04565936,0.9981501,0.04014638,-0.938457,0.02908598,0.3441697,-624.6068,6.116723,128.8402,-115.7149,2.076111,23.09132,118.0147,-0.3393257,-25.62443,-2.437027,-0.04611654,-1.187065,-0.1429439
1518,0.016688,1,100,0,8.190457,0,0,116.6012,0,0,0.3604222,-0.05154946,0.9313638,0.04420881,0.9982939,0.03814587,-0.9317412,0.02742587,0.3620863,-626.5327,6.152308,129.2428,-114.7632,2.245865,26.1974,117.7367,-0.0401157,-23.24974,-2.403136,-0.02393407,-1.076654,-0.1426798
1519,0.016664,1,100,0,16.52246,0,0,116.4769,0,0,0.3766087,-0.04964731,0.9250411,0.0430568,0.9984219,0.03605612,-0.9253715,0.02625027,0.3781521,-628.4399,6.190991,129.6956,-113.8255,2.473165,29.11738,117.5167,0.2127223,-20.84412,-2.353861,-0.004825263,-0.9648904,-0.1411259
1520,0.016685,1,100,0,24.86496,0,0,116.4066,0,0,0.3909772,-0.04771081,0.919163,0.04216012,0.9985358,0.03389748,-0.9194345,0.02549889,0.3924162,-630.334,6.233753,130.1966,-112.9122,2.7432,31.85516,117.3518,0.4169154,-18.40341,-2.289725,0.01104743,-0.8515775,-0.1383971
1521,0.01667,1,100,0,33.19995,0,15.003,116.3858,0,0,0.4034344,-0.04578471,0.9138625,0.04149374,0.9986355,0.031714,-0.9140676,0.02512506,0.4047837,-632.2119,6.281299,130.7416,-112.1141,3.071163,34.37551,117.3059,0.5905566,-15.64502,-2.166058,0.02505274,-0.723618,-0.131823
1522,0.016693,1,100,0,41.54646,0,30.0267,116.4716,0,0,0.4138168,-0.04396538,0.9092979,0.04099747,0.9987199,0.02963128,-0.9094367,0.02501699,0.4150896,-634.0797,6.334164,131.3282,-111.4307,3.35924,36.67178,117.358,0.5020414,-12.58761,-1.879123,0.02228642,-0.582105,-0.1148254
1523,0.016678,1,100,0,49.88546,0,45.0369,116.6452,0,0,0.4219257,-0.04236999,0.9056398,0.04055943,0.9987894,0.02783185,-0.9057226,0.02498925,0.4231334,-635.9351,6.3917,131.9516,-110.8658,3.631472,38.78624,117.5108,0.4168179,-9.262747,-1.587756,0.01969604,-0.4282103,-0.09763691
1524,0.016679,1,100,0,58.22496,0,60.048,116.9162,0,0,0.427615,-0.0409952,0.9030309,0.04019381,0.9988454,0.02631183,-0.9030669,0.02504492,0.4287691,-637.7817,6.453654,132.6093,-110.4259,3.881075,40.7247,117.7601,0.3396525,-5.68817,-1.293837,0.01759138,-0.2627509,-0.08038381
1525,0.016689,1,100,0,66.56946,0,75.0681,117.2806,0,0,0.4307369,-0.03983637,0.901598,0.03991662,0.9988886,0.02506498,-0.9015945,0.02519233,0.4318483,-639.6229,6.51966,133.2988,-110.1178,4.103561,42.4884,118.1018,0.2742445,-1.880084,-0.9992127,0.01622204,-0.08647321,-0.06319347
1526,0.016673,1,100,0,74.90596,0,90.0738,117.7335,0,0,0.4311438,-0.03887464,0.9014454,0.03968598,0.9989218,0.02409726,-0.9014102,0.02538536,0.4322217,-641.4579,6.588513,134.0159,-109.9357,4.182033,44.0696,118.5136,0.05896703,2.138464,-0.7449792,0.005243934,0.09946221,-0.04871108
1527,0.016852,1,100,0,83.33196,0,100,118.2512,0,0,0.4286846,-0.03806547,0.902652,0.03940668,0.9989491,0.02341149,-0.9025945,0.02553437,0.4297341,-643.3102,6.659195,134.7665,-109.8798,4.219032,45.47718,118.9939,-0.1113671,6.303085,-0.489731,-0.002876763,0.2921923,-0.03425202
1528,0.01652,1,100,0,91.59196,0,100,118.8278,0,0,0.4234238,-0.03746228,0.905157,0.0391941,0.9989669,0.02301023,-0.9050839,0.02573374,0.4244546,-645.1257,6.729619,135.5242,-109.9405,4.350929,46.63375,119.5012,-0.07740895,10.27741,-0.1443979,0.001885934,0.4761986,-0.01396026
1529,0.016689,1,100,0,99.93646,0,100,119.4112,0,0,0.415304,-0.03710797,0.9089257,0.0391991,0.9989699,0.02287338,-0.9088382,0.02612966,0.4163308,-646.9613,6.802829,136.3077,-110.107,4.458496,47.57215,120.0272,-0.03038285,14.20123,0.1957683,0.007430326,0.6578743,0.005945845
1530,0.016859,1,100,0,108.366,0,100,119.9917,0,0,0.4042685,-0.03699674,0.9138919,0.03942999,0.9989578,0.0229982,-0.9137903,0.0267373,0.405306,-648.8192,6.878472,137.1136,-110.3884,4.543581,48.26728,120.5652,0.02814013,18.07919,0.5285186,0.01371007,0.8374372,0.02527481
1531,0.0165,1,100,0,93.10347,0,100,120.5563,0,0,0.3908675,-0.03711752,0.9196983,0.03987287,0.9989314,0.02336946,-0.919583,0.02753665,0.3919298,-650.6427,6.953788,137.9123,-110.777,4.606885,48.68184,121.0896,0.09383773,21.13712,0.8415636,0.01998322,0.9790242,0.04358361
1532,0.016679,1,100,0,101.443,0,100,121.0754,0,0,0.3750349,-0.03745226,0.9262539,0.0404868,0.9988921,0.02399645,-0.9261264,0.02850155,0.3761357,-652.4932,7.030459,138.7251,-111.2703,4.577212,48.82475,121.5973,0.05057334,24.21161,1.122167,0.01939009,1.121328,0.05964419
1533,0.016683,1,100,0,86.0112,0,100,121.5456,0,0,0.3570274,-0.03796973,0.933322,0.04118013,0.998842,0.02488244,-0.933186,0.02955062,0.3581775,-654.3528,7.106548,139.5389,-111.8662,4.528385,48.68445,122.085,0.02626832,26.60174,1.38862,0.01967511,1.231947,0.07501102
1534,0.016687,1,100,0,94.3547,0,100,121.9635,0,0,0.3371252,-0.03868167,0.940665,0.04200421,0.9987788,0.02601751,-0.9405227,0.03074073,0.3383383,-656.2234,7.182137,140.3489,-112.566,4.533164,48.25255,122.556,0.1526577,29.03,1.701642,0.02978807,1.344419,0.09318207
1535,0.016683,1,100,0,102.6962,0,100,122.3359,0,0,0.3152767,-0.03959952,0.9481732,0.04305512,0.998697,0.02739335,-0.9480224,0.03218722,0.3165709,-658.1057,7.257795,141.15,-113.3409,4.539408,47.5402,122.9912,0.2723032,31.49112,1.994514,0.03966854,1.458433,0.1097959
1536,0.016674,1,100,0,87.27275,0,100,122.6457,0,0,0.2916003,-0.04069183,0.9556745,0.04430478,0.9985972,0.02900095,-0.955514,0.03388426,0.292994,-660.0002,7.333546,141.9372,-114.1755,4.551185,46.54916,123.3839,0.383647,33.31487,2.26579,0.04874146,1.542931,0.1251313
1537,0.016675,1,100,0,95.61025,0,100,122.8892,0,0,0.2663539,-0.04193295,0.9629627,0.04571277,0.9984785,0.03083543,-0.9627905,0.03580655,0.2678655,-661.909,7.409475,142.7065,-115.052,4.559135,45.28232,123.7265,0.4566488,35.22032,2.511445,0.05558219,1.63122,0.1385203
1538,0.016686,1,100,0,103.9533,0,100,123.0638,0,0,0.2394484,-0.04327878,0.9699441,0.04723218,0.9983425,0.03288578,-0.9697596,0.03793813,0.2410957,-663.8338,7.485646,143.4536,-115.9548,4.577765,43.74688,124.0172,0.520839,37.20094,2.734116,0.06206926,1.723017,0.1501162
1539,0.016685,1,100,0,88.51963,0,100,123.1691,0,0,0.211005,-0.0446931,0.9764627,0.04883257,0.9981887,0.03513522,-0.9762643,0.04026947,0.2128053,-665.7736,7.562201,144.1736,-116.8652,4.610747,41.94981,124.2519,0.5749395,38.58156,2.932933,0.06757556,1.787028,0.1603232
1540,0.016683,1,100,0,96.86113,0,100,123.2042,0,0,0.1812978,-0.04614964,0.9823448,0.05048163,0.9980181,0.03756926,-0.9821317,0.04277914,0.1832682,-667.7284,7.639396,144.8621,-117.7655,4.661357,39.89949,124.4284,0.6163729,40.07755,3.107452,0.07246393,1.856413,0.1686431
1541,0.016882,1,100,0,105.3021,0,100,123.173,0,0,0.1498688,-0.04762572,0.9875582,0.05219709,0.9978275,0.04019969,-0.9873273,0.04552298,0.1520292,-669.7216,7.718652,145.5227,-118.6514,4.763085,37.57827,124.5511,0.7163141,41.7005,3.278367,0.08130012,1.931757,0.1763239
1542,0.016487,1,100,0,90.05166,0,100,123.0776,0,0,0.117939,-0.04904534,0.991809,0.05397875,0.9976196,0.0429139,-0.9915527,0.04847539,0.1203056,-671.6824,7.798132,146.1286,-119.4776,4.937769,35.08363,124.62,0.9113646,42.72453,3.424533,0.0957482,1.979451,0.1826202
1543,0.016684,1,100,0,98.39366,0,100,122.9285,0,0,0.08466455,-0.05042899,0.9951326,0.05592392,0.9973847,0.04578518,-0.9948389,0.05177533,0.08726332,-673.6802,7.88172,146.6987,-120.249,5.156531,32.3435,124.6295,1.064216,43.90348,3.545443,0.1076537,2.034346,0.1867759
1544,0.016754,1,100,0,106.7707,0,100,122.7178,0,0,0.05019784,-0.05170681,0.9973999,0.05796396,0.9971264,0.04877538,-0.9970558,0.05536484,0.05305072,-675.6989,7.969556,147.2242,-120.9416,5.417004,29.38801,124.5788,1.172237,45.21773,3.639847,0.1167831,2.095533,0.1887283
1545,0.016655,1,100,0,91.36478,0,100,122.4445,0,0,0.01499746,-0.05282282,0.9984912,0.06001918,0.9968504,0.05183452,-0.9980844,0.05915124,0.0181206,-677.7166,8.061414,147.6964,-121.5331,5.713937,26.25933,124.4689,1.235015,45.97626,3.707419,0.1224177,2.130946,0.1892134
1546,0.016647,1,100,0,99.68829,0,100,122.1141,0,0,-0.02083544,-0.05375481,0.9983369,0.06201246,0.9965615,0.05495343,-0.9978581,0.0630543,-0.01743033,-679.7426,8.158216,148.1152,-122.0096,6.019089,22.95799,124.2965,1.172858,46.89579,3.736014,0.1200779,2.173774,0.1868158
1547,0.016706,1,100,0,108.0413,0,100,121.7276,0,0,-0.0575193,-0.05444891,0.9968585,0.0638696,0.9962655,0.05810183,-0.9962993,0.06701093,-0.05382686,-681.783,8.260714,148.4795,-122.3665,6.369494,19.48572,124.0719,1.13712,47.96744,3.74069,0.1194039,2.223735,0.1825341
1548,0.016688,1,100,0,92.60488,0,100,121.2916,0,0,-0.09477471,-0.05485003,0.9939865,0.06567372,0.9959613,0.06122087,-0.99333,0.07108098,-0.09078974,-683.8265,8.369768,148.7847,-122.5983,6.86722,15.88777,123.8141,1.312001,48.50689,3.665327,0.1314678,2.24931,0.1735653
1549,0.016671,1,100,0,100.9404,0,100,120.8263,0,0,-0.1323174,-0.05489932,0.9896861,0.06754372,0.9956451,0.06426021,-0.988904,0.07534982,-0.1280331,-685.871,8.487267,149.0289,-122.6809,7.411186,12.16346,123.5049,1.398272,49.22454,3.569199,0.1377271,2.283127,0.1627746
1550,0.016678,1,100,0,85.51324,0,100,120.3207,0,0,-0.1701015,-0.05456712,0.9839147,0.06939614,0.9953235,0.06719721,-0.9829802,0.07971022,-0.1655193,-687.9168,8.614074,149.2105,-122.6056,7.988187,8.325355,123.1473,1.404928,49.44036,3.454318,0.138062,2.293601,0.1512996
1551,0.016694,1,100,0,93.86024,0,100,119.7776,0,0,-0.2078812,-0.05385025,0.9766707,0.07115573,0.9950055,0.07000644,-0.9755626,0.08404873,-0.2030112,-689.9446,8.800447,148.648,-117.5405,9.133251,-7.181806,122.7451,1.002316,43.37291,4.925198,0.105972,2.009322,0.25061
1552,0.016964,1,100,0,102.3422,0,100,116.8937,0,0,-0.2415975,-0.05502309,0.9688153,0.0718792,0.9946336,0.07441424,-0.9677107,0.08761597,-0.236346,-691.9376,8.96135,148.4627,-113.206,9.314784,-10.45287,118.3499,0.2327418,42.74848,4.989226,0.05698545,1.97973,0.252821
1553,0.016505,1,100,0,87.07512,0,91.7475,112.8373,0,0,-0.2735073,-0.05611179,0.9602319,0.07180474,0.9943204,0.07855625,-0.9591861,0.09043491,-0.2679248,-693.8062,9.118193,148.2776,-113.2137,9.879984,-12.73069,114.3548,0.43927,43.28257,4.649573,0.07155153,2.005546,0.2281019
1554,0.016703,1,100,0,95.42662,0,83.396,112.8974,0,0,-0.3058848,-0.05665103,0.9503815,0.07190825,0.994002,0.08239521,-0.9493489,0.09354372,-0.2999764,-695.6962,9.28653,148.0508,-113.0276,10.47592,-15.28729,114.5368,0.5407198,43.85291,4.287339,0.07900364,2.033011,0.2015996
1555,0.016767,1,100,0,103.8101,0,75.0125,112.8684,0,0,-0.3384419,-0.0565894,0.9392842,0.07211221,0.9936949,0.08585089,-0.9382202,0.0967894,-0.3322272,-697.5893,9.465556,147.7789,-112.6366,11.08074,-18.07519,114.6146,0.5481837,44.45203,3.90869,0.07999645,2.06177,0.1738249
1556,0.01659,1,100,0,88.46437,0,66.7175,112.7555,0,0,-0.3705176,-0.05593275,0.9271398,0.07234488,0.9934149,0.08884257,-0.9260038,0.09999155,-0.3640313,-699.4548,9.652637,147.4628,-112.043,11.66925,-21.02106,114.5936,0.4792417,44.40896,3.522906,0.07497965,2.060594,0.1466957
1557,0.016685,1,100,0,96.80687,0,58.375,112.5714,0,0,-0.4023045,-0.05471035,0.9138697,0.07255685,0.9931675,0.09139869,-0.9126261,0.1030776,-0.3955862,-701.3199,9.850494,147.0947,-111.2365,12.23675,-24.13904,114.4814,0.3559864,44.44315,3.127397,0.0661116,2.062974,0.1189011
1558,0.016669,1,100,0,105.1414,0,50.0405,112.3277,0,0,-0.4336023,-0.05290326,0.8995501,0.07282027,0.992953,0.09349728,-0.8981572,0.1060461,-0.4266943,-703.1686,10.05826,146.6744,-110.234,12.91814,-27.36189,114.3114,0.4603348,44.54928,2.684639,0.07142144,2.069005,0.08807097
1559,0.016684,1,100,0,89.70867,0,41.6985,112.0526,0,0,-0.4643259,-0.05049242,0.8842241,0.07328476,0.9927596,0.09517367,-0.8826275,0.1089918,-0.4572637,-705.0012,10.27743,146.1994,-109.0245,13.57197,-30.67578,114.0681,0.4661799,44.0559,2.240557,0.06940213,2.047044,0.05831637
1560,0.016692,1,100,0,98.05467,0,33.3525,111.7342,0,0,-0.4941843,-0.04752629,0.8680571,0.07387912,0.9925966,0.09640419,-0.8662122,0.1117727,-0.4870145,-706.8134,10.50736,145.6686,-107.6156,14.18055,-34.04995,113.7611,0.4023385,43.68032,1.798961,0.0626338,2.030496,0.02866698
1561,0.016669,1,100,0,106.3892,0,25.018,111.3857,0,0,-0.523178,-0.04401899,0.851086,0.07438666,0.9924949,0.09705962,-0.8489709,0.1140889,-0.5159771,-708.5984,10.74465,145.0821,-106.0007,14.34155,-37.45535,113.3346,-0.3078719,43.41438,1.372307,0.01416722,2.01848,9.24468e-05
1562,0.016648,1,100,0,90.98978,0,16.694,110.9538,0,0,-0.5512181,-0.04004159,0.8334,0.07447673,0.9924995,0.09694526,-0.831031,0.1155069,-0.5441015,-710.3534,10.98378,144.4396,-104.216,14.4068,-40.86174,112.8637,-0.8813369,42.58653,0.9619837,-0.02625899,1.980344,-0.02556318
1563,0.016691,1,100,0,99.33527,0,8.3485,110.5038,0,0,-0.5781977,-0.03567616,0.8151163,0.07428581,0.9925921,0.09613813,-0.8125079,0.1161384,-0.5712642,-712.0822,11.22413,143.7386,-102.2681,14.3823,-44.25691,112.3578,-1.341117,41.90677,0.5696301,-0.05947513,1.949128,-0.04973589
1564,0.016705,1,100,0,83.88315,0,0,110.0463,0,0,-0.6040256,-0.03098818,0.7963622,0.07393651,0.9927555,0.09470971,-0.7935278,0.1160873,-0.5973586,-713.7791,11.464,142.9806,-100.1791,14.30823,-47.60603,111.8343,-1.690186,40.69822,0.1856083,-0.08601286,1.893332,-0.07176538
1565,0.016684,1,100,0,68.45045,0,0,109.5938,0,0,-0.628386,-0.02608676,0.7774642,0.07352373,0.9929718,0.09274343,-0.7744194,0.1154407,-0.6220515,-715.4387,11.70189,142.1683,-98.04128,14.15601,-50.84113,111.3432,-1.963366,39.16262,-0.1741896,-0.1077807,1.822302,-0.09115888
1566,0.016888,1,100,0,52.82905,0,0,109.1851,0,0,-0.6514329,-0.02099144,0.7584158,0.07310358,0.9932294,0.09028213,-0.755176,0.1142557,-0.6454878,-717.0822,11.93971,141.2919,-95.83904,13.92966,-53.99831,110.8827,-2.175798,37.29819,-0.5126793,-0.1256337,1.735959,-0.1081993
1567,0.016482,1,100,0,44.58805,0,0,108.8221,0,0,-0.6722773,-0.01584104,0.74013,0.07285579,0.993502,0.08744057,-0.7367058,0.1127071,-0.6667547,-718.6503,12.16926,140.3859,-93.72053,13.91707,-56.90558,110.5236,-2.176161,35.40707,-1.147059,-0.1296026,1.64906,-0.1439296
1568,0.016633,1,100,0,36.27155,0,0,108.5551,0,0,-0.691681,-0.01027512,0.7221302,0.07303987,0.993777,0.08410043,-0.7185006,0.110915,-0.6866263,-720.1973,12.40046,139.4237,-91.57021,13.8623,-59.72014,110.1987,-2.160434,33.42725,-1.752976,-0.1324435,1.55799,-0.1776313
1569,0.016863,1,100,0,27.84005,0,0,108.3362,0,0,-0.7097113,-0.004301686,0.7044796,0.07367778,0.9940446,0.08029475,-0.7006296,0.1088906,-0.7051678,-721.7292,12.63369,138.4013,-89.39506,13.76297,-62.44674,109.9113,-2.125117,31.35229,-2.329419,-0.1338573,1.462452,-0.2092694
1570,0.016522,1,100,0,19.57905,0,0,108.1669,0,0,-0.7258072,0.001786206,0.6878958,0.07466062,0.9942938,0.07619353,-0.6838344,0.1066605,-0.721799,-723.1946,12.8593,137.3554,-87.26279,13.43385,-65.00103,109.6376,-2.29129,29.26652,-2.727673,-0.1477942,1.366085,-0.2295515
1571,0.016677,1,100,0,11.24055,0,0,108.0238,0,0,-0.7405344,0.008025229,0.6719707,0.07584006,0.9945388,0.0717007,-0.6677255,0.1040591,-0.7370988,-724.6382,13.08119,136.2578,-85.15346,13.0427,-67.44847,109.4099,-2.407007,27.10605,-3.089488,-0.1580992,1.266203,-0.2473581
1572,0.016689,1,100,0,2.896053,0,0,107.9325,0,0,-0.7537884,0.01431731,0.6569613,0.0772239,0.994765,0.06692651,-0.6525639,0.1011815,-0.750948,-726.0479,13.29642,135.1192,-83.10098,12.59989,-69.76523,109.2324,-2.478467,24.89512,-3.410451,-0.1650928,1.163923,-0.2625466
1573,0.016664,1,100,0,-5.435946,0,0,107.8936,0,0,-0.7655903,0.02060661,0.6429983,0.07881358,0.9949623,0.06195368,-0.6384824,0.09810813,-0.7633576,-727.4218,13.50372,133.9445,-81.12354,12.11467,-71.94666,109.106,-2.512082,22.64337,-3.689645,-0.1691458,1.059686,-0.2751465
1574,0.016674,1,100,0,-13.77295,0,0,107.9055,0,0,-0.7760163,0.02686834,0.6301403,0.08060849,0.995124,0.05683841,-0.6255406,0.09490219,-0.7743982,-728.7639,13.70285,132.7334,-79.22926,11.59453,-73.99883,109.03,-2.513023,20.34943,-3.927902,-0.1705689,0.9534301,-0.2852615
1575,0.016702,1,100,0,-22.12395,0,0,107.966,0,0,-0.7851207,0.03307467,0.6184593,0.08260141,0.9952443,0.05163587,-0.6138103,0.091626,-0.784119,-730.0773,13.89349,131.4867,-77.4278,11.04753,-75.92519,109.0034,-2.484884,18.01394,-4.125775,-0.169575,0.8451784,-0.2929698
1576,0.016663,1,100,0,-30.45545,0,0,108.0726,0,0,-0.7929096,0.03921388,0.6080762,0.08475977,0.9953234,0.04633686,-0.6034154,0.08828134,-0.7925252,-731.3581,14.07409,130.2118,-75.7473,10.41738,-77.68793,109.0027,-2.64153,15.65079,-4.408844,-0.179862,0.7359083,-0.3063292
1577,0.016768,1,100,0,-38.83945,0,0,108.1964,0,0,-0.7994773,0.04544497,0.5989746,0.0871529,0.9953587,0.0408076,-0.5943401,0.08482713,-0.7997274,-732.6196,14.24584,128.8999,-74.1991,9.889389,-79.33914,109.078,-2.554317,13.2388,-4.788899,-0.1739789,0.6243482,-0.3260947
1578,0.016615,1,100,0,-47.14695,0,0,108.3881,0,0,-0.8047519,0.05173729,0.5913525,0.08989545,0.9953272,0.03525479,-0.5867652,0.08153126,-0.8056424,-733.8446,14.40731,127.5732,-72.7824,9.372418,-80.8573,109.1926,-2.437406,10.82244,-5.117445,-0.165667,0.5124653,-0.3428901
1579,0.016668,1,100,0,-55.48095,0,0,108.6124,0,0,-0.8088415,0.05813251,0.5851462,0.09299415,0.9952245,0.0296723,-0.580627,0.07841536,-0.8103849,-735.0505,14.56075,126.2177,-71.48616,8.868126,-82.26412,109.3449,-2.292406,8.371593,-5.398986,-0.1549972,0.3988581,-0.3569445
1580,0.016931,1,100,0,-63.94645,0,0,108.8678,0,0,-0.8117886,0.06467715,0.5803586,0.09647007,0.9950452,0.02404827,-0.5759277,0.07550934,-0.8140058,-736.2542,14.70816,124.8175,-70.30449,8.378878,-83.57565,109.5345,-2.119991,5.854172,-5.636001,-0.1419574,0.2820264,-0.3683576
1581,0.016446,1,100,0,-72.16945,0,0,109.154,0,0,-0.8134946,0.07104591,0.5772167,0.100136,0.9947984,0.01868227,-0.572887,0.07299809,-0.8163773,-737.4049,14.84354,123.4366,-69.29708,7.9352,-84.73421,109.7494,-1.931457,3.394126,-5.818076,-0.1273719,0.1677163,-0.3766121
1582,0.016677,1,100,0,-80.50795,0,0,109.4537,0,0,-0.8140917,0.07738501,0.5755574,0.1038793,0.9945022,0.01321806,-0.5713702,0.07054923,-0.8176547,-738.5553,14.9703,122.018,-68.35575,6.930202,-85.7234,109.8592,-2.485061,0.8799573,-5.694725,-0.1596862,0.05143033,-0.3653997
1583,0.016689,1,100,0,-88.85245,0,0,109.6375,0,0,-0.8135747,0.08338888,0.5754498,0.1071788,0.9942118,0.00745808,-0.5714971,0.06774373,-0.8178031,-739.6918,15.0801,120.5826,-67.5867,5.873616,-86.59248,110.0033,-2.936285,-1.65495,-5.533506,-0.1848601,-0.06598752,-0.3519797
1584,0.016686,1,100,0,-97.19545,0,0,109.8391,0,0,-0.8119177,0.08922658,0.5769128,0.1103106,0.9938961,0.001527466,-0.5732551,0.0648798,-0.8168045,-740.8169,15.17422,119.1334,-67.11182,5.174316,-87.36674,110.2893,-2.855689,-4.209487,-5.902009,-0.1753965,-0.18451,-0.3727635
1585,0.016671,1,100,0,-105.531,0,0,110.1694,0,0,-0.8090624,0.09526344,0.5799509,0.113787,0.9934953,-0.004453894,-0.5766028,0.06238737,-0.8146395,-741.9338,15.25701,117.6732,-66.78612,4.547328,-88.02866,110.5898,-2.726751,-6.777133,-6.218133,-0.1622718,-0.3038633,-0.3903985
1586,0.016684,1,100,0,-90.09825,0,0,110.5044,0,0,-0.8050777,0.1014779,0.5844247,0.1175926,0.9930072,-0.01043266,-0.5813967,0.06032494,-0.811381,-743.0471,15.32987,116.2015,-66.61201,4.005808,-88.5762,110.9006,-2.55131,-8.694831,-6.481965,-0.1467699,-0.3932047,-0.4055374
1587,0.016695,1,100,0,-98.44576,0,0,110.8387,0,0,-0.8001407,0.1077511,0.5900548,0.1214306,0.9924616,-0.01657011,-0.5873922,0.05839229,-0.8071932,-744.1586,15.39131,114.721,-66.50122,3.026899,-88.88757,111.0521,-3.283601,-10.67788,-6.423189,-0.1887563,-0.4843217,-0.399965
1588,0.016668,1,100,0,-106.7798,0,0,110.9885,0,0,-0.7942468,0.1138361,0.5968363,0.1247248,0.9919199,-0.02321237,-0.5946562,0.05600392,-0.8020274,-745.2675,15.43598,113.2383,-66.56854,1.985706,-89.07412,111.2183,-3.961937,-12.72051,-6.329276,-0.2267618,-0.5783322,-0.3923353
1589,0.016682,1,100,0,-91.34891,0,0,111.1365,0,0,-0.7874319,0.1197364,0.6046604,0.1274784,0.9913783,-0.03030385,-0.6030757,0.05321893,-0.7959067,-746.3793,15.46303,111.7521,-66.80772,0.8917933,-89.13572,111.3968,-4.577477,-14.15693,-6.203009,-0.2616329,-0.6442394,-0.3834947
1590,0.016702,1,100,0,-99.69991,0,0,111.2813,0,0,-0.7798073,0.1256638,0.6132776,0.1299664,0.9907991,-0.03776238,-0.6123802,0.05025809,-0.7889645,-747.4984,15.47167,110.2634,-67.39479,-0.231258,-89.11884,111.7331,-4.616501,-15.70837,-6.632069,-0.2590602,-0.7162482,-0.4103848
1591,0.017071,1,100,0,-108.2354,0,0,111.5712,0,0,-0.7710594,0.132056,0.6229196,0.1325518,0.9901162,-0.04582532,-0.6228142,0.04723505,-0.7809427,-748.652,15.4619,108.7435,-67.94951,-1.25464,-88.85188,111.8632,-5.427809,-17.39713,-6.814734,-0.3049911,-0.793205,-0.4214771
1592,0.016275,0.5,100,0,-93.18103,0,0,111.6489,0,0,-0.7618833,0.1381747,0.6328048,0.1344826,0.9894365,-0.05413208,-0.6335999,0.04385892,-0.7724172,-749.8662,15.49072,107.6235,-82.23879,6.430474,-35.30853,112.0903,-8.822104,-34.00855,-11.89022,-0.4784448,-1.556535,-0.7345492
1593,0.01674,0.5,100,0,-101.551,0,0,79.66143,0,0,-0.7434469,0.1491341,0.6519552,0.1384688,0.9880221,-0.06810842,-0.6543034,0.03964042,-0.7551925,-751.2397,15.59389,107.0571,-77.61005,5.057497,-32.79942,88.13319,-9.354326,-34.0316,-11.63825,-0.5054237,-1.557308,-0.7209762
1594,0.016894,0.5,100,0,-85.92409,0,0,75.75089,0,0,-0.7243626,0.1600511,0.670584,0.1416197,0.98648,-0.08247015,-0.6747171,0.03522965,-0.7372355,-752.5447,15.67224,106.5123,-73.20272,3.573464,-31.28079,83.12077,-9.761651,-33.37862,-11.24004,-0.5263323,-1.52687,-0.6986101
1595,0.016527,0.5,100,0,-94.18759,0,0,72.57833,0,0,-0.7054839,0.1706448,0.6878755,0.1438019,0.9848572,-0.09683555,-0.6939836,0.03060188,-0.71934,-753.7586,15.73411,106.0355,-70.04469,3.154949,-27.08544,78.83927,-10.66536,-33.94434,-11.55688,-0.5754982,-1.551546,-0.7214047
1596,0.016699,0.5,100,0,-102.5371,0,0,68.19006,0,0,-0.6855249,0.1817891,0.7049882,0.1452445,0.9830082,-0.112245,-0.7134141,0.02544891,-0.7002804,-754.9185,15.77732,105.57,-68.29073,1.444683,-29.4777,74.3952,-11.36942,-33.93966,-11.44557,-0.6131859,-1.550369,-0.7174804
1597,0.016669,0.5,100,0,-87.11827,0,0,69.399,0,0,-0.6652027,0.1929158,0.7213107,0.1458535,0.9810085,-0.1278643,-0.7322789,0.02014998,-0.680707,-756.0488,15.79169,105.0676,-66.86362,-0.3095104,-31.47281,73.90113,-11.53907,-33.4928,-11.18103,-0.6184021,-1.530211,-0.7040423
1598,0.016687,0.5,100,0,-95.46177,0,0,70.38035,0,0,-0.6446127,0.2039297,0.7368089,0.1458131,0.9788704,-0.1433584,-0.7504754,0.01502574,-0.6607279,-757.1585,15.77714,104.5329,-65.77721,-2.002982,-33.17105,73.69512,-11.6883,-33.30329,-10.8648,-0.6216305,-1.522225,-0.6870368
1599,0.016686,0.5,100,0,-103.8048,0,0,71.25111,0,0,-0.6236694,0.2147496,0.7516109,0.1451179,0.9766164,-0.1586226,-0.7680998,0.01014411,-0.6402498,-758.2516,15.73469,103.9716,-64.99039,-3.630109,-34.58603,73.70971,-11.82801,-33.35076,-10.49866,-0.6235436,-1.525442,-0.666608
1600,0.016624,0.5,100,0,-88.42757,0,0,72.02598,0,0,-0.6024778,0.2252759,0.7656835,0.1437541,0.9742794,-0.1735351,-0.7850829,0.005519032,-0.6193661,-759.329,15.66578,103.3903,-64.46667,-5.180595,-35.72927,73.88756,-11.97505,-32.95264,-10.0862,-0.6278085,-1.507616,-0.6431054
1601,0.01668,1,100,0,-96.76758,0,0,72.7126,0,0,-0.5810298,0.235692,0.7790083,0.1417642,0.9718275,-0.1882942,-0.8014411,0.001030929,-0.5980735,-760.4006,15.56668,102.7872,-63.80113,-7.466538,-37.00695,74.13399,-12.17802,-32.81166,-10.09777,-0.6347339,-1.501666,-0.6466352
1602,0.016724,1,100,0,-105.1296,0,0,73.25803,0,0,-0.5591696,0.2462675,0.7916324,0.1392774,0.9691963,-0.2031269,-0.8172708,-0.003325902,-0.5762446,-761.4687,15.43528,102.1619,-63.99768,-8.642701,-38.15693,75.009,-12.47355,-32.90446,-10.08303,-0.6464244,-1.506461,-0.6483968
1603,0.016658,1,100,0,-89.72092,0,0,74.31989,0,0,-0.5370612,0.2568833,0.8034776,0.1363258,0.9664136,-0.2178532,-0.8324545,-0.007465772,-0.5540431,-762.5374,15.28658,101.522,-64.4791,-9.495387,-38.91811,75.91005,-12.43981,-32.54947,-10.00008,-0.6392689,-1.491493,-0.6456078
1604,0.016648,1,100,0,-74.32153,0,0,75.30911,0,0,-0.5149327,0.2674861,0.8144296,0.1331264,0.9634968,-0.2322741,-0.8468304,-0.01118343,-0.5317455,-763.6146,15.12561,100.8716,-65.17525,-10.01837,-39.36412,76.79658,-12.07935,-31.78601,-9.849186,-0.6135899,-1.458598,-0.63806
1605,0.016888,1,100,0,-65.87753,0,0,76.23611,0,0,-0.4927022,0.278136,0.8245514,0.1298694,0.9604353,-0.2463699,-0.8604525,-0.01430302,-0.5093299,-764.7201,14.95532,100.2057,-66.0414,-10.21437,-39.56013,77.65825,-11.40879,-30.82948,-9.628237,-0.56966,-1.417957,-0.6254913
1606,0.016476,1,100,0,-57.63953,0,0,77.12074,0,0,-0.4713724,0.28832,0.8334745,0.1269147,0.9573921,-0.2594095,-0.8727548,-0.0164983,-0.4878802,-765.8134,14.78773,99.55387,-66.99777,-10.08645,-39.55369,78.45338,-10.50474,-29.7405,-9.347819,-0.512448,-1.372038,-0.6084134
1607,0.016691,1,100,0,-49.29403,0,0,77.9365,0,0,-0.4502604,0.2983293,0.841585,0.1243374,0.9542986,-0.2717623,-0.8841981,-0.01772326,-0.4667763,-766.9375,14.6217,98.89451,-68.04066,-9.666668,-39.39708,79.21557,-9.412734,-28.48805,-9.00285,-0.4448982,-1.319191,-0.5865075
1608,0.016781,1,100,0,-40.90353,0,0,78.72237,0,0,-0.4295523,0.3080943,0.8488597,0.1235745,0.9512121,-0.2827103,-0.894547,-0.01654144,-0.4466679,-768.0865,14.46378,98.2347,-69.31591,-8.896804,-39.15409,80.1055,-4.316171,-27.11857,-8.94933,-0.1286774,-1.281442,-0.5816104
1609,0.016629,1,100,0,-32.58903,0,0,79.64238,0,0,-0.4095075,0.3175501,0.8552576,0.1261097,0.9481708,-0.2916652,-0.9035487,-0.01158279,-0.4283293,-769.2455,14.32243,97.58532,-70.45409,-7.702062,-38.83771,80.8175,-2.834874,-25.61431,-8.892134,-0.03989,-1.21844,-0.5751728
1610,0.016621,1,100,0,-24.27853,0,0,80.38324,0,0,-0.3902646,0.3267169,0.8607844,0.1296509,0.9451065,-0.2999406,-0.9115285,-0.005454734,-0.4112007,-770.4738,14.23387,97.03558,-70.73594,-4.944085,-33.88151,81.51257,-1.933726,-21.4629,-9.299657,-0.002570787,-1.024678,-0.5981557
1611,0.016741,1,100,0,-15.90803,0,0,78.4369,0,0,-0.3736022,0.3361292,0.8645455,0.1337015,0.941816,-0.308394,-0.9179029,0.0003743842,-0.3968055,-771.6723,14.16422,96.48437,-69.25708,-3.312945,-32.47751,79.40969,-1.26417,-19.05405,-9.156676,0.02893221,-0.9132802,-0.5868394
1612,0.016729,1,100,0,-7.54353,0,0,76.45729,0,0,-0.3585712,0.345212,0.8673265,0.1379395,0.9385045,-0.3165151,-0.9232546,0.006145395,-0.384139,-772.8517,14.12935,95.97187,-68.29441,-1.308652,-30.19106,77.43066,-0.7537292,-16.09273,-9.100821,0.04646361,-0.7739099,-0.5816966
1613,0.0167,1,100,0,0.8064699,0,15.03,74.64265,0,0,-0.3456713,0.3540861,0.8689848,0.142214,0.9351432,-0.3244727,-0.9275165,0.0114209,-0.3736082,-774.0425,14.14291,95.54916,-63.77481,-0.3041589,-29.44072,75.64021,-0.09686929,-13.68834,-8.861217,0.07535122,-0.6620538,-0.5653942
1614,0.016683,1,100,0,9.147969,0,30.0447,70.148,0,0,-0.3344194,0.3626541,0.8698539,0.1476544,0.9317594,-0.331697,-0.9307859,0.01751184,-0.3651459,-775.1126,14.14763,95.05558,-64.88017,1.459444,-29.87316,71.44209,3.534554,-11.77574,-8.614945,0.2901249,-0.5915784,-0.5491702
1615,0.01669,1,100,0,17.49297,0,45.0657,71.32316,0,0,-0.3242972,0.3708636,0.870225,0.1559834,0.9283151,-0.3374912,-0.9330062,0.02629323,-0.3588986,-776.2016,14.18247,94.55429,-65.98163,3.34666,-30.35797,72.7075,6.385269,-9.594937,-8.300684,0.4539362,-0.5033633,-0.5289307
1616,0.016871,1,100,0,25.92847,0,60.2496,72.54469,0,0,-0.3155108,0.3787546,0.8700563,0.1664645,0.9247627,-0.342204,-0.9342068,0.03686442,-0.3548218,-777.3209,14.2498,94.0392,-67.0837,5.284777,-30.87559,74.03684,8.264284,-7.131254,-7.931223,0.5551,-0.3952677,-0.5059452
1617,0.016477,1,100,0,34.16697,0,75.0789,73.82021,0,0,-0.3086645,0.3861772,0.8692488,0.1773463,0.9212126,-0.3462885,-0.9344916,0.04727106,-0.3528327,-778.4323,14.34505,93.52882,-68.17059,6.77531,-31.17268,75.26534,7.741904,-4.488832,-7.851113,0.5067043,-0.2628692,-0.5020006
1618,0.016676,1,100,0,42.50497,0,90.0873,75.02386,0,0,-0.3037948,0.3936505,0.8676105,0.1874918,0.9175442,-0.3506559,-0.9341069,0.05614243,-0.3525514,-779.5753,14.46557,93.00733,-69.27756,8.135427,-31.47088,76.52438,7.118093,-1.595307,-7.71451,0.4499432,-0.1170514,-0.4954251
1619,0.016807,1,100,0,50.90847,0,100,76.26449,0,0,-0.3011661,0.4011605,0.8650833,0.1967427,0.9138246,-0.3552699,-0.9330546,0.06320357,-0.3541384,-780.7458,14.60906,92.47668,-70.39062,9.344625,-31.77827,77.79472,6.481682,1.463383,-7.523484,0.390763,0.03747497,-0.4861711
1620,0.016554,1,100,0,59.18547,0,100,77.5228,0,0,-0.3009159,0.4085385,0.861711,0.2048915,0.9101868,-0.3599713,-0.9313802,0.06823614,-0.3575957,-781.917,14.76939,91.94887,-71.46049,10.3683,-32.09813,79.02148,5.906798,4.475821,-7.28609,0.3350676,0.1898351,-0.4743345
1621,0.016683,1,100,0,67.52696,0,100,78.74253,0,0,-0.3030153,0.4159377,0.8574249,0.2121951,0.9065855,-0.3647955,-0.9290612,0.07140274,-0.3629692,-783.1151,14.94717,91.4114,-72.51077,11.23305,-32.45598,80.23331,5.4119,7.516224,-7.001902,0.2834803,0.3435432,-0.4597288
1622,0.016721,1,100,0,75.88746,0,100,79.94954,0,0,-0.3074708,0.4232502,0.8522447,0.2189539,0.9030678,-0.3694968,-0.9260244,0.07299282,-0.3703393,-784.3331,15.14085,90.86539,-73.49449,12.28381,-33.05285,81.51579,5.927835,10.56082,-6.560359,0.292813,0.4909718,-0.4355686
1623,0.016612,1,100,0,84.19346,0,100,81.19509,0,0,-0.3141826,0.430306,0.8462422,0.2256541,0.8996819,-0.3737014,-0.9221548,0.07354758,-0.3797648,-785.5591,15.34982,90.31266,-74.43203,13.17037,-33.716,82.76687,6.267242,13.58775,-6.090905,0.2908485,0.6391445,-0.4093947
1624,0.01671,1,100,0,92.54846,0,100,82.41065,0,0,-0.3232391,0.4371599,0.83929,0.2322215,0.8964258,-0.3774837,-0.917382,0.07288369,-0.3912778,-786.8079,15.57395,89.74512,-75.33054,13.89901,-34.46303,83.99746,6.501552,16.63649,-5.592868,0.281727,0.789533,-0.3810274
1625,0.016659,1,100,0,100.878,0,100,83.60452,0,0,-0.3345506,0.443707,0.8313845,0.2386675,0.8933513,-0.3807383,-0.9116547,0.07104824,-0.4047696,-788.0675,15.80964,89.16589,-76.15721,14.64378,-35.38811,85.24483,7.234895,19.6742,-5.075994,0.3023999,0.9362523,-0.3512199
1626,0.01671,1,100,0,85.42121,0,100,84.79353,0,0,-0.3479607,0.4499291,0.8224885,0.2452846,0.8904445,-0.3833335,-0.9048533,0.06835879,-0.4202004,-789.3444,16.05763,88.56882,-76.92329,15.23367,-36.42038,86.46214,7.78217,22.0552,-4.543458,0.3159575,1.051817,-0.3190305
1627,0.016634,1,100,0,93.73821,0,100,85.94951,0,0,-0.363038,0.4557068,0.8127329,0.2518783,0.887765,-0.385267,-0.8970846,0.06484318,-0.4370751,-790.6277,16.3134,87.95673,-77.61576,15.65979,-37.55525,87.63465,8.179044,24.48047,-4.003819,0.319813,1.170895,-0.2857462
1628,0.016675,1,100,0,102.0757,0,100,87.0578,0,0,-0.3798923,0.4610313,0.801955,0.2584377,0.885325,-0.3865353,-0.8881956,0.06041364,-0.455476,-791.9254,16.57655,87.32328,-78.21788,16.02154,-38.85685,88.79517,8.810022,26.96142,-3.422129,0.337152,1.291234,-0.2491848
1629,0.016687,1,100,0,86.64024,0,100,88.13906,0,0,-0.3983255,0.4658152,0.7901601,0.2650236,0.8831559,-0.3870377,-0.8781226,0.05524403,-0.4752356,-793.2335,16.84508,86.66704,-78.73187,16.23165,-40.27006,89.91024,9.290048,28.82348,-2.842765,0.3497913,1.381766,-0.2113647
1630,0.016913,1,100,0,95.09673,0,100,89.17069,0,0,-0.4182867,0.4700483,0.7772329,0.2715967,0.8812628,-0.3867963,-0.8667594,0.04930213,-0.4962841,-794.5675,17.11996,85.97728,-79.15446,16.29108,-41.81211,90.98945,9.648195,30.81163,-2.262996,0.354191,1.479599,-0.1727777
1631,0.016455,1,100,0,103.3242,0,100,90.16174,0,0,-0.43898,0.4735364,0.7635837,0.2777535,0.8797392,-0.3858913,-0.8544881,0.04268946,-0.5177143,-795.8717,17.38756,85.28049,-79.46183,16.20206,-43.41507,91.98672,9.907786,32.82648,-1.710406,0.352676,1.579525,-0.1350981
1632,0.016672,1,100,0,87.90263,0,100,91.06744,0,0,-0.4610621,0.4763923,0.7486469,0.28367,0.8785295,-0.3843403,-0.8408052,0.03516394,-0.5401949,-797.1977,17.65641,84.54712,-79.66121,15.97118,-45.13671,92.9425,10.11207,34.28302,-1.166756,0.3522146,1.651751,-0.09663558
1633,0.016868,1,100,0,96.33663,0,100,91.92378,0,0,-0.4842385,0.4785261,0.7324793,0.2893192,0.8776615,-0.3821056,-0.8257164,0.02689008,-0.5634443,-798.5419,17.92395,83.77528,-79.72913,15.63727,-47.00114,93.86355,10.40665,35.88658,-0.6027803,0.3564399,1.730624,-0.05609275
1634,0.01649,1,100,0,104.5816,0,100,92.73666,0,0,-0.5077316,0.4798281,0.7155235,0.2944898,0.877175,-0.3792628,-0.8096203,0.01815064,-0.586674,-799.8563,18.17934,82.98975,-79.66686,15.18403,-48.90904,94.70722,10.62103,37.56321,-0.07672559,0.3558002,1.813668,-0.01721106
1635,0.016683,1,100,0,89.14986,0,100,93.46917,0,0,-0.5321665,0.4803146,0.6972065,0.2994501,0.8770516,-0.3756467,-0.7919146,0.008871943,-0.6105677,-801.1842,18.43043,82.16206,-79.42597,14.78209,-51.02237,95.55248,11.38955,38.69795,0.4755166,0.3930166,1.865087,0.02425655
1636,0.016682,1,100,0,97.49086,0,100,94.18234,0,0,-0.5569513,0.4799291,0.6778447,0.3043573,0.8773074,-0.3710778,-0.7727692,-0.000365302,-0.6346874,-802.5071,18.67425,81.29874,-79.0351,14.28047,-53.20823,96.34103,11.94902,39.98232,0.9908412,0.4172204,1.925428,0.06378029
1637,0.016687,1,100,0,105.8344,0,100,94.84126,0,0,-0.5821199,0.4786788,0.6572695,0.3090102,0.8779356,-0.3657072,-0.7520966,-0.009782493,-0.6589804,-803.823,18.90924,80.39835,-78.48954,13.68331,-55.45349,97.07178,12.33312,41.40306,1.465946,0.4305858,1.993729,0.1013254
1638,0.016684,1,100,0,90.40166,0,100,95.44062,0,0,-0.607519,0.476566,0.6354568,0.3132631,0.8789237,-0.3596654,-0.7299223,-0.01943839,-0.6832533,-805.1287,19.13371,79.4604,-77.78413,12.99417,-57.74504,97.74309,12.57116,42.28033,1.897658,0.4399946,2.035498,0.1365628
1639,0.016678,1,100,0,98.74065,0,100,95.97829,0,0,-0.6328688,0.4736047,0.6125161,0.3170234,0.8802515,-0.3530634,-0.7063807,-0.02926086,-0.7072275,-806.4213,19.34612,78.48439,-76.91526,12.21667,-60.07012,98.35458,12.67135,43.32417,2.283969,0.4406357,2.086417,0.1693623
1640,0.01669,1,100,0,107.0857,0,100,96.45723,0,0,-0.6582012,0.4697776,0.588286,0.3202517,0.8819098,-0.3459395,-0.6813298,-0.03929825,-0.7309211,-807.6992,19.5456,77.46844,-75.85703,11.42282,-62.46812,98.92944,13.02969,44.52103,2.683239,0.4565017,2.142858,0.2036762
1641,0.01676,1,100,0,91.58266,0,100,96.89403,0,0,-0.6834425,0.4650443,0.5627079,0.3230944,0.8839161,-0.3380861,-0.6546116,-0.04925463,-0.7543591,-808.9636,19.73278,76.4076,-74.59388,10.65824,-64.94498,99.47711,13.62799,45.19085,3.049014,0.4916081,2.170747,0.2358959
1642,0.016924,1,100,0,100.0447,0,100,97.29689,0,0,-0.7084483,0.4594101,0.5357643,0.3256128,0.8862685,-0.3294003,-0.6261609,-0.0589114,-0.7774652,-810.218,19.90854,75.2943,-73.13534,9.839516,-67.44759,99.97385,13.9571,46.05387,3.361212,0.5099899,2.209969,0.2647794
1643,0.016505,1,100,0,84.77753,0,100,97.65298,0,0,-0.7322675,0.4531351,0.5083827,0.3275625,0.888836,-0.3204269,-0.5970655,-0.06811108,-0.7992958,-811.4164,20.06629,74.16768,-71.53831,8.994906,-69.87299,100.4036,14.04509,46.40249,3.609135,0.5182002,2.224902,0.2887777
1644,0.016903,1,100,0,93.22903,0,100,97.9496,0,0,-0.7558576,0.4459851,0.47935,0.328941,0.8916919,-0.3109393,-0.5661069,-0.07734801,-0.8206949,-812.6155,20.21318,72.97274,-69.72977,8.0831,-72.32397,100.7886,13.9266,46.97038,3.805629,0.5131642,2.251957,0.3097622
1645,0.016413,1,100,0,101.4355,0,100,98.2052,0,0,-0.7780054,0.4383675,0.4500462,0.3295839,0.8946367,-0.3016616,-0.5348666,-0.08636637,-0.840511,-813.7496,20.34078,71.77284,-67.81167,7.157992,-74.65839,101.1115,13.64526,47.70081,3.929736,0.4975736,2.288033,0.3261882
1646,0.016677,1,100,0,86.0093,0,100,98.40318,0,0,-0.7996283,0.4299962,0.4191633,0.3295053,0.8977483,-0.2923601,-0.5020169,-0.09566286,-0.859551,-814.8689,20.45465,70.51484,-65.70454,6.171447,-76.96922,101.3875,13.22857,47.94809,4.000716,0.4778081,2.300668,0.3387909
1647,0.016919,1,100,0,94.4688,0,100,98.55338,0,0,-0.8204528,0.4209049,0.3869062,0.3287986,0.9010146,-0.2829568,-0.467706,-0.1049385,-0.8776329,-815.9675,20.55407,69.19917,-63.35465,5.289083,-79.33357,101.6642,13.47298,48.41821,4.058465,0.4974104,2.319653,0.3514469
1648,0.016459,1,100,0,102.6983,0,100,98.70207,0,0,-0.8396255,0.4114972,0.3545406,0.3276728,0.9043111,-0.2735907,-0.4331968,-0.1135405,-0.894119,-816.997,20.63633,67.88113,-60.91378,4.418859,-81.55634,101.8894,13.42085,49.06058,4.057899,0.498168,2.348986,0.3600223
1649,0.016708,1,100,0,87.2434,0,100,98.80701,0,0,-0.8578961,0.4014464,0.3207104,0.3260103,0.9077131,-0.2641484,-0.3971545,-0.122057,-0.9095993,-818.0003,20.7051,66.50632,-58.28909,3.515943,-83.71932,102.073,13.13419,49.22074,4.001849,0.4883914,2.355699,0.3639978
1650,0.016683,1,100,0,95.5849,0,100,98.87167,0,0,-0.8747825,0.3909934,0.2861466,0.3238154,0.9111071,-0.255005,-0.3604155,-0.1304152,-0.9236302,-818.9575,20.75856,65.0981,-55.53048,2.586461,-85.77248,102.2117,12.65157,49.59572,3.892164,0.4655208,2.374094,0.3647071
1651,0.016693,1,100,0,103.9314,0,100,98.89879,0,0,-0.8903227,0.3801358,0.2506441,0.3210782,0.9144463,-0.2463674,-0.3228536,-0.1388701,-0.9362056,-819.8685,20.79635,63.6554,-52.64379,1.623022,-87.70814,102.307,12.02497,50.16766,3.731115,0.4329,2.402882,0.3626014
1652,0.016657,1,100,0,88.52367,0,100,98.88371,0,0,-0.9043956,0.3689427,0.2143591,0.3178519,0.9176762,-0.2384132,-0.2846731,-0.1474854,-0.9472114,-820.7289,20.8178,62.1843,-49.64569,0.622913,-89.51145,102.3591,11.30209,50.25281,3.521881,0.3975791,2.408123,0.3564216
1653,0.016698,1,100,0,96.87267,0,100,98.82719,0,0,-0.9169351,0.3574433,0.1773814,0.314269,0.9208056,-0.2309799,-0.245896,-0.1560481,-0.9566523,-821.5403,20.8234,60.67971,-46.47393,-0.232541,-91.26819,102.4195,11.17789,50.56044,3.248813,0.3980359,2.4205,0.3472782
1654,0.016696,1,100,0,105.2207,0,100,98.77597,0,0,-0.9278839,0.3457023,0.1397198,0.3104981,0.9238503,-0.2238122,-0.2064526,-0.164289,-0.9645658,-822.2982,20.81465,59.14675,-43.19418,-1.100701,-92.8856,102.4436,10.81206,51.06839,2.931704,0.3826412,2.443919,0.3354365
1655,0.016977,1,100,0,89.51695,0,100,98.69266,0,0,-0.9373229,0.3335703,0.1007817,0.3064918,0.9268028,-0.2170244,-0.1657977,-0.1725332,-0.97095,-823.0121,20.79079,57.56123,-39.75994,-2.007909,-94.37666,102.4297,10.2551,51.08525,2.567859,0.3584987,2.444197,0.3191724
1656,0.016382,1,100,0,97.70795,0,100,98.57355,0,0,-0.9447322,0.3217651,0.0628361,0.3025267,0.9294707,-0.211097,-0.126328,-0.1804205,-0.9754435,-823.645,20.75289,56.00798,-36.36308,-2.917745,-95.66127,102.381,9.586067,51.31658,2.17992,0.3258164,2.455565,0.3015829
1657,0.016659,1,100,0,106.0375,0,100,98.43226,0,0,-0.9505523,0.3096539,0.02376614,0.2984532,0.9319664,-0.2058268,-0.08588431,-0.188556,-0.9783,-824.2313,20.69889,54.40783,-32.83685,-3.881295,-96.80517,102.2964,8.82536,51.75654,1.753379,0.2865457,2.477396,0.2823752
1658,0.016867,1,100,0,90.43548,0,91.5665,98.25651,0,0,-0.9546494,0.2972932,-0.01616468,0.2943457,0.934233,-0.2014184,-0.04477874,-0.1970419,-0.9793718,-824.7645,20.62665,52.76976,-29.14759,-5.07909,-97.70685,102.0882,7.734306,51.57211,1.360871,0.2300051,2.470616,0.2633716
1659,0.016497,1,100,0,98.68398,0,83.318,97.99732,0,0,-0.9568876,0.2851629,-0.05521205,0.2904193,0.936182,-0.1980411,-0.00478543,-0.2055377,-0.9786377,-825.2246,20.5368,51.15366,-25.37383,-6.172419,-98.4437,101.8484,7.08161,51.49302,0.9216211,0.1998983,2.466719,0.2421732
1660,0.01666,1,100,0,107.014,0,74.988,97.7308,0,0,-0.9573804,0.2728953,-0.09461011,0.2866404,0.9379626,-0.1950987,0.03549921,-0.2139028,-0.9762098,-825.6254,20.42829,49.51007,-21.40756,-7.186555,-99.04121,101.5829,6.923021,51.50863,0.4694228,0.2003468,2.465043,0.2208874
1661,0.016722,1,100,0,91.54613,0,66.627,97.46227,0,0,-0.9561023,0.2606367,-0.1339286,0.28308,0.9396217,-0.1922934,0.0757235,-0.2217646,-0.9721555,-825.9608,20.30231,47.85154,-17.33823,-8.22015,-99.42909,101.2637,6.615688,50.94248,-0.005737328,0.1939465,2.435802,0.1954303
1662,0.016624,1,100,0,99.85812,0,58.315,97.17056,0,0,-0.9531162,0.248638,-0.1724781,0.2798409,0.9411111,-0.1897337,0.1151461,-0.2291047,-0.9665673,-826.2263,20.15982,46.19747,-13.23273,-9.265214,-99.60109,100.9026,6.199245,50.5153,-0.4952194,0.1796022,2.413755,0.1689179
1663,0.016669,1,100,0,108.1926,0,49.9805,96.87016,0,0,-0.9484465,0.236808,-0.2106451,0.2769412,0.9424202,-0.1874779,0.15412,-0.2361491,-0.959417,-826.4239,19.99941,44.53725,-9.083397,-10.33055,-99.55888,100.5047,5.706484,50.21281,-0.9986988,0.1595846,2.398027,0.1416105
1664,0.016722,1,100,0,92.72478,0,41.6195,96.55811,0,0,-0.9421379,0.2252015,-0.2483155,0.2744402,0.9435322,-0.1855527,0.1925069,-0.242964,-0.9507418,-826.5526,19.82056,42.87365,-4.9119,-11.41646,-99.30226,100.077,5.166337,49.35713,-1.512084,0.1383061,2.355782,0.1111431
1665,0.016651,1,100,0,101.0503,0,33.294,96.23902,0,0,-0.9343516,0.2140152,-0.2849292,0.2724194,0.9444311,-0.1839505,0.2297278,-0.2494946,-0.9407326,-826.6115,19.62433,41.22253,-0.772631,-12.51395,-98.8391,99.63114,4.60762,48.66856,-2.027192,0.1145277,2.321718,0.08085436
1666,0.016679,1,100,0,85.6222,0,24.9545,95.92583,0,0,-0.9251518,0.2032243,-0.3206152,0.2708576,0.9451666,-0.1824732,0.2659518,-0.2556565,-0.9294674,-826.6012,19.40998,39.57718,3.380847,-13.51873,-98.22921,99.21272,4.541863,47.46458,-2.539672,0.1231288,2.261115,0.04856105
1667,0.016702,1,100,0,93.9732,0,16.6035,95.65614,0,0,-0.9146935,0.1929525,-0.355113,0.2697046,0.9458208,-0.1807837,0.3009906,-0.2611373,-0.9171764,-826.5219,19.17864,37.94079,7.489032,-14.50627,-97.43391,98.79212,4.362322,46.45497,-3.051495,0.1230572,2.210298,0.0162985
1668,0.016669,1,100,0,78.55437,0,8.268999,95.40633,0,0,-0.9031316,0.183284,-0.3882788,0.2689984,0.9463684,-0.1789609,0.3346541,-0.2660716,-0.9039983,-826.3747,18.93144,36.32198,11.50665,-15.46993,-96.44352,98.35179,4.098928,44.96265,-3.556542,0.1183513,2.13657,-0.01836015
1669,0.016977,1,100,0,62.85065,0,0,95.15163,0,0,-0.8904502,0.1742038,-0.4204181,0.268786,0.9468015,-0.1769764,0.3672225,-0.2705912,-0.8899031,-826.1567,18.66325,34.69096,15.51027,-16.44611,-95.29697,97.94159,3.773029,42.98427,-4.060586,0.1101818,2.039674,-0.0557566
1670,0.016388,1,100,0,47.69175,0,0,94.95096,0,0,-0.8775998,0.1663161,-0.4496194,0.2691084,0.9470899,-0.174933,0.3967358,-0.2745175,-0.8759229,-825.8824,18.38864,33.13556,19.20023,-17.37313,-94.1112,97.60836,3.427128,40.81652,-4.532635,0.09984018,1.933931,-0.09273468
1671,0.016699,1,100,0,39.34225,0,0,94.8208,0,0,-0.8641111,0.1592329,-0.4774486,0.2699829,0.9472483,-0.1727142,0.4247606,-0.2781472,-0.8615179,-825.5418,18.0933,31.57094,22.78763,-18.30626,-92.83656,97.32946,3.062768,38.5522,-4.994745,0.08747254,1.823679,-0.1300197
1672,0.016769,1,100,0,30.95775,0,0,94.75149,0,0,-0.8503551,0.1531189,-0.5034391,0.2713381,0.9473175,-0.1701925,0.450857,-0.2813262,-0.8471032,-825.1403,17.78161,30.02119,26.25688,-19.14581,-91.55386,97.14986,3.181868,36.22959,-5.432935,0.1049006,1.709478,-0.1662468
1673,0.0166,1,100,0,22.65775,0,0,94.77989,0,0,-0.8367094,0.1480852,-0.5272458,0.2729952,0.9473846,-0.1671402,0.4747535,-0.2837833,-0.8331121,-824.6863,17.4594,28.50844,29.52378,-19.93599,-90.25876,97.03474,3.206574,33.89066,-5.842026,0.1152676,1.594867,-0.2014719
1674,0.01667,1,100,0,14.32275,0,0,94.86968,0,0,-0.8231503,0.1440171,-0.5492565,0.2748854,0.947468,-0.1635308,0.4968517,-0.285593,-0.8194968,-824.1766,17.12287,27.011,32.67831,-20.68913,-88.94824,96.9933,3.498237,31.50196,-6.0679,0.1419738,1.478074,-0.2258118
1675,0.01667,1,100,0,5.987753,0,0,95.03774,0,0,-0.8099148,0.1408535,-0.5693842,0.2768096,0.9476248,-0.1593228,0.5171214,-0.2866489,-0.806485,-823.6152,16.77408,25.53536,35.6674,-21.38881,-87.64744,97.01401,3.679468,29.0791,-6.268642,0.160947,1.360008,-0.2493691
1676,0.016712,1,100,0,-2.368247,0,0,95.2618,0,0,-0.7971075,0.1386011,-0.5877154,0.2788039,0.9478205,-0.1546118,0.5356194,-0.2870996,-0.7941573,-823.0034,16.41298,24.07765,38.49965,-22.04201,-86.36579,97.09338,3.765627,26.61862,-6.441975,0.1732701,1.240495,-0.2718453
1677,0.016648,1,100,0,-10.69225,0,0,95.53744,0,0,-0.7849361,0.1372724,-0.6041785,0.2808837,0.9480228,-0.1495227,0.5522497,-0.2870697,-0.7826949,-822.3477,16.04266,22.64664,41.15876,-22.64939,-85.12402,97.22725,3.7713,24.14067,-6.584373,0.1799258,1.120501,-0.2927814
1678,0.016689,1,100,0,-19.03675,0,0,95.85801,0,0,-0.7734421,0.1368775,-0.618912,0.282837,0.9483392,-0.1437228,0.5672662,-0.2862125,-0.7721995,-821.6462,15.66271,21.23203,43.76365,-23.00008,-84.02917,97.49442,5.050536,21.6268,-6.785121,0.2673492,0.995535,-0.3169979
1679,0.016695,1,100,0,-27.38425,0,0,96.29582,0,0,-0.7627684,0.1374428,-0.6318971,0.2843358,0.9489106,-0.1368283,0.5808078,-0.2840393,-0.7628789,-820.9021,15.27674,19.83519,46.19778,-23.35599,-82.93604,97.76566,5.286645,19.09263,-6.815718,0.2880336,0.872781,-0.3318064
1680,0.016763,1,100,0,-35.76575,0,0,96.73621,0,0,-0.7529826,0.1388618,-0.6432222,0.2857375,0.9495164,-0.1295102,0.592766,-0.2813116,-0.7546474,-820.1149,14.88361,18.45062,48.49218,-23.6448,-81.90996,98.08063,5.365233,16.52739,-6.812866,0.2985423,0.7491213,-0.3447807
1681,0.016586,1,100,0,-44.05875,0,0,97.20921,0,0,-0.7443045,0.1410728,-0.6527705,0.2870956,0.950098,-0.1220238,0.6029817,-0.2782304,-0.7476636,-819.2988,14.49018,17.09721,50.61342,-23.87285,-80.97371,98.42953,5.309432,13.97417,-6.7755,0.3003807,0.6266028,-0.355499
1682,0.016687,1,100,0,-52.40224,0,0,97.70221,0,0,-0.7366518,0.1440628,-0.6607497,0.2884952,0.9506261,-0.114371,0.6116493,-0.2748747,-0.7418419,-818.4432,14.0908,15.75073,52.59889,-24.0547,-80.11715,98.8131,5.144904,11.38814,-6.702794,0.2954037,0.5030257,-0.364033
1683,0.016796,1,100,0,-60.80024,15.1164,0,98.21836,0,0,-0.7301547,0.1478564,-0.6670926,0.2896669,0.9512152,-0.1062197,0.6188434,-0.2707915,-0.7373633,-817.5487,13.68723,14.4085,54.56731,-23.97448,-79.50385,99.36412,6.442219,8.514072,-6.682286,0.3843696,0.3618191,-0.375983
1684,0.016552,1,100,0,-69.07624,30.0132,0,98.88393,0,0,-0.7251247,0.1524549,-0.6715294,0.2900726,0.9520681,-0.09707904,0.6245415,-0.2651867,-0.7345911,-816.6353,13.29171,13.09502,56.4201,-23.73631,-79.05396,99.98085,7.285415,5.449604,-6.622577,0.4451468,0.2127737,-0.3864869
1685,0.016722,1,100,0,-77.43724,45.063,0,99.60359,0,0,-0.721573,0.1579157,-0.6740884,0.2901426,0.9529906,-0.08732814,0.6286094,-0.2585954,-0.7334704,-815.6823,12.89581,11.77517,58.13903,-23.55432,-78.67931,100.625,6.89644,2.129585,-6.378376,0.4286726,0.05560341,-0.3869156
1686,0.01672,1,100,0,-85.79724,60.111,0,100.3467,0,0,-0.7197019,0.1640767,-0.6746171,0.290368,0.9537466,-0.07780841,0.6306472,-0.2518861,-0.7340559,-814.7013,12.50311,10.46093,59.73394,-23.35103,-78.449,101.3295,6.376384,-1.399624,-6.100021,0.4050968,-0.1109115,-0.3854303
1687,0.016697,1,100,0,-94.14574,75.1383,0,101.1388,0,0,-0.7196255,0.1708983,-0.6730029,0.2908175,0.9543139,-0.06863127,0.6305271,-0.2451098,-0.7364489,-813.6957,12.11438,9.151542,61.20079,-23.14069,-78.3653,102.0889,5.764517,-5.119104,-5.788775,0.3770707,-0.285986,-0.3819046
1688,0.016622,1,100,0,-102.4567,90.0981,0,101.9728,0,0,-0.7214359,0.1783358,-0.6691239,0.2911823,0.9548177,-0.05946766,0.6282861,-0.2377392,-0.740768,-812.6702,11.73277,7.848084,62.68288,-22.5927,-78.52419,102.9836,6.702444,-9.008862,-5.504244,0.4490079,-0.4738164,-0.3786497
1689,0.016688,1,100,0,-87.02034,100,0,102.9221,0,0,-0.7251245,0.1863678,-0.6629189,0.2908832,0.9554739,-0.04956415,0.6241646,-0.2287722,-0.7470489,-811.6165,11.3595,6.535996,64.0642,-21.91484,-78.82819,103.9152,7.152943,-12.33274,-5.182779,0.4892671,-0.6329346,-0.3699689
1690,0.016679,1,100,0,-95.35984,100,0,103.8886,0,0,-0.7304561,0.194746,-0.6546053,0.2902057,0.956154,-0.03937545,0.6182352,-0.2187322,-0.7549449,-810.5411,10.99828,5.218851,65.28566,-21.14001,-79.25745,104.8373,7.170561,-15.61877,-4.827742,0.5029328,-0.7887008,-0.3580813
1691,0.016698,1,100,0,-103.7088,100,0,104.8209,0,0,-0.7373705,0.2033174,-0.6441638,0.2895564,0.9567068,-0.02948817,0.6102805,-0.2082655,-0.7643192,-809.4457,10.64839,3.89268,66.23154,-20.57841,-79.75095,105.6897,5.944793,-18.8725,-4.316511,0.4388108,-0.938102,-0.3358371
1692,0.016641,1,100,0,-88.31592,100,0,105.6608,0,0,-0.7456431,0.2118059,-0.6317869,0.2893767,0.9569916,-0.02069575,0.6002312,-0.198256,-0.7748659,-808.3395,10.3089,2.562098,66.95165,-20.04214,-80.3749,106.5098,4.745251,-21.42045,-3.784628,0.3748722,-1.053705,-0.3087692
1693,0.016687,1,100,0,-96.65942,100,0,106.4397,0,0,-0.7550659,0.2200886,-0.6176056,0.2892796,0.9571621,-0.01257227,0.5883816,-0.1881536,-0.7863876,-807.2184,9.980229,1.216246,67.65524,-19.00005,-81.21045,107.3935,5.084227,-24.00736,-3.230803,0.4091963,-1.176726,-0.2782981
1694,0.016863,1,100,0,-105.0909,91.5685,0,107.2449,0,0,-0.7656953,0.2281224,-0.6013908,0.2886581,0.9574224,-0.004347771,0.5747932,-0.1769254,-0.7989432,-806.0749,9.66616,-0.1586111,68.11449,-17.86962,-82.17345,108.2191,4.995781,-26.49477,-2.652407,0.4167438,-1.293361,-0.2448653
1695,0.016503,1,100,0,-89.82564,83.31699,0,107.9652,0,0,-0.7769461,0.2354996,-0.583862,0.2877548,0.9576983,0.003370002,0.5599573,-0.1653908,-0.811846,-804.9498,9.377524,-1.520509,68.29322,-16.7254,-83.22607,108.9508,4.576904,-28.15655,-2.072141,0.4005069,-1.369292,-0.2080525
1696,0.01668,1,100,0,-98.16563,74.97699,0,108.5743,0,0,-0.7888483,0.2423008,-0.5648088,0.2866949,0.9579641,0.01054634,0.5436219,-0.1536083,-0.8251547,-803.9328,9.129241,-2.949796,38.22357,-9.583821,-89.11423,109.6053,4.260447,-40.56749,1.566126,0.4373497,-1.95109,-0.0037129
1697,0.016945,1,100,0,-106.6381,66.50449,0,95.78436,0,0,-0.8065417,0.2469616,-0.5371225,0.2827214,0.9590615,0.01642966,0.519191,-0.1386048,-0.8433444,-803.3826,8.991264,-4.48747,33.84059,-7.885435,-86.63083,97.8932,3.874345,-42.7653,2.627369,0.426098,-2.051075,0.06866989
1698,0.01655,1,100,0,-91.32938,58.22948,0,91.72232,0,0,-0.8240739,0.2500689,-0.5082991,0.2781758,0.9602908,0.02144684,0.4934781,-0.1237227,-0.8609136,-802.8483,8.870388,-5.929137,32.69121,-6.927115,-83.48267,93.80017,3.28024,-42.87788,3.298401,0.3917699,-2.051574,0.121639
1699,0.016691,1,100,0,-99.67488,49.88398,0,88.86081,0,0,-0.8411047,0.251863,-0.4786523,0.2733096,0.9615826,0.02570774,0.4667385,-0.1091974,-0.8776283,-802.3173,8.762156,-7.328588,32.0642,-6.102324,-80.53903,90.54082,2.580489,-42.76835,3.866363,0.348819,-2.041311,0.1683248
1700,0.016746,1,100,0,-108.0479,41.51098,0,86.31529,0,0,-0.8573914,0.2524215,-0.4485126,0.2682361,0.9629121,0.02915497,0.4392375,-0.09531005,-0.8933011,-801.7917,8.666637,-8.683616,31.53778,-5.336841,-77.88219,87.65305,1.851238,-42.5956,4.36072,0.3027779,-2.028126,0.2100114
1701,0.016623,1,100,0,-92.67161,33.19948,0,83.93347,0,0,-0.8726406,0.251764,-0.4184654,0.2631179,0.9642513,0.03143971,0.4114212,-0.08267018,-0.9076884,-801.2589,8.57786,-9.979181,33.08248,-5.344336,-78.06127,84.95042,-0.1221537,-41.99126,4.915193,0.175629,-1.989042,0.2548252
1702,0.016675,1,100,0,-101.0091,24.86198,0,84.90797,0,0,-0.8869238,0.249979,-0.3884286,0.2581822,0.9655701,0.03188291,0.3830251,-0.07200763,-0.9209273,-800.702,8.489767,-11.28345,34.01643,-5.156535,-78.53441,85.74007,-1.472029,-41.54827,5.422727,0.08757269,-1.960559,0.2951927
1703,0.016695,1,100,0,-85.56624,16.51448,0,85.72494,0,0,-0.9002215,0.2471366,-0.3585038,0.253038,0.9669538,0.03118367,0.3543633,-0.06264286,-0.9330075,-800.1312,8.407237,-12.59859,34.52811,-4.514384,-79.25787,86.57009,-1.814657,-40.58482,6.044567,0.05999918,-1.91166,0.3427673
1704,0.016698,1,100,0,-93.91524,8.165483,0,86.46648,0,0,-0.9124976,0.2432057,-0.3289368,0.2473209,0.9684703,0.02996882,0.3258541,-0.05400644,-0.9438767,-799.5546,8.335732,-13.92689,34.5172,-3.81575,-80.12806,87.32985,-2.134747,-39.81411,6.616196,0.03392474,-1.872132,0.3861814
1705,0.01666,1,100,0,-78.50474,0,0,87.08466,0,0,-0.9237393,0.2382961,-0.2998676,0.2410645,0.9700961,0.02831048,0.2976466,-0.04613592,-0.9535606,-798.9821,8.276144,-15.26718,34.0467,-3.097488,-81.08982,88.00188,-2.414214,-38.5586,7.132169,0.007788547,-1.809948,0.4257067
1706,0.016681,1,100,0,-63.07481,0,0,87.60085,0,0,-0.9339218,0.2324763,-0.27156,0.2342731,0.9718161,0.02626079,0.2700113,-0.03909368,-0.9620632,-798.5857,8.261621,-16.67318,17.889,0.2292082,-79.98331,88.61106,-2.119674,-28.63058,8.411422,-0.01730521,-1.3396,0.5192591
1707,0.016717,1,100,0,-54.71632,0,0,81.77028,0,0,-0.9416998,0.2246984,-0.2504242,0.2260751,0.973823,0.02364625,0.2491821,-0.03434701,-0.9678476,-798.2996,8.269014,-18.01903,17.8424,0.3260804,-77.74786,82.7287,-1.717076,-26.78653,8.822477,-0.002945891,-1.252816,0.5491608
1708,0.016844,1,100,0,-46.29432,0,0,79.68289,0,0,-0.9487537,0.216244,-0.2304453,0.217288,0.9758784,0.02115485,0.2294612,-0.03000227,-0.9728554,-797.9949,8.273453,-19.33206,18.58959,0.1405182,-78.36398,80.53886,-2.247854,-25.73103,9.080067,-0.04448831,-1.199908,0.568227
1709,0.016562,1,100,0,-38.01331,0,0,80.49821,0,0,-0.955076,0.2075326,-0.2115663,0.2084516,0.9778634,0.0182041,0.2106609,-0.02671504,-0.9771944,-797.6853,8.274923,-20.63377,18.90654,-0.01347213,-79.06284,81.292,-2.609109,-24.5498,9.260446,-0.07562536,-1.141969,0.5818156
1710,0.016637,1,100,0,-29.69481,0,0,81.24299,0,0,-0.9608357,0.1984093,-0.1934652,0.1993047,0.9798225,0.01502499,0.1925427,-0.02412198,-0.9809923,-797.3702,8.275537,-21.9536,19.00748,0.1377878,-79.86789,82.09862,-2.454426,-23.22714,9.595685,-0.07439431,-1.079318,0.6050168
1711,0.016893,1,100,0,-21.24831,0,0,82.00621,0,0,-0.9661229,0.1886963,-0.1760686,0.189583,0.9817922,0.0119276,0.1751135,-0.02185611,-0.9843056,-797.0501,8.278766,-23.30764,18.82196,0.2974782,-80.72573,82.89149,-2.278101,-21.75842,9.859988,-0.07208832,-1.010032,0.6234788
1712,0.016506,1,100,0,-12.99531,0,0,82.74827,0,0,-0.9707562,0.178856,-0.1601347,0.1797411,0.9836723,0.009060698,0.1591407,-0.01998706,-0.9870538,-796.7416,8.284489,-24.64484,18.4121,0.4444602,-81.58559,83.63858,-2.088002,-20.21879,10.04258,-0.06867804,-0.9376586,0.6364669
1713,0.016631,1,100,0,-4.679814,0,0,83.45059,0,0,-0.9749128,0.1686833,-0.1452281,0.1695672,0.9854983,0.006361598,0.1441952,-0.01842392,-0.9893781,-796.4387,8.2926,-26.00655,17.82325,0.5727322,-82.45953,84.36569,-1.881948,-18.5669,10.15264,-0.06416386,-0.8602445,0.644637
1714,0.016678,1,100,0,3.659185,0,0,84.14313,0,0,-0.9785908,0.1583097,-0.1315224,0.1591892,0.9872407,0.003867788,0.1304566,-0.01715196,-0.9913059,-796.1454,8.302724,-27.38668,17.09854,0.6739728,-83.33378,85.07252,-1.664076,-16.81877,10.18936,-0.05863119,-0.7785367,0.647955
1715,0.016696,1,100,0,12.00719,0,0,84.82832,0,0,-0.9818118,0.1478335,-0.1191256,0.1487005,0.9888809,0.001627218,0.1180416,-0.01611641,-0.9928778,-795.8644,8.314567,-28.78289,16.28678,0.7780905,-84.2069,85.77101,-1.360663,-14.98479,10.16884,-0.04725452,-0.6932131,0.6474881
1716,0.016667,1,100,0,20.34069,0,15.0003,85.51714,0,0,-0.9845949,0.1373551,-0.1081963,0.1381985,0.9904045,-0.0002994193,0.107117,-0.01524737,-0.9941296,-795.5977,8.327945,-30.19138,15.42766,0.8498889,-85.10661,86.49781,-1.067933,-12.86502,10.07791,-0.03655971,-0.5946809,0.6424767
1717,0.016685,1,100,0,28.68319,0,30.0168,86.2466,0,0,-0.986967,0.1269221,-0.09892876,0.1277386,0.991806,-0.001937452,0.09787223,-0.01454922,-0.9950927,-795.3452,8.342351,-31.61654,14.54776,0.8886862,-86.03316,87.25899,-0.7857922,-10.47367,9.918899,-0.02634316,-0.4836258,0.633071
1718,0.01668,1,100,0,37.02319,0,45.0288,87.02186,0,0,-0.9889468,0.1166286,-0.09155346,0.117439,0.9930739,-0.003496482,0.09051157,-0.01420979,-0.995794,-795.1076,8.355712,-33.05651,13.63056,0.6238495,-86.91793,87.98243,-1.056981,-7.836698,9.680928,-0.05105178,-0.3601236,0.6185365
1719,0.016778,1,100,0,45.41219,0,60.129,87.77721,0,0,-0.9905662,0.1064973,-0.08624032,0.107356,0.9942065,-0.005367108,0.0851691,-0.01457489,-0.9962605,-794.8839,8.364403,-34.51994,12.73943,0.3043231,-87.8336,88.75318,-1.267998,-4.94667,9.378166,-0.07144067,-0.2252195,0.5998179
1720,0.016582,1,100,0,53.70319,0,75.0528,88.58572,0,0,-0.9918198,0.09677059,-0.08324178,0.09772571,0.9951856,-0.007467422,0.08211838,-0.0155412,-0.9965017,-794.6771,8.367442,-35.98154,11.91258,-0.06072403,-88.76433,89.56014,-1.434708,-1.877799,9.020201,-0.08826763,-0.08231144,0.5776237
1721,0.016686,1,100,0,62.04619,0,90.07021,89.43299,0,0,-0.9927519,0.08726643,-0.08263446,0.08835706,0.9960425,-0.009627593,0.08146727,-0.01685915,-0.9965336,-794.4822,8.365263,-37.46835,11.21208,-0.2719932,-89.78571,90.48347,-1.070671,1.419972,8.771013,-0.07045553,0.07021946,0.5625967
1722,0.016785,1,100,0,70.43869,0,100,90.39247,0,0,-0.9933639,0.07792371,-0.08459408,0.07917151,0.9967948,-0.01149221,0.08342742,-0.01811339,-0.9963492,-794.2975,8.35949,-38.98122,10.59687,-0.4891797,-90.82628,91.44368,-0.726223,4.855722,8.46418,-0.05297731,0.2290816,0.5440691
1723,0.016568,1,100,0,78.72269,0,100,91.38762,0,0,-0.9936308,0.06896644,-0.08911545,0.07040114,0.9974333,-0.01305401,0.08798642,-0.0192447,-0.9959357,-794.1246,8.350206,-40.4916,10.10066,-0.7036524,-91.83535,92.39183,-0.4137762,8.202707,8.109021,-0.0363447,0.3837827,0.5225486
1724,0.016676,1,100,0,87.06068,0,100,92.36436,0,0,-0.9935329,0.06027874,-0.09622346,0.06195946,0.9979724,-0.01457282,0.09514992,-0.02044053,-0.9952532,-793.9584,8.33615,-42.02825,9.7058,-1.122351,-92.77095,93.28403,-0.6942024,11.53223,7.663611,-0.05664004,0.5382591,0.495372
1725,0.01678,1,100,0,95.45068,0,100,93.27704,0,0,-0.9930158,0.05193594,-0.1059359,0.05397326,0.9984068,-0.01645429,0.1049126,-0.02205708,-0.9942369,-793.7969,8.314765,-43.59008,9.463592,-1.579291,-93.6887,94.17869,-0.9535475,14.84824,7.174951,-0.07464224,0.6919551,0.4656707
1726,0.016592,1,100,0,103.7467,0,100,94.17645,0,0,-0.9920294,0.04410822,-0.1180344,0.0466235,0.9987388,-0.01863271,0.1170637,-0.02398737,-0.9928347,-793.6403,8.285902,-45.14943,9.396399,-2.060486,-94.56852,95.05653,-1.19456,18.09149,6.656377,-0.0905987,0.842158,0.4343135
1727,0.016689,1,100,0,88.30936,0,100,95.04031,0,0,-0.9905056,0.03668183,-0.132489,0.03981968,0.998984,-0.02111158,0.1315799,-0.02618681,-0.9909599,-793.4828,8.248697,-46.73243,9.515686,-2.567326,-95.42043,95.92809,-1.426562,20.65808,6.104623,-0.104787,0.9609147,0.4008409
1728,0.016673,1,100,0,96.64586,0,100,95.87712,0,0,-0.9884118,0.02972284,-0.1488578,0.03363044,0.9991509,-0.02380205,0.148024,-0.02853238,-0.9885722,-793.3224,8.203194,-48.32797,9.844314,-3.053027,-96.24435,96.79466,-1.527385,23.24986,5.567451,-0.1100955,1.080719,0.3685803
1729,0.016685,1,100,0,104.9884,0,100,96.68879,0,0,-0.9856553,0.02320296,-0.1671692,0.02803483,0.9992531,-0.02660208,0.1664271,-0.03090704,-0.9855696,-793.1553,8.149567,-49.93815,10.37457,-3.53595,-97.02209,97.63924,-1.628822,25.86842,5.006697,-0.1150116,1.201726,0.3350549
1730,0.016684,1,100,0,89.55566,0,100,97.45792,0,0,-0.9821649,0.01714478,-0.1872384,0.0230654,0.999299,-0.0294879,0.1866016,-0.03328072,-0.981872,-792.9781,8.087943,-51.56091,11.11002,-4.008457,-97.74446,98.45547,-1.732515,27.84265,4.427293,-0.1194983,1.292857,0.3001769
1731,0.016667,1,100,0,97.88916,0,100,98.1791,0,0,-0.9779086,0.01157508,-0.2087126,0.01874997,0.9992982,-0.0324312,0.2081907,-0.0356281,-0.9774393,-792.7878,8.018605,-53.19371,12.05005,-4.46329,-98.40192,99.23741,-1.837596,29.88997,3.834279,-0.1239181,1.387351,0.2646283
1732,0.016695,1,100,0,106.2367,0,100,98.84964,0,0,-0.9727711,0.006480693,-0.2316774,0.01509205,0.9992586,-0.0354166,0.2312761,-0.03794874,-0.9721478,-792.5803,7.941682,-54.83983,13.19272,-4.895452,-98.98731,99.98251,-1.945614,32.0097,3.230561,-0.1283942,1.485181,0.2286017
1733,0.016814,1,100,0,90.68372,0,100,99.46723,0,0,-0.9666429,0.00184615,-0.2561215,0.01209217,0.9991881,-0.0384355,0.2558426,-0.04025047,-0.9658804,-792.351,7.85709,-56.50709,14.54254,-5.301707,-99.49307,100.6899,-2.058457,33.53222,2.617191,-0.1330502,1.555329,0.191696
1734,0.016537,1,100,0,98.95222,0,100,100.0324,0,0,-0.9596626,-0.002278931,-0.281145,0.009711666,0.9991018,-0.04124849,0.2809865,-0.04231502,-0.9587786,-792.1019,7.767548,-58.15482,16.10829,-5.63968,-99.92109,101.3682,-1.701681,35.13934,2.205796,-0.1076604,1.629537,0.1677755
1735,0.016694,1,100,0,107.2992,0,100,100.5671,0,0,-0.9515524,-0.006144483,-0.3074254,0.007697181,0.9990111,-0.04379169,0.3073905,-0.04403639,-0.9505641,-791.8234,7.671525,-59.82463,17.85251,-5.975577,-100.218,101.9709,-1.830993,36.86532,1.79119,-0.1133495,1.709229,0.1436379
1736,0.016908,1,100,0,91.65932,0,100,101.0145,0,0,-0.9421884,-0.009732502,-0.3349425,0.00616249,0.9989059,-0.04636044,0.3350272,-0.04574435,-0.9410976,-791.5106,7.568871,-61.52031,19.78158,-6.261737,-100.416,102.5373,-1.916177,38.02659,1.321074,-0.1162566,1.762715,0.1155832
1737,0.016478,1,100,0,99.89832,0,100,101.4151,0,0,-0.9319555,-0.01286265,-0.3623444,0.005184391,0.9987956,-0.04878998,0.3625356,-0.04734862,-0.9307664,-791.1735,7.46438,-63.17546,21.82055,-6.499358,-100.4917,103.0386,-1.999391,39.29342,0.8656715,-0.1191812,1.821096,0.08856107
1738,0.016664,1,100,0,108.2303,0,100,101.7527,0,0,-0.9203924,-0.01567575,-0.3906817,0.004702809,0.99868,-0.0511503,0.3909678,-0.04891565,-0.9191037,-790.7976,7.35496,-64.84988,24.02658,-6.699137,-100.4438,103.4945,-2.084246,40.70426,0.4109383,-0.122256,1.886146,0.06175411
1739,0.016679,1,100,0,92.80224,0,100,102.0396,0,0,-0.9075518,-0.01814014,-0.4195482,0.004723104,0.9985626,-0.05339202,0.4199136,-0.05043759,-0.9061616,-790.3838,7.24233,-66.52428,26.36923,-6.859543,-100.2624,103.8987,-2.169728,41.56785,-0.03542316,-0.1256652,1.925833,0.03503984
1740,0.016671,1,100,0,101.1377,0,100,102.2727,0,0,-0.8934902,-0.02024784,-0.4486261,0.005234718,0.9984457,-0.05548839,0.4490523,-0.05192677,-0.8919955,-789.9305,7.127285,-68.19408,28.83335,-6.982943,-99.94086,104.2511,-2.251974,42.59331,-0.4702083,-0.1290004,1.973024,0.009240478
1741,0.016691,1,100,0,85.69856,0,100,102.4571,0,0,-0.8781595,-0.02201326,-0.4778614,0.006219499,0.998331,-0.05741881,0.4783278,-0.05339493,-0.876557,-789.4349,7.010228,-69.85972,31.4083,-7.07314,-99.47342,104.5537,-2.330477,43.10184,-0.8915455,-0.1324853,1.996258,-0.01614824
1742,0.01666,1,100,0,94.02856,0,100,102.5953,0,0,-0.861677,-0.02341953,-0.5069168,0.007719394,0.9982142,-0.05923917,0.507399,-0.05495812,-0.8599575,-788.8969,6.891498,-71.51351,34.05005,-7.233253,-98.833,104.784,-2.701307,43.80006,-1.335487,-0.1548732,2.028136,-0.04269044
1743,0.016683,1,100,0,102.3701,0,100,102.6667,0,0,-0.843893,-0.02448871,-0.5359523,0.009832717,0.9980839,-0.06108669,0.5364213,-0.05682049,-0.8420352,-788.3137,6.769885,-73.15806,36.77292,-7.402385,-98.03803,104.969,-3.019632,44.67381,-1.756176,-0.1740496,2.06819,-0.06728797
1744,0.016694,1,100,0,86.92812,0,100,102.6979,0,0,-0.8248077,-0.0253152,-0.5648466,0.01236323,0.997951,-0.06277919,0.5652785,-0.05876408,-0.8228047,-787.684,6.645877,-74.78965,39.61252,-7.480159,-97.1054,105.1407,-2.790992,45.04072,-1.985347,-0.1585646,2.085174,-0.08003707
1745,0.016703,1,100,0,95.27962,0,100,102.7305,0,0,-0.8045184,-0.02601635,-0.5933576,0.01497286,0.9978342,-0.06405233,0.593739,-0.06041554,-0.8023865,-787.0063,6.520725,-76.40569,42.50011,-7.518174,-96.02005,105.2741,-2.566828,45.61051,-2.198932,-0.143365,2.111565,-0.09178127
1746,0.016652,1,100,0,103.6056,0,100,102.7334,0,0,-0.7830039,-0.0266073,-0.6214476,0.01761662,0.9977354,-0.06491446,0.6217675,-0.06177608,-0.780762,-786.2823,6.395519,-77.99791,45.41069,-7.520478,-94.78613,105.3712,-2.352334,46.36265,-2.395513,-0.1287759,2.146414,-0.1024422
1747,0.016868,1,100,0,88.00272,0,100,102.7049,0,0,-0.7599087,-0.02709929,-0.6494645,0.02030906,0.997653,-0.06539036,0.6497123,-0.06288071,-0.7575749,-785.4996,6.268827,-79.589,48.37867,-7.491471,-93.37989,105.4344,-2.147824,46.61719,-2.577567,-0.115134,2.158183,-0.1129069
1748,0.016491,1,100,0,96.24821,0,100,102.6455,0,0,-0.7361913,-0.02746055,-0.6762162,0.02300505,0.9975837,-0.06555642,0.6763825,-0.06381846,-0.7337807,-784.6859,6.14511,-81.12056,51.26841,-7.523447,-91.8315,105.4423,-2.241721,47.07169,-2.751354,-0.120625,2.179079,-0.1227356
1749,0.016678,1,100,0,104.5872,0,100,102.5414,0,0,-0.7109622,-0.02773297,-0.7026833,0.02590263,0.9975115,-0.06557684,0.7027534,-0.064824,-0.7084746,-783.8146,6.019405,-82.64272,54.1847,-7.564801,-90.11211,105.4201,-2.306384,47.72427,-2.905327,-0.1242139,2.209201,-0.130995
1750,0.01672,1,100,0,89.12121,0,91.64,102.411,0,0,-0.6844627,-0.02793268,-0.7285126,0.02893599,0.9974376,-0.06543018,0.7284735,-0.06586476,-0.6819006,-782.8921,5.892666,-84.13863,57.12972,-7.610901,-88.15389,105.3225,-2.3431,47.74327,-3.037428,-0.1263831,2.209972,-0.1385421
1751,0.016631,1,100,0,97.43671,0,83.3245,102.231,0,0,-0.6571429,-0.02808775,-0.7532425,0.03189479,0.9973744,-0.06501683,0.7530909,-0.06674986,-0.6545216,-781.9254,5.766291,-85.59291,60.10006,-7.574505,-85.99671,105.1895,-1.875465,47.84755,-3.052775,-0.09622659,2.215079,-0.1386616
1752,0.016648,1,100,0,105.7607,0,75.0005,102.0531,0,0,-0.6288187,-0.02827118,-0.7770378,0.03446649,0.9973431,-0.06417865,0.7767877,-0.0671385,-0.6261736,-780.9084,5.640632,-87.0116,63.0463,-7.494849,-83.63042,105.0003,-1.444518,48.03187,-3.055396,-0.06835869,2.223868,-0.138292
1753,0.016807,1,100,0,90.21423,0,66.597,101.8439,0,0,-0.5993574,-0.02846332,-0.7999755,0.03667133,0.9973422,-0.06296057,0.7996413,-0.06707205,-0.5967206,-779.8323,5.515336,-88.40284,65.97156,-7.375085,-81.04236,104.7593,-1.051865,47.61694,-3.045714,-0.0432398,2.20483,-0.1382368
1754,0.016588,1,100,0,98.50823,0,58.303,101.6079,0,0,-0.5696933,-0.02863092,-0.8213587,0.03857099,0.9973606,-0.06151877,0.8209522,-0.06672744,-0.5670853,-778.7224,5.393252,-89.73207,68.76501,-7.328869,-78.28384,104.4543,-1.0406,47.33118,-3.012157,-0.04252305,2.191604,-0.1367203
1755,0.016683,1,100,0,106.8497,0,49.9615,101.3354,0,0,-0.5392528,-0.02880495,-0.8416513,0.04039583,0.9973798,-0.06001659,0.8411747,-0.06636332,-0.5366762,-777.56,5.271218,-91.02187,71.48548,-7.286647,-75.34364,104.115,-1.015837,47.15797,-2.963471,-0.04087925,2.183623,-0.1341158
1756,0.016677,1,100,0,91.42351,0,41.623,101.0505,0,0,-0.5083422,-0.02899111,-0.8606669,0.04211547,0.9974002,-0.05847188,0.8601245,-0.06597112,-0.5057996,-776.3532,5.149914,-92.26136,74.10005,-7.247657,-72.25604,103.7511,-0.979234,46.42457,-2.900578,-0.03875652,2.149676,-0.1312798
1757,0.016677,1,100,0,99.76201,0,33.2845,100.7605,0,0,-0.4772264,-0.02918047,-0.8782959,0.0437184,0.9974228,-0.05689294,0.8776925,-0.0655485,-0.4747207,-775.1034,5.029248,-93.44862,76.59678,-7.210663,-69.03889,103.3704,-0.931656,45.8444,-2.824362,-0.03585365,2.122858,-0.1274274
1758,0.016902,1,100,0,108.213,0,24.8335,100.4753,0,0,-0.4454437,-0.02941382,-0.8948267,0.04503708,0.9974588,-0.05520684,0.8941767,-0.06489192,-0.442987,-773.7949,4.908368,-94.59674,79.03883,-7.033726,-65.68226,103.0086,-0.3727436,45.4003,-2.688914,-7.871783e-05,2.102677,-0.1198229
1759,0.016467,1,100,0,92.98104,0,16.6,100.2275,0,0,-0.4143545,-0.02969519,-0.909631,0.04571063,0.9975271,-0.05338667,0.9089669,-0.06370081,-0.4119725,-772.4809,4.793734,-95.66004,81.28114,-6.816273,-62.32984,102.6552,0.102879,44.44687,-2.552005,0.03012259,2.058802,-0.1131163
1760,0.016696,1,100,0,77.53724,0,8.252,99.99426,0,0,-0.3831344,-0.02999528,-0.9232056,0.04594534,0.9976166,-0.05148044,0.9225494,-0.06214092,-0.3808431,-771.1121,4.680814,-96.68133,83.36162,-6.656444,-58.82872,102.2462,0.2054131,42.98801,-2.374439,0.03614722,1.991319,-0.1045961
1761,0.016802,1,100,0,61.99539,0,0,99.72336,0,0,-0.3524467,-0.03030735,-0.9353411,0.04597698,0.9977078,-0.04965281,0.9347019,-0.06050412,-0.3502454,-769.7003,4.569883,-97.64996,85.32776,-6.493077,-55.27221,101.8725,0.2960975,41.06634,-2.190707,0.04115735,1.902373,-0.09615338
1762,0.016561,1,100,0,53.71489,0,0,99.50772,0,0,-0.3232327,-0.03061277,-0.9458242,0.045831,0.9977974,-0.04795756,0.945209,-0.05884952,-0.3211178,-768.2773,4.463235,-98.54642,87.11292,-6.332274,-51.83103,101.5638,0.3730671,39.10239,-2.005579,0.04523954,1.811467,-0.08756478
1763,0.016682,1,100,0,45.37389,0,0,99.35643,0,0,-0.2949651,-0.03092315,-0.9550076,0.04552793,0.9978862,-0.04637339,0.9544229,-0.05715805,-0.2929338,-766.8147,4.358495,-99.3923,88.76692,-6.170606,-48.43951,101.3115,0.438583,37.05562,-1.816111,0.04852387,1.716722,-0.07868987
1764,0.01669,1,100,0,37.02889,0,0,99.26345,0,0,-0.2679662,-0.03124481,-0.9629215,0.04492478,0.9979815,-0.04488431,0.9623802,-0.05528651,-0.2660217,-765.3244,4.257281,-100.1825,90.32729,-5.851034,-45.14719,101.151,0.9709176,34.94576,-1.613074,0.08167425,1.619324,-0.0690105
1765,0.016686,1,100,0,28.68589,0,0,99.26281,0,0,-0.2423584,-0.03157495,-0.9696729,0.04374249,0.9980983,-0.04343347,0.9692003,-0.05294237,-0.2405163,-763.8091,4.16164,-100.9182,91.76208,-5.492478,-41.95541,101.048,1.403581,32.78018,-1.412581,0.1083855,1.519278,-0.05967735
1766,0.016662,1,100,0,20.35489,0,0,99.31759,0,0,-0.2182619,-0.03190304,-0.9753687,0.04209236,0.9982278,-0.04206989,0.9749823,-0.05023782,-0.2165322,-762.2728,4.072275,-101.6002,93.07859,-5.104145,-38.87662,101.0003,1.738239,30.56657,-1.215449,0.1287621,1.416947,-0.05061308
1767,0.016694,1,100,0,12.00789,0,0,99.42444,0,0,-0.1956779,-0.03222267,-0.9801387,0.04005639,0.9983633,-0.0408188,0.9798497,-0.04724815,-0.1940669,-760.712,3.989481,-102.2327,94.29455,-4.669023,-35.91214,101.0096,2.040107,28.30103,-1.031574,0.1469781,1.312184,-0.04236944
1768,0.016673,1,100,0,3.671392,0,0,99.58445,0,0,-0.1747524,-0.03252582,-0.9840751,0.03770732,0.9985001,-0.03969868,0.9838904,-0.04404427,-0.1732638,-759.1336,3.914138,-102.8158,95.41034,-4.217457,-33.07563,101.0689,2.244128,25.99541,-0.8519617,0.1588669,1.20551,-0.03428385
1769,0.016712,1,100,0,-4.684608,0,0,99.78988,0,0,-0.1554748,-0.03281821,-0.9872947,0.03514307,0.9986317,-0.03872924,0.9872148,-0.04071798,-0.1541088,-757.5333,3.84621,-103.3535,96.43846,-3.757789,-30.36393,101.1754,2.362241,23.64421,-0.6763596,0.1651946,1.096681,-0.02627306
1770,0.016645,1,100,0,-13.00711,0,0,100.0378,0,0,-0.1380212,-0.03315165,-0.9898743,0.03254016,0.9987484,-0.03798602,0.9898947,-0.03745355,-0.1367697,-755.9229,3.785552,-103.8445,97.36346,-3.415847,-27.76964,101.3038,2.201858,21.26701,-0.3800593,0.1536482,0.9865766,-0.01023648
1771,0.016704,1,100,0,-21.35911,15.0336,0,100.3056,0,0,-0.1223701,-0.03362884,-0.9919147,0.0300766,0.9988413,-0.03757415,0.992029,-0.03443138,-0.1212169,-754.2915,3.730243,-104.2951,98.26266,-3.100483,-25.36708,101.5315,2.032808,18.59552,-0.09160412,0.1413913,0.8628309,0.005475541
1772,0.016863,1,100,0,-29.79061,30.2103,0,100.6611,0,0,-0.108696,-0.03425725,-0.9934846,0.02776212,0.9989116,-0.0374818,0.9936873,-0.03165536,-0.1076267,-752.6295,3.679582,-104.7103,99.1534,-2.810773,-23.13352,101.8551,1.856885,15.62829,0.1893898,0.1285114,0.7253755,0.02090058
1773,0.016494,1,100,0,-38.03761,45.0549,0,101.1062,0,0,-0.09760435,-0.03501109,-0.9946094,0.02565926,0.9989606,-0.03768228,0.9948949,-0.02919889,-0.09660453,-750.9893,3.634827,-105.0809,100.0239,-2.517618,-21.13712,102.2639,1.751987,12.49422,0.4348134,0.1200418,0.5802156,0.03432337
1774,0.016691,1,100,0,-46.38311,60.0768,0,101.6287,0,0,-0.08885319,-0.03590009,-0.9953976,0.02366067,0.9989923,-0.03814178,0.9957638,-0.02694079,-0.08791423,-749.3148,3.594314,-105.4235,100.9072,-2.245461,-19.29665,102.7603,1.629833,9.093292,0.6714259,0.1102345,0.4226747,0.04736113
1775,0.016769,1,100,0,-54.7676,75.1689,0,102.2367,0,0,-0.0827478,-0.03691667,-0.9958866,0.02168296,0.9990105,-0.0388341,0.9963348,-0.0248072,-0.08186546,-747.6175,3.558952,-105.7378,101.8341,-1.8344,-17.64207,103.3672,1.843766,5.462632,0.8854411,0.1217183,0.2546936,0.05912985
1776,0.016602,1,100,0,-63.0686,90.1107,0,102.9506,0,0,-0.079522,-0.03803452,-0.9961074,0.01955408,0.9990203,-0.0397068,0.9966417,-0.02263553,-0.07870036,-745.9217,3.530719,-106.0227,102.7665,-1.432065,-16.19103,104.044,1.970992,1.675623,1.084108,0.127412,0.07940367,0.07012876
1777,0.016666,1,100,0,-71.4016,100,0,103.728,0,0,-0.07922507,-0.0392669,-0.9960831,0.01733565,0.9990186,-0.04076144,0.9967061,-0.02049707,-0.0784666,-744.2037,3.509024,-106.2855,103.7046,-1.040083,-14.91939,104.7775,2.026553,-2.224306,1.269845,0.1282798,-0.1011764,0.0805508
1778,0.016663,1,100,0,-79.7331,100,0,104.555,0,0,-0.08190662,-0.04061135,-0.9958123,0.01510917,0.9990041,-0.04198426,0.9965256,-0.01848468,-0.08121145,-742.4707,3.493763,-106.5281,104.6132,-0.6665535,-13.83716,105.5264,2.022387,-6.043412,1.441333,0.1251957,-0.2780671,0.09037016
1779,0.016688,1,100,0,-88.0771,100,0,105.3858,0,0,-0.08751549,-0.04208826,-0.9952738,0.01299668,0.998974,-0.04338754,0.9960787,-0.01673234,-0.08687869,-740.7201,3.484096,-106.754,105.4786,-0.404101,-12.949,106.2712,1.775145,-9.795279,1.643259,0.1063813,-0.452025,0.1023911
1780,0.016696,1,100,0,-96.4251,100,0,106.1967,0,0,-0.09599666,-0.04372199,-0.9944211,0.01106571,0.9989264,-0.0449883,0.9953204,-0.01532271,-0.09540978,-738.9542,3.479379,-106.9666,106.3376,-0.0386923,-12.29814,107.0464,1.816457,-13.48058,1.822242,0.1058722,-0.6227068,0.1131065
1781,0.016687,1,100,0,-104.7686,100,0,107.0139,0,0,-0.1072814,-0.04543035,-0.9931903,0.009221616,0.9988672,-0.04668611,0.9941861,-0.01416737,-0.1067409,-737.1754,3.479754,-107.1697,107.1348,0.1452421,-11.91965,107.7959,1.565238,-17.10151,1.793237,0.08643907,-0.7907097,0.1106165
1782,0.016669,1,100,0,-89.34978,100,0,107.7822,0,0,-0.1211311,-0.04706656,-0.9915201,0.007670426,0.9988011,-0.04834926,0.9926071,-0.01346198,-0.1206249,-735.3853,3.482907,-107.3676,107.8934,0.2772003,-11.78992,108.536,1.347003,-19.99525,1.752899,0.06953594,-0.9250122,0.1075561
1783,0.016785,1,100,0,-97.74228,100,0,108.5141,0,0,-0.1372899,-0.04863509,-0.9893363,0.006361558,0.99873,-0.04997967,0.9905105,-0.01315542,-0.1368061,-733.5704,3.488017,-107.5662,108.6128,0.3589046,-11.91668,109.2652,1.158747,-22.9126,1.701564,0.05439322,-1.060404,0.1036943
1784,0.016584,1,100,0,-106.0343,100,0,109.2077,0,0,-0.1554261,-0.05008871,-0.9865768,0.00528782,0.9986572,-0.05153508,0.9878333,-0.01322674,-0.1549525,-731.7655,3.494144,-107.7659,109.2719,0.3903712,-12.2987,109.9626,1.002846,-25.793,1.640877,0.04124732,-1.194074,0.09909925
1785,0.016691,1,100,0,-90.59511,100,0,109.843,0,0,-0.1756562,-0.05143933,-0.9831069,0.004339353,0.998584,-0.05302447,0.9844424,-0.01358013,-0.1751843,-729.9382,3.501091,-107.9747,109.8888,0.4674248,-12.94646,110.6498,1.029898,-28.02651,1.571073,0.04031728,-1.297615,0.09392247
1786,0.016965,1,100,0,-99.07761,100,0,110.4409,0,0,-0.1978878,-0.05268766,-0.9788077,0.003380196,0.9985118,-0.05443168,0.9802189,-0.01407993,-0.1974152,-728.0707,3.509243,-108.1995,110.4425,0.5063544,-13.86404,111.3105,1.045039,-30.3565,1.494132,0.03848188,-1.405649,0.08815711
1787,0.016406,1,100,0,-107.2806,100,0,110.9877,0,0,-0.2210097,-0.0537755,-0.973788,0.002503,0.9984443,-0.05570517,0.9752687,-0.01474877,-0.2205313,-726.2563,3.517374,-108.4331,110.8912,0.4736615,-14.98558,111.9002,0.9568356,-32.65121,1.45659,0.03005035,-1.512142,0.0847884
1788,0.016661,1,100,0,-91.86919,100,0,111.4465,0,0,-0.245938,-0.05477656,-0.9677365,0.00172285,0.9983756,-0.05694865,0.969284,-0.0156731,-0.2454441,-724.4067,3.524861,-108.6904,111.2548,0.4001995,-16.36073,112.452,0.8836199,-34.36418,1.410719,0.02311138,-1.591668,0.08083407
1789,0.016695,1,100,0,-100.2167,100,0,111.8468,0,0,-0.2720564,-0.05566096,-0.9606704,0.001034012,0.9983085,-0.05813453,0.9622812,-0.01680922,-0.2715387,-722.5478,3.530922,-108.9724,111.5146,0.288106,-17.96923,112.9535,0.8252319,-36.17597,1.357508,0.01703881,-1.675769,0.07618734
1790,0.016683,1,100,0,-84.78491,100,0,112.1829,0,0,-0.2991521,-0.05640927,-0.9525366,0.0004251003,0.9982432,-0.05924952,0.9542055,-0.01812954,-0.2986026,-720.6865,3.534912,-109.2823,111.6596,0.1405615,-19.79339,113.4004,0.781186,-37.40605,1.29774,0.01250361,-1.732898,0.07111022
1791,0.016686,1,100,0,-93.12791,100,0,112.454,0,0,-0.3269463,-0.05701145,-0.9433218,-0.0001197569,0.9981813,-0.06028548,0.9450431,-0.01959715,-0.3263586,-718.8232,3.536261,-109.6238,111.6804,-0.03924733,-21.81951,113.7919,0.7492907,-38.76982,1.232103,0.008679341,-1.79622,0.06545132
1792,0.016691,1,100,0,-101.4734,100,0,112.6645,0,0,-0.3554849,-0.05744516,-0.9329152,-0.0006396137,0.9981244,-0.06121676,0.934682,-0.02116493,-0.3548549,-716.9596,3.53474,-110.0004,111.5763,-0.1956022,-24.03847,114.1366,0.8355365,-40.25541,1.149928,0.01238896,-1.865078,0.05854157
1793,0.016683,1,100,0,-86.04164,100,0,112.8227,0,0,-0.3846101,-0.05769397,-0.9212745,-0.001203619,0.9980755,-0.06200108,0.9230787,-0.02273737,-0.3839393,-715.0994,3.530516,-110.4146,111.3311,-0.3689384,-26.42455,114.4247,0.9153179,-41.18436,1.065148,0.01636972,-1.908135,0.05160373
1794,0.016673,1,100,0,-94.37814,100,0,112.9212,0,0,-0.4140294,-0.05775946,-0.9084292,-0.00180307,0.9980349,-0.06263496,0.9102618,-0.02429475,-0.41332,-713.2454,3.523323,-110.8693,110.9376,-0.5568117,-28.96105,114.6569,0.9874218,-42.26838,0.9786028,0.01982901,-1.95839,0.04444533
1795,0.016695,1,100,0,-102.7256,100,0,112.966,0,0,-0.4438458,-0.05764268,-0.8942474,-0.002392298,0.9980018,-0.06314325,0.8961003,-0.02588656,-0.4430968,-711.3962,3.512702,-111.3676,110.3844,-0.7952659,-31.62282,114.8275,0.9476162,-43.49622,0.9189134,0.01611138,-2.015414,0.03885838
1796,0.016681,1,100,0,-87.29572,100,0,112.9481,0,0,-0.4738695,-0.05735666,-0.8787253,-0.002905423,0.9979731,-0.06357346,0.8805907,-0.02757246,-0.4730757,-709.5588,3.498016,-111.9106,109.6706,-1.051074,-34.39973,114.9439,0.9166998,-44.18592,0.857089,0.01365181,-2.047477,0.03325396
1797,0.016946,1,100,0,-95.76872,100,0,112.8776,0,0,-0.5043275,-0.05689199,-0.8616362,-0.003384013,0.9979497,-0.06391177,0.8635056,-0.02931667,-0.503486,-707.7051,3.478843,-112.5101,108.7816,-1.292318,-37.3294,115.0156,0.9738755,-45.06613,0.7899739,0.01679166,-2.088286,0.02712088
1798,0.016434,1,100,0,-103.9857,100,0,112.7662,0,0,-0.5338722,-0.05626265,-0.8436913,-0.003848508,0.9979353,-0.06411335,0.8455566,-0.03098138,-0.5329865,-705.9229,3.456306,-113.1396,107.7531,-1.529449,-40.25336,115.0365,1.022523,-46.07052,0.7250588,0.01940999,-2.134857,0.02107129
1799,0.016678,1,100,0,-88.55858,100,0,112.6132,0,0,-0.5637373,-0.05544604,-0.8240912,-0.004309848,0.9979284,-0.06419381,0.8259433,-0.03263674,-0.5628085,-704.1324,3.429455,-113.8278,106.5387,-1.770984,-43.2861,115.0101,1.065452,-46.56941,0.6601225,0.02233996,-2.157991,0.0152622
1800,0.016839,1,100,0,-96.97808,100,0,112.4145,0,0,-0.593515,-0.05445018,-0.802979,-0.004759129,0.9979289,-0.06415211,0.804809,-0.03425375,-0.5925449,-702.3461,3.39827,-114.5742,105.1362,-2.013616,-46.3993,114.9373,1.100848,-47.26408,0.5960972,0.02476263,-2.190207,0.009395398
1801,0.016513,1,100,0,-105.2346,100,0,112.1772,0,0,-0.6223955,-0.05330642,-0.7808856,-0.005146015,0.9979352,-0.06402154,0.782686,-0.03582827,-0.6213847,-700.6183,3.363546,-115.3574,103.5854,-2.280828,-49.47652,114.8175,1.034449,-48.11124,0.5504957,0.02067063,-2.229576,0.004612086
1802,0.01669,1,100,0,-89.79633,91.655,0,111.9005,0,0,-0.6511187,-0.05199542,-0.7571928,-0.005434291,0.9979444,-0.0638545,0.7589565,-0.03746205,-0.6500629,-698.8994,3.323937,-116.2009,101.764,-2.557429,-52.65194,114.6066,0.974579,-48.30165,0.5053427,0.01778398,-2.238483,0.0001956411
1803,0.016676,1,100,0,-98.13433,83.317,0,111.5573,0,0,-0.6790352,-0.05054445,-0.7323638,-0.005628234,0.9979563,-0.06365605,0.7340845,-0.03910279,-0.677932,-697.2137,3.279689,-117.0968,99.69391,-2.844687,-55.86147,114.313,0.9054626,-48.54767,0.4606938,0.0143843,-2.249974,-0.004243577
1804,0.016684,1,100,0,-106.4763,74.975,0,111.1653,0,0,-0.7061603,-0.04895582,-0.7063576,-0.005742174,0.9979701,-0.06342616,0.7080289,-0.04073301,-0.705008,-695.563,3.230797,-118.0468,97.38986,-3.101191,-59.08389,113.9531,0.8954171,-48.84553,0.4362877,0.01485502,-2.2638,-0.007430386
1805,0.016697,1,100,0,-91.03161,66.6265,0,110.7358,0,0,-0.7323552,-0.04725333,-0.6792814,-0.005818499,0.9979872,-0.06315058,0.6808981,-0.04229625,-0.7311561,-693.9509,3.177628,-119.0512,94.85506,-3.349587,-62.291,113.5292,0.88133,-48.52458,0.4139845,0.01570236,-2.248932,-0.009975946
1806,0.016655,1,100,0,-99.35911,58.299,0,110.2728,0,0,-0.7573023,-0.04546632,-0.6514801,-0.005861424,0.9980068,-0.06283664,0.6530386,-0.04376773,-0.7560593,-692.3861,3.120515,-120.1063,92.11324,-3.58721,-65.44699,113.0532,0.8623102,-48.30511,0.3940736,0.0162045,-2.23877,-0.01235044
1807,0.016676,1,100,0,-107.6971,49.961,0,109.7923,0,0,-0.7811289,-0.04359134,-0.6228462,-0.00586698,0.9980282,-0.06249138,0.6243422,-0.0451596,-0.7798445,-690.8662,3.059431,-121.215,89.17278,-3.813328,-68.53851,112.5338,0.8385648,-48.17912,0.376561,0.01639262,-2.232942,-0.01456643
1808,0.016671,1,100,0,-92.27643,41.6255,0,109.2959,0,0,-0.8037166,-0.04164011,-0.5935537,-0.005814305,0.9980503,-0.06214413,0.5949841,-0.04649517,-0.8023917,-689.3968,2.994425,-122.3743,86.04955,-4.069921,-71.53188,111.9728,0.7261106,-47.47517,0.348749,0.01138146,-2.200392,-0.0169073
1809,0.016681,1,100,0,-100.6169,33.285,0,108.7839,0,0,-0.8249272,-0.03962312,-0.5638484,-0.005670058,0.9980698,-0.06184153,0.5652104,-0.04781771,-0.8235595,-687.9795,2.92513,-123.5837,82.76741,-4.321037,-74.41853,111.3878,0.6242338,-46.90791,0.3227946,0.006957349,-2.17417,-0.01920129
1810,0.016681,1,100,0,-85.187,24.9445,0,108.2757,0,0,-0.8447273,-0.0375576,-0.5338775,-0.005458768,0.9980874,-0.06157704,0.5351691,-0.0491015,-0.8433167,-686.6177,2.851827,-124.8406,79.35633,-4.53969,-77.18169,110.7928,0.5602357,-45.80188,0.3168369,0.005318237,-2.122924,-0.01968676
1811,0.016936,1,100,0,-93.65501,16.4765,0,107.7806,0,0,-0.8632948,-0.03544784,-0.5034536,-0.005213439,0.9981036,-0.0613361,0.5046731,-0.05032641,-0.8618425,-685.2937,2.773756,-126.1629,75.77891,-4.748377,-79.84558,110.1831,0.4980507,-44.85683,0.3128987,0.003647486,-2.079138,-0.02008963
1812,0.016422,1,100,0,-78.46466,8.2655,0,107.2969,0,0,-0.8798515,-0.03340111,-0.4740736,-0.004952762,0.9981175,-0.06113087,0.475223,-0.05143812,-0.8783606,-684.0687,2.694746,-127.4874,72.21719,-4.935425,-82.25428,109.5694,0.4406695,-43.45313,0.3111346,0.002436267,-2.014084,-0.01980493
1813,0.016682,1,100,0,-63.03381,0,0,106.8221,0,0,-0.895103,-0.03135635,-0.4447557,-0.004680026,0.9981298,-0.06095167,0.4458351,-0.05247655,-0.8935757,-682.8842,2.611418,-128.8726,68.55562,-5.112732,-84.5705,108.9871,0.3847795,-41.56427,0.3112519,0.001487254,-1.926533,-0.01883683
1814,0.016763,1,100,0,-54.65231,0,0,106.403,0,0,-0.9088194,-0.02936062,-0.4161554,-0.004398217,0.9981393,-0.06081576,0.4171667,-0.0534402,-0.9072575,-681.7552,2.52463,-130.3024,64.9304,-5.305197,-86.7195,108.4637,0.2836928,-39.58913,0.2999195,-0.002485135,-1.835019,-0.01839655
1815,0.016607,1,100,0,-46.34881,0,0,106.0472,0,0,-0.920907,-0.02744487,-0.3888151,-0.004097393,0.9981446,-0.06075031,0.389761,-0.05435225,-0.9193108,-680.6963,2.435521,-131.7535,61.41249,-5.485538,-88.68478,108.0119,0.1943754,-37.56543,0.2902471,-0.005873411,-1.741245,-0.01770122
1816,0.016684,1,100,0,-38.00681,0,0,105.7632,0,0,-0.9316444,-0.0255929,-0.3624693,-0.00378496,0.9981462,-0.06074782,0.3633521,-0.05522344,-0.9300141,-679.6907,2.343045,-133.2434,57.96357,-5.656164,-90.50471,107.6237,0.1148813,-35.46813,0.2820198,-0.008777009,-1.644054,-0.01674992
1817,0.016693,1,100,0,-29.66031,0,0,105.5442,0,0,-0.9410769,-0.02382297,-0.3373525,-0.003467221,0.9981431,-0.06081417,0.3381749,-0.05606114,-0.9394121,-678.7418,2.247633,-134.7635,54.60947,-5.833581,-92.17623,107.2972,0.009902202,-33.31157,0.2729816,-0.0134759,-1.544127,-0.01570611
1818,0.016674,1,100,0,-21.32331,0,0,105.3861,0,0,-0.9492933,-0.02214566,-0.3136116,-0.003144745,0.9981353,-0.06096421,0.3143769,-0.05688668,-0.9475927,-677.8491,2.149415,-136.3091,51.36856,-6.003291,-93.71047,107.0347,-0.08013994,-31.10468,0.265014,-0.01738481,-1.441859,-0.01447234
1819,0.016679,1,100,0,-12.98381,0,0,105.2899,0,0,-0.9564092,-0.02056709,-0.2913047,-0.002827805,0.9981223,-0.06118656,0.2920161,-0.05769564,-0.9546716,-677.0096,2.048383,-137.88,48.24609,-6.164989,-95.11996,106.834,-0.1563496,-28.84855,0.2580425,-0.02057164,-1.337301,-0.01305139
1820,0.016687,1,100,0,-4.640306,0,0,105.2527,0,0,-0.962527,-0.01909065,-0.2705138,-0.002517546,0.9981054,-0.06148032,0.271175,-0.05849543,-0.9607514,-676.2212,1.944532,-139.4745,45.24744,-6.339644,-96.41092,106.6892,-0.2528431,-26.54684,0.2382616,-0.02521794,-1.230648,-0.0123338
1821,0.016678,1,100,0,3.698693,0,0,105.2677,0,0,-0.967738,-0.01771563,-0.2513346,-0.00220705,0.9980827,-0.06185306,0.2519485,-0.05930286,-0.9659217,-675.4824,1.837857,-141.0891,42.38829,-6.508411,-97.59563,106.6022,-0.33225,-24.2059,0.219544,-0.02892136,-1.122168,-0.01144502
1822,0.016942,1,100,0,12.16969,0,0,105.3354,0,0,-0.9722052,-0.01642848,-0.2335532,-0.001897803,0.9980554,-0.06230477,0.2341226,-0.06012978,-0.9703459,-674.7798,1.726602,-142.7488,39.63048,-6.683181,-98.69879,106.5678,-0.4175062,-21.78646,0.1991978,-0.03312551,-1.010049,-0.01051697
1823,0.016445,1,100,0,20.39219,0,0,105.4522,0,0,-0.9758285,-0.01529132,-0.2180029,-0.001606483,0.9980242,-0.06281319,0.2185327,-0.06094468,-0.973925,-674.1419,1.615797,-144.3773,37.10749,-6.846977,-99.68355,106.5864,-0.4829651,-19.41118,0.1804923,-0.03623515,-0.8999664,-0.00945687
1824,0.016673,1,100,0,28.72869,0,0,105.6108,0,0,-0.9788693,-0.01425741,-0.2039896,-0.001327313,0.9979885,-0.06338295,0.204483,-0.06177287,-0.9769192,-673.5366,1.500751,-146.0445,34.70613,-7.006068,-100.6049,106.6534,-0.5337405,-16.96898,0.1625268,-0.03851403,-0.786772,-0.008211405
1825,0.016836,1,100,0,37.14669,0,15.1524,105.8125,0,0,-0.981354,-0.01334887,-0.1917454,-0.001069843,0.9979495,-0.06399944,0.1922066,-0.06260096,-0.9793561,-672.9646,1.381925,-147.7434,32.49945,-7.161318,-101.5097,106.8256,-0.5704311,-14.2021,0.1453428,-0.03993529,-0.6585143,-0.006483108
1826,0.016557,1,100,0,45.42519,0,30.0537,106.109,0,0,-0.9832525,-0.01260295,-0.1818122,-0.0008358993,0.9979075,-0.06465288,0.1822465,-0.06341814,-0.9812056,-672.4374,1.262379,-149.4289,30.52661,-7.338191,-102.3771,107.0831,-0.6565658,-11.21904,0.09921328,-0.04459957,-0.5202706,-0.006280342
1827,0.016683,1,100,0,53.76669,0,45.0684,106.4817,0,0,-0.9846512,-0.01200023,-0.1741208,-0.0005983366,0.9978598,-0.06538791,0.1745328,-0.06428011,-0.982551,-671.938,1.138934,-151.1417,28.7373,-7.521884,-103.2441,107.4325,-0.7339277,-7.961594,0.05300638,-0.04874312,-0.3692946,-0.005689186
1828,0.016684,1,100,0,62.10869,0,60.084,106.9417,0,0,-0.9855558,-0.01162372,-0.1689516,-0.0004044985,0.9978005,-0.06628821,0.1693504,-0.06526238,-0.9833928,-671.4673,1.011796,-152.8689,27.17216,-7.817495,-104.072,107.8444,-1.05199,-4.47248,0.1591883,-0.06835859,-0.207442,0.005020589
1829,0.016697,1,100,0,70.45719,0,75.1113,107.4555,0,0,-0.9859772,-0.01160213,-0.1664766,-0.0003393758,0.9977177,-0.06752316,0.1668801,-0.0665198,-0.9837309,-671.0212,0.8794905,-154.6112,25.80275,-8.137174,-104.9067,108.3393,-1.315721,-0.7652922,0.2617187,-0.08449931,-0.03545423,0.01586991
1830,0.016669,1,100,0,78.79169,0,90.1134,108.0472,0,0,-0.9859078,-0.0119549,-0.1668621,-0.0004131161,0.9976143,-0.06903357,0.1672893,-0.0679918,-0.9835606,-670.5976,0.7419725,-156.3645,24.63741,-8.475974,-105.7499,108.9123,-1.530121,3.135022,0.3597812,-0.09742025,0.1455156,0.02684189
1831,0.016679,1,100,0,87.13119,0,100,108.7094,0,0,-0.985323,-0.01270144,-0.1702266,-0.0006315811,0.9974922,-0.07077201,0.1706986,-0.06962577,-0.9828601,-670.192,0.5986422,-158.133,23.6743,-8.829079,-106.5884,109.5423,-1.700337,7.132219,0.4530358,-0.1073892,0.3310082,0.03784855
1832,0.016684,1,100,0,95.47319,0,100,109.4174,0,0,-0.9841868,-0.01385517,-0.1765916,-0.0009993184,0.9973548,-0.07268184,0.1771315,-0.07135604,-0.9815973,-669.8013,0.449433,-159.9158,22.92261,-9.172301,-107.3909,110.1925,-1.798746,11.03932,0.5456458,-0.1125913,0.5123675,0.04894864
1833,0.016687,1,100,0,103.8167,0,100,110.1294,0,0,-0.9824516,-0.01542162,-0.1858793,-0.00151996,0.997205,-0.07470024,0.1865118,-0.07310684,-0.9797291,-669.4217,0.2944801,-161.7121,22.40103,-9.513641,-108.1492,110.8538,-1.861826,14.86303,0.6317638,-0.1152825,0.6898912,0.05976854
1834,0.016673,1,100,0,88.39417,0,100,110.8305,0,0,-0.9800822,-0.01736277,-0.1978323,-0.002156017,0.9970425,-0.0768244,0.1985811,-0.0748677,-0.977221,-669.0498,0.1336564,-163.5191,22.11345,-9.910611,-108.8423,111.5073,-2.006651,17.94012,0.6563997,-0.1231058,0.8327022,0.06590259
1835,0.016697,1,100,0,96.74267,0,100,111.4963,0,0,-0.9770554,-0.01961145,-0.2120808,-0.002840504,0.996863,-0.07909533,0.2129667,-0.0766781,-0.9740461,-668.6808,-0.0340286,-165.34,22.08418,-10.30779,-109.4789,112.1588,-2.117867,21.00558,0.6758736,-0.1284521,0.9750064,0.07190006
1836,0.016844,1,100,0,105.1647,0,100,112.1311,0,0,-0.9732382,-0.022194,-0.2287246,-0.003576005,0.9966674,-0.08149423,0.229771,-0.07849538,-0.9700742,-668.3076,-0.2098627,-167.1873,22.31883,-10.70175,-110.0557,112.8048,-2.198154,24.08416,0.6899221,-0.1314233,1.117957,0.07776703
1837,0.01651,1,100,0,89.89291,0,100,112.7305,0,0,-0.9686779,-0.02501907,-0.2470573,-0.004338367,0.9964648,-0.08390014,0.2482831,-0.08020038,-0.965362,-667.9364,-0.3884778,-169.007,22.81343,-11.0525,-110.5545,113.4236,-2.198764,26.42917,0.7019194,-0.1292146,1.226917,0.08260007
1838,0.01668,1,100,0,98.23291,0,100,113.2758,0,0,-0.9632206,-0.02813259,-0.2672358,-0.005148673,0.9962544,-0.08632042,0.2686632,-0.0817697,-0.9597576,-667.5517,-0.5746614,-170.8535,23.57086,-11.3812,-110.9768,114.0218,-2.175032,28.84075,0.7070527,-0.1250303,1.339,0.08716108
1839,0.016856,1,100,0,106.6609,0,100,113.7741,0,0,-0.9567157,-0.03154242,-0.2893099,-0.006007822,0.9960378,-0.08872726,0.2909622,-0.08314864,-0.9531145,-667.1487,-0.7681906,-172.726,24.59163,-11.68123,-111.3105,114.5915,-2.12906,31.3166,0.7046491,-0.1189542,1.454101,0.09136136
1840,0.01651,1,100,0,91.38916,0,100,114.2181,0,0,-0.9493015,-0.0350963,-0.3124016,-0.006844088,0.9958203,-0.09107669,0.3142923,-0.08432115,-0.945574,-666.736,-0.9628024,-174.5649,25.82047,-11.99947,-111.5164,115.0938,-2.25,33.11579,0.6387213,-0.1236071,1.537612,0.09049084
1841,0.016673,1,100,0,99.72566,0,100,114.574,0,0,-0.9407563,-0.0388198,-0.3368546,-0.007599505,0.9955896,-0.09351008,0.3389989,-0.08541027,-0.9369021,-666.2972,-1.164445,-176.4248,27.29795,-12.28199,-111.6168,115.561,-2.293128,35.01733,0.5694599,-0.1228697,1.625945,0.08958107
1842,0.016673,1,100,0,108.0622,0,100,114.877,0,0,-0.9310238,-0.04268135,-0.3624544,-0.008281726,0.9953531,-0.09593631,0.3648648,-0.08631723,-0.9270509,-665.4405,-1.322065,-177.8157,60.63929,-7.986028,-68.15753,115.9784,-6.089535,53.12,6.434186,-0.350413,2.473265,0.4932833
1843,0.016755,1,100,0,92.56379,0,91.6225,85.99997,0,0,-0.9150721,-0.05450019,-0.3995906,-0.01368356,0.994452,-0.1042977,0.4030579,-0.08997207,-0.9107411,-664.3765,-1.45035,-178.8884,59.11007,-7.586277,-62.58009,91.14639,-6.429989,53.95147,6.859279,-0.3603819,2.513103,0.5251873
1844,0.016733,1,100,0,100.9303,0,83.256,81.50159,0,0,-0.8972368,-0.06700544,-0.4364362,-0.01912775,0.9933892,-0.1131903,0.4411354,-0.0932105,-0.892587,-663.3799,-1.577171,-179.9182,55.81702,-7.492701,-59.93867,86.17024,-6.443678,53.68763,6.827466,-0.3496786,2.501753,0.5257933
1845,0.016691,1,100,0,85.49112,0,74.9105,78.82174,0,0,-0.8779872,-0.07953838,-0.4720301,-0.02424746,0.9922228,-0.1220914,0.47807,-0.0957492,-0.8730876,-662.4417,-1.702587,-180.9064,52.90689,-7.440686,-57.80522,82.38606,-6.36334,52.73395,6.684717,-0.3340015,2.458299,0.5174458
1846,0.016687,1,100,0,93.83462,0,66.567,76.47466,0,0,-0.8575415,-0.09190832,-0.5061381,-0.02892359,0.9909681,-0.1309426,0.5136014,-0.0976494,-0.8524546,-661.5703,-1.829883,-181.8837,50.86583,-8.011791,-60.10257,79.14443,-5.995379,51.79593,6.187647,-0.3004113,2.415482,0.4857561
1847,0.016761,1,100,0,102.2151,0,58.1865,78.14182,0,0,-0.8359075,-0.103767,-0.5389723,-0.0330787,0.9897057,-0.139243,0.5478728,-0.09856573,-0.8307348,-660.7246,-1.966884,-182.9016,49.6492,-8.502781,-61.99154,79.87672,-5.642784,51.06078,5.650097,-0.2682966,2.382041,0.4508893
1848,0.016599,1,100,0,86.86105,0,49.887,79.53806,0,0,-0.8135222,-0.114858,-0.5700782,-0.03664836,0.9884784,-0.1468577,0.5803777,-0.09857955,-0.8083584,-659.8799,-2.107573,-183.9128,48.67101,-8.361188,-59.49708,80.74302,-5.820408,50.06567,5.345379,-0.2716116,2.335784,0.4297376
1849,0.016681,1,100,0,95.20155,0,41.5465,77.16678,0,0,-0.7901937,-0.1255555,-0.5998582,-0.03960777,0.9872056,-0.1544553,0.6115761,-0.09829058,-0.7850567,-659.0535,-2.247254,-184.8953,47.32546,-8.270399,-57.76409,78.24725,-5.898562,48.8219,4.856198,-0.2697831,2.277746,0.3960783
1850,0.016806,1,100,0,103.6045,0,33.1435,75.1041,0,0,-0.766084,-0.1356463,-0.6282638,-0.04186136,0.9859312,-0.1618247,0.6413757,-0.09767136,-0.7609844,-658.2469,-2.386725,-185.861,46.07472,-8.163292,-56.24966,76.09801,-5.924257,47.60204,4.269876,-0.2654801,2.220691,0.3559759
1851,0.016556,1,100,0,88.29025,0,24.8655,73.15364,0,0,-0.7419649,-0.1447826,-0.6546192,-0.04333686,0.9847193,-0.1686718,0.6690369,-0.09677939,-0.7369015,-657.4746,-2.522304,-186.7895,45.00979,-8.012659,-54.76024,74.11875,-5.923822,45.84521,3.632904,-0.2620541,2.138345,0.3115229
1852,0.016684,1,100,0,72.85754,0,16.5235,71.24158,0,0,-0.7177123,-0.1530616,-0.6793095,-0.04405626,0.9835699,-0.1750705,0.6949449,-0.09572239,-0.7126635,-656.7182,-2.656624,-187.705,45.99637,-8.125743,-55.08916,72.22541,-5.572509,44.17203,2.96545,-0.2372575,2.060667,0.2650945
1853,0.016738,1,100,0,57.37489,0,8.154503,72.00279,0,0,-0.6935276,-0.1604076,-0.7023455,-0.04420124,0.9825349,-0.1807533,0.7190732,-0.09431288,-0.6885052,-655.9396,-2.792887,-188.6252,51.66975,-7.1985,-46.26016,73.03725,-5.637783,42.6262,2.454559,-0.2398576,1.987943,0.2287924
1854,0.016806,1,100,0,48.97189,0,0,69.68361,0,0,-0.6694096,-0.1670119,-0.7238771,-0.04369546,0.9815669,-0.1860581,0.7416078,-0.09291895,-0.6643679,-655.0693,-2.9156,-189.4081,52.01303,-7.508233,-47.21442,70.64652,-5.623315,40.34066,1.781091,-0.2404196,1.880337,0.1809537
1855,0.016526,1,100,0,40.70889,0,0,70.63868,0,0,-0.6463794,-0.1725247,-0.7432557,-0.04250871,0.9807316,-0.1906796,0.7618313,-0.09165654,-0.6412585,-654.2061,-3.040928,-190.1915,52.68563,-7.734108,-47.78312,71.54592,-5.590902,38.04525,1.121962,-0.2411264,1.77216,0.1342128
1856,0.016696,1,100,0,32.36089,0,0,71.48778,0,0,-0.6239594,-0.1771241,-0.7611187,-0.04066803,0.9800143,-0.1947251,0.7803978,-0.09054735,-0.6186924,-653.2288,-3.160691,-190.889,55.06723,-7.235579,-42.51473,72.42448,-5.605159,32.64109,1.251726,-0.2556495,1.518812,0.1332307
1857,0.016756,1,100,0,23.98289,0,0,69.93305,0,0,-0.6042705,-0.1813209,-0.7758737,-0.03852691,0.9792727,-0.1988492,0.7958475,-0.09026671,-0.5987313,-652.2808,-3.280987,-191.5811,54.50238,-7.147099,-40.67763,70.87064,-5.744627,29.31005,0.7785527,-0.2724444,1.361419,0.09759844
1858,0.016707,1,100,0,15.62939,0,0,68.3757,0,0,-0.5864081,-0.1846893,-0.7886795,-0.03573761,0.9786104,-0.2025944,0.809227,-0.09061749,-0.5804654,-651.3643,-3.401514,-192.2619,53.27808,-7.130926,-39.68241,69.32729,-5.862453,26.57549,0.1405413,-0.286756,1.231728,0.05269638
1859,0.016695,1,100,0,7.281894,0,0,66.79452,0,0,-0.5700753,-0.187143,-0.7999948,-0.03226664,0.978061,-0.2058049,0.8209587,-0.09151115,-0.5636069,-650.4702,-3.521631,-192.9269,54.12533,-7.322752,-40.12412,67.77255,-5.575671,24.46029,-0.5144019,-0.2740616,1.13233,0.007783536
1860,0.01668,1,100,0,-1.058106,0,0,67.719,0,0,-0.5549426,-0.1887304,-0.8101973,-0.02849723,0.9776664,-0.2082222,0.8314005,-0.09246298,-0.5479271,-649.562,-3.644562,-193.5976,55.09445,-7.46445,-40.3741,68.71087,-5.266983,22.28684,-1.149471,-0.2607068,1.030171,-0.03599939
1861,0.016906,1,100,0,-9.511106,0,0,68.6178,0,0,-0.5409073,-0.1894925,-0.8194582,-0.02434005,0.9774088,-0.2099508,0.8407298,-0.0936183,-0.5332998,-648.6246,-3.77175,-194.2805,56.14297,-7.641129,-40.43096,69.60662,-5.2451,20.02589,-1.718776,-0.2662853,0.9229554,-0.07562436
1862,0.016454,1,100,0,-17.73811,14.8086,0,69.47824,0,0,-0.5286393,-0.1894613,-0.8274328,-0.01986133,0.977267,-0.2110803,0.8486143,-0.09515145,-0.5203847,-647.6948,-3.89841,-194.9456,57.24759,-7.811653,-40.38948,70.49552,-5.16697,17.6137,-2.245629,-0.269123,0.8087932,-0.1127655
1863,0.016682,1,100,0,-26.07911,29.8224,0,70.34248,0,0,-0.517773,-0.1886653,-0.834456,-0.01495494,0.9772279,-0.2116657,0.8553876,-0.09711555,-0.5088037,-646.7333,-4.029707,-195.6188,58.42795,-7.989285,-40.28734,71.41935,-5.033594,14.95693,-2.750088,-0.2694771,0.6832701,-0.1489079
1864,0.016944,1,100,0,-34.55111,45.072,0,71.25278,0,0,-0.5085325,-0.187076,-0.8404744,-0.00966049,0.9772904,-0.2116839,0.8609886,-0.09952874,-0.4987912,-645.7363,-4.166143,-196.3007,59.67072,-8.179078,-40.1524,72.38583,-4.844178,12.0541,-3.229325,-0.2671935,0.546335,-0.1839545
1865,0.016438,1,100,0,-42.7701,59.8662,0,72.21753,0,0,-0.5014667,-0.1847819,-0.8452142,-0.004284158,0.9774447,-0.2111485,0.8651665,-0.1022629,-0.4909476,-644.7486,-4.301659,-196.96,60.90414,-8.375203,-40.01694,73.35403,-4.60952,9.067991,-3.659246,-0.2622854,0.4056788,-0.2161949
1866,0.016683,1,100,0,-51.1116,74.88091,0,73.19492,0,0,-0.4963277,-0.181709,-0.8489057,0.001280896,0.9776953,-0.2100254,0.8681346,-0.1053288,-0.4850245,-643.7254,-4.442258,-197.6271,62.19329,-8.533954,-39.92111,74.39441,-4.097234,5.860805,-4.054485,-0.2403127,0.2555414,-0.2469588
1867,0.016678,1,100,0,-59.4506,89.89111,0,74.25373,0,0,-0.4933657,-0.1778884,-0.8514378,0.006765626,0.9780501,-0.2082615,0.8697961,-0.1085096,-0.4813328,-642.6809,-4.585443,-198.2926,63.49069,-8.68944,-39.86893,75.47254,-3.56208,2.49175,-4.41083,-0.2170959,0.09791444,-0.2758878
1868,0.016682,1,100,0,-67.7916,100,0,75.35706,0,0,-0.4926837,-0.1733449,-0.8527688,0.01221125,0.9784855,-0.2059547,0.870123,-0.1118839,-0.4799671,-641.6147,-4.731525,-198.9575,64.76215,-8.893334,-39.83513,76.55106,-3.28135,-0.9703803,-4.658378,-0.2099093,-0.064652,-0.2983341
1869,0.016681,1,100,0,-76.1321,100,0,76.46561,0,0,-0.4943184,-0.168139,-0.852865,0.01772084,0.9789625,-0.2032696,0.8691004,-0.1155934,-0.4809396,-640.5275,-4.881118,-199.6221,65.99249,-9.1186,-39.85866,77.63292,-2.965758,-4.392066,-4.865845,-0.1998086,-0.2250897,-0.3185789
1870,0.016682,1,100,0,-84.47311,100,0,77.57776,0,0,-0.4982287,-0.1622893,-0.8517221,0.02324507,0.9794735,-0.200229,0.8667343,-0.1195582,-0.4842294,-639.4201,-5.034594,-200.2876,67.17189,-9.364801,-39.95935,78.71793,-2.62273,-7.776602,-5.032207,-0.1871662,-0.3835714,-0.3366058
1871,0.016682,1,100,0,-92.81411,100,0,78.68931,0,0,-0.5043651,-0.1558141,-0.8493161,0.0287414,0.9800104,-0.1968591,0.8630121,-0.1236994,-0.4898048,-638.2933,-5.192286,-200.9553,68.29061,-9.630701,-40.15469,79.80449,-2.259758,-11.12634,-5.156606,-0.172362,-0.5402255,-0.3523874
1872,0.016684,1,100,0,-101.1561,100,0,79.7949,0,0,-0.5126678,-0.1487256,-0.8456079,0.03405924,0.9805851,-0.1931146,0.8579116,-0.1278044,-0.4976489,-637.1479,-5.354027,-201.6271,69.36845,-9.823232,-40.49811,80.92326,-1.492233,-14.44557,-5.25247,-0.1308027,-0.6942641,-0.366898
1873,0.016686,1,100,0,-85.72157,100,0,80.92128,0,0,-0.522918,-0.1410696,-0.8406284,0.03893933,0.9812266,-0.1888865,0.8514931,-0.1315056,-0.5076079,-635.9849,-5.51891,-202.3055,70.36746,-9.999092,-40.96979,82.0371,-0.7623606,-17.0686,-5.302743,-0.08891683,-0.8155806,-0.3772497
1874,0.016624,1,100,0,-94.03357,100,0,82.02894,0,0,-0.5347236,-0.1329734,-0.8344991,0.04336355,0.9819223,-0.1842507,0.8439137,-0.13471,-0.5192909,-634.8101,-5.686012,-202.9899,71.27471,-10.15811,-41.57506,83.13698,-0.09112452,-19.70819,-5.307247,-0.04993954,-0.9377015,-0.3848791
1875,0.016843,1,100,0,-102.4551,100,0,83.10765,0,0,-0.5482743,-0.1243302,-0.8270051,0.04744247,0.9826709,-0.1791852,0.834952,-0.1374778,-0.5328746,-633.6049,-5.857917,-203.6943,72.09676,-10.30313,-42.32787,84.23625,0.5207316,-22.41012,-5.265812,-0.01391224,-1.06275,-0.3898413
1876,0.016517,1,100,0,-87.17685,100,0,84.16924,0,0,-0.5629469,-0.115478,-0.8183861,0.05102313,0.9834468,-0.1738663,0.8249169,-0.1396341,-0.5477363,-632.4102,-6.028563,-204.3984,72.80696,-10.38808,-43.22979,85.30874,1.269562,-24.4243,-5.22265,0.03319113,-1.155237,-0.3930523
1877,0.016667,1,100,0,-95.51035,100,0,85.18875,0,0,-0.5788192,-0.1062533,-0.8085039,0.05414432,0.984279,-0.1681163,0.8136564,-0.1410848,-0.5639665,-631.1934,-6.202004,-205.1247,73.41235,-10.44186,-44.27974,86.36608,1.904005,-26.53218,-5.132773,0.07363156,-1.252225,-0.3933108
1878,0.016841,1,100,0,-103.9308,100,0,86.1779,0,0,-0.5959389,-0.09668435,-0.7971882,0.05689191,0.9851478,-0.16201,0.801012,-0.1419016,-0.5815874,-629.9543,-6.378005,-205.8772,73.90308,-10.46717,-45.4779,87.40405,2.414129,-28.73206,-4.995991,0.1068422,-1.353614,-0.3905645
1879,0.016513,1,100,0,-88.65633,100,0,87.13194,0,0,-0.6136335,-0.0871419,-0.7847678,0.05927012,0.9860038,-0.1558326,0.7873636,-0.1421374,-0.59988,-628.7319,-6.550863,-206.6353,74.25642,-10.46778,-46.78321,88.38699,2.781952,-30.29199,-4.818253,0.1326732,-1.425167,-0.3833259
1880,0.016673,1,100,0,-96.99283,100,0,88.01898,0,0,-0.6321215,-0.07746395,-0.7709876,0.06142736,0.9868495,-0.1495158,0.7724309,-0.1418719,-0.6190504,-627.4926,-6.725302,-207.4233,74.47843,-10.44919,-48.22366,89.34061,3.023132,-31.97788,-4.597558,0.1508405,-1.502681,-0.3733672
1881,0.016687,1,100,0,-105.3363,100,0,88.86476,0,0,-0.6512554,-0.06777695,-0.7558258,0.06342463,0.9876571,-0.1432156,0.7562035,-0.1412079,-0.6389182,-626.2493,-6.899499,-208.2367,74.55873,-10.41615,-49.77933,90.25233,3.14016,-33.76507,-4.337574,0.1615296,-1.584976,-0.3608815
1882,0.016661,1,100,0,-89.9249,100,0,89.65733,0,0,-0.6708457,-0.05817809,-0.7393114,0.06531987,0.988408,-0.1370508,0.7387146,-0.1402317,-0.659269,-625.0073,-7.072826,-209.0753,74.49024,-10.37403,-51.43763,91.11667,3.142989,-34.97509,-4.041777,0.1660608,-1.640329,-0.3444357
1883,0.016695,1,100,0,-98.2724,100,0,90.39304,0,0,-0.6906995,-0.04873291,-0.721498,0.06707684,0.9891076,-0.1310219,0.7200242,-0.1388926,-0.6799073,-623.7648,-7.245475,-209.9439,74.28416,-10.27232,-53.21793,91.95545,3.36972,-36.32698,-3.718545,0.1851357,-1.702023,-0.3263455
1884,0.016672,1,100,0,-106.6084,100,0,91.09641,0,0,-0.7107567,-0.03950654,-0.7023277,0.06859089,0.9897717,-0.1250896,0.700086,-0.1370816,-0.7007771,-622.5283,-7.41605,-210.8415,73.9219,-10.14516,-55.08169,92.74354,3.435589,-37.80229,-3.363866,0.1941398,-1.76954,-0.3061504
1885,0.01668,1,100,0,-91.1794,100,0,91.74239,0,0,-0.730926,-0.03053572,-0.6817733,0.06997032,0.990381,-0.1193727,0.6788604,-0.1349565,-0.7217587,-621.2982,-7.584658,-211.7711,73.38679,-10.03059,-57.01862,93.47383,3.305207,-38.72647,-3.020052,0.1911856,-1.811503,-0.2850074
1886,0.016869,1,100,0,-99.6139,100,0,92.32677,0,0,-0.7511861,-0.02178974,-0.6597307,0.07132265,0.9909244,-0.1139382,0.656226,-0.1326426,-0.7428145,-620.0641,-7.753223,-212.7443,72.67772,-9.912139,-59.03885,94.15884,3.073564,-39.82539,-2.646636,0.1818221,-1.861593,-0.2621772
1887,0.016472,1,100,0,-107.8499,100,0,92.86269,0,0,-0.7708485,-0.01358084,-0.636874,0.07263103,0.9913794,-0.1090503,0.6328647,-0.1303181,-0.7632169,-618.8716,-7.91591,-213.7279,71.81966,-9.800945,-61.05915,94.77522,2.769196,-41.03836,-2.260287,0.167736,-1.917005,-0.2386855
1888,0.016688,1,100,0,-92.4135,100,0,93.33073,0,0,-0.7905258,-0.005637128,-0.6124029,0.07395095,0.9917623,-0.1045893,0.6079477,-0.1279684,-0.7835968,-617.6787,-8.078919,-214.7585,70.78214,-9.697906,-63.14101,95.34647,2.401893,-41.73515,-1.851365,0.1498347,-1.948321,-0.2124681
1889,0.016834,1,100,0,-100.8305,100,0,93.74995,0,0,-0.8099156,0.001933903,-0.5865433,0.07525866,0.9920716,-0.1006483,0.5816983,-0.1256591,-0.8036398,-616.4939,-8.241699,-215.8333,69.56268,-9.60874,-65.26525,95.86891,1.991428,-42.61873,-1.424749,0.1291043,-1.988306,-0.1855093
1890,0.016514,1,100,0,-85.55505,100,0,94.12167,0,0,-0.8284075,0.008908886,-0.5600551,0.07649572,0.9923047,-0.09736417,0.5548779,-0.123499,-0.8227141,-615.3525,-8.400024,-216.9227,68.19833,-9.540236,-67.36069,96.33011,1.564342,-42.98962,-0.9961796,0.1070224,-2.004415,-0.1573512
1891,0.01683,1,100,0,-93.97005,100,0,94.43855,0,0,-0.8465385,0.01552629,-0.532101,0.0776398,0.992487,-0.09455994,0.5266351,-0.1213608,-0.8413839,-614.2133,-8.560019,-218.0686,66.64773,-9.434493,-69.51705,96.76543,1.33799,-43.57507,-0.583662,0.09769854,-2.030598,-0.13066
1892,0.016657,1,100,0,-102.2985,100,0,94.73454,0,0,-0.8638028,0.02162255,-0.5033659,0.07857358,0.9926358,-0.09219688,0.4976655,-0.1191912,-0.8591406,-613.1125,-8.716665,-219.2383,64.95242,-9.339572,-71.63802,97.14962,1.065917,-44.33904,-0.1703925,0.08525522,-2.065085,-0.1042278
1893,0.016582,1,100,0,-86.9602,100,0,94.98489,0,0,-0.880242,0.02723105,-0.4737432,0.07930101,0.9927542,-0.09028168,0.4678521,-0.117038,-0.8760234,-612.0455,-8.871111,-220.4378,63.10851,-9.258977,-73.72478,97.48721,0.7615864,-44.60884,0.2422917,0.07029463,-2.07656,-0.07676457
1894,0.016669,1,100,0,-95.29469,100,0,95.19374,0,0,-0.8958693,0.03237345,-0.443137,0.07980978,0.9928457,-0.0888152,0.4370914,-0.1149335,-0.8920437,-611.0046,-9.025116,-221.6783,61.10148,-9.195286,-75.78692,97.78344,0.4384843,-45.09052,0.6549206,0.05394717,-2.097892,-0.04975166
1895,0.016704,1,100,0,-103.6467,100,0,95.36903,0,0,-0.9106483,0.03705635,-0.4115174,0.08007281,0.9929162,-0.0877832,0.4053494,-0.112891,-0.9071647,-609.9959,-9.178359,-222.9556,58.94662,-9.12802,-77.81267,98.04507,0.1652358,-45.76667,1.068654,0.04064943,-2.128308,-0.02306442
1896,0.016661,1,100,0,-88.23527,100,0,95.51336,0,0,-0.9244441,0.04125678,-0.3790795,0.08005099,0.9929741,-0.08714728,0.3728207,-0.1109085,-0.9212517,-609.0264,-9.330186,-224.263,56.65297,-9.078788,-79.77708,98.26681,-0.1218455,-45.95249,1.472613,0.02583085,-2.135911,0.003961287
1897,0.016642,1,100,0,-96.55627,91.679,0,95.62308,0,0,-0.937148,0.04496047,-0.346023,0.07972725,0.9930214,-0.08690034,0.3397012,-0.1090259,-0.9341927,-608.0974,-9.481095,-225.6013,54.14251,-9.043446,-81.67712,98.40908,-0.409891,-46.22171,1.864408,0.01064494,-2.147421,0.02998324
1898,0.016692,1,100,0,-104.9023,83.333,0,95.6804,0,0,-0.9487964,0.04820911,-0.3121881,0.07909016,0.9930624,-0.08701742,0.3058272,-0.1072528,-0.9460269,-607.2087,-9.631955,-226.975,51.42009,-9.023902,-83.50259,98.47913,-0.6931182,-46.56837,2.242538,-0.004501056,-2.162565,0.05491631
1899,0.016707,1,100,0,-89.4483,74.9795,0,95.68919,0,0,-0.9592873,0.05100067,-0.2777886,0.07811753,0.9931026,-0.08743437,0.2714134,-0.1055748,-0.9566547,-606.3657,-9.782502,-228.3799,48.5098,-8.982755,-85.24657,98.49299,-0.8542684,-46.31709,2.594431,-0.01270405,-2.150033,0.07924579
1900,0.016923,1,100,0,-97.9098,66.518,0,95.66609,0,0,-0.9686297,0.05334713,-0.2427155,0.07676359,0.993153,-0.08806046,0.2363558,-0.1039297,-0.9660926,-605.5623,-9.934356,-229.832,45.38746,-8.951819,-86.90118,98.44781,-1.020504,-46.18546,2.931984,-0.02150762,-2.143087,0.1023996
1901,0.016439,1,100,0,-106.1293,58.2985,0,95.61254,0,0,-0.9764873,0.05519659,-0.2083887,0.07510132,0.9932104,-0.08884193,0.2020701,-0.1024033,-0.9740027,-604.8336,-10.08143,-231.2688,42.20988,-8.935168,-88.38869,98.35686,-1.179028,-46.16444,3.239085,-0.0301279,-2.14135,0.1233051
1902,0.016664,1,100,0,-90.7151,49.9665,0,95.53517,0,0,-0.9832084,0.05665633,-0.1734688,0.07307678,0.9932769,-0.08978146,0.1672158,-0.1009504,-0.9807384,-604.1487,-10.23032,-232.7495,38.85967,-8.932374,-89.76537,98.22261,-1.333048,-45.57922,3.527633,-0.03934714,-2.113392,0.1439739
1903,0.016834,1,100,0,-99.1321,41.5495,0,95.43602,0,0,-0.9886988,0.05770261,-0.1383663,0.07068946,0.993352,-0.09085731,0.1322037,-0.09961154,-0.9862049,-603.514,-10.38077,-234.2678,35.3642,-8.945119,-91.01439,98.05235,-1.47413,-45.13887,3.7941,-0.04795308,-2.092226,0.1628577
1904,0.01651,1,100,0,-107.3871,33.29449,0,95.32515,0,0,-0.9928583,0.05835861,-0.1040517,0.0680336,0.9934325,-0.09199638,0.09799957,-0.09841838,-0.990308,-602.9494,-10.5286,-235.7766,31.85259,-8.971867,-92.09663,97.86148,-1.587226,-44.84158,4.026794,-0.05494958,-2.077804,0.1792011
1905,0.016647,1,100,0,-91.98862,24.97099,0,95.20857,0,0,-0.9958423,0.05867777,-0.06967893,0.06506135,0.9935206,-0.09318846,0.06375936,-0.09733441,-0.9932075,-602.4391,-10.67819,-237.3151,28.24555,-9.013803,-93.03956,97.64947,-1.685942,-44.00366,4.2341,-0.06186407,-2.038286,0.194756
1906,0.016683,1,100,0,-76.55684,16.6295,0,95.08585,0,0,-0.9976335,0.05863468,-0.03590773,0.06179538,0.9936172,-0.09437273,0.03014502,-0.09636834,-0.9948892,-601.9882,-10.82868,-238.8716,24.58327,-9.033174,-93.79354,97.38154,-1.673643,-42.66895,4.413475,-0.0624764,-1.975822,0.2092619
1907,0.016683,1,100,0,-61.12506,8.287996,0,94.92575,0,0,-0.9982989,0.05821468,-0.003226412,0.0582566,0.9937269,-0.09546328,-0.002351192,-0.09548886,-0.9954279,-601.5984,-10.97954,-240.44,20.90303,-9.061944,-94.42699,97.13656,-1.653506,-40.88164,4.56467,-0.06333353,-1.892358,0.2226228
1908,0.016676,1,100,0,-45.69976,0,0,94.81142,0,0,-0.9979586,0.05741084,0.02797552,0.05447048,0.9938462,-0.09645069,-0.03334068,-0.09472995,-0.9949446,-601.2701,-11.13087,-242.0177,17.23324,-9.10058,-94.94441,96.92392,-1.62174,-38.6823,4.687032,-0.0641103,-1.789794,0.2346928
1909,0.016681,1,100,0,-37.35926,0,0,94.75195,0,0,-0.9967626,0.05623262,0.05746693,0.05046414,0.9939727,-0.09732425,-0.06259336,-0.09410916,-0.9935924,-601.0024,-11.28296,-243.6039,13.66878,-9.153242,-95.35717,96.76573,-1.575691,-36.43395,4.780143,-0.06420738,-1.685025,0.2448269
1910,0.016684,1,100,0,-29.01727,0,0,94.75199,0,0,-0.9948617,0.05471482,0.08518618,0.0462758,0.9941032,-0.0980694,-0.09004971,-0.09362343,-0.9915271,-600.7936,-11.43603,-245.1967,10.2211,-9.218337,-95.67815,96.6631,-1.515139,-34.14114,4.843697,-0.06353677,-1.578263,0.2530141
1911,0.016683,1,100,0,-20.67577,0,0,94.81011,0,0,-0.9924027,0.05289498,0.1110808,0.04195005,0.9942369,-0.09865614,-0.115659,-0.09324677,-0.9889023,-600.6719,-11.58967,-246.7945,-2.363376,-8.816902,-92.47216,96.62034,-1.571043,-26.63589,3.554446,-0.0753775,-1.231256,0.1831839
1912,0.016732,1,100,0,-12.30977,0,0,92.54144,0,0,-0.9900017,0.05169266,0.1312421,0.03873641,0.994291,-0.09942263,-0.1356323,-0.09334472,-0.9863522,-600.7639,-11.73715,-248.3445,-4.791253,-8.619064,-89.56709,93.43343,-1.669335,-23.38519,3.416073,-0.08523526,-1.080216,0.1796568
1913,0.016896,1,100,0,-3.861766,0,0,89.79909,0,0,-0.9875509,0.05031784,0.1490352,0.03552387,0.9943215,-0.1003151,-0.1532365,-0.09377194,-0.9837306,-600.8527,-11.88349,-249.8606,-6.183659,-8.745351,-90.05573,90.69043,-1.383906,-21.47616,3.430925,-0.06922872,-0.9916692,0.1836207
1914,0.016797,1,100,0,4.536735,0,0,90.35821,0,0,-0.985053,0.04875465,0.165208,0.03229699,0.9943743,-0.1008796,-0.169197,-0.09403604,-0.9810861,-600.9646,-12.03095,-251.3758,-7.629073,-8.846982,-90.5043,91.25514,-1.113506,-19.5022,3.425291,-0.05421662,-0.9001117,0.1864671
1915,0.016487,1,100,0,12.78024,0,0,90.91526,0,0,-0.9826217,0.04703902,0.1795603,0.02912267,0.9944457,-0.1011425,-0.1833207,-0.09415552,-0.9785338,-601.0983,-12.17723,-252.8702,-9.074944,-8.924762,-90.91406,91.80073,-0.8629854,-17.50002,3.400118,-0.04044112,-0.8072503,0.1881737
1916,0.016655,1,100,0,21.10773,0,0,91.46642,0,0,-0.9802599,0.0451356,0.1924923,0.02593202,0.9945341,-0.1011405,-0.1960052,-0.09415227,-0.9760723,-601.2576,-12.32619,-254.3866,-10.53546,-8.982987,-91.30355,92.34733,-0.6263681,-15.41244,3.355611,-0.027556,-0.7104356,0.1888277
1917,0.016755,1,100,0,29.48523,0,0,92.02964,0,0,-0.9780502,0.04305982,0.2038716,0.02275908,0.994637,-0.1008937,-0.2071227,-0.09403918,-0.9737849,-601.4421,-12.47692,-255.9185,-11.98086,-9.022349,-91.67725,92.89597,-0.4066083,-13.25304,3.291885,-0.01570682,-0.6102986,0.188397
1918,0.016602,1,100,0,37.78623,0,0,92.60388,0,0,-0.9760895,0.04085654,0.2134955,0.01967002,0.9947494,-0.1004345,-0.2164779,-0.09383363,-0.971768,-601.6487,-12.62683,-257.4426,-13.36837,-9.043732,-92.0364,93.4409,-0.2084419,-11.063,3.21033,-0.005130224,-0.5087525,0.1868851
1919,0.01668,1,100,0,46.12623,0,15.012,93.18059,0,0,-0.9744173,0.03849621,0.2214251,0.01664364,0.9948761,-0.09972271,-0.2241295,-0.09348622,-0.9700651,-601.879,-12.77741,-258.9801,-14.69726,-8.99638,-92.46103,94.0531,0.1554645,-8.580078,3.129136,0.01601341,-0.3937114,0.1858989
1920,0.016689,1,100,0,54.47073,0,30.0321,93.82835,0,0,-0.9731335,0.03597304,0.2274146,0.01371808,0.9950235,-0.09869418,-0.2298332,-0.09292293,-0.9687842,-602.1313,-12.92723,-260.5258,-15.95769,-8.939302,-92.92829,94.71127,0.4032206,-5.83484,3.007968,0.02973612,-0.2664678,0.1827736
1921,0.016677,1,100,0,62.80923,0,45.0414,94.52573,0,0,-0.9723195,0.03330097,0.2312697,0.01090322,0.9951799,-0.09745779,-0.2334004,-0.09223853,-0.9679959,-602.404,-13.07591,-262.0785,-17.13358,-8.866978,-93.44917,95.41976,0.6091258,-2.849526,2.870543,0.04087306,-0.128078,0.1789501
1922,0.016674,1,100,0,71.14623,0,60.048,95.27528,0,0,-0.9720418,0.03047639,0.232822,0.008197723,0.9953415,-0.09606431,-0.2346651,-0.09146993,-0.9677634,-602.6957,-13.22329,-263.6399,-18.21489,-8.783218,-94.02867,96.17857,0.7737265,0.360884,2.717577,0.04952504,0.02075506,0.1744224
1923,0.016651,1,100,0,79.47173,0,75.03391,96.0753,0,0,-0.9723484,0.02750286,0.2319103,0.005603602,0.9955031,-0.09456468,-0.2334682,-0.09065029,-0.9681299,-603.0043,-13.36903,-265.2091,-19.18923,-8.692002,-94.67042,96.9859,0.8978397,3.776868,2.550084,0.05581363,0.1791185,0.1692025
1924,0.01668,1,100,0,87.81174,0,90.04591,96.92127,0,0,-0.9732686,0.02436534,0.2283744,0.003117969,0.995667,-0.09294011,-0.2296494,-0.08974362,-0.9691274,-603.3292,-13.51324,-266.7922,-20.0468,-8.554372,-95.39717,97.85536,1.153752,7.397537,2.388857,0.07084372,0.3469204,0.1646041
1925,0.016985,1,100,0,96.30424,0,100,97.82345,0,0,-0.9748328,0.02099974,0.2219462,0.000712771,0.9958424,-0.09109233,-0.2229364,-0.08864159,-0.9707948,-603.6738,-13.65765,-268.4171,-20.7814,-8.396397,-96.19441,98.7711,1.343914,11.19434,2.210207,0.08204255,0.5228845,0.15901
1926,0.016418,1,100,0,104.5132,0,100,98.76224,0,0,-0.9769051,0.01760128,0.2129479,-0.001496272,0.9960137,-0.08919007,-0.2136688,-0.08744887,-0.9729846,-604.018,-13.79459,-270.0007,-21.32099,-8.229943,-96.99389,99.65004,1.461212,14.7902,2.024233,0.08909789,0.6895109,0.1524605
1927,0.016678,1,100,0,89.08609,0,100,99.64889,0,0,-0.9794438,0.01406177,0.2012269,-0.003618845,0.996182,-0.08722755,-0.2016852,-0.08616269,-0.9756534,-604.3756,-13.93095,-271.623,-21.68409,-8.06784,-97.83042,100.529,1.471838,17.72115,1.806751,0.08996212,0.8252234,0.1426934
1928,0.01681,1,100,0,97.49109,0,100,100.5171,0,0,-0.9822806,0.01048345,0.1871238,-0.005618268,0.9963387,-0.08531138,-0.187333,-0.08485102,-0.9786252,-604.7411,-14.06567,-273.2725,-21.84219,-7.906363,-98.70179,101.3984,1.435327,20.6762,1.577205,0.0881847,0.96203,0.1320463
1929,0.016507,1,100,0,105.7446,0,100,101.3547,0,0,-0.9852441,0.006977402,0.1710132,-0.007442225,0.9964774,-0.08353293,-0.1709936,-0.08357304,-0.9817215,-605.1014,-14.19534,-274.9066,-21.78293,-7.753907,-99.58085,102.23,1.358569,23.57207,1.343001,0.08418208,1.096075,0.1208889
1930,0.016678,1,100,0,90.31744,0,100,102.1334,0,0,-0.9882779,0.003474343,0.1526267,-0.009135026,0.996604,-0.08183686,-0.1523927,-0.08227181,-0.98489,-605.4631,-14.32365,-276.5725,-21.49996,-7.570535,-100.4976,103.0502,1.355583,25.83265,1.113809,0.08530898,1.200618,0.1089829
1931,0.016697,1,100,0,98.66595,0,100,102.8784,0,0,-0.9911959,5.017594e-05,0.1324048,-0.01066255,0.996722,-0.08019865,-0.1319748,-0.08090434,-0.9879462,-605.8193,-14.44906,-278.2556,-20.98802,-7.391085,-101.4252,103.8373,1.301975,28.149,0.8776387,0.08343482,1.307735,0.096572
1932,0.01667,1,100,0,107.0009,0,100,103.5705,0,0,-0.9938866,-0.003275576,0.1103578,-0.01201949,0.9968291,-0.07866073,-0.1097502,-0.07950629,-0.9907745,-606.1652,-14.5713,-279.9516,-20.24824,-7.214638,-102.3523,104.5851,1.219215,30.50888,0.6366131,0.07992522,1.416858,0.08378239
1933,0.016679,1,100,0,91.57287,0,100,104.2039,0,0,-0.9962245,-0.006482962,0.08657375,-0.0132003,0.9969249,-0.07724551,-0.08580674,-0.07809667,-0.9932466,-606.4975,-14.69072,-281.6638,-19.2784,-7.049302,-103.2687,105.289,1.097875,32.24701,0.3920556,0.07408299,1.497113,0.06978061
1934,0.016664,1,100,0,99.90487,0,100,104.776,0,0,-0.9980687,-0.009526439,0.06138469,-0.01418957,0.9970081,-0.07598361,-0.06047718,-0.07670788,-0.9952178,-606.8121,-14.80736,-283.3896,-18.08139,-6.898681,-104.1615,105.9441,0.9479313,34.07718,0.1460554,0.06652414,1.581632,0.05573714
1935,0.016692,1,100,0,108.2509,0,100,105.2861,0,0,-0.9993219,-0.0124159,0.03466399,-0.01498574,0.9970794,-0.07488891,-0.03363293,-0.0753576,-0.9965894,-607.1061,-14.92178,-285.1331,-16.65987,-6.765079,-105.0205,106.5487,0.7759187,35.99604,-0.1002193,0.05767205,1.670259,0.04172869
1936,0.016682,1,100,0,92.82002,0,100,105.7325,0,0,-0.9998638,-0.0151356,0.006591584,-0.01558183,0.9971411,-0.07393903,-0.005453628,-0.07403166,-0.9972412,-607.3749,-15.03377,-286.8897,-15.01864,-6.608937,-105.8418,107.1061,0.6865981,37.32471,-0.3300504,0.05404644,1.731542,0.02791942
1937,0.016704,1,100,0,101.172,0,100,106.121,0,0,-0.9995885,-0.01766981,-0.02259568,-0.01597518,0.9971968,-0.07309675,0.02382395,-0.0727057,-0.9970687,-607.6155,-15.14357,-288.662,-13.16364,-6.501292,-106.5959,107.6022,0.501114,38.78119,-0.5584562,0.04429936,1.798727,0.01430506
1938,0.016663,1,100,0,85.75874,0,100,106.4425,0,0,-0.9984109,-0.02000288,-0.05268311,-0.0161579,0.997243,-0.07242373,0.05398655,-0.07145739,-0.9959815,-607.8235,-15.25144,-290.442,-11.11227,-6.415269,-107.2755,108.0401,0.3099854,39.68307,-0.781614,0.03398265,1.840188,0.0003095344
1939,0.016865,1,100,0,94.19125,0,91.5675,106.7029,0,0,-0.9962361,-0.02214409,-0.08380538,-0.0161185,0.9972813,-0.0719053,0.08516982,-0.07028384,-0.9938846,-607.9979,-15.35925,-292.2545,-8.782913,-6.346893,-107.8434,108.3864,0.1172163,40.60806,-1.001126,0.02350766,1.882726,-0.01341031
1940,0.016513,1,100,0,102.4477,0,83.311,106.8819,0,0,-0.9930853,-0.02403467,-0.1149085,-0.01585882,0.9973115,-0.07154297,0.1163191,-0.06922596,-0.9907966,-608.1292,-15.4638,-294.0378,-6.274373,-6.29914,-108.2697,108.6342,-0.06708843,41.52044,-1.208307,0.01345621,1.924699,-0.02631
1941,0.016672,1,100,0,87.02615,0,74.975,106.9795,0,0,-0.9888408,-0.02572971,-0.1467381,-0.01536965,0.9973363,-0.07130419,0.1481818,-0.06825318,-0.9866022,-608.2186,-15.56864,-295.8446,-3.535548,-6.264597,-108.5584,108.7965,-0.2440163,41.78378,-1.41644,0.003495857,1.936565,-0.04002819
1942,0.016774,1,100,0,95.41315,0,66.588,107.0077,0,0,-0.9835028,-0.02720458,-0.1788364,-0.01464554,0.9973565,-0.07117531,0.1802999,-0.06738196,-0.9813013,-608.2614,-15.67374,-297.6664,-0.5869692,-6.26719,-108.6905,108.8726,-0.4159746,42.1106,-1.58959,-0.006264332,1.951421,-0.05136433
1943,0.016608,1,100,0,103.7171,0,58.284,106.9746,0,0,-0.9771366,-0.02847455,-0.2106967,-0.01372425,0.9973717,-0.07114135,0.2121687,-0.06662317,-0.9749592,-608.2541,-15.77795,-299.4716,2.490027,-6.28862,-108.6621,108.8724,-0.5707562,42.48906,-1.749501,-0.0150348,1.968699,-0.06171799
1944,0.016665,1,100,0,88.30202,0,49.9515,106.8884,0,0,-0.9696808,-0.02956365,-0.2425804,-0.01260237,0.9973842,-0.07117657,0.2440501,-0.06596147,-0.967517,-608.1947,-15.88297,-301.2815,5.710124,-6.327542,-108.4689,108.8032,-0.7106254,42.25505,-1.897476,-0.02329199,1.957587,-0.07196174
1945,0.016682,1,100,0,96.64303,0,41.6105,106.7564,0,0,-0.9612203,-0.03045955,-0.2740947,-0.01128612,0.9973941,-0.07125909,0.275551,-0.06540222,-0.9590593,-608.081,-15.98884,-303.0891,9.040435,-6.382713,-108.108,108.673,-0.832887,42.12337,-2.032249,-0.03051905,1.95125,-0.08116004
1946,0.016698,1,100,0,104.992,0,33.2615,106.5906,0,0,-0.9517521,-0.03118768,-0.3052794,-0.009792799,0.9974023,-0.07136525,0.3067122,-0.06493249,-0.9495851,-607.9111,-16.09581,-304.8915,12.45227,-6.452736,-107.58,108.4903,-0.9381924,42.08629,-2.15302,-0.03673698,1.949327,-0.089284
1947,0.016811,1,100,0,89.44185,0,24.856,106.3946,0,0,-0.9412611,-0.03176062,-0.3361827,-0.008127052,0.9974092,-0.07147499,0.3375818,-0.06454445,-0.9390806,-607.6822,-16.20476,-306.6963,15.94137,-6.536359,-106.8815,108.2613,-1.027833,41.46107,-2.259727,-0.04240033,1.920145,-0.09712053
1948,0.016553,1,100,0,97.71835,0,16.5795,106.1738,0,0,-0.9301154,-0.03216337,-0.3658565,-0.006339394,0.9974157,-0.07156871,0.3672129,-0.06424785,-0.9279156,-607.3992,-16.31348,-308.4609,19.40487,-6.630011,-106.0362,108.0008,-1.098517,40.98087,-2.349715,-0.04690308,1.897721,-0.1036467
1949,0.016703,1,100,0,82.26807,0,8.227998,105.9443,0,0,-0.9181255,-0.03241773,-0.3949615,-0.004390871,0.9974194,-0.0716594,0.3962653,-0.0640581,-0.9158986,-607.0557,-16.42501,-310.2264,22.88728,-6.772224,-104.9944,107.6732,-1.244069,39.95478,-2.43817,-0.05663232,1.849936,-0.110611
1950,0.016762,1,100,0,66.76321,0,0,105.6675,0,0,-0.9055733,-0.03249819,-0.4229432,-0.002267752,0.9974176,-0.07178423,0.4241839,-0.06404676,-0.9033085,-606.6526,-16.53941,-311.98,26.37213,-6.93152,-103.8348,107.3554,-1.360017,38.42887,-2.509676,-0.06488323,1.779004,-0.1169287
1951,0.016575,1,100,0,51.43134,0,0,105.4254,0,0,-0.8928849,-0.03241262,-0.449117,-4.439056e-05,0.9974123,-0.07189466,0.4502851,-0.06417371,-0.8905757,-606.1969,-16.65516,-313.6945,29.73009,-7.087541,-102.6255,107.0799,-1.360884,36.62033,-2.53015,-0.06603746,1.69509,-0.1202138
1952,0.016702,1,100,0,43.08034,0,0,105.2376,0,0,-0.8800123,-0.03218947,-0.473859,0.002249379,0.9974072,-0.0719317,0.4749458,-0.06436666,-0.8776581,-605.6821,-16.77444,-315.4016,33.00578,-7.249321,-101.3541,106.8391,-1.345389,34.71581,-2.535839,-0.06627883,1.606747,-0.1226296
1953,0.01686,1,100,0,34.65034,0,0,105.0968,0,0,-0.8670776,-0.03183683,-0.4971549,0.0045962,0.9974023,-0.07188782,0.4981521,-0.06461734,-0.8646789,-605.1077,-16.89759,-317.1031,36.19297,-7.414017,-100.0324,106.6367,-1.314165,32.71642,-2.526685,-0.06562724,1.514029,-0.1241836
1954,0.016489,1,100,0,26.40584,0,0,105.0046,0,0,-0.8546278,-0.03137857,-0.5182921,0.006900348,0.9973979,-0.0717629,0.5191952,-0.06490697,-0.8521875,-604.4944,-17.02071,-318.7455,39.18468,-7.573135,-98.71942,106.4815,-1.269313,30.69901,-2.503486,-0.06414583,1.420498,-0.1248563
1955,0.016932,1,100,0,17.93984,0,0,104.9635,0,0,-0.8421795,-0.03080053,-0.5383169,0.009280698,0.9973913,-0.07158646,0.5391175,-0.06528461,-0.8396967,-603.8145,-17.15011,-320.4093,42.11646,-7.780867,-97.34985,106.3547,-1.338539,28.55926,-2.474823,-0.070071,1.321236,-0.1252923
1956,0.016563,1,100,0,9.658339,0,0,104.958,0,0,-0.8304653,-0.03013566,-0.5562547,0.01165514,0.9973772,-0.07143456,0.5569485,-0.06580715,-0.8279359,-603.1017,-17.28013,-322.0145,44.84806,-7.988321,-96.01803,106.2762,-1.379505,26.41475,-2.432079,-0.07418507,1.221789,-0.1247939
1957,0.016579,1,100,0,1.368838,0,0,105.0005,0,0,-0.8193108,-0.02938556,-0.5725964,0.01405174,0.9973568,-0.07129043,0.5731778,-0.06645499,-0.8167323,-602.3438,-17.41371,-323.5992,47.44582,-8.195934,-94.7054,106.2421,-1.396253,24.21699,-2.375584,-0.07676172,1.119902,-0.1234639
1958,0.016674,1,100,0,-6.968163,0,0,105.0885,0,0,-0.8087763,-0.02856872,-0.5874222,0.01641897,0.9973334,-0.07111039,0.5878873,-0.06715727,-0.8061506,-601.5388,-17.55129,-325.1713,49.93238,-8.363179,-93.42741,106.2632,-1.24953,21.95826,-2.271416,-0.06886208,1.015326,-0.1191894
1959,0.016671,1,100,0,-15.30366,0,0,105.2328,0,0,-0.7990317,-0.02771901,-0.6006497,0.01864419,0.9973145,-0.07082643,0.6009998,-0.06779119,-0.7963691,-600.6934,-17.69151,-326.722,52.27619,-8.507002,-92.19789,106.3279,-1.097282,19.65696,-2.157068,-0.06057546,0.9087857,-0.1143954
1960,0.016678,1,100,0,-23.64266,15.0102,0,105.4182,0,0,-0.7902054,-0.02683287,-0.6122544,0.02075255,0.9972965,-0.0704921,0.6124906,-0.06840907,-0.7875122,-599.8093,-17.83435,-328.2535,54.4663,-8.680622,-91.08101,106.4786,-1.101186,17.05158,-2.032508,-0.06238335,0.788071,-0.1093685
1961,0.016669,1,100,0,-31.97716,30.0123,0,105.6813,0,0,-0.7825146,-0.025898,-0.6220934,0.02280361,0.9972723,-0.07020091,0.6222146,-0.06911922,-0.7797896,-598.89,-17.97998,-329.7663,56.52333,-8.84839,-90.09264,106.7233,-1.086191,14.16879,-1.898975,-0.06303818,0.6545066,-0.1041419
1962,0.016672,1,100,0,-40.31316,45.0171,0,106.0345,0,0,-0.776148,-0.02490019,-0.6300591,0.02478713,0.997243,-0.06994585,0.6300637,-0.06990568,-0.773391,-597.9369,-18.12838,-331.2636,58.45734,-9.007052,-89.23595,107.0581,-1.054611,11.02776,-1.757418,-0.06266126,0.508978,-0.09878007
1963,0.016679,1,100,0,-48.65266,60.0282,0,106.4758,0,0,-0.7712837,-0.02383424,-0.636045,0.02663977,0.9972142,-0.0696722,0.6359338,-0.07068113,-0.7685001,-596.9517,-18.27909,-332.7481,60.29007,-9.094792,-88.52998,107.495,-0.8065193,7.646244,-1.58064,-0.04840837,0.3524251,-0.09156168
1964,0.016857,1,100,0,-57.08117,75.1995,0,107.0186,0,0,-0.7680584,-0.02269062,-0.6399777,0.02826728,0.9971967,-0.06928044,0.6397557,-0.07130186,-0.7652639,-595.9256,-18.43268,-334.2372,62.02459,-9.145829,-87.96507,108.0211,-0.5705455,3.998683,-1.39711,-0.03491689,0.1835242,-0.08435284
1965,0.016511,1,100,0,-65.33667,90.0594,0,107.6492,0,0,-0.7666935,-0.02148736,-0.6416537,0.02962374,0.9971914,-0.06878997,0.6413297,-0.07174901,-0.7639037,-594.8928,-18.58368,-335.6874,63.60829,-9.144969,-87.56804,108.6177,-0.3149832,0.2292384,-1.216208,-0.0200678,0.00896616,-0.07754993
1966,0.016683,1,100,0,-73.67817,100,0,108.3436,0,0,-0.767206,-0.02017368,-0.6410835,0.03075427,0.9971987,-0.06818461,0.6406631,-0.0720277,-0.7644364,-593.8235,-18.73602,-337.1469,65.08225,-9.104279,-87.3098,109.2776,-0.08719156,-3.685605,-1.030151,-0.006882141,-0.1723459,-0.07065163
1967,0.016942,1,100,0,-82.14917,100,0,109.0944,0,0,-0.7696878,-0.01875719,-0.638145,0.03170525,0.9972119,-0.0675521,0.6376328,-0.07222657,-0.7669472,-592.7133,-18.89024,-338.6252,66.41708,-9.100235,-87.14983,109.9506,-0.08309317,-7.579569,-0.7819864,-0.007831584,-0.3526882,-0.05977336
1968,0.016425,1,100,0,-90.36167,100,0,109.8463,0,0,-0.773931,-0.01734887,-0.6330323,0.03250509,0.9972187,-0.06706974,0.6324353,-0.07248412,-0.7712146,-591.6163,-19.03962,-340.0565,67.53691,-9.083019,-87.1328,110.6158,-0.08808918,-11.26999,-0.5421706,-0.009105943,-0.5235988,-0.049207
1969,0.016683,1,100,0,-98.70317,100,0,110.5692,0,0,-0.7799937,-0.01588394,-0.6255859,0.03319153,0.9972206,-0.06670383,0.6249067,-0.07279272,-0.7772986,-590.4843,-19.19091,-341.5109,68.49034,-9.040935,-87.26601,111.3015,-0.06283228,-14.9524,-0.3053014,-0.00823839,-0.6941309,-0.038867
1970,0.0167,1,100,0,-107.0532,100,0,111.2899,0,0,-0.7877396,-0.01437926,-0.6158406,0.03374181,0.9972196,-0.0664442,0.6150837,-0.07312031,-0.7850642,-589.3363,-19.34159,-342.9698,69.24249,-8.985806,-87.55541,111.9876,-0.05421725,-18.57313,-0.07100866,-0.008216138,-0.8618098,-0.02865843
1971,0.016667,1,100,0,-91.63619,100,0,111.9836,0,0,-0.7969269,-0.01285547,-0.6039392,0.03415888,0.997215,-0.06630103,0.6031097,-0.07346696,-0.7942683,-588.1793,-19.491,-344.4315,69.77765,-8.921252,-88.00374,112.664,-0.06210856,-21.46056,0.158951,-0.008882548,-0.9954773,-0.01782022
1972,0.016688,1,100,0,-99.98019,100,0,112.6376,0,0,-0.8072658,-0.01134283,-0.590079,0.03439335,0.9972121,-0.06622127,0.5891851,-0.07375295,-0.8046251,-587.013,-19.63893,-345.9036,70.10265,-8.750921,-88.62987,113.3411,0.14063,-24.35125,0.395564,0.004104181,-1.129241,-0.00657334
1973,0.0167,1,100,0,-108.3302,100,0,113.2626,0,0,-0.8186582,-0.009847628,-0.5741966,0.03436205,0.9972215,-0.06609415,0.5732521,-0.0738391,-0.8160452,-585.8417,-19.78398,-347.3881,70.19525,-8.555154,-89.40911,113.9937,0.2870243,-27.24303,0.6273176,0.01362685,-1.263071,0.004429445
1974,0.016674,1,100,0,-92.90674,100,0,113.8332,0,0,-0.8308706,-0.00839676,-0.5564022,0.03413112,0.9972346,-0.06601715,0.5554178,-0.07384235,-0.8282863,-584.6721,-19.92584,-348.8839,70.04117,-8.412901,-90.31161,114.5981,0.186344,-29.46247,0.8748463,0.007542328,-1.365726,0.0173621
1975,0.016678,1,100,0,-101.2457,100,0,114.3272,0,0,-0.8436304,-0.007027879,-0.5368782,0.0337814,0.9972385,-0.06613695,0.5358604,-0.07393164,-0.8410634,-583.506,-20.06542,-350.3958,69.64059,-8.282073,-91.3451,115.1622,0.07641426,-31.7351,1.113127,0.0009275963,-1.470863,0.02958396
1976,0.0167,1,100,0,-85.79823,100,0,114.757,0,0,-0.8567752,-0.005743749,-0.5156582,0.0332724,0.997239,-0.0663906,0.5146158,-0.07403901,-0.8542185,-582.3465,-20.20257,-351.9278,69.00444,-8.072804,-92.51472,115.6968,0.1619473,-33.3907,1.351599,0.006965568,-1.547352,0.04260927
1977,0.016696,1,100,0,-94.14623,100,0,115.1363,0,0,-0.87003,-0.004575543,-0.4929776,0.03252912,0.9972451,-0.06666479,0.4919245,-0.07403649,-0.8674843,-581.1992,-20.33619,-353.4795,68.12096,-7.862829,-93.78471,116.1803,0.2035646,-35.14441,1.579599,0.01018415,-1.628406,0.05489774
1978,0.016816,1,100,0,-102.5542,100,0,115.4493,0,0,-0.8834293,-0.003499357,-0.4685515,0.03157531,0.9972546,-0.06698155,0.4674995,-0.07396813,-0.8808934,-580.06,-20.46727,-355.0643,66.98518,-7.658423,-95.14565,116.612,0.2077029,-37.00246,1.797585,0.01100676,-1.714316,0.06645194
1979,0.016574,1,100,0,-87.22328,100,0,115.6952,0,0,-0.8965309,-0.002537269,-0.4429739,0.03045531,0.9972646,-0.06735037,0.4419331,-0.0738726,-0.8940013,-578.9572,-20.59316,-356.649,65.62418,-7.470813,-96.5505,116.9801,0.1811485,-38.25365,1.999771,0.009881867,-1.772092,0.07781444
1980,0.016792,1,100,0,-95.61928,100,0,115.8697,0,0,-0.9094733,-0.001677146,-0.4157592,0.02915715,0.9972727,-0.06780419,0.414739,-0.07378845,-0.906944,-577.8643,-20.71775,-358.2786,64.00555,-7.31647,-98.01477,117.2908,0.1009589,-39.65287,2.193903,0.00528582,-1.83675,0.0884638
1981,0.016736,1,100,0,-103.9873,100,0,115.9794,0,0,-0.9219845,-0.0009104125,-0.387226,0.02772488,0.9972757,-0.06835762,0.3862333,-0.07376046,-0.9194475,-576.8033,-20.83949,-359.9273,62.1588,-7.189126,-99.49988,117.5399,0.01217249,-41.16444,2.372396,0.0001117754,-1.906643,0.09792795
1982,0.016524,1,100,0,-88.70258,100,0,116.023,0,0,-0.9338234,-0.0002319384,-0.3577347,0.02618362,0.9972736,-0.06899578,0.3567754,-0.07379667,-0.9312713,-575.7874,-20.95775,-361.5796,60.11122,-7.092019,-100.974,117.7259,-0.07960556,-42.10563,2.533114,-0.005277317,-1.950099,0.1069546
1983,0.016673,1,100,0,-97.03908,100,0,116.0037,0,0,-0.945066,0.0003685337,-0.3268795,0.02450411,0.9972655,-0.06972132,0.32596,-0.07390113,-0.9424908,-574.7977,-21.07562,-363.2714,57.82752,-7.024063,-102.4512,117.8542,-0.1705028,-43.20745,2.679184,-0.01064584,-2.00103,0.114779
1984,0.016678,1,100,0,-105.3781,100,0,115.9278,0,0,-0.9555555,0.000916915,-0.2948103,0.02271132,0.9972526,-0.07051155,0.2939357,-0.07407323,-0.952951,-573.847,-21.19256,-364.9883,55.33393,-6.987006,-103.9011,117.9241,-0.2570786,-44.44768,2.808475,-0.01575256,-2.058408,0.1212898
1985,0.016709,1,100,0,-89.92225,100,0,115.7948,0,0,-0.9651895,0.001417624,-0.2615483,0.02080557,0.9972329,-0.07137349,0.2607234,-0.07433061,-0.9625481,-572.9374,-21.30939,-366.7323,52.63846,-7.001082,-105.3024,117.9339,-0.3986659,-45.14835,2.951807,-0.02441392,-2.09074,0.1293343
1986,0.016644,1,100,0,-98.24425,100,0,115.6031,0,0,-0.9737692,0.001846813,-0.2275307,0.01879139,0.9972039,-0.07232795,0.2267609,-0.07470635,-0.9710811,-572.0772,-21.42618,-368.4925,49.7608,-7.048309,-106.639,117.8885,-0.5207938,-46.01538,3.075465,-0.03186808,-2.130821,0.1357952
1987,0.016686,1,100,0,-106.5872,100,0,115.3655,0,0,-0.9813052,0.002244089,-0.1924446,0.0166649,0.9971671,-0.07334901,0.1917348,-0.07518484,-0.9785627,-571.2639,-21.5442,-370.2791,46.69785,-7.122247,-107.9045,117.7914,-0.6273933,-47.04022,3.188709,-0.03833396,-2.178245,0.1412812
1988,0.016694,1,100,0,-91.1453,100,0,115.0804,0,0,-0.987684,0.002622974,-0.1564409,0.01443353,0.9971237,-0.07440727,0.1557957,-0.07574886,-0.9848809,-570.5021,-21.66367,-372.0871,43.46302,-7.225258,-109.0819,117.6439,-0.7166815,-47.54038,3.282055,-0.04371585,-2.20136,0.1461088
1989,0.01683,1,100,0,-99.5603,100,0,114.7513,0,0,-0.9928308,0.002989103,-0.1194922,0.01208661,0.9970739,-0.07548278,0.118917,-0.07638588,-0.9899618,-569.7897,-21.786,-373.9292,40.04108,-7.35582,-110.1661,117.4477,-0.7882771,-48.23325,3.355962,-0.04795752,-2.233448,0.1493579
1990,0.016529,1,100,0,-107.8248,91.7355,0,114.3836,0,0,-0.9965844,0.003359188,-0.08251235,0.009698816,0.9970184,-0.07655237,0.08200917,-0.07709117,-0.9936456,-569.1476,-21.90854,-375.7553,36.44963,-7.52793,-111.0871,117.1562,-0.9317599,-48.92224,3.434687,-0.05679531,-2.26535,0.1528452
1991,0.016704,1,100,0,-92.3736,83.38351,0,113.9507,0,0,-0.9989954,0.003736637,-0.04465795,0.007201582,0.9969523,-0.07768156,0.04423157,-0.07792512,-0.9959776,-568.5601,-22.03539,-377.6154,32.60607,-7.727024,-111.8641,116.7752,-1.046947,-48.96055,3.492688,-0.0638466,-2.267098,0.1557749
1992,0.016909,1,100,0,-100.8281,74.92901,0,113.4585,0,0,-0.9999722,0.004116735,-0.006223814,0.004594671,0.9968769,-0.07883663,0.005879827,-0.07886303,-0.996868,-568.0317,-22.16731,-379.5105,28.52405,-7.950293,-112.4788,116.3113,-1.134355,-49.06617,3.529686,-0.06910942,-2.272007,0.1571741
1993,0.016432,1,100,0,-85.62849,66.71301,0,112.9212,0,0,-0.9995072,0.004497205,0.03106759,0.002000279,0.9967979,-0.07993895,-0.03132762,-0.07983741,-0.9963157,-567.5854,-22.29923,-381.3613,24.40663,-8.184556,-112.9011,115.7986,-1.193277,-48.58089,3.544937,-0.07259171,-2.249529,0.157984
1994,0.016694,1,100,0,-93.97549,58.366,0,112.3739,0,0,-0.9976349,0.004888819,0.06856272,-0.0006830445,0.9967133,-0.08100875,-0.06873341,-0.080864,-0.9943526,-567.2019,-22.43726,-383.2476,20.10133,-8.435245,-113.1445,115.2254,-1.229194,-48.19951,3.540467,-0.07458749,-2.231904,0.1573546
1995,0.01668,1,100,0,-102.3155,50.026,0,111.806,0,0,-0.9943877,0.005307407,0.105664,-0.003392162,0.996628,-0.08198282,-0.1057428,-0.08188114,-0.9910167,-566.891,-22.57916,-385.1354,15.71644,-8.652211,-113.2085,114.6213,-1.186599,-47.92276,3.539231,-0.07152262,-2.219138,0.1568026
1996,0.016683,1,100,0,-86.88371,41.68451,0,111.2381,0,0,-0.9898114,0.005747388,0.142269,-0.006123246,0.9965424,-0.08285973,-0.1422533,-0.08288666,-0.9863538,-566.6535,-22.72518,-387.0234,11.27445,-8.95288,-113.058,113.971,-1.292401,-47.07754,3.510339,-0.0780152,-2.180008,0.1553362
1997,0.016755,1,100,0,-95.26122,33.30701,0,110.6534,0,0,-0.9839697,0.006210484,0.1782278,-0.008878885,0.9964482,-0.08374105,-0.1781148,-0.08398112,-0.9804197,-566.4896,-22.87693,-388.916,6.785514,-9.26461,-112.7165,113.3,-1.36685,-46.37632,3.461476,-0.0824758,-2.1476,0.1523342
1998,0.016613,1,100,0,-103.5677,25.00051,0,110.0789,0,0,-0.9769955,0.006725378,0.2131544,-0.01159669,0.9963486,-0.08459,-0.212945,-0.08511594,-0.97335,-566.4015,-23.03258,-390.7859,2.339127,-9.57797,-112.1961,112.6285,-1.412207,-45.81667,3.394402,-0.0850242,-2.121795,0.1479483
1999,0.016683,1,100,0,-88.13594,16.65901,0,109.5232,0,0,-0.9688863,0.007309492,0.2473986,-0.01428929,0.9962447,-0.08539556,-0.2470937,-0.08627374,-0.9651434,-566.387,-23.19408,-392.6537,-2.085095,-9.886018,-111.4384,111.8955,-1.431959,-44.7149,3.309716,-0.08595625,-2.070853,0.14327
2000,0.016683,1,100,0,-72.70416,8.317509,0,108.9222,0,0,-0.9598521,0.007921448,0.2803952,-0.01693701,0.9961409,-0.08612097,-0.2799954,-0.08741245,-0.9560137,-566.4462,-23.36057,-394.5081,-6.461219,-10.16611,-110.5539,111.2082,-1.389985,-43.1202,3.228326,-0.0830019,-1.997019,0.139628
2001,0.01668,1,100,0,-57.27516,0,0,108.3888,0,0,-0.9501173,0.008518366,0.3117767,-0.01954053,0.9960376,-0.08676214,-0.3112803,-0.08852649,-0.9461861,-566.5779,-23.53186,-396.3466,-10.76462,-10.47528,-109.5334,110.5584,-1.440392,-41.07672,3.119372,-0.08608388,-1.90237,0.1350093
2002,0.016816,1,100,0,-48.86716,0,0,107.9171,0,0,-0.9398173,0.009096298,0.3415564,-0.02212105,0.9959285,-0.08739114,-0.3409607,-0.08968729,-0.9357896,-566.7823,-23.70973,-398.1825,-14.92794,-10.78184,-108.4265,109.9791,-1.462911,-38.95234,2.994831,-0.08744777,-1.803988,0.129571
2003,0.016702,1,100,0,-40.51616,0,0,107.5212,0,0,-0.9292761,0.009651342,0.36926,-0.02461933,0.9958178,-0.08798442,-0.3685648,-0.09085275,-0.9251521,-567.0536,-23.89144,-399.9872,-18.88288,-11.07575,-107.2686,109.4796,-1.459026,-36.78701,2.857943,-0.08718514,-1.703717,0.1234938
2004,0.016551,1,100,0,-32.24066,0,0,107.2056,0,0,-0.9186853,0.01018555,0.3948591,-0.02701146,0.9957074,-0.08852994,-0.3940659,-0.09199688,-0.9144666,-567.3868,-24.07628,-401.7561,-22.62195,-11.3514,-106.0809,109.0585,-1.431281,-34.59196,2.710773,-0.08545441,-1.602077,0.1169113
2005,0.016665,1,100,0,-23.90816,0,0,106.9662,0,0,-0.9080282,0.01070841,0.4187725,-0.02931733,0.9955978,-0.08902742,-0.4178823,-0.09311669,-0.9037169,-567.7838,-24.26688,-403.5173,-26.20564,-11.60845,-104.8601,108.7066,-1.381417,-32.33307,2.552569,-0.08236649,-1.497484,0.1098325
2006,0.01684,1,100,0,-15.48816,0,0,106.7956,0,0,-0.8974149,0.01121643,0.4410454,-0.03152554,0.9954913,-0.08946325,-0.4400603,-0.09418984,-0.8930151,-568.2443,-24.46363,-405.2763,-29.64152,-11.83355,-103.6204,108.4244,-1.293295,-30.00416,2.393595,-0.07689033,-1.389635,0.1029371
2007,0.016525,1,100,0,-7.225661,0,0,106.6933,0,0,-0.8872928,0.0116885,0.4610586,-0.03356479,0.9953916,-0.089829,-0.4599838,-0.09517995,-0.8828115,-568.7517,-24.66035,-406.982,-32.82898,-12.04669,-102.4032,108.2094,-1.254318,-27.68373,2.219836,-0.07462301,-1.282183,0.09521147
2008,0.016679,1,100,0,1.113839,0,0,106.6501,0,0,-0.8774943,0.01214427,0.4794334,-0.03549083,0.995294,-0.09016918,-0.4782722,-0.09613843,-0.8729337,-569.3162,-24.86228,-408.6834,-35.86763,-12.22742,-101.1964,108.0589,-1.171871,-25.3033,2.036851,-0.06962873,-1.171958,0.08709528
2009,0.016696,1,100,0,9.46184,0,0,106.6678,0,0,-0.8682261,0.01257622,0.4960093,-0.03726432,0.9952025,-0.09046151,-0.4947674,-0.09702449,-0.8635921,-569.9309,-25.06726,-410.3665,-38.72901,-12.37553,-100.0221,107.97,-1.074995,-22.8869,1.848876,-0.06376623,-1.060061,0.07883327
2010,0.01665,1,100,0,17.78684,0,14.985,106.7409,0,0,-0.8596654,0.0129682,0.5106928,-0.0388714,0.9951191,-0.09070287,-0.5093764,-0.09782547,-0.8549654,-570.5905,-25.27397,-412.0261,-41.38429,-12.49424,-98.97081,107.9999,-0.9673138,-20.18109,1.657895,-0.05732967,-0.9347137,0.07098881
2011,0.016694,1,100,0,26.13384,0,30.0096,106.9191,0,0,-0.8519703,0.01328899,0.5234216,-0.04032076,0.9950442,-0.09089275,-0.5220355,-0.09854268,-0.8472123,-571.2952,-25.48304,-413.6732,-43.86825,-12.58312,-98.03849,108.1402,-0.8520265,-17.19323,1.464031,-0.05053212,-0.7962533,0.06355598
2012,0.016673,1,100,0,34.47034,0,45.0153,107.2002,0,0,-0.8453676,0.013505,0.5340143,-0.04160862,0.9949784,-0.09103081,-0.5325621,-0.0991741,-0.8405605,-572.0396,-25.69317,-415.3034,-46.18396,-12.64156,-97.23333,108.384,-0.7335455,-13.95715,1.269081,-0.04365008,-0.6462486,0.05658807
2013,0.016693,1,100,0,42.81684,0,60.039,107.58,0,0,-0.8400202,0.01358372,0.542385,-0.04273776,0.9949236,-0.09110751,-0.5408692,-0.09971248,-0.8351754,-572.8225,-25.90427,-416.9228,-48.34718,-12.65536,-96.56374,108.7298,-0.5767629,-10.48275,1.080055,-0.03442142,-0.4851561,0.05051144
2014,0.016673,1,100,0,51.15334,0,75.0447,108.0591,0,0,-0.8361028,0.01349086,0.548407,-0.04370277,0.9948821,-0.09110355,-0.5468293,-0.1001388,-0.8312342,-573.6397,-26.11517,-418.5299,-50.35651,-12.63729,-96.03335,109.1691,-0.4301005,-6.795919,0.8914686,-0.02592355,-0.3141772,0.04492011
2015,0.016696,1,100,0,59.50134,0,90.0711,108.6281,0,0,-0.8337451,0.01320061,0.5519919,-0.04451605,0.9948529,-0.09102978,-0.5503524,-0.1004681,-0.8288661,-574.4908,-26.3259,-420.1311,-52.22048,-12.58963,-95.64744,109.6992,-0.2907732,-2.900656,0.6980608,-0.01794363,-0.1335097,0.03945272
2016,0.016677,1,100,0,67.83984,0,100,109.2834,0,0,-0.8330566,0.0126951,0.5530419,-0.0451843,0.9948344,-0.09089836,-0.5513391,-0.1007123,-0.8281797,-575.3712,-26.53544,-421.7249,-53.92788,-12.51571,-95.3949,110.2953,-0.1696983,1.086805,0.5064362,-0.01111049,0.05145613,0.03430748
2017,0.016935,1,100,0,76.30734,0,100,109.9972,0,0,-0.8340825,0.01195394,0.5515103,-0.04573002,0.9948257,-0.09072304,-0.5497411,-0.1008911,-0.8292201,-576.2933,-26.74683,-423.3395,-55.48455,-12.41544,-95.24734,110.9267,-0.06756699,5.047953,0.3139436,-0.00539322,0.2352047,0.0290879
2018,0.016428,1,100,0,84.52134,0,100,110.7358,0,0,-0.8367003,0.01102036,0.5475503,-0.04612448,0.9948275,-0.09050442,-0.5457155,-0.1009805,-0.8318641,-577.2121,-26.94997,-424.9042,-56.80891,-12.26556,-95.23338,111.5665,0.09827319,8.800397,0.127817,0.004583919,0.4092522,0.02391407
2019,0.016683,1,100,0,92.86284,0,100,111.4613,0,0,-0.8409099,0.009863235,0.5410852,-0.04636264,0.9948449,-0.09018763,-0.5391854,-0.1009258,-0.8361176,-578.1662,-27.15351,-426.4936,-57.95273,-12.0697,-95.35421,112.2347,0.2762188,12.54014,-0.05158578,0.01551393,0.5827178,0.01912714
2020,0.016762,1,100,0,101.2438,0,100,112.1927,0,0,-0.8466297,0.008490138,0.5321147,-0.046447,0.9948785,-0.08977401,-0.5301517,-0.1007205,-0.8418994,-579.1428,-27.35461,-428.0934,-58.88123,-11.85287,-95.61404,112.9138,0.4081063,16.22828,-0.2290444,0.0237159,0.7537914,0.01432051
2021,0.016613,1,100,0,85.87681,0,100,112.9072,0,0,-0.8535832,0.006951898,0.5209106,-0.04639807,0.9949231,-0.08930749,-0.5188868,-0.1004006,-0.848927,-580.1248,-27.55027,-429.684,-59.56813,-11.62656,-96.01202,113.5863,0.4939702,19.15596,-0.4017113,0.02930014,0.8895295,0.008399393
2022,0.016671,1,100,0,94.21231,0,100,113.5836,0,0,-0.8615613,0.005284101,0.5076264,-0.04623022,0.9949744,-0.08882067,-0.5055445,-0.09999213,-0.8569872,-581.1204,-27.74281,-431.2876,-60.0151,-11.39603,-96.54913,114.2515,0.5402635,22.09017,-0.5712999,0.03255863,1.025574,0.002617892
2023,0.016671,1,100,0,102.5478,0,100,114.2212,0,0,-0.8704482,0.00349506,0.4922477,-0.04593722,0.9950345,-0.08829635,-0.4901121,-0.09946989,-0.8659654,-582.1221,-27.93115,-432.901,-60.22324,-11.09876,-97.2328,114.9097,0.7025688,25.01943,-0.7439456,0.0434825,1.161366,-0.003460262
2024,0.016689,1,100,0,87.11049,0,100,114.8204,0,0,-0.8800633,0.001604028,0.4748538,-0.0454374,0.9951214,-0.08757219,-0.4726776,-0.09864519,-0.8756969,-583.127,-28.11409,-434.5283,-60.18509,-10.68829,-98.07212,115.5622,1.121776,27.28012,-0.8790013,0.07113121,1.266129,-0.00850803
2025,0.016677,1,100,0,95.44899,0,100,115.3839,0,0,-0.8901253,-0.0003507435,0.4557159,-0.04468272,0.9952486,-0.08651035,-0.4535202,-0.09736767,-0.8859116,-584.1291,-28.28992,-436.1692,-59.88987,-10.25283,-99.0247,116.1801,1.416296,29.58931,-1.012081,0.09097301,1.373133,-0.0136514
2026,0.016688,1,100,0,103.793,0,100,115.8867,0,0,-0.9005587,-0.002340328,0.4347283,-0.04375737,0.9953952,-0.08528666,-0.4325269,-0.09582821,-0.8965141,-585.1255,-28.45892,-437.8274,-59.3392,-9.874526,-100.053,116.7444,1.384756,31.9454,-1.203164,0.09009601,1.482195,-0.02267734
2027,0.016693,1,100,0,88.35197,0,100,116.311,0,0,-0.9111856,-0.004296798,0.411974,-0.04273464,0.9955376,-0.08413532,-0.4097741,-0.09426845,-0.9073032,-586.1116,-28.62178,-439.5038,-58.52606,-9.517824,-101.163,117.2598,1.299249,33.67532,-1.388,0.08585949,1.562162,-0.03249144
2028,0.01687,1,100,0,96.78696,0,100,116.6652,0,0,-0.9218777,-0.006200686,0.3874314,-0.04161561,0.9956731,-0.08308733,-0.3852398,-0.09271955,-0.9181468,-587.0928,-28.78049,-441.2171,-57.43977,-9.186737,-102.3506,117.7258,1.173996,35.51849,-1.567468,0.07917566,1.64739,-0.04186537
2029,0.016487,1,100,0,105.0305,0,100,116.9527,0,0,-0.9322025,-0.008002678,0.361849,-0.04045511,0.9957947,-0.0821982,-0.3596695,-0.09126401,-0.928606,-588.0327,-28.93037,-442.9113,-56.12299,-8.897786,-103.5583,118.124,1.024963,37.39695,-1.734743,0.07103019,1.734268,-0.05044163
2030,0.016705,1,100,0,89.57834,0,100,117.1627,0,0,-0.9423777,-0.009773239,0.334408,-0.03915842,0.9959247,-0.0812439,-0.3322511,-0.08965733,-0.9389199,-588.9615,-29.07611,-444.6486,-54.55408,-8.377134,-104.8726,118.5099,1.451851,38.70909,-1.856941,0.09980328,1.794994,-0.05724692
2031,0.016844,1,100,0,98.00034,0,100,117.3437,0,0,-0.9521448,-0.01148001,0.3054317,-0.0376316,0.9960945,-0.07987241,-0.3033219,-0.08754399,-0.9488583,-589.8702,-29.21427,-446.4226,-52.72415,-7.849575,-106.2117,118.8376,1.729824,40.15944,-1.975343,0.1190947,1.862094,-0.06402965
2032,0.016526,1,100,0,106.2633,0,100,117.4594,0,0,-0.9611748,-0.01307165,0.2756305,-0.0359896,0.9962837,-0.07825416,-0.2735832,-0.08513576,-0.9580733,-590.7304,-29.34122,-448.1852,-50.69233,-7.345121,-107.5195,119.0971,1.873261,41.69052,-2.085971,0.1297839,1.932909,-0.07051888
2033,0.016676,1,100,0,90.83804,0,100,117.5055,0,0,-0.9695981,-0.01454708,0.2442703,-0.03424485,0.9964746,-0.07658707,-0.2422951,-0.08262368,-0.966678,-591.5632,-29.46176,-449.9853,-48.41763,-6.99359,-108.7786,119.2726,1.567676,42.6737,-2.263068,0.1115479,1.97807,-0.08226647
2034,0.016672,1,100,0,99.17403,0,100,117.463,0,0,-0.9771693,-0.01582077,0.2118722,-0.03244093,0.9966407,-0.07519937,-0.2099708,-0.08035585,-0.9744,-592.3565,-29.57672,-451.8057,-45.91843,-6.69768,-109.994,119.382,1.266455,43.80438,-2.42864,0.0935293,2.030105,-0.09296501
2035,0.016677,1,100,0,107.5125,0,100,117.3579,0,0,-0.9838253,-0.01692732,0.1783286,-0.0305343,0.9968027,-0.07383683,-0.1765086,-0.07808768,-0.9811967,-593.1074,-29.68551,-453.6469,-43.21917,-6.173625,-111.2165,119.4786,1.651258,45.0694,-2.567134,0.119443,2.088608,-0.101853
2036,0.016697,1,100,0,92.06781,0,100,117.2359,0,0,-0.9894605,-0.01785932,0.1436972,-0.02846059,0.996994,-0.07206123,-0.1419783,-0.07539144,-0.9869945,-593.8129,-29.78572,-455.5104,-40.31571,-5.656483,-112.367,119.5144,1.879898,45.79265,-2.697149,0.1350785,2.121912,-0.1113761
2037,0.0167,1,100,0,100.4178,0,100,117.056,0,0,-0.9939473,-0.01857861,0.1082754,-0.02626685,0.9971998,-0.07001851,-0.1066713,-0.07243875,-0.991652,-594.469,-29.87744,-457.393,-37.22099,-5.16097,-113.4276,119.49,1.981403,46.68467,-2.817554,0.1424682,2.163007,-0.1203467
2038,0.016691,1,100,0,84.97864,0,100,116.8249,0,0,-0.9972098,-0.01907743,0.07217254,-0.02399012,0.9974088,-0.06782605,-0.07069158,-0.06936823,-0.9950835,-595.0721,-29.96102,-459.2916,-33.95163,-4.698705,-114.3822,119.4072,1.983091,47.06303,-2.927346,0.1431219,2.180248,-0.1294628
2039,0.016678,1,100,0,93.31763,0,100,116.5459,0,0,-0.9991776,-0.0193179,0.035655,-0.0216332,0.9976027,-0.0657361,-0.03429964,-0.06645337,-0.9972001,-595.6194,-30.0381,-461.2038,-30.53251,-4.467021,-115.1739,119.236,1.46392,47.63758,-3.092607,0.1102461,2.206359,-0.1417975
2040,0.016679,1,100,0,101.6571,0,100,116.1956,0,0,-0.9998128,-0.01930011,-0.001406245,-0.01917035,0.9977602,-0.06408626,0.002639967,-0.06404731,-0.9979434,-596.1088,-30.11171,-463.1286,-26.96779,-4.305761,-115.8358,119.0114,1.012222,48.3904,-3.239676,0.08154054,2.240815,-0.1523903
2041,0.016678,1,100,0,86.22999,0,100,115.8021,0,0,-0.9990608,-0.01904964,-0.0389195,-0.01659009,0.9979028,-0.06256956,0.04002981,-0.06186512,-0.9972816,-596.5381,-30.1809,-465.0641,-23.28261,-3.833698,-116.4326,118.7995,1.265649,48.63914,-3.395082,0.09765786,2.252139,-0.1639561
2042,0.016764,1,100,0,94.61198,0,100,115.4213,0,0,-0.9968724,-0.0185354,-0.07682464,-0.01387898,0.9980591,-0.06070777,0.07780078,-0.05945165,-0.9951948,-596.9072,-30.24268,-467.0186,-19.46161,-3.387328,-116.8855,118.5431,1.406058,49.09714,-3.535385,0.1063647,2.273134,-0.1745525
2043,0.016599,1,100,0,102.9115,0,100,115.0111,0,0,-0.9932469,-0.01778692,-0.1146486,-0.01110778,0.9982176,-0.05863532,0.1154872,-0.05696586,-0.9916741,-597.2087,-30.29667,-468.9607,-15.57916,-2.983516,-117.1806,118.2494,1.456011,49.7366,-3.657335,0.1091151,2.302532,-0.1838923
2044,0.016694,1,100,0,87.46954,0,100,114.5758,0,0,-0.9881006,-0.01680561,-0.1528885,-0.008253044,0.9983741,-0.05640349,0.1535878,-0.05447053,-0.9866328,-597.4466,-30.34446,-470.9178,-11.58886,-2.622593,-117.3158,117.916,1.440345,49.88555,-3.762402,0.1072862,2.309191,-0.1926907
2045,0.016844,1,100,0,95.89153,0,91.578,114.1106,0,0,-0.9813941,-0.01557042,-0.1913717,-0.005265868,0.9985142,-0.05423681,0.1919319,-0.05221995,-0.980018,-597.6183,-30.38835,-472.8933,-7.411958,-2.572416,-117.1808,117.4432,0.8793259,50.09279,-3.895271,0.07028399,2.318387,-0.2030028
2046,0.016514,1,100,0,104.1485,0,83.321,113.5511,0,0,-0.9733275,-0.01411572,-0.2289853,-0.002174179,0.998628,-0.05231851,0.2294096,-0.05042519,-0.9720228,-597.7175,-30.42895,-474.8271,-3.190496,-2.231542,-116.9022,116.967,1.019948,50.34319,-4.068485,0.07806488,2.32977,-0.2154797
2047,0.016683,1,100,0,88.71675,0,74.9795,113.0122,0,0,-0.9637064,-0.01237144,-0.2666777,0.001045626,0.9987431,-0.05011132,0.2669624,-0.04857145,-0.9624821,-597.7465,-30.46445,-476.7748,1.176832,-1.920505,-116.3958,116.4176,1.084995,49.97861,-4.221045,0.0805883,2.312654,-0.2272332
2048,0.016684,1,100,0,97.05875,0,66.6375,112.4363,0,0,-0.9527025,-0.01035633,-0.3037281,0.004350882,0.9988521,-0.04770562,0.3038735,-0.04677075,-0.9515638,-597.7022,-30.49498,-478.7129,5.615854,-1.651154,-115.663,115.811,1.095938,49.71554,-4.350019,0.07944445,2.30026,-0.2373204
2049,0.016683,1,100,0,105.4003,0,58.296,111.8445,0,0,-0.9403344,-0.00810712,-0.3401551,0.007721404,0.9989501,-0.04515384,0.3401641,-0.04508618,-0.9392846,-597.5836,-30.52128,-480.6374,10.09237,-1.429162,-114.7072,115.1592,1.070248,49.54733,-4.45448,0.07577764,2.292292,-0.2456423
2050,0.016689,1,100,0,89.96293,0,49.9515,111.2402,0,0,-0.9266704,-0.005647244,-0.3758323,0.01121339,0.9990267,-0.04265962,0.3757074,-0.04374576,-0.9257051,-597.3903,-30.54575,-482.5451,14.55519,-1.54146,-113.4786,114.4186,0.5086825,48.80258,-4.551296,0.0375278,2.25758,-0.2536075
2051,0.016682,1,100,0,98.30393,0,41.6105,110.5836,0,0,-0.9118768,-0.00301428,-0.4104531,0.0149447,0.9990664,-0.0405386,0.410192,-0.0431003,-0.9109803,-597.1227,-30.57249,-484.4304,18.99608,-1.72869,-112.0422,113.6543,0.06710403,48.1963,-4.615831,0.006894833,2.229377,-0.2587681
2052,0.016679,1,100,0,106.6434,0,33.271,109.9348,0,0,-0.8959795,-0.0002378952,-0.4440955,0.01882434,0.9990809,-0.038514,0.4436965,-0.04286756,-0.8951516,-596.7814,-30.60064,-486.2907,23.39375,-1.607971,-110.4823,112.9433,0.1856271,47.71761,-4.767301,0.01210222,2.207076,-0.2690384
2053,0.01677,1,100,0,91.13118,0,24.886,109.3471,0,0,-0.8789809,0.002748357,-0.4768492,0.02275821,0.9990858,-0.03619213,0.4763138,-0.04266443,-0.8782398,-596.3647,-30.62712,-488.1339,27.74776,-1.524096,-108.7279,112.2231,0.2720033,46.68493,-4.889414,0.01514362,2.159135,-0.2778189
2054,0.016596,1,100,0,99.42918,0,16.588,108.7708,0,0,-0.8613498,0.005875358,-0.5079785,0.02666081,0.999078,-0.03365171,0.5073125,-0.04252901,-0.8607123,-595.8808,-30.65215,-489.928,31.9673,-1.480966,-106.824,111.5144,0.3368448,45.83061,-4.979845,0.01678038,2.119489,-0.2843721
2055,0.016682,1,100,0,83.99834,0,8.246995,108.2251,0,0,-0.8429317,0.00915605,-0.5379426,0.0305643,0.9990554,-0.03088846,0.5371516,-0.04247871,-0.8424154,-595.3246,-30.67682,-491.6987,36.08456,-1.477079,-104.732,110.7839,0.3885471,44.46158,-5.040329,0.01762997,2.05603,-0.2893233
2056,0.016883,1,100,0,68.38156,0,0,107.6735,0,0,-0.8238976,0.01259101,-0.566599,0.0345589,0.999009,-0.0280524,0.5656843,-0.04269334,-0.8235162,-594.6927,-30.70388,-493.4542,40.10075,-1.858037,-102.4503,110.0344,-0.04305892,42.60285,-5.045665,-0.01235107,1.970035,-0.2909104
2057,0.01649,1,100,0,53.12831,0,0,107.1331,0,0,-0.8052281,0.01600192,-0.5927494,0.03863899,0.9989274,-0.0255225,0.5917052,-0.04345467,-0.8049827,-594.011,-30.73687,-495.1313,43.82347,-2.288288,-100.1907,109.3796,-0.3727283,40.52133,-5.014912,-0.03548706,1.873765,-0.2899745
2058,0.016679,1,100,0,44.78881,0,0,106.6818,0,0,-0.7864913,0.01951884,-0.6172929,0.04284189,0.9988171,-0.0230021,0.6161137,-0.04453694,-0.7863972,-593.2601,-30.77599,-496.7902,47.40806,-2.463978,-97.95419,108.8514,-0.2662646,38.35802,-5.11187,-0.03046062,1.773493,-0.2971153
2059,0.016684,1,100,0,36.44681,0,0,106.3494,0,0,-0.7680607,0.02318733,-0.639957,0.04700038,0.99869,-0.02022353,0.6386498,-0.04561112,-0.7681444,-592.4502,-30.81815,-498.4121,50.80435,-2.656275,-95.71621,108.3962,-0.162905,36.14441,-5.175013,-0.02544149,1.670908,-0.3022182
2060,0.016683,1,100,0,28.10531,0,0,106.0912,0,0,-0.7500983,0.02697784,-0.6607759,0.05108037,0.9985462,-0.01721717,0.6593508,-0.04666725,-0.7503859,-591.5847,-30.86359,-499.9968,54.01371,-2.86292,-93.49448,108.0134,-0.06147625,33.88561,-5.204535,-0.02031003,1.566243,-0.3052993
2061,0.016683,1,100,0,19.76381,0,0,105.9045,0,0,-0.7327473,0.03084198,-0.6798017,0.05514988,0.9983779,-0.01414967,0.6782626,-0.04785911,-0.7332597,-590.667,-30.91424,-501.5442,56.9958,-3.385206,-91.25272,107.6431,-0.4301472,31.58695,-5.145556,-0.04502033,1.46004,-0.3027637
2062,0.016684,1,100,0,11.42181,0,0,105.7321,0,0,-0.7161403,0.03469878,-0.6970933,0.05936668,0.9981722,-0.01130338,0.695427,-0.04947892,-0.7168913,-589.7004,-30.97383,-503.0545,59.79558,-3.948395,-89.06062,107.3447,-0.7319261,29.24993,-5.05043,-0.06509622,1.352076,-0.2978191
2063,0.016691,1,100,0,3.076313,0,0,105.6256,0,0,-0.7003964,0.03850911,-0.7127146,0.06367215,0.9979334,-0.00865173,0.7109085,-0.05143971,-0.7014009,-588.6877,-31.04303,-504.5293,62.41918,-4.54455,-86.93208,107.1167,-0.9810412,26.87689,-4.920863,-0.08142634,1.24245,-0.290671
2064,0.016669,1,100,0,-5.258186,0,0,105.5823,0,0,-0.6856535,0.04230078,-0.7266981,0.06796505,0.9976696,-0.006052407,0.7247486,-0.05353992,-0.6869306,-587.6336,-31.12116,-505.9674,64.8848,-4.974335,-84.94227,107.0045,-0.8426861,24.47406,-4.947776,-0.07258197,1.131015,-0.2936652
2065,0.016662,1,100,0,-13.58919,0,0,105.6409,0,0,-0.6719936,0.04619095,-0.7391152,0.07212208,0.9973906,-0.003240563,0.7370369,-0.05548416,-0.6735714,-586.5397,-31.20628,-507.3722,67.19167,-5.380213,-83.03736,106.9527,-0.6980485,22.04324,-4.941781,-0.06302836,1.018269,-0.2948177
2066,0.016674,1,100,0,-21.92619,0,0,105.7529,0,0,-0.6594936,0.05013743,-0.7500365,0.07623047,0.9970903,-0.0003759153,0.7478353,-0.05742355,-0.6613967,-585.4076,-31.29942,-508.7464,69.29858,-6.001755,-81.17794,106.9026,-1.038477,19.58554,-4.82792,-0.08420443,0.9047671,-0.2892815
2067,0.016999,1,100,0,-30.42569,0,0,105.8594,0,0,-0.6480352,0.05413183,-0.7596843,0.08056038,0.9967471,0.00230331,0.7573379,-0.05970783,-0.6502881,-584.2183,-31.40513,-510.1163,71.28954,-6.655126,-79.39288,106.9099,-1.336646,17.05031,-4.679118,-0.1022632,0.7876643,-0.2816532
2068,0.01638,1,100,0,-38.61569,0,0,106.0159,0,0,-0.6383078,0.05792863,-0.7675987,0.08482146,0.9963855,0.004660059,0.7650941,-0.06213428,-0.6409141,-583.041,-31.51763,-511.4081,73.0594,-7.295345,-77.79285,106.9702,-1.582547,14.59376,-4.506052,-0.1166386,0.6741716,-0.272552
2069,0.016673,1,100,0,-46.95219,0,0,106.2091,0,0,-0.6297783,0.06172068,-0.774319,0.08920175,0.9959902,0.006839391,0.7716362,-0.06476331,-0.6327586,-581.8136,-31.64288,-512.6968,74.71986,-7.949502,-76.28892,107.0806,-1.796236,12.06866,-4.302998,-0.1285383,0.5574784,-0.2617771
2070,0.016773,1,100,0,-55.33869,0,0,106.4438,0,0,-0.6226579,0.06542125,-0.7797545,0.09355704,0.9955748,0.008820366,0.776881,-0.06745946,-0.6260231,-580.5516,-31.77964,-513.9687,76.27468,-8.564572,-74.90945,107.2502,-1.83865,9.507757,-3.999947,-0.1290631,0.4390179,-0.2448565
2071,0.016584,1,100,0,-63.63069,0,0,106.7292,0,0,-0.617111,0.06894611,-0.7838498,0.0977373,0.995156,0.01058541,0.7807827,-0.070079,-0.6208603,-579.2791,-31.92518,-515.2043,77.64463,-9.201241,-73.69704,107.4458,-2.014459,6.961455,-3.790234,-0.1377926,0.3212421,-0.2341607
2072,0.016693,1,100,0,-71.97719,15.0237,0,107.024,0,0,-0.6131063,0.07243944,-0.7866722,0.1019234,0.994718,0.01216128,0.783398,-0.07272413,-0.6172511,-577.9758,-32.08222,-516.4289,78.92352,-9.821384,-72.67128,107.7335,-2.15634,4.112548,-3.558652,-0.143636,0.1893501,-0.2226885
2073,0.016674,1,100,0,-80.31419,30.0303,0,107.3992,0,0,-0.6108783,0.07589033,-0.788079,0.1060436,0.9942693,0.01354647,0.7845908,-0.0752955,-0.6154252,-576.6533,-32.24926,-517.636,80.11111,-10.41181,-71.83626,108.1048,-2.263777,1.005301,-3.309065,-0.1465692,0.04537668,-0.2106758
2074,0.016695,1,100,0,-88.66168,45.0558,0,107.8482,0,0,-0.6105894,0.07932612,-0.7879643,0.1100694,0.9938143,0.01475729,0.7842609,-0.07772013,-0.6155439,-575.3096,-32.42616,-518.8317,81.217,-10.96565,-71.18794,108.5549,-2.338626,-2.349195,-3.043211,-0.1466862,-0.1101776,-0.198238
2075,0.01697,1,100,0,-97.14668,60.3288,0,108.3669,0,0,-0.6124341,0.08282005,-0.7861714,0.1140219,0.9933524,0.01582175,0.7822555,-0.07995094,-0.6178061,-573.9255,-32.61516,-520.0371,82.26017,-11.48243,-70.72149,109.0876,-2.384044,-5.996618,-2.758968,-0.1440729,-0.2794456,-0.1853041
2076,0.016537,1,100,0,-105.4152,75.2121,0,108.9587,0,0,-0.6164427,0.08620979,-0.7826661,0.1177993,0.9928989,0.01658572,0.7785382,-0.08197338,-0.6222207,-572.5603,-32.80867,-521.2049,83.13564,-12.14187,-70.40736,109.6182,-2.837214,-9.747584,-2.363919,-0.1669376,-0.4528351,-0.1657338
2077,0.016669,1,100,0,-89.99636,90.2142,0,109.5285,0,0,-0.6226397,0.08954115,-0.7773688,0.121699,0.9924242,0.01683651,0.7729872,-0.08412194,-0.6288197,-571.1702,-33.01478,-522.3779,83.92696,-12.81212,-70.28782,110.2192,-3.27204,-13.06042,-1.962733,-0.1888767,-0.6059001,-0.1454219
2078,0.016679,1,100,0,-98.33586,100,0,110.1506,0,0,-0.6308048,0.09285572,-0.7703655,0.1256162,0.9919382,0.01670351,0.765706,-0.08623376,-0.6373836,-569.7665,-33.23157,-523.5508,84.62712,-13.36898,-70.4216,110.9039,-3.330644,-16.51797,-1.774201,-0.1861535,-0.7666838,-0.1391283
2079,0.016685,1,100,0,-106.6784,100,0,110.8379,0,0,-0.6409207,0.09631912,-0.76154,0.1294177,0.9914532,0.01647895,0.7566184,-0.0879951,-0.6479083,-568.3514,-33.45732,-524.7275,85.18019,-13.85323,-70.73398,111.5835,-3.351233,-19.92876,-1.577729,-0.1806199,-0.9254204,-0.1323816
2080,0.016693,1,100,0,-91.23734,100,0,111.4971,0,0,-0.6527653,0.09990425,-0.7509439,0.1330629,0.9909757,0.01617141,0.7457828,-0.08936667,-0.6601682,-566.9272,-33.6908,-525.9111,85.57478,-14.25518,-71.2309,112.2501,-3.337156,-22.62948,-1.3743,-0.1736533,-1.051185,-0.1241138
2081,0.016819,1,100,0,-99.64684,91.5905,0,112.1185,0,0,-0.666061,0.1035552,-0.7386738,0.1366538,0.9904954,0.01563767,0.7332724,-0.09052695,-0.6738816,-565.4873,-33.93341,-527.1127,85.69839,-14.76265,-71.86726,112.8142,-3.793761,-25.20699,-1.088759,-0.1966099,-1.170291,-0.1105098
2082,0.016549,1,100,0,-107.9213,83.316,0,112.6067,0,0,-0.6803278,0.107125,-0.7250369,0.1402897,0.9900025,0.01463515,0.7193561,-0.09175853,-0.6885547,-564.0697,-34.18036,-528.3065,85.58957,-15.24095,-72.67754,113.3132,-4.20253,-27.60807,-0.8118612,-0.2165418,-1.281309,-0.09731008
2083,0.016678,1,100,0,-92.49419,74.97701,0,113.0103,0,0,-0.6956103,0.1106793,-0.7098425,0.1440084,0.9894889,0.01316103,0.7038379,-0.09306832,-0.7042374,-562.6441,-34.43707,-529.5241,85.24191,-15.69447,-73.66953,113.7528,-4.573882,-29.23903,-0.5386705,-0.2352823,-1.35651,-0.08322798
2084,0.016869,1,100,0,-100.9287,66.5425,0,113.338,0,0,-0.7116131,0.1141903,-0.6932297,0.1477773,0.9889572,0.01120701,0.6868542,-0.09446856,-0.7206297,-561.2095,-34.70419,-530.7734,84.64303,-16.117,-74.83896,114.1274,-4.903389,-30.82834,-0.2695747,-0.251244,-1.429883,-0.06946027
2085,0.016533,1,100,0,-85.63567,58.276,0,113.5911,0,0,-0.7276193,0.1175913,-0.6758273,0.1513421,0.9884403,0.00904455,0.6690785,-0.09570013,-0.7370048,-559.9224,-34.95615,-532.0436,32.07502,-8.606674,-84.80956,114.4678,-8.572501,-47.3341,-6.062734,-0.4506671,-2.203235,-0.4691128
2086,0.016742,1,100,0,-94.00667,49.905,0,84.78943,0,0,-0.7504492,0.1288562,-0.6482455,0.1620119,0.9867516,0.008588374,0.6407639,-0.09857833,-0.7613831,-559.4648,-35.09156,-533.4717,27.86328,-8.26652,-80.49735,90.23072,-9.26809,-48.10664,-6.476578,-0.4839303,-2.239937,-0.4994357
2087,0.016729,1,100,0,-102.3712,41.5405,0,79.95801,0,0,-0.7724142,0.1407507,-0.6193268,0.1733233,0.9848354,0.007651575,0.6110119,-0.1014336,-0.7850962,-559.0186,-35.22986,-534.8149,26.86367,-8.383217,-76.01036,84.9423,-9.577895,-47.9007,-6.462905,-0.4940149,-2.23115,-0.5007106
2088,0.01669,1,100,0,-86.93292,33.1955,0,76.93981,0,0,-0.7929429,0.1526706,-0.5898586,0.1846254,0.9827895,0.00618051,0.5806504,-0.1040021,-0.8074828,-558.598,-35.36752,-536.0844,25.32682,-8.303429,-72.28861,80.84016,-9.743511,-47.32137,-6.436955,-0.4959438,-2.205238,-0.5002338
2089,0.016701,1,100,0,-95.28342,24.845,0,73.94142,0,0,-0.8120436,0.164602,-0.5599031,0.1958263,0.9806294,0.00427594,0.5497612,-0.1061715,-0.8285472,-558.1917,-35.50571,-537.2922,24.63715,-8.344846,-68.9202,77.12666,-9.725081,-46.57975,-6.244044,-0.486788,-2.171912,-0.488354
2090,0.01668,1,100,0,-103.6234,16.505,0,71.53417,0,0,-0.8296685,0.176304,-0.5296862,0.2066375,0.9784158,0.001997389,0.5186055,-0.1077959,-0.8481917,-557.7647,-35.64966,-538.4371,27.52556,-9.207757,-68.10313,74.03023,-9.16012,-45.73321,-5.735849,-0.4435945,-2.134686,-0.4554504
2091,0.016673,1,100,0,-88.2009,8.168503,0,73.03197,0,0,-0.8458312,0.1873874,-0.4994552,0.2164688,0.9762894,-0.0003038049,0.4875559,-0.1083735,-0.8663395,-557.2938,-35.80672,-539.5711,29.67704,-9.849054,-67.84284,74.70195,-8.427017,-44.4142,-5.213664,-0.3921359,-2.075639,-0.4198124
2092,0.016953,1,100,0,-96.67741,0,0,74.31152,0,0,-0.8607723,0.1979297,-0.4689295,0.2254086,0.9742609,-0.002538301,0.4563572,-0.1078857,-0.8832319,-556.7821,-35.97616,-540.7221,31.19198,-10.28951,-68.01172,75.52753,-7.69369,-43.31175,-4.651136,-0.3408762,-2.026647,-0.3811466
2093,0.016404,1,100,0,-104.8794,0,0,75.41489,0,0,-0.8739737,0.2073807,-0.4395037,0.2330405,0.9724565,-0.004556239,0.4264533,-0.1064042,-0.8982295,-556.2656,-36.14621,-541.8405,32.08663,-10.51964,-68.51614,76.38505,-7.015425,-42.54991,-4.080554,-0.2931497,-1.993389,-0.3418829
2094,0.016692,1,100,0,-89.43931,0,0,76.34599,0,0,-0.8862419,0.2161919,-0.4096785,0.2398047,0.9707997,-0.006458491,0.3963194,-0.1039666,-0.9122071,-555.7275,-36.32214,-542.9884,32.51969,-10.57925,-69.27732,77.258,-6.375723,-41.39542,-3.478572,-0.2500925,-1.941295,-0.2992439
2095,0.016876,1,100,0,-81.00131,0,0,77.18334,0,0,-0.8974364,0.2241876,-0.3799318,0.2456412,0.9693259,-0.008255467,0.366427,-0.1007357,-0.924978,-555.2095,-36.49449,-544.1725,30.1968,-9.854661,-67.98811,78.1085,-6.17663,-40.13793,-3.032966,-0.2363268,-1.882782,-0.2661292
2096,0.016455,1,100,0,-72.77381,0,0,74.94514,0,0,-0.9071901,0.231243,-0.3514724,0.2506954,0.9680124,-0.01019223,0.3378728,-0.09735882,-0.9361429,-554.7131,-36.65579,-545.2968,30.09882,-9.695292,-68.98849,75.89037,-5.613439,-38.72395,-2.404901,-0.2011135,-1.817842,-0.2209757
2097,0.016717,1,100,0,-64.41531,0,0,75.69657,0,0,-0.9160271,0.2374763,-0.3232636,0.254792,0.9669254,-0.01167611,0.309799,-0.09306063,-0.9462369,-554.2181,-36.8144,-546.4585,20.41168,-7.424314,-70.16164,76.76835,-4.095019,-37.62871,-1.985705,-0.1053221,-1.772096,-0.1888746
2098,0.016825,1,100,0,-56.00282,0,0,73.40396,0,0,-0.9239573,0.2430239,-0.2953682,0.2580101,0.966065,-0.01223353,0.2823718,-0.08751123,-0.9553055,-553.8701,-36.93854,-547.6432,21.20785,-7.284041,-70.92451,74.38493,-3.41221,-35.92449,-1.551098,-0.06555381,-1.693918,-0.1545807
2099,0.016577,1,100,0,-47.71432,0,0,74.38051,0,0,-0.9307843,0.2476574,-0.2688982,0.2604656,0.9654028,-0.01245121,0.2565115,-0.08162813,-0.9630881,-553.5328,-37.05508,-548.829,16.49491,-6.017386,-70.55686,75.30257,-3.009471,-31.36255,-1.800616,-0.05676364,-1.479656,-0.1603
2100,0.016753,1,100,0,-39.33782,0,0,72.6748,0,0,-0.9361018,0.2519875,-0.2453891,0.2629893,0.9647167,-0.01258523,0.2335597,-0.07631579,-0.9693431,-553.2833,-37.1491,-550.0253,14.8308,-5.255207,-69.32085,73.65158,-2.772758,-28.24925,-1.608261,-0.05288067,-1.332811,-0.1409066
2101,0.01672,1,100,0,-30.97782,0,0,71.06061,0,0,-0.9404112,0.2556891,-0.224165,0.2651856,0.9641123,-0.01280496,0.2128461,-0.07148725,-0.974467,-553.0414,-37.23396,-551.1923,14.40441,-4.731156,-67.79095,72.04673,-2.610812,-25.80147,-1.213985,-0.05146442,-1.216926,-0.1102205
2102,0.016691,1,100,0,-22.63232,0,15.0219,69.46419,0,0,-0.9440082,0.2586511,-0.2048122,0.2668874,0.9636377,-0.01317267,0.1939577,-0.0670969,-0.9787126,-552.7984,-37.31141,-552.3291,14.86221,-4.458258,-68.75742,70.48648,-2.151032,-23.97742,-0.7297292,-0.02913658,-1.131844,-0.07498673
2103,0.016628,1,100,0,-14.31832,0,29.9871,70.47552,0,0,-0.9471126,0.2608543,-0.1869033,0.267959,0.9633377,-0.01335749,0.1765667,-0.06273347,-0.9822876,-552.5502,-37.38372,-553.4782,15.04928,-4.126844,-69.80097,71.52403,-1.771739,-21.89798,-0.2505059,-0.01351735,-1.034204,-0.04011972
2104,0.016724,1,100,0,-5.956317,0,45.0387,71.48072,0,0,-0.949811,0.2622926,-0.1704758,0.2683529,0.9632316,-0.0131161,0.1607674,-0.05820548,-0.9852749,-552.2982,-37.4498,-554.6521,15.10505,-3.598654,-70.97067,72.6495,-0.5034649,-19.55813,0.321519,0.0564169,-0.9280224,0.0009295586
2105,0.016671,1,100,0,2.379183,0,60.04259,72.56348,0,0,-0.952155,0.2628868,-0.1558571,0.2679352,0.963363,-0.01193709,0.1470088,-0.05312555,-0.9877075,-552.0468,-37.50644,-555.842,15.02013,-2.993761,-72.18109,73.78806,0.5100563,-16.99573,0.8797873,0.1089295,-0.8101069,0.04099118
2106,0.016844,1,100,0,10.80118,0,75.20219,73.66094,0,0,-0.9542065,0.2627065,-0.1430925,0.2668446,0.9636858,-0.01019129,0.1352189,-0.04790807,-0.989657,-551.7952,-37.55366,-557.0648,14.77542,-2.422016,-73.41228,74.92358,0.8763413,-14.18412,1.288875,0.1193286,-0.6775737,0.07110339
2107,0.016514,1,100,0,19.05818,0,90.0648,74.76694,0,0,-0.9559209,0.2618978,-0.1327594,0.2653124,0.9641261,-0.00839987,0.1257969,-0.04325232,-0.991113,-551.5529,-37.59063,-558.2839,14.46286,-1.871626,-74.64324,76.05453,1.14802,-11.2333,1.673162,0.1230326,-0.5380736,0.09908868
2108,0.016684,1,100,0,27.40018,0,100,75.88023,0,0,-0.957394,0.2604945,-0.1246566,0.2633363,0.9646814,-0.006597189,0.1185354,-0.03914271,-0.9921778,-551.3135,-37.61891,-559.5361,14.10247,-1.34069,-75.89539,77.20614,1.361083,-8.122528,2.041715,0.1223202,-0.3907967,0.1256093
2109,0.016769,1,100,0,35.78468,0,100,77.02585,0,0,-0.9586475,0.2585411,-0.1189603,0.2609481,0.9653407,-0.004850112,0.1135833,-0.03569201,-0.9928873,-551.0792,-37.63862,-560.8157,13.717,-0.8438573,-77.13513,78.34984,1.533456,-5.002514,2.389132,0.1190975,-0.2430146,0.1502782
2110,0.016592,1,100,0,44.08068,0,100,78.17463,0,0,-0.9596893,0.2561235,-0.115747,0.2582176,0.9660814,-0.00321901,0.1109965,-0.03297716,-0.9932736,-550.8536,-37.65017,-562.1022,13.33855,-0.3993679,-78.34164,79.47005,1.676517,-1.925707,2.707249,0.1144025,-0.09729055,0.172649
2111,0.016683,1,100,0,52.42218,0,100,79.30839,0,0,-0.9605554,0.2532296,-0.1149261,0.2550921,0.9669155,-0.001552861,0.1107306,-0.03080834,-0.9933728,-550.6328,-37.65397,-563.416,13.03625,0.1149369,-79.5621,80.6231,2.230514,1.16251,3.074389,0.1357935,0.04707298,0.1979507
2112,0.016683,1,100,0,60.76368,0,100,80.47479,0,0,-0.9612466,0.2498647,-0.1165029,0.2515344,0.9678484,0.0003827289,0.1128528,-0.02893659,-0.9931905,-550.4167,-37.6494,-564.75,12.78586,0.5915639,-80.76015,81.76815,2.677641,4.243526,3.408459,0.1508327,0.19141,0.2209011
2113,0.016637,1,100,0,69.08218,0,100,81.63602,0,0,-0.9617331,0.2460854,-0.1204639,0.2475986,0.9688596,0.002477286,0.1173223,-0.02744421,-0.9927148,-550.205,-37.63719,-566.1001,12.6062,1.019507,-81.93073,82.90114,3.034441,7.308304,3.70643,0.1606624,0.3351987,0.2413667
2114,0.01673,1,100,0,77.44717,0,100,82.78485,0,0,-0.9619759,0.2418988,-0.1268363,0.2432707,0.9699466,0.004797051,0.1241848,-0.02624089,-0.9919121,-549.9944,-37.61752,-567.4774,12.54305,1.488045,-83.10553,84.05993,3.713698,10.38554,3.982421,0.191249,0.4780501,0.2603604
2115,0.016664,1,100,0,85.77917,0,100,83.95199,0,0,-0.9619136,0.2373801,-0.1355471,0.2385899,0.9710916,0.00748748,0.133406,-0.02513786,-0.9907428,-549.7851,-37.59034,-568.8685,12.58861,1.917076,-84.24568,85.2026,4.238582,13.4427,4.217224,0.2127217,0.6204219,0.2765796
2116,0.016686,1,100,0,94.12218,0,100,85.09701,0,0,-0.9614676,0.2325538,-0.1466254,0.2335822,0.9722814,0.01040753,0.1449815,-0.02424258,-0.9891374,-549.5742,-37.55622,-570.2804,12.75574,2.300038,-85.35304,86.33157,4.632774,16.4973,4.411071,0.2265343,0.7630221,0.2901015
2117,0.016731,1,100,0,102.4877,0,100,86.21947,0,0,-0.960539,0.2274565,-0.1600889,0.2282877,0.9735012,0.01342943,0.1589013,-0.02364683,-0.9870114,-549.359,-37.5159,-571.7144,13.05804,2.630077,-86.42375,87.44424,4.915258,19.5537,4.563088,0.2338934,0.9059625,0.3009428
2118,0.016597,1,100,0,87.13545,0,100,87.31398,0,0,-0.9590664,0.2221746,-0.1755849,0.2227785,0.9747291,0.01651999,0.1748181,-0.02327279,-0.9843256,-549.1396,-37.47033,-573.1545,13.53516,2.977063,-87.45437,88.54564,5.390616,21.91797,4.719507,0.2567317,1.015317,0.3118327
2119,0.016677,1,100,0,95.47395,0,100,88.38049,0,0,-0.9569905,0.2166654,-0.1929384,0.2169678,0.9759774,0.01982168,0.1925982,-0.02289227,-0.9810106,-548.9104,-37.41901,-574.6185,14.16954,3.278286,-88.43719,89.62511,5.714183,24.34263,4.831648,0.2702878,1.127955,0.3198596
2120,0.016864,1,100,0,103.906,0,100,89.4118,0,0,-0.9541624,0.2109353,-0.2123219,0.2108738,0.9772379,0.02320128,0.212383,-0.02263532,-0.9769244,-548.667,-37.36232,-576.1151,14.97139,3.529797,-89.3698,90.68386,5.907642,26.84086,4.899387,0.2759144,1.244388,0.3250859
2121,0.016496,1,100,0,88.64716,0,100,90.4073,0,0,-0.950596,0.2052211,-0.2329198,0.204759,0.9784555,0.02643206,0.233326,-0.02256622,-0.9721367,-548.4149,-37.30305,-577.594,15.91701,3.719397,-90.2135,91.68239,5.985893,28.66664,4.921237,0.2771331,1.329449,0.3271763
2122,0.016693,1,100,0,96.99365,0,100,91.32977,0,0,-0.9461412,0.1993805,-0.2550769,0.1984793,0.9796598,0.02954249,0.2557787,-0.0226761,-0.9664694,-548.1429,-37.24023,-579.1042,17.03486,3.853178,-90.99066,92.65168,5.967815,30.60591,4.900261,0.2722777,1.420067,0.3266529
2123,0.016823,1,100,0,105.4052,0,100,92.20947,0,0,-0.9406665,0.1934705,-0.2787754,0.1921234,0.9808351,0.03242252,0.2797055,-0.0230605,-0.9598089,-547.8492,-37.17499,-580.639,18.32262,3.928041,-91.68755,93.58288,5.869526,32.64421,4.836642,0.2624235,1.515487,0.3235992
2124,0.016547,1,100,0,90.09917,0,100,93.03688,0,0,-0.9342349,0.1876798,-0.3032843,0.1859274,0.9819427,0.03492104,0.3043618,-0.0237644,-0.95226,-547.5382,-37.11007,-582.1595,19.73332,3.915064,-92.27653,94.4441,5.616332,34.06305,4.701884,0.2450966,1.582223,0.315945
2125,0.016656,1,100,0,98.42718,0,100,93.78427,0,0,-0.9267019,0.181909,-0.3288355,0.1797755,0.9830056,0.03715933,0.3300068,-0.02468095,-0.943656,-547.2006,-37.0446,-583.6993,21.35208,3.96409,-92.78328,95.29093,5.752563,35.61465,4.596172,0.2523369,1.653867,0.3104111
2126,0.016686,1,100,0,106.7702,0,100,94.504,0,0,-0.9179819,0.1761738,-0.3553479,0.1736363,0.9840255,0.03929839,0.3565947,-0.02562606,-0.9339078,-546.8345,-36.97863,-585.2498,23.11046,3.933322,-93.17432,96.07819,5.648661,37.27969,4.448171,0.2442561,1.731511,0.3022683
2127,0.016692,1,100,0,91.33008,0,100,95.15649,0,0,-0.9080206,0.1705194,-0.3826511,0.1676226,0.9849912,0.04117401,0.383929,-0.02675414,-0.9229752,-546.4382,-36.91343,-586.8066,25.00961,3.854128,-93.4454,96.81105,5.472752,38.37913,4.264222,0.2335533,1.782804,0.2917342
2128,0.016677,1,100,0,99.66858,0,100,95.7466,0,0,-0.8968493,0.1649888,-0.4104146,0.1618049,0.9858962,0.04275481,0.4116803,-0.02806247,-0.9108964,-546.0099,-36.84987,-588.3659,27.03913,3.726244,-93.58843,97.4874,5.236615,39.62434,4.047156,0.2187133,1.841048,0.2793157
2129,0.016679,1,100,0,108.0081,0,100,96.27627,0,0,-0.8843451,0.1595941,-0.4387068,0.1562419,0.9867382,0.04400616,0.4399119,-0.02962775,-0.8975524,-545.547,-36.78871,-589.927,29.18991,3.550179,-93.59711,98.10745,4.954699,41.00348,3.799631,0.2007098,1.90563,0.2652553
2130,0.016686,1,100,0,92.57353,0,100,96.74411,0,0,-0.8704652,0.1543514,-0.4674033,0.1509871,0.9875146,0.04491875,0.4685009,-0.03147168,-0.8829022,-545.0474,-36.73074,-591.4881,31.45341,3.324545,-93.46381,98.67043,4.637764,41.83859,3.526609,0.1820815,1.944822,0.2495435
2131,0.016883,1,100,0,101.015,0,100,97.15073,0,0,-0.8550835,0.1492253,-0.4965521,0.1460331,0.9882323,0.04551134,0.4975003,-0.03359705,-0.8668129,-544.5029,-36.67617,-593.0646,33.84638,3.048583,-93.17874,99.1824,4.291965,42.85478,3.225683,0.1611866,1.992508,0.2324147
2132,0.016467,1,100,0,85.78306,0,100,97.50469,0,0,-0.8387662,0.1444035,-0.5249943,0.1415632,0.9888681,0.04582451,0.5257674,-0.03588384,-0.8498714,-543.9321,-36.62746,-594.5967,36.28516,2.779977,-92.755,99.6385,4.091806,43.34279,2.931203,0.1508464,2.015145,0.215581
2133,0.016684,1,100,0,94.12506,0,100,97.80762,0,0,-0.8209997,0.1397061,-0.5535718,0.1373661,0.9894524,0.04598322,0.554157,-0.03828979,-0.8315311,-543.3126,-36.58279,-596.1412,38.83104,2.473115,-92.17158,100.0478,3.845656,44.0313,2.613135,0.1370562,2.047235,0.1974979
2134,0.016838,1,100,0,102.5441,0,100,98.06733,0,0,-0.8017087,0.1351607,-0.5822327,0.1335165,0.9899799,0.04596959,0.5826119,-0.04088344,-0.8117217,-542.6439,-36.5431,-597.6891,41.462,2.128244,-91.42386,100.4089,3.564302,44.90676,2.275226,0.1205573,2.088109,0.1784818
2135,0.016516,1,100,0,87.26676,0,100,98.27998,0,0,-0.7814551,0.1308999,-0.6100765,0.1301537,0.9904358,0.04579525,0.6102363,-0.04361682,-0.7910182,-541.9446,-36.51001,-599.1943,44.09135,1.755098,-90.53257,100.7138,3.265611,45.26907,1.930146,0.1040345,2.105081,0.1588044
2136,0.016689,1,100,0,95.61126,0,100,98.4425,0,0,-0.7597661,0.1268059,-0.6377114,0.1271945,0.9908344,0.04548386,0.637634,-0.0465563,-0.7689314,-541.1937,-36.48302,-600.6994,46.78394,1.34407,-89.47232,100.9744,2.948945,45.83814,1.571213,0.08581086,2.131722,0.1386081
2137,0.016662,1,100,0,103.9423,0,100,98.56653,0,0,-0.7367868,0.1229114,-0.6648595,0.1247317,0.9911691,0.04500988,0.6645204,-0.0497664,-0.7456113,-540.3992,-36.46352,-602.1835,49.47832,0.8241754,-88.24505,101.173,2.480977,46.59058,1.225094,0.05744153,2.167253,0.1196589
2138,0.016647,1,100,0,88.54379,0,100,98.63484,0,0,-0.7125221,0.1191858,-0.6914528,0.122824,0.991438,0.04432778,0.6908158,-0.05334245,-0.7210603,-539.5605,-36.45292,-603.645,52.17983,0.2637503,-86.85999,101.3285,2.04635,46.84713,0.8762786,0.03219345,2.17959,0.1004648
2139,0.016709,1,100,0,96.89828,0,100,98.66388,0,0,-0.6870013,0.1156062,-0.7174013,0.1214206,0.9916466,0.04352423,0.7164403,-0.0572061,-0.6952995,-538.6734,-36.4517,-605.0878,54.90102,-0.3065208,-85.31367,101.4526,1.733833,47.31535,0.5356415,0.01421416,2.201545,0.0822936
2140,0.016651,1,100,0,105.2238,0,100,98.66939,0,0,-0.6603106,0.1121649,-0.7425693,0.120468,0.9917991,0.04268798,0.7412677,-0.06126849,-0.6684077,-537.7441,-36.46012,-606.4991,57.59923,-0.9030145,-83.61698,101.5396,1.434806,47.97315,0.1970996,-0.00334433,2.232303,0.06469576
2141,0.016696,1,100,0,89.77998,0,100,98.64201,0,0,-0.6323166,0.108826,-0.7670283,0.1199456,0.9918978,0.04185073,0.7653681,-0.06553872,-0.6402467,-536.7675,-36.47867,-607.8849,60.28039,-1.526757,-81.76073,101.5917,1.148475,48.14152,-0.1389749,-0.01916543,2.24024,0.04696551
2142,0.016672,1,100,0,98.11598,0,100,98.58379,0,0,-0.6033029,0.1056044,-0.7904893,0.1198357,0.9919443,0.04105867,0.7884573,-0.069958,-0.6110981,-535.7477,-36.50772,-609.2371,62.92329,-2.172645,-79.7547,101.6114,0.8774757,48.5256,-0.4690181,-0.03449468,2.258205,0.03004435
2143,0.016672,1,100,0,106.452,0,100,98.50227,0,0,-0.5731324,0.1024407,-0.8130345,0.1200468,0.9919475,0.04035882,0.8106219,-0.07447121,-0.580815,-534.684,-36.54749,-610.5549,65.54413,-2.809837,-77.59843,101.6142,0.8258355,49.10747,-0.7298915,-0.03616325,2.285066,0.01798399
2144,0.016715,1,100,0,90.99061,0,100,98.41109,0,0,-0.5417718,0.09927563,-0.8346422,0.1204193,0.9919242,0.03981838,0.8318547,-0.07893456,-0.5493513,-533.574,-36.59803,-611.8393,68.1167,-3.449622,-75.29168,101.5905,0.7612596,49.20422,-0.9865152,-0.03774298,2.289358,0.005570173
2145,0.016762,1,100,0,99.3716,0,100,98.29707,0,0,-0.509396,0.09612398,-0.8551469,0.1209469,0.9918752,0.03944718,0.8519908,-0.0833331,-0.5168831,-532.418,-36.65944,-613.0878,70.63216,-4.089982,-72.83645,101.542,0.6859879,49.52501,-1.237532,-0.0403877,2.304111,-0.006193981
2146,0.016496,1,100,0,107.6196,0,100,98.1667,0,0,-0.4765227,0.09302047,-0.8742274,0.1216363,0.9917994,0.03922912,0.8707073,-0.08764426,-0.4839295,-531.2396,-36.73045,-614.2754,73.02695,-4.735179,-70.2854,101.4662,0.5271094,50.03851,-1.479346,-0.04870215,2.327997,-0.01710653
2147,0.016666,1,100,0,92.20355,0,100,98.01329,0,0,-0.4423437,0.0898726,-0.8923313,0.1225392,0.9916919,0.03913511,0.8884349,-0.09203441,-0.4496816,-530.0094,-36.81301,-615.4318,75.36398,-5.388798,-67.57793,101.3684,0.372676,50.07825,-1.713679,-0.05588444,2.329817,-0.02815794
2148,0.016685,1,100,0,100.5461,0,100,97.8405,0,0,-0.4073603,0.08671807,-0.9091412,0.123627,0.9915549,0.03918532,0.9048615,-0.0964319,-0.4146408,-528.7393,-36.90656,-616.5438,77.61346,-6.042398,-64.74139,101.2512,0.2258375,50.34361,-1.937167,-0.06291611,2.342156,-0.03811403
2149,0.016677,1,100,0,85.11983,0,100,97.65653,0,0,-0.3716804,0.08354919,-0.9245936,0.1248749,0.9913903,0.03938629,0.9199238,-0.1008194,-0.3789136,-527.4329,-37.01095,-617.6072,79.76366,-6.692058,-61.78762,101.1174,0.08791481,50.14947,-2.148515,-0.0686567,2.333092,-0.04807452
2150,0.016681,1,100,0,93.46033,0,100,97.46335,0,0,-0.3354928,0.0803754,-0.9386078,0.1262566,0.9912009,0.03975037,0.9335438,-0.1051694,-0.3426887,-526.0908,-37.12616,-618.621,81.80948,-7.335535,-58.72234,100.9699,-0.03995223,50.20005,-2.347051,-0.07411747,2.335438,-0.05681947
2151,0.016694,1,100,0,101.8073,0,100,97.26769,0,0,-0.2986629,0.07715652,-0.9512346,0.1277501,0.9909885,0.04027083,0.9457697,-0.1094929,-0.3058283,-524.7141,-37.25216,-619.5837,83.74484,-7.970282,-55.5533,100.8112,-0.1569885,50.47541,-2.532109,-0.07914375,2.348272,-0.06427944
2152,0.016689,1,100,0,86.37,0,100,97.0658,0,0,-0.2612911,0.07386619,-0.9624297,0.1292182,0.99077,0.04095972,0.9565721,-0.113661,-0.2684243,-523.306,-37.38831,-620.4928,85.59566,-8.532147,-52.28393,100.6629,0.04509988,50.28951,-2.653216,-0.06303784,2.339295,-0.06862516
2153,0.016684,1,100,0,94.71201,0,100,96.88247,0,0,-0.2236098,0.07050484,-0.9721254,0.1303579,0.9905831,0.04185838,0.9659222,-0.1173643,-0.230695,-521.868,-37.53337,-621.3466,87.3457,-9.016879,-48.93122,100.5228,0.4216613,50.348,-2.773947,-0.0360227,2.341465,-0.07285178
2154,0.016685,1,100,0,103.0545,0,91.6575,96.71559,0,0,-0.1855201,0.06707439,-0.9803486,0.13106,0.9904432,0.04296339,0.9738614,-0.120514,-0.1925379,-520.4014,-37.68618,-622.1434,88.96682,-9.440257,-45.4046,100.3284,0.7370811,50.49631,-2.887591,-0.01295308,2.347888,-0.07692911
2155,0.016668,1,100,0,87.6366,0,83.3235,96.52113,0,0,-0.1472209,0.06358199,-0.9870581,0.1314704,0.9903352,0.04418412,0.9803277,-0.1232641,-0.1541572,-518.9103,-37.84623,-622.8798,90.40603,-9.924703,-41.71184,100.0581,0.6938385,50.06203,-2.900057,-0.01210335,2.327754,-0.07620626
2156,0.016759,1,100,0,96.01611,0,74.944,96.28107,0,0,-0.1087883,0.05998789,-0.9922534,0.1318201,0.990233,0.04541331,0.9852862,-0.1258585,-0.1156334,-517.3878,-38.01516,-623.5575,91.69402,-10.38925,-37.87029,99.74912,0.6494726,49.75767,-2.904103,-0.01142474,2.313688,-0.0748373
2157,0.016619,1,100,0,104.3256,0,66.6345,96.03149,0,0,-0.07071756,0.05632698,-0.9959048,0.1321069,0.9901386,0.04662016,0.9887099,-0.128269,-0.07746138,-515.8577,-38.19025,-624.1653,92.80642,-10.8248,-33.95911,99.41543,0.6052538,49.57608,-2.899903,-0.01083801,2.305355,-0.07285358
2158,0.016678,1,100,0,88.89846,0,58.2955,95.77763,0,0,-0.03269127,0.05257216,-0.998082,0.1323339,0.9900514,0.04781469,0.9906662,-0.1305169,-0.03932311,-514.3044,-38.37307,-624.7094,93.75213,-11.23466,-29.95262,99.05978,0.5611846,48.83954,-2.887873,-0.009667883,2.271143,-0.07180563
2159,0.016903,1,100,0,97.34996,0,49.844,95.52121,0,0,0.005359751,0.04873238,-0.9987975,0.1324989,0.9899707,0.04901272,0.9911687,-0.1326023,-0.001150989,-512.6939,-38.57317,-625.1208,92.25308,-11.66713,-20.51483,98.68536,0.2629254,45.19386,-2.151381,-0.02222683,2.103116,-0.03156492
2160,0.016651,1,100,0,105.6755,0,41.5185,93.00907,0,0,0.04007903,0.04459311,-0.9982011,0.1326545,0.9899232,0.04954956,0.9903519,-0.1344017,0.03375968,-511.1537,-38.76852,-625.4445,92.96545,-11.85769,-17.28332,95.29896,0.7634488,45.013,-2.207413,0.01329862,2.094178,-0.03407584
2161,0.016625,1,100,0,90.29733,0,33.206,93.07872,0,0,0.07441732,0.04050411,-0.9964043,0.1322343,0.9899507,0.0501178,0.9884211,-0.1354884,0.06831346,-509.6048,-38.96629,-625.7134,93.54225,-11.96906,-13.95754,95.33217,1.169924,44.28784,-2.262981,0.04312264,2.059893,-0.03844164
2162,0.016691,1,100,0,98.64283,0,24.8605,93.12731,0,0,0.1082888,0.03647369,-0.9934502,0.1314366,0.9900285,0.05067502,0.9853923,-0.1360632,0.1024151,-508.0411,-39.16701,-625.9273,93.93828,-12.13658,-10.5258,95.3021,1.190835,43.72315,-2.190389,0.04800261,2.03365,-0.03471196
2163,0.01678,1,100,0,83.12133,0,16.4705,93.1394,0,0,0.1416423,0.03243109,-0.9893867,0.130549,0.9901221,0.05114483,0.9812723,-0.1364078,0.1360094,-506.4636,-39.37141,-626.0845,94.13927,-12.2668,-7.034376,95.19538,1.189888,42.63266,-2.117268,0.05171141,1.982885,-0.03240374
2164,0.016615,1,100,0,67.75246,0,8.162997,93.0928,0,0,0.1735689,0.0285212,-0.9844087,0.1296071,0.9902251,0.05154178,0.9762563,-0.1365324,0.1681757,-504.8989,-39.57581,-626.1821,94.22321,-12.37041,-3.553683,95.09821,1.168911,41.08459,-2.044845,0.05411178,1.910787,-0.0314187
2165,0.016675,1,100,0,59.41496,0,0,93.07732,0,0,0.2042014,0.02475658,-0.9786159,0.1286205,0.9903355,0.05189144,0.9704427,-0.1364663,0.1990437,-503.3277,-39.78255,-626.222,94.19807,-12.45145,-0.06171849,95.01746,1.130338,39.29869,-1.972203,0.05517135,1.827606,-0.03113404
2166,0.016691,1,100,0,51.06945,0,0,93.10075,0,0,0.2333047,0.02118232,-0.972173,0.1276132,0.9904492,0.05220549,0.9639939,-0.1362419,0.2283734,-501.756,-39.99072,-626.2041,94.08633,-12.51068,3.343604,94.97333,1.077132,37.4254,-1.899431,0.05496024,1.74036,-0.03115328
2167,0.01667,1,100,0,42.73446,0,0,93.16671,0,0,0.2607568,0.01785711,-0.9652393,0.1264247,0.990587,0.05247934,0.9570907,-0.1357144,0.2560447,-500.1881,-40.1987,-626.1301,93.9594,-12.40381,6.646602,95.00737,1.522472,35.47651,-1.91881,0.08633021,1.649194,-0.03738414
2168,0.016714,1,100,0,34.37746,0,0,93.31287,0,0,0.2866206,0.01486395,-0.9579288,0.1247372,0.9907894,0.05269628,0.949889,-0.1345932,0.2821266,-498.6186,-40.40508,-626.0011,93.77197,-12.23311,9.85724,95.07889,1.852504,33.45034,-1.937965,0.1099033,1.554461,-0.04411089
2169,0.016666,1,100,0,26.04446,0,0,93.50044,0,0,0.3107189,0.012243,-0.9504231,0.122682,0.9910367,0.05287421,0.9425514,-0.1330288,0.3064318,-497.057,-40.60775,-625.8196,93.53423,-12.01438,12.94975,95.18768,2.073118,31.36541,-1.955613,0.1260543,1.457031,-0.0510543
2170,0.016882,1,100,0,17.60346,0,0,93.72729,0,0,0.3333809,0.009915695,-0.94274,0.1204354,0.9913045,0.05301604,0.9350681,-0.1312138,0.3292878,-495.4798,-40.80987,-625.584,93.20531,-11.88687,15.98053,95.30952,1.957945,29.19014,-1.817572,0.120355,1.355843,-0.04830181
2171,0.016437,1,100,0,9.384956,0,0,93.97523,0,0,0.3537193,0.007862367,-0.9353186,0.1183547,0.991551,0.05309451,0.9278336,-0.1294799,0.3498002,-493.9496,-41.00458,-625.3058,92.85447,-11.76276,18.80395,95.46677,1.829517,27.02443,-1.683631,0.1134929,1.255126,-0.04561024
2172,0.016684,1,100,0,1.042956,0,0,94.25416,0,0,0.3726239,0.005989552,-0.9279631,0.1163693,0.991784,0.05312961,0.9206572,-0.1277838,0.3688654,-492.4024,-41.20016,-624.9769,92.47725,-11.64078,21.54037,95.66367,1.688954,24.77359,-1.548202,0.1056238,1.150472,-0.04286561
2173,0.016879,1,100,0,-7.396544,0,0,94.57285,0,0,0.3899588,0.00430882,-0.9208223,0.1145039,0.9920009,0.05313314,0.9136855,-0.1261575,0.3863461,-490.8437,-41.396,-624.5986,92.08524,-11.52512,24.17225,95.90005,1.541283,22.44782,-1.411716,0.09707759,1.042357,-0.04005681
2174,0.01646,1,100,0,-15.62654,14.814,0,94.92979,0,0,0.4050664,0.002894238,-0.9142828,0.1127933,0.9921981,0.05311314,0.9073034,-0.1246393,0.4015797,-489.3296,-41.58494,-624.1875,91.78026,-11.38401,26.58029,96.22746,1.502632,19.91302,-1.30723,0.09529586,0.9244549,-0.03957644
2175,0.016748,1,100,0,-24.00054,29.8872,0,95.36553,0,0,0.4184752,0.001729097,-0.9082267,0.111091,0.992392,0.05307572,0.9014087,-0.1231067,0.4150994,-487.7937,-41.77486,-623.7295,91.53735,-11.25097,28.88536,96.64385,1.441348,17.06971,-1.201051,0.09186802,0.7922151,-0.0395277
2176,0.016995,1,100,0,-32.49804,45.1827,0,95.88792,0,0,0.4299083,0.0008546859,-0.9028723,0.1094234,0.9925791,0.05304223,0.8962175,-0.1215986,0.4266244,-486.239,-41.96539,-623.2261,91.36632,-11.13097,31.08232,97.14841,1.361886,13.93282,-1.093301,0.08708798,0.6463366,-0.03984939
2177,0.01651,1,100,0,-40.75304,60.0417,0,96.49808,0,0,0.4387769,0.0003305413,-0.898596,0.1077162,0.99277,0.05296207,0.8921167,-0.1200318,0.4355689,-484.7307,-42.14767,-622.7018,91.33244,-10.8581,33.10273,97.75124,1.770531,10.67545,-1.006267,0.1134327,0.4948273,-0.04159304
2178,0.016624,1,100,0,-49.06504,75.0033,0,97.20103,0,0,0.4453773,0.0001578778,-0.8953431,0.1056301,0.9930071,0.05271948,0.8890904,-0.1180552,0.4422461,-483.212,-42.32655,-622.141,91.38779,-10.56506,35.00724,98.43198,2.06769,7.187207,-0.9180828,0.132524,0.3326026,-0.04362023
2179,0.016672,1,100,0,-57.40104,90.0081,0,97.98108,0,0,0.4495316,0.0003566109,-0.8932644,0.1032744,0.9932734,0.05236894,0.8872744,-0.1157928,0.4464709,-481.6876,-42.50102,-621.5475,91.53902,-10.26427,36.78432,99.18586,2.261504,3.493475,-0.8285241,0.1449457,0.160858,-0.04575656
2180,0.01671,1,100,0,-65.75604,100,0,98.8319,0,0,0.4511211,0.0009323433,-0.8924622,0.1007435,0.9935545,0.05196172,0.8867583,-0.1133508,0.4481195,-480.1567,-42.67087,-620.9237,91.7752,-9.964328,38.42608,99.9927,2.364502,-0.3098887,-0.737088,0.1515744,-0.01593476,-0.04769761
2181,0.016743,1,100,0,-74.12754,100,0,99.73136,0,0,0.4501024,0.001853071,-0.8929752,0.09820082,0.9938302,0.05156029,0.8875612,-0.1108983,0.4471434,-478.6186,-42.83656,-620.272,92.04332,-9.759322,39.9107,100.7972,2.163285,-4.049931,-0.5918051,0.1388025,-0.1896163,-0.04574665
2182,0.016602,1,100,0,-82.42854,100,0,100.6222,0,0,0.446546,0.003045846,-0.8947556,0.09572901,0.994092,0.0511595,0.8896252,-0.1084991,0.4436162,-477.0884,-42.99669,-619.6021,92.42743,-9.415253,41.22863,101.6429,2.440238,-7.691272,-0.4603916,0.1568371,-0.3587068,-0.0441728
2183,0.016682,1,100,0,-90.76955,100,0,101.537,0,0,0.440452,0.004504409,-0.897765,0.09302492,0.9943761,0.05062805,0.8929441,-0.1058138,0.4375559,-475.5439,-43.15181,-618.908,92.89397,-9.064805,42.36461,102.4999,2.598885,-11.29187,-0.326518,0.1674919,-0.5258464,-0.04199913
2184,0.016872,1,100,0,-99.20554,100,0,102.4452,0,0,0.4317339,0.006212659,-0.9019796,0.09017419,0.9946695,0.0500131,0.8974823,-0.1029276,0.4288723,-473.9735,-43.30279,-618.1879,93.45238,-8.715855,43.30711,103.3674,2.654979,-14.88025,-0.1892342,0.1718241,-0.6923552,-0.03919053
2185,0.016499,1,100,0,-107.455,100,0,103.3422,0,0,0.4207125,0.008080486,-0.9071581,0.08736286,0.9949521,0.04937876,0.9029779,-0.1000262,0.4178828,-472.4282,-43.4448,-617.4694,94.0863,-8.38868,44.01089,104.2092,2.62418,-18.33263,-0.05334624,0.1708371,-0.8524911,-0.03585898
2186,0.016658,1,100,0,-92.04639,100,0,104.1883,0,0,0.4072464,0.01014251,-0.913262,0.08460283,0.9952201,0.04877924,0.9093914,-0.09712972,0.4044417,-470.8569,-43.58319,-616.7337,94.80565,-8.144099,44.46954,105.0332,2.409385,-21.1092,-0.006025929,0.158237,-0.9813066,-0.0366763
2187,0.016769,1,100,0,-100.4309,100,0,104.9918,0,0,0.3916087,0.01239524,-0.9200484,0.08180103,0.9954811,0.04822922,0.9164886,-0.0941479,0.3888251,-469.2623,-43.71741,-615.9866,95.66985,-7.722214,44.71695,105.8865,2.804323,-23.91708,0.03962674,0.1850124,-1.111663,-0.03732042
2188,0.016593,1,100,0,-85.08237,100,0,105.7944,0,0,0.3741798,0.01475612,-0.9272388,0.0786258,0.9957684,0.04757553,0.9240171,-0.09070669,0.3714363,-467.6696,-43.84297,-615.2445,96.61372,-7.256489,44.72281,106.7099,3.145129,-26.04366,0.07708013,0.2084145,-1.210341,-0.03688009
2189,0.016696,1,100,0,-93.43037,100,0,106.5426,0,0,0.3549436,0.01714871,-0.9347305,0.07526099,0.9960626,0.04685264,0.9318536,-0.08697879,0.3522554,-466.0511,-43.96229,-614.499,97.58876,-6.924943,44.49706,107.478,2.927105,-28.24837,0.2560861,0.1962176,-1.312244,-0.02711693
2190,0.016683,1,100,0,-101.7719,100,0,107.2151,0,0,0.3339403,0.01944618,-0.9423937,0.07214376,0.9963272,0.04612347,0.9398294,-0.0833903,0.3313109,-464.4173,-44.07613,-613.7593,98.61903,-6.620194,44.02394,108.2019,2.663456,-30.50814,0.4353381,0.1812532,-1.416672,-0.01720288
2191,0.016668,1,100,0,-86.35397,100,0,107.8227,0,0,0.311271,0.02162216,-0.9500753,0.06931272,0.9965621,0.04538889,0.9477904,-0.07998055,0.3087021,-462.7676,-44.18496,-613.0295,99.69234,-6.345967,43.30437,108.8765,2.370152,-32.15178,0.6136059,0.1642672,-1.492477,-0.006292831
2192,0.016683,1,100,0,-94.69547,100,0,108.3631,0,0,0.2871503,0.02364187,-0.9575938,0.06678864,0.9967683,0.04463673,0.9555544,-0.07677384,0.2846433,-461.0982,-44.2895,-612.3123,100.7978,-6.104212,42.33944,109.4992,2.062147,-33.89859,0.7898174,0.1464171,-1.573065,0.00442354
2193,0.016692,1,100,0,-103.0415,100,0,108.838,0,0,0.2614981,0.02551099,-0.9648669,0.06457859,0.9969484,0.0438613,0.9630414,-0.07377938,0.2590526,-459.4094,-44.39024,-611.6122,101.9208,-5.896532,41.13485,110.0667,1.749497,-35.73873,0.9624971,0.1283428,-1.657981,0.01485775
2194,0.016684,1,100,0,-87.60876,100,0,109.245,0,0,0.2344282,0.02723519,-0.9717519,0.06249418,0.9971178,0.04302239,0.9701228,-0.07081451,0.2320505,-457.7024,-44.48646,-610.9338,103.0986,-5.507119,39.70311,110.6164,1.975543,-36.99493,1.079101,0.1445371,-1.71612,0.02263224
2195,0.016895,1,100,0,-96.05627,100,0,109.6215,0,0,0.2058197,0.02882849,-0.9781652,0.0601621,0.9973024,0.04205145,0.9767388,-0.06750349,0.2035301,-455.9538,-44.57729,-610.2724,104.2806,-5.112374,38.02362,111.1143,2.086524,-38.40364,1.196256,0.1534217,-1.781266,0.03062372
2196,0.016473,1,100,0,-104.2928,100,0,109.939,0,0,0.1766699,0.03019728,-0.9838068,0.05789986,0.9974796,0.04101448,0.9825658,-0.0642083,0.1744762,-454.2299,-44.66006,-609.6561,105.3764,-4.848102,36.17759,111.5191,1.755288,-39.89139,1.392855,0.1339317,-1.849754,0.04375181
2197,0.016696,1,100,0,-88.84897,100,0,110.1626,0,0,0.1459588,0.03133243,-0.9887944,0.05593345,0.9976383,0.03986916,0.9877084,-0.06112593,0.1438615,-452.4645,-44.73973,-609.0635,106.4455,-4.617396,34.09381,111.8675,1.421,-40.84269,1.583763,0.1138498,-1.893369,0.05711788
2198,0.016893,1,100,0,-97.29547,100,0,110.3241,0,0,0.1139524,0.0322145,-0.9929639,0.05426802,0.9977802,0.03859855,0.9920031,-0.05828458,0.1119513,-450.6605,-44.81665,-608.5006,107.4711,-4.423009,31.77604,112.1576,1.095418,-41.9645,1.766858,0.09427386,-1.944913,0.06973451
2199,0.016372,1,100,0,-105.4815,100,0,110.4268,0,0,0.08194306,0.03283829,-0.9960959,0.05294275,0.9979025,0.03725314,0.9952298,-0.05578869,0.08003264,-448.8958,-44.88825,-607.9937,108.3988,-4.273187,29.33798,112.3801,0.7973566,-43.18422,1.932973,0.07635611,-2.001041,0.08101809
2200,0.016689,1,100,0,-90.04415,100,0,110.4681,0,0,0.04841354,0.03325537,-0.9982737,0.05179109,0.9980177,0.03575857,0.997484,-0.05343288,0.04659524,-447.0817,-44.9584,-607.5187,109.2835,-4.063314,26.674,112.5651,0.6882811,-43.89126,2.083519,0.07010987,-2.033528,0.09179645
2201,0.0167,1,100,0,-98.39415,100,0,110.4686,0,0,0.0142114,0.03345132,-0.9993393,0.05070293,0.9981304,0.03413189,0.9986128,-0.05115449,0.01248876,-445.2521,-45.02524,-607.089,110.0763,-3.880044,23.83504,112.6941,0.5633996,-44.77202,2.222005,0.06278801,-2.074073,0.1016427
2202,0.016662,1,100,0,-106.7252,100,0,110.4197,0,0,-0.02065318,0.03343425,-0.9992276,0.04961202,0.9982439,0.03237589,0.9985554,-0.04890503,-0.02227565,-443.414,-45.08846,-606.7083,110.7859,-3.620336,20.85419,112.7897,0.6354945,-45.80781,2.386211,0.06801523,-2.121898,0.1130564
2203,0.016644,1,100,0,-91.32945,100,0,110.3384,0,0,-0.05612424,0.03317998,-0.9978724,0.04838835,0.9983637,0.03047477,0.9972507,-0.04657503,-0.05763793,-441.5666,-45.14734,-606.3785,111.3807,-3.373039,17.72829,112.8332,0.6515022,-46.32295,2.536785,0.06914143,-2.145562,0.124177
2204,0.016689,1,100,0,-99.67395,100,0,110.2098,0,0,-0.0920696,0.03268175,-0.9952161,0.04707572,0.9984866,0.02843407,0.9946393,-0.0442326,-0.09346878,-439.705,-45.20235,-606.1008,111.8525,-3.142242,14.45706,112.8266,0.6263992,-47.02702,2.673249,0.06753405,-2.177972,0.1342976
2205,0.016685,1,100,0,-108.0164,100,0,110.0406,0,0,-0.1284727,0.03196425,-0.9911977,0.04574565,0.9986075,0.02627394,0.9906573,-0.0419675,-0.129756,-437.8368,-45.25388,-605.8784,112.1796,-2.980799,11.06329,112.7633,0.4674097,-47.90229,2.790011,0.05724397,-2.218257,0.1430186
2206,0.016684,1,100,0,-92.58375,100,0,109.8212,0,0,-0.1652397,0.03104948,-0.9857647,0.04448618,0.9987219,0.02400057,0.98525,-0.03988706,-0.1664098,-435.964,-45.30289,-605.7132,112.3643,-2.851053,7.559329,112.6544,0.3118935,-48.26738,2.889318,0.04670062,-2.23492,0.1508944
2207,0.016686,1,100,0,-100.9268,91.657,0,109.5627,0,0,-0.2020719,0.02993556,-0.9789131,0.0432468,0.9988305,0.02161744,0.9784154,-0.03796658,-0.2031302,-434.0889,-45.34952,-605.6075,112.3688,-2.680474,3.882762,112.4678,0.2797765,-48.67822,3.008147,0.04390572,-2.253767,0.159882
2208,0.016639,1,100,0,-85.53568,83.33749,0,109.2565,0,0,-0.2386725,0.02861603,-0.9706786,0.04194365,0.998937,0.01913591,0.9701943,-0.03614658,-0.239619,-432.2201,-45.39327,-605.564,112.171,-2.528834,0.06691979,112.1995,0.2311743,-48.46736,3.108143,0.03954061,-2.243813,0.1680027
2209,0.016924,1,100,0,-93.99767,74.8755,0,108.903,0,0,-0.2754211,0.02707149,-0.9609427,0.04056434,0.9990407,0.01651841,0.9604681,-0.03443049,-0.276255,-430.3239,-45.43532,-605.5854,111.7572,-2.396208,-3.937049,111.8521,0.1744148,-48.35054,3.190536,0.0345136,-2.238233,0.174835
2210,0.016448,1,100,0,-102.2217,66.6515,0,108.5093,0,0,-0.3106923,0.02540531,-0.9501709,0.03917867,0.9991354,0.01390365,0.9497026,-0.03290667,-0.311419,-428.4888,-45.47415,-605.6721,111.1513,-2.29077,-7.912256,111.4561,0.1175241,-48.32274,3.25098,0.02941977,-2.236802,0.1800373
2211,0.016686,1,100,0,-86.78712,58.30849,0,108.1001,0,0,-0.3458799,0.02357357,-0.9379827,0.03772755,0.9992254,0.01120075,0.9375202,-0.03151368,-0.3465014,-426.6385,-45.51188,-605.8268,110.3315,-2.203545,-12.00216,111.0042,0.0694257,-47.71001,3.293656,0.02450258,-2.208296,0.1843149
2212,0.016854,1,100,0,-95.21413,49.88149,0,107.6662,0,0,-0.3805223,0.02159666,-0.9245196,0.03621367,0.9993085,0.008438568,0.9240626,-0.03026919,-0.3810413,-424.7846,-45.54865,-606.0525,109.298,-2.139961,-16.16231,110.5072,0.02637089,-47.22538,3.316563,0.01987546,-2.185748,0.1871018
2213,0.016653,1,100,0,-103.5406,41.55499,0,107.2215,0,0,-0.4139234,0.01955313,-0.9101018,0.03467183,0.9993827,0.005702194,0.9096516,-0.02919462,-0.4143459,-422.971,-45.58406,-606.3445,108.0841,-2.101343,-20.26992,109.9885,-0.008589223,-46.86893,3.319048,0.01578999,-2.16916,0.1883508
2214,0.016625,1,100,0,-88.1625,33.24249,0,106.779,0,0,-0.446348,0.01745008,-0.8946894,0.03313309,0.9994467,0.002963644,0.8942462,-0.02832101,-0.4466792,-421.1817,-45.6193,-606.704,106.6756,-2.156427,-24.33763,109.4379,-0.1763278,-45.96458,3.304483,0.00299961,-2.127176,0.1886021
2215,0.01668,1,100,0,-96.5025,24.90249,0,106.3265,0,0,-0.4777205,0.01530183,-0.8783787,0.03167322,0.9994985,0.0001858082,0.8779411,-0.02773232,-0.4779655,-419.411,-45.65574,-607.1324,105.0903,-2.243233,-28.36947,108.8753,-0.3082602,-45.21784,3.268632,-0.007421369,-2.092529,0.1871546
2216,0.016687,1,100,0,-81.06702,16.55899,0,105.8849,0,0,-0.5078932,0.01314863,-0.8613197,0.03027309,0.9995382,-0.002592464,0.8608878,-0.0273915,-0.5080567,-417.6672,-45.69378,-607.6277,103.2959,-2.353983,-32.30212,108.2544,-0.4044183,-43.95323,3.212981,-0.01561752,-2.033934,0.1844793
2217,0.016599,1,100,0,-65.71295,8.259493,0,105.402,0,0,-0.5363788,0.01102074,-0.8439054,0.02892204,0.9995674,-0.005329027,0.8434817,-0.02726584,-0.5364655,-415.9629,-45.73358,-608.1851,101.3997,-2.487786,-36.13477,107.6745,-0.4712612,-42.22789,3.137899,-0.0219089,-1.954031,0.1806036
2218,0.016692,1,100,0,-50.27285,0,0,104.9816,0,0,-0.5632226,0.008911882,-0.8262572,0.02759407,0.9995871,-0.008028256,0.8258445,-0.02732149,-0.563236,-414.2813,-45.77595,-608.8093,99.40046,-2.641543,-39.88969,107.1383,-0.5126931,-40.0612,3.043644,-0.02649701,-1.853713,0.1755751
2219,0.01669,1,100,0,-41.92785,0,0,104.6288,0,0,-0.5881152,0.006852129,-0.8087483,0.02629107,0.9995977,-0.01064955,0.80835,-0.02752602,-0.5880587,-412.6335,-45.82096,-609.4949,97.37896,-2.810505,-43.46059,106.6742,-0.5313067,-37.84443,2.931702,-0.02943264,-1.751099,0.1693416
2220,0.016778,1,100,0,-33.53885,0,0,104.351,0,0,-0.6112127,0.004832051,-0.7914517,0.02497697,0.9996011,-0.01318604,0.7910723,-0.02782754,-0.6110896,-411.0108,-45.86884,-610.2432,95.35554,-2.941755,-46.86152,106.2889,-0.4782242,-35.56826,2.859239,-0.02758938,-1.645728,0.1656223
2221,0.016609,1,100,0,-25.23435,0,0,104.1516,0,0,-0.6322153,0.002859095,-0.7747875,0.02362239,0.9995994,-0.01558683,0.7744325,-0.02815657,-0.6320295,-409.438,-45.9184,-611.0392,93.36466,-3.070772,-50.04821,105.9774,-0.4172714,-33.27526,2.771276,-0.02505082,-1.539586,0.160926
2222,0.016684,1,100,0,-16.89235,0,0,104.023,0,0,-0.6514998,0.0009313254,-0.7586483,0.02225146,0.9995925,-0.01788164,0.7583225,-0.02853092,-0.6512551,-407.8912,-45.97056,-611.891,91.37927,-3.238658,-53.07093,105.7222,-0.4406395,-30.93248,2.633976,-0.02773225,-1.431164,0.1530948
2223,0.016921,1,100,0,-8.431849,0,0,103.9501,0,0,-0.6692575,-0.000928157,-0.7430301,0.02092533,0.9995792,-0.02009636,0.7427361,-0.0289978,-0.6689565,-406.356,-46.02633,-612.8054,89.4085,-3.411568,-55.95875,105.5315,-0.446046,-28.51715,2.480722,-0.02906504,-1.319394,0.1442627
2224,0.016447,1,100,0,-0.2083483,0,0,103.9398,0,0,-0.6848245,-0.002629831,-0.7287034,0.01970107,0.9995612,-0.0221221,0.7284418,-0.02950599,-0.6844721,-404.8956,-46.08335,-613.7402,87.55134,-3.577485,-58.59504,105.4107,-0.4362249,-26.14386,2.319469,-0.02919002,-1.209575,0.1349168
2225,0.016679,1,100,0,8.131152,0,0,103.9883,0,0,-0.6989732,-0.004239308,-0.7151353,0.01852706,0.9995395,-0.02403359,0.7149079,-0.03004819,-0.6985728,-403.4453,-46.14391,-614.7314,85.73595,-3.739617,-61.1044,105.3489,-0.4140219,-23.70424,2.145345,-0.02833311,-1.096691,0.12481
2226,0.016673,1,100,0,16.46765,0,0,104.0916,0,0,-0.7115188,-0.005723596,-0.7026439,0.01742634,0.9995157,-0.0257883,0.7024512,-0.03059337,-0.7110744,-402.0254,-46.2071,-615.7633,84.00256,-3.891582,-63.45118,105.3453,-0.3820162,-21.2383,1.962037,-0.02665757,-0.9825916,0.114175
2227,0.016679,1,100,0,24.80715,0,0,104.2453,0,0,-0.722523,-0.00707835,-0.6913108,0.01640355,0.9994906,-0.02737797,0.6911524,-0.03112117,-0.7220389,-400.6334,-46.27277,-616.8338,82.36069,-4.030058,-65.64172,105.3962,-0.3427493,-18.74633,1.770967,-0.0243393,-0.8672881,0.1031105
2228,0.016685,1,100,0,33.14965,0,0,104.4451,0,0,-0.732034,-0.008299931,-0.6812176,0.01546472,0.9994657,-0.02879579,0.6810927,-0.03161434,-0.7315145,-399.2677,-46.34069,-617.9403,80.82031,-4.152118,-67.68025,105.4978,-0.2987394,-16.23038,1.573706,-0.02155435,-0.7508742,0.09171972
2229,0.016673,1,100,0,41.48615,0,0,104.6865,0,0,-0.7400872,-0.009393052,-0.6724454,0.01462252,0.9994414,-0.03005411,0.6723521,-0.03207551,-0.7395364,-397.9281,-46.41053,-619.0792,79.39272,-4.263432,-69.56261,105.6425,-0.299604,-13.69534,1.393992,-0.02150174,-0.6335705,0.08151655
2230,0.016689,1,100,0,49.83065,0,15.0201,104.9607,0,0,-0.7466909,-0.01038266,-0.6650903,0.01389411,0.9994166,-0.03120058,0.6650262,-0.03253803,-0.746111,-396.6101,-46.48228,-620.2499,78.14339,-4.371007,-71.31419,105.883,-0.3278755,-10.87517,1.226139,-0.02303381,-0.5030567,0.07228013
2231,0.016692,1,100,0,58.17665,0,30.0429,105.3179,0,0,-0.7517413,-0.01128734,-0.6593615,0.01328568,0.9993914,-0.03225524,0.6593243,-0.03300766,-0.7511339,-395.3117,-46.55577,-621.4494,77.06824,-4.466591,-72.95237,106.2145,-0.3470691,-7.793602,1.054896,-0.02381969,-0.360434,0.0630255
2232,0.016673,1,100,0,66.51315,0,45.0486,105.7574,0,0,-0.7551436,-0.01211481,-0.6554474,0.01279398,0.9993665,-0.03321155,0.6554345,-0.03346527,-0.7545103,-394.0317,-46.6307,-622.6743,76.16785,-4.548931,-74.48412,106.6308,-0.35981,-4.474934,0.8817037,-0.0240349,-0.2068263,0.05383959
2233,0.016682,1,100,0,74.85416,0,60.0624,106.2743,0,0,-0.7568153,-0.01287639,-0.6535019,0.01241473,0.9993423,-0.03406811,0.6535107,-0.03389631,-0.7561577,-392.7651,-46.70696,-623.9247,75.44256,-4.617522,-75.91744,107.1278,-0.3687404,-0.9303562,0.7074676,-0.02385479,-0.0427516,0.04477773
2234,0.01699,1,100,0,83.34916,0,75.3534,106.8646,0,0,-0.7566423,-0.01359507,-0.6536878,0.01214102,0.9993193,-0.03483653,0.6537165,-0.03429523,-0.7559622,-391.4865,-46.78572,-625.2222,74.88739,-4.673118,-77.27892,107.7125,-0.3763907,2.901589,0.5301521,-0.02342884,0.1346356,0.03574683
2235,0.016377,1,100,0,91.53766,0,90.0927,107.5353,0,0,-0.7545643,-0.01423336,-0.6560718,0.01203905,0.9992963,-0.03552597,0.6561158,-0.03470511,-0.753862,-390.2621,-46.86309,-626.4944,74.51576,-4.825784,-78.47722,108.3262,-0.5940326,6.771375,0.3304017,-0.03636482,0.3137129,0.02535924
2236,0.016691,1,100,0,99.88316,0,100,108.2194,0,0,-0.7504357,-0.01484252,-0.6607769,0.01215091,0.9992692,-0.03624545,0.6608319,-0.03522893,-0.7497069,-389.0193,-46.94413,-627.8104,74.33334,-4.916304,-79.59034,109.0148,-0.6349296,10.81239,0.1945946,-0.03784441,0.5008096,0.01925314
2237,0.016904,1,100,0,108.3352,0,100,108.9645,0,0,-0.7441215,-0.01547226,-0.6678653,0.01236148,0.9992419,-0.03692208,0.6679302,-0.03573032,-0.7433661,-387.7629,-47.02768,-629.1614,74.31854,-4.994188,-80.56181,109.7196,-0.6705021,14.81244,0.05946237,-0.03890084,0.6860142,0.01323364
2238,0.016455,1,100,0,93.11429,0,100,109.705,0,0,-0.7359952,-0.01609249,-0.6767955,0.01265782,0.9992157,-0.03752383,0.6768685,-0.03618412,-0.7352143,-386.5391,-47.11019,-630.4913,74.48441,-5.055967,-81.33894,110.4061,-0.7007096,17.96488,-0.06900418,-0.03976961,0.8319643,0.007151073
2239,0.016686,1,100,0,101.4573,0,100,110.4007,0,0,-0.7259673,-0.01671555,-0.687526,0.01304819,0.9991899,-0.03807066,0.6876054,-0.03660903,-0.7251611,-385.2943,-47.19482,-631.8519,74.83732,-5.104766,-81.94807,111.0953,-0.7268826,21.14033,-0.1955856,-0.04030218,0.9789852,0.001244359
2240,0.016681,1,100,0,86.02737,0,100,111.071,0,0,-0.714195,-0.01732139,-0.6997324,0.01358831,0.9991623,-0.03860272,0.6998149,-0.03707805,-0.7133614,-384.0431,-47.2809,-633.2211,75.35578,-5.271039,-82.34835,111.7476,-0.9851925,23.62499,-0.3405439,-0.05586392,1.093926,-0.006225776
2241,0.016689,1,100,0,94.37186,0,100,111.6747,0,0,-0.7008367,-0.01788938,-0.7130975,0.01439693,0.9991271,-0.03921436,0.7131766,-0.03774928,-0.6999674,-382.7816,-47.36985,-634.5966,76.0574,-5.446885,-82.54948,112.378,-1.207171,26.14382,-0.4778964,-0.06904975,1.210469,-0.01305017
2242,0.016682,1,100,0,102.7129,0,100,112.2299,0,0,-0.6858135,-0.01843709,-0.7275438,0.01544204,0.9990854,-0.03987469,0.7276136,-0.03858136,-0.6849015,-381.5079,-47.46172,-635.9738,76.93234,-5.629223,-82.54687,112.979,-1.39565,28.69088,-0.6067812,-0.08003844,1.328341,-0.01917039
2243,0.016679,1,100,0,87.28479,0,100,112.7307,0,0,-0.6691565,-0.01897325,-0.7428794,0.01669888,0.9990378,-0.04055727,0.7429341,-0.03954441,-0.6681958,-380.219,-47.55667,-637.3494,77.96962,-5.820406,-82.33468,113.5436,-1.563304,30.59758,-0.7297375,-0.08986521,1.416561,-0.02521284
2244,0.016695,1,100,0,95.63229,0,100,113.1721,0,0,-0.6510055,-0.01949761,-0.7588227,0.01814986,0.9989846,-0.0412395,0.7588563,-0.04061967,-0.6499906,-378.9107,-47.65492,-638.7217,79.15973,-6.013627,-81.90861,114.0677,-1.699987,32.58501,-0.843218,-0.09764924,1.508545,-0.03045953
2245,0.016669,1,100,0,103.9668,0,100,113.5549,0,0,-0.6313006,-0.02003008,-0.7752796,0.01975858,0.9989266,-0.04189738,0.7752867,-0.04176826,-0.6302271,-377.5838,-47.75623,-640.0836,80.48409,-6.205583,-81.26846,114.5459,-1.807638,34.64014,-0.9465607,-0.1035061,1.603687,-0.0348852
2246,0.016685,1,100,0,88.53317,0,91.6575,113.875,0,0,-0.6100565,-0.02058028,-0.7920907,0.02150005,0.9988645,-0.04251174,0.7920662,-0.04296456,-0.6089212,-376.2018,-47.85485,-641.2761,87.72602,-4.446193,-32.22063,114.9386,-5.133886,51.1469,4.428143,-0.3104184,2.371485,0.3229074
2247,0.016754,1,100,0,96.91017,0,83.2805,89.29567,0,0,-0.5782968,-0.02772513,-0.8153552,0.02237534,0.9985074,-0.04982286,0.8155195,-0.04705625,-0.5768133,-374.7183,-47.92682,-641.7163,84.0817,-4.296765,-27.45402,93.37444,-5.573542,52.45798,4.93854,-0.3314661,2.432781,0.3603779
2248,0.016993,1,100,0,105.4067,0,74.784,84.60829,0,0,-0.5443224,-0.03582554,-0.8381107,0.02346983,0.9980462,-0.05790488,0.8385478,-0.05118924,-0.5424181,-373.2981,-48.00195,-642.205,82.59354,-4.678289,-31.3723,88.47486,-5.080489,52.10712,4.662156,-0.2925341,2.416996,0.3461764
2249,0.016427,1,100,0,90.21169,0,66.5705,86.51501,0,0,-0.5109323,-0.04352398,-0.8585185,0.0244498,0.9975777,-0.06512468,0.8592734,-0.05426491,-0.5086305,-371.9457,-48.08064,-642.7363,81.83472,-5.020134,-34.27949,88.86623,-4.643821,51.26752,4.368732,-0.2580736,2.378536,0.3294042
2250,0.016704,1,100,0,98.56369,0,58.2185,88.02641,0,0,-0.4766904,-0.05112664,-0.8775833,0.02539072,0.99709,-0.07188079,0.8787045,-0.05654735,-0.4740051,-370.5741,-48.16535,-643.2975,79.20895,-4.981162,-32.34424,89.52531,-4.77648,50.95988,4.370362,-0.2599376,2.364578,0.3312876
2251,0.016756,1,100,0,106.9417,0,49.8405,85.21426,0,0,-0.4417886,-0.05884126,-0.8951875,0.02660797,0.9965484,-0.07863522,0.8967246,-0.05855927,-0.4386981,-369.2379,-48.2489,-643.8154,76.70987,-4.948955,-31.15336,86.47191,-4.801253,50.38925,4.207056,-0.2551299,2.338376,0.3220572
2252,0.016567,1,100,0,91.61722,0,41.557,82.74436,0,0,-0.4071272,-0.06633567,-0.9109594,0.02806779,0.9959794,-0.08507089,0.91294,-0.06020329,-0.4036284,-367.9599,-48.33137,-644.3179,74.41426,-4.921305,-30.28611,83.78767,-4.768932,49.0493,3.931656,-0.2479108,2.276397,0.3044613
2253,0.016683,1,100,0,99.95872,0,33.2155,80.45638,0,0,-0.3725294,-0.07357264,-0.9250994,0.02978534,0.9953911,-0.09115718,0.9275424,-0.06151314,-0.3686211,-366.7149,-48.41465,-644.8275,75.05576,-5.13534,-31.05911,81.39046,-4.296962,48.16801,3.517994,-0.212507,2.23612,0.2781155
2254,0.016668,1,100,0,108.2927,0,24.8815,81.38232,0,0,-0.3380135,-0.08036709,-0.9377038,0.03122388,0.9948415,-0.0965194,0.9406236,-0.0619036,-0.3337604,-365.459,-48.50068,-645.3463,75.93285,-5.212298,-31.25616,82.27948,-3.512309,47.47817,3.149429,-0.1574329,2.205216,0.2540265
2255,0.016704,1,100,0,92.84151,0,16.5295,82.17897,0,0,-0.3035687,-0.08673008,-0.948854,0.03226151,0.9943419,-0.1012094,0.9522632,-0.06133547,-0.299053,-364.1851,-48.58804,-645.8666,76.92593,-5.264985,-30.91804,83.07373,-3.132219,46.29043,2.822849,-0.1295515,2.150631,0.2313121
2256,0.016671,1,100,0,77.42084,0,8.193999,82.82279,0,0,-0.2697701,-0.09259424,-0.9584625,0.03315656,0.9938825,-0.1053483,0.9623538,-0.06019915,-0.2650496,-362.8968,-48.67581,-646.3776,77.9745,-5.262163,-30.1254,83.7571,-2.809415,44.65182,2.480075,-0.1067425,2.07495,0.2066536
2257,0.016672,1,100,0,69.08484,0,0,83.34056,0,0,-0.2369017,-0.09791186,-0.9665874,0.03395497,0.9934666,-0.1089567,0.9709404,-0.05863247,-0.2320293,-361.5526,-48.75661,-646.723,78.93868,-4.520186,-16.95379,84.37334,-2.621283,36.51332,3.779877,-0.104734,1.698278,0.2802135
2258,0.016712,1,100,0,60.72884,0,0,80.84357,0,0,-0.2097628,-0.1040353,-0.9722019,0.0345626,0.9929129,-0.1137088,0.9771416,-0.05745371,-0.2046805,-360.2084,-48.82907,-646.9261,77.56989,-4.293247,-13.57998,81.68002,-2.625936,32.86687,3.840676,-0.1077827,1.52895,0.2796307
2259,0.016869,1,100,0,52.29434,0,0,78.82299,0,0,-0.1849982,-0.1099985,-0.9765635,0.0353546,0.992328,-0.1184717,0.982103,-0.05644305,-0.17969,-358.8902,-48.90114,-647.137,75.72301,-4.178397,-12.64372,79.71091,-2.677015,30.39365,3.536669,-0.1123473,1.41371,0.2571107
2260,0.016506,1,100,0,44.04134,0,0,76.8756,0,0,-0.1625187,-0.1153288,-0.9799424,0.03637925,0.9917703,-0.1227541,0.9860348,-0.05559941,-0.1569856,-357.636,-48.97053,-647.348,76.52181,-4.254585,-13.05657,77.74422,-2.374342,29.04924,3.063239,-0.09282643,1.351524,0.2249805
2261,0.016725,1,100,0,35.67884,0,0,77.73941,0,0,-0.1407004,-0.1200894,-0.9827421,0.03715463,0.9912767,-0.1264518,0.989355,-0.05430524,-0.1350112,-356.3512,-49.04143,-647.5668,77.41393,-4.207601,-13.13106,78.63235,-1.716408,27.55944,2.535997,-0.05146321,1.283217,0.1890418
2262,0.016765,1,100,0,27.29634,0,0,78.59119,0,0,-0.1199082,-0.1241558,-0.9849911,0.03744368,0.990878,-0.1294561,0.9920787,-0.05240453,-0.1141655,-355.0482,-49.11129,-647.7858,78.33589,-4.083756,-12.90961,79.49747,-1.163216,25.94975,1.998324,-0.01763303,1.209068,0.1521244
2263,0.016545,1,100,0,19.02385,0,0,79.40321,0,0,-0.1005596,-0.1274871,-0.9867294,0.03743171,0.9905696,-0.131798,0.9942267,-0.05018853,-0.09483925,-353.7471,-49.17823,-647.9967,79.23181,-3.970366,-12.42756,80.29874,-0.9889889,24.25989,1.56018,-0.008736982,1.130409,0.1215275
2264,0.01667,1,100,0,10.68885,0,0,80.15227,0,0,-0.08234128,-0.1302256,-0.9880594,0.03737836,0.9903251,-0.1336392,0.9959033,-0.04793607,-0.07667702,-352.4213,-49.24364,-648.2001,80.12845,-3.829568,-11.7616,81.07755,-0.8505824,22.46166,1.116594,-0.002811763,1.046584,0.09061046
2265,0.016882,1,100,0,2.247846,15.1938,0,80.8856,0,0,-0.06533873,-0.1323673,-0.9890449,0.03731124,0.9901457,-0.1349795,0.9971654,-0.04572188,-0.05975608,-351.0633,-49.30742,-648.3942,81.06258,-3.671844,-10.95896,81.88238,-0.7402601,20.34318,0.6687689,0.0001813337,0.9477298,0.05932237
2266,0.016488,1,100,0,-5.996155,30.033,0,81.65556,0,0,-0.05037558,-0.1338431,-0.9897213,0.03725811,0.9900379,-0.1357823,0.9980351,-0.04371526,-0.044887,-349.7216,-49.36708,-648.5701,81.99472,-3.511389,-10.09026,82.68784,-0.6520917,18.01716,0.2363833,0.0008937158,0.8391318,0.02909693
2267,0.016678,1,100,0,-14.33515,45.0432,0,82.44003,0,0,-0.0370905,-0.1347284,-0.9901882,0.03723358,0.9899957,-0.1360969,0.9986181,-0.04191615,-0.03170302,-348.3487,-49.42475,-648.7333,82.9563,-3.35022,-9.162923,83.52802,-0.5736412,15.41352,-0.1927778,3.985231e-05,0.7175481,-0.0009050695
2268,0.016661,1,100,0,-22.66565,60.0381,0,83.27258,0,0,-0.02587071,-0.1349911,-0.990509,0.03710458,0.9900283,-0.1358947,0.9989765,-0.04026812,-0.02060395,-346.9609,-49.47917,-648.8809,83.9697,-3.097772,-8.244913,84.43035,-0.09358047,12.58175,-0.6761116,0.02403802,0.586232,-0.03438057
2269,0.016682,1,100,0,-31.00665,75.0519,0,84.17838,0,0,-0.01686,-0.1345984,-0.9907569,0.03661395,0.99015,-0.1351391,0.9991874,-0.03855397,-0.01176575,-345.5544,-49.52933,-649.0134,85.00545,-2.824572,-7.335463,85.3681,0.3143858,9.52935,-1.143848,0.04277119,0.4444684,-0.06684485
2270,0.016686,1,100,0,-39.34966,90.06931,0,85.13158,0,0,-0.01024414,-0.1335697,-0.9909865,0.03583698,0.9903528,-0.1338547,0.9993052,-0.03688519,-0.005358584,-344.1301,-49.57488,-649.1309,86.06423,-2.541284,-6.45786,86.34358,0.6601588,6.272785,-1.592008,0.05702296,0.2930709,-0.097991
2271,0.016679,1,100,0,-47.68916,100,0,86.13278,0,0,-0.006171853,-0.1319724,-0.9912341,0.03492373,0.9906198,-0.1321081,0.9993708,-0.03543295,-0.00150499,-342.6888,-49.6161,-649.2338,87.11227,-2.331855,-5.596967,87.32304,0.716988,2.899623,-1.904552,0.05264702,0.1356846,-0.1202916
2272,0.016693,1,100,0,-56.03566,100,0,87.14851,0,0,-0.004702487,-0.1299172,-0.9915137,0.0340782,0.990928,-0.1300021,0.9994082,-0.03440034,-0.0002324791,-341.2289,-49.654,-649.3228,88.14487,-2.146604,-4.802365,88.3017,0.776659,-0.4436503,-2.19535,0.04871013,-0.02023426,-0.1410125
2273,0.016927,1,100,0,-64.49915,100,0,88.16767,0,0,-0.005844988,-0.1274018,-0.991834,0.0332868,0.9912765,-0.1275264,0.9994288,-0.03376037,-0.001553202,-339.7311,-49.68943,-649.4,89.17768,-1.987498,-4.088462,89.29347,0.8417869,-3.806036,-2.465938,0.0453474,-0.1769591,-0.1603553
2274,0.016429,1,100,0,-72.71365,100,0,89.2002,0,0,-0.009484205,-0.1245721,-0.9921654,0.03257879,0.9916449,-0.1248182,0.9994246,-0.03350735,-0.005346554,-338.2606,-49.72141,-649.464,90.16757,-1.864107,-3.507041,90.255,0.9100865,-7.033884,-2.702955,0.04281634,-0.3273244,-0.1774413
2275,0.016682,1,100,0,-81.05466,100,0,90.1969,0,0,-0.01568036,-0.121311,-0.9924908,0.03176627,0.9920514,-0.1217592,0.9993725,-0.03343696,-0.01170213,-336.7506,-49.75127,-649.5201,91.19622,-1.642967,-3.078228,91.26295,1.409979,-10.28994,-2.997536,0.06817983,-0.4780365,-0.1982692
2276,0.016949,1,100,0,-89.52916,100,0,91.22996,0,0,-0.02452908,-0.1175726,-0.9927613,0.03056486,0.9925076,-0.1182978,0.9992318,-0.03324535,-0.0207517,-335.1991,-49.77785,-649.5706,92.22896,-1.419372,-2.793557,92.28217,1.844276,-13.57697,-3.263846,0.08978533,-0.6302581,-0.217261
2277,0.016422,1,100,0,-97.74016,100,0,92.26326,0,0,-0.03556087,-0.113576,-0.9928928,0.02911554,0.9929817,-0.114629,0.9989435,-0.03298491,-0.03200447,-333.6792,-49.80002,-649.6159,93.21437,-1.210073,-2.680659,93.26076,2.195174,-16.73105,-3.488037,0.1068462,-0.7763784,-0.233427
2278,0.01667,1,100,0,-106.0752,100,0,93.2416,0,0,-0.04919402,-0.109185,-0.9928035,0.02743814,0.9934841,-0.1106195,0.9984125,-0.0326825,-0.04587765,-332.1198,-49.81908,-649.6609,94.19553,-1.010074,-2.739563,94.24078,2.486119,-19.91502,-3.680994,0.1206071,-0.9239244,-0.2475606
2279,0.01676,1,100,0,-90.57216,100,0,94.2047,0,0,-0.06518552,-0.1044788,-0.9923886,0.02560805,0.9940011,-0.1063306,0.9975446,-0.03234435,-0.06211898,-330.5357,-49.83499,-649.7082,95.15668,-0.8260803,-2.987599,95.20715,2.715819,-22.42409,-3.838906,0.1323277,-1.040105,-0.2590096
2280,0.016595,1,100,0,-98.86966,100,0,95.13534,0,0,-0.08293365,-0.09962291,-0.9915632,0.02379726,0.9945092,-0.1019093,0.9962713,-0.0320482,-0.08010752,-328.9516,-49.84827,-649.76,96.05859,-0.7481083,-3.397139,96.12156,2.622539,-24.94137,-3.854254,0.1238669,-1.157118,-0.2612967
2281,0.016683,1,100,0,-107.2112,100,0,95.99653,0,0,-0.1027095,-0.094652,-0.9901979,0.02220794,0.9949962,-0.09741421,0.9944636,-0.03199563,-0.1000936,-327.3442,-49.86053,-649.8201,96.92527,-0.7075058,-4.00846,97.0107,2.517154,-27.50503,-3.838712,0.1150373,-1.276225,-0.2617233
2282,0.016677,1,100,0,-91.78493,100,0,96.81251,0,0,-0.1242473,-0.08960143,-0.9881974,0.02069423,0.9954639,-0.0928622,0.9920354,-0.03198787,-0.1218295,-325.723,-49.87143,-649.8916,97.77673,-0.5456089,-4.857823,97.89885,2.868062,-29.4315,-3.866093,0.136895,-1.36495,-0.2645837
2283,0.016689,1,100,0,-100.1294,100,0,97.60726,0,0,-0.1472356,-0.08446845,-0.9854882,0.01896186,0.9959229,-0.08819579,0.98892,-0.03167224,-0.1450336,-324.0868,-49.87966,-649.9785,98.57095,-0.3865999,-5.911325,98.7488,3.115025,-31.44043,-3.858947,0.152375,-1.457633,-0.2650993
2284,0.016683,1,100,0,-84.69766,100,0,98.34837,0,0,-0.1715176,-0.07930941,-0.9819837,0.01711438,0.9963644,-0.08346012,0.9850327,-0.03112093,-0.1695367,-322.4382,-49.88528,-650.084,99.29684,-0.2347296,-7.162904,99.55514,3.265563,-32.85561,-3.818169,0.1629046,-1.522853,-0.2629646
2285,0.016687,1,100,0,-93.04116,100,0,99.03233,0,0,-0.1968096,-0.07417754,-0.9776317,0.01523624,0.9967821,-0.07869782,0.9803234,-0.03038392,-0.1950461,-320.7776,-49.88842,-650.2115,99.94489,-0.09368265,-8.60654,100.3148,3.326725,-34.39313,-3.745199,0.1677965,-1.593849,-0.2586876
2286,0.016669,1,100,0,-101.3757,100,0,99.65983,0,0,-0.2231352,-0.06911674,-0.9723343,0.01341608,0.9971711,-0.073961,0.9746956,-0.02954821,-0.2215767,-319.1084,-49.88928,-650.3639,100.5049,0.0331208,-10.23025,101.0242,3.309803,-36.03959,-3.641721,0.1677906,-1.669974,-0.2524062
2287,0.016789,1,100,0,-85.84583,100,0,100.2275,0,0,-0.2505927,-0.06412689,-0.9659663,0.01170626,0.99753,-0.06925914,0.9680218,-0.02866369,-0.2492231,-317.4184,-49.88812,-650.5457,100.971,0.1436658,-12.04046,101.6864,3.22556,-37.12623,-3.508468,0.1643587,-1.72018,-0.2438481
2288,0.016574,1,100,0,-94.13284,100,0,100.7387,0,0,-0.2783414,-0.05936092,-0.9586462,0.01011368,0.997852,-0.0647251,0.9604291,-0.02771111,-0.2771432,-315.7427,-49.88487,-650.7561,101.3417,0.302882,-13.99544,102.304,3.288708,-38.34393,-3.321336,0.1702652,-1.776279,-0.2318264
2289,0.016681,1,100,0,-102.4733,100,0,101.2019,0,0,-0.3069714,-0.05470949,-0.950145,0.00858264,0.9981467,-0.0602463,0.9516801,-0.02664864,-0.305933,-314.0509,-49.87965,-651.0015,101.5747,0.3354619,-16.13978,102.8495,3.139458,-39.70405,-3.298645,0.1625603,-1.839278,-0.2302861
2290,0.016839,1,100,0,-86.89726,100,0,101.5954,0,0,-0.3364658,-0.05005804,-0.9403644,0.007293945,0.9984179,-0.05575818,0.9416678,-0.02561969,-0.3355684,-312.3397,-49.87395,-651.2861,101.6871,0.3470337,-18.44377,103.3468,2.959698,-40.5242,-3.247537,0.1536039,-1.877248,-0.2266517
2291,0.016534,1,100,0,-95.16426,100,0,101.9357,0,0,-0.3657326,-0.0455716,-0.9296038,0.006288948,0.9986569,-0.05143102,0.930699,-0.02465623,-0.3649548,-310.6584,-49.86828,-651.6042,101.6699,0.3377038,-20.83339,103.783,2.75838,-41.49277,-3.170933,0.1431575,-1.9221,-0.2214672
2292,0.016671,1,100,0,-103.4998,100,0,102.219,0,0,-0.3956084,-0.04115175,-0.9174969,0.005546845,0.9988704,-0.04719324,0.9184026,-0.02375925,-0.3949333,-308.9642,-49.86283,-651.9655,101.5191,0.3088823,-23.35602,104.1716,2.536583,-42.62279,-3.069317,0.1313827,-1.974432,-0.2147647
2293,0.01669,1,100,0,-88.06152,100,0,102.4521,0,0,-0.4257748,-0.03685677,-0.9040782,0.005075166,0.9990571,-0.04311894,0.904815,-0.0229473,-0.4251862,-307.2714,-49.85796,-652.37,101.2275,0.2611121,-25.98489,104.5097,2.300241,-43.22693,-2.944762,0.1190989,-2.002392,-0.2064085
2294,0.016707,1,100,0,-96.41502,100,0,102.6346,0,0,-0.4559646,-0.03271612,-0.8893965,0.004863122,0.9992177,-0.03924901,0.8899848,-0.0222214,-0.4554488,-305.5825,-49.85398,-652.8193,100.7894,0.1951531,-28.70851,104.7985,2.052789,-44.01499,-2.799188,0.1059662,-2.038868,-0.1968277
2295,0.0167,1,100,0,-104.765,100,0,102.7719,0,0,-0.4861962,-0.0287462,-0.8733767,0.004839715,0.9993548,-0.03558683,0.8738363,-0.02152907,-0.4857434,-303.9024,-49.85074,-653.3144,100.2146,0.1936186,-31.52241,105.0555,1.999312,-44.97031,-2.647241,0.1051584,-2.082984,-0.186912
2296,0.016692,1,100,0,-89.32491,100,0,102.8788,0,0,-0.5163603,-0.02497106,-0.8560073,0.004900998,0.9994723,-0.03211253,0.8563575,-0.02077693,-0.5159655,-302.2335,-49.84766,-653.8566,99.48336,0.1690742,-34.39382,105.2611,1.818769,-45.41065,-2.456606,0.09641044,-2.1033,-0.1742528
2297,0.016672,1,100,0,-97.66091,100,0,102.9358,0,0,-0.5461878,-0.02143307,-0.8373886,0.005099677,0.9995691,-0.02891037,0.8376475,-0.0200609,-0.5458431,-300.5797,-49.84505,-654.4462,98.59603,0.1338593,-37.31609,105.4215,1.615578,-46.04495,-2.250689,0.08600222,-2.132604,-0.160701
2298,0.016946,1,100,0,-106.1339,100,0,102.9548,0,0,-0.5762587,-0.01808488,-0.8170673,0.005438226,0.9996483,-0.02596156,0.8172494,-0.01940397,-0.5759577,-298.9147,-49.84307,-655.0957,97.53209,0.08621828,-40.32693,105.5404,1.39188,-46.87437,-2.028107,0.07413874,-2.17095,-0.1461813
2299,0.016415,1,100,0,-90.95004,100,0,102.933,0,0,-0.6050592,-0.01509191,-0.7960374,0.005885007,0.9997083,-0.02342639,0.7961588,-0.01885904,-0.6047939,-297.3201,-49.84199,-655.7738,96.34344,0.02702634,-43.27228,105.6151,1.163671,-47.18783,-1.801677,0.06192192,-2.185405,-0.1313187
2300,0.016677,1,100,0,-99.28854,100,0,102.875,0,0,-0.6337577,-0.01231382,-0.7734337,0.006439015,0.9997546,-0.02119325,0.7735049,-0.01841153,-0.6335229,-295.7209,-49.84196,-656.5122,94.97581,-0.0464219,-46.28083,105.6519,0.9259661,-47.71024,-1.563441,0.04890218,-2.209534,-0.1158434
2301,0.016858,1,100,0,-107.7175,100,0,102.7851,0,0,-0.6622493,-0.009774214,-0.7492198,0.007036013,0.9997897,-0.01926237,0.7492506,-0.01802801,-0.6620412,-294.1282,-49.84288,-657.3096,93.44094,-0.0691046,-49.33561,105.6656,0.8462404,-48.42926,-1.315711,0.04582238,-2.242734,-0.09987012
2302,0.016493,1,100,0,-92.46151,100,0,102.6741,0,0,-0.6895316,-0.007560606,-0.7242162,0.007555932,0.9998161,-0.01763185,0.7242163,-0.01762984,-0.6893476,-292.5961,-49.84416,-658.1398,91.78072,-0.09329053,-52.31701,105.6446,0.736353,-48.64664,-1.067801,0.04065621,-2.252714,-0.08370578
2303,0.016682,1,100,0,-100.8025,91.659,0,102.5354,0,0,-0.7162945,-0.005607613,-0.6977756,0.008032933,0.9998352,-0.01628121,0.6977519,-0.01726733,-0.7161313,-291.0755,-49.84599,-659.0294,89.86029,-0.1402808,-55.349,105.5386,0.5382823,-48.93514,-0.8040487,0.02962075,-2.265997,-0.06657524
2304,0.016747,1,100,0,-85.31154,83.2855,0,102.3398,0,0,-0.7421861,-0.003943961,-0.6701823,0.008481013,0.9998475,-0.01527622,0.6701404,-0.01702162,-0.7420395,-289.5825,-49.84867,-659.9734,87.6996,-0.1999518,-58.38934,105.3593,0.3339536,-48.6167,-0.5393133,0.01799379,-2.251178,-0.04929666
2305,0.016604,1,100,0,-93.61354,74.9835,0,102.1016,0,0,-0.7666696,-0.002588063,-0.6420366,0.008874463,0.9998536,-0.01462762,0.6419804,-0.01691228,-0.7665344,-288.1392,-49.8524,-660.9595,85.34042,-0.2732105,-61.3762,105.1195,0.1328834,-48.41383,-0.2789881,0.006287163,-2.241711,-0.03245573
2306,0.01668,1,100,0,-101.9535,66.64349,0,101.8385,0,0,-0.790112,-0.001507214,-0.612961,0.009198901,0.9998555,-0.01431601,0.612894,-0.01694982,-0.789984,-286.7299,-49.85746,-661.9998,82.7686,-0.3620653,-64.32498,104.8259,-0.06372049,-48.31492,-0.02180616,-0.005381634,-2.23706,-0.01597441
2307,0.016668,1,100,0,-86.53564,58.30949,0,101.5502,0,0,-0.8123075,-0.0007021343,-0.5832289,0.009403751,0.9998534,-0.01430102,0.5831535,-0.01710137,-0.8121818,-285.3654,-49.86379,-663.088,80.02094,-0.415776,-67.20734,104.5005,-0.1354046,-47.64799,0.2392639,-0.009275631,-2.206103,0.0008311989
2308,0.016676,1,100,0,-94.87363,49.9715,0,101.2562,0,0,-0.8331321,-0.0001754845,-0.5530741,0.009420009,0.9998505,-0.01450723,0.552994,-0.0172964,-0.833006,-284.047,-49.87106,-664.2244,77.10387,-0.4762209,-70.00082,104.141,-0.2173464,-47.12625,0.493434,-0.01407997,-2.181871,0.01711702
2309,0.016684,1,100,0,-103.2156,41.6295,0,100.9573,0,0,-0.8526562,8.46996e-05,-0.5224726,0.00925409,0.9998456,-0.01494025,0.5223907,-0.0175739,-0.8525254,-282.7775,-49.87946,-665.4073,74.03683,-0.5582966,-72.68421,103.7533,-0.3469007,-46.73889,0.7422127,-0.02216714,-2.163862,0.03295041
2310,0.016676,1,100,0,-87.79034,33.2915,0,100.6511,0,0,-0.8708346,8.973479e-05,-0.4915764,0.008916144,0.9998386,-0.01561256,0.4914957,-0.01797893,-0.8706949,-281.5605,-49.88931,-666.6337,70.84277,-0.6551642,-75.24506,103.3487,-0.4704424,-45.8104,0.9797062,-0.03008376,-2.120802,0.04813224
2311,0.016737,1,100,0,-72.30861,24.923,0,100.3462,0,0,-0.8875648,-0.0001532226,-0.4606829,0.008395087,0.9998285,-0.01650676,0.4606064,-0.01851829,-0.8874113,-280.3933,-49.9009,-667.9064,67.48654,-0.7666527,-77.61018,102.8512,-0.5837967,-44.37961,1.205386,-0.03754438,-2.054487,0.06262849
2312,0.016854,1,100,0,-56.71866,16.496,0,99.97108,0,0,-0.9027741,-0.0006393269,-0.4301147,0.007678737,0.9998157,-0.01760315,0.4300466,-0.01919441,-0.9026029,-279.2751,-49.91454,-669.2274,64.03938,-0.895706,-79.87328,102.3796,-0.6834191,-42.47575,1.418512,-0.04429303,-1.966272,0.07640459
2313,0.016463,1,100,0,-41.49038,8.264496,0,99.65097,0,0,-0.9159986,-0.001345116,-0.4011794,0.00677193,0.9998001,-0.01881434,0.4011245,-0.01995067,-0.9158064,-278.2394,-49.92987,-670.5539,60.64449,-1.002534,-81.96699,101.9674,-0.68764,-40.21733,1.626043,-0.04504339,-1.861639,0.08993609
2314,0.016686,1,100,0,-33.14738,0,0,99.41189,0,0,-0.9277869,-0.002293898,-0.3731033,0.005614602,0.999782,-0.02010851,0.3730681,-0.02075124,-0.9275718,-277.2465,-49.94724,-671.9328,57.19664,-1.119372,-83.96155,101.5985,-0.6872689,-37.74753,1.820853,-0.04559872,-1.74722,0.102761
2315,0.016801,1,100,0,-24.74689,0,0,99.24184,0,0,-0.93812,-0.003475358,-0.3462931,0.004219963,0.9997609,-0.02146551,0.3462849,-0.02159857,-0.937881,-276.3044,-49.96679,-673.3539,53.8205,-1.253304,-85.80912,101.2987,-0.700675,-35.23355,2.000321,-0.04709747,-1.630758,0.1146603
2316,0.016551,1,100,0,-16.47139,0,0,99.14304,0,0,-0.9469253,-0.00484717,-0.3214174,0.002637519,0.9997357,-0.022847,0.3214432,-0.02248215,-0.9466623,-275.4313,-49.98832,-674.7834,50.60486,-1.395413,-87.4836,101.0751,-0.7025391,-32.73752,2.159331,-0.04786329,-1.51513,0.125296
2317,0.016678,1,100,0,-8.132386,0,0,99.11538,0,0,-0.9545538,-0.006421655,-0.2979697,0.0008472889,0.9997056,-0.02425934,0.2980377,-0.02340931,-0.9542674,-274.6046,-50.01242,-676.2512,47.48485,-1.547591,-89.03652,100.9193,-0.6931404,-30.19956,2.301171,-0.04788987,-1.397565,0.1349036
2318,0.016683,1,100,0,0.2091131,0,0,99.15315,0,0,-0.9610605,-0.008174513,-0.2762176,-0.001125094,0.99967,-0.02567009,0.2763363,-0.02435974,-0.9607525,-273.8289,-50.03912,-677.7446,44.49608,-1.707279,-90.46595,100.8311,-0.6725949,-27.64163,2.423981,-0.04714493,-1.279077,0.1433723
2319,0.016674,1,100,0,8.546114,0,0,99.25286,0,0,-0.96656,-0.0100934,-0.2562426,-0.003269651,0.9996293,-0.02704212,0.2564205,-0.02530001,-0.9662347,-273.1027,-50.06839,-679.2604,41.65377,-1.852948,-91.78596,100.8124,-0.5943252,-25.06772,2.539671,-0.04261179,-1.159837,0.1514825
2320,0.016691,1,100,0,16.89161,0,0,99.41454,0,0,-0.971172,-0.01217605,-0.2380684,-0.005587378,0.9995829,-0.0283308,0.2383141,-0.0261839,-0.970835,-272.4224,-50.10011,-680.7993,38.95758,-1.997616,-93.00527,100.8547,-0.5141038,-22.47511,2.635659,-0.03783969,-1.039732,0.1584473
2321,0.016674,1,100,0,25.22861,0,0,99.62923,0,0,-0.9749907,-0.0144039,-0.2217789,-0.008050639,0.9995318,-0.02952426,0.2221004,-0.02700042,-0.9746501,-271.7869,-50.1342,-682.3563,36.42037,-2.139618,-94.13141,100.9542,-0.4328018,-19.87099,2.711507,-0.03285494,-0.9190931,0.1642321
2322,0.0167,1,100,0,33.57861,0,0,99.89194,0,0,-0.9781185,-0.01676778,-0.2073716,-0.01064244,0.9994745,-0.03061844,0.207776,-0.02774152,-0.977783,-271.1919,-50.17069,-683.9341,34.0418,-2.277862,-95.17672,101.1071,-0.3511872,-17.24932,2.767337,-0.02768057,-0.7976416,0.1688413
2323,0.016755,1,100,0,41.95611,0,15.0795,100.1984,0,0,-0.9806277,-0.01925979,-0.1949318,-0.01334528,0.9994112,-0.0316095,0.1954259,-0.02839573,-0.9803073,-270.6336,-50.20959,-685.5345,31.87731,-2.411598,-96.19237,101.3654,-0.2702501,-14.35315,2.803141,-0.02226864,-0.663475,0.1723973
2324,0.016601,1,100,0,50.25661,0,30.0204,100.5962,0,0,-0.9825311,-0.0218399,-0.1848131,-0.01610359,0.9993427,-0.03248287,0.1854011,-0.02893928,-0.9822371,-270.1151,-50.25032,-687.1368,29.9402,-2.53767,-97.17756,101.7169,-0.1921582,-11.2455,2.818683,-0.01671825,-0.5195116,0.1748535
2325,0.016684,1,100,0,58.59861,0,45.036,101.0758,0,0,-0.9838969,-0.02453498,-0.1770454,-0.01893501,0.9992677,-0.03325088,0.1777316,-0.02936308,-0.9836409,-269.6253,-50.29331,-688.7636,28.19373,-2.65664,-98.1566,102.16,-0.1171283,-7.895732,2.814694,-0.01099,-0.3643297,0.1762621
2326,0.017022,1,100,0,67.10961,0,60.3558,101.6398,0,0,-0.9847521,-0.02748095,-0.1717796,-0.02193994,0.9991786,-0.03407262,0.1725749,-0.02978425,-0.9845461,-269.1541,-50.33972,-690.4398,26.66636,-2.867457,-99.10718,102.6721,-0.4163316,-4.255007,3.069074,-0.02880749,-0.1956926,0.1944383
2327,0.01635,1,100,0,75.28461,0,75.0708,102.2629,0,0,-0.985065,-0.0306746,-0.1694287,-0.02506301,0.9990675,-0.03516109,0.1703493,-0.03038957,-0.9849153,-268.7251,-50.38783,-692.0652,25.39067,-3.093314,-100.0213,103.2401,-0.6447494,-0.5827008,3.284745,-0.04169181,-0.02557221,0.2102024
2328,0.016683,1,100,0,83.62611,0,90.0855,102.9318,0,0,-0.9848688,-0.03427621,-0.1698786,-0.02846861,0.998928,-0.03650621,0.1709477,-0.03111762,-0.9847888,-268.3076,-50.44081,-693.7391,24.28247,-3.341797,-100.962,103.8948,-0.8276822,3.353928,3.475977,-0.05106045,0.1568219,0.2246312
2329,0.016679,1,100,0,91.96561,0,100,103.6812,0,0,-0.9841226,-0.03820433,-0.1733302,-0.03207375,0.9987617,-0.03803448,0.1745687,-0.03187124,-0.9841293,-267.9077,-50.49799,-695.4283,23.37153,-3.602751,-101.8952,104.6032,-0.9663999,7.373107,3.637285,-0.05699291,0.3430777,0.2372932
2330,0.016682,1,100,0,100.3066,0,100,104.4728,0,0,-0.982788,-0.04243552,-0.1797977,-0.03585387,0.9985684,-0.03970025,0.181225,-0.03257049,-0.9829025,-267.5218,-50.55957,-697.133,22.66267,-3.869364,-102.7873,105.3271,-1.068006,11.29975,3.768479,-0.05999431,0.5250891,0.2480674
2331,0.016684,1,100,0,84.87391,0,100,105.2629,0,0,-0.9808484,-0.04693128,-0.189034,-0.03977671,0.9983478,-0.04146778,0.1906678,-0.03315446,-0.9810947,-267.1464,-50.6256,-698.8526,22.17553,-4.135033,-103.6345,106.0611,-1.139302,14.47465,3.86941,-0.06101865,0.6723039,0.2565245
2332,0.016704,1,100,0,93.22591,0,100,106.0405,0,0,-0.9782996,-0.05165531,-0.2006531,-0.04382123,0.9981009,-0.04329319,0.2025084,-0.03356085,-0.9787053,-266.7774,-50.69598,-700.5882,21.92692,-4.371433,-104.4385,106.805,-1.129538,17.63021,3.958083,-0.0562896,0.8187284,0.2641923
2333,0.016667,1,100,0,101.5594,0,100,106.8016,0,0,-0.9750672,-0.05656915,-0.2145786,-0.04796289,0.9978301,-0.04510868,0.2166647,-0.03369218,-0.9756646,-266.412,-50.77004,-702.333,21.91881,-4.587143,-105.1854,107.5428,-1.107077,20.75612,4.015593,-0.05017785,0.9638252,0.2697883
2334,0.016679,1,100,0,86.13132,0,100,107.5293,0,0,-0.9710853,-0.0616398,-0.2306384,-0.05217798,0.9975357,-0.04690734,0.2329614,-0.03351679,-0.9719085,-266.0452,-50.8476,-704.0912,22.15487,-4.777222,-105.8702,108.2689,-1.077077,23.19765,4.042528,-0.0437211,1.077226,0.2729015
2335,0.016691,1,100,0,94.47682,0,100,108.2175,0,0,-0.9663318,-0.06680144,-0.248476,-0.05641554,0.9972191,-0.04869501,0.2510379,-0.03303764,-0.9674132,-265.6728,-50.9283,-705.8617,22.63084,-4.948819,-106.4821,108.9728,-1.084748,25.67667,4.012877,-0.03915009,1.192342,0.2722584
2336,0.01667,1,100,0,102.8118,0,100,108.8569,0,0,-0.9607116,-0.07198463,-0.2680514,-0.06061012,0.9968842,-0.05048098,0.2708501,-0.03225103,-0.9620813,-265.2916,-51.01157,-707.6398,23.34715,-5.088599,-107.0134,109.6488,-1.091128,28.18415,3.955171,-0.03399441,1.308815,0.2696374
2337,0.017009,1,100,0,87.0785,0,100,109.4433,0,0,-0.9540119,-0.07725099,-0.2896438,-0.06481549,0.9965259,-0.05229826,0.2926777,-0.03111975,-0.9557046,-264.889,-51.09874,-709.4626,24.31903,-5.194561,-107.4641,110.3039,-1.100522,30.08385,3.86883,-0.02935791,1.397114,0.2645876
2338,0.01637,1,100,0,95.2635,0,100,109.9833,0,0,-0.9466305,-0.08224268,-0.311652,-0.06875538,0.996169,-0.05403998,0.3149024,-0.02972815,-0.9486586,-264.4846,-51.18412,-711.2237,25.48278,-5.257225,-107.7994,110.8951,-1.115119,31.98491,3.760001,-0.02485231,1.485494,0.257874
2339,0.016668,1,100,0,103.5975,0,100,110.4457,0,0,-0.9380666,-0.08721497,-0.3352982,-0.07265001,0.9957975,-0.05576499,0.3387527,-0.02795185,-0.9404606,-264.0521,-51.27167,-713.0219,26.88469,-5.24087,-108.0435,111.4615,-1.026222,33.99807,3.646559,-0.01322817,1.579283,0.2505895
2340,0.016872,1,100,0,87.9909,0,100,110.8644,0,0,-0.928261,-0.09209713,-0.3603468,-0.07647996,0.995418,-0.05739406,0.3639815,-0.02571736,-0.9310513,-263.5893,-51.3597,-714.8456,28.51054,-5.168042,-108.1718,111.9853,-0.9626887,35.42525,3.507221,-0.003887554,1.645853,0.2409602
2341,0.016501,1,100,0,96.24139,0,100,111.2237,0,0,-0.9175782,-0.0966671,-0.3856241,-0.08007888,0.9950475,-0.05889081,0.389407,-0.02315658,-0.9207748,-263.1091,-51.4443,-716.6307,30.2928,-5.042085,-108.1712,112.4459,-0.9280004,36.93269,3.348449,0.003787897,1.71613,0.2297934
2342,0.016673,1,100,0,104.5779,0,100,111.5143,0,0,-0.9055794,-0.1010371,-0.4119681,-0.08353841,0.9946776,-0.06031688,0.4158697,-0.02020656,-0.9092,-262.5931,-51.52739,-718.4335,32.26813,-4.862609,-108.037,112.8577,-0.922111,38.56356,3.167793,0.009949817,1.792124,0.2168661
2343,0.016682,1,100,0,89.14705,0,100,111.7448,0,0,-0.8923212,-0.1051134,-0.4389923,-0.08678846,0.9943162,-0.06167039,0.4429795,-0.01693033,-0.896372,-262.0429,-51.60725,-720.2344,34.40731,-4.633147,-107.759,113.2136,-0.9467252,39.62593,2.968712,0.01314638,1.841661,0.2021855
2344,0.016692,1,100,0,97.49305,0,100,111.9123,0,0,-0.8778496,-0.1088363,-0.4664063,-0.08976266,0.993969,-0.06299615,0.4704497,-0.01343527,-0.8823248,-261.4559,-51.68323,-722.0308,36.68774,-4.386097,-107.3246,113.5069,-1.108324,40.83239,2.713667,0.007766806,1.897642,0.1836733
2345,0.016677,1,100,0,105.8316,0,100,112.0138,0,0,-0.8620825,-0.1121508,-0.4942024,-0.09241208,0.9936434,-0.06428763,0.4982708,-0.009750973,-0.8669667,-260.3845,-51.69937,-723.3447,57.99943,-1.379475,-81.19437,113.7561,-3.127321,53.77884,6.456061,-0.0932005,2.496803,0.4231916
2346,0.016729,1,100,0,90.35722,0,100,99.30569,0,0,-0.83991,-0.1193726,-0.5294349,-0.0975435,0.9928288,-0.06910906,0.533888,-0.006402455,-0.8455309,-259.3168,-51.71025,-724.6028,59.32506,-0.8469348,-74.95977,100.5428,-3.671462,55.27812,6.886103,-0.1178752,2.566269,0.4476933
2347,0.01675,1,100,0,98.73222,0,100,95.05916,0,0,-0.8154991,-0.1268501,-0.5646861,-0.1025695,0.9919175,-0.0746955,0.5695971,-0.00299453,-0.8219188,-258.2942,-51.72104,-725.8317,57.86781,-0.6915006,-72.01199,96.39276,-3.964067,55.15508,6.717598,-0.1294616,2.560761,0.4335261
2348,0.016757,1,100,0,107.1107,0,100,92.15141,0,0,-0.789585,-0.133925,-0.5988486,-0.1070329,0.9909914,-0.08049946,0.6042346,0.0005353093,-0.7968063,-257.3095,-51.73075,-727.0284,56.01461,-0.5814205,-69.95885,93.28856,-4.16859,54.71725,6.335334,-0.1365872,2.540769,0.4055569
2349,0.016632,1,100,0,91.72613,0,100,89.58931,0,0,-0.762727,-0.1403185,-0.6313148,-0.1107594,0.9900979,-0.08624829,0.6371657,0.004140146,-0.770716,-256.3669,-51.73886,-728.1873,54.33326,-0.4441062,-68.1213,90.59428,-4.342385,53.64995,5.856521,-0.1440733,2.491449,0.3714269
2350,0.016688,1,100,0,100.0701,0,100,87.11963,0,0,-0.7349549,-0.1460055,-0.6622112,-0.1137347,0.9892532,-0.09188387,0.6685101,0.007785879,-0.7436624,-255.4504,-51.74472,-729.3217,53.03742,-0.2522298,-66.18341,88.13663,-4.503363,52.84353,5.338778,-0.1509703,2.45426,0.3348596
2351,0.016867,1,100,0,84.46815,0,100,84.6722,0,0,-0.7061637,-0.1509688,-0.6917667,-0.1159075,0.9884728,-0.09740124,0.6984971,0.0113997,-0.7155221,-254.4109,-51.73353,-730.2895,50.08652,-0.05041835,-61.75432,85.79948,-4.419006,51.09729,4.595695,-0.1455731,2.373805,0.2841743
2352,0.016514,1,100,0,92.72516,0,100,79.17129,0,0,-0.6778002,-0.1548497,-0.7187548,-0.1173337,0.987823,-0.1021702,0.7258236,0.01508317,-0.6877158,-253.5766,-51.73288,-731.3106,51.38747,0.2198184,-61.9656,80.50127,-4.154044,50.66214,3.914932,-0.1263697,2.354952,0.23731
2353,0.01667,1,100,0,101.0602,0,91.665,79.91626,0,0,-0.6484017,-0.1578349,-0.7447573,-0.1182747,0.9872791,-0.1062597,0.7520548,0.01918697,-0.6588213,-252.5165,-51.70497,-732.135,59.73935,1.570278,-50.15796,81.39665,-3.12437,43.38506,1.692244,-0.07842902,2.018858,0.09363949
2354,0.016935,1,100,0,85.39528,0,83.1975,78.00253,0,0,-0.6222004,-0.158432,-0.7666591,-0.1181255,0.9870953,-0.1081181,0.7738949,0.02329088,-0.6328859,-251.4394,-51.67081,-732.9238,60.61842,1.895523,-46.53474,79.09635,-2.567491,40.71984,0.5914068,-0.05000936,1.896379,0.02105987
2355,0.016473,1,100,0,93.63178,0,74.961,76.40762,0,0,-0.5976891,-0.1577576,-0.7860538,-0.117546,0.9870975,-0.1087281,0.7930644,0.02741183,-0.6085212,-250.4228,-51.63755,-733.6797,59.72607,1.993388,-44.87376,77.47881,-2.193339,39.58961,-0.177509,-0.02986894,1.844929,-0.03062098
2356,0.016729,1,100,0,101.9963,0,66.5965,74.7279,0,0,-0.5729541,-0.1561116,-0.8045825,-0.1166847,0.9872293,-0.1084575,0.8112389,0.03174134,-0.5838529,-249.4173,-51.6034,-734.4325,58.46802,2.058287,-43.67992,75.78432,-1.928405,39.03987,-0.8414048,-0.01572113,1.820221,-0.07587324
2357,0.016682,1,100,0,86.56543,0,58.2555,72.99951,0,0,-0.5482788,-0.1536195,-0.8220654,-0.1155854,0.98747,-0.1074386,0.8282696,0.03611244,-0.5591651,-248.4372,-51.56831,-735.1646,59.31772,2.194581,-44.27343,74.05096,-2.105875,38.83235,-1.405054,-0.02936101,1.810217,-0.1148966
2358,0.016684,1,100,0,94.90743,0,49.9135,73.96648,0,0,-0.5232737,-0.150373,-0.8387924,-0.1139882,0.9878136,-0.105978,0.8445069,0.04015692,-0.5340376,-247.4418,-51.53068,-735.9046,60.35067,2.378911,-44.51874,75.03187,-2.279335,38.77999,-1.939756,-0.04283646,1.807439,-0.1519188
2359,0.016624,1,100,0,103.2194,0,41.6015,74.83678,0,0,-0.497954,-0.146424,-0.8547526,-0.1119735,0.9882479,-0.1040599,0.8599443,0.04389262,-0.5084976,-246.4321,-51.48981,-736.6443,61.52628,2.617413,-44.44798,75.94707,-2.353341,38.86652,-2.448417,-0.05009786,1.811375,-0.187148
2360,0.016722,1,100,0,87.75159,0,33.2405,75.62575,0,0,-0.4721518,-0.1417773,-0.8700413,-0.1096141,0.9887639,-0.1016386,0.8746756,0.04737993,-0.4823874,-245.396,-51.44454,-737.3856,62.81621,2.887572,-44.07643,76.79158,-2.432046,38.41098,-2.924798,-0.05950497,1.789939,-0.2196946
2361,0.016629,1,100,0,96.06609,0,24.926,76.34254,0,0,-0.4463896,-0.1365514,-0.8843586,-0.1069668,0.9893447,-0.09876929,0.8884225,0.05050745,-0.4562396,-244.3439,-51.39493,-738.115,64.17533,3.174124,-43.43109,77.55519,-2.500152,38.12675,-3.360682,-0.0681373,1.776494,-0.2494974
2362,0.016927,1,100,0,80.40861,0,16.4625,76.99011,0,0,-0.4201303,-0.1306758,-0.8980058,-0.1040152,0.98999,-0.09539784,0.9014829,0.05332671,-0.4295171,-243.2497,-51.33952,-738.845,65.56863,3.470237,-42.50006,78.21473,-2.555579,37.30965,-3.763482,-0.07756872,1.738183,-0.2764378
2363,0.016456,1,100,0,65.18681,0,8.234497,77.54856,0,0,-0.3949453,-0.1245113,-0.910228,-0.1009328,0.9906564,-0.09171873,0.9131433,0.05564796,-0.4038224,-242.163,-51.28084,-739.5383,66.96525,3.755595,-41.38376,78.81031,-2.585054,36.05987,-4.112902,-0.08630548,1.679739,-0.2991269
2364,0.016659,1,100,0,49.77723,0,0,78.06955,0,0,-0.3701505,-0.1179128,-0.9214582,-0.09765047,0.9913552,-0.08763076,0.9238251,0.05754426,-0.3784648,-241.0395,-51.21672,-740.2205,68.3988,4.033351,-40.07293,79.37572,-2.584588,34.3634,-4.423614,-0.09405132,1.600545,-0.3185126
2365,0.016895,1,100,0,34.14935,0,0,78.58682,0,0,-0.346056,-0.1109429,-0.9316313,-0.09410942,0.9920806,-0.08318434,0.9334821,0.05888884,-0.3537562,-239.8758,-51.14767,-740.8893,69.81954,4.192137,-38.61385,79.89601,-2.844754,32.3466,-4.70826,-0.1188895,1.505937,-0.3354921
2366,0.016459,1,100,0,25.91985,0,0,79.08205,0,0,-0.3238154,-0.1039625,-0.9403911,-0.09033138,0.9928011,-0.07865178,0.9417982,0.05947816,-0.3308754,-238.7192,-51.07807,-741.5167,71.18108,4.299466,-37.10979,80.38886,-3.011196,30.3234,-4.93724,-0.1372616,1.411264,-0.348386
2367,0.016679,1,100,0,17.58035,0,0,79.57265,0,0,-0.3025923,-0.09675289,-0.9481965,-0.08637178,0.9935247,-0.0738148,0.9491984,0.05956163,-0.3089897,-237.5243,-51.00544,-742.1271,72.54586,4.462045,-35.56289,80.91681,-2.82078,28.21053,-5.192827,-0.1325967,1.313171,-0.3625531
2368,0.016691,1,100,0,9.234853,0,0,80.11475,0,0,-0.2827632,-0.08941493,-0.9550132,-0.08253247,0.9942213,-0.0686494,0.9556327,0.05940806,-0.2885088,-236.3061,-50.93015,-742.7119,73.87204,4.604887,-33.98512,81.4449,-2.610501,26.04249,-5.400911,-0.1262562,1.212563,-0.3735029
2369,0.016691,1,100,0,0.8893528,0,0,80.67311,0,0,-0.2644179,-0.08201326,-0.9609147,-0.07885961,0.9948797,-0.06321209,0.9611787,0.05906295,-0.2695315,-235.0659,-50.85259,-743.2704,75.15505,4.72693,-32.40023,81.97805,-2.383587,23.82568,-5.56145,-0.1183733,1.10973,-0.3812869
2370,0.016686,1,100,0,-7.453648,0,0,81.24951,0,0,-0.2476276,-0.07460652,-0.9659786,-0.07539085,0.9954915,-0.05755956,0.9659178,0.0585726,-0.2521358,-233.8049,-50.77314,-743.8023,76.39276,4.828268,-30.82907,82.52029,-2.143714,21.56513,-5.674976,-0.1091278,1.004897,-0.3859863
2371,0.016679,1,100,0,-15.79315,0,0,81.84505,0,0,-0.2324516,-0.06724893,-0.9702803,-0.07215577,0.99605,-0.05174853,0.9699277,0.05798229,-0.2363858,-232.5241,-50.69213,-744.308,77.58467,4.909898,-29.29007,83.07465,-1.894834,19.26507,-5.74237,-0.09873224,0.8982512,-0.3876967
2372,0.016642,1,100,0,-24.11415,0,0,82.45998,0,0,-0.2189647,-0.06000702,-0.9738858,-0.06905925,0.9965571,-0.04587692,0.9732858,0.0572104,-0.2223548,-231.2267,-50.61082,-744.7871,78.70409,4.836105,-27.7858,83.60486,-1.997138,16.93518,-5.756584,-0.110213,0.7898263,-0.3859883
2373,0.016713,1,100,0,-32.47065,0,0,83.05656,0,0,-0.2071294,-0.05289323,-0.9768826,-0.06586669,0.9970257,-0.04001809,0.9760938,0.0560551,-0.2099973,-229.9053,-50.53062,-745.2434,79.78667,4.720625,-26.33804,84.15396,-2.051213,14.56015,-5.725717,-0.118016,0.6793925,-0.3813088
2374,0.016673,1,100,0,-40.80715,0,0,83.6748,0,0,-0.1970693,-0.04600503,-0.9793097,-0.062654,0.9974477,-0.03424906,0.9783858,0.05460824,-0.1994487,-228.5693,-50.45272,-745.6749,80.82658,4.570327,-24.97119,84.71944,-2.065208,12.1601,-5.651755,-0.1226244,0.5678653,-0.3738769
2375,0.016671,1,100,0,-49.14265,0,0,84.30963,0,0,-0.188788,-0.03933122,-0.98123,-0.05957381,0.9978161,-0.02853409,0.9802094,0.05306872,-0.1907188,-227.2161,-50.37693,-746.0844,81.85203,4.4958,-23.72571,85.33977,-1.697835,9.730177,-5.644084,-0.102199,0.4553623,-0.3707543
2376,0.016888,1,100,0,-57.58665,0,0,84.99565,0,0,-0.1822423,-0.03274772,-0.9827083,-0.05684697,0.9981245,-0.02271924,0.9816092,0.05172358,-0.1837621,-225.8281,-50.30136,-746.4785,82.85228,4.430183,-22.56319,85.98386,-1.335638,7.239207,-5.594788,-0.08154767,0.3399973,-0.3650686
2377,0.016481,1,100,0,-65.82715,0,0,85.70396,0,0,-0.1776825,-0.02653141,-0.9837302,-0.05456384,0.9983644,-0.01707071,0.9825741,0.05064293,-0.1788395,-224.4575,-50.22862,-746.8447,83.79187,4.379221,-21.53742,86.6263,-0.9975849,4.790329,-5.50737,-0.06180764,0.226541,-0.3571217
2378,0.01667,1,100,0,-74.16215,0,0,86.40524,0,0,-0.1749188,-0.02049582,-0.9843696,-0.05246164,0.9985572,-0.01146899,0.9831843,0.0496355,-0.1757416,-223.0558,-50.1566,-747.1985,84.67345,4.201134,-20.60194,87.24496,-1.132022,2.290705,-5.359826,-0.07181938,0.1104864,-0.3453859
2379,0.016835,1,100,0,-82.57965,0,0,87.07876,0,0,-0.1740357,-0.01470915,-0.9846295,-0.05023197,0.9987193,-0.006041002,0.9834573,0.04840853,-0.1745517,-221.6255,-50.08699,-747.5408,85.53098,4.0001,-19.78622,87.88085,-1.23507,-0.256594,-5.176034,-0.07929914,-0.007758372,-0.331376
2380,0.016534,1,100,0,-90.84665,0,0,87.76343,0,0,-0.1750587,-0.009359835,-0.9845135,-0.0479729,0.9988481,-0.0009659389,0.9833885,0.04706088,-0.1753061,-220.2069,-50.02202,-747.8643,86.34089,3.788071,-19.12175,88.51407,-1.309697,-2.772791,-4.963723,-0.08445343,-0.1245471,-0.315681
2381,0.01667,1,100,0,-99.18165,0,0,88.43707,0,0,-0.1779889,-0.004326641,-0.984023,-0.04565644,0.9989497,0.003866008,0.9829728,0.0456151,-0.1779995,-218.7632,-49.9601,-748.1802,87.12513,3.565811,-18.59478,89.15868,-1.363499,-5.328896,-4.721071,-0.08783007,-0.2431819,-0.2981388
2382,0.016672,1,100,0,-107.5176,0,0,89.11414,0,0,-0.1828399,0.0003224853,-0.9831426,-0.04332631,0.9990258,0.008385306,0.9821876,0.04412911,-0.1826479,-217.3065,-49.90189,-748.4881,87.87569,3.340801,-18.21905,89.80663,-1.399843,-7.901302,-4.452528,-0.08968709,-0.362572,-0.2790608
2383,0.0167,1,100,0,-92.07014,0,0,89.7855,0,0,-0.1894628,0.00458653,-0.9818773,-0.04100597,0.9990799,0.01257939,0.9810316,0.04264616,-0.1891004,-215.835,-49.84731,-748.7911,88.59274,3.123048,-18.00183,90.45713,-1.406729,-9.825678,-4.165377,-0.08935815,-0.4519396,-0.2594164
2384,0.016672,1,100,0,-100.4061,0,0,90.44961,0,0,-0.1975195,0.008456387,-0.9802625,-0.03873231,0.9991146,0.01642344,0.9795335,0.04121178,-0.197017,-214.3542,-49.79639,-749.0909,89.27032,2.915047,-17.94547,91.10284,-1.403389,-11.81588,-3.858571,-0.08815743,-0.544364,-0.2385548
2385,0.016704,1,100,0,-84.95494,0,0,91.09896,0,0,-0.2069149,0.01193743,-0.9782861,-0.03651318,0.9991348,0.01991464,0.9776774,0.03984097,-0.2063,-212.8594,-49.74878,-749.3912,89.90883,2.720464,-18.04716,91.74256,-1.392642,-13.20635,-3.533952,-0.0864337,-0.6090112,-0.217062
2386,0.016674,1,100,0,-93.29194,0,0,91.73335,0,0,-0.2173341,0.01501857,-0.9759818,-0.03437065,0.9991438,0.02302874,0.9754921,0.03855005,-0.2166318,-211.357,-49.7044,-749.6935,90.50356,2.543792,-18.30282,92.37077,-1.37546,-14.70846,-3.195654,-0.08420201,-0.6788364,-0.194662
2387,0.016672,1,100,0,-101.6279,0,0,92.34854,0,0,-0.2288676,0.01769022,-0.9732969,-0.03231579,0.9991457,0.02575899,0.9729211,0.03734826,-0.2281004,-209.845,-49.66286,-750.0009,91.05381,2.387676,-18.70482,92.98585,-1.354272,-16.31544,-2.846064,-0.08163637,-0.7535235,-0.171511
2388,0.016673,1,100,0,-86.20541,0,0,92.94392,0,0,-0.2414191,0.02000079,-0.9702149,-0.03029839,0.9991449,0.02813634,0.969948,0.0361886,-0.2406067,-208.3242,-49.62413,-750.3159,91.53683,2.192349,-19.27432,93.56974,-1.471787,-17.35351,-2.633334,-0.088126,-0.8017126,-0.1575491
2389,0.016694,1,100,0,-94.55241,0,0,93.50283,0,0,-0.2547487,0.02206335,-0.9667556,-0.02820914,0.9991447,0.03023589,0.9665959,0.0349739,-0.2539084,-206.7936,-49.58858,-750.6415,91.9726,2.005277,-19.97606,94.13833,-1.565952,-18.53775,-2.410458,-0.09305833,-0.8566797,-0.1429067
2390,0.01687,1,100,0,-78.94766,0,0,94.04256,0,0,-0.2689173,0.02387229,-0.9628674,-0.025997,0.9991488,0.03203246,0.9628125,0.03364575,-0.2680678,-205.2399,-49.55606,-750.9831,92.34726,1.772262,-20.79681,94.67664,-1.83093,-19.1896,-2.127991,-0.1091684,-0.8869373,-0.1248525
2391,0.016501,1,100,0,-63.68424,0,0,94.54768,0,0,-0.2830679,0.02539019,-0.9587639,-0.02369806,0.9991593,0.03345663,0.9588074,0.03219134,-0.2822282,-203.7143,-49.52784,-751.3314,92.67274,1.586495,-21.73922,95.20161,-1.872873,-19.34861,-1.946465,-0.1112661,-0.8943877,-0.1136277
2392,0.016694,1,100,0,-48.24229,0,0,95.04181,0,0,-0.2973225,0.02675889,-0.9544022,-0.02137889,0.9991702,0.03467418,0.9545382,0.03071347,-0.2965038,-202.1657,-49.50231,-751.7002,92.95241,1.414348,-22.79125,95.7162,-1.892624,-19.06145,-1.757041,-0.1121975,-0.8811769,-0.1021569
2393,0.016681,1,100,0,-32.81236,0,0,95.52776,0,0,-0.3111836,0.02796649,-0.9499384,-0.01909398,0.9991813,0.03567108,0.9501583,0.02923836,-0.3103948,-200.6138,-49.47957,-752.0867,93.18431,1.260469,-23.92528,96.21498,-1.890174,-18.36465,-1.56313,-0.1119784,-0.8489972,-0.09059535
2394,0.016662,1,100,0,-24.48136,0,0,96.00299,0,0,-0.3244071,0.0290171,-0.9454725,-0.01686953,0.9991931,0.03645403,0.9457673,0.02777562,-0.3236558,-199.0601,-49.45931,-752.4919,93.37296,1.126487,-25.12126,96.69981,-1.866383,-17.4924,-1.366092,-0.1105617,-0.8086972,-0.07887942
2395,0.016699,1,100,0,-16.13186,0,0,96.47102,0,0,-0.3369178,0.02991316,-0.9410588,-0.01472338,0.9992056,0.03703272,0.941419,0.02633255,-0.3362097,-197.5,-49.44113,-752.9183,93.52482,1.013044,-26.36316,97.17477,-1.822601,-16.456,-1.166451,-0.10803,-0.7608013,-0.06702228
2396,0.01668,1,100,0,-7.791862,0,0,96.93626,0,0,-0.3485665,0.03065036,-0.9367828,-0.01268587,0.9992195,0.03741349,0.9371984,0.024925,-0.3479056,-195.9393,-49.42474,-753.3651,93.64574,0.9211776,-27.62823,97.64063,-1.760454,-15.273,-0.9661717,-0.1044781,-0.7061194,-0.05512592
2397,0.016684,1,100,0,0.5501375,0,0,97.39961,0,0,-0.3592758,0.03121527,-0.9327093,-0.01069533,0.9992372,0.03756158,0.9331703,0.0234706,-0.3586679,-194.3765,-49.41021,-753.8331,93.7235,0.7695665,-28.88736,98.07735,-1.934833,-13.95413,-0.7263134,-0.1162347,-0.6450257,-0.04069863
2398,0.01669,1,100,0,8.895137,0,0,97.83901,0,0,-0.368961,0.0315831,-0.9289083,-0.00862143,0.9992634,0.03739961,0.9294053,0.02180752,-0.3684169,-192.8119,-49.39824,-754.3221,93.78473,0.6118391,-30.14062,98.51095,-2.064627,-12.51089,-0.4903645,-0.1252747,-0.5781854,-0.02654948
2399,0.016631,1,100,0,17.21064,0,0,98.28168,0,0,-0.3775171,0.03183049,-0.9254555,-0.006695819,0.9992892,0.03710135,0.9259787,0.02020308,-0.3770356,-191.2516,-49.38814,-754.8305,93.86823,0.5995016,-31.42024,98.98907,-1.528218,-10.96117,-0.4650795,-0.09172162,-0.5067066,-0.02585147
2400,0.016679,1,100,0,25.55014,0,0,98.77864,0,0,-0.3849392,0.03210044,-0.9223835,-0.005279694,0.999302,0.03698071,0.9229268,0.01910523,-0.384501,-189.6855,-49.37783,-755.3615,93.95229,0.6542872,-32.65854,99.46879,-1.022933,-9.303102,-0.4370301,-0.06023525,-0.4301977,-0.02483808
2401,0.016927,1,100,0,34.01364,0,15.2343,99.28083,0,0,-0.3911628,0.03238846,-0.9197515,-0.004328945,0.9993049,0.03703095,0.9203116,0.01846668,-0.3907507,-188.0944,-49.36608,-755.9211,94.09409,0.773742,-33.87218,100.0081,-0.553851,-7.264729,-0.4060975,-0.0313018,-0.3360573,-0.02363637
2402,0.016401,1,100,0,42.21414,0,29.9952,99.84575,0,0,-0.3957028,0.03267889,-0.9177971,-0.003830339,0.9992995,0.03723227,0.9183709,0.01824839,-0.3953004,-186.5501,-49.35245,-756.4828,94.28974,0.9454877,-34.99784,100.5798,-0.1497808,-4.988621,-0.374189,-0.006693716,-0.2308705,-0.02236282
2403,0.016685,1,100,0,50.55664,0,45.0117,100.4449,0,0,-0.3986257,0.03300496,-0.9165198,-0.004006443,0.9992802,0.0377278,0.9171053,0.01871126,-0.3982066,-184.9751,-49.33447,-757.0729,94.60029,1.34237,-36.11147,101.2672,1.193777,-2.37577,-0.3931417,0.07790061,-0.1106204,-0.0244211
2404,0.017023,1,100,0,59.06814,0,60.3324,101.1634,0,0,-0.3996456,0.03341041,-0.9160607,-0.005420887,0.9992321,0.03880876,0.9166538,0.02047561,-0.3991576,-183.3625,-49.30847,-757.6937,94.9897,1.897646,-37.1714,102.0214,2.328569,0.579096,-0.4098212,0.1488817,0.02559093,-0.02650688
2405,0.016348,1,100,0,67.24214,0,75.0456,101.9488,0,0,-0.3985566,0.03388179,-0.9165178,-0.007733188,0.9991578,0.04029968,0.9171114,0.02314931,-0.3979589,-181.8072,-49.2739,-758.3064,95.43639,2.549349,-38.10197,102.7928,3.164907,3.65131,-0.4237084,0.2006188,0.1674184,-0.02870475
2406,0.016679,1,100,0,75.58164,0,90.0567,102.7478,0,0,-0.3951966,0.03452727,-0.9179474,-0.01023045,0.9990659,0.04198286,0.9185395,0.0259825,-0.3944742,-180.2131,-49.23106,-758.9467,95.84785,2.60585,-38.96624,103.4986,2.116245,7.029732,-0.6055971,0.1313036,0.3246647,-0.04209613
2407,0.016763,1,100,0,83.96314,0,100,103.4789,0,0,-0.389356,0.03547781,-0.9204039,-0.01164993,0.9989884,0.04343517,0.9210138,0.02763439,-0.3885488,-178.6037,-49.18745,-759.6041,96.33853,2.594901,-39.71557,104.2361,1.242871,10.55953,-0.7765371,0.07299276,0.4888447,-0.05497973
2408,0.016527,1,100,0,92.22664,0,100,104.2323,0,0,-0.3811029,0.03670485,-0.9238038,-0.01216009,0.9989263,0.04470612,0.9244529,0.02827117,-0.3802474,-177.0085,-49.14468,-760.2637,96.88684,2.574548,-40.29763,104.9647,0.5813873,13.9877,-0.9359356,0.0281394,0.6482044,-0.06702688
2409,0.016686,1,100,0,100.5696,0,100,104.9632,0,0,-0.3702757,0.03821491,-0.9281356,-0.01195392,0.9988748,0.04589648,0.9288452,0.02808921,-0.3694023,-175.3884,-49.10214,-760.9384,97.50385,2.498499,-40.70836,105.6902,0.01836625,17.40678,-1.082291,-0.01063397,0.8070951,-0.07805856
2410,0.016696,1,100,0,85.12584,0,100,105.6739,0,0,-0.3570864,0.03996119,-0.9332162,-0.01112861,0.9988316,0.04702916,0.9340052,0.02717888,-0.3562245,-173.7567,-49.06113,-761.6193,98.18867,2.370105,-40.92373,106.402,-0.4554191,20.11908,-1.212768,-0.0434564,0.9331857,-0.08744122
2411,0.016854,1,100,0,93.55284,0,100,106.3512,0,0,-0.3417025,0.04205388,-0.9388669,-0.01048858,0.9987656,0.04855422,0.9397499,0.02643848,-0.3408397,-172.0969,-49.01726,-762.3096,99.05801,3.068962,-41.0125,107.2564,1.421235,22.874,-1.712871,0.07398808,1.05973,-0.1205601
2412,0.016576,1,100,0,101.8408,0,100,107.1496,0,0,-0.3245122,0.04471773,-0.944824,-0.01139375,0.9986247,0.05117741,0.9458131,0.02737278,-0.3235564,-170.4498,-48.96155,-762.9886,99.97419,3.944613,-40.86012,108.0738,2.866847,25.59763,-2.184248,0.163365,1.185112,-0.1525064
2413,0.016674,1,100,0,86.41739,0,100,107.8854,0,0,-0.305275,0.04799841,-0.9510539,-0.01275835,0.9984332,0.05448483,0.952179,0.02876674,-0.3041843,-168.7781,-48.89475,-763.6677,100.8295,4.12827,-40.46153,108.7234,1.805126,27.69293,-2.606367,0.09207118,1.283417,-0.1812403
2414,0.016688,1,100,0,94.76139,0,100,108.4342,0,0,-0.2843149,0.05180407,-0.9573303,-0.01298325,0.9982396,0.05787365,0.9586431,0.0288836,-0.2831419,-167.0904,-48.82537,-764.3395,101.7315,4.216297,-39.82664,109.3308,0.9274479,29.85654,-2.993837,0.03199448,1.384801,-0.2072168
2415,0.016892,1,100,0,103.2074,0,100,108.9225,0,0,-0.2613076,0.05625498,-0.963615,-0.01325646,0.9979971,0.06185699,0.9651648,0.02893783,-0.2600385,-165.3658,-48.74821,-765.0076,102.8215,5.270048,-38.99875,110.0951,3.196847,32.10358,-3.720808,0.1727645,1.487282,-0.2550535
2416,0.016498,1,100,0,87.94674,0,100,109.5334,0,0,-0.2372259,0.06145278,-0.9695088,-0.01542964,0.9976329,0.06701086,0.9713319,0.03085589,-0.2357161,-163.6635,-48.65445,-765.6452,103.9057,6.508862,-37.92294,110.8012,4.748733,33.70089,-4.390397,0.2674485,1.560287,-0.2999864
2417,0.016689,1,100,0,96.29124,0,100,110.0668,0,0,-0.2115179,0.06756169,-0.9750362,-0.01891355,0.9971383,0.07319616,0.9771912,0.03392369,-0.2096347,-161.9232,-48.5382,-766.2706,105.0034,7.876064,-36.57331,111.4691,5.67456,35.42781,-5.023417,0.321002,1.640001,-0.3434714
2418,0.016821,1,100,0,104.7017,0,100,110.5426,0,0,-0.1841537,0.07458173,-0.9800637,-0.02347162,0.9964989,0.08024273,0.9826171,0.03778068,-0.1817584,-160.1506,-48.39627,-766.8767,106.1243,9.560164,-34.94044,112.1365,7.001198,37.26723,-5.620158,0.3990691,1.724476,-0.3854446
2419,0.017139,1,100,0,88.84816,0,100,110.9914,0,0,-0.1548938,0.08261803,-0.9844704,-0.02923936,0.9956771,0.08815895,0.9874982,0.04244056,-0.1518085,-158.3253,-48.22248,-767.4646,107.2282,11.29616,-33.01141,112.7619,7.546698,38.53884,-6.174734,0.4267842,1.783718,-0.4250704
2420,0.016185,1,100,0,96.94066,0,100,111.3785,0,0,-0.1262293,0.09098409,-0.9878199,-0.03504642,0.9947544,0.09610124,0.9913819,0.04675034,-0.1223785,-156.5844,-48.03124,-767.9879,108.2213,12.85222,-30.94899,113.2911,7.472078,39.8668,-6.643822,0.4141346,1.846574,-0.4591884
2421,0.016694,1,100,0,105.2877,0,100,111.6769,0,0,-0.09550855,0.1004498,-0.9903475,-0.04012436,0.9936985,0.1046593,0.9946198,0.04973292,-0.09087621,-154.773,-47.81762,-768.4927,109.0597,12.68079,-28.81219,113.512,4.939316,41.38047,-7.414419,0.2428435,1.922766,-0.5117884
2422,0.016599,1,100,0,89.93359,0,100,111.722,0,0,-0.06385853,0.1107565,-0.991794,-0.04373801,0.9925569,0.1136578,0.9970003,0.05063712,-0.05853896,-152.9576,-47.59991,-768.9572,109.9719,13.98006,-26.30542,113.9352,5.78233,42.31548,-8.065857,0.2873793,1.966124,-0.5550964
2423,0.016679,1,100,0,98.27309,0,100,111.8898,0,0,-0.03129378,0.1218732,-0.9920524,-0.04816511,0.9912016,0.123288,0.9983494,0.05164045,-0.02514841,-151.1187,-47.35981,-769.3807,110.8008,15.21815,-23.56365,114.2964,6.062718,43.41942,-8.650485,0.2946118,2.018546,-0.594332
2424,0.016668,1,100,0,106.6071,0,100,111.9964,0,0,0.00211649,0.1336647,-0.9910244,-0.05287026,0.9896554,0.1333671,0.9985992,0.05211345,0.009161481,-149.2677,-47.10004,-769.7571,111.5291,16.31223,-20.62177,114.5866,5.934555,44.67147,-9.162956,0.2744529,2.07893,-0.6286529
2425,0.016678,1,100,0,91.17994,0,100,112.034,0,0,0.03633104,0.1460253,-0.9886136,-0.05751197,0.9879327,0.1438112,0.9976838,0.05163231,0.04429083,-147.404,-46.82294,-770.0837,112.1471,17.20947,-17.49535,114.8008,5.556377,45.39357,-9.603395,0.2387569,2.115391,-0.657087
2426,0.016811,1,100,0,99.58544,0,100,112.001,0,0,0.07137041,0.1590042,-0.9846949,-0.06149925,0.9860356,0.1547633,0.9955523,0.04951248,0.08015241,-145.5161,-46.53711,-770.3608,112.5785,16.57982,-14.44083,114.7055,3.805293,46.31249,-10.27555,0.1143665,2.165274,-0.6989954
2427,0.016545,1,100,0,107.8579,0,100,111.7413,0,0,0.1065018,0.1722867,-0.9792726,-0.06465543,0.9839898,0.1660849,0.9922085,0.04562695,0.115936,-143.6512,-46.25832,-770.5808,112.9686,17.37975,-11.0049,114.8263,4.473584,47.35235,-10.78375,0.1429839,2.214136,-0.7293062
2428,0.016677,1,100,0,92.43172,0,100,111.6055,0,0,0.1423735,0.1860022,-0.9721796,-0.06865929,0.9816752,0.1777639,0.9874291,0.0414403,0.1525353,-141.7657,-45.96484,-770.7443,113.2202,18.02228,-7.394884,114.8839,4.77265,47.88693,-11.21426,0.1488547,2.240555,-0.7538185
2429,0.017041,1,100,0,100.9522,0,100,111.4158,0,0,0.1792397,0.2002161,-0.9632168,-0.07326388,0.9790704,0.1898781,0.9810737,0.0365353,0.1901569,-139.8356,-45.65512,-770.8486,113.3221,18.46646,-3.579548,114.8727,4.824353,48.63552,-11.57048,0.1375683,2.278044,-0.77298
2430,0.016313,1,100,0,85.86269,0,100,111.1714,0,0,0.2146733,0.2138809,-0.9529798,-0.077939,0.9763678,0.201573,0.9735714,0.03100196,0.2262698,-137.9871,-45.35274,-770.8867,113.2676,18.66281,0.1702048,114.7949,4.735262,48.8801,-11.83031,0.1193383,2.292385,-0.7850089
2431,0.016684,1,100,0,94.2047,0,100,110.8912,0,0,0.2508412,0.2278265,-0.9408368,-0.08241592,0.9734079,0.2137403,0.9645136,0.02392505,0.2629474,-136.0984,-45.04655,-770.8635,113.0321,17.71791,3.81966,114.476,3.148921,49.3576,-12.21655,0.005231711,2.323825,-0.803712
2432,0.016746,1,100,0,102.5777,0,100,110.4492,0,0,0.2871794,0.241723,-0.9268754,-0.08662992,0.9702241,0.2261869,0.9539515,0.01533891,0.2995689,-134.2075,-44.74746,-770.7766,112.662,18.12977,7.939964,114.3873,4.590967,50.00391,-12.48547,0.08154555,2.351365,-0.8138011
2433,0.016706,1,100,0,87.12465,0,100,110.1307,0,0,0.3232297,0.2553652,-0.9112142,-0.09241838,0.9668177,0.2381649,0.941797,0.007230967,0.3361046,-132.3282,-44.44321,-770.6207,112.1167,18.36232,12.10734,114.2537,5.549045,50.16562,-12.67193,0.1291643,2.35796,-0.8186672
2434,0.016631,1,100,0,95.44015,0,100,109.7932,0,0,0.3586853,0.2686414,-0.893967,-0.09928056,0.9632402,0.2496241,0.9281643,-0.0007829741,0.372171,-130.4673,-44.13763,-770.3962,111.3967,18.38533,16.28409,114.072,6.142179,50.54878,-12.7791,0.1528988,2.376704,-0.818419
2435,0.016726,1,100,0,103.8031,0,100,109.4406,0,0,0.39402,0.2815886,-0.8749036,-0.106903,0.9594914,0.2606686,0.9128637,-0.009178869,0.4081614,-128.6089,-43.83115,-770.1003,110.4941,18.18551,20.4856,113.839,6.488997,51.13901,-12.81188,0.1602064,2.406595,-0.8128828
2436,0.016638,1,100,0,88.41299,0,100,109.0606,0,0,0.428777,0.2939536,-0.8542492,-0.1149432,0.9556489,0.2711521,0.8960684,-0.01807369,0.4435483,-126.7763,-43.53084,-769.7364,109.4184,17.76306,24.64562,113.5575,6.678993,51.24751,-12.77292,0.1603356,2.414378,-0.8022572
2437,0.0167,1,100,0,96.76299,0,100,108.6568,0,0,0.4629904,0.3057292,-0.8319674,-0.1238798,0.9517373,0.2808028,0.8776639,-0.02694506,0.4785189,-124.9559,-43.23407,-769.3004,108.1469,17.77276,29.02558,113.376,8.667959,51.56426,-12.60829,0.2722327,2.423049,-0.7831903
2438,0.016659,1,100,0,105.0925,0,100,108.327,0,0,0.4964425,0.3167783,-0.8082055,-0.1344427,0.9478616,0.288935,0.8575953,-0.03478226,0.5131473,-123.1622,-42.93869,-768.7927,106.6905,17.63488,33.36032,113.167,10.0135,52.09212,-12.38543,0.3430872,2.445059,-0.7610723
2439,0.016677,1,100,0,89.66627,0,100,108.0027,0,0,0.5292064,0.3271165,-0.7829019,-0.1460148,0.9440415,0.2957454,0.8358351,-0.04219508,0.5473567,-121.3918,-42.64622,-768.2125,105.0464,17.3301,37.63978,112.924,10.85816,52.14803,-12.10942,0.3856515,2.446972,-0.7361532
2440,0.017122,1,100,0,98.22726,0,100,107.6726,0,0,0.5618909,0.3369482,-0.7554764,-0.1584242,0.9402089,0.3015111,0.8118992,-0.04973058,0.5816756,-119.6037,-42.35224,-767.5433,103.1688,16.83681,41.94942,112.6367,11.33691,52.44897,-11.77778,0.404457,2.462768,-0.7073648
2441,0.016307,1,100,0,106.3808,0,100,107.3263,0,0,0.5922395,0.3455025,-0.727929,-0.1703493,0.9366723,0.3059845,0.7875493,-0.05721391,0.6135904,-117.9318,-42.08112,-766.8373,101.2101,16.19516,45.95654,112.3289,11.5333,52.93555,-11.41814,0.4057684,2.488959,-0.6766472
2442,0.016618,1,100,0,91.00912,0,100,106.9799,0,0,0.6223217,0.3533517,-0.6984686,-0.1823839,0.9332098,0.3096056,0.7612174,-0.06528485,0.6452023,-116.2617,-41.81611,-766.0513,99.04035,15.4399,49.95251,111.9939,11.6962,52.96027,-11.0243,0.4082933,2.492983,-0.6435472
2443,0.016954,1,100,0,99.48611,0,100,106.6127,0,0,0.6519355,0.3604202,-0.6671411,-0.1944301,0.9298562,0.3123524,0.7329234,-0.07392129,0.6762828,-114.5958,-41.55954,-765.182,96.65712,14.51173,53.90452,111.6194,11.71201,53.22338,-10.58954,0.4010748,2.509472,-0.6070449
2444,0.016394,1,100,0,107.6831,0,100,106.2242,0,0,0.6796024,0.3662594,-0.6356058,-0.2060177,0.926864,0.3138149,0.7040578,-0.08232331,0.7053549,-113.0249,-41.32438,-764.2767,94.11968,14.00143,57.83406,111.3523,13.16423,53.66932,-10.07986,0.4826264,2.526083,-0.5649035
2445,0.0167,1,100,0,92.23561,0,100,105.9066,0,0,0.7066715,0.3711839,-0.6023602,-0.2182262,0.9241802,0.3134778,0.6730472,-0.09007503,0.7340938,-111.4682,-41.09399,-763.2892,91.37151,13.37766,61.70355,111.0632,14.1102,53.6537,-9.543461,0.5365103,2.523001,-0.5224149
2446,0.016677,1,100,0,100.5741,0,100,105.5885,0,0,0.7324308,0.3751112,-0.5681872,-0.2303761,0.9218539,0.3116283,0.6406808,-0.09734938,0.7616109,-109.9603,-40.87493,-762.2394,88.47185,12.64479,65.41766,110.7548,14.61767,53.87284,-8.994538,0.5628808,2.533789,-0.4794309
2447,0.016711,1,100,0,85.11644,0,100,105.274,0,0,0.7569534,0.3780569,-0.5330052,-0.2421708,0.9198692,0.3085353,0.606939,-0.1044685,0.7878524,-108.4987,-40.66812,-761.1262,85.41332,11.83242,68.99237,110.4327,14.92736,53.63802,-8.421442,0.5808621,2.523316,-0.4358921
2448,0.016654,1,100,0,93.44344,0,100,104.9604,0,0,0.779982,0.3800278,-0.4971992,-0.2533453,0.9182341,0.3044047,0.5722275,-0.1114671,0.8124843,-107.0937,-40.4761,-759.9582,82.23125,10.92188,72.38291,110.0934,14.95955,53.65443,-7.848097,0.5812063,2.526581,-0.3922531
2449,0.016697,1,100,0,101.7919,0,100,104.6475,0,0,0.8017617,0.3810108,-0.4604444,-0.2637503,0.9169236,0.2994779,0.5362967,-0.1186676,0.835646,-105.739,-40.29932,-758.7316,78.91856,9.91535,75.60143,109.7362,14.80477,53.90061,-7.276043,0.5696304,2.542035,-0.3482183
2450,0.016722,1,100,0,86.32409,0,100,104.3232,0,0,0.8222334,0.3809901,-0.4228224,-0.2732458,0.9159312,0.2939506,0.4992685,-0.1261616,0.8572132,-104.4383,-40.1396,-757.4503,75.48697,8.821008,78.63851,109.3623,14.5312,53.68795,-6.710166,0.5546225,2.535421,-0.3053161
2451,0.01674,1,100,0,94.69409,0,100,103.9854,0,0,0.841263,0.3799869,-0.3845602,-0.281785,0.9152538,0.2879371,0.4613825,-0.1338675,0.8770437,-103.1942,-39.99829,-756.1177,71.93777,7.680699,81.50473,108.9819,14.26885,53.72291,-6.150857,0.5397564,2.540642,-0.2621819
2452,0.016664,1,100,0,103.0261,0,100,103.6458,0,0,0.8588213,0.377978,-0.3457725,-0.28929,0.914892,0.2815744,0.4227734,-0.1417936,0.895074,-102.0155,-39.87698,-754.7446,68.3104,6.478851,84.16631,108.5921,13.93151,53.98254,-5.608145,0.5198864,2.557095,-0.2194908
2453,0.016645,1,100,0,87.62947,0,100,103.2962,0,0,0.8749434,0.3749655,-0.3063899,-0.2957692,0.914829,0.2749699,0.3833987,-0.1499624,0.9113268,-100.8989,-39.77612,-753.3298,64.60021,5.220697,86.63245,108.1925,13.55379,53.78344,-5.083376,0.501332,2.550942,-0.1788641
2454,0.016992,1,100,0,96.12547,0,100,102.9352,0,0,0.8898342,0.3709015,-0.265758,-0.3013552,0.9150562,0.2680621,0.3426082,-0.1584433,0.9260214,-99.82295,-39.69498,-751.8444,60.73006,3.88599,88.95095,107.7753,13.13436,53.83239,-4.567993,0.4796989,2.556988,-0.13806
2455,0.016407,1,100,0,104.329,0,100,102.5614,0,0,0.9027566,0.3659939,-0.2260068,-0.3057488,0.9155415,0.2613458,0.3025695,-0.1668303,0.9384133,-98.84723,-39.6385,-750.3737,56.92527,2.557039,90.99789,107.3669,12.71591,54.0941,-4.092536,0.4576195,2.573176,-0.0993724
2456,0.016678,1,100,0,88.90182,0,100,102.1909,0,0,0.9143857,0.3600097,-0.185181,-0.3092907,0.9163481,0.2542551,0.2612246,-0.1752125,0.9492432,-97.92007,-39.60224,-748.8447,52.90123,1.412466,93.0024,107.0046,13.15711,53.89634,-3.545678,0.4924976,2.561608,-0.05649608
2457,0.016844,1,100,0,97.32382,0,100,101.8535,0,0,0.9245056,0.3529955,-0.1438179,-0.3120244,0.9175756,0.2463655,0.2189297,-0.1828915,0.958447,-97.05205,-39.58498,-747.2677,48.77375,0.2531842,94.83143,106.6393,13.35341,53.94361,-3.027263,0.5117983,2.563132,-0.0157211
2458,0.016513,1,100,0,105.5803,0,100,101.5226,0,0,0.9328629,0.3451928,-0.102998,-0.3138051,0.9191183,0.2382177,0.1768984,-0.1899032,0.9657346,-96.26907,-39.58709,-745.6927,44.67754,-0.884204,96.43097,106.2817,13.34644,54.20682,-2.554914,0.518035,2.576044,0.02189918
2459,0.016831,1,100,0,90.01165,0,100,101.198,0,0,0.9397471,0.3363598,-0.06113796,-0.314649,0.9209064,0.2300604,0.1336854,-0.1969616,0.9712544,-95.53989,-39.61082,-744.0624,40.59782,-2.456345,97.69384,105.822,12.22977,54.00364,-2.109614,0.4589994,2.571985,0.05505079
2460,0.016641,1,100,0,98.33215,0,100,100.7967,0,0,0.944886,0.3268074,-0.01968896,-0.3144993,0.9227265,0.2228599,0.0909998,-0.204385,0.9746521,-94.88677,-39.66036,-742.4307,36.52894,-4.009681,98.74915,105.3652,11.2937,54.04158,-1.704694,0.4102982,2.578519,0.08687957
2461,0.01669,1,100,0,106.6772,0,100,100.3897,0,0,0.9483789,0.3163732,0.02203555,-0.3134715,0.9246068,0.2164207,0.04809549,-0.2121563,0.9760515,-94.29987,-39.73595,-740.7775,32.42033,-5.560504,99.6159,104.9063,10.48454,54.29923,-1.333492,0.3690041,2.594869,0.1177548
2462,0.016723,1,100,0,91.20838,0,100,99.96922,0,0,0.9501803,0.3050805,0.0639011,-0.3116598,0.9265432,0.2106799,0.005067196,-0.2200993,0.9754645,-93.78069,-39.83758,-739.1077,28.28107,-7.102396,100.293,104.4459,9.775142,54.08935,-0.9970055,0.3369974,2.587603,0.1450206
2463,0.016648,1,100,0,99.53238,0,100,99.53881,0,0,0.9502605,0.29309,0.1053717,-0.3091807,0.9285126,0.2056006,-0.03757948,-0.227953,0.9729466,-93.33276,-39.96429,-737.4351,24.14421,-8.620899,100.7789,103.9887,9.136347,54.1182,-0.6975584,0.3086399,2.591412,0.1707301
2464,0.016759,1,100,0,107.9119,0,100,99.11031,0,0,0.9486033,0.2802495,0.1470103,-0.3060755,0.9305215,0.2011155,-0.08043376,-0.235775,0.9684733,-92.95137,-40.11724,-735.7442,19.97147,-10.12716,101.0798,103.5304,8.546906,54.3678,-0.431998,0.2829857,2.605491,0.1951494
2465,0.017111,1,100,0,92.08421,0,100,98.67439,0,0,0.9451066,0.2663668,0.1892677,-0.30225,0.9327362,0.1965919,-0.1241713,-0.2430065,0.9620445,-92.63496,-40.29673,-734.0126,15.52185,-11.20431,101.3859,103.1774,9.647248,54.13586,-0.1123211,0.3666328,2.588463,0.2224902
2466,0.016243,1,100,0,100.2057,0,100,98.33311,0,0,0.9401246,0.2525949,0.2288267,-0.2978617,0.9352282,0.1913815,-0.1656632,-0.2480812,0.9544694,-92.40575,-40.48375,-732.3649,11.28466,-12.12012,101.5122,102.8541,10.36444,54.14354,0.1408885,0.4250437,2.584467,0.2440863
2467,0.016635,1,100,0,84.81833,0,100,98.02758,0,0,0.933327,0.2380586,0.2687545,-0.2926197,0.9381158,0.1852369,-0.2080256,-0.2515295,0.9452295,-92.24241,-40.68906,-730.6759,6.881459,-12.77464,101.5441,102.5755,11.54662,53.71081,0.3042056,0.5152817,2.55667,0.2571009
2468,0.016899,1,100,0,93.26783,0,100,97.76412,0,0,0.9247182,0.2229475,0.3085299,-0.2865654,0.9412409,0.1787343,-0.2505527,-0.2536929,0.9342716,-92.1498,-40.91336,-728.9624,2.672111,-14.25603,101.0577,102.0932,10.23506,53.52712,0.8463553,0.4478932,2.55217,0.2911412
2469,0.016463,1,100,0,101.4993,0,91.7685,97.36248,0,0,0.9147258,0.2076091,0.3466629,-0.2801438,0.9440924,0.1738074,-0.2911978,-0.2561015,0.9217461,-92.12854,-41.15577,-727.3023,-1.473108,-15.6471,100.3627,101.5858,9.149723,53.4461,1.323064,0.3942347,2.551548,0.3219871
2470,0.016684,1,100,0,86.06663,0,83.4265,96.94516,0,0,0.9030316,0.1915228,0.3845164,-0.2732149,0.9468032,0.1700508,-0.3314928,-0.2586169,0.9073201,-92.17661,-41.42443,-725.6328,-5.697352,-17.00158,99.4362,101.04,8.186574,52.79019,1.756595,0.3505423,2.522556,0.3478542
2471,0.016674,1,100,0,94.40363,0,75.0895,96.50599,0,0,0.8898941,0.1750435,0.4212459,-0.2659756,0.9493339,0.1673973,-0.3706012,-0.261007,0.891364,-92.29506,-41.71519,-723.981,-9.917431,-18.29599,98.29437,100.4733,7.3165,52.27567,2.139813,0.312086,2.499887,0.3711253
2472,0.016674,1,100,0,102.7406,0,66.7525,96.06686,0,0,0.8753299,0.1581847,0.4569193,-0.2585109,0.9516796,0.1657649,-0.4086193,-0.2632176,0.8739261,-92.48374,-42.02719,-722.3492,-14.11109,-19.5266,96.94623,99.89486,6.516212,51.89143,2.473325,0.2775477,2.483076,0.3917413
2473,0.016673,1,100,0,87.3181,0,58.416,95.62965,0,0,0.8594258,0.1410376,0.4914222,-0.2509171,0.9538305,0.1650693,-0.4454525,-0.2651711,0.8551353,-92.74208,-42.3593,-720.7412,-18.25749,-20.68918,95.40192,99.31216,5.769227,50.96225,2.757351,0.2475487,2.439813,0.4066186
2474,0.01668,1,100,0,95.6581,0,50.076,95.20058,0,0,0.8423383,0.1238864,0.5245172,-0.2428809,0.9560515,0.1642389,-0.4811185,-0.2657399,0.8354084,-93.07028,-42.70784,-719.1578,-22.50935,-21.29282,93.94777,98.92542,8.137776,50.21472,2.619234,0.4150802,2.396299,0.3964973
2475,0.016717,1,100,0,104.0166,0,41.7175,94.97277,0,0,0.8240402,0.1068839,0.5563573,-0.2339309,0.9586073,0.1623216,-0.5159786,-0.2639087,0.8149344,-93.46969,-43.06818,-717.5975,-26.65148,-22.06443,92.08479,98.37048,7.415633,49.60471,3.085768,0.3849082,2.368489,0.4211171
2476,0.016696,1,100,0,88.57279,0,33.3695,94.61765,0,0,0.8047535,0.08975931,0.5867836,-0.2248435,0.9609393,0.1613719,-0.5493788,-0.261799,0.793501,-93.93711,-43.44043,-716.071,-30.67785,-22.74158,90.07386,97.83461,6.713821,48.47201,3.4905,0.3564294,2.315503,0.4393934
2477,0.016778,1,100,0,96.96179,0,24.9805,94.28119,0,0,0.7845582,0.0725609,0.6157951,-0.2156873,0.9630449,0.1613197,-0.5813328,-0.2593839,0.7712153,-94.47382,-43.82536,-714.5717,-34.60175,-23.32781,87.91653,97.31795,6.017483,47.52365,3.836466,0.3273275,2.27113,0.4546924
2478,0.016598,1,100,0,81.60864,0,16.6815,93.96855,0,0,0.763892,0.05563583,0.6429416,-0.2067143,0.9648786,0.1621073,-0.6113417,-0.2567377,0.7485638,-95.06876,-44.21527,-713.1249,-38.31942,-23.80199,85.6264,96.7822,5.337138,46.0985,4.119051,0.2988154,2.203899,0.4638684
2479,0.016809,1,100,0,66.06032,0,8.276999,93.63396,0,0,0.7426015,0.03878661,0.6686097,-0.1978399,0.9664742,0.1636679,-0.6398458,-0.2538177,0.7253787,-95.73331,-44.61767,-711.699,-41.9566,-24.1979,83.22717,96.29463,4.653193,44.19597,4.346881,0.2694196,2.11387,0.4674909
2480,0.016541,1,100,0,50.75989,0,0.00649929,93.35883,0,0,0.7216478,0.02266879,0.6918892,-0.1894313,0.9677823,0.1658708,-0.665838,-0.2507657,0.7026922,-96.44634,-45.01972,-710.3355,-45.39812,-24.50798,80.81152,95.8756,3.984898,41.92149,4.514261,0.2394865,2.006081,0.465853
2481,0.016678,1,100,0,42.42089,0,0,93.15917,0,0,0.7008133,0.007010244,0.7133104,-0.1813805,0.9688384,0.1686813,-0.6899,-0.2475947,0.6802464,-97.22173,-45.42986,-709.001,-48.66933,-24.74441,78.39527,95.53432,3.319027,39.57808,4.628909,0.2081114,1.894923,0.4608018
2482,0.016811,1,100,0,34.01539,0,0,93.03165,0,0,0.6802567,-0.007889919,0.7329315,-0.1729318,0.9699857,0.1709452,-0.7122818,-0.2430338,0.6584749,-98.05827,-45.84402,-707.6948,-51.93636,-24.40621,76.30079,95.47177,6.583214,37.19117,4.072309,0.4269313,1.778959,0.4126295
2483,0.016524,1,100,0,25.75339,0,0,93.16702,0,0,0.6605648,-0.02108418,0.750473,-0.1628653,0.9717777,0.1706553,-0.7328911,-0.2349549,0.6384882,-98.93365,-46.24285,-706.4446,-55.0453,-23.58418,74.35043,95.46824,8.914929,34.80311,3.487889,0.5837944,1.663174,0.3608446
2484,0.016672,1,100,0,17.41739,0,0,93.3553,0,0,0.6413875,-0.03307661,0.7665038,-0.151977,0.9737952,0.1691916,-0.7520139,-0.2250083,0.6195531,-99.86768,-46.63259,-705.2169,-57.97282,-22.95081,72.20676,95.40128,8.163415,32.33781,3.597135,0.5412064,1.545623,0.3524157
2485,0.016722,1,100,0,9.056387,0,0,93.49641,0,0,0.6230789,-0.04427361,0.7809048,-0.1416698,0.9754947,0.1683434,-0.7692217,-0.2155218,0.601538,-100.8525,-47.0125,-704.0209,-60.72158,-22.24644,70.13075,95.39568,7.278387,29.8322,3.659519,0.4886284,1.426135,0.3419903
2486,0.016663,1,100,0,0.7248869,0,0,93.68927,0,0,0.6058977,-0.05461667,0.7936655,-0.1321714,0.9768646,0.1681255,-0.7844862,-0.2067668,0.5846613,-101.8785,-47.37915,-702.8633,-63.27932,-21.50798,68.14304,95.4481,6.327508,27.30742,3.677582,0.4304755,1.305711,0.3298752
2487,0.016662,1,100,0,-7.606113,0,0,93.92949,0,0,0.5899028,-0.06416496,0.8049209,-0.1235506,0.9779274,0.168503,-0.7979662,-0.1988489,0.5689546,-102.9461,-47.73341,-701.7383,-65.66307,-20.76176,66.24265,95.55511,5.36233,24.75698,3.654896,0.3701762,1.184051,0.316214
2488,0.016684,1,100,0,-15.94811,0,0,94.21442,0,0,0.5751864,-0.07294987,0.8147631,-0.115853,0.9787115,0.169416,-0.8097769,-0.1918385,0.5544901,-104.054,-48.07578,-700.6432,-67.88348,-20.03113,64.43392,95.71386,4.425071,22.17968,3.594629,0.3105398,1.061117,0.3011133
2489,0.016687,1,100,0,-24.29161,0,0,94.54118,0,0,0.5618684,-0.08097757,0.8232538,-0.1091027,0.9792496,0.170784,-0.8200005,-0.1857773,0.5413746,-105.1983,-48.40621,-699.5774,-69.94559,-19.33677,62.72622,95.92119,3.548886,19.58107,3.499996,0.2537884,0.9372001,0.284684
2490,0.016774,1,100,0,-32.67862,0,0,94.90614,0,0,0.5499548,-0.08815861,0.8305286,-0.1027633,0.979715,0.1720416,-0.8288483,-0.1799629,0.5297394,-106.383,-48.72352,-698.5328,-71.98836,-18.07121,61.35239,96.29646,4.665372,16.95602,2.982795,0.3236519,0.8136654,0.2413971
2491,0.016594,1,100,0,-40.97562,0,0,95.42036,0,0,0.5396532,-0.09410398,0.8366115,-0.09607901,0.9803567,0.1722482,-0.8363869,-0.1733351,0.5200112,-107.5881,-49.01598,-697.5215,-73.88309,-16.72631,60.12372,96.71268,5.287639,14.3427,2.45631,0.3609655,0.6900676,0.1980029
2492,0.016702,1,100,0,-49.32661,15.0318,0,95.95911,0,0,0.5308983,-0.098923,0.8416419,-0.08933771,0.9810959,0.171667,-0.8427132,-0.1663281,0.5120245,-108.8321,-49.28778,-696.5233,-75.68055,-15.3638,59.06555,97.2231,5.515673,11.45355,1.916713,0.37184,0.5529968,0.1535859
2493,0.016928,1,100,0,-57.79062,30.267,0,96.57544,0,0,0.5239055,-0.1026019,0.8455744,-0.08283108,0.9818768,0.1704617,-0.8477395,-0.1593457,0.5059121,-110.1229,-49.54036,-695.5284,-77.3979,-14.03222,58.15796,97.82477,5.44776,8.277644,1.365343,0.3626458,0.4020951,0.1083793
2494,0.016428,1,100,0,-66.00462,45.0522,0,97.27204,0,0,0.5191232,-0.1049885,0.8482267,-0.07644516,0.9827459,0.1684237,-0.8512739,-0.1522755,0.5021403,-111.4036,-49.7614,-694.5762,-79.08586,-12.29796,57.57761,98.5951,7.33685,4.992634,0.7740247,0.4778234,0.2497237,0.06051229
2495,0.016687,1,100,0,-74.34811,60.0705,0,98.10844,0,0,0.5164115,-0.1061987,0.8497299,-0.06895691,0.983901,0.164875,-0.8535596,-0.1437381,0.5007747,-112.7324,-49.95665,-693.6177,-80.71794,-10.50255,57.15628,99.4612,8.449871,1.444112,0.1838753,0.5425984,0.0838626,0.01305891
2496,0.016837,1,100,0,-82.76662,75.2238,0,99.0296,0,0,0.5160555,-0.106218,0.8499438,-0.06106895,0.9851939,0.1601992,-0.8543755,-0.1345769,0.5019282,-114.1002,-50.12362,-692.6569,-82.27335,-8.742531,56.88733,100.4067,8.905089,-2.336241,-0.3959592,0.5647977,-0.09372436,-0.03303652
2497,0.016523,1,100,0,-91.02811,90.0945,0,100.0222,0,0,0.5181881,-0.1050861,0.8487862,-0.05332738,0.986522,0.1546955,-0.8536026,-0.1254249,0.5055999,-115.4677,-50.25803,-691.7173,-83.73446,-6.915823,56.8354,101.4374,9.653836,-6.218563,-1.03573,0.6057011,-0.2753237,-0.08206961
2498,0.01668,1,100,0,-99.36812,100,0,101.0793,0,0,0.5229178,-0.1028087,0.8461604,-0.04553839,0.9879124,0.1481738,-0.851166,-0.1160155,0.5119152,-116.872,-50.36376,-690.7689,-85.10222,-5.183352,56.91941,102.5138,9.829893,-10.22715,-1.652304,0.6101261,-0.4634517,-0.1284803
2499,0.016687,1,100,0,-107.7116,100,0,102.1754,0,0,0.5302606,-0.0994923,0.8419768,-0.03823734,0.9892738,0.1409788,-0.8469719,-0.1069505,0.5207686,-118.2989,-50.44151,-689.8179,-86.32553,-3.608396,57.12782,103.5795,9.615751,-14.1509,-2.234311,0.5903217,-0.6478702,-0.1712508
2500,0.016698,1,100,0,-92.26597,100,0,103.2516,0,0,0.539993,-0.09527496,0.8362597,-0.03170859,0.9905644,0.1333299,-0.8410721,-0.09851383,0.5318768,-119.7463,-50.49405,-688.8621,-87.39511,-2.220416,57.47355,104.6233,9.173177,-17.32951,-2.776991,0.557883,-0.7975001,-0.2091756
2501,0.016682,1,100,0,-100.607,100,0,104.2932,0,0,0.5517242,-0.09031147,0.8291226,-0.02610398,0.9917631,0.1253974,-0.833618,-0.09082817,0.5448222,-121.2093,-50.5245,-687.9006,-88.30241,-1.03285,57.96682,105.634,8.610638,-20.48585,-3.274938,0.518519,-0.9459258,-0.2435647
2502,0.016674,1,100,0,-85.18352,100,0,105.2859,0,0,0.5652432,-0.08470663,0.8205639,-0.02147653,0.9928659,0.1172874,-0.8246449,-0.08391876,0.5593914,-122.6858,-50.53622,-686.9304,-89.04402,-0.04127679,58.61398,106.6041,8.012529,-22.95658,-3.724756,0.4786925,-1.062146,-0.2733684
2503,0.016686,1,100,0,-93.52652,100,0,106.2213,0,0,0.5802195,-0.07861779,0.8106569,-0.01789194,0.9938598,0.1091908,-0.8142636,-0.07785888,0.5752502,-124.1747,-50.53368,-685.9483,-89.61073,0.5410246,59.35703,107.4878,7.014923,-25.46626,-3.98569,0.4139051,-1.180279,-0.2909109
2504,0.017002,1,100,0,-102.0275,100,0,107.0698,0,0,0.5969151,-0.07205854,0.799062,-0.01527988,0.9947568,0.1011205,-0.802159,-0.07256991,0.5926843,-125.7007,-50.52026,-684.9335,-90.03413,1.289039,60.34457,108.3941,6.671363,-28.06297,-4.262263,0.3916129,-1.301403,-0.3095091
2505,0.016366,1,100,0,-86.88897,100,0,107.8934,0,0,0.6141724,-0.06543809,0.7864542,-0.01339048,0.9955487,0.09329326,-0.7890584,-0.06782915,0.6105623,-127.1755,-50.49606,-683.9399,-90.26399,1.860694,61.45219,109.2127,6.307211,-29.94112,-4.478048,0.3694493,-1.388968,-0.3231794
2506,0.016685,1,100,0,-95.23147,100,0,108.6177,0,0,0.6326289,-0.05847973,0.772244,-0.0120728,0.9962791,0.08533539,-0.774361,-0.06330878,0.629569,-128.6819,-50.46251,-682.9075,-90.31801,2.314588,62.73103,109.9904,5.920152,-31.9389,-4.648068,0.3463085,-1.481956,-0.3338723
2507,0.016983,1,100,0,-103.723,100,0,109.2857,0,0,0.652275,-0.05123858,0.7562487,-0.01133959,0.9969413,0.07732693,-0.7578976,-0.05901398,0.6496989,-130.2151,-50.42126,-681.834,-90.18211,2.659384,64.17899,110.7196,5.525985,-34.04988,-4.769556,0.3232573,-1.580058,-0.3414015
2508,0.016383,1,100,0,-88.5687,100,0,109.8889,0,0,0.6718869,-0.044152,0.7393367,-0.01118762,0.9975028,0.06973624,-0.7405695,-0.05512628,0.6697151,-131.6908,-50.37662,-680.7742,-89.85175,2.858304,65.71311,111.354,5.144435,-35.49973,-4.881951,0.3019651,-1.647405,-0.3476515
2509,0.016683,1,100,0,-96.91019,91.6585,0,110.393,0,0,0.6921898,-0.03688839,0.7207721,-0.01155786,0.9979981,0.06217608,-0.7216228,-0.05136823,0.6903777,-133.1866,-50.32828,-679.6685,-89.26723,2.980322,67.41187,111.9012,4.77228,-36.93766,-4.947178,0.2817531,-1.714095,-0.35076
2510,0.016756,1,100,0,-105.2882,83.2805,0,110.8038,0,0,0.7128158,-0.02961641,0.7007259,-0.01239503,0.9984202,0.05480745,-0.7012421,-0.04775313,0.7113227,-134.6777,-50.27785,-678.5287,-88.43212,3.071488,69.24014,112.356,4.424321,-38.34211,-4.928868,0.2634774,-1.77911,-0.3484005
2511,0.016609,1,100,0,-89.92487,74.97601,0,111.1177,0,0,0.7332715,-0.02252463,0.6795629,-0.01360309,0.9987652,0.04778303,-0.6798,-0.04428209,0.7320597,-136.1406,-50.2267,-677.368,-87.34919,3.100562,71.15698,112.7067,4.083263,-39.03419,-4.864925,0.2461608,-1.811051,-0.3424824
2512,0.016689,1,100,0,-98.26936,66.63151,0,111.3338,0,0,0.7535222,-0.0155899,0.6572377,-0.01513644,0.9990425,0.04105154,-0.6572484,-0.04088148,0.7525647,-137.591,-50.17509,-676.1692,-86.00775,3.078708,73.16701,112.9612,3.743485,-39.74797,-4.757596,0.2289813,-1.843962,-0.3337664
2513,0.016698,1,100,0,-106.6184,58.28251,0,111.4655,0,0,0.7734318,-0.008889512,0.6338171,-0.01693846,0.9992547,0.03468451,-0.6336531,-0.03756199,0.7727048,-139.0184,-50.12407,-674.9359,-84.41886,3.013728,75.23863,113.1215,3.407787,-40.47764,-4.609653,0.2120677,-1.877581,-0.3224324
2514,0.016657,1,100,0,-91.21064,49.95401,0,111.5163,0,0,0.7927868,-0.002494628,0.609494,-0.01894658,0.9994076,0.02873489,-0.6092047,-0.03432847,0.7922699,-140.4146,-50.07446,-673.6709,-82.59598,2.912597,77.34306,113.1924,3.077748,-40.55462,-4.424716,0.1954971,-1.880952,-0.3083076
2515,0.016684,1,100,0,-99.55264,41.61201,0,111.4945,0,0,0.8114338,0.003554304,0.5844335,-0.0210667,0.9995095,0.0231706,-0.5840644,-0.0311135,0.8111106,-141.7814,-50.02594,-672.3686,-80.55973,2.903129,79.47744,113.2032,2.906465,-40.70001,-4.169677,0.1888772,-1.887464,-0.2897325
2516,0.016674,1,100,0,-107.8896,33.27501,0,111.4267,0,0,0.8293374,0.009172906,0.5586728,-0.02319424,0.9995685,0.01801933,-0.5582665,-0.02790209,0.8291923,-143.1122,-49.97825,-671.0316,-78.30834,2.778647,81.58558,113.1199,2.52166,-40.90681,-3.858504,0.168301,-1.896791,-0.2675765
2517,0.016772,1,100,0,-92.37554,24.88901,0,111.2895,0,0,0.8465143,0.01434489,0.5321727,-0.0253635,0.9995885,0.01340087,-0.5317615,-0.02484179,0.8465299,-144.4119,-49.93254,-669.6515,-75.8448,2.624136,83.67775,112.9659,2.14858,-40.4996,-3.520741,0.1480385,-1.877681,-0.243531
2518,0.016886,1,100,0,-100.8185,16.44601,0,111.1019,0,0,0.862803,0.01903876,0.5051815,-0.02751591,0.9995778,0.009323568,-0.5047907,-0.02194493,0.8629626,-145.6921,-49.88928,-668.2075,-75.72105,2.441393,89.17324,117.0107,1.789196,-40.20132,-3.159692,0.1282784,-1.863618,-0.2181952
2519,0.016507,1,100,0,-85.54957,8.192511,0,115.1229,0,0,0.877721,0.02311518,0.4786144,-0.02953453,0.9995466,0.005888626,-0.4782614,-0.01930423,0.8780058,-146.94,-49.85014,-666.7064,-75.3363,2.23412,94.45872,120.8429,1.453256,-39.36184,-2.790174,0.1093139,-1.824501,-0.1923421
2520,0.016602,1,100,0,-70.19272,0,0,118.9226,0,0,0.8915528,0.0266902,0.4521298,-0.03142799,0.9995017,0.002969976,-0.4518252,-0.01685742,0.8919474,-148.1872,-49.81433,-665.1093,-74.67688,2.006517,99.67437,124.5618,1.142735,-37.9995,-2.405221,0.09126748,-1.761175,-0.1655525
2521,0.016862,1,100,0,-54.59537,0,0,122.6114,0,0,0.904301,0.02977711,0.4258557,-0.03316151,0.99945,0.0005336348,-0.4256056,-0.01460458,0.9047911,-149.4417,-49.78196,-663.3994,-73.81597,1.750194,104.8494,128.2391,0.8449394,-36.28634,-2.005603,0.07336171,-1.681603,-0.1379752
2522,0.016506,1,100,0,-46.34237,0,0,126.2578,0,0,0.9155123,0.03227025,0.400994,-0.03463371,0.9993993,-0.001354836,-0.4007969,-0.01264754,0.9160799,-150.6545,-49.7546,-661.6414,-72.79951,1.47576,109.7983,131.7483,0.5726725,-34.5197,-1.609507,0.05650985,-1.599564,-0.1109297
2523,0.016677,1,100,0,-38.00387,0,0,129.7432,0,0,0.9256354,0.03427217,0.3768617,-0.03586436,0.9993529,-0.002793241,-0.3767135,-0.01093038,0.9262656,-151.8612,-49.73166,-659.7844,-71.44496,1.177071,114.4462,134.9211,0.3164295,-32.64664,-1.208228,0.04017821,-1.512599,-0.08379245
2524,0.016788,1,100,0,-29.60987,0,0,132.909,0,0,0.9346761,0.03577771,0.3536958,-0.03681633,0.999315,-0.003793832,-0.3535892,-0.009475776,0.9353531,-153.0514,-49.7137,-657.8388,-69.78146,0.8558074,118.7624,137.7487,0.07758158,-30.68028,-0.8066341,0.02449761,-1.421317,-0.05687635
2525,0.016642,1,100,0,-21.28887,0,0,135.7507,0,0,0.9425758,0.03677278,0.3319621,-0.03744821,0.9992892,-0.004364565,-0.3318866,-0.008317452,0.9432828,-154.2022,-49.70128,-655.8406,-67.87819,0.5280725,122.6774,140.2052,-0.1553951,-28.66121,-0.3869609,0.008793212,-1.327589,-0.02904594
2526,0.016675,1,100,0,-12.95137,0,0,138.243,0,0,0.9495111,0.03727553,0.3115114,-0.03774203,0.9992774,-0.004533121,-0.3114552,-0.007452824,0.9502317,-155.3223,-49.69442,-653.775,-65.749,0.1803592,126.2374,142.3335,-0.3684026,-26.57268,0.02401215,-0.005982444,-1.230653,-0.001985721
2527,0.016755,1,100,0,-4.573869,0,0,140.4313,0,0,0.9555715,0.03730597,0.2923891,-0.03768699,0.9992803,-0.004331585,-0.2923402,-0.006880126,0.9562897,-156.411,-49.69345,-651.6419,-63.42591,-0.1871078,129.4489,144.1524,-0.5619752,-24.41362,0.4244544,-0.01980294,-1.130461,0.02421715
2528,0.016647,1,100,0,3.749631,0,0,142.3339,0,0,0.9607711,0.03680208,0.2748898,-0.03722118,0.9993001,-0.003693433,-0.2748334,-0.00668318,0.9614685,-157.4535,-49.69889,-649.4714,-61.01741,-0.6074646,132.2473,145.6463,-0.96967,-22.21631,1.051168,-0.04758264,-1.028327,0.06473548
2529,0.016991,1,100,0,12.24513,0,0,143.9253,0,0,0.9653184,0.03559696,0.2586376,-0.03620057,0.9993417,-0.00242984,-0.2585538,-0.007017259,0.9659715,-158.4757,-49.71187,-647.2102,-58.44305,-1.077263,134.7405,146.8733,-1.332548,-19.91919,1.662703,-0.07276537,-0.9215998,0.1040884
2530,0.016399,1,100,0,20.44463,0,14.7591,145.2737,0,0,0.9690218,0.03378907,0.2446532,-0.03467819,0.9993984,-0.0006736689,-0.2445288,-0.007831329,0.9696106,-159.4208,-49.7323,-644.989,-55.98833,-1.584546,136.8556,147.8738,-1.667421,-17.31505,2.265074,-0.09643031,-0.8006755,0.1427731
2531,0.016761,1,100,0,28.82513,0,29.844,146.3998,0,0,0.9721198,0.03129901,0.2323865,-0.03256783,0.9994682,0.001624282,-0.2322121,-0.009147319,0.9726222,-160.3454,-49.76196,-642.6846,-53.51274,-2.142503,138.7391,148.717,-1.960595,-14.26541,2.845519,-0.1176846,-0.6591505,0.1800681
2532,0.016932,1,100,0,37.29113,0,45.0828,147.3866,0,0,0.9745522,0.02815825,0.2223857,-0.02988366,0.9995438,0.004396781,-0.2221605,-0.01093059,0.9749491,-161.2385,-49.80161,-640.3252,-51.21074,-2.741637,140.558,149.6216,-2.207328,-10.82018,3.392895,-0.1360231,-0.4993435,0.2153685
2533,0.016376,1,100,0,45.47913,0,59.8212,148.4439,0,0,0.9762434,0.02454868,0.2152819,-0.02677956,0.9996137,0.007451517,-0.2150158,-0.01303965,0.9765237,-162.0663,-49.8498,-638.014,-49.21862,-3.348738,142.2861,150.5955,-2.397812,-7.182742,3.882027,-0.1505197,-0.3306842,0.2471551
2534,0.016748,1,100,0,53.85313,0,74.89439,149.5722,0,0,0.9773076,0.02030758,0.21085,-0.02312157,0.9996735,0.01088894,-0.21056,-0.01551703,0.977458,-162.8806,-49.90943,-635.6212,-47.4287,-3.987295,144.0341,151.6945,-2.540045,-3.14722,4.342064,-0.1616428,-0.1436236,0.2774355
2535,0.016702,1,100,0,62.20413,0,89.92619,150.8358,0,0,0.9776789,0.01554261,0.2095292,-0.01901605,0.999713,0.01457286,-0.2092426,-0.018232,0.9776939,-163.6643,-49.97961,-633.2059,-45.90893,-4.634762,145.7623,152.8913,-2.630748,1.163867,4.756597,-0.1689244,0.0561665,0.3052464
2536,0.016682,1,100,0,70.54514,0,100,152.2015,0,0,0.9773291,0.01026898,0.2114771,-0.01449606,0.9997249,0.01844771,-0.2112294,-0.02109507,0.9772092,-164.4232,-50.06051,-630.7649,-44.65613,-5.281415,147.4558,154.1599,-2.668028,5.614441,5.125136,-0.172029,0.2623955,0.3305914
2537,0.016653,1,100,0,78.87164,0,100,153.6393,0,0,0.9762251,0.004512751,0.2167122,-0.009615203,0.9997007,0.0224962,-0.2165459,-0.02404509,0.9759763,-165.1613,-50.15238,-628.3005,-43.66355,-5.990575,149.0501,155.4295,-2.784484,9.936673,5.446518,-0.1792791,0.4626924,0.3533266
2538,0.016668,1,100,0,87.20564,0,100,155.0685,0,0,0.9743254,-0.001718845,0.2251388,-0.004418758,0.9996326,0.0267547,-0.2251021,-0.02706262,0.9739599,-165.8852,-50.25612,-625.8077,-42.97349,-6.694008,150.5648,156.7204,-2.828084,14.15277,5.730092,-0.1808589,0.6580805,0.3740568
2539,0.01676,1,100,0,95.58563,0,100,156.4986,0,0,0.9715414,-0.00843817,0.2367193,0.001085679,0.9995134,0.03117312,-0.2368672,-0.03002898,0.9710778,-166.5979,-50.37217,-623.2838,-41.61835,-7.387199,150.6481,156.4657,-2.820494,18.291,5.966919,-0.178077,0.8498884,0.3921838
2540,0.016645,1,100,0,103.9081,0,100,156.3708,0,0,0.9678108,-0.01553054,0.2511995,0.00678617,0.9993418,0.03563936,-0.2515876,-0.03278748,0.9672792,-167.2857,-50.49876,-620.7764,-40.73643,-8.044016,150.6392,156.2573,-2.76208,22.27769,6.153211,-0.1709434,1.034724,0.4073364
2541,0.016753,1,100,0,88.41161,0,100,156.2227,0,0,0.9630126,-0.02306143,0.2684681,0.012739,0.9991134,0.04012834,-0.2691555,-0.03522408,0.9624526,-167.9658,-50.63672,-618.2533,-40.32409,-8.616434,150.5342,156.0795,-2.559644,25.50872,6.344114,-0.1536814,1.18469,0.4225487
2542,0.016637,1,100,0,96.73011,0,100,156.039,0,0,0.9571747,-0.03089571,0.287858,0.01885863,0.9988316,0.04449628,-0.2888964,-0.03716211,0.956639,-168.6369,-50.78286,-615.7501,-40.36165,-9.119515,150.3094,155.901,-2.39498,28.66808,6.465407,-0.1378627,1.331376,0.4332777
2543,0.017068,1,100,0,105.2641,0,100,155.791,0,0,0.9499362,-0.03922693,0.3099719,0.02527957,0.9984844,0.0488867,-0.3114198,-0.03860329,0.949488,-169.3285,-50.94096,-613.1866,-40.84319,-9.547853,149.9487,155.7047,-2.186901,31.87034,6.537619,-0.118075,1.48016,0.4408247
2544,0.016289,1,100,0,90.19679,0,100,155.4625,0,0,0.941748,-0.04738507,0.3329647,0.03150217,0.9981006,0.05294243,-0.3348409,-0.03936932,0.9414519,-169.9985,-51.09816,-610.7467,-41.71624,-9.855101,149.4635,155.4886,-1.960747,34.23839,6.555753,-0.09699475,1.590361,0.4440676
2545,0.016692,1,100,0,98.54279,0,100,155.069,0,0,0.9320428,-0.05586106,0.3580163,0.03792444,0.9976574,0.05693316,-0.3603579,-0.03948658,0.931978,-170.7019,-51.2638,-608.2554,-42.99204,-10.05749,148.8128,155.2247,-1.715522,36.68558,6.525313,-0.07372618,1.704338,0.4438924
2546,0.016997,1,100,0,107.0413,0,100,154.5799,0,0,0.9206467,-0.06454548,0.3850242,0.04449625,0.9971598,0.06076719,-0.3878528,-0.03881298,0.9209039,-172.151,-51.35103,-606.3491,-73.54333,-6.079711,115.9455,154.9055,-3.400044,54.48795,11.46093,-0.1557765,2.532091,0.7720582
2547,0.016388,1,100,0,91.88239,0,100,135.5347,0,0,0.9031059,-0.07868166,0.4221481,0.05499418,0.9961671,0.06802002,-0.425882,-0.03821358,0.9039714,-173.4765,-51.43644,-604.5595,-74.49905,-5.360201,107.4557,137.2617,-3.791549,57.08471,12.19329,-0.1636266,2.653557,0.8201441
2548,0.016557,1,100,0,100.1609,0,100,129.0696,0,0,0.8826897,-0.09373578,0.4605134,0.06589019,0.994912,0.07621551,-0.4653144,-0.03693133,0.8843749,-174.7428,-51.52117,-602.8126,-71.75656,-5.097028,102.8467,130.8398,-3.919391,57.56143,12.18052,-0.1558107,2.676742,0.8183411
2549,0.016733,1,100,0,84.68287,0,100,124.5327,0,0,0.860051,-0.1087929,0.498474,0.07650749,0.9934547,0.08481982,-0.5044391,-0.03481238,0.8627452,-175.9613,-51.60432,-601.1077,-68.78109,-4.899451,99.23085,125.7705,-3.977885,56.97404,11.90935,-0.1453278,2.6506,0.7984486
2550,0.016671,1,100,0,93.01837,0,100,120.4774,0,0,0.8358776,-0.1232924,0.5348902,0.08647636,0.9918579,0.09348631,-0.5420613,-0.03188775,0.8397337,-177.1206,-51.68429,-599.4623,-65.98607,-4.67276,96.13626,121.3206,-3.930935,56.26487,11.46918,-0.129223,2.619,0.7668926
2551,0.016663,1,100,0,101.3499,0,100,116.6463,0,0,0.8102777,-0.1370484,0.5697963,0.09570451,0.9901639,0.1020596,-0.5781788,-0.02816456,0.8154239,-178.2308,-51.76051,-597.8657,-63.579,-4.393866,93.22337,117.3086,-3.95164,55.60348,10.89578,-0.118401,2.589476,0.7261145
2552,0.016688,1,100,0,85.91347,0,100,112.9004,0,0,0.7834186,-0.1499068,0.6031446,0.1040692,0.9884139,0.1104879,-0.6127194,-0.02378952,0.7899426,-179.3006,-51.83208,-596.3127,-61.54755,-4.044983,90.38222,113.5918,-4.015688,54.36834,10.21208,-0.1130345,2.533034,0.67748
2553,0.016633,1,100,0,94.22997,0,91.6835,109.2044,0,0,0.7557757,-0.1616637,0.6345612,0.1114246,0.9866636,0.118658,-0.6452811,-0.0189731,0.7637097,-180.4933,-51.87777,-594.9513,-58.08046,-2.988225,78.91158,110.0496,-3.357283,49.26857,8.356997,-0.07418235,2.297446,0.5522066
2554,0.016768,1,100,0,102.614,0,83.2995,97.80046,0,0,0.7293255,-0.1711387,0.6624168,0.1173176,0.9851516,0.1253514,-0.6740335,-0.01370883,0.7385738,-181.4733,-51.92614,-593.6272,-59.17638,-2.674839,79.06535,98.79437,-3.120907,49.29391,7.598169,-0.0507739,2.300456,0.4989856
2555,0.016649,1,100,0,87.21364,0,74.975,98.31912,0,0,0.7021161,-0.1794296,0.6890849,0.1224806,0.9837396,0.1313575,-0.7014495,-0.007828698,0.712676,-182.9631,-51.90792,-592.7449,-66.64026,-0.7055151,64.0178,99.44307,-2.409562,40.18027,7.913416,-0.02699709,1.876782,0.5128301
2556,0.016742,1,100,0,95.58464,0,66.604,92.37424,0,0,0.6786445,-0.1877141,0.710074,0.1278785,0.9822206,0.1374401,-0.7232488,-0.002469756,0.6905832,-184.0797,-51.91924,-591.6672,-66.80568,-0.615922,65.07226,93.26187,-2.346414,40.44223,7.062438,-0.01622988,1.890306,0.454464
2557,0.016979,1,100,0,104.0741,0,58.11449,93.25645,0,0,0.6540533,-0.1949338,0.7309003,0.1325825,0.9808106,0.142943,-0.7447392,0.003412306,0.6673473,-185.217,-51.92854,-590.5587,-67.34121,-0.4090011,65.70876,94.08851,-2.371713,40.79276,6.171645,-0.01148666,1.907722,0.3931379
2558,0.016342,1,100,0,88.95779,0,49.9435,94.00081,0,0,0.6297452,-0.200712,0.7504237,0.1363162,0.9796058,0.1476156,-0.7647476,0.009334691,0.6442624,-186.3219,-51.93365,-589.4838,-68.15255,-0.1174568,65.91928,94.81632,-2.494418,40.55919,5.298781,-0.01594082,1.897302,0.3329542
2559,0.016735,1,100,0,97.32529,0,41.576,94.58772,0,0,0.6044537,-0.2054344,0.7696965,0.1392785,0.9785492,0.1518005,-0.7843709,0.01544581,0.6201003,-187.4683,-51.93353,-588.3814,-69.21806,0.2601012,65.75985,95.47548,-2.679267,40.44003,4.39403,-0.0247375,1.892012,0.2706012
2560,0.016815,1,100,0,105.7328,0,33.1685,95.07435,0,0,0.5786101,-0.2089531,0.7883838,0.1413645,0.9776884,0.1553762,-0.8032601,0.02154722,0.5952389,-188.6393,-51.92669,-587.2784,-70.47685,0.7032161,65.24142,96.04126,-2.910306,40.43079,3.481282,-0.03695176,1.89167,0.2077198
2561,0.016532,1,100,0,90.4407,0,24.9025,95.46063,0,0,0.5528914,-0.2112197,0.8060381,0.1425372,0.9770549,0.1582625,-0.8209717,0.02738843,0.5703119,-189.8117,-51.91243,-586.2047,-71.79098,1.182392,64.35896,96.42312,-3.167006,39.86483,2.58756,-0.05374661,1.864923,0.1465053
2562,0.016669,1,100,0,75.02187,0,16.568,95.67542,0,0,0.5270451,-0.2123512,0.8228793,0.1428363,0.9766386,0.1605451,-0.8377477,0.03292249,0.545064,-191.0164,-51.8899,-585.1382,-73.23458,1.693878,63.18955,96.7424,-3.42997,38.77426,1.696977,-0.07372531,1.813348,0.08611652
2563,0.01667,1,100,0,59.60212,0,8.232997,95.85021,0,0,0.5016739,-0.2123817,0.8385807,0.1422782,0.9764498,0.1621821,-0.8532765,0.03794923,0.5200767,-192.2458,-51.85868,-584.0926,-74.76064,2.231013,61.77557,97.00697,-3.642665,37.20792,0.818316,-0.09307212,1.739435,0.02735959
2564,0.01664,1,100,0,51.28212,0,0,96.00419,0,0,0.477154,-0.2113826,0.8530192,0.1409308,0.9764847,0.1631455,-0.8674463,0.04237114,0.4957239,-193.4985,-51.8186,-583.0736,-76.33188,2.764506,60.15326,97.22455,-3.825719,35.40985,-0.03597936,-0.1120605,1.654615,-0.02900305
2565,0.016672,1,100,0,42.94612,0,0,96.15034,0,0,0.4535859,-0.2094249,0.8662569,0.1388595,0.9767345,0.1634247,-0.8803282,0.04616085,0.4721137,-194.7799,-51.76971,-582.0804,-77.90057,3.269625,58.40128,97.41611,-3.968298,33.52477,-0.8633866,-0.1293252,1.565764,-0.08290882
2566,0.016685,1,100,0,34.60362,0,0,96.30105,0,0,0.4311176,-0.2065806,0.8783292,0.1361488,0.9771864,0.1630045,-0.891965,0.04930938,0.449408,-196.0883,-51.71256,-581.1161,-79.44706,3.734806,56.55461,97.59205,-4.064724,31.5625,-1.657538,-0.144324,1.473388,-0.1339955
2567,0.016682,1,100,0,26.26262,0,0,96.46424,0,0,0.4098758,-0.2029265,0.8892822,0.1328854,0.9778219,0.1618827,-0.9024099,0.05182086,0.4277515,-197.4221,-51.64796,-580.1833,-80.95618,4.145357,54.64396,97.76017,-4.127244,29.53213,-2.413309,-0.1576526,1.377888,-0.1819993
2568,0.016952,1,100,0,17.78662,0,0,96.64452,0,0,0.3896339,-0.1984628,0.8993319,0.1290886,0.9786341,0.1600357,-0.911878,0.0537382,0.4069283,-198.8029,-51.57564,-579.2681,-82.44296,4.506515,52.66617,97.93302,-4.139082,27.40188,-3.137414,-0.1682557,1.277855,-0.2273971
2569,0.016405,1,100,0,9.584124,0,0,96.85146,0,0,0.3714272,-0.1934911,0.9080767,0.1250379,0.9795585,0.1575786,-0.9200042,0.05501503,0.3880284,-200.163,-51.50011,-578.4146,-83.83052,4.798067,50.74375,98.10966,-4.101515,25.29192,-3.791407,-0.1755459,1.178942,-0.2678782
2570,0.016697,1,100,0,1.235623,0,0,97.07841,0,0,0.3543466,-0.1878478,0.9160523,0.1206358,0.9806125,0.1544225,-0.9273003,0.05578961,0.3701379,-201.5703,-51.41854,-577.578,-85.18772,5.055679,48.80613,98.30843,-3.986524,23.08957,-4.417552,-0.1781334,1.075976,-0.3061644
2571,0.016882,1,100,0,-7.205377,0,0,97.34164,0,0,0.3386316,-0.1816081,0.9232266,0.1159967,0.9817696,0.1505775,-0.9337419,0.05610092,0.3535242,-203.0159,-51.33204,-576.7648,-86.50085,5.25887,46.88132,98.52874,-3.833539,20.81323,-4.997213,-0.1783182,0.9696947,-0.3411584
2572,0.01648,1,100,0,-15.44538,0,0,97.63818,0,0,0.3248625,-0.1750642,0.9294176,0.1113529,0.9829639,0.1462285,-0.9391834,0.05598918,0.3388221,-204.4482,-51.24456,-576.0023,-87.72425,5.402094,45.05598,98.76623,-3.651054,18.55484,-5.508129,-0.1761572,0.8643922,-0.3715955
2573,0.01673,1,100,0,-23.81038,0,0,97.95757,0,0,0.3125079,-0.1680344,0.934935,0.1065762,0.984218,0.1412681,-0.9439178,0.05549445,0.3254844,-205.9224,-51.15374,-575.2584,-88.90617,5.478127,43.26816,99.02753,-3.473969,16.22075,-5.969875,-0.174168,0.7555808,-0.3987071
2574,0.016743,1,100,0,-32.18188,15.0687,0,98.30724,0,0,0.3018905,-0.1606792,0.9397044,0.1017622,0.9854941,0.1358165,-0.947896,0.05462471,0.3138624,-207.4175,-51.06189,-574.5432,-90.0677,5.498372,41.6134,99.3685,-3.266923,13.60177,-6.373439,-0.1705613,0.6335846,-0.4217622
2575,0.016604,1,100,0,-40.48388,30.0123,0,98.73605,0,0,0.293302,-0.1531459,0.9436738,0.0969992,0.9867592,0.1299899,-0.9510862,0.05340929,0.3042735,-208.9192,-50.97073,-573.8605,-91.20383,5.470246,40.10743,99.78311,-3.033527,10.74956,-6.714769,-0.1652427,0.5008384,-0.4406213
2576,0.01669,1,100,0,-48.82888,45.0333,0,99.2385,0,0,0.2868077,-0.1454018,0.9468896,0.09227934,0.9880117,0.1237655,-0.9535337,0.05188147,0.2967869,-210.4477,-50.8797,-573.1987,-92.33697,5.419209,38.74082,100.2813,-2.72226,7.64051,-7.015003,-0.1548769,0.3564089,-0.4566829
2577,0.016676,1,100,0,-57.16688,60.0417,0,99.82534,0,0,0.2826434,-0.1375484,0.949312,0.0876972,0.9892262,0.1172212,-0.9552079,0.05012022,0.2916608,-211.9938,-50.78976,-572.5594,-93.46051,5.338527,37.52298,100.8531,-2.392273,4.311232,-7.255249,-0.1429902,0.2018481,-0.4688555
2578,0.016684,1,100,0,-65.50888,75.0573,0,100.4858,0,0,0.280968,-0.1296403,0.9509209,0.08325295,0.9903919,0.1104227,-0.9560995,0.04814171,0.2890614,-213.5593,-50.70137,-571.9393,-94.5741,5.213313,36.45597,101.4913,-2.110672,0.7722806,-7.434029,-0.1337284,0.03750223,-0.4771242
2579,0.016692,1,100,0,-73.85488,90.0801,0,101.2112,0,0,0.281937,-0.1217384,0.9516782,0.07892823,0.9914982,0.1034495,-0.956181,0.04594804,0.2891486,-215.1441,-50.61517,-571.3359,-95.68291,5.064355,35.55344,102.2004,-1.811137,-2.963668,-7.554174,-0.1227427,-0.1358655,-0.4817341
2580,0.01667,1,100,0,-82.18988,100,0,102.0031,0,0,0.2856595,-0.1139099,0.9515373,0.0747548,0.9925339,0.09637564,-0.9554111,0.04360137,0.292042,-216.7452,-50.53166,-570.7473,-96.76851,4.898024,34.81979,102.959,-1.4988,-6.790789,-7.616505,-0.1100751,-0.3133361,-0.482879
2581,0.016678,1,100,0,-90.52888,100,0,102.8361,0,0,0.2921531,-0.1061844,0.9504585,0.07074693,0.9934939,0.08924602,-0.9537513,0.04116852,0.2977645,-218.3648,-50.45096,-570.1697,-97.79727,4.718585,34.25789,103.7313,-1.178941,-10.54143,-7.62258,-0.09573106,-0.4871274,-0.4808101
2582,0.016879,1,100,0,-98.96838,100,0,103.6693,0,0,0.3014635,-0.09851179,0.948375,0.06687964,0.9943831,0.08203157,-0.9511291,0.03869746,0.3063586,-220.021,-50.37237,-569.5936,-98.77327,4.529289,33.88448,104.5219,-0.8551362,-14.26713,-7.573425,-0.08006822,-0.6596645,-0.4755539
2583,0.016483,1,100,0,-107.2099,100,0,104.5022,0,0,0.3131536,-0.09119163,0.9453143,0.06329317,0.9951704,0.07503401,-0.9475912,0.03633477,0.317413,-221.6539,-50.29873,-569.0359,-99.65147,4.342473,33.73265,105.2956,-0.559274,-17.8332,-7.490583,-0.06502692,-0.8247523,-0.4685364
2584,0.016684,1,100,0,-91.77718,100,0,105.2938,0,0,0.3273396,-0.08397026,0.9411684,0.05984911,0.9958861,0.06803654,-0.9430096,0.03405704,0.3310185,-223.321,-50.22732,-568.4728,-100.4597,4.155349,33.7995,106.0746,-0.2726876,-20.71895,-7.356297,-0.04867114,-0.9582039,-0.4589013
2585,0.016854,1,100,0,-100.2042,100,0,106.0643,0,0,0.3436877,-0.07679199,0.935939,0.05644113,0.9965385,0.06103821,-0.9373865,0.03184737,0.3468322,-225.018,-50.1591,-567.9014,-101.145,3.830981,34.13234,106.8176,-0.2840195,-23.63412,-7.448003,-0.05070518,-1.093259,-0.4639511
2586,0.016495,1,100,0,-84.9463,100,0,106.7721,0,0,0.3614736,-0.0697206,0.929772,0.05293733,0.9971265,0.0541905,-0.9308786,0.02963121,0.3641257,-226.6895,-50.09775,-567.3353,-101.7198,3.495856,34.68151,107.5265,-0.278642,-25.82893,-7.484686,-0.05008569,-1.194831,-0.4660844
2587,0.01668,1,100,0,-93.2863,100,0,107.4208,0,0,0.3808894,-0.06255443,0.9225022,0.04926209,0.9976647,0.04731148,-0.9233075,0.02742395,0.3830815,-228.3889,-50.04138,-566.7526,-102.1966,3.147899,35.45702,108.2185,-0.2646131,-28.10319,-7.470572,-0.04840122,-1.300063,-0.4650901
2588,0.016689,1,100,0,-101.6308,100,0,108.0281,0,0,0.4017439,-0.05541594,0.9140738,0.04546523,0.9981434,0.04053029,-0.9146227,0.02527579,0.4035175,-230.0965,-49.99085,-566.1553,-102.5568,2.786948,36.44717,108.8763,-0.280521,-30.42608,-7.406391,-0.04811777,-1.407575,-0.4610121
2589,0.016673,1,100,0,-86.20827,100,0,108.5783,0,0,0.423823,-0.04835344,0.9044535,0.0415687,0.9985603,0.03390562,-0.9047908,0.02322698,0.4252228,-231.8078,-49.94631,-565.5409,-102.7948,2.440976,37.64949,109.4999,-0.2538864,-32.12387,-7.301682,-0.04402784,-1.486066,-0.4547131
2590,0.016678,1,100,0,-94.54727,100,0,109.0739,0,0,0.4468247,-0.04139038,0.8936636,0.03762049,0.9989151,0.02745519,-0.8938305,0.02135241,0.4478971,-233.5229,-49.90745,-564.9052,-102.9001,2.10984,39.05278,110.0818,-0.2314319,-33.91597,-7.150385,-0.03990896,-1.56895,-0.4454095
2591,0.01665,1,100,0,-102.8723,100,0,109.5119,0,0,0.4707044,-0.03459113,0.8816127,0.03364876,0.9992081,0.02123962,-0.8816493,0.01966759,0.4714956,-235.236,-49.87404,-564.2462,-102.8649,1.800982,40.64098,110.617,-0.2167169,-35.78964,-6.955125,-0.03599744,-1.655637,-0.4332577
2592,0.016666,1,100,0,-87.45621,100,0,109.8882,0,0,0.4953618,-0.02798215,0.8682361,0.02966398,0.9994432,0.01528636,-0.8681803,0.01818306,0.495916,-236.9494,-49.8456,-563.5591,-102.6808,1.519231,42.40596,111.1032,-0.2134851,-37.07743,-6.718072,-0.03220569,-1.715215,-0.418595
2593,0.016773,1,100,0,-95.84271,100,0,110.2029,0,0,0.5206355,-0.02156848,0.8535067,0.02565081,0.9996248,0.009614066,-0.8533939,0.01688771,0.5209934,-238.6698,-49.82162,-562.8369,-102.3344,1.253272,44.34333,111.5358,-0.2739105,-38.50081,-6.443748,-0.032378,-1.781128,-0.401441
2594,0.016584,1,100,0,-104.1347,100,0,110.4553,0,0,0.5460922,-0.01550555,0.8375816,0.02167095,0.9997556,0.004378582,-0.8374448,0.01576008,0.5462947,-240.3642,-49.80214,-562.0901,-101.8307,1.019661,46.4042,111.9101,-0.3456695,-40.01956,-6.137227,-0.0332295,-1.85148,-0.3821425
2595,0.016661,1,100,0,-88.72329,100,0,110.644,0,0,0.571987,-0.009730326,0.820205,0.01768437,0.9998435,-0.0004711365,-0.8200721,0.0147743,0.5720696,-242.0572,-49.78629,-561.3048,-101.1576,0.8164934,48.60412,112.2314,-0.4326985,-40.98515,-5.797404,-0.03485084,-1.896239,-0.3608104
2596,0.017004,1,100,0,-97.22529,100,0,110.7735,0,0,0.5984608,-0.004194167,0.8011411,0.01365319,0.9998945,-0.004964388,-0.8010358,0.01390913,0.598455,-243.7725,-49.77341,-560.4649,-100.2934,0.6430267,50.96609,112.5021,-0.5368431,-42.12827,-5.421445,-0.03756428,-1.949239,-0.3370608
2597,0.016383,1,100,0,-105.4168,100,0,110.8485,0,0,0.6240374,0.0007593152,0.7813942,0.009833705,0.9999128,-0.008825056,-0.7813328,0.01319117,0.6239755,-245.4102,-49.76362,-559.6169,-99.28754,0.5088003,53.33878,112.7089,-0.6527991,-43.35778,-5.034009,-0.04125918,-2.006249,-0.3124786
2598,0.016667,1,100,0,-89.99981,91.6665,0,110.8654,0,0,0.6499586,0.005396951,0.7599507,0.006047412,0.9999066,-0.01227318,-0.7599459,0.0125728,0.6498652,-247.0581,-49.75565,-558.7139,-98.01931,0.4188627,55.87197,112.8257,-0.7315541,-43.91646,-4.632152,-0.04266888,-2.032209,-0.287073
2599,0.016807,1,100,0,-98.40331,83.263,0,110.8039,0,0,0.6756625,0.00965154,0.7371479,0.002379162,0.9998804,-0.01527224,-0.7372071,0.01207267,0.6755587,-248.6971,-49.74894,-557.7599,-96.48952,0.3641341,58.51868,112.8485,-0.8318503,-44.50859,-4.207948,-0.04566602,-2.059725,-0.2601464
2600,0.016509,1,100,0,-106.6578,75.0085,0,110.67,0,0,0.7004471,0.01339298,0.7135788,-0.001054474,0.9998424,-0.01773073,-0.7137038,0.01166699,0.7003509,-250.2806,-49.74306,-556.7791,-94.74753,0.3420313,61.18147,112.7847,-0.9491445,-45.11404,-3.776069,-0.0500729,-2.087856,-0.2326601
2601,0.016648,1,100,0,-91.25841,66.6845,0,110.4742,0,0,0.7248102,0.01671354,0.6887458,-0.004325547,0.9997963,-0.01970964,-0.688935,0.01130655,0.7247349,-251.847,-49.73734,-555.7454,-92.75653,0.3486254,63.90395,112.6393,-1.077999,-45.08495,-3.329252,-0.05567228,-2.086603,-0.2043157
2602,0.016677,1,100,0,-99.59691,58.346,0,110.2206,0,0,0.7483285,0.01957667,0.6630394,-0.007384238,0.9997483,-0.02118412,-0.6632873,0.01095664,0.7482848,-253.3817,-49.73138,-554.6644,-90.53616,0.377134,66.64298,112.4199,-1.218253,-45.13324,-2.873651,-0.06234637,-2.088922,-0.1753842
2603,0.01666,1,100,0,-107.9269,50.016,0,109.9235,0,0,0.7709482,0.02197071,0.636519,-0.01021099,0.999703,-0.02213924,-0.6368164,0.01056872,0.7709436,-254.8767,-49.725,-553.5389,-88.10189,0.3969745,69.36272,112.1307,-1.416645,-45.25304,-2.427031,-0.07309162,-2.094517,-0.1470459
2604,0.016676,1,100,0,-92.50161,41.678,0,109.5837,0,0,0.7926134,0.02391206,0.6092556,-0.01281427,0.9996633,-0.02256401,-0.6095899,0.01007736,0.792653,-256.3314,-49.71827,-552.3672,-85.46871,0.4192937,72.04731,111.785,-1.60798,-44.77414,-1.979218,-0.0839949,-2.072374,-0.1188237
2605,0.016686,1,100,0,-100.8446,33.335,0,109.2136,0,0,0.8131338,0.02540849,0.5815223,-0.0151608,0.9996327,-0.02247789,-0.5818798,0.009461184,0.8132204,-257.742,-49.71117,-551.1503,-82.6543,0.4391749,74.67487,111.3924,-1.78583,-44.41317,-1.533504,-0.09436461,-2.055681,-0.09080628
2606,0.016682,1,100,0,-85.41376,24.994,0,108.8262,0,0,0.8324518,0.02646691,0.5534648,-0.01720381,0.9996114,-0.02192602,-0.55383,0.008730651,0.8325835,-259.1045,-49.70365,-549.8903,-79.68606,0.4753412,77.22626,110.9684,-1.890617,-43.49592,-1.089272,-0.1006764,-2.013242,-0.06305246
2607,0.016919,1,100,0,-93.87326,16.5345,0,108.434,0,0,0.8507066,0.0271049,0.5249415,-0.01891676,0.9996014,-0.02095755,-0.5253003,0.007898534,0.8508801,-260.435,-49.69543,-548.5695,-76.53536,0.5073227,79.71574,110.5103,-1.986291,-42.72678,-0.6465889,-0.1066862,-1.977649,-0.03542998
2608,0.016453,1,100,0,-78.65424,8.308001,0,108.0366,0,0,0.8671775,0.02731351,0.4972495,-0.02021565,0.9996025,-0.01965229,-0.4975887,0.006989803,0.867385,-261.6769,-49.68696,-547.2453,-73.34938,0.5284753,82.00047,110.0204,-2.066659,-41.47457,-0.2264765,-0.1122882,-1.919674,-0.009349097
2609,0.016674,1,100,0,-63.23079,0,0,107.6275,0,0,0.8824449,0.02713947,0.4696322,-0.0211675,0.9996139,-0.01799247,-0.4699391,0.005936421,0.8826787,-262.8817,-49.67828,-545.8656,-70.04394,0.5056134,84.21769,109.5401,-2.172442,-39.72914,0.1672468,-0.1200408,-1.838826,0.01492541
2610,0.016925,1,100,0,-54.76829,0,0,107.2565,0,0,0.8964323,0.02660059,0.4423815,-0.02177431,0.9996351,-0.01598549,-0.4426453,0.004697363,0.8966845,-264.0485,-49.66998,-544.4283,-66.71539,0.458358,86.32296,109.1,-2.250447,-37.8659,0.5514235,-0.1263047,-1.752524,0.03851803
2611,0.016475,1,100,0,-46.53079,0,0,106.9379,0,0,0.908653,0.02574139,0.4167583,-0.0220042,0.9996632,-0.01376947,-0.4169724,0.003341237,0.9089134,-265.1301,-49.66281,-542.9955,-63.52057,0.3883283,88.23455,108.7214,-2.297203,-35.97935,0.9082667,-0.1307461,-1.665144,0.06036434
2612,0.016651,1,100,0,-38.20529,0,0,106.6852,0,0,0.9196873,0.02455956,0.3918827,-0.02187244,0.9996967,-0.01132049,-0.3920419,0.001839881,0.9199455,-266.1703,-49.65686,-541.5162,-60.3488,0.2937188,90.03412,108.3891,-2.317618,-33.9987,1.25001,-0.1336786,-1.573408,0.08124253
2613,0.016683,1,100,0,-29.86379,0,0,106.4863,0,0,0.9294966,0.02307795,0.3681082,-0.02137428,0.9997337,-0.008705274,-0.368211,0.0002234755,0.9297423,-267.1599,-49.65261,-540.0048,-57.24356,0.1761694,91.70935,108.1086,-2.311017,-31.9478,1.571857,-0.1349962,-1.478425,0.1008855
2614,0.016687,1,100,0,-21.52029,0,0,106.3438,0,0,0.9381456,0.02131697,0.3455844,-0.02051572,0.9997718,-0.005976478,-0.3456329,-0.001483106,0.9383688,-268.0984,-49.65043,-538.4656,-54.22366,0.03737169,93.26356,107.8809,-2.278821,-29.83601,1.8718,-0.1347369,-1.380626,0.1191961
2615,0.016762,1,100,0,-13.13929,0,0,106.257,0,0,0.9457508,0.01928658,0.32432,-0.01929439,0.9998088,-0.003191944,-0.3243196,-0.003238771,0.9459422,-268.9911,-49.65051,-536.8942,-51.29124,-0.09095033,94.71584,107.7121,-2.15308,-27.65821,2.148597,-0.1285051,-1.279799,0.136131
2616,0.016642,1,100,0,-4.818289,0,0,106.2308,0,0,0.9523135,0.01702805,0.3046454,-0.01772731,0.9998427,-0.0004707715,-0.3046055,-0.004952222,0.9524656,-269.8292,-49.65277,-535.3105,-48.48998,-0.2281173,96.0508,107.5969,-2.015162,-25.44739,2.399839,-0.1214487,-1.17744,0.1515862
2617,0.016663,1,100,0,3.513211,0,0,106.2565,0,0,0.9579836,0.01454103,0.2864549,-0.0158286,0.9998726,0.002179615,-0.2863868,-0.006622215,0.9580917,-270.6223,-49.65736,-533.7031,-45.80452,-0.3734426,97.28841,107.5325,-1.865709,-23.1877,2.627043,-0.1135824,-1.072818,0.1656593
2618,0.016682,1,100,0,11.85421,0,0,106.3315,0,0,0.962837,0.01184139,0.2698241,-0.01362293,0.9998963,0.004730861,-0.2697401,-0.008230842,0.9628984,-271.3722,-49.66442,-532.0736,-43.24518,-0.5236821,98.43586,107.5176,-1.704134,-20.88329,2.829912,-0.1048275,-0.9661227,0.1783363
2619,0.016676,1,100,0,20.19221,0,0,106.453,0,0,0.9669418,0.008949644,0.2548406,-0.01114038,0.9999125,0.007154411,-0.2547543,-0.009756919,0.9669569,-272.0799,-49.67399,-530.4261,-40.82452,-0.6772351,99.49844,107.5502,-1.535328,-18.54156,3.006996,-0.09545713,-0.8576966,0.1895263
2620,0.016684,1,100,0,28.53421,0,15.0156,106.6175,0,0,0.9703553,0.005880169,0.2416116,-0.008408244,0.9999203,0.009433671,-0.2415369,-0.01118554,0.9703274,-272.7487,-49.68614,-528.7604,-38.60484,-0.8325666,100.5252,107.6863,-1.361209,-15.89662,3.157983,-0.08558818,-0.7352285,0.1992591
2621,0.016983,1,100,0,37.02571,0,30.3003,106.8762,0,0,0.9731396,0.002590494,0.2302018,-0.005403457,0.9999184,0.01158999,-0.230153,-0.01252256,0.9730742,-273.3927,-49.70116,-527.0474,-36.54222,-0.9896028,101.5455,107.925,-1.180219,-12.91218,3.284773,-0.07505754,-0.597037,0.207673
2622,0.016375,1,100,0,45.21321,0,45.0378,107.234,0,0,0.9751825,-0.0007166597,0.2214019,-0.002333209,0.9999061,0.01351342,-0.2213908,-0.01369463,0.9750893,-273.9812,-49.71829,-525.3793,-34.7346,-1.16118,102.5095,108.2406,-1.046069,-9.797013,3.352979,-0.06718129,-0.4527941,0.2125344
2623,0.016685,1,100,0,53.55571,0,60.0543,107.6617,0,0,0.9766412,-0.004185832,0.2148364,0.0009124745,0.9998822,0.01533343,-0.2148753,-0.01477922,0.9765299,-274.5516,-49.73862,-523.6635,-33.08002,-1.33395,103.4837,108.6506,-0.9050495,-6.379843,3.397267,-0.05849493,-0.2945634,0.2160825
2624,0.016865,1,100,0,61.98821,0,75.2328,108.1827,0,0,0.9774854,-0.007785631,0.21086,0.004296739,0.9998464,0.01699913,-0.2109599,-0.01571039,0.9773687,-275.1012,-49.76189,-521.9127,-31.60745,-1.472091,104.471,109.1576,-0.6942436,-2.696892,3.432533,-0.04488336,-0.124007,0.2192663
2625,0.016495,1,100,0,70.23571,0,90.07829,108.7977,0,0,0.9776908,-0.01139344,0.2097409,0.007700852,0.9998011,0.01841376,-0.209909,-0.01638778,0.9775841,-275.6157,-49.78682,-520.1841,-30.36402,-1.591469,105.4365,109.7331,-0.4982424,1.099668,3.441561,-0.03172585,0.05182145,0.2209189
2626,0.016681,1,100,0,78.57621,0,100,109.4728,0,0,0.9772595,-0.01511023,0.2115078,0.01120764,0.9997444,0.01963802,-0.2117504,-0.01682094,0.9771791,-276.1163,-49.81393,-518.42,-29.30095,-1.694513,106.3994,110.3732,-0.3137861,5.042793,3.425934,-0.01877226,0.2344501,0.2211052
2627,0.016674,1,100,0,86.91321,0,100,110.2042,0,0,0.9761623,-0.0188714,0.2162203,0.01474834,0.9996778,0.02066661,-0.2165406,-0.01698507,0.9761261,-276.6,-49.84265,-516.6408,-28.43696,-1.777202,107.3123,111.0304,-0.1472269,8.896297,3.385863,-0.006467539,0.4129421,0.2197152
2628,0.016682,1,100,0,95.25421,0,100,110.9383,0,0,0.9743696,-0.02265226,0.2238097,0.01829638,0.9996011,0.02151733,-0.2242079,-0.01687093,0.9743954,-277.0708,-49.87263,-514.8458,-27.79192,-1.837844,108.1721,111.7004,-0.002312077,12.67103,3.322095,0.004938076,0.5877988,0.216742
2629,0.016683,1,100,0,103.5957,0,100,111.6646,0,0,0.9718292,-0.02641069,0.2342022,0.02180654,0.9995154,0.02222719,-0.2346757,-0.01649389,0.9719341,-277.5322,-49.90361,-513.0367,-27.3772,-1.894732,108.9696,112.372,0.06094899,16.37151,3.207103,0.01157672,0.7591933,0.2103719
2630,0.016688,1,100,0,88.15931,0,100,112.3672,0,0,0.9685074,-0.03009254,0.2471596,0.02522954,0.9994211,0.02281979,-0.2477032,-0.01586541,0.968706,-277.9881,-49.93522,-511.2141,-27.21506,-1.893402,109.7084,113.0494,0.1970871,19.33805,3.072731,0.02296047,0.8966518,0.2024122
2631,0.016674,1,100,0,96.49631,0,100,113.0465,0,0,0.9644049,-0.03372219,0.2622703,0.02859689,0.9993184,0.02333557,-0.2628785,-0.01500482,0.964712,-278.4426,-49.96722,-509.3813,-27.34582,-1.969938,110.3414,113.6965,0.1097678,22.29368,3.10786,0.02038341,1.033552,0.205158
2632,0.016811,1,100,0,104.9018,0,100,113.6658,0,0,0.9593714,-0.03743742,0.2796513,0.03200699,0.9992004,0.02396158,-0.2803248,-0.01403725,0.9598026,-278.9044,-50.00072,-507.5233,-27.73464,-2.039587,110.8967,114.3305,0.02809947,25.2676,3.119914,0.0186014,1.171313,0.2062902
2633,0.016562,1,100,0,89.58196,0,100,114.2423,0,0,0.9534653,-0.04111621,0.298686,0.03535367,0.9990702,0.024673,-0.2994227,-0.01296521,0.9540324,-279.3673,-50.03483,-505.6841,-28.37293,-2.097164,111.352,114.929,-0.04908862,27.52916,3.109192,0.01696084,1.276091,0.2056437
2634,0.016683,1,100,0,97.92346,0,100,114.7561,0,0,0.946557,-0.04479831,0.3194104,0.03870088,0.9989277,0.0254146,-0.3202064,-0.0116949,0.9472757,-279.8456,-50.06968,-503.8242,-29.2673,-2.072369,111.7263,115.5146,0.06148486,29.85614,3.070143,0.02770044,1.384056,0.2030016
2635,0.016995,1,100,0,106.421,0,100,115.2314,0,0,0.9384089,-0.04847224,0.34211,0.04206766,0.9987733,0.02612061,-0.3429565,-0.01012005,0.939297,-280.3495,-50.10487,-501.924,-30.41755,-2.064914,111.9816,116.0576,-0.02508257,32.27385,2.983228,0.02618782,1.496085,0.1970301
2636,0.01637,1,100,0,91.27871,0,100,115.6367,0,0,0.9294317,-0.05188374,0.3653286,0.04518425,0.9986173,0.02686986,-0.3662175,-0.008466601,0.9304909,-280.8547,-50.13853,-500.0901,-31.75949,-2.037655,112.1053,116.535,-0.1164562,33.9899,2.880739,0.02387506,1.575606,0.1897713
2637,0.016679,1,100,0,99.61821,0,100,115.961,0,0,0.9191577,-0.05519692,0.3900034,0.0482039,0.9984535,0.02770379,-0.3909295,-0.006664464,0.920397,-281.3932,-50.17226,-498.2203,-33.34585,-1.989029,112.0998,116.9713,-0.2170048,35.8295,2.759395,0.02124218,1.66086,0.1811223
2638,0.016788,1,100,0,108.0122,0,100,116.2255,0,0,0.9075452,-0.05833722,0.4158829,0.05106072,0.9982858,0.02860734,-0.4168389,-0.004727175,0.9089682,-281.9631,-50.20527,-496.3391,-35.15182,-1.918469,111.9508,117.3555,-0.3262139,37.76315,2.621466,0.01825372,1.75048,0.1712095
2639,0.016561,1,100,0,92.69328,0,100,116.4214,0,0,0.8947871,-0.06120804,0.4422781,0.05369817,0.9981217,0.02949421,-0.4432526,-0.002641516,0.8963932,-282.5562,-50.2361,-494.4865,-37.12678,-1.745906,111.6699,117.6929,-0.2558014,39.08346,2.453681,0.02612715,1.811868,0.1591156
2640,0.016684,1,100,0,101.0353,0,100,116.5613,0,0,0.8806638,-0.06382638,0.4694226,0.05619468,0.997961,0.03026617,-0.4703973,-0.0002752636,0.8824548,-283.1876,-50.26403,-492.6258,-39.29231,-1.530292,111.2269,117.9731,-0.2259037,40.53534,2.271171,0.03150725,1.879332,0.1457794
2641,0.016681,1,100,0,85.60536,0,100,116.6362,0,0,0.8652387,-0.06613518,0.4969791,0.05846648,0.9978082,0.03099279,-0.4979395,0.002240459,0.8672089,-283.856,-50.28858,-490.7737,-41.61079,-1.352157,110.6035,118.1796,-0.4086009,41.43051,2.065185,0.02252431,1.920747,0.1307267
2642,0.016684,1,100,0,93.94736,0,100,116.633,0,0,0.8485749,-0.0681097,0.5246732,0.06042039,0.9976668,0.03179039,-0.5256143,0.004724428,0.8507102,-284.5639,-50.31009,-488.9327,-44.07066,-1.160725,109.8063,118.3258,-0.5928981,42.48137,1.851845,0.01345021,1.969384,0.1151325
2643,0.016684,1,100,0,102.2894,0,100,116.572,0,0,0.8305685,-0.06973804,0.5525329,0.06204603,0.9975395,0.03263691,-0.5534495,0.00717528,0.8328518,-285.3135,-50.32834,-487.106,-46.65005,-0.9590231,108.8325,118.4131,-0.7767771,43.67414,1.633375,0.004384631,2.024603,0.09912339
2644,0.016689,1,100,0,86.85204,0,100,116.4529,0,0,0.8112025,-0.07100151,0.5804389,0.06336053,0.9974295,0.03345882,-0.5813225,0.009635033,0.813616,-286.107,-50.34265,-485.2959,-49.3292,-0.6528462,107.6968,118.4584,-0.7935776,44.33021,1.381509,0.005115503,2.05514,0.0809557
2645,0.016678,1,100,0,95.19104,0,100,116.2937,0,0,0.7905956,-0.0718693,0.6081064,0.0644031,0.9973397,0.0341409,-0.6089424,0.01217229,0.793121,-286.9451,-50.35172,-483.507,-52.08858,-0.3243275,106.3793,118.4478,-0.8387441,45.15956,1.127901,0.003963158,2.09368,0.06251959
2646,0.017105,1,100,0,103.7435,0,91.4475,116.0867,0,0,0.7680821,-0.07234156,0.636252,0.06514194,0.9972708,0.03475001,-0.6370295,0.01475583,0.7706983,-287.8528,-50.35567,-481.6965,-55.02341,-0.04426408,104.745,118.3178,-1.078246,46.00921,0.8686108,-0.009902114,2.132909,0.04359769
2647,0.016257,1,100,0,88.70581,0,83.319,115.7777,0,0,0.7454692,-0.07240219,0.6625961,0.06545398,0.9972301,0.03532729,-0.6633185,0.01703415,0.7481433,-288.7629,-50.35498,-480.0033,-57.89076,0.2169335,102.9422,118.1037,-1.290077,46.17773,0.6264255,-0.02319966,2.140559,0.02615486
2648,0.016677,1,100,0,97.04431,0,74.9805,115.4192,0,0,0.7212589,-0.0720952,0.6889035,0.06539494,0.9972137,0.03589421,-0.6895718,0.01916178,0.7239639,-289.745,-50.34993,-478.298,-60.88168,0.4767445,100.8442,117.798,-1.486951,46.40356,0.3845093,-0.03577071,2.150877,0.008819694
2649,0.016888,1,100,0,105.4883,0,66.5365,114.999,0,0,0.6956862,-0.07140308,0.7147884,0.06498793,0.9972232,0.03636546,-0.7154002,0.02115367,0.6983947,-290.7904,-50.33989,-476.608,-63.92782,0.8296332,98.49435,117.4248,-1.536651,46.68273,0.1057049,-0.03917686,2.16386,-0.01080069
2650,0.016481,1,100,0,90.24339,0,58.296,114.5395,0,0,0.6698173,-0.07034332,0.7391867,0.06431408,0.9972576,0.03662367,-0.7397358,0.02300895,0.6725044,-291.8604,-50.32433,-474.9984,-66.89288,1.170962,95.97764,116.9946,-1.590236,46.34928,-0.1567016,-0.04391122,2.148398,-0.02902501
2651,0.016682,1,100,0,98.58439,0,49.955,114.0554,0,0,0.6429657,-0.06891704,0.7627882,0.06333256,0.997317,0.03672247,-0.7632725,0.02469804,0.6456053,-292.9928,-50.30335,-473.4126,-69.85715,1.430996,93.20496,116.4871,-1.783513,46.11026,-0.3982642,-0.05776107,2.137126,-0.0458006
2652,0.016676,1,100,0,106.9224,0,41.617,113.529,0,0,0.6154447,-0.06716897,0.785313,0.06200847,0.9974004,0.03671347,-0.7857375,0.02610095,0.6180098,-294.174,-50.27821,-471.8746,-72.76237,1.660233,90.24084,115.9333,-1.94282,45.96331,-0.6250126,-0.06957711,2.130153,-0.06142057
2653,0.016684,1,100,0,91.48969,0,33.275,112.9852,0,0,0.5873561,-0.06513166,0.8067037,0.06038308,0.9975052,0.03657205,-0.8070731,0.02723044,0.5898236,-295.4038,-50.2494,-470.3863,-75.58952,1.85738,87.10175,115.3427,-2.070096,45.2361,-0.8357449,-0.08024089,2.096287,-0.0755022
2654,0.016683,1,100,0,99.83118,0,24.9335,112.4315,0,0,0.5589827,-0.06282947,0.8267956,0.05851496,0.9976283,0.03625032,-0.8271123,0.02811661,0.5613335,-296.6801,-50.21701,-468.9512,-78.3168,2.107439,83.82832,114.7395,-2.07517,44.64523,-1.079995,-0.08308657,2.068898,-0.0915741
2655,0.016684,1,100,0,84.39848,0,16.5915,111.8917,0,0,0.5304436,-0.06025741,0.845576,0.05647925,0.9977664,0.03567244,-0.8458368,0.02883528,0.5326621,-298.0011,-50.1806,-467.5716,-80.87772,2.331388,80.39076,114.0584,-2.067564,43.51499,-1.306023,-0.08586056,2.016497,-0.1060513
2656,0.016701,1,100,0,68.95006,0,8.240999,111.2977,0,0,0.5021256,-0.05745832,0.8628838,0.05430523,0.9979162,0.03484888,-0.8630881,0.02936059,0.5041996,-299.3657,-50.14054,-466.2485,-83.33834,2.52924,76.86491,113.4015,-2.043897,41.88996,-1.513009,-0.08817813,1.941158,-0.1188747
2657,0.016698,1,100,0,53.50441,0,0,110.7578,0,0,0.4744689,-0.05448216,0.8785847,0.052028,0.9980738,0.03379475,-0.8787336,0.02967645,0.4763895,-300.7704,-50.09738,-464.9848,-85.68272,2.694248,73.2842,112.7802,-2.00855,39.81718,-1.698567,-0.09014512,1.845068,-0.1299079
2658,0.016701,1,100,0,45.15391,0,0,110.2841,0,0,0.447773,-0.05137092,0.8926705,0.04968066,0.9982356,0.03252558,-0.8927663,0.02978438,0.4495351,-302.2137,-50.05164,-463.7805,-87.86523,2.824783,69.75211,112.2214,-1.95291,37.6859,-1.86351,-0.09073605,1.746287,-0.1394255
2659,0.016673,1,100,0,36.81741,0,0,109.8833,0,0,0.4222158,-0.04816324,0.905215,0.04726188,0.998399,0.03107706,-0.9052625,0.02966094,0.4238161,-303.6899,-50.00438,-462.6366,-89.87788,2.85209,66.2859,111.7139,-2.020185,35.50583,-2.007768,-0.09906709,1.645141,-0.1474404
2660,0.016861,1,100,0,28.38691,0,0,109.5407,0,0,0.3975994,-0.04485216,0.9164622,0.04469046,0.9985658,0.02948177,-0.9164702,0.02923518,0.3990336,-305.216,-49.95636,-461.5381,-91.76214,2.835502,62.86561,111.2673,-2.050301,33.24956,-2.130546,-0.1048906,1.5405,-0.153868
2661,0.016519,1,100,0,20.12741,0,0,109.2656,0,0,0.3747933,-0.04157556,0.9261758,0.04209804,0.9987269,0.02779663,-0.9261524,0.02857219,0.3760664,-306.7413,-49.90981,-460.5175,-93.46766,2.780756,59.61615,110.8964,-2.046933,30.99969,-2.228143,-0.1082788,1.436194,-0.158588
2662,0.016684,1,100,0,11.78541,0,0,109.0644,0,0,0.3531608,-0.03825311,0.9347804,0.0394797,0.9988831,0.02596086,-0.9347294,0.02773649,0.3542766,-308.3097,-49.86359,-459.5403,-95.06355,2.745577,56.45727,110.5985,-1.923035,28.68457,-2.333882,-0.1037496,1.328973,-0.1637598
2663,0.016766,1,100,0,3.402405,0,0,108.9363,0,0,0.3329287,-0.03490401,0.9423059,0.03693969,0.9990306,0.02395389,-0.9422285,0.02683355,0.3338953,-309.9119,-49.81785,-458.6107,-96.54219,2.691802,53.40878,110.3637,-1.784836,26.31971,-2.418154,-0.09807253,1.21946,-0.1675692
2664,0.016585,1,100,0,-4.890095,0,0,108.87,0,0,0.3144801,-0.03160463,0.9487379,0.03449935,0.999166,0.02184893,-0.9486372,0.0258598,0.3153082,-311.5205,-49.7739,-457.7409,-97.87995,2.563015,50.52287,110.1799,-1.769405,23.94941,-2.47286,-0.09996182,1.109623,-0.1695293
2665,0.016685,1,100,0,-13.23259,0,0,108.8491,0,0,0.2975514,-0.02832697,0.9542855,0.03205524,0.9992926,0.01966796,-0.9541676,0.02473762,0.2982489,-313.1606,-49.73198,-456.9132,-99.12009,2.409609,47.76467,110.0548,-1.72958,21.53244,-2.50619,-0.1000241,0.9976461,-0.1701235
2666,0.016693,1,100,0,-21.57909,0,0,108.8826,0,0,0.2823114,-0.02511053,0.958994,0.0296529,0.999408,0.01743944,-0.9588642,0.02351361,0.2828889,-314.8216,-49.6927,-456.1303,-100.2631,2.237854,45.16031,109.9871,-1.668597,19.08575,-2.518497,-0.09844066,0.8843106,-0.1694197
2667,0.016681,1,100,0,-29.91959,15.0129,0,108.9667,0,0,0.2688963,-0.02197973,0.9629184,0.02732246,0.9995115,0.01518517,-0.9627818,0.02222606,0.2693655,-316.5002,-49.65638,-455.3902,-101.3555,2.05388,42.7822,110.034,-1.58952,16.3421,-2.510652,-0.09550787,0.7572344,-0.1673943
2668,0.016695,1,100,0,-38.26709,30.0384,0,109.1529,0,0,0.2575277,-0.01894035,0.9660853,0.02511039,0.9996013,0.01290381,-0.9659445,0.02093569,0.2579007,-318.1982,-49.62292,-454.6879,-102.4181,1.903111,40.62418,110.1971,-1.405358,13.32036,-2.514822,-0.08560532,0.617336,-0.1661599
2669,0.016696,1,100,0,-46.61509,45.0648,0,109.447,0,0,0.2484414,-0.01599416,0.9685148,0.02304621,0.9996782,0.01059703,-0.9683726,0.01968785,0.2487301,-319.9139,-49.59222,-454.0205,-103.4446,1.708606,38.66744,110.4485,-1.348525,10.04457,-2.489415,-0.08359209,0.4656301,-0.1630881
2670,0.016669,1,100,0,-54.94959,60.0669,0,109.8243,0,0,0.2418515,-0.0131703,0.970224,0.02105605,0.9997438,0.008322287,-0.9700851,0.01841633,0.2420669,-321.6439,-49.56482,-453.3857,-104.4517,1.513515,36.9202,110.7951,-1.276533,6.540112,-2.446137,-0.08030237,0.3033454,-0.1589385
2671,0.017023,1,100,0,-63.46109,75.3876,0,110.2921,0,0,0.2378649,-0.01042196,0.9712422,0.01911424,0.9997989,0.006047163,-0.9711099,0.01712615,0.2380163,-323.4277,-49.54015,-452.7661,-105.4697,1.318399,35.34932,111.2437,-1.190537,2.727741,-2.384785,-0.07581569,0.12681,-0.1536939
2672,0.016339,1,100,0,-71.63059,90.0927,0,110.8589,0,0,0.2368383,-0.007914803,0.9715169,0.01733187,0.9998423,0.003920367,-0.9713947,0.01590971,0.2369381,-325.1562,-49.51966,-452.1955,-106.4324,1.123782,34.05801,111.7545,-1.147584,-1.113419,-2.340623,-0.07372396,-0.05105223,-0.1497166
2673,0.016675,1,100,0,-79.96809,100,0,111.4754,0,0,0.2387107,-0.005474192,0.9710754,0.0155677,0.9998773,0.001809687,-0.9709661,0.01468542,0.2387667,-326.9364,-49.50199,-451.6338,-107.3947,0.9320837,32.94571,112.3384,-1.091361,-5.136131,-2.280399,-0.07046228,-0.2373166,-0.1448293
2674,0.01688,1,100,0,-88.4081,100,0,112.1566,0,0,0.243639,-0.003128379,0.969861,0.01384474,0.9999042,-0.0002526538,-0.9697673,0.01348903,0.2436589,-328.7543,-49.48735,-451.0828,-108.309,0.7369882,32.03353,112.9492,-1.045758,-9.115129,-2.214079,-0.06754491,-0.4215544,-0.1397322
2675,0.016486,1,100,0,-96.65109,100,0,112.8497,0,0,0.2513362,-0.0009569551,0.9678994,0.01222023,0.9999229,-0.002184633,-0.9678228,0.01237703,0.2513285,-330.5445,-49.47617,-450.5584,-109.1403,0.5590044,31.37333,113.5615,-0.9923608,-12.90844,-2.135744,-0.06383318,-0.5971949,-0.1340558
2676,0.016688,1,100,0,-104.9951,100,0,113.5204,0,0,0.2619294,0.001116872,0.9650866,0.01064514,0.9999354,-0.004046347,-0.9650288,0.01133334,0.2619006,-332.3701,-49.46775,-450.0372,-109.915,0.3948938,30.94993,114.19,-0.9327054,-16.67222,-2.044146,-0.05945669,-0.7714699,-0.1276648
2677,0.016756,1,100,0,-89.4958,100,0,114.1814,0,0,0.2751567,0.003070807,0.9613945,0.009142031,0.9999413,-0.005810432,-0.9613559,0.01038788,0.2751125,-334.2158,-49.46194,-449.5195,-110.6172,0.2497054,30.78709,114.822,-0.8702616,-19.70608,-1.940757,-0.0547072,-0.9119533,-0.1207572
2678,0.016613,1,100,0,-97.80229,100,0,114.815,0,0,0.2904402,0.004879351,0.9568807,0.007735093,0.9999424,-0.00744675,-0.956862,0.009564398,0.2903858,-336.0569,-49.45847,-449.0075,-111.2295,0.1279103,30.89376,115.4402,-0.8084481,-22.69973,-1.828012,-0.04984953,-1.050578,-0.1133093
2679,0.016679,1,100,0,-106.1418,100,0,115.4036,0,0,0.3079078,0.006557781,0.9513937,0.006388366,0.9999396,-0.008959921,-0.951395,0.008836681,0.3078473,-337.915,-49.45704,-448.4902,-111.7472,0.001419612,31.26544,116.0386,-0.8125753,-25.69445,-1.702833,-0.04908562,-1.189251,-0.1051082
2680,0.016692,1,100,0,-90.70169,100,0,115.9407,0,0,0.3273059,0.008093627,0.9448838,0.005068522,0.9999338,-0.0103209,-0.9449047,0.008167255,0.3272432,-339.7826,-49.45761,-447.9648,-112.1624,-0.1071144,31.90436,116.6117,-0.8135985,-28.01308,-1.570209,-0.04811409,-1.296623,-0.09657594
2681,0.016658,1,100,0,-99.03069,100,0,116.4224,0,0,0.3482119,0.009481281,0.937368,0.003787682,0.9999266,-0.01152109,-0.9374084,0.007562231,0.3481504,-341.6527,-49.45989,-447.4283,-112.4636,-0.1958125,32.80338,117.1502,-0.8123161,-30.37065,-1.431775,-0.0469415,-1.405799,-0.08768646
2682,0.016688,1,100,0,-107.3747,100,0,116.8434,0,0,0.3706842,0.01072078,0.9286972,0.002549713,0.999918,-0.01256065,-0.9287556,0.007023947,0.3706265,-343.5306,-49.46354,-446.8745,-112.6425,-0.2643717,33.95463,117.6492,-0.8106941,-32.77254,-1.288121,-0.04570863,-1.517027,-0.07846875
2683,0.016674,1,100,0,-91.95125,100,0,117.2,0,0,0.3944763,0.01180543,0.9188304,0.001364679,0.999909,-0.01343305,-0.9189054,0.006552927,0.3944243,-345.4091,-49.46822,-446.3007,-112.6874,-0.3123944,35.3456,118.1011,-0.8101486,-34.5421,-1.140761,-0.04466877,-1.59898,-0.06909129
2684,0.016688,1,100,0,-100.2952,100,0,117.4882,0,0,0.4192877,0.01274261,0.9077641,0.0002471027,0.9998999,-0.01415009,-0.9078535,0.006157269,0.4192425,-347.2892,-49.47353,-445.7018,-112.5894,-0.32892,36.97035,118.5044,-0.7676189,-36.40049,-1.009369,-0.04094452,-1.685054,-0.06070869
2685,0.016839,1,100,0,-84.71918,100,0,117.7122,0,0,0.4451719,0.01354743,0.8953426,-0.0007848125,0.999891,-0.01473914,-0.8954446,0.005858773,0.445134,-349.1837,-49.47903,-445.0688,-112.3361,-0.3220446,38.82227,118.8557,-0.7317981,-37.67883,-0.8741491,-0.03781856,-1.744269,-0.05210115
2686,0.016538,1,100,0,-92.98817,100,0,117.87,0,0,0.4711225,0.01419665,0.8819535,-0.001705317,0.9998832,-0.01518399,-0.882066,0.005649511,0.4710917,-351.0393,-49.4842,-444.4157,-111.9277,-0.2940146,40.83347,119.1439,-0.7034039,-39.05769,-0.7397577,-0.03521455,-1.808137,-0.04348844
2687,0.016671,1,100,0,-101.3237,100,0,117.9623,0,0,0.497827,0.01470307,0.8671518,-0.002554806,0.9998769,-0.0154868,-0.8672727,0.005494343,0.4978032,-352.9022,-49.48897,-443.7228,-111.3486,-0.2700109,43.02742,119.3732,-0.7338514,-40.56466,-0.5965039,-0.03641985,-1.877921,-0.03426625
2688,0.016877,1,100,0,-85.71246,100,0,117.9874,0,0,0.5252683,0.01505957,0.8508036,-0.003362476,0.9998725,-0.01562223,-0.8509303,0.005345054,0.5252519,-354.7772,-49.49333,-442.9832,-110.5875,-0.2349821,45.40342,119.5454,-0.7642159,-41.51805,-0.4527405,-0.03785329,-1.922073,-0.0250681
2689,0.016489,1,100,0,-93.95695,100,0,117.9492,0,0,0.5521948,0.01525885,0.8335755,-0.004093576,0.9998701,-0.01559117,-0.8337051,0.005197059,0.5521855,-356.5958,-49.49697,-442.2211,-109.6679,-0.1923224,47.85932,119.6562,-0.7919379,-42.59613,-0.3143989,-0.03919023,-1.971997,-0.01621019
2690,0.016683,1,100,0,-102.2985,100,0,117.8569,0,0,0.5795751,0.0153139,0.8147751,-0.004766249,0.9998702,-0.01540243,-0.8149052,0.005043446,0.5795729,-358.4193,-49.4999,-441.4082,-108.5593,-0.143097,50.45571,119.7118,-0.8181112,-43.82692,-0.1775644,-0.04049082,-2.028989,-0.007445141
2691,0.016678,1,100,0,-86.87131,100,0,117.7076,0,0,0.6069537,0.01522596,0.7945914,-0.005363835,0.9998723,-0.01506236,-0.7947192,0.004880096,0.6069578,-359.9905,-49.5028,-440.3617,-82.28708,-0.1588909,68.3606,119.7116,-2.446533,-55.61245,-3.710497,-0.1417511,-2.573919,-0.233046
2692,0.016754,1,100,0,-95.24831,100,0,106.8863,0,0,0.640579,0.01889144,0.7676599,-0.009561356,0.9998161,-0.01662606,-0.7678328,0.003310435,0.6406417,-361.2555,-49.50589,-439.1194,-75.62976,-0.1472011,69.41586,107.7089,-2.94839,-57.22647,-4.253511,-0.1697386,-2.648506,-0.2692743
2693,0.016701,1,100,0,-103.5988,100,0,102.5412,0,0,0.6738153,0.02321018,0.7385353,-0.01453304,0.9997295,-0.01815935,-0.738757,0.001502885,0.6739703,-362.4901,-49.50851,-437.9323,-72.68394,-0.12366,67.71839,103.4442,-3.197508,-56.99787,-4.174879,-0.1813936,-2.637907,-0.2660738
2694,0.016716,1,100,0,-88.13651,100,0,99.33577,0,0,0.7055287,0.02755063,0.7081456,-0.01965993,0.9996203,-0.01930327,-0.7084085,-0.0003030822,0.7058024,-363.6956,-49.51059,-436.7868,-70.47327,-0.0873314,65.78302,100.1953,-3.353947,-55.83331,-3.923177,-0.1875803,-2.584007,-0.251767
2695,0.016658,1,100,0,-96.46551,100,0,96.35371,0,0,0.735199,0.03170631,0.6771095,-0.02469985,0.9994953,-0.01998347,-0.6774013,-0.00203267,0.7356111,-364.8667,-49.51197,-435.6821,-68.51945,-0.03904478,63.92363,97.27477,-3.454042,-54.68896,-3.570921,-0.190503,-2.531059,-0.2308678
2696,0.016791,1,100,0,-104.861,91.6045,0,93.43818,0,0,0.7631702,0.03560691,0.6452157,-0.02956166,0.9993591,-0.02018475,-0.645521,-0.00366925,0.7637337,-366.017,-49.51244,-434.6018,-68.47186,-0.005997294,65.16907,94.52726,-3.074492,-54.45576,-3.213754,-0.1625183,-2.520605,-0.2095535
2697,0.016568,1,100,0,-89.53561,83.3205,0,93.97186,0,0,0.789225,0.0391464,0.6128552,-0.03380346,0.9992225,-0.02029423,-0.6131732,-0.004699914,0.7899347,-366.8799,-49.51319,-433.2938,-59.21866,0.06435388,64.98243,95.21737,-2.831765,-44.31996,-4.756636,-0.150601,-2.051499,-0.3086424
2698,0.016777,1,100,0,-97.9241,74.93201,0,87.64287,0,0,0.8096871,0.04436177,0.5851827,-0.03928015,0.9989995,-0.02138264,-0.5855458,-0.005672818,0.8106196,-367.7885,-49.51222,-432.1277,-50.42598,0.08746281,69.10565,88.76328,-2.668021,-39.63593,-5.540366,-0.1396852,-1.83486,-0.3591598
2699,0.016938,1,100,0,-106.3931,66.46301,0,85.54462,0,0,0.8273272,0.05046256,0.559449,-0.04541515,0.9987052,-0.02292261,-0.5598814,-0.006442966,0.8285477,-368.6003,-49.51096,-430.9156,-47.22634,0.08693117,68.8426,86.49466,-2.675336,-38.36229,-5.407252,-0.1369842,-1.776018,-0.3510146
2700,0.01644,1,100,0,-91.1861,58.243,0,83.47997,0,0,0.8430651,0.05625243,0.5348618,-0.05127089,0.998392,-0.02418808,-0.5353624,-0.007030712,0.8445935,-369.3701,-49.50963,-429.7719,-45.43443,0.09073273,67.49208,84.40613,-2.750497,-37.4545,-5.006577,-0.1387422,-1.734024,-0.3256195
2701,0.016712,1,100,0,-99.54211,49.887,0,81.32662,0,0,0.8579773,0.0617117,0.5099674,-0.05689875,0.9980658,-0.02504962,-0.5105268,-0.007524507,0.8598291,-370.1312,-49.50813,-428.6389,-45.74525,0.08873962,68.40315,82.28989,-2.448916,-37.75943,-4.449002,-0.1154419,-1.74863,-0.2902453
2702,0.016743,1,100,0,-107.9136,41.5155,0,82.16853,0,0,0.8723261,0.06658672,0.4843691,-0.06185383,0.9977525,-0.02576622,-0.4849962,-0.007483536,0.8744842,-370.897,-49.50655,-427.4877,-45.70323,0.1073782,69.47305,83.15829,-2.213582,-38.16014,-3.873616,-0.09661414,-1.767621,-0.2533867
2703,0.016604,1,100,0,-92.5549,33.2135,0,82.91817,0,0,0.885904,0.0707966,0.4584345,-0.06610612,0.9974663,-0.02629285,-0.4591344,-0.007012384,0.8883394,-371.6538,-49.50456,-426.3276,-45.33517,0.1446953,70.65266,83.94699,-2.042375,-37.98107,-3.2909,-0.08301165,-1.759647,-0.215691
2704,0.016673,1,100,0,-77.13238,24.877,0,83.57746,0,0,0.89868,0.07437028,0.432254,-0.06972639,0.9972113,-0.02660746,-0.4330274,-0.006227916,0.9013594,-372.4059,-49.50182,-425.1429,-44.63421,0.2057263,71.86193,84.59546,-1.890668,-37.26705,-2.700689,-0.07182124,-1.726824,-0.177248
2705,0.016675,1,100,0,-61.708,16.5395,0,84.09998,0,0,0.9104513,0.07727109,0.4063343,-0.07270077,0.9969964,-0.02669843,-0.4071768,-0.005233195,0.9133344,-373.1449,-49.49797,-423.9374,-43.67477,0.2810184,73.14414,85.19173,-1.784762,-36.06184,-2.106822,-0.0647665,-1.671129,-0.1384087
2706,0.016683,1,100,0,-46.27623,8.198002,0,84.58694,0,0,0.9211285,0.07949238,0.3810556,-0.07504731,0.9968269,-0.02653663,-0.381956,-0.004153555,0.9241713,-373.867,-49.49287,-422.7097,-42.48818,0.3570933,74.46974,85.73865,-1.737642,-34.40478,-1.516796,-0.06265858,-1.594356,-0.0997723
2707,0.016678,1,100,0,-37.93723,0,0,85.04993,0,0,0.9306741,0.08103813,0.3567617,-0.07678268,0.9967064,-0.02610028,-0.3577018,-0.003102263,0.9338312,-374.568,-49.48649,-421.4602,-41.1151,0.4348029,75.8142,86.24635,-1.708103,-32.53511,-0.9321814,-0.06250697,-1.507661,-0.06155113
2708,0.016628,1,100,0,-29.62323,0,0,85.50326,0,0,0.9391164,0.08191992,0.3336912,-0.07791135,0.9966369,-0.02540244,-0.33465,-0.002142487,0.9423405,-375.2435,-49.47887,-420.1921,-39.63786,0.5052527,77.13869,86.72827,-1.687643,-30.59303,-0.3586869,-0.06350763,-1.417562,-0.0241595
2709,0.016687,1,100,0,-21.27973,0,0,85.95464,0,0,0.9465887,0.08216269,0.3117996,-0.07844879,0.996618,-0.02445827,-0.3127546,-0.001308372,0.9498329,-375.8964,-49.47011,-418.8977,-38.07887,0.5648528,78.43948,87.19559,-1.669753,-28.57168,0.2034816,-0.06517634,-1.323759,0.01237782
2710,0.016893,1,100,0,-12.83323,0,0,86.413,0,0,0.9532151,0.08177837,0.2910213,-0.07839745,0.9966504,-0.02327944,-0.2919503,-0.0006250199,0.9564334,-376.5305,-49.46031,-417.5654,-36.45179,0.6105412,79.71874,87.65948,-1.649024,-26.45646,0.7552181,-0.06711469,-1.225585,0.04811643
2711,0.016465,1,100,0,-4.60073,0,0,86.8874,0,0,0.9588401,0.08081696,0.2722031,-0.07777984,0.9967291,-0.02194756,-0.2730865,-0.0001277123,0.9619897,-377.1219,-49.45008,-416.2461,-34.8454,0.6434448,80.92522,88.11077,-1.603677,-24.34186,1.271908,-0.06769934,-1.127466,0.08147659
2712,0.016679,1,100,0,3.73877,0,0,87.36496,0,0,0.9637786,0.07928635,0.2546463,-0.07660171,0.996852,-0.02045846,-0.2554668,0.0002110861,0.966818,-377.6941,-49.43925,-414.8898,-33.21906,0.6598134,82.10229,88.57047,-1.550987,-22.14357,1.771826,-0.06808604,-1.025468,0.1136612
2713,0.016971,1,100,0,12.22427,0,0,87.86449,0,0,0.968093,0.07718801,0.2384075,-0.07485844,0.9970165,-0.01882403,-0.2391492,0.0003765989,0.9709829,-378.2487,-49.42809,-413.4899,-31.58479,0.653208,83.25117,89.04371,-1.501844,-19.85304,2.250347,-0.06890921,-0.9191858,0.1443856
2714,0.016388,1,100,0,20.41827,0,0,88.38918,0,0,0.9716425,0.07467484,0.2243541,-0.07267946,0.9972081,-0.01715101,-0.2250085,0.0003587138,0.974357,-378.7579,-49.41752,-412.1198,-30.04782,0.6271865,84.31453,89.51092,-1.440803,-17.60531,2.683088,-0.06887364,-0.8149154,0.1721047
2715,0.016686,1,100,0,28.76127,0,0,88.91369,0,0,0.9746991,0.07166433,0.2117212,-0.0699937,0.9974287,-0.01538475,-0.2122793,0.0001763562,0.9772089,-379.2509,-49.40731,-410.7071,-28.5388,0.5818325,85.35234,89.99902,-1.365114,-15.27272,3.092587,-0.06794437,-0.7067394,0.19829
2716,0.016677,1,100,0,37.09977,0,0,89.46536,0,0,0.9772457,0.06823436,0.200836,-0.06686861,0.9976694,-0.01358458,-0.2012948,-0.0001541534,0.9795309,-379.7189,-49.39795,-409.2781,-27.10285,0.5185767,86.34577,90.50097,-1.275637,-12.90504,3.468175,-0.06602225,-0.5969694,0.2222826
2717,0.016677,1,100,0,45.43827,0,0,90.03393,0,0,0.9793315,0.06442016,0.191729,-0.06333709,0.9979228,-0.01177884,-0.1920896,-0.0006081732,0.9813774,-380.1634,-49.38972,-407.8328,-25.75302,0.4408658,87.29791,91.01834,-1.166813,-10.50423,3.808401,-0.06268273,-0.4857063,0.2440135
2718,0.016682,1,100,0,53.77927,0,0,90.61881,0,0,0.9809965,0.06025761,0.1844316,-0.05943407,0.9981824,-0.0099954,-0.1846987,-0.001156068,0.9827948,-380.5861,-49.38287,-406.3714,-24.50121,0.3497888,88.21061,91.55077,-1.046882,-8.072572,4.111914,-0.05838927,-0.3730466,0.2634167
2719,0.016679,1,100,0,62.11877,0,0,91.21786,0,0,0.9822706,0.05578613,0.1789761,-0.0552003,0.9984412,-0.008255456,-0.1791577,-0.001770446,0.9838189,-380.9884,-49.37759,-404.8953,-23.35944,0.2479816,89.08542,92.09743,-0.9174711,-5.614117,4.377435,-0.05318569,-0.2591764,0.2804261
2720,0.016681,1,100,0,70.45927,0,15.0129,91.82851,0,0,0.9831655,0.05104255,0.1754436,-0.05067587,0.9986937,-0.006572566,-0.1755499,-0.002428837,0.9844678,-381.3725,-49.37407,-403.4044,-22.35744,0.1363244,89.96712,92.7036,-0.7853504,-2.900653,4.603089,-0.04766351,-0.1335126,0.2949424
2721,0.016674,1,100,0,78.79627,0,30.0195,92.49426,0,0,0.9836627,0.04606775,0.1740269,-0.04590636,0.9989334,-0.004954645,-0.1740696,-0.003115241,0.9847283,-381.7405,-49.37244,-401.8994,-21.49619,0.01945614,90.8587,93.36696,-0.6461596,0.0479323,4.789349,-0.04142311,0.003015902,0.3070099
2722,0.016692,1,100,0,87.14227,0,45.0423,93.2129,0,0,0.9837364,0.04089139,0.1749023,-0.04092646,0.9991565,-0.003407928,-0.1748941,-0.003805628,0.9845802,-382.0953,-49.37277,-400.3777,-20.77763,-0.09923538,91.7634,94.08636,-0.501586,3.220572,4.936178,-0.03446732,0.1498966,0.3166371
2723,0.016671,1,100,0,95.47778,0,60.0462,93.98269,0,0,0.9833462,0.03556256,0.1782299,-0.03578965,0.9993576,-0.001941897,-0.1781844,-0.004469228,0.9839873,-382.4385,-49.37507,-398.8429,-20.20889,-0.2160469,92.67977,94.85771,-0.3545682,6.594383,5.043185,-0.02687957,0.3060721,0.3238026
2724,0.016969,1,100,0,103.9623,0,75.3183,94.79759,0,0,0.9824153,0.03001385,0.1842808,-0.03043698,0.9995366,-0.0005328124,-0.1842114,-0.005085509,0.9828736,-382.7791,-49.37937,-397.2648,-19.78841,-0.3299268,93.62595,95.69488,-0.2055213,10.23304,5.112044,-0.01862356,0.4744937,0.3286176
2725,0.016393,1,100,0,88.79874,0,90.072,95.6694,0,0,0.9809554,0.02457094,0.1926729,-0.02518655,0.9996825,0.0007460592,-0.1925934,-0.005584618,0.9812628,-383.1021,-49.38534,-395.725,-19.54538,-0.4318021,94.54887,96.54893,-0.0660788,13.26929,5.139701,-0.01002617,0.6150091,0.3307827
2726,0.016682,1,100,0,97.13975,0,100,96.54401,0,0,0.9788829,0.01899068,0.2035382,-0.01980528,0.9998021,0.001965871,-0.2034605,-0.005955487,0.9790652,-383.4277,-49.39305,-394.1426,-19.46714,-0.5247999,95.47931,97.44508,0.06540479,16.50728,5.130405,-0.001378248,0.7648647,0.3306168
2727,0.01676,1,100,0,105.5197,0,100,97.4444,0,0,0.9761083,0.01338173,0.2168723,-0.01440021,0.9998916,0.003116538,-0.2168071,-0.006165086,0.9761952,-383.7545,-49.4023,-392.5374,-19.57671,-0.6048101,96.3651,98.33537,0.182812,19.73449,5.083808,0.00702393,0.9142246,0.3280447
2728,0.016618,1,100,0,90.14809,0,100,98.31924,0,0,0.9726163,0.007860464,0.2322841,-0.009082615,0.99995,0.004192401,-0.2322395,-0.006187344,0.972639,-384.0815,-49.4127,-390.9314,-19.88357,-0.6683759,97.187,99.2024,0.2801886,22.24592,5.001872,0.01485144,1.030456,0.3230761
2729,0.016664,1,100,0,98.48009,0,100,99.14976,0,0,0.9683563,0.002408894,0.2495606,-0.003832301,0.9999791,0.005217927,-0.2495428,-0.006009203,0.9683453,-384.4157,-49.4241,-389.3076,-20.39481,-0.7144083,97.94686,100.0502,0.3543125,24.79649,4.885706,0.02165008,1.148512,0.3158313
2730,0.016693,1,100,0,106.8266,0,100,99.94006,0,0,0.9632222,-0.002925155,0.2686901,0.001305186,0.9999799,0.006207569,-0.2687029,-0.005628578,0.9632066,-384.7601,-49.43618,-387.6688,-21.11203,-0.7411811,98.63507,100.8719,0.4021229,27.38019,4.737013,0.02720178,1.268117,0.3063897
2731,0.016655,1,100,0,91.42072,0,100,100.683,0,0,0.9571697,-0.008077826,0.2894154,0.006269809,0.9999548,0.007173738,-0.2894602,-0.005051906,0.957177,-385.1169,-49.44857,-386.0226,-22.03295,-0.7476296,99.23927,101.6585,0.42117,29.31859,4.558395,0.03121109,1.357861,0.2948326
2732,0.016684,1,100,0,99.76272,0,91.658,101.371,0,0,0.9501745,-0.0130276,0.3114464,0.01104249,0.9999061,0.0081365,-0.3115232,-0.004291949,0.9502292,-385.4908,-49.46097,-384.3642,-23.18366,-0.7329943,99.71494,102.3772,0.4105265,31.19745,4.35147,0.03354631,1.444859,0.2813149
2733,0.016683,1,100,0,108.1042,0,83.3165,101.9774,0,0,0.9421722,-0.01772703,0.33466,0.01557659,0.9998373,0.009108712,-0.334767,-0.003369116,0.9422951,-385.8852,-49.47301,-382.6988,-24.55603,-0.6973023,100.05,103.0218,0.3701008,33.01543,4.118948,0.03413729,1.529048,0.2660061
2734,0.016682,1,100,0,92.67337,0,74.97549,102.4996,0,0,0.9331498,-0.02214021,0.3588052,0.01983548,0.9997521,0.01010366,-0.35894,-0.00231115,0.9333577,-386.3036,-49.48434,-381.0287,-26.14126,-0.6413381,100.2339,103.5886,0.3007047,34.10897,3.863435,0.03271283,1.579698,0.2490507
2735,0.016823,1,100,0,101.0849,0,66.564,102.9387,0,0,0.9230837,-0.02626884,0.3837011,0.02381694,0.9996544,0.01114079,-0.3838611,-0.001145297,0.9233903,-386.7535,-49.49472,-379.3422,-27.94176,-0.5659215,100.257,104.0795,0.2047919,35.21285,3.585239,0.02958759,1.630828,0.2305326
2736,0.016582,1,100,0,85.74652,0,58.27299,103.3028,0,0,0.9122274,-0.02999471,0.4085846,0.02740134,0.99955,0.01220055,-0.4087667,6.608944e-05,0.9126388,-387.2277,-49.50361,-377.6805,-29.89711,-0.4751535,100.1144,104.4843,0.08733133,35.64006,3.293437,0.02462252,1.650617,0.2110685
2737,0.01658,1,100,0,94.03652,0,49.98299,103.5892,0,0,0.9005494,-0.03335877,0.4334719,0.03062059,0.9994426,0.01329918,-0.4336739,0.0012966,0.9010689,-387.735,-49.51092,-376.0222,-32.00993,-0.3709409,99.80419,104.8125,-0.04727953,36.11954,2.98713,0.01841427,1.67282,0.190642
2738,0.016789,1,100,0,102.431,0,41.58849,103.8118,0,0,0.8878545,-0.03638159,0.458684,0.03348759,0.9993349,0.01444411,-0.4589044,0.002535949,0.8884823,-388.2852,-49.51651,-374.3492,-34.28485,-0.2550967,99.31871,105.0701,-0.197239,36.654,2.665157,0.01109364,1.697565,0.1691821
2739,0.016584,1,100,0,87.09082,0,33.29649,103.9757,0,0,0.8745033,-0.0389759,0.483451,0.0359123,0.9992332,0.01559743,-0.4836883,0.003721834,0.8752325,-388.8668,-49.52008,-372.7056,-36.64383,-0.1341225,98.67057,105.2553,-0.3552041,36.56571,2.338114,0.002602485,1.693455,0.1474505
2740,0.016682,1,100,0,95.43182,0,24.95549,104.0834,0,0,0.8604053,-0.04118864,0.5079432,0.03793054,0.9991398,0.01676874,-0.5081969,0.004838646,0.8612275,-389.4918,-49.52164,-371.064,-39.10575,-0.009540947,97.85225,105.377,-0.517278,36.57161,2.003016,-0.006338444,1.693699,0.1252425
2741,0.016749,1,100,0,103.8063,0,16.58099,104.1464,0,0,0.8455558,-0.04300707,0.532152,0.039527,0.9990574,0.0179352,-0.5324218,0.005869162,0.8464587,-390.1609,-49.52111,-369.4305,-41.64209,0.1145841,96.86914,105.4405,-0.6798182,36.66508,1.663195,-0.01549828,1.697994,0.1027785
2742,0.016588,1,100,0,88.46242,0,8.286993,104.1676,0,0,0.8302323,-0.04441117,0.5556455,0.04068154,0.9989903,0.01906107,-0.555931,0.006779399,0.8312007,-390.8658,-49.51856,-367.8298,-44.19624,0.232896,95.7426,105.4514,-0.8375891,36.17775,1.32596,-0.02507624,1.675375,0.08062575
2743,0.016665,1,100,0,73.04729,0,0,104.153,0,0,0.8144919,-0.04543471,0.5783931,0.04141717,0.9989387,0.02014641,-0.5786946,0.007546313,0.8155093,-391.6167,-49.51407,-366.2412,-46.78411,0.3439173,94.46609,105.4169,-0.9869773,35.15249,0.9890184,-0.03481796,1.627828,0.05867065
2744,0.016647,1,100,0,57.64882,0,0,104.1143,0,0,0.7986892,-0.04608347,0.5999768,0.04173677,0.9989047,0.02116464,-0.600295,0.008137127,0.7997378,-392.4097,-49.50781,-364.676,-49.33549,0.4411678,93.11963,105.3824,-1.121729,33.78271,0.6566796,-0.0441694,1.564318,0.03719549
2745,0.016694,1,100,0,42.20687,0,0,104.0907,0,0,0.7829918,-0.04637574,0.6203008,0.0416575,0.9988875,0.02209681,-0.6206355,0.008538557,0.7840527,-393.2473,-49.49999,-363.1292,-51.84706,0.5228025,91.71114,105.3533,-1.238704,32.0904,0.3298923,-0.05288545,1.485866,0.01626328
2746,0.016648,1,100,0,33.88287,0,0,104.089,0,0,0.7676873,-0.0463275,0.6391479,0.04120196,0.9988881,0.02291452,-0.6394988,0.008742968,0.7687424,-394.1241,-49.49094,-361.6103,-54.29138,0.5865534,90.26456,105.3356,-1.334308,30.31126,0.01259398,-0.06050598,1.403397,-0.00391627
2747,0.016639,1,100,0,25.56337,0,0,104.1146,0,0,0.7528675,-0.04595823,0.6565657,0.04039873,0.9989052,0.02359706,-0.6569314,0.008758964,0.7538999,-395.0406,-49.48092,-360.1165,-56.66193,0.631441,88.79376,105.3343,-1.407942,28.44934,-0.2939993,-0.06694681,1.317104,-0.02328795
2748,0.016701,1,100,0,17.21287,0,0,104.1701,0,0,0.7385931,-0.04528353,0.6726289,0.03927341,0.9989372,0.02412673,-0.6730065,0.008596594,0.7395865,-395.9997,-49.47023,-358.6417,-58.95881,0.6569862,87.30864,105.3536,-1.459587,26.50281,-0.5893561,-0.07216747,1.226899,-0.04184073
2749,0.016913,1,100,0,8.75637,0,0,104.2576,0,0,0.7248681,-0.04430961,0.6874613,0.03784163,0.9989837,0.02448776,-0.6878477,0.008264259,0.7258082,-397.0095,-49.45909,-357.1734,-61.19302,0.6629671,85.81144,105.3975,-1.489479,24.45735,-0.8742279,-0.07615668,1.132125,-0.05964371
2750,0.016469,1,100,0,0.5218697,0,0,104.3796,0,0,0.7123225,-0.04309686,0.700528,0.03619608,0.9990407,0.02465603,-0.7009186,0.007793318,0.7131991,-398.0287,-49.44824,-355.768,-63.27229,0.6497483,84.37687,105.4669,-1.496959,22.40791,-1.136174,-0.07873742,1.037179,-0.07594527
2751,0.016689,1,100,0,-7.822631,0,0,104.5313,0,0,0.7005237,-0.04162266,0.7124143,0.03431147,0.9991076,0.02463387,-0.7128039,0.007187374,0.7013267,-399.0959,-49.43756,-354.3677,-65.27962,0.6184455,82.95885,105.5651,-1.484392,20.27009,-1.385034,-0.08010563,0.9381524,-0.09138206
2752,0.01684,1,100,0,-16.24263,0,0,104.7173,0,0,0.6896452,-0.03990353,0.7230473,0.03222197,0.9991828,0.02440945,-0.7234305,0.006464148,0.6903675,-400.206,-49.42741,-352.9784,-67.19971,0.5699181,81.57829,105.6936,-1.452336,18.05695,-1.618053,-0.08024541,0.8356507,-0.1058029
2753,0.01652,1,100,0,-24.50263,0,0,104.937,0,0,0.6800628,-0.03800817,0.732168,0.03002043,0.9992614,0.02398947,-0.7325391,0.005665658,0.6807016,-401.3259,-49.41834,-351.6378,-68.9765,0.5073938,80.28711,105.8491,-1.403121,15.84185,-1.827767,-0.07920112,0.7330707,-0.1187653
2754,0.016693,1,100,0,-32.84913,15.0237,0,105.1824,0,0,0.6715928,-0.03590292,0.7400503,0.02767529,0.999344,0.02336712,-0.7404037,0.004787918,0.6721458,-402.4868,-49.41029,-350.304,-70.68059,0.4304728,79.11646,106.0912,-1.337528,13.29319,-2.020165,-0.07722189,0.6150535,-0.1306332
2755,0.016674,1,100,0,-41.18613,30.0303,0,105.512,0,0,0.6645669,-0.03362799,0.7464718,0.02523969,0.9994271,0.02255311,-0.7468025,0.003852666,0.6650349,-403.6744,-49.40359,-348.9906,-72.29832,0.3426513,78.08283,106.4147,-1.256727,10.46435,-2.191999,-0.07427691,0.4840723,-0.1412323
2756,0.016678,1,100,0,-49.52513,45.0405,0,105.9217,0,0,0.6591716,-0.03119884,0.7513452,0.02273784,0.9995092,0.02155519,-0.7516489,0.002875396,0.6595575,-404.8887,-49.39841,-347.6933,-73.83652,0.2466041,77.1886,106.8175,-1.161884,7.372893,-2.342989,-0.07036952,0.3409414,-0.1505704
2757,0.016703,1,100,0,-57.87663,60.0732,0,106.4102,0,0,0.6555851,-0.0286294,0.7545784,0.02019224,0.9995884,0.0203821,-0.7548513,0.001874428,0.6558934,-406.1302,-49.39485,-346.4082,-75.29878,0.1449182,76.43899,107.2979,-1.054453,4.033045,-2.472929,-0.06552504,0.1863194,-0.1586565
2758,0.016678,1,100,0,-66.21563,75.0834,0,106.9755,0,0,0.6539797,-0.02594383,0.756067,0.01763421,0.9996629,0.01904946,-0.7563064,0.0008746805,0.6542168,-407.3937,-49.39301,-345.1366,-76.68021,0.04061628,75.84368,107.8523,-0.9367563,0.4731273,-2.581105,-0.05981981,0.02151726,-0.1654633
2759,0.016674,1,100,0,-74.55263,90.09,0,107.612,0,0,0.6544871,-0.02315501,0.7557187,0.01508189,0.999732,0.01756991,-0.755923,-0.0001016138,0.6546609,-408.6794,-49.39291,-343.8744,-77.98086,-0.0637667,75.40938,108.4785,-0.8110574,-3.296106,-2.667615,-0.05334163,-0.1529682,-0.1710069
2760,0.016691,1,100,0,-82.89812,100,0,108.3151,0,0,0.6572074,-0.02027497,0.753437,0.01255079,0.9997939,0.01595663,-0.7536053,-0.00103059,0.6573263,-409.9877,-49.39454,-342.6173,-79.18542,-0.1657719,75.13078,109.1558,-0.6799384,-7.174263,-2.732514,-0.04616929,-0.3324901,-0.1752922
2761,0.016668,1,100,0,-91.23212,100,0,109.0602,0,0,0.6621376,-0.0173266,0.7491821,0.01006335,0.9998483,0.01422971,-0.749315,-0.001882749,0.6622115,-411.3135,-49.39783,-341.3658,-80.254,-0.262767,74.99805,109.843,-0.546988,-10.96527,-2.775729,-0.03844126,-0.5079728,-0.1782979
2762,0.016683,1,100,0,-99.57362,100,0,109.8006,0,0,0.6692017,-0.0143204,0.7429429,0.007627531,0.9998941,0.01240273,-0.7430419,-0.002633112,0.6692401,-412.6575,-49.40271,-340.1144,-81.17479,-0.3527078,75.02614,110.5368,-0.4156767,-14.68497,-2.797632,-0.03038661,-0.6801525,-0.1800221
2763,0.016962,1,100,0,-108.0546,100,0,110.5277,0,0,0.6784633,-0.01122646,0.7345486,0.005216461,0.9999318,0.01046427,-0.734616,-0.003267881,0.6784757,-414.0388,-49.40915,-338.8407,-81.9452,-0.4346326,75.23051,111.2422,-0.2877467,-18.40049,-2.798547,-0.02212073,-0.8521399,-0.1804622
2764,0.01642,1,100,0,-92.86613,100,0,111.2417,0,0,0.6892161,-0.008215732,0.7245095,0.002954107,0.9999595,0.008529054,-0.7245502,-0.003738082,0.6892124,-415.3874,-49.41666,-337.6033,-82.51405,-0.502423,75.60903,111.9176,-0.173019,-21.28003,-2.778961,-0.01420205,-0.9854283,-0.179552
2765,0.016657,1,100,0,-101.1946,100,0,111.8981,0,0,0.7015559,-0.005169372,0.7125958,0.0007361148,0.9999785,0.006529418,-0.7126142,-0.004056199,0.7015446,-416.7641,-49.42533,-336.3408,-82.90547,-0.5580826,76.17296,112.5875,-0.06951408,-24.20037,-2.739598,-0.00668236,-1.120611,-0.1773595
2766,0.016797,1,100,0,-85.6574,100,0,112.5206,0,0,0.7152538,-0.00212924,0.6988616,-0.001419334,0.9999889,0.004499318,-0.6988634,-0.004210072,0.7152428,-418.1578,-49.43494,-335.0572,-83.1018,-0.5992727,76.92163,113.2396,0.0190574,-26.46701,-2.680756,0.00021873,-1.225536,-0.1738232
2767,0.01657,1,100,0,-93.9424,100,0,113.097,0,0,0.7296894,0.0008130159,0.6837782,-0.003463455,0.9999909,0.002507009,-0.6837699,-0.004197573,0.7296855,-419.5348,-49.44501,-333.7775,-83.09154,-0.6239573,77.8316,113.8523,0.08826898,-28.75051,-2.604632,0.006074393,-1.331248,-0.1691078
2768,0.016686,1,100,0,-102.2854,100,0,113.6107,0,0,0.7450874,0.003695519,0.6669567,-0.005440075,0.9999852,0.0005365666,-0.6669449,-0.004028083,0.7450965,-420.9201,-49.45547,-332.4729,-82.87446,-0.6323704,78.9062,114.4324,0.138522,-31.09715,-2.511045,0.0109252,-1.439889,-0.1631897
2769,0.01669,1,100,0,-86.84715,100,0,114.068,0,0,0.7611688,0.006473912,0.6485217,-0.007334959,0.9999722,-0.001373264,-0.6485125,-0.003711594,0.7611951,-422.3009,-49.46599,-331.1491,-82.44393,-0.6241497,80.12856,114.9695,0.1681867,-32.81861,-2.401562,0.01456309,-1.519591,-0.1561099
2770,0.016681,1,100,0,-95.18765,100,0,114.4617,0,0,0.7776332,0.009121997,0.6286521,-0.009146167,0.9999531,-0.003196054,-0.6286517,-0.003264399,0.7776802,-423.6726,-49.47627,-329.8049,-81.79666,-0.5997236,81.48371,115.4584,0.1772184,-34.63139,-2.277537,0.01698339,-1.603524,-0.1480033
2771,0.016687,1,100,0,-103.5312,100,0,114.7918,0,0,0.7944466,0.01162137,0.607223,-0.01087412,0.9999291,-0.004910284,-0.607237,-0.002702058,0.7945167,-425.0328,-49.48606,-328.437,-80.93159,-0.56002,82.95576,115.896,0.1658702,-36.52863,-2.140311,0.01818925,-1.691371,-0.1389512
2772,0.016689,1,100,0,-88.09383,100,0,115.0559,0,0,0.8114384,0.01395131,0.5842714,-0.01251628,0.9999006,-0.006493097,-0.5843039,-0.002044157,0.8115324,-426.3775,-49.49512,-327.0438,-79.84666,-0.5063939,84.52834,116.2789,0.1348529,-37.83528,-1.991371,0.01804061,-1.751873,-0.1290235
2773,0.016672,1,100,0,-96.42982,100,0,115.2532,0,0,0.8283338,0.01609119,0.5600041,-0.01406753,0.9998699,-0.00792223,-0.5600587,-0.001315624,0.8284525,-427.7016,-49.5032,-325.6253,-78.54295,-0.4406596,86.18275,116.6047,0.08633978,-39.26456,-1.832425,0.01678165,-1.818054,-0.1183775
2774,0.016979,1,100,0,-104.9193,100,0,115.3876,0,0,0.8454159,0.01806303,0.5338033,-0.0155503,0.9998369,-0.009204918,-0.5338825,-0.0005188161,0.8455588,-429.0265,-49.51025,-324.1521,-76.99348,-0.3633772,87.93275,116.8773,0.02067919,-40.83953,-1.661883,0.01445764,-1.890979,-0.1069028
2775,0.016399,1,100,0,-89.75025,100,0,115.458,0,0,0.8616594,0.01975475,0.5071024,-0.01688167,0.9998048,-0.0102635,-0.5072061,0.000282906,0.8618247,-430.2798,-49.51577,-322.7005,-75.28246,-0.2810364,89.67086,117.0828,-0.05672373,-41.8114,-1.490191,0.01106811,-1.935977,-0.09530979
2776,0.016656,1,100,0,-98.07825,100,0,115.4642,0,0,0.8776766,0.02125072,0.478782,-0.0181266,0.9997736,-0.01114623,-0.4789104,0.001104095,0.8778631,-431.5229,-49.51996,-321.1969,-73.33471,-0.1920441,91.46464,117.2339,-0.1457217,-42.9476,-1.310672,0.006906958,-1.988581,-0.08316864
2777,0.016774,1,100,0,-106.4653,100,0,115.414,0,0,0.893284,0.02252368,0.4489283,-0.01926083,0.9997446,-0.0118338,-0.4490802,0.001924207,0.8934896,-432.741,-49.52267,-319.6525,-71.16476,-0.09948193,93.28188,117.3283,-0.2437831,-44.22913,-1.126235,0.002108705,-2.047911,-0.07067498
2778,0.016578,1,100,0,-91.13061,100,0,115.3049,0,0,0.9080683,0.02354648,0.41816,-0.02025381,0.9997193,-0.01231116,-0.4183325,0.002710043,0.9082903,-433.9079,-49.52382,-318.096,-68.81788,-0.007569483,95.07241,117.3655,-0.34692,-44.95791,-0.9419528,-0.00339101,-2.081643,-0.0582086
2779,0.01667,1,100,0,-99.46561,100,0,115.1421,0,0,0.9221054,0.02433905,0.3861726,-0.02111511,0.9996978,-0.01258852,-0.3863623,0.003453865,0.9223407,-435.041,-49.52345,-316.5012,-66.26171,0.08297928,96.85046,117.3483,-0.4529746,-45.85833,-0.7562301,-0.009164123,-2.123322,-0.04565297
2780,0.016678,1,100,0,-107.8046,100,0,114.9304,0,0,0.9352869,0.02489579,0.3530138,-0.02182797,0.9996815,-0.01266931,-0.3532168,0.004143863,0.9355325,-436.131,-49.52159,-314.8762,-63.51612,0.1694163,98.59007,117.2788,-0.5595372,-46.91205,-0.5715597,-0.01507278,-2.172096,-0.0331744
2781,0.016694,1,100,0,-92.36266,100,0,114.6699,0,0,0.9475092,0.02522014,0.3187327,-0.02238297,0.9996708,-0.0125615,-0.3189446,0.00476795,0.9477618,-437.1751,-49.51831,-313.2208,-60.58614,0.2497624,100.2767,117.1587,-0.6649256,-47.4395,-0.3893642,-0.02132003,-2.196498,-0.02092967
2782,0.016688,1,100,0,-100.7067,100,0,114.3632,0,0,0.9586058,0.02531893,0.2836088,-0.02277163,0.9996654,-0.0122755,-0.2838247,0.00530913,0.9588616,-438.169,-49.51375,-311.5383,-57.48362,0.322098,101.8938,116.9906,-0.7654473,-48.14988,-0.2112114,-0.02735942,-2.22937,-0.008985864
2783,0.016673,1,100,0,-85.28413,100,0,114.019,0,0,0.9685018,0.02520118,0.2477279,-0.0229868,0.9996658,-0.01182748,-0.2479432,0.005760463,0.9687575,-439.1094,-49.50803,-309.8307,-54.2221,0.384822,103.4264,116.7784,-0.8598991,-48.36131,-0.03855285,-0.03341956,-2.239136,0.002490063
2784,0.016689,1,100,0,-93.62863,100,0,113.6413,0,0,0.9771135,0.02487887,0.2112592,-0.0230245,0.999672,-0.0112334,-0.2114694,0.006112169,0.9773659,-439.9954,-49.50132,-308.0965,-50.80764,0.4367573,104.8649,116.5258,-0.9455382,-48.78182,0.1277714,-0.03900008,-2.258583,0.01349992
2785,0.016678,1,100,0,-101.9676,100,0,113.2383,0,0,0.9844174,0.0243632,0.174152,-0.02288052,0.999683,-0.01051664,-0.174353,0.00636808,0.9846627,-440.8232,-49.4938,-306.34,-47.26015,0.4767741,106.195,116.2373,-1.021659,-49.39299,0.2863723,-0.04406217,-2.28686,0.02395761
2786,0.016684,1,100,0,-86.53493,100,0,112.8092,0,0,0.9903654,0.02366723,0.1364415,-0.02255416,0.9996985,-0.009698169,-0.1366298,0.006527409,0.9906006,-441.5913,-49.48569,-304.5614,-43.58727,0.5043041,107.4076,115.9159,-1.088063,-49.51299,0.4363785,-0.04888025,-2.292392,0.03372689
2787,0.016722,1,100,0,-94.89593,100,0,112.3566,0,0,0.9948956,0.02280544,0.09829849,-0.02204681,0.9997182,-0.008797075,-0.09847142,0.006585003,0.9951181,-442.2992,-49.47717,-302.7591,-39.79316,0.5190216,108.4959,115.5643,-1.142769,-49.85005,0.577225,-0.05300985,-2.307976,0.04284515
2788,0.016776,1,100,0,-103.2839,100,0,111.8881,0,0,0.9979861,0.02178988,0.0595741,-0.02136035,0.9997411,-0.007837313,-0.05972946,0.006549005,0.9981932,-442.945,-49.46845,-300.9334,-35.8875,0.5207484,109.4514,115.186,-1.185941,-50.38814,0.7081853,-0.05647014,-2.332872,0.05127019
2789,0.016554,1,100,0,-87.97148,100,0,111.4006,0,0,0.9995665,0.02065505,0.02098576,-0.0205152,0.9997662,-0.006857859,-0.02112251,0.00642436,0.9997565,-443.5174,-49.45988,-299.1169,-31.94659,0.5098631,110.254,114.7902,-1.217122,-50.44051,0.8265856,-0.05946796,-2.335277,0.05875362
2790,0.016694,1,100,0,-96.31848,100,0,110.9052,0,0,0.9996488,0.01939615,-0.01805814,-0.01950478,0.9997926,-0.00585872,0.01794076,0.006208883,0.9998198,-444.0282,-49.4515,-297.2725,-27.89589,0.4867979,110.9159,114.3711,-1.235999,-50.71476,0.9346884,-0.06171414,-2.347957,0.06551941
2791,0.016827,1,100,0,-104.732,100,0,110.3984,0,0,0.998174,0.0180265,-0.05765279,-0.01833714,0.99982,-0.004863627,0.05755474,0.005911933,0.9983249,-444.4744,-49.44349,-295.403,-23.74878,0.4519885,111.4281,113.9317,-1.242916,-51.19757,1.031795,-0.06323973,-2.370295,0.07152608
2792,0.016527,1,100,0,-89.4445,100,0,109.8773,0,0,0.9951753,0.016599,-0.09669992,-0.01705759,0.9998471,-0.003917599,0.0966201,0.005548165,0.9953062,-444.8442,-49.43626,-293.5593,-19.62296,0.4074324,111.7759,113.4861,-1.238223,-51.19904,1.115195,-0.06423999,-2.370349,0.07654049
2793,0.016694,1,100,0,-97.7915,100,0,109.3576,0,0,0.9905871,0.01509336,-0.1360503,-0.01564839,0.9998732,-0.003011033,0.1359876,0.005111658,0.9906976,-445.1484,-49.42975,-291.692,-15.41256,0.3531796,111.9671,113.0235,-1.221524,-51.42617,1.187404,-0.06448133,-2.380853,0.08079141
2794,0.016682,1,100,0,-106.1325,100,0,108.8315,0,0,0.9844069,0.01353985,-0.1753848,-0.01413996,0.9998977,-0.002172399,0.1753375,0.004618459,0.9844977,-445.382,-49.42419,-289.8238,-11.17476,0.29098,111.9953,112.5518,-1.19362,-51.85959,1.247406,-0.0640109,-2.400912,0.08422135
2795,0.016674,1,100,0,-90.70906,91.663,0,108.3011,0,0,0.9766306,0.01195459,-0.2145927,-0.01255076,0.9999204,-0.001415781,0.2145587,0.004075997,0.9767028,-445.5442,-49.4197,-287.9572,-6.824965,0.2233981,111.8088,112.0171,-1.155324,-51.66575,1.295312,-0.06306133,-2.391928,0.08677696
2796,0.016785,1,100,0,-99.10156,83.2705,0,107.7405,0,0,0.9672557,0.0103435,-0.2535932,-0.01088897,0.9999405,-0.0007473789,0.2535704,0.003484275,0.9673108,-445.6338,-49.41635,-286.0826,-2.359075,0.1509098,111.4002,111.4252,-1.10601,-51.56395,1.331608,-0.06140113,-2.387208,0.08855263
2797,0.016636,1,100,0,-107.4196,74.9525,0,107.1609,0,0,0.9564418,0.008745572,-0.2917921,-0.009200834,0.9999576,-0.0001880117,0.2917781,0.002864553,0.9564818,-445.6482,-49.41425,-284.2326,2.121286,0.07582114,110.7773,110.7976,-1.047293,-51.54869,1.355984,-0.05910682,-2.386498,0.0895454
2798,0.016667,1,100,0,-92.00259,66.619,0,106.5756,0,0,0.9441465,0.007157633,-0.3294484,-0.007489434,0.999972,0.0002619852,0.3294411,0.00222003,0.9441736,-445.5878,-49.41341,-282.3907,6.637342,-0.001360256,109.9366,110.1368,-0.979669,-50.94891,1.369239,-0.05630595,-2.358727,0.08977985
2799,0.016802,1,100,0,-100.4036,58.218,0,105.9858,0,0,0.9304078,0.005583435,-0.3664837,-0.00576479,0.9999833,0.0005995795,0.3664809,0.001554848,0.9304244,-445.4507,-49.41386,-280.5493,11.19106,-0.07975569,108.8746,109.4483,-0.9031224,-50.47705,1.371799,-0.05287409,-2.336879,0.08932741
2800,0.016624,1,100,0,-85.02639,49.906,0,105.4008,0,0,0.915584,0.004063128,-0.4021063,-0.004079231,0.9999915,0.0008162406,0.4021062,0.0008929477,0.9155928,-445.2399,-49.4156,-278.7461,15.66791,-0.1563573,107.6222,108.7568,-0.8202317,-49.47034,1.364049,-0.04899984,-2.290272,0.08822011
2801,0.016632,1,100,0,-93.34239,41.59,0,104.8381,0,0,0.899706,0.002589141,-0.4364886,-0.002433045,0.9999965,0.0009166499,0.4364895,0.0002372807,0.8997092,-444.9547,-49.4186,-276.9639,20.09424,-0.2306158,106.1792,108.0642,-0.7312399,-48.63139,1.346693,-0.04463223,-2.251432,0.08652674
2802,0.016909,1,100,0,-101.7969,33.13551,0,104.3013,0,0,0.8825296,0.001147141,-0.4702557,-0.0008194086,0.9999993,0.0009016111,0.4702565,-0.0004103668,0.8825299,-444.59,-49.4229,-275.1776,24.51601,-0.3022822,104.5306,107.3675,-0.6360672,-47.93867,1.31988,-0.03979417,-2.219362,0.08425228
2803,0.016459,1,100,0,-86.57232,24.90601,0,103.7803,0,0,0.8649182,-0.0001947564,-0.501913,0.0006766599,0.9999996,0.0007780216,0.5019125,-0.001012549,0.8649179,-444.1634,-49.42822,-273.4666,28.72062,-0.3666216,102.768,106.7065,-0.5402159,-46.75912,1.285316,-0.03479118,-2.164754,0.08154455
2804,0.016683,1,100,0,-94.91382,16.56451,0,103.3015,0,0,0.8463689,-0.00148713,-0.5325953,0.002103294,0.9999978,0.0005502055,0.5325933,-0.001585881,0.8463702,-443.6612,-49.43465,-271.7627,32.8702,-0.425411,100.8337,106.0569,-0.4412023,-45.7521,1.242633,-0.02949345,-2.118133,0.07835968
2805,0.016682,1,100,0,-103.2548,8.223506,0,102.8498,0,0,0.8271431,-0.002706209,-0.561985,0.003426544,0.9999943,0.0002278499,0.5619812,-0.002114131,0.8271477,-443.0905,-49.44203,-270.0919,36.8885,-0.4764722,98.76965,105.4345,-0.3417745,-44.92077,1.19284,-0.02407293,-2.079646,0.0747691
2806,0.016695,1,100,0,-87.81195,0,0,102.4287,0,0,0.8073356,-0.00384914,-0.5900803,0.004636695,0.9999895,-0.0001791804,0.5900748,-0.002591363,0.807345,-442.453,-49.45021,-268.4549,40.7669,-0.5189039,96.59029,104.8422,-0.2431459,-43.58614,1.136608,-0.01857332,-2.017858,0.07084478
2807,0.016673,1,100,0,-72.38943,0,0,102.0386,0,0,0.7872868,-0.004911887,-0.6165674,0.005722985,0.9999834,-0.0006587687,0.6165604,-0.003009966,0.7873019,-441.7528,-49.45904,-266.8566,44.44181,-0.5515915,94.38783,104.3285,-0.1469882,-41.93489,1.074707,-0.01308979,-1.94141,0.06664081
2808,0.016684,1,100,0,-56.95673,0,0,101.7144,0,0,0.767222,-0.005895853,-0.6413546,0.006681847,0.999977,-0.001199425,0.6413469,-0.003365208,0.7672438,-440.9919,-49.46836,-265.294,47.93037,-0.5741025,92.16814,103.8875,-0.05455195,-39.99002,1.007689,-0.007695014,-1.851368,0.06219653
2809,0.016679,1,100,0,-41.52865,0,0,101.4574,0,0,0.7474272,-0.006800118,-0.6643091,0.00750896,0.9999704,-0.001787595,0.6643016,-0.003652173,0.7474562,-440.174,-49.478,-263.769,51.23547,-0.5861614,89.94636,103.517,0.03262052,-37.77794,0.9363009,-0.002483185,-1.748954,0.05756027
2810,0.016684,1,100,0,-33.18665,0,0,101.2689,0,0,0.7281199,-0.007625647,-0.6854074,0.008204061,0.9999635,-0.002409996,0.6854007,-0.003868358,0.7281559,-439.3017,-49.48779,-262.2805,54.36353,-0.5877748,87.73607,103.2151,0.1132584,-35.5182,0.8611101,0.00243731,-1.644333,0.05275093
2811,0.016684,1,100,0,-24.84465,0,0,101.1486,0,0,0.7094562,-0.008372318,-0.7046999,0.008768502,0.999957,-0.003052491,0.7046952,-0.004013554,0.7094991,-438.3783,-49.49754,-260.8287,57.31717,-0.5791923,85.55348,102.9805,0.1863065,-33.21546,0.7827715,0.006990807,-1.53772,0.04780229
2812,0.016662,1,100,0,-16.51365,0,0,101.0936,0,0,0.6915979,-0.009039585,-0.7222261,0.009205455,0.9999506,-0.003700593,0.7222239,-0.004089097,0.6916469,-437.4078,-49.50708,-259.415,60.09715,-0.5609314,83.41597,102.8115,0.2508593,-30.8767,0.7020112,0.01111046,-1.429439,0.0427512
2813,0.017918,1,100,0,-7.554653,0,0,101.1003,0,0,0.6733947,-0.009671285,-0.73922,0.009541563,0.999945,-0.004390459,0.7392218,-0.004096802,0.6734499,-436.3141,-49.51696,-257.9336,62.90796,-0.5317288,81.17319,102.6975,0.3106995,-28.304,0.6131846,0.01504201,-1.310328,0.03724078
2814,0.015649,1,100,0,0.2698469,0,0,101.1712,0,0,0.6584999,-0.01014798,-0.7525125,0.009725066,0.9999404,-0.004974565,0.7525181,-0.004042482,0.6585594,-435.3177,-49.5251,-256.6731,65.20384,-0.4978459,79.29016,102.6583,0.3533137,-26.05497,0.5341343,0.01793965,-1.206201,0.03236308
2815,0.016698,1,100,0,8.618847,0,0,101.2864,0,0,0.6436882,-0.01058232,-0.7652148,0.009819117,0.9999365,-0.005568629,0.7652251,-0.003929273,0.6437512,-434.216,-49.53317,-255.3598,67.5082,-0.4551073,77.35331,102.6699,0.3898703,-23.6109,0.4491536,0.02054198,-1.093046,0.02713923
2816,0.016833,1,100,0,17.03535,0,0,101.457,0,0,0.6299996,-0.01094219,-0.7765184,0.009815445,0.9999331,-0.006127009,0.7765335,-0.00376186,0.6300649,-433.0674,-49.54055,-254.0681,69.68063,-0.4059226,75.49239,102.7359,0.417063,-21.11708,0.3632766,0.0226196,-0.9775874,0.02187185
2817,0.016587,1,100,0,25.32885,0,0,101.676,0,0,0.6178217,-0.01122029,-0.7862382,0.009724304,0.9999308,-0.006628567,0.7862582,-0.003550346,0.6178881,-431.9006,-49.54699,-252.8255,71.6772,-0.3525562,73.76055,102.8512,0.4344549,-18.63769,0.2789741,0.02412519,-0.8627978,0.01670425
2818,0.016647,1,100,0,33.65234,0,0,101.9338,0,0,0.6069761,-0.01142371,-0.794638,0.009555535,0.9999292,-0.007076074,0.7946626,-0.003298183,0.6070423,-430.697,-49.55254,-251.6066,73.54324,-0.2953641,72.13171,103.013,0.442976,-16.12516,0.195216,0.02511495,-0.7464744,0.01156647
2819,0.016676,1,100,0,41.99034,0,0,102.23,0,0,0.5975598,-0.01155192,-0.8017412,0.009318558,0.9999288,-0.007462141,0.8017704,-0.003011997,0.5976249,-429.4609,-49.55713,-250.4121,75.27852,-0.2356132,70.61849,103.2177,0.4430515,-13.58641,0.1126614,0.02560518,-0.6289378,0.006492921
2820,0.016678,1,100,0,50.32934,0,0,102.5602,0,0,0.5896482,-0.01160512,-0.8075769,0.009023095,0.9999292,-0.007781117,0.80761,-0.002698721,0.5897112,-428.1965,-49.56071,-249.242,76.88376,-0.1745769,69.23164,103.4609,0.4352398,-11.02763,0.03192547,0.02562032,-0.510475,0.001516352
2821,0.016691,1,100,0,58.67484,0,0,102.9192,0,0,0.5832855,-0.01158405,-0.8121846,0.008678056,0.9999301,-0.008029523,0.8122209,-0.00236468,0.5833452,-426.905,-49.56329,-248.0934,78.3633,-0.1133442,67.97762,103.739,0.420247,-8.448615,-0.04656082,0.02519539,-0.391076,-0.003340589
2822,0.016719,1,100,0,67.03434,0,0,103.303,0,0,0.5785104,-0.01148944,-0.8155941,0.008291574,0.9999319,-0.008204935,0.8156329,-0.002015918,0.5785663,-425.5873,-49.56485,-246.9631,79.72083,-0.05292431,66.86234,104.048,0.3988465,-5.848278,-0.1224521,0.02436984,-0.2706907,-0.00805957
2823,0.016651,1,100,0,75.35984,0,0,103.7073,0,0,0.5753769,-0.0113233,-0.8178101,0.007873841,0.9999346,-0.008305273,0.8178506,-0.001660643,0.5754284,-424.253,-49.56541,-245.8551,80.95068,0.00533521,65.89812,104.3819,0.3719876,-3.244312,-0.1948751,0.02319049,-0.150138,-0.01258804
2824,0.016696,1,100,0,83.70784,0,0,104.1252,0,0,0.5738809,-0.01108635,-0.8188637,0.007429237,0.9999377,-0.00833125,0.818905,-0.001302387,0.5739275,-422.8953,-49.56501,-244.7594,82.06313,0.06096094,65.08286,104.7384,0.3404171,-0.6187204,-0.2639675,0.02169881,-0.02858476,-0.01693542
2825,0.016668,1,100,0,92.04184,0,0,104.5547,0,0,0.5740476,-0.01078138,-0.8187509,0.006965876,0.9999414,-0.008283352,0.8187922,-0.0009482787,0.5740891,-421.605,-49.56382,-243.7427,83.05325,0.1128898,64.42548,105.1118,0.3051059,2.014844,-0.3290435,0.01994428,0.09333709,-0.02105858
2826,0.016669,1,100,0,100.3763,0,0,104.9892,0,0,0.5758799,-0.0104104,-0.8174681,0.006488416,0.9999457,-0.00816336,0.8175087,-0.0006029587,0.5759161,-421.5456,-49.56422,-243.6845,83.92274,0.160664,63.92831,105.4983,0.266872,4.660305,-0.3898643,0.01797054,0.2158091,-0.02494128
2827,0.016869,1,100,0,84.77252,0,0,105.4248,0,0,0.5792814,-0.009970648,-0.8150668,0.005996155,0.9999503,-0.007970748,0.8151057,-0.0002699597,0.5793124,-421.5514,-49.56474,-243.6787,84.6791,0.2069705,63.59071,105.8979,0.2260622,6.670051,-0.4468092,0.01567493,0.3088486,-0.02860955
2828,0.016481,1,100,0,93.01302,0,0,105.8613,0,0,0.5838437,-0.009481467,-0.8118108,0.00551096,0.9999552,-0.007715472,0.8118476,3.077276e-05,0.5838698,-421.6015,-49.56534,-243.7092,85.29555,0.2503586,63.42406,106.2921,0.1858153,8.694107,-0.4976223,0.01337869,0.4025506,-0.03190359
2829,0.016686,1,100,0,101.356,0,0,106.2784,0,0,0.5897259,-0.008930754,-0.8075542,0.005017735,0.9999602,-0.007394314,0.8075881,0.0003085253,0.5897472,-421.6255,-49.56588,-243.7226,85.80069,0.2925366,63.41145,106.6905,0.145312,10.80643,-0.544065,0.01103303,0.5003392,-0.0349352
2830,0.016688,1,100,0,85.91962,0,0,106.6884,0,0,0.5967614,-0.008328669,-0.8023754,0.004524699,0.9999651,-0.007014437,0.8024058,0.0005554375,0.5967782,-421.6371,-49.56635,-243.7296,86.18559,0.3328159,63.5529,107.0843,0.1056807,12.30817,-0.5852342,0.00859947,0.5698595,-0.03763659
2831,0.016676,1,100,0,94.25762,0,0,107.083,0,0,0.6046918,-0.007681117,-0.7964225,0.004034392,0.9999702,-0.006581084,0.7964494,0.000766447,0.6047048,-421.6368,-49.56676,-243.7305,86.45078,0.3710148,63.84223,107.4696,0.06824788,13.9155,-0.6209719,0.006277901,0.6442686,-0.0399956
2832,0.016653,1,100,0,102.5841,0,0,107.4597,0,0,0.6135499,-0.006994181,-0.789625,0.003547441,0.9999751,-0.006100966,0.789648,0.0009420996,0.6135595,-421.6304,-49.56712,-243.7292,86.59927,0.4069619,64.26935,107.8432,0.03342427,15.61812,-0.6511289,0.004087488,0.7230904,-0.04200077
2833,0.016687,1,100,0,87.14864,0,0,107.8164,0,0,0.6232629,-0.006271525,-0.7819873,0.003062752,0.9999797,-0.005578733,0.7820064,0.001081984,0.6232694,-421.6103,-49.56739,-243.7201,86.63227,0.4406622,64.82845,108.2038,0.001440083,16.74797,-0.6757297,0.001962449,0.7753943,-0.04363834
2834,0.016677,1,100,0,95.48714,0,0,108.1531,0,0,0.6335772,-0.005521571,-0.7736598,0.002582374,0.999984,-0.005022039,0.7736751,0.001183971,0.6335813,-421.7426,-49.55987,-242.1596,30.64048,0.4512582,79.03369,108.5486,-4.693112,33.23008,5.375854,-0.2975766,1.537875,0.3439145
2835,0.016746,1,100,0,103.8601,0,0,73.78058,0,0,0.6532898,-0.01126548,-0.7570242,0.009876949,0.9999311,-0.00635672,0.7570437,-0.003324309,0.6533561,-421.2567,-49.55254,-240.8468,28.265,0.4503417,73.1926,82.36687,-4.814989,34.25097,5.731915,-0.3017786,1.585151,0.3694517
2836,0.016736,1,100,0,88.37935,0,0,69.21716,0,0,0.6729903,-0.01753372,-0.7394434,0.01750708,0.9998164,-0.007773964,0.739444,-0.007713689,0.6731737,-420.7559,-49.54543,-239.6452,33.2624,0.3639044,69.0402,76.63596,-4.016928,33.92228,5.453681,-0.2468966,1.570194,0.3542463
2837,0.016694,1,100,0,96.72635,0,0,71.06892,0,0,0.691999,-0.02361281,-0.7215122,0.02431932,0.9996601,-0.009391172,0.7214887,-0.011048,0.692338,-420.1779,-49.53982,-238.5094,37.36737,0.2716857,66.05316,75.8908,-3.310721,33.83865,5.144676,-0.1979932,1.566635,0.3364351
2838,0.017017,1,100,0,105.2348,0,0,72.68825,0,0,0.7108561,-0.02956314,-0.7027158,0.03050363,0.9994719,-0.01119064,0.7026755,-0.01348044,0.7113825,-419.5227,-49.53566,-237.3973,40.7719,0.1838681,63.96215,75.85208,-2.68186,33.98867,4.799737,-0.1540234,1.573929,0.3158224
2839,0.016361,1,100,0,90.10092,0,0,74.14848,0,0,0.7284926,-0.03498454,-0.6841598,0.03576898,0.9992754,-0.01301121,0.6841192,-0.01499313,0.7292161,-418.8415,-49.53302,-236.3578,43.37579,0.1147222,62.70592,76.24634,-2.164982,33.69186,4.441791,-0.1178022,1.560516,0.2937118
2840,0.016675,1,100,0,98.43842,0,0,75.39866,0,0,0.7458533,-0.04015336,-0.6648989,0.04050616,0.9990683,-0.01489594,0.6648775,-0.01582231,0.7467848,-418.1841,-49.53138,-235.2811,38.04933,0.08555462,62.27019,76.89837,-2.479026,35.43415,4.858931,-0.133588,1.641241,0.3214435
2841,0.016955,1,100,0,106.9159,0,0,71.79922,0,0,0.7638398,-0.04590502,-0.6437715,0.04587768,0.9988061,-0.01678705,0.6437735,-0.01671213,0.7650338,-417.5254,-49.53034,-234.23,40.44975,0.009272532,61.46797,73.58324,-1.990094,35.47221,4.414249,-0.09859571,1.643427,0.2935019
2842,0.016408,1,100,0,91.73853,0,0,73.0654,0,0,0.7806315,-0.05101614,-0.6229059,0.05042193,0.9985549,-0.01859264,0.6229543,-0.01689412,0.7820758,-416.8521,-49.53043,-233.2229,42.21546,-0.03601123,61.20654,74.35313,-1.604507,35.07735,3.962217,-0.07102153,1.62549,0.26452
2843,0.016684,1,100,0,76.30582,0,0,74.16707,0,0,0.7968879,-0.05570609,-0.6015535,0.05443185,0.9983104,-0.02034049,0.6016702,-0.01653458,0.7985737,-416.1404,-49.53112,-232.201,43.53352,-0.05441477,61.34437,75.22169,-1.290769,34.26773,3.484662,-0.04879488,1.588276,0.2334436
2844,0.017161,1,100,0,60.4319,0,0,75.18172,0,0,0.8125854,-0.05995404,-0.5797505,0.05795119,0.9980773,-0.0219896,0.5799541,-0.01572881,0.8144974,-415.388,-49.53202,-231.1456,44.45528,-0.04637893,61.81824,76.14308,-1.040511,33.03933,2.978755,-0.03148022,1.531583,0.2001784
2845,0.016393,1,100,0,52.2354,0,0,76.13354,0,0,0.8265194,-0.06343025,-0.5593233,0.0607594,0.9978787,-0.02337982,0.5596197,-0.01466027,0.82862,-414.6564,-49.53261,-230.1284,44.97184,-0.01580316,62.5201,77.01448,-0.8615978,31.73476,2.485356,-0.01944403,1.471273,0.1675837
2846,0.016605,1,100,0,43.9329,0,0,76.97277,0,0,0.8395813,-0.06636082,-0.5391656,0.06308089,0.9977059,-0.02456954,0.5395592,-0.01338292,0.8418413,-413.9083,-49.53261,-229.0853,45.19818,0.03266152,63.41158,77.87108,-0.7296403,30.28527,1.979674,-0.01104271,1.404178,0.1341037
2847,0.016689,1,100,0,35.5884,0,0,77.76914,0,0,0.8516513,-0.06869899,-0.5195869,0.06490045,0.9975654,-0.02551869,0.520075,-0.0119884,0.8540365,-413.1541,-49.53173,-228.0213,45.17237,0.09424165,64.44247,78.69806,-0.6379451,28.71159,1.469421,-0.005826154,1.331261,0.1003103
2848,0.016625,1,100,0,27.2759,0,0,78.52811,0,0,0.8626394,-0.07042237,-0.5008932,0.06621486,0.9974614,-0.0262013,0.5014668,-0.0105643,0.8651125,-412.4044,-49.52978,-226.9438,44.93792,0.1633088,65.56453,79.48679,-0.5785077,27.03963,0.9630749,-0.0032258,1.253733,0.06681281
2849,0.016689,1,100,0,18.9314,0,0,79.25384,0,0,0.8726587,-0.07155241,-0.4830602,0.06704774,0.9973949,-0.02661411,0.4837061,-0.009163056,0.8751828,-411.7191,-49.52666,-225.8032,39.0594,0.2441375,66.79587,80.24597,-0.709842,22.38687,1.164494,-0.01700448,1.037791,0.07829779
2850,0.016783,1,100,0,10.5399,0,0,77.34962,0,0,0.8806771,-0.07282192,-0.4680866,0.06816271,0.9973115,-0.02691124,0.4687879,-0.008205937,0.8832731,-411.0858,-49.5225,-224.6623,37.07937,0.2600787,65.72198,78.23675,-0.9538095,19.69606,0.798532,-0.03559019,0.9126209,0.05406677
2851,0.016658,1,100,0,2.210896,0,0,75.43069,0,0,0.8874621,-0.07365485,-0.4549573,0.06905702,0.9972543,-0.02674344,0.4556779,-0.007684205,0.8901118,-410.467,-49.51814,-223.5626,37.28392,0.2660181,66.61098,76.336,-0.8393002,18.07469,0.2859283,-0.03008317,0.8374974,0.02080267
2852,0.016907,1,100,0,-6.242603,15.2163,0,76.27864,0,0,0.8935878,-0.07392254,-0.4427598,0.06942358,0.9972383,-0.02638525,0.4434875,-0.007160433,0.896252,-409.8363,-49.51357,-222.4307,37.34761,0.2776663,67.61289,77.24264,-0.7375507,16.12817,-0.2224178,-0.0260346,0.7472624,-0.01219995
2853,0.016456,1,100,0,-14.4706,30.0267,0,77.15939,0,0,0.8987623,-0.07363425,-0.4322088,0.06927121,0.997263,-0.02585406,0.4329295,-0.006702969,0.9014031,-409.2219,-49.50894,-221.3124,37.30972,0.2904429,68.6606,78.14331,-0.6464196,13.97515,-0.7020501,-0.02309532,0.6474295,-0.04333356
2854,0.016669,1,100,0,-22.8051,45.0288,0,78.0414,0,0,0.9031776,-0.07281248,-0.4230467,0.06862716,0.9973255,-0.02513959,0.4237458,-0.006326975,0.905759,-408.6005,-49.50404,-220.1617,37.20885,0.3015206,69.77637,79.07802,-0.5569355,11.54056,-1.169828,-0.02071637,0.5345317,-0.07368688
2855,0.016824,1,100,0,-31.2171,60.1704,0,78.96576,0,0,0.9067556,-0.07146426,-0.4155569,0.06749737,0.997425,-0.02424847,0.4162198,-0.006061561,0.9092443,-407.9752,-49.49892,-218.9812,37.07443,0.3081678,70.94373,80.04762,-0.4651108,8.842667,-1.620581,-0.01853663,0.4094278,-0.1029267
2856,0.016525,1,100,0,-39.4796,75.0429,0,79.93443,0,0,0.9093742,-0.06965481,-0.4101059,0.06593771,0.9975537,-0.02321929,0.41072,-0.005926421,0.9117425,-407.3633,-49.49383,-217.8024,36.9373,0.3082972,72.11897,81.02842,-0.3699942,5.9812,-2.039397,-0.01627035,0.2767555,-0.130097
2857,0.016663,1,100,0,-47.8111,90.0396,0,80.923,0,0,0.9110845,-0.06737235,-0.4066767,0.0639387,0.9977103,-0.02204339,0.4072307,-0.005918989,0.9133062,-406.7485,-49.48874,-216.594,36.81837,0.3008326,73.32436,82.04965,-0.267057,2.888014,-2.435531,-0.01362349,0.1333638,-0.1558167
2858,0.016665,1,100,0,-56.1436,100,0,81.95939,0,0,0.9118226,-0.06465725,-0.4054616,0.06153548,0.9978893,-0.02074509,0.4059471,-0.006034428,0.9138767,-406.1353,-49.48381,-215.3653,36.73534,0.2851062,74.52992,83.09197,-0.155725,-0.3305679,-2.803123,-0.01033109,-0.01580841,-0.17972
2859,0.016673,1,100,0,-64.4801,100,0,83.02205,0,0,0.9115681,-0.06153823,-0.4065179,0.05875305,0.9980853,-0.0193423,0.4069298,-0.006252343,0.9134383,-405.523,-49.47919,-214.1161,36.70029,0.2608823,75.70253,84.12997,-0.03615594,-3.531003,-3.140294,-0.006155469,-0.1641015,-0.2016908
2860,0.016667,1,100,0,-72.8136,100,0,84.0824,0,0,0.9103149,-0.05804944,-0.409826,0.05562143,0.9982924,-0.01785466,0.4101627,-0.006541738,0.9119892,-404.9112,-49.47502,-212.8481,36.73473,0.2283549,76.83273,85.16315,0.08956239,-6.711545,-3.445051,-0.001166404,-0.3114357,-0.2216147
2861,0.016626,1,100,0,-81.1266,100,0,85.13634,0,0,0.9080465,-0.05423231,-0.4153439,0.05217861,0.9985048,-0.01630121,0.4156069,-0.006869807,0.9095187,-404.2998,-49.47144,-211.5647,36.85735,0.1883174,77.9101,86.18865,0.2186656,-9.866138,-3.715458,0.004517025,-0.4575339,-0.2393733
2862,0.016721,1,100,0,-89.4871,100,0,86.17757,0,0,0.9047014,-0.0500886,-0.4230916,0.04842791,0.9987189,-0.01468153,0.4232849,-0.007207047,0.905968,-403.6822,-49.46855,-210.2563,37.08609,0.1415895,78.93513,87.21326,0.349347,-13.02346,-3.95252,0.01080329,-0.6037275,-0.2550335
2863,0.016759,1,100,0,-97.8666,100,0,87.20966,0,0,0.9002217,-0.0456644,-0.4330308,0.04441325,0.9989285,-0.01300992,0.4331609,-0.00752049,0.9012853,-403.0587,-49.46646,-208.928,37.43644,0.0897844,79.89478,88.23078,0.4780015,-16.17242,-4.15411,0.01751299,-0.7495075,-0.2684494
2864,0.01655,1,100,0,-106.1416,100,0,88.22332,0,0,0.8946189,-0.04106518,-0.444939,0.04023314,0.9991263,-0.01131833,0.4450151,-0.007775699,0.8954895,-402.4366,-49.46527,-207.601,37.91488,0.03555563,80.76629,89.22294,0.5993497,-19.26394,-4.316977,0.02435274,-0.8926077,-0.2793902
2865,0.016684,1,100,0,-90.7089,100,0,89.19778,0,0,0.8877839,-0.03623857,-0.4588318,0.03584072,0.9993117,-0.009578275,0.4588631,-0.007941424,0.8884717,-401.8005,-49.46499,-206.249,38.53978,-0.02013948,81.55908,90.20642,0.7125832,-21.70168,-4.444808,0.0316909,-1.005408,-0.2879855
2866,0.016959,1,100,0,-99.1884,100,0,90.14758,0,0,0.8796828,-0.03118225,-0.4745376,0.03123211,0.999482,-0.007779671,0.4745344,-0.007977169,0.8802011,-401.1425,-49.46565,-204.8618,39.32779,-0.07550863,82.26738,91.18444,0.8120112,-24.22567,-4.537559,0.03861425,-1.1222,-0.2943023
2867,0.016404,1,100,0,-107.3904,100,0,91.07483,0,0,0.8706319,-0.02618718,-0.4912377,0.02667658,0.9996262,-0.006009114,0.4912114,-0.007872819,0.8710049,-400.4924,-49.46717,-203.5091,40.24112,-0.1255762,82.84888,92.10484,0.8901857,-26.69632,-4.591093,0.04462575,-1.236525,-0.2980348
2868,0.01668,1,100,0,-91.9614,100,0,91.92967,0,0,0.86019,-0.02104873,-0.509539,0.02199081,0.9997494,-0.004174715,0.5094992,-0.007614128,0.8604374,-399.8152,-49.46952,-202.1245,41.31956,-0.1708273,83.32863,93.01073,0.9498029,-28.57947,-4.610459,0.05018196,-1.323648,-0.2994078
2869,0.01669,1,100,0,-100.3064,100,0,92.75265,0,0,0.8485551,-0.01589352,-0.5288685,0.01729083,0.999848,-0.002304701,0.5288247,-0.007188908,0.8487009,-399.1187,-49.47259,-200.7317,42.54879,-0.2084373,83.6869,93.88259,0.9854085,-30.54927,-4.595089,0.05452817,-1.414793,-0.2984572
2870,0.016742,1,100,0,-84.82005,100,0,93.52751,0,0,0.8356702,-0.01075342,-0.5491264,0.01261044,0.9999205,-0.0003904281,0.5490869,-0.006598456,0.8357394,-398.3987,-49.47625,-199.3293,43.92638,-0.2367453,83.91702,94.71879,0.9960037,-31.93272,-4.545941,0.05773638,-1.478801,-0.2951477
2871,0.016633,1,100,0,-93.13654,100,0,94.25372,0,0,0.821744,-0.005722991,-0.5698283,0.008039175,0.9999666,0.001550193,0.5698004,-0.005854811,0.8217626,-397.6598,-49.48029,-197.9329,45.4312,-0.2542152,84.0108,95.5085,0.9798918,-33.43168,-4.464955,0.05940903,-1.548169,-0.2896895
2872,0.016759,1,100,0,-101.516,100,0,94.92514,0,0,0.8064642,-0.0007720985,-0.5912825,0.003558052,0.9999875,0.003547125,0.5912724,-0.004964443,0.8064569,-396.8893,-49.48459,-196.5251,47.07312,-0.2601955,83.96532,96.2607,0.9374177,-35.05875,-4.352799,0.05960915,-1.623479,-0.2821135
2873,0.016658,1,100,0,-86.10739,100,0,95.54874,0,0,0.7900211,0.003991685,-0.6130669,-0.000728576,0.9999844,0.005572039,0.6130795,-0.003955362,0.7900116,-396.0954,-49.4889,-195.1274,48.82157,-0.2541749,83.77457,96.96282,0.8694987,-36.11501,-4.212572,0.05830237,-1.67237,-0.272569
2874,0.016781,1,100,0,-94.49789,100,0,96.11539,0,0,0.7722941,0.00859336,-0.6352071,-0.00483604,0.9999591,0.007648157,0.6352468,-0.002834741,0.7723041,-395.2657,-49.49308,-193.7235,50.68914,-0.2361139,83.43148,97.62303,0.7765583,-37.33198,-4.044622,0.05548837,-1.728711,-0.2611441
2875,0.016617,1,100,0,-102.8064,100,0,96.63525,0,0,0.7534755,0.01292116,-0.657349,-0.008656462,0.9999152,0.009732477,0.657419,-0.001642867,0.7535235,-394.4126,-49.49685,-192.3397,52.63168,-0.2068557,82.93905,98.22943,0.6618422,-38.6722,-3.853867,0.05131863,-1.790762,-0.2481635
2876,0.016701,1,100,0,-87.35797,100,0,97.09793,0,0,0.7332968,0.01701031,-0.6796959,-0.01221301,0.9998553,0.01184661,0.6797991,-0.0003859494,0.7333984,-393.5222,-49.5001,-190.9581,54.66563,-0.1669164,82.28756,98.7907,0.5259469,-39.47749,-3.640222,0.0456662,-1.82805,-0.2336088
2877,0.01693,1,100,0,-95.82297,100,0,97.51128,0,0,0.711675,0.02086117,-0.702199,-0.01549618,0.999782,0.01399657,0.7023379,0.0009203879,0.7118432,-392.5847,-49.50266,-189.5695,56.79877,-0.116872,81.46433,99.31038,0.3706116,-40.46949,-3.403812,0.03878381,-1.873984,-0.21752
2878,0.016462,1,100,0,-104.054,100,0,97.88165,0,0,0.6894101,0.02429664,-0.7239638,-0.01835099,0.9997026,0.01607546,0.724139,0.002202867,0.6896509,-391.6379,-49.50428,-188.2336,58.93008,-0.06062778,80.50486,99.76868,0.2049423,-41.5825,-3.156845,0.03112148,-1.925522,-0.2007218
2879,0.016676,1,100,0,-88.62867,100,0,98.19368,0,0,0.6656278,0.02744798,-0.7457791,-0.02088249,0.9996172,0.01815217,0.7459919,0.003491138,0.6659461,-390.6429,-49.50496,-186.8973,61.13316,0.00237594,79.37228,100.1859,0.02522496,-42.1869,-2.892588,0.02223079,-1.953505,-0.1827911
2880,0.017087,1,100,0,-97.17217,100,0,98.46251,0,0,0.6401306,0.03031947,-0.7676676,-0.02308295,0.9995289,0.02022892,0.7679192,0.004770876,0.6405289,-389.5853,-49.50453,-185.5486,63.42393,0.07132554,78.04359,100.5654,-0.1665788,-43.00121,-2.609883,0.01253382,-1.991207,-0.1636383
2881,0.016361,1,100,0,-105.3527,100,0,98.69397,0,0,0.6145306,0.03271462,-0.7882145,-0.02480542,0.9994471,0.02214225,0.7885031,0.005944905,0.6150023,-388.5355,-49.50301,-184.2794,65.63808,0.1392052,76.61184,100.8848,-0.3548228,-43.94007,-2.329901,0.002849858,-2.034675,-0.1446935
2882,0.016655,1,100,0,-89.9468,100,0,98.87312,0,0,0.5873121,0.03479205,-0.8086125,-0.02616982,0.9993696,0.02399205,0.8089374,0.007070424,0.5878524,-387.4296,-49.50031,-183.0123,67.89925,0.2084874,74.99546,101.1666,-0.5487491,-44.38701,-2.038728,-0.00767656,-2.055354,-0.1250917
2883,0.016699,1,100,0,-98.2963,100,0,99.01398,0,0,0.5590178,0.03650736,-0.8283516,-0.027143,0.9993005,0.02572386,0.8287113,0.008103848,0.5596178,-386.2831,-49.49646,-181.7697,70.16293,0.2761042,73.21486,101.4068,-0.7406173,-45.03209,-1.742908,-0.01819806,-2.085208,-0.1052191
2884,0.016717,1,100,0,-106.6548,100,0,99.11938,0,0,0.5295718,0.03785434,-0.8474202,-0.02773047,0.9992425,0.02730688,0.8478119,0.009038408,0.5302203,-385.0976,-49.49149,-180.5565,72.4129,0.3399755,71.27557,101.6068,-0.9281,-45.85838,-1.445447,-0.02857655,-2.123454,-0.0852689
2885,0.016658,1,100,0,-91.24615,100,0,99.18735,0,0,0.4991505,0.03883156,-0.8656448,-0.02794282,0.9991972,0.02871006,0.8660647,0.00985791,0.4998349,-383.879,-49.48551,-179.3806,74.62798,0.3980668,69.1889,101.7674,-1.108595,-46.18107,-1.15015,-0.0391229,-2.138366,-0.06561404
2886,0.016673,1,100,0,-99.58265,100,0,99.2196,0,0,0.4678157,0.03945485,-0.882945,-0.02779838,0.9991658,0.02991966,0.8833889,0.01054756,0.4685222,-382.6225,-49.4786,-178.2394,76.80755,0.4491112,66.9494,101.8912,-1.278542,-46.70967,-0.8579818,-0.04913064,-2.162814,-0.0462191
2887,0.016665,1,100,0,-107.9151,100,0,99.22295,0,0,0.4354956,0.03973099,-0.8993137,-0.0273221,0.9991488,0.03091081,0.8997764,0.01110961,0.4362105,-381.3305,-49.47088,-177.1368,78.93716,0.4915807,64.56557,101.9805,-1.436703,-47.42602,-0.5715745,-0.05853091,-2.195958,-0.02725082
2888,0.016674,1,100,0,-92.4917,100,0,99.19543,0,0,0.4022045,0.03967324,-0.91469,-0.0265395,0.9991463,0.03166653,0.9151654,0.01153899,0.402914,-380.0027,-49.4625,-176.0741,81.00902,0.524393,62.03849,102.0368,-1.582433,-47.6495,-0.2927304,-0.06776188,-2.206267,-0.008968132
2889,0.01668,1,100,0,-100.8317,100,0,99.13888,0,0,0.3681565,0.03929985,-0.9289331,-0.02547802,0.9991577,0.03217331,0.929415,0.01182256,0.3688476,-378.6402,-49.45363,-175.054,83.01338,0.5466198,59.37306,102.0621,-1.712125,-48.08638,-0.02334122,-0.07608563,-2.226462,0.008632341
2890,0.016687,1,100,0,-85.39622,100,0,99.05996,0,0,0.333395,0.03862858,-0.9419954,-0.02417108,0.9991819,0.03241891,0.9424771,0.01196074,0.3340559,-377.2441,-49.44445,-174.0787,84.94052,0.5575247,56.57629,102.0592,-1.825655,-48.05243,0.2348452,-0.08396069,-2.224844,0.02529316
2891,0.016938,1,100,0,-93.86522,100,0,98.96081,0,0,0.2976115,0.0376673,-0.9539438,-0.02262927,0.999219,0.03239515,0.954419,0.01194588,0.2982315,-375.7947,-49.43501,-173.1371,86.80776,0.5565745,53.61229,102.0303,-1.921637,-48.25983,0.4838357,-0.09079688,-2.234408,0.04128449
2892,0.016404,1,100,0,-102.0672,100,0,98.8465,0,0,0.2623547,0.03648338,-0.9642816,-0.02096748,0.9992647,0.03210228,0.9647437,0.01179637,0.2629268,-374.3612,-49.42594,-172.2738,88.52327,0.5437449,50.6312,101.9813,-1.995943,-48.66773,0.7109218,-0.09631297,-2.253264,0.05579754
2893,0.016674,1,100,0,-86.64377,91.663,0,98.72098,0,0,0.2260008,0.03505049,-0.9734964,-0.0191476,0.9993193,0.03153505,0.973939,0.01151317,0.2265181,-372.8759,-49.41699,-171.4474,90.15923,0.5217016,47.40685,101.8645,-2.053982,-48.47709,0.926474,-0.1013951,-2.244393,0.06932933
2894,0.016726,1,100,0,-95.00677,83.3,0,98.5541,0,0,0.1893324,0.03340831,-0.9813446,-0.01722368,0.9993803,0.03069931,0.9817621,0.01108999,0.1897905,-371.3593,-49.40844,-170.6734,91.67699,0.4899144,43.99622,101.6886,-2.091794,-48.39683,1.126302,-0.1052853,-2.240641,0.08175652
2895,0.016667,1,100,0,-103.3403,74.96651,0,98.36049,0,0,0.1525638,0.0315906,-0.9877887,-0.01524856,0.9994454,0.02960826,0.9881762,0.0105452,0.1529609,-369.6957,-49.40049,-170.5496,89.59731,0.4117765,22.55288,101.4645,-2.105078,-36.92601,-1.413351,-0.1141421,-1.708819,-0.08368258
2896,0.016776,1,100,0,-87.82247,66.57851,0,91.99197,0,0,0.1240634,0.03262392,-0.9917379,-0.0135484,0.999422,0.03118183,0.992182,0.009567935,0.1244337,-368.179,-49.39426,-170.2142,88.61904,0.2737416,14.48797,93.09738,-2.337646,-33.44823,-2.076746,-0.1303777,-1.547506,-0.1274168
2897,0.01674,1,100,0,-96.19247,58.20851,0,89.73162,0,0,0.09810303,0.03443282,-0.9945804,-0.01164011,0.9993727,0.03345058,0.9951083,0.008295424,0.09844229,-366.6823,-49.39047,-170.0114,86.55655,0.1230984,12.13477,90.61138,-2.635313,-32.70747,-2.02616,-0.1488263,-1.513052,-0.1250359
2898,0.016695,1,100,0,-104.54,49.86101,0,87.32874,0,0,0.07268541,0.03623591,-0.9966966,-0.0093903,0.9993206,0.0356465,0.9973111,0.0067683,0.0729763,-365.2317,-49.38914,-169.8141,84.27666,-0.01410124,11.12386,88.22116,-2.905589,-32.75727,-1.779142,-0.1650613,-1.515246,-0.1100852
2899,0.016682,1,100,0,-89.10913,41.52001,0,84.86173,0,0,0.04735881,0.03783133,-0.9981613,-0.006820281,0.9992715,0.03754981,0.9988547,0.005029426,0.04758234,-363.8208,-49.38999,-169.6321,85.16881,-0.125309,10.47194,85.81027,-2.699705,-33.07785,-1.476696,-0.1507185,-1.530291,-0.09168699
2900,0.016685,1,100,0,-97.45163,33.17751,0,85.56891,0,0,0.02172867,0.03915759,-0.9989969,-0.004427626,0.9992267,0.0390703,0.9997543,0.003574239,0.02188524,-362.3949,-49.39258,-169.4626,86.02165,-0.215058,9.534051,86.54865,-2.504183,-33.48809,-1.173675,-0.1371222,-1.549478,-0.07309678
2901,0.01667,1,100,0,-105.7866,24.84251,0,86.2084,0,0,-0.004229079,0.04020466,-0.9991825,-0.00221892,0.9991885,0.0402143,0.9999884,0.002387175,-0.004136437,-360.9565,-49.39655,-169.3102,86.81991,-0.2837287,8.341058,87.22012,-2.32121,-33.97815,-0.8722647,-0.1244227,-1.572346,-0.054465
2902,0.016905,1,100,0,-90.14951,16.39001,0,86.78372,0,0,-0.03077632,0.04097785,-0.998686,-0.0001633662,0.999159,0.04100229,0.9995264,0.001425051,-0.03074374,-359.4846,-49.40162,-169.1773,87.5616,-0.333082,6.898024,87.83352,-2.149884,-33.86569,-0.5698293,-0.1130591,-1.567288,-0.03566493
2903,0.016456,1,100,0,-98.3775,8.16201,0,87.30758,0,0,-0.0565441,0.04144614,-0.9975395,0.001661825,0.9991406,0.04141846,0.9983988,0.0006842333,-0.05656438,-358.04,-49.40726,-169.0726,88.20853,-0.3626861,5.292366,88.3679,-1.995193,-33.87432,-0.2804272,-0.1028587,-1.567818,-0.01756164
2904,0.016672,1,100,0,-82.9559,0,0,87.76768,0,0,-0.08247848,0.04163609,-0.9957228,0.00333639,0.9991329,0.04150233,0.9965874,0.0001009291,-0.08254588,-356.5662,-49.41338,-168.9943,88.78065,-0.3765022,3.494422,88.8502,-1.851365,-33.33031,0.006123955,-0.09393171,-1.542728,0.0004531514
2905,0.016963,1,100,0,-67.26513,0,0,88.18919,0,0,-0.1082788,0.04153794,-0.9932525,0.004866275,0.9991369,0.04125353,0.9941088,-0.0003665579,-0.1083875,-355.0572,-49.41978,-168.9459,89.3001,-0.3779969,1.556741,89.31447,-1.715758,-32.37494,0.2891291,-0.08600748,-1.498565,0.01832244
2906,0.016403,1,100,0,-52.09235,0,0,88.60542,0,0,-0.1323645,0.04116553,-0.990346,0.006180925,0.9991522,0.04070547,0.9911821,-0.000733295,-0.1325067,-353.5899,-49.42593,-168.931,89.74147,-0.3693621,-0.3981722,89.74312,-1.592696,-31.11092,0.5527521,-0.07926312,-1.440086,0.03502579
2907,0.016652,1,100,0,-36.68925,0,0,89.00317,0,0,-0.1556889,0.04051872,-0.9869748,0.007353422,0.9991782,0.03985975,0.9877788,-0.00105192,-0.1558589,-352.0933,-49.43198,-168.9489,90.12977,-0.3530986,-2.438696,90.16344,-1.473763,-29.50205,0.8090589,-0.07316104,-1.365621,0.05130884
2908,0.016674,1,100,0,-28.35225,0,0,89.40874,0,0,-0.1777129,0.03960899,-0.983285,0.008364192,0.9992145,0.03873897,0.984047,-0.00133997,-0.1779046,-350.5886,-49.43774,-169.0011,90.4621,-0.3314883,-4.513928,90.57526,-1.358564,-27.79203,1.052802,-0.06746297,-1.286463,0.06682249
2909,0.016701,1,100,0,-20.00175,0,0,89.82245,0,0,-0.1983675,0.03844729,-0.9793733,0.009211663,0.9992594,0.03736217,0.9800844,-0.001610216,-0.1985748,-349.0762,-49.44314,-169.0881,90.74391,-0.3066781,-6.600943,90.98419,-1.246078,-25.98849,1.282679,-0.06206439,-1.202967,0.08147594
2910,0.016818,1,100,0,-11.59275,0,0,90.24797,0,0,-0.2176864,0.03703863,-0.9753158,0.009897979,0.9993122,0.03574073,0.9759688,-0.001873385,-0.2179033,-347.5486,-49.44814,-169.2108,90.98274,-0.2804288,-8.690125,91.39725,-1.134869,-24.08746,1.498581,-0.0568435,-1.114952,0.09525728
2911,0.016643,1,100,0,-3.271252,0,0,90.69045,0,0,-0.235287,0.03542348,-0.9712802,0.01041229,0.9993701,0.03392563,0.9718701,-0.002130993,-0.2355076,-346.0333,-49.45266,-169.3667,91.1822,-0.2547499,-10.72648,91.8113,-1.026182,-22.13312,1.695645,-0.05180402,-1.024467,0.1078534
2912,0.016655,1,100,0,5.056249,0,0,91.14397,0,0,-0.2513506,0.03360417,-0.9673126,0.01076463,0.9994324,0.03192287,0.9678364,-0.002388932,-0.2515697,-344.5136,-49.45677,-169.5564,91.35279,-0.2306439,-12.7176,92.23406,-0.9184661,-20.10875,1.875488,-0.04682952,-0.9307381,0.1193663
2913,0.016577,1,100,0,13.34475,0,0,91.61446,0,0,-0.265763,0.03160895,-0.9635202,0.01095685,0.999497,0.02976702,0.9639764,-0.002646175,-0.2659756,-342.9984,-49.46047,-169.7778,91.50181,-0.2091688,-14.63879,92.66563,-0.8121194,-18.0327,2.036405,-0.04189721,-0.8346175,0.1296872
2914,0.016704,1,100,0,21.69675,0,0,92.09971,0,0,-0.2786679,0.02943108,-0.9599365,0.01099507,0.9995626,0.02745415,0.9603246,-0.002903978,-0.2788696,-341.4692,-49.46386,-170.0327,91.6389,-0.1907277,-16.50158,93.11298,-0.7059491,-15.88186,2.17981,-0.03691965,-0.7350363,0.1389084
2915,0.016666,1,100,0,30.02975,0,0,92.60544,0,0,-0.2898958,0.02710928,-0.9566742,0.0108832,0.9996275,0.02502857,0.9569963,-0.003155993,-0.2900829,-339.9178,-49.46702,-170.3157,95.97961,-0.1887362,-17.94744,97.64339,-0.6013218,-13.68415,2.303524,-0.03193186,-0.6332876,0.1468913
2916,0.016943,1,100,0,38.50125,0,0,97.05898,0,0,-0.2996037,0.02461679,-0.9537461,0.01062355,0.9996912,0.02246544,0.9540047,-0.003401438,-0.2997727,-338.2675,-49.47017,-170.6289,100.2474,-0.1825196,-19.56671,102.1393,-0.4967326,-11.3949,2.409306,-0.02683969,-0.5273034,0.1537511
2917,0.016423,1,100,0,46.71275,0,0,101.5027,0,0,-0.3073365,0.02209194,-0.9513445,0.01023919,0.9997495,0.01990818,0.951546,-0.003622484,-0.3074857,-336.5991,-49.47312,-170.9594,104.267,-0.1746877,-21.23766,106.408,-0.3978119,-9.137763,2.491884,-0.0219001,-0.4228089,0.1591455
2918,0.016696,1,100,0,55.06075,0,0,105.7457,0,0,-0.3135006,0.01943628,-0.9493892,0.009725413,0.9998039,0.01725693,0.9495384,-0.003823143,-0.3136281,-334.8361,-49.47599,-171.3238,108.2366,-0.1669465,-22.99742,110.653,-0.3006315,-6.798248,2.556125,-0.01691353,-0.3145033,0.1633904
2919,0.016944,1,100,0,63.53275,0,0,109.9881,0,0,-0.3179835,0.01666976,-0.9479496,0.009088943,0.999853,0.01453366,0.9480526,-0.003994396,-0.3180883,-332.9799,-49.47877,-171.7237,112.159,-0.1607281,-24.80795,114.87,-0.2064999,-4.382348,2.601048,-0.01193247,-0.2026632,0.1664213
2920,0.016432,1,100,0,71.74876,0,0,114.2244,0,0,-0.320594,0.01393739,-0.9471143,0.008373016,0.9998946,0.01187986,0.94718,-0.00412159,-0.3206769,-331.1166,-49.48138,-172.1409,115.8849,-0.1570876,-26.55118,118.8878,-0.120726,-2.012819,2.624851,-0.007236275,-0.09297104,0.1681112
2921,0.016766,1,100,0,80.13176,0,0,118.2789,0,0,-0.3214916,0.01112013,-0.9468472,0.007557283,0.9999294,0.009177553,0.9468824,-0.004205086,-0.321553,-329.1544,-49.484,-172.5958,119.3338,-0.1554902,-28.30742,122.6454,-0.03981595,0.4403299,2.629929,-0.002637208,0.02059158,0.1686174
2922,0.016638,1,100,0,88.45076,0,0,122.098,0,0,-0.320589,0.008314643,-0.947182,0.006677184,0.9999566,0.006517914,0.9471951,-0.004234937,-0.3206306,-327.1517,-49.48659,-173.0761,122.4313,-0.1562445,-29.97863,126.0483,0.03264698,2.900638,2.615954,0.00166493,0.1344857,0.1679072
2923,0.016691,1,100,0,96.79626,0,0,125.5791,0,0,-0.3178704,0.005510517,-0.9481182,0.005739715,0.999976,0.003887595,0.9481168,-0.004206176,-0.3178944,-325.0926,-49.4892,-173.5852,125.2349,-0.1590779,-31.54081,129.1458,0.09640958,5.39446,2.583587,0.005651819,0.2499323,0.1660178
2924,0.01675,1,100,0,105.1713,0,0,128.7646,0,0,-0.313293,0.002726683,-0.9496526,0.004760615,0.9999879,0.001300668,0.9496447,-0.004113439,-0.3133022,-322.9808,-49.49189,-174.1214,127.7634,-0.1632969,-32.95433,131.9451,0.1503899,7.920473,2.533344,0.009256309,0.3668703,0.1629729
2925,0.016638,1,100,0,89.78111,0,0,131.6552,0,0,-0.3070464,1.187401e-05,-0.9516945,0.003766659,0.9999921,-0.001202765,0.951687,-0.003954014,-0.307044,-320.8426,-49.49462,-174.6764,130.0118,-0.167791,-34.16971,134.4272,0.1930294,9.785568,2.466572,0.01237162,0.4532121,0.1588015
2926,0.01677,1,100,0,98.16611,0,0,134.2228,0,0,-0.2993301,-0.002652758,-0.9541459,0.002760153,0.9999895,-0.003646117,0.9541456,-0.003724982,-0.2993197,-318.6511,-49.49745,-175.2551,132.0245,-0.1713926,-35.17932,136.6311,0.224182,11.74137,2.383309,0.0149248,0.5437551,0.1535538
2927,0.01662,1,100,0,106.4761,0,0,136.5011,0,0,-0.2902091,-0.00520436,-0.9569491,0.001774528,0.9999806,-0.005976538,0.9569616,-0.003432578,-0.2901942,-316.4471,-49.50031,-175.8441,133.7796,-0.1727356,-35.94781,138.5253,0.2429824,13.7451,2.285887,0.01684867,0.6365187,0.14737
2928,0.016759,1,100,0,90.97403,0,0,138.4544,0,0,-0.2796369,-0.00766933,-0.9600752,0.0008092753,0.9999658,-0.0082237,0.9601054,-0.003076615,-0.2796211,-314.1966,-49.50319,-176.4495,135.3128,-0.1706532,-36.47608,140.1431,0.2496627,15.15708,2.173869,0.01807265,0.7018884,0.1401796
2929,0.016639,1,100,0,99.29353,0,0,140.1145,0,0,-0.2680319,-0.009991562,-0.9633583,-0.0001052313,0.9999465,-0.01034176,0.9634101,-0.002670547,-0.2680186,-311.9379,-49.50599,-177.0579,136.6064,-0.1640997,-36.74372,141.4618,0.2445503,16.66988,2.050078,0.01864049,0.7719265,0.1322065
2930,0.016799,1,100,0,107.693,0,0,141.4565,0,0,-0.2551061,-0.01219505,-0.9668363,-0.0009706614,0.9999233,-0.01235628,0.9669129,-0.00221369,-0.2550984,-309.6358,-49.50869,-177.6752,137.9057,-0.1528918,-36.73832,142.7155,0.227981,18.30307,1.913761,0.01858677,0.8475397,0.123397
2931,0.016631,1,100,0,92.30936,0,0,142.715,0,0,-0.2411885,-0.01422242,-0.9703741,-0.001757491,0.9998974,-0.0142183,0.9704768,-0.001723867,-0.2411888,-307.335,-49.51114,-178.2847,139.2322,-0.1369742,-36.46297,143.9277,0.2006663,19.3504,1.768827,0.01776162,0.8960276,0.1139789
2932,0.016655,1,100,0,100.6369,0,0,143.9163,0,0,-0.2263775,-0.01608656,-0.9739069,-0.002464232,0.99987,-0.01594261,0.9740368,-0.001209115,-0.2263877,-305.0085,-49.51331,-178.889,140.5901,-0.116167,-35.93244,145.1093,0.1640619,20.54137,1.615144,0.01639852,0.9511668,0.1039757
2933,0.016899,1,100,0,85.00528,0,0,145.0747,0,0,-0.2105194,-0.0177979,-0.9774278,-0.003089652,0.9998416,-0.01754058,0.9775851,-0.0006727211,-0.2105411,-302.6248,-49.51513,-179.4919,141.9864,-0.09037693,-35.15135,146.2729,0.1183321,21.20198,1.451956,0.01430243,0.9817479,0.09332673
2934,0.016474,1,100,0,93.24228,0,0,146.2046,0,0,-0.1944738,-0.01928205,-0.9807183,-0.003603114,0.9998143,-0.01894301,0.9809014,-0.0001502801,-0.1945072,-300.2783,-49.51645,-180.0656,143.3556,-0.06115756,-34.16532,147.3706,0.0675192,22.01641,1.287091,0.01188524,1.019451,0.08256358
2935,0.016673,1,100,0,101.5788,0,0,147.2631,0,0,-0.177519,-0.02059366,-0.9839019,-0.004023902,0.9997879,-0.02020016,0.9841092,0.0003732117,-0.1775643,-297.8804,-49.51729,-180.6286,144.7385,-0.02830135,-32.9631,148.4446,0.01077079,23.00345,1.115979,0.009123821,1.065145,0.07138316
2936,0.016752,1,100,0,86.08318,0,0,148.2916,0,0,-0.1598074,-0.02171356,-0.9869095,-0.0043444,0.999764,-0.02129291,0.987139,0.0008847653,-0.1598641,-295.448,-49.51756,-181.173,146.1162,0.007222047,-31.55869,149.4855,-0.05080472,23.47377,0.9411403,0.005817526,1.086912,0.05995874
2937,0.016627,1,100,0,94.39668,0,0,149.2822,0,0,-0.1417717,-0.02262595,-0.9896408,-0.00455987,0.999743,-0.02220369,0.9898889,0.00136478,-0.1418384,-293.0203,-49.51722,-181.6897,145.8063,0.04910913,-30.10906,148.8826,-0.1139108,24.13129,0.7660825,0.002418864,1.117346,0.04852058
2938,0.016787,1,100,0,102.7902,0,0,148.6027,0,0,-0.1229607,-0.0233451,-0.992137,-0.004678152,0.999726,-0.02294388,0.9924008,0.00182017,-0.1230363,-290.5742,-49.51615,-182.1857,145.5135,0.09280379,-28.41643,148.2622,-0.1789086,24.97385,0.5892017,-0.001088072,1.156347,0.03695919
2939,0.01662,1,100,0,87.41669,0,0,147.9041,0,0,-0.1037797,-0.02385711,-0.9943143,-0.004700675,0.9997131,-0.02349602,0.9945894,0.002235539,-0.103862,-288.1573,-49.51437,-182.6476,145.2312,0.1358838,-26.54096,147.6366,-0.2437986,25.30636,0.4152732,-0.004878321,1.17173,0.02561213
2940,0.016675,1,100,0,95.75419,0,0,147.2024,0,0,-0.08418905,-0.02417419,-0.9961567,-0.004633068,0.9997046,-0.02386873,0.9964395,0.002605776,-0.08427618,-285.7371,-49.51188,-183.0788,144.9447,0.1774342,-24.48614,146.9986,-0.307017,25.84379,0.243213,-0.008556182,1.1966,0.01439098
2941,0.016908,1,100,0,104.2082,0,0,146.4927,0,0,-0.06382047,-0.02429845,-0.9976656,-0.004482113,0.9997005,-0.02406129,0.9979514,0.002936047,-0.06391026,-283.2881,-49.50866,-183.4803,144.6409,0.2164014,-22.25258,146.3428,-0.3687755,26.58169,0.0725132,-0.0121383,1.230755,0.003258259
2942,0.016467,1,100,0,88.97622,0,0,145.7674,0,0,-0.04352412,-0.02423256,-0.9987584,-0.004263174,0.9997011,-0.02406965,0.9990432,0.003210271,-0.04361442,-280.9079,-49.50492,-183.8341,144.3248,0.2500437,-19.94786,145.697,-0.4262257,26.81679,-0.0889061,-0.0157504,1.241625,-0.00723221
2943,0.01663,1,100,0,97.29122,0,0,145.0575,0,0,-0.02277373,-0.02398753,-0.9994529,-0.003978295,0.9997064,-0.02390297,0.9997329,0.003431759,-0.02286247,-278.5096,-49.5006,-184.1523,143.9782,0.2788023,-17.50824,145.0391,-0.4795072,27.26584,-0.2460958,-0.01909083,1.262403,-0.01744153
2944,0.016895,1,100,0,105.7387,0,0,144.341,0,0,-0.001277945,-0.02356247,-0.9997216,-0.003636103,0.999716,-0.02355769,0.9999928,0.003604985,-0.001363258,-276.0792,-49.49576,-184.4337,143.5921,0.3017643,-14.93274,144.3667,-0.5287725,27.92293,-0.3987852,-0.0221794,1.292815,-0.02735541
2945,0.016433,1,100,0,90.5382,0,0,143.6125,0,0,0.0200051,-0.02298643,-0.9995357,-0.003262379,0.9997289,-0.02305617,0.9997947,0.003722106,0.01992469,-273.7217,-49.49072,-184.6649,143.179,0.3173768,-12.34393,143.7105,-0.5717745,28.08771,-0.5395058,-0.02515475,1.30043,-0.03644497
2946,0.016653,1,100,0,98.8647,0,0,142.9048,0,0,0.04174699,-0.02225137,-0.9988805,-0.002852442,0.9997454,-0.02238985,0.9991243,0.003783957,0.04167289,-271.3398,-49.48538,-184.8556,142.718,0.3261592,-9.647417,143.0441,-0.6088766,28.4734,-0.6736051,-0.02774787,1.318276,-0.04509782
2947,0.016689,1,100,0,107.2092,0,0,142.1922,0,0,0.06386521,-0.02137171,-0.9977298,-0.002423316,0.9997646,-0.02157041,0.9979559,0.003795413,0.06379838,-268.9608,-49.47993,-185.0012,142.2098,0.3275497,-6.8843,142.3768,-0.6397694,29.06133,-0.7986348,-0.02995046,1.345487,-0.05315784
2948,0.016693,1,100,0,91.76817,0,0,141.4812,0,0,0.08628622,-0.02036037,-0.9960623,-0.001986831,0.9997857,-0.0206086,0.9962685,0.003757246,0.08622728,-266.5899,-49.47449,-185.1005,141.6517,0.3215317,-4.066959,141.7104,-0.6645858,29.1671,-0.9136909,-0.0320263,1.350372,-0.06052037
2949,0.016625,1,100,0,76.39005,0,0,140.7736,0,0,0.1085416,-0.01923671,-0.9939059,-0.00155272,0.9998085,-0.01952052,0.9940911,0.003662047,0.108491,-264.2383,-49.46922,-185.1523,141.0439,0.308355,-1.215009,141.0495,-0.6819287,28.83413,-1.017793,-0.0338357,1.334944,-0.06712231
2950,0.016698,1,100,0,60.9444,0,0,140.0798,0,0,0.1304811,-0.01800612,-0.9912874,-0.001126075,0.999832,-0.01830954,0.9914505,0.003505314,0.1304389,-261.8867,-49.46417,-185.1565,140.381,0.288096,1.680778,140.3914,-0.6910087,28.09447,-1.111478,-0.0352868,1.300686,-0.07300102
2951,0.016617,1,100,0,45.57367,0,0,139.4011,0,0,0.1515966,-0.01669456,-0.9883015,-0.0007196965,0.9998552,-0.01700012,0.9884422,0.003288438,0.1515626,-259.5578,-49.45953,-185.1126,139.6717,0.2612076,4.57348,139.7468,-0.6911361,26.99129,-1.193534,-0.0362791,1.249601,-0.078088
2952,0.016703,1,100,0,37.22217,0,0,138.7514,0,0,0.1718746,-0.01530337,-0.9850001,-0.0003387278,0.9998785,-0.01559363,0.9851191,0.003013796,0.1718485,-257.229,-49.45535,-185.0201,138.9134,0.2278643,7.468761,139.1142,-0.6821605,25.74104,-1.264639,-0.03671316,1.191709,-0.08244693
2953,0.01664,1,100,0,28.90217,0,0,138.1304,0,0,0.1910279,-0.01385801,-0.9814869,4.397705e-06,0.9999005,-0.01411715,0.9815848,0.002692453,0.191009,-254.9218,-49.45177,-184.8801,138.1197,0.1889647,10.31651,138.5046,-0.664564,24.36807,-1.32397,-0.03658657,1.128138,-0.08603719
2954,0.016713,1,100,0,20.54567,0,0,137.5473,0,0,0.2091226,-0.01235969,-0.9778113,0.0003047085,0.9999209,-0.01257399,0.9778894,0.002331559,0.2091099,-252.618,-49.44885,-184.6921,137.2919,0.1450221,13.11861,137.9173,-0.6388881,22.87058,-1.372029,-0.03592049,1.058804,-0.08889915
2955,0.016927,1,100,0,12.08217,0,0,136.9998,0,0,0.2262004,-0.01080722,-0.9740208,0.0005572595,0.9999397,-0.01096538,0.9740806,0.001937591,0.2261927,-250.2989,-49.44667,-184.4545,136.4307,0.09655567,15.87786,137.3516,-0.6055583,21.24163,-1.409037,-0.03472978,0.9833867,-0.09105484
2956,0.016415,1,100,0,3.874671,0,0,136.4861,0,0,0.2414844,-0.009279246,-0.9703605,0.0007479996,0.9999559,-0.00937611,0.9704047,0.001538355,0.2414807,-248.0639,-49.44535,-184.1797,135.584,0.0469526,18.45868,136.8347,-0.5669395,19.57115,-1.4336,-0.03310825,0.9060483,-0.09243283
2957,0.016666,1,100,0,-4.458329,0,0,136.0289,0,0,0.2556664,-0.007716673,-0.9667344,0.0008840647,0.9999698,-0.007748162,0.966765,0.001126289,0.2556655,-245.809,-49.44485,-183.8581,134.7208,-0.004891856,20.97114,136.3433,-0.5226062,17.783,-1.447582,-0.0310567,0.823264,-0.0931498
2958,0.016886,1,100,0,-12.90133,0,0,135.605,0,0,0.2686059,-0.006132365,-0.9632307,0.0009613306,0.999981,-0.006098258,0.9632497,0.0007120452,0.2686067,-243.539,-49.44522,-183.4904,133.8523,-0.05766779,23.39236,135.881,-0.4735092,15.88492,-1.450773,-0.02861846,0.7353906,-0.0931991
2959,0.016444,1,100,0,-21.12333,0,0,135.2165,0,0,0.2797689,-0.00459802,-0.9600565,0.0009778808,0.9999895,-0.004504309,0.9600671,0.0003213447,0.2797705,-241.3424,-49.44644,-183.0936,133.0229,-0.107905,25.61532,135.4668,-0.4227181,13.96778,-1.443369,-0.02595364,0.6466357,-0.09260326
2960,0.016669,1,100,0,-29.45783,0,0,134.8773,0,0,0.2896064,-0.003060549,-0.9571409,0.0009371697,0.9999954,-0.002914016,0.9571454,-5.308585e-05,0.2896079,-239.1295,-49.4485,-182.6548,132.2065,-0.1565548,27.72578,135.0826,-0.3694867,11.95321,-1.425889,-0.02303357,0.5533698,-0.09139155
2961,0.01664,1,100,0,-37.77783,0,0,134.5704,0,0,0.2979006,-0.001552296,-0.9545957,0.0008415438,0.9999987,-0.001363507,0.9545966,-0.0003971447,0.2979015,-236.9339,-49.45135,-182.1827,131.4248,-0.2016123,29.67865,134.7343,-0.3157863,9.879733,-1.398773,-0.01996961,0.457377,-0.08959492
2962,0.01669,1,100,0,-46.12283,0,0,134.2991,0,0,0.3046556,-7.440631e-05,-0.9524627,0.0006945149,0.9999999,0.0001440283,0.9524626,-0.0007053785,0.3046556,-234.7446,-49.45494,-181.6773,130.6822,-0.2422269,31.47513,134.4194,-0.2625405,7.741736,-1.362394,-0.01681927,0.3583964,-0.08723561
2963,0.016654,1,100,0,-54.44983,0,0,134.0592,0,0,0.309802,0.001357617,-0.9508002,0.0005018535,0.9999987,0.001591386,0.9508011,-0.000970177,0.3098009,-232.572,-49.45917,-181.1441,129.99,-0.2772162,33.0979,134.1378,-0.2112059,5.556147,-1.317424,-0.01367319,0.2572117,-0.08435429
2964,0.016684,1,100,0,-62.79182,0,0,133.8486,0,0,0.3133326,0.002742013,-0.9496394,0.000268899,0.9999955,0.002976135,0.9496433,-0.001187877,0.3133304,-230.4068,-49.46395,-180.5839,129.3518,-0.3059472,34.54715,133.8861,-0.1626492,3.317936,-1.264281,-0.01058829,0.1535899,-0.0809735
2965,0.016693,1,100,0,-71.13832,0,0,133.6631,0,0,0.3152082,0.00406973,-0.9490138,2.615503e-06,0.9999908,0.004289207,0.9490225,-0.001354475,0.3152053,-228.2507,-49.46918,-180.0002,128.7743,-0.3277288,35.81404,133.6621,-0.1179923,1.034137,-1.20361,-0.00763863,0.04785656,-0.07712949
2966,0.016767,1,100,0,-79.52182,15.0903,0,133.4989,0,0,0.3153131,0.00533886,-0.9489728,-0.0002908922,0.9999848,0.005529196,0.9489878,-0.001467379,0.3153098,-226.0941,-49.47475,-179.3935,128.3242,-0.3422368,36.91822,133.5297,-0.07799173,-1.639276,-1.135762,-0.004843747,-0.07591557,-0.07284803
2967,0.016583,1,100,0,-87.81332,30.015,0,133.4193,0,0,0.3133934,0.006524421,-0.9496011,-0.000599412,0.9999775,0.006672721,0.9496232,-0.001521984,0.3133902,-223.9678,-49.48046,-178.7761,128.0066,-0.349066,37.84555,133.4844,-0.04427639,-4.619628,-1.062461,-0.00230171,-0.213899,-0.0682316
2968,0.016713,1,100,0,-96.16982,45.0567,0,133.419,0,0,0.3091812,0.007643687,-0.9509726,-0.0009206033,0.9999698,0.007738208,0.951003,-0.00151704,0.3091788,-221.8295,-49.48629,-178.1393,127.8152,-0.3484601,38.61329,133.5209,-0.01710626,-7.941103,-0.9830915,-1.594366e-05,-0.3676765,-0.06323303
2969,0.016852,1,100,0,-104.5958,60.2235,0,133.4915,0,0,0.3023779,0.00868979,-0.9531486,-0.001246475,0.9999613,0.008721146,0.9531875,-0.001449006,0.302377,-219.6759,-49.49212,-177.4853,127.7536,-0.3403622,39.21038,133.6359,0.002441732,-11.58714,-0.8981915,0.001949156,-0.5364811,-0.05787506
2970,0.016484,1,100,0,-89.34813,75.0591,0,133.63,0,0,0.2931651,0.009626699,-0.9560134,-0.001558325,0.9999529,0.009591286,0.9560607,-0.00132205,0.2931662,-217.5697,-49.49764,-176.8367,127.8215,-0.3253151,39.60837,133.8181,0.01300161,-14.75534,-0.811074,0.003362396,-0.6831641,-0.05233891
2971,0.016704,1,100,0,-97.70013,90.0927,0,133.8174,0,0,0.2813652,0.01048344,-0.9595435,-0.001857957,0.9999444,0.01038004,0.959599,-0.001137791,0.281369,-215.4335,-49.50296,-176.1739,128.0173,-0.3034558,39.82013,134.0678,0.01533266,-18.2702,-0.719502,0.004392975,-0.8458965,-0.04649158
2972,0.01673,1,100,0,-106.0651,100,0,134.0498,0,0,0.2668397,0.01124241,-0.9636754,-0.002132106,0.9999366,0.01107507,0.9637389,-0.0009006099,0.2668467,-213.2901,-49.50789,-175.5077,128.3183,-0.2782244,39.81117,134.3525,0.003378651,-21.95326,-0.6245934,0.004610835,-1.016415,-0.04038944
2973,0.01662,1,100,0,-90.69162,100,0,134.2891,0,0,0.2497948,0.01189237,-0.9682258,-0.00236689,0.9999292,0.01167113,0.9682961,-0.0006237039,0.2498053,-211.1554,-49.51235,-174.8476,128.684,-0.247712,39.52511,134.6175,-0.01659295,-24.87664,-0.5285894,0.004203683,-1.151762,-0.03415953
2974,0.016713,1,100,0,-99.04812,100,0,134.4779,0,0,0.2303745,0.0124367,-0.9730226,-0.002559734,0.9999227,0.01217447,0.9730988,-0.0003140084,0.2303885,-209.0023,-49.51627,-174.1902,129.1117,-0.208878,38.9468,134.8581,-0.03748508,-27.80572,-0.4305269,0.003754155,-1.287373,-0.02775262
2975,0.016666,1,100,0,-107.3811,100,0,134.6114,0,0,0.2087127,0.01286635,-0.9778925,-0.002708259,0.9999173,0.01257811,0.9779735,2.317596e-05,0.2087302,-206.8479,-49.51951,-173.5459,129.5865,-0.1654951,38.07292,135.0638,-0.06560861,-30.71389,-0.332537,0.002830303,-1.422015,-0.02130309
2976,0.016673,1,100,0,-91.9586,100,0,134.6791,0,0,0.1849044,0.01318053,-0.9826683,-0.00280821,0.9999133,0.01288343,0.9827529,0.0003773367,0.1849254,-204.6844,-49.52201,-172.9176,130.0963,-0.118565,36.89732,135.2275,-0.1001907,-32.94595,-0.2350806,0.001309154,-1.525352,-0.01484729
2977,0.016689,1,100,0,-100.3031,100,0,134.6757,0,0,0.1592505,0.01337769,-0.9871476,-0.00285015,0.9999102,0.01309085,0.9872341,0.0007287946,0.1592743,-202.5102,-49.52377,-172.31,130.6243,-0.07897616,35.41838,135.341,-0.1547864,-35.22389,-0.1378394,-0.001532287,-1.63081,-0.00837827
2978,0.016669,1,100,0,-84.88427,91.6655,0,134.5979,0,0,0.1319858,0.01345672,-0.9911603,-0.00282825,0.999909,0.01319888,0.9912477,0.001061185,0.1320118,-200.33,-49.52481,-171.7298,131.126,-0.02974433,33.58304,135.3582,-0.1944507,-36.68554,-0.0405574,-0.00367503,-1.698477,-0.001906349
2979,0.016688,1,100,0,-93.22827,83.3215,0,134.4117,0,0,0.1034873,0.01341871,-0.9945403,-0.002754594,0.9999091,0.01320452,0.9946271,0.001373054,0.1035149,-198.1392,-49.52503,-171.1814,131.5805,0.02052245,31.39695,135.2745,-0.2357667,-38.0675,0.05402052,-0.006018096,-1.762453,0.004393621
2980,0.016992,1,100,0,-101.7243,74.82549,0,134.1236,0,0,0.07331181,0.01326345,-0.9972208,-0.002630019,0.9999106,0.01310587,0.9973055,0.001661895,0.07334013,-195.9011,-49.5244,-170.6624,131.9713,0.07107897,28.83457,135.0846,-0.2782388,-39.39908,0.1467488,-0.008531425,-1.824096,0.01057267
2981,0.016364,1,100,0,-86.58757,66.64349,0,133.7305,0,0,0.04337199,0.01300667,-0.9989744,-0.002466191,0.9999138,0.01291182,0.9990563,0.00190365,0.04340034,-193.7398,-49.52298,-170.2056,132.2608,0.1177458,26.06483,134.8047,-0.3179567,-39.97004,0.2319878,-0.01112527,-1.850523,0.01622544
2982,0.016695,1,100,0,-94.93507,58.29599,0,133.2675,0,0,0.01234432,0.01264407,-0.999844,-0.002260067,0.999918,0.0126171,0.9999216,0.002103965,0.01237189,-191.5305,-49.52077,-169.7877,132.4482,0.1618167,22.96311,134.4241,-0.3557123,-40.54611,0.3143675,-0.01367385,-1.877185,0.02167006
2983,0.016851,1,100,0,-103.3606,49.87049,0,132.7222,0,0,-0.01943427,0.01218184,-0.999737,-0.002020085,0.9999233,0.01222338,0.9998091,0.002257107,-0.01940817,-189.2982,-49.51782,-169.4197,132.5103,0.2012698,19.58341,133.9497,-0.3901505,-41.12212,0.3923048,-0.01609016,-1.903846,0.02679949
2984,0.016508,1,100,0,-88.09068,41.61649,0,132.1054,0,0,-0.05081649,0.01164288,-0.9986404,-0.001761293,0.9999298,0.01174753,0.9987071,0.002355867,-0.05079242,-187.111,-49.51432,-169.1157,132.435,0.2338003,16.0621,133.4057,-0.4195683,-41.02916,0.4630938,-0.01838976,-1.899534,0.0314055
2985,0.016684,1,100,0,-96.43268,33.27449,0,131.4485,0,0,-0.08242399,0.01102006,-0.9965366,-0.001474497,0.9999367,0.01117961,0.9965968,0.002390858,-0.08240252,-184.9026,-49.51035,-168.8685,132.2089,0.2448566,12.32661,132.7825,-0.4700291,-40.98851,0.5328815,-0.0220874,-1.89764,0.03590271
2986,0.016705,1,100,0,-104.7852,24.92199,0,130.7438,0,0,-0.1139701,0.01032471,-0.9934306,-0.001152345,0.999944,0.0105246,0.9934837,0.002344265,-0.1139518,-182.696,-49.50628,-168.6841,131.8265,0.2410542,8.446186,132.097,-0.5172882,-40.99892,0.5956658,-0.02562233,-1.89811,0.03989357
2987,0.016661,1,100,0,-89.37376,16.59149,0,130.0056,0,0,-0.1451704,0.009567906,-0.9893605,-0.0008141561,0.999952,0.009789796,0.9894066,0.002226682,-0.1451556,-180.5025,-49.50223,-168.5654,131.2894,0.2470126,4.472301,131.3658,-0.5287555,-40.39356,0.6600364,-0.02701295,-1.870078,0.04390995
2988,0.016686,1,100,0,-97.71676,8.248493,0,129.25,0,0,-0.1758391,0.008751173,-0.9843801,-0.0004885816,0.9999598,0.008976951,0.9844191,0.002059449,-0.1758277,-178.3155,-49.49811,-168.5133,130.5926,0.2453293,0.4204963,130.5935,-0.5335272,-39.89,0.7173782,-0.0279847,-1.84676,0.04744685
2989,0.016696,1,100,0,-106.0648,0,0,128.4844,0,0,-0.2060004,0.007884286,-0.9785203,-0.0001853183,0.9999673,0.008096107,0.9785522,0.001849139,-0.2059922,-176.1397,-49.49406,-168.529,129.7401,0.2358713,-3.668704,129.7921,-0.5318773,-39.48499,0.7674475,-0.02855153,-1.828005,0.05049357
2990,0.016662,1,100,0,-90.6524,0,0,127.7136,0,0,-0.2355041,0.006979008,-0.9718485,8.706935e-05,0.9999746,0.007159887,0.9718738,0.001601564,-0.2354987,-173.9831,-49.49023,-168.6124,128.7915,0.2184498,-7.683015,129.0207,-0.5239758,-38.68406,0.810048,-0.02878102,-1.790922,0.05302745
2991,0.016658,1,100,0,-75.24375,0,0,126.9788,0,0,-0.2640997,0.006043535,-0.9644764,0.0003231814,0.9999807,0.006177514,0.9644951,0.001319778,-0.2640965,-171.8433,-49.48672,-168.7623,127.752,0.1937026,-11.62261,128.2797,-0.5100011,-37.51989,0.8452274,-0.02865484,-1.737022,0.05506111
2992,0.016703,1,100,0,-59.79348,0,0,126.2859,0,0,-0.2915972,0.005084131,-0.9565277,0.000518475,0.9999865,0.005157066,0.956541,0.001007851,-0.2915959,-169.7156,-49.48365,-168.9779,126.627,0.1623591,-15.48711,127.5707,-0.4900517,-36.01751,0.8730947,-0.02815299,-1.667466,0.05661222
2993,0.016656,1,100,0,-51.46548,0,0,125.64,0,0,-0.3176566,0.004114302,-0.9481969,0.0006676512,0.9999914,0.004115372,0.9482057,0.00067421,-0.3176566,-167.613,-49.48115,-169.2567,125.4349,0.1255335,-19.24042,126.902,-0.4645928,-34.41288,0.8935776,-0.02726053,-1.593176,0.05769209
2994,0.016907,1,100,0,-43.01198,0,0,125.05,0,0,-0.3426546,0.00312362,-0.9394563,0.000783366,0.9999952,0.003039184,0.9394614,0.0003054523,-0.3426555,-165.4993,-49.47939,-169.6028,124.1627,0.05949464,-22.93222,126.2627,-0.4762112,-32.68126,0.9088439,-0.02870872,-1.513006,0.05843546
2995,0.016474,1,100,0,-34.77498,0,0,124.5039,0,0,-0.3655434,0.002159255,-0.9307919,0.0008861079,0.9999978,0.001971804,0.9307941,-0.0001040021,-0.3655445,-163.4608,-49.47881,-169.9996,122.8813,-0.01485708,-26.40154,125.6856,-0.4810692,-30.91043,0.9154788,-0.02964938,-1.431021,0.05862597
2996,0.01668,1,100,0,-26.43498,0,0,124.0281,0,0,-0.3872097,0.001192375,-0.921991,0.000975184,0.9999993,0.0008837105,0.9219914,-0.0005569295,-0.3872106,-161.4184,-49.47951,-170.4588,121.5547,-0.09602895,-29.77792,125.149,-0.4761329,-29.03331,0.9150714,-0.02990495,-1.344116,0.05836929
2997,0.016782,1,100,0,-18.04398,0,0,123.6028,0,0,-0.4074426,0.0002300996,-0.9132309,0.001032507,0.9999996,-0.0002086962,0.9132305,-0.001027949,-0.4074427,-159.3859,-49.48148,-170.9767,120.2087,-0.1605244,-33.02551,124.663,-0.4362704,-27.06766,0.9240589,-0.02785515,-1.253114,0.05873804
2998,0.016618,1,100,0,-9.734978,0,0,123.2345,0,0,-0.4259039,-0.0007187328,-0.9047681,0.001032639,0.9999986,-0.001280479,0.9047677,-0.00147966,-0.4259026,-157.3956,-49.48449,-171.5425,118.8754,-0.2233239,-36.08783,124.2326,-0.3935457,-25.05471,0.9260409,-0.02554794,-1.159922,0.05870055
2999,0.016659,1,100,0,-1.405478,0,0,122.9248,0,0,-0.4428275,-0.00166107,-0.8966053,0.0009773688,0.9999968,-0.002335331,0.8966063,-0.001910463,-0.4428245,-155.4225,-49.48854,-172.1598,117.551,-0.2841022,-38.99979,123.8519,-0.3484568,-22.97355,0.9214053,-0.02301649,-1.063572,0.05828217
3000,0.016688,1,100,0,6.938522,0,0,122.6675,0,0,-0.4581811,-0.002591855,-0.8888552,0.0008686436,0.999994,-0.003363693,0.8888586,-0.002313279,-0.4581761,-153.468,-49.4936,-172.826,116.2495,-0.3416399,-41.7538,123.521,-0.3018577,-20.83081,0.9104043,-0.02031126,-0.9643703,0.05750057
3001,0.016668,1,100,0,15.27252,0,0,122.4608,0,0,-0.4719124,-0.003504346,-0.8816385,0.0007099917,0.9999903,-0.004354808,0.8816453,-0.002681044,-0.4719054,-151.5373,-49.49959,-173.5363,114.9874,-0.3948286,-44.33792,123.24,-0.2549606,-18.63823,0.8933327,-0.01750671,-0.8628613,0.05637464
3002,0.016699,1,100,0,23.62202,0,0,122.3024,0,0,-0.4840608,-0.004397551,-0.8750234,0.0005051659,0.9999859,-0.005305024,0.8750344,-0.003009986,-0.4840517,-149.6238,-49.50645,-174.2902,113.7722,-0.4429648,-46.75746,123.0064,-0.208553,-16.39287,0.8704653,-0.01465251,-0.758907,0.05492002
3003,0.016676,1,100,0,31.96002,0,15.0084,122.1889,0,0,-0.4945165,-0.005264727,-0.8691524,0.0002762487,0.9999808,-0.006214372,0.8691685,-0.003313212,-0.4945056,-147.7325,-49.51424,-175.0823,112.6884,-0.5160011,-48.99446,122.8796,-0.2161722,-13.80099,0.8405796,-0.0151511,-0.6389149,0.05306878
3004,0.016693,1,100,0,40.30652,0,30.0321,122.1749,0,0,-0.5031093,-0.006103911,-0.8642012,5.849265e-05,0.9999748,-0.007096942,0.8642228,-0.003621087,-0.5030963,-145.8567,-49.52325,-175.9117,111.7391,-0.5877921,-51.06979,122.858,-0.2180412,-10.88496,0.8054755,-0.01516022,-0.5039153,0.05093101
3005,0.016865,1,100,0,48.73902,0,45.2106,122.2626,0,0,-0.5097082,-0.006923987,-0.8603196,-0.0001664844,0.9999685,-0.007949268,0.8603476,-0.003908576,-0.5096933,-143.9768,-49.53344,-176.7839,110.9262,-0.6376786,-53.00782,122.9425,-0.1748409,-7.635161,0.7759546,-0.01214929,-0.3534558,0.04920914
3006,0.016477,1,100,0,56.97752,0,60.0399,122.4553,0,0,-0.5139613,-0.007704129,-0.8577788,-0.0004182502,0.9999619,-0.008730537,0.8578134,-0.004128392,-0.5139449,-142.1526,-49.54416,-177.6669,110.2759,-0.6777625,-54.74675,123.1196,-0.1354043,-4.202014,0.7424694,-0.009256457,-0.1945074,0.04728515
3007,0.016681,1,100,0,65.31802,0,75.0528,122.7358,0,0,-0.515919,-0.008470314,-0.8565956,-0.000682039,0.9999551,-0.009477116,0.8566374,-0.004305193,-0.5159016,-140.3159,-49.5558,-178.5891,109.764,-0.7389182,-56.35142,123.3862,-0.1552184,-0.471855,0.7021193,-0.01002132,-0.02181549,0.04497137
3008,0.016824,1,100,0,73.73002,0,90.1944,123.1029,0,0,-0.5153428,-0.009215618,-0.8569346,-0.0009185383,0.9999475,-0.01020121,0.8569837,-0.004469994,-0.5153242,-138.4712,-49.56856,-179.5453,109.4085,-0.7973694,-57.80965,123.7449,-0.1712504,3.529162,0.6575828,-0.01039872,0.1634181,0.04243354
3009,0.016554,1,100,0,82.00702,0,100,123.5556,0,0,-0.5121359,-0.009920285,-0.8588473,-0.001123449,0.9999403,-0.01088009,0.8589039,-0.004607213,-0.5121164,-136.6612,-49.58205,-180.5092,109.2048,-0.8504754,-59.06968,124.1597,-0.1844193,7.568764,0.6103801,-0.01048503,0.3504395,0.03974768
3010,0.016678,1,100,0,90.34602,0,100,124.0509,0,0,-0.5062253,-0.01059932,-0.8623364,-0.001302252,0.9999331,-0.0115261,0.8624009,-0.004711825,-0.5062053,-134.8404,-49.5965,-181.5003,109.12,-0.8984284,-60.13111,124.5943,-0.1962556,11.53991,0.5599235,-0.01040276,0.5342928,0.03686048
3011,0.016741,1,100,0,98.71651,0,100,124.5481,0,0,-0.4976183,-0.01125013,-0.8673233,-0.001450831,0.9999254,-0.01213772,0.8673952,-0.004781614,-0.4975975,-133.0134,-49.61179,-182.5116,109.1678,-0.9431948,-60.96357,125.0402,-0.220119,15.43336,0.5160773,-0.01101879,0.7145483,0.03439557
3012,0.016612,1,100,0,107.0225,0,100,125.0315,0,0,-0.486441,-0.01186909,-0.8736328,-0.00156284,0.999918,-0.01271459,0.8737121,-0.004819551,-0.4864197,-131.1988,-49.62767,-183.5276,109.3542,-0.9820952,-61.54192,125.4859,-0.2414802,19.20907,0.4702659,-0.01142001,0.8893544,0.0317933
3013,0.016676,1,100,0,91.59721,0,100,125.484,0,0,-0.4727386,-0.01245594,-0.8811147,-0.001641144,0.9999109,-0.0132548,0.8812013,-0.00482002,-0.472717,-129.3734,-49.6442,-184.5556,109.6821,-1.008455,-61.86173,125.9288,-0.2517332,22.25568,0.4126595,-0.01120081,1.030406,0.02836212
3014,0.016689,1,100,0,99.94171,0,100,125.9,0,0,-0.456821,-0.01299645,-0.8894638,-0.001686707,0.9999042,-0.01374387,0.8895572,-0.004778227,-0.4567992,-127.5404,-49.66113,-185.5883,110.1486,-1.026528,-61.90534,126.3568,-0.2629134,25.28706,0.3537845,-0.0110018,1.170753,0.02482939
3015,0.016676,1,100,0,108.2797,0,100,126.2667,0,0,-0.4386711,-0.0134872,-0.8985465,-0.001699066,0.999898,-0.014179,0.8986461,-0.004693227,-0.4386492,-125.7002,-49.6783,-186.6194,110.7441,-1.036193,-61.6666,126.76,-0.2754329,28.29877,0.2941967,-0.0108601,1.31019,0.02122303
3016,0.016697,1,100,0,92.83498,0,100,126.5747,0,0,-0.4183629,-0.01392597,-0.9081733,-0.001658697,0.9998927,-0.0145683,0.9082788,-0.004588453,-0.4183412,-123.8472,-49.69581,-187.6461,111.4541,-1.07283,-61.13617,127.1252,-0.3466873,30.63058,0.2348963,-0.01462827,1.418134,0.01755951
3017,0.01668,1,100,0,101.175,0,100,126.8121,0,0,-0.3962034,-0.01431662,-0.9180512,-0.001546952,0.9998875,-0.0149252,0.9181616,-0.004493233,-0.3961809,-121.9836,-49.7138,-188.6613,112.2723,-1.090603,-60.31262,127.4514,-0.3663746,32.99917,0.1952166,-0.01507333,1.527794,0.01515352
3018,0.016666,1,100,0,85.75893,0,100,126.9837,0,0,-0.3722847,-0.01467129,-0.9280027,-0.001404039,0.9998829,-0.01524442,0.9281176,-0.004372315,-0.3722618,-120.1074,-49.73204,-189.6604,113.1759,-1.101247,-59.20153,127.7295,-0.3838989,34.73579,0.1555604,-0.01553461,1.608196,0.01267564
3019,0.017063,1,100,0,94.29044,0,100,127.0839,0,0,-0.3462177,-0.01499443,-0.9380345,-0.001227357,0.9998788,-0.01553,0.9381536,-0.004225458,-0.3461941,-118.1706,-49.75085,-190.6625,114.1695,-1.104809,-57.77276,127.9593,-0.3994854,36.6081,0.115225,-0.01583401,1.69488,0.01014007
3020,0.016321,1,100,0,102.4509,0,100,127.1138,0,0,-0.3196943,-0.01526451,-0.9473979,-0.001033551,0.9998754,-0.01576127,0.9475204,-0.004059602,-0.3196702,-116.3017,-49.76887,-191.5965,115.1675,-1.101173,-56.1318,128.1232,-0.4124509,38.46696,0.07715757,-0.01598382,1.780942,0.007726206
3021,0.01668,1,100,0,87.02193,0,100,127.0717,0,0,-0.2910888,-0.01549994,-0.9565706,-0.0008139261,0.9998726,-0.01595391,0.9566961,-0.003865427,-0.2910644,-114.3749,-49.78718,-192.5221,116.213,-1.090448,-54.19121,128.2316,-0.4234371,39.77541,0.03913672,-0.01616573,1.841521,0.005246079
3022,0.016879,1,100,0,95.46143,0,100,126.9579,0,0,-0.2608528,-0.01569425,-0.9652511,-0.0005722255,0.9998703,-0.01610249,0.9653786,-0.003648039,-0.260828,-112.4072,-49.80548,-193.4243,117.2777,-1.072897,-51.96364,128.2787,-0.4327483,41.2233,0.001705784,-0.01622041,1.908557,0.002786816
3023,0.016483,1,100,0,103.7029,0,100,126.7749,0,0,-0.2299848,-0.01584114,-0.9730653,-0.0003218246,0.9998688,-0.01620143,0.9731942,-0.003412925,-0.2299597,-110.4684,-49.82304,-194.2676,118.3051,-1.049611,-49.54165,128.2636,-0.4403014,42.74019,-0.03360187,-0.01616891,1.978786,0.0004432122
3024,0.016678,1,100,0,88.27579,0,100,126.53,0,0,-0.1975047,-0.01594871,-0.9801723,-4.017004e-05,0.999868,-0.01626109,0.9803023,-0.003172268,-0.1974792,-108.4896,-49.84056,-195.079,119.3072,-1.051258,-46.85337,128.1817,-0.4976531,43.70953,-0.06120851,-0.01948813,2.023651,-0.001454693
3025,0.016682,1,100,0,96.61679,0,100,126.2131,0,0,-0.1640232,-0.01602095,-0.9863265,0.000299358,0.9998674,-0.01629068,0.9864567,-0.002967315,-0.1639967,-106.4939,-49.85811,-195.8445,120.259,-1.053536,-43.93898,128.0389,-0.5443728,44.82423,-0.08668923,-0.0221086,2.075249,-0.003188565
3026,0.016665,1,100,0,104.9493,0,91.6675,125.8393,0,0,-0.1295448,-0.01606203,-0.9914436,0.0006643445,0.9998674,-0.0162853,0.9915738,-0.002768336,-0.1295169,-104.4849,-49.87554,-196.559,121.1237,-1.030825,-40.73051,127.7928,-0.528127,45.89492,-0.1073863,-0.02072819,2.124826,-0.004621272
3027,0.016687,1,100,0,89.51382,0,83.324,125.3812,0,0,-0.09422007,-0.01607347,-0.9954216,0.001009987,0.9998676,-0.01624086,0.9955509,-0.002535579,-0.09419136,-102.4594,-49.89257,-197.2193,121.8761,-1.000156,-37.24203,127.4432,-0.5110881,46.26149,-0.1265568,-0.01952181,2.141803,-0.006023749
3028,0.016689,1,100,0,97.85831,0,74.9795,124.8443,0,0,-0.05848405,-0.01605741,-0.9981593,0.00135107,0.9998686,-0.01616407,0.9982877,-0.002293924,-0.05845467,-100.4218,-49.90919,-197.8201,122.491,-0.9884429,-33.50111,126.9935,-0.5382746,46.64858,-0.1345581,-0.02116712,2.159716,-0.006719796
3029,0.016673,1,100,0,106.1948,0,66.643,124.2418,0,0,-0.02240364,-0.01602314,-0.9996207,0.001713528,0.9998695,-0.01606553,0.9997477,-0.002072804,-0.02237326,-98.37679,-49.92561,-198.3568,122.9546,-0.9755233,-29.54767,126.4588,-0.5566103,47.05512,-0.1405617,-0.0222549,2.178533,-0.007273254
3030,0.016676,1,100,0,90.76952,0,58.305,123.5866,0,0,0.01386003,-0.01597296,-0.9997765,0.00208863,0.9998708,-0.01594551,0.999902,-0.001867158,0.0138916,-96.32456,-49.94179,-198.8266,123.2531,-0.9608637,-25.40874,125.8486,-0.5669602,46.81573,-0.1446355,-0.02302843,2.167446,-0.007714628
3031,0.016701,1,100,0,99.12002,0,49.9545,122.8899,0,0,0.04999433,-0.01590791,-0.9986228,0.002451175,0.999872,-0.0158051,0.9987464,-0.001657634,0.05002693,-94.26522,-49.95761,-199.227,123.3809,-0.9194048,-21.11199,125.1775,-0.5181012,46.6516,-0.1485425,-0.01999716,2.159858,-0.008144581
3032,0.016675,1,100,0,107.4575,0,41.617,122.1716,0,0,0.08589955,-0.01582715,-0.996178,0.002757501,0.9998736,-0.01564809,0.9962998,-0.001402798,0.08593234,-92.20796,-49.97266,-199.5546,123.3258,-0.8696437,-16.70726,124.4554,-0.4710179,46.55898,-0.1513079,-0.01707239,2.155582,-0.008535846
3033,0.016816,1,100,0,91.90272,0,33.209,121.435,0,0,0.1217673,-0.01573327,-0.9924341,0.003026553,0.9998757,-0.01547989,0.9925543,-0.00111871,0.1217998,-90.13531,-49.98711,-199.8102,123.0767,-0.8384296,-12.17919,123.6807,-0.4634311,45.85722,-0.1404222,-0.01686062,2.12309,-0.008087508
3034,0.016561,1,100,0,100.1832,0,24.9285,120.6778,0,0,0.156438,-0.01563822,-0.9875641,0.003281334,0.9998776,-0.01531342,0.9876827,-0.0008449273,0.1564702,-88.09922,-50.00081,-199.9871,122.6469,-0.8050526,-7.672068,122.8893,-0.4512052,45.28536,-0.1285593,-0.01631372,2.096616,-0.007559271
3035,0.016673,1,100,0,84.7607,0,16.592,119.9365,0,0,0.1905754,-0.0155416,-0.9815496,0.003523948,0.9998791,-0.01514762,0.9816663,-0.0005721662,0.1906071,-86.05756,-50.01403,-200.0897,122.0317,-0.7685289,-3.118467,122.074,-0.4349791,44.15625,-0.1156485,-0.01566395,2.04434,-0.006963134
3036,0.016779,1,100,0,69.24012,0,8.202497,119.2005,0,0,0.2237128,-0.01544444,-0.9745328,0.00375041,0.9998808,-0.01498521,0.9746481,-0.0003025136,0.2237441,-84.01442,-50.02668,-200.1165,121.2042,-0.7244139,1.442114,121.215,-0.4071506,42.50839,-0.102773,-0.01440962,1.96805,-0.006358725
3037,0.016595,1,100,0,53.88974,0,0,118.4544,0,0,0.2549033,-0.01534929,-0.9668447,0.003951436,0.9998822,-0.01483201,0.9669585,-3.969809e-05,0.2549339,-82.00809,-50.03843,-200.0679,120.2587,-0.6767535,5.905385,120.4055,-0.3780789,40.42648,-0.0894473,-0.01318703,1.871662,-0.005704965
3038,0.016681,1,100,0,38.45982,0,0,117.7907,0,0,0.2843833,-0.01525648,-0.9585894,0.004131924,0.9998837,-0.01468789,0.958702,0.0002161716,0.2844132,-80.00767,-50.04943,-199.9454,119.2196,-0.6263851,10.23063,119.6594,-0.3477741,38.07673,-0.07562938,-0.01194952,1.762875,-0.00499439
3039,0.016677,1,100,0,30.12132,0,0,117.2057,0,0,0.3118579,-0.01516924,-0.9500077,0.004275457,0.999885,-0.01456216,0.9501193,0.0004796074,0.3118869,-78.02544,-50.05949,-199.7517,118.115,-0.5552766,14.3816,118.9886,-0.2681354,35.6917,-0.05930167,-0.0075479,1.652469,-0.00410602
3040,0.016676,1,100,0,21.78332,0,0,116.7085,0,0,0.3373322,-0.01508928,-0.9412647,0.00435331,0.9998859,-0.01446887,0.9413756,0.0007831999,0.3373594,-76.06203,-50.06831,-199.4898,116.9602,-0.4767025,18.34619,118.3913,-0.1962495,33.27407,-0.04333093,-0.003640381,1.54055,-0.003241513
3041,0.016674,1,100,0,13.44631,0,0,116.2924,0,0,0.360812,-0.01501613,-0.9325177,0.004373433,0.9998866,-0.01440878,0.9326283,0.001120557,0.3608367,-74.11832,-50.07578,-199.1629,115.7745,-0.3893735,22.11625,117.8687,-0.127237,30.82685,-0.02869705,8.568058e-05,1.42726,-0.002454509
3042,0.016772,1,100,0,5.060315,0,0,115.9545,0,0,0.382436,-0.014949,-0.9238612,0.004341814,0.9998873,-0.01438187,0.9239721,0.001488911,0.3824578,-72.18318,-50.08178,-198.7719,114.5675,-0.2957943,25.708,117.4168,-0.06658655,28.33636,-0.01450749,0.003273631,1.311965,-0.001681088
3043,0.016633,1,100,0,-3.256185,0,0,115.689,0,0,0.4019201,-0.01488949,-0.9155537,0.004268967,0.9998875,-0.01438696,0.9156649,0.00187394,0.4019385,-70.2841,-50.08617,-198.3257,113.3738,-0.1987005,29.06669,117.0407,-0.01494756,25.8435,-0.0009869172,0.005892791,1.196558,-0.0009254668
3044,0.017,1,100,0,-11.75618,0,0,115.4951,0,0,0.4198481,-0.01484213,-0.9074731,0.00417163,0.9998874,-0.01442358,0.9075851,0.002270071,0.4198628,-68.36349,-50.08907,-197.8133,112.168,-0.1143846,32.29363,116.7243,0.006178737,23.26712,0.02624926,0.006544369,1.077275,0.0007423005
3045,0.016359,1,100,0,-19.93568,0,0,115.3606,0,0,0.4352101,-0.01482096,-0.9002069,0.004081672,0.9998868,-0.01448877,0.9003198,0.002631312,0.4352213,-66.53461,-50.0905,-197.2691,111.0423,-0.03404889,35.19349,116.4859,0.02309125,20.77617,0.05149729,0.006962418,0.9619474,0.002327799
3046,0.016678,1,100,0,-28.27468,0,0,115.2904,0,0,0.4490079,-0.01482516,-0.8934048,0.003997479,0.9998856,-0.01458304,0.8935188,0.002976535,0.4490158,-64.68874,-50.09063,-196.6669,109.939,0.04642973,37.9492,116.3045,0.03721971,18.21305,0.0761352,0.007193092,0.8432769,0.00391528
3047,0.016934,1,100,0,-36.74168,0,0,115.2725,0,0,0.4611126,-0.01485407,-0.8872175,0.003909167,0.9998845,-0.01470867,0.8873335,0.003314069,0.4611174,-62.83295,-50.08926,-196.0096,108.8811,0.1488518,40.53973,116.1834,0.08718015,15.58919,0.09088746,0.009710989,0.7218039,0.004906338
3048,0.016453,1,100,0,-44.96819,14.8077,0,115.3079,0,0,0.4709814,-0.01490081,-0.8820174,0.003799244,0.9998825,-0.01486329,0.8821352,0.003649334,0.4709826,-61.04638,-50.08627,-195.33,107.9921,0.2485739,42.84296,116.1803,0.1264676,12.74984,0.1040554,0.01148899,0.5903507,0.005841906
3049,0.016658,1,100,0,-53.29719,29.7999,0,115.4428,0,0,0.4789207,-0.01496856,-0.8777307,0.003673677,0.9998802,-0.01504717,0.8778508,0.003981904,0.4789183,-59.25164,-50.08157,-194.6044,107.231,0.3484994,44.9823,116.2842,0.158043,9.592302,0.116208,0.01268682,0.4441629,0.006769319
3050,0.016765,1,100,0,-61.67969,44.8884,0,115.6771,0,0,0.4846651,-0.01506404,-0.8745701,0.003549134,0.9998773,-0.01525556,0.8746927,0.00428987,0.4846591,-57.45739,-50.07524,-193.8393,106.6067,0.4364736,46.95176,116.4888,0.1638768,6.151823,0.1390797,0.01215436,0.2848669,0.008445652
3051,0.016606,1,100,0,-69.98269,59.8338,0,116.0055,0,0,0.4879825,-0.01519631,-0.8727212,0.003449351,0.9998743,-0.01548166,0.8728467,0.004544457,0.4879736,-55.68968,-50.06754,-193.0498,106.1355,0.5181918,48.72376,116.7862,0.1661832,2.510297,0.160106,0.01133146,0.1162607,0.01006025
3052,0.016689,1,100,0,-78.32719,74.8539,0,116.4183,0,0,0.4888023,-0.01536727,-0.8722593,0.003370885,0.9998708,-0.0157265,0.8723883,0.004746864,0.488791,-53.92017,-50.05843,-192.2277,105.8157,0.6010483,50.32888,117.1765,0.1798093,-1.372669,0.1760972,0.01115015,-0.0635215,0.01140446
3053,0.016674,1,100,0,-86.66418,89.8605,0,116.9155,0,0,0.4869595,-0.01557452,-0.8732857,0.003299603,0.9998666,-0.0159921,0.8734183,0.004906009,0.4869459,-52.15669,-50.04792,-191.3806,105.6554,0.6889466,51.7561,117.653,0.2139294,-5.457711,0.1897235,0.0121994,-0.252655,0.01263867
3054,0.016684,1,100,0,-95.00619,100,0,117.4871,0,0,0.4823292,-0.01581827,-0.8758474,0.003224419,0.9998625,-0.01628236,0.8759845,0.00502936,0.4823138,-50.39403,-50.03596,-190.5102,105.6396,0.7729066,52.99494,118.1896,0.2402981,-9.642353,0.2017113,0.01268741,-0.4464032,0.01379383
3055,0.016694,1,100,0,-103.3532,100,0,118.1027,0,0,0.4748625,-0.01609775,-0.8799129,0.003151034,0.9998575,-0.01659159,0.8800546,0.005106089,0.4748456,-48.62993,-50.02262,-189.6198,105.7416,0.851231,54.01192,118.7405,0.2600823,-13.72116,0.2120378,0.01273858,-0.6352533,0.01483972
3056,0.016662,1,100,0,-87.94084,100,0,118.7101,0,0,0.4647677,-0.01640872,-0.8852807,0.003082455,0.9998524,-0.01691404,0.8854275,0.005132264,0.4647497,-46.86681,-50.00805,-188.7155,105.9695,0.922215,54.78516,119.2971,0.2743488,-17.0275,0.2206567,0.01261118,-0.7883399,0.01570069
3057,0.016685,1,100,0,-96.28334,100,0,119.2945,0,0,0.4523286,-0.01674694,-0.8916942,0.003019391,0.9998468,-0.01724651,0.8918464,0.005108716,0.4523099,-45.09674,-49.99231,-187.7986,106.3264,0.9848395,55.30321,119.8529,0.2840151,-20.30254,0.2275682,0.01215178,-0.9399794,0.01643443
3058,0.016842,1,100,0,-104.7043,100,0,119.846,0,0,0.4373878,-0.01711163,-0.8991103,0.002960907,0.999841,-0.01758832,0.8992683,0.005030734,0.4373689,-43.30326,-49.9754,-186.8657,106.814,1.042822,55.55839,120.4037,0.2988369,-23.57646,0.2311138,0.01197264,-1.091566,0.01692667
3059,0.016531,1,100,0,-89.41316,100,0,120.3592,0,0,0.4205059,-0.01748646,-0.9071212,0.002903633,0.999835,-0.01792769,0.9072851,0.00490475,0.4204873,-41.53423,-49.9579,-185.9473,107.412,1.090154,55.53566,120.9245,0.3093457,-26.09953,0.2329843,0.01170344,-1.208389,0.01721395
3060,0.016664,1,100,0,-97.74516,100,0,120.8107,0,0,0.4015464,-0.01787506,-0.9156643,0.002846171,0.9998291,-0.01826994,0.9158344,0.004730091,0.4015286,-39.74036,-49.93953,-185.0235,108.1235,1.127569,55.23703,121.4211,0.3166218,-28.66992,0.2333195,0.01117129,-1.327405,0.01737064
3061,0.016727,1,100,0,-106.1087,100,0,121.2078,0,0,0.3804924,-0.018272,-0.9246035,0.002790899,0.9998229,-0.01860997,0.9247798,0.004500477,0.380476,-37.92725,-49.92052,-184.1027,108.9342,1.154153,54.65801,121.8831,0.3214562,-31.27322,0.23211,0.01043174,-1.447946,0.0173844
3062,0.016619,1,100,0,-90.73609,100,0,121.5414,0,0,0.3576654,-0.01866766,-0.9336632,0.002738636,0.9998169,-0.01894123,0.9338459,0.004217658,0.357651,-36.11193,-49.90125,-183.199,109.8218,1.169212,53.80321,122.2987,0.3246076,-33.21637,0.2294168,0.009767698,-1.537921,0.01720013
3063,0.016687,1,100,0,-99.07959,100,0,121.8043,0,0,0.3330931,-0.01906006,-0.9427013,0.002683765,0.9998109,-0.01926645,0.9428903,0.003887534,0.3330813,-34.27398,-49.88168,-182.3075,110.7796,1.180322,52.66748,122.6678,0.3378668,-35.24039,0.2262966,0.009698773,-1.631637,0.01694488
3064,0.01668,1,100,0,-107.4196,100,0,122.0002,0,0,0.3067999,-0.01944401,-0.9515755,0.002620819,0.9998049,-0.01958452,0.9517706,0.003514621,0.306791,-32.42054,-49.86199,-181.4368,111.7848,1.180839,51.25919,122.9827,0.3483403,-37.32858,0.2218962,0.00940641,-1.728328,0.01655942
3065,0.016679,1,100,0,-91.99151,100,0,122.1235,0,0,0.2788738,-0.01981443,-0.9601233,0.002550998,0.9997989,-0.01989227,0.9603244,0.003098162,0.2788683,-30.55028,-49.84235,-180.591,112.8193,1.170643,49.58225,123.2395,0.3567511,-38.80927,0.2162969,0.00917708,-1.796889,0.01600534
3066,0.016687,1,100,0,-100.335,100,0,122.1737,0,0,0.2495617,-0.02016577,-0.9681491,0.00247397,0.9997934,-0.02018718,0.9683561,0.002642775,0.24956,-28.66178,-49.82293,-179.7744,113.8653,1.149776,47.64201,123.4358,0.3633015,-40.39902,0.2095694,0.008783494,-1.870502,0.01533417
3067,0.016713,1,100,0,-84.87548,100,0,122.1547,0,0,0.2189154,-0.02049385,-0.9755287,0.002389997,0.9997877,-0.02046715,0.975741,0.002149064,0.2189179,-26.75288,-49.80388,-178.9903,114.9045,1.119575,45.44651,123.5706,0.3705062,-41.42138,0.2020224,0.008636382,-1.917843,0.01453438
3068,0.016652,1,100,0,-93.20148,100,0,122.0685,0,0,0.187355,-0.02079252,-0.9820723,0.002297923,0.9997826,-0.0207291,0.9822898,0.001626975,0.1873621,-24.8338,-49.78545,-178.2469,115.9132,1.079648,43.01945,123.6435,0.3760747,-42.5839,0.1935876,0.008342766,-1.971673,0.01364232
3069,0.016829,1,100,0,-101.616,100,0,121.9223,0,0,0.1543288,-0.02106239,-0.9877951,0.002199281,0.9997776,-0.02097428,0.9880172,0.001064498,0.1543408,-22.87753,-49.76756,-177.5379,116.8862,1.029643,40.34031,123.6559,0.3800682,-43.89405,0.1843009,0.00790296,-2.032341,0.01264537
3070,0.016592,1,100,0,-86.26837,91.704,0,121.7128,0,0,0.1207839,-0.02129301,-0.9924505,0.00209754,0.9997733,-0.02119485,0.9926769,0.0004782919,0.1208012,-20.9332,-49.75081,-176.8848,117.7611,0.9698349,37.40567,123.563,0.3833537,-44.47612,0.1744455,0.007712709,-2.059296,0.0115605
3071,0.016621,1,100,0,-94.57887,83.3935,0,121.4178,0,0,0.08659253,-0.02148467,-0.9960123,0.001985823,0.9997693,-0.02139307,0.9962421,-0.0001254239,0.08661521,-18.97149,-49.73505,-176.2808,118.5332,0.9044957,34.19522,123.3704,0.3964299,-45.0689,0.161672,0.00817241,-2.086742,0.01026234
3072,0.016927,1,100,0,-103.0424,74.93,0,121.0495,0,0,0.05119738,-0.02163592,-0.9984542,0.001856561,0.9997656,-0.02156914,0.9986868,-0.0007494071,0.05122555,-16.96122,-49.72015,-175.7217,119.1909,0.8300388,30.67641,123.0781,0.4073008,-45.68296,0.1484341,0.008511379,-2.115175,0.008904899
3073,0.016428,1,100,0,-87.84647,66.716,0,120.6052,0,0,0.01648327,-0.02173901,-0.9996279,0.001718311,0.999763,-0.02171362,0.9998629,-0.00135976,0.01651672,-15.00027,-49.70695,-175.2376,119.6904,0.7509761,27.04855,122.711,0.4156487,-45.63972,0.1354681,0.00897926,-2.113172,0.007578458
3074,0.016698,1,100,0,-96.19547,58.367,0,120.1197,0,0,-0.01880431,-0.0218001,-0.9995856,0.001561314,0.9997605,-0.02183329,0.9998221,-0.001971227,-0.01876577,-12.99955,-49.69485,-174.8074,120.044,0.6716866,23.17502,122.2624,0.4343646,-45.65989,0.1225174,0.01012145,-2.1141,0.00625075
3075,0.016859,1,100,0,-104.625,49.9375,0,119.5864,0,0,-0.05443976,-0.02181794,-0.9982787,0.001381832,0.9997588,-0.02192565,0.9985163,-0.002573081,-0.05439648,-10.9745,-49.68399,-174.4395,120.2319,0.587888,19.1089,121.7423,0.4486847,-45.74151,0.1097404,0.01099311,-2.117877,0.004938748
3076,0.01653,1,100,0,-89.33472,41.6725,0,119.0125,0,0,-0.08922251,-0.02179196,-0.9957733,0.001197129,0.9997575,-0.02198641,0.9960108,-0.003153753,-0.08917479,-8.986838,-49.67482,-174.1462,120.2429,0.4898291,15.00265,121.1762,0.4392114,-45.22258,0.09191886,0.01060829,-2.093852,0.003352652
3077,0.016698,1,100,0,-97.68372,33.32351,0,118.4238,0,0,-0.1238768,-0.02172008,-0.9920599,0.001018084,0.9997572,-0.02201573,0.9922972,-0.003737238,-0.1238246,-6.979768,-49.66721,-173.9192,120.0771,0.3866844,10.76492,120.5593,0.4292172,-44.80672,0.07434259,0.0101864,-2.074601,0.00178393
3078,0.016674,1,100,0,-106.0207,24.9865,0,117.8178,0,0,-0.15804,-0.02160327,-0.9871964,0.0008492996,0.9997573,-0.02201411,0.9874324,-0.004317535,-0.1579833,-4.979329,-49.66135,-173.7635,119.7343,0.2809372,6.477877,119.9097,0.4189023,-44.49273,0.05736256,0.009739222,-2.060069,0.0002567603
3079,0.016686,1,100,0,-90.58617,16.6435,0,117.2049,0,0,-0.1916569,-0.02144324,-0.9812278,0.0006912863,0.9997583,-0.02198322,0.9814621,-0.004891544,-0.1915957,-2.984149,-49.65726,-173.6794,119.2155,0.1732996,2.160871,119.2352,0.4078252,-43.60678,0.04101001,0.009494198,-2.019049,-0.001168953
3080,0.016684,1,100,0,-75.15347,8.301503,0,116.5906,0,0,-0.2242486,-0.02124512,-0.9743005,0.000542358,0.9997597,-0.0219251,0.9745322,-0.005445093,-0.2241832,-0.9989898,-49.65497,-173.6673,118.4948,0.06540896,-2.148786,118.5143,0.3960882,-42.19902,0.02546291,0.009428121,-1.953868,-0.002458802
3081,0.016673,1,100,0,-59.73094,0,0,115.9583,0,0,-0.2554017,-0.02101449,-0.9666067,0.0003864625,0.9997616,-0.0218374,0.9668352,-0.005950866,-0.2553326,0.9721531,-49.65439,-173.7269,117.651,-0.02640503,-6.430564,117.8266,0.4260986,-40.31718,0.007729346,0.01222894,-1.866719,-0.003776256
3082,0.016683,1,100,0,-44.29917,0,0,115.3912,0,0,-0.2848491,-0.02075767,-0.9583477,0.0001963163,0.9997643,-0.0217131,0.9585726,-0.006373097,-0.2847778,2.929884,-49.65529,-173.8573,116.7162,-0.1104708,-10.57674,117.1945,0.4475259,-38.16,-0.008525853,0.01458371,-1.766823,-0.004876651
3083,0.017023,1,100,0,-35.78767,0,0,114.8937,0,0,-0.3129818,-0.02047732,-0.9495384,-2.413802e-05,0.9997677,-0.02155259,0.9497592,-0.006722649,-0.3129096,4.911051,-49.65762,-174.0604,115.6858,-0.1883496,-14.65338,116.6103,0.4609131,-35.90052,-0.02355,0.01645586,-1.662194,-0.005806855
3084,0.016334,1,100,0,-27.62067,0,0,114.4601,0,0,-0.3381255,-0.02019806,-0.9408844,-0.0002573878,0.9997718,-0.0213697,0.9411013,-0.006983469,-0.3380535,6.795122,-49.66102,-174.3202,114.6455,-0.2480822,-18.40209,116.1133,0.4795305,-33.69447,-0.03425633,0.01862076,-1.560036,-0.006385718
3085,0.01668,1,100,0,-19.28067,0,0,114.1157,0,0,-0.3619443,-0.01991032,-0.9319871,-0.0005185357,0.9997761,-0.02115714,0.9321997,-0.007174438,-0.3618735,8.701404,-49.66545,-174.6475,113.5438,-0.3007056,-22.06239,115.6678,0.4892163,-31.39362,-0.04363527,0.02022969,-1.453491,-0.006807684
3086,0.016961,1,100,0,-10.80017,0,0,113.8315,0,0,-0.3842365,-0.01962063,-0.9230262,-0.0007987986,0.9997809,-0.02091967,0.9232344,-0.007300789,-0.384168,10.62086,-49.67081,-175.0417,112.3999,-0.3462472,-25.60333,115.2796,0.4903094,-29.00928,-0.0516443,0.02129447,-1.343085,-0.007081854
3087,0.016417,1,100,0,-2.591666,0,0,113.61,0,0,-0.4039566,-0.01934069,-0.9145737,-0.001063546,0.9997857,-0.02067293,0.9147775,-0.007378276,-0.4038906,12.46012,-49.67684,-175.4798,111.2838,-0.4083408,-28.84938,114.9632,0.4513108,-26.67259,-0.07699642,0.01974391,-1.234901,-0.008440028
3088,0.016675,1,100,0,5.745833,0,0,113.4549,0,0,-0.4221444,-0.01904612,-0.9063286,-0.001294187,0.9997911,-0.02040739,0.9065279,-0.007441908,-0.4220809,14.3096,-49.68398,-175.9781,110.1581,-0.4682341,-31.9634,114.7026,0.411363,-24.26234,-0.101011,0.01814059,-1.123311,-0.00969022
3089,0.016686,1,100,0,14.08883,0,0,113.356,0,0,-0.4384956,-0.01874384,-0.8985379,-0.001486717,0.9997963,-0.02013059,0.8987322,-0.007491305,-0.4384342,16.14163,-49.69211,-176.5278,109.0546,-0.5250596,-34.89159,114.5016,0.3708104,-21.81969,-0.1233299,0.016487,-1.010222,-0.0108164
3090,0.016669,1,100,0,22.42333,0,0,113.3125,0,0,-0.4530011,-0.01843711,-0.8913193,-0.001641548,0.9998017,-0.01984679,0.8915085,-0.007527475,-0.4529415,17.9536,-49.70116,-177.1246,107.9884,-0.5783572,-37.62814,114.3578,0.3306403,-19.35176,-0.1437355,0.01484149,-0.8959625,-0.01180769
3091,0.016695,1,100,0,30.77083,0,0,113.3203,0,0,-0.4657159,-0.01812849,-0.8847487,-0.001785833,0.9998075,-0.01954601,0.8849327,-0.007522875,-0.4656585,19.75087,-49.7109,-177.767,106.9746,-0.5934742,-40.18362,114.2744,0.3699292,-16.85395,-0.1608784,0.01827232,-0.7802937,-0.01257059
3092,0.01668,1,100,0,39.11083,0,0,113.3816,0,0,-0.4766241,-0.01782362,-0.8789266,-0.001966886,0.9998137,-0.01920847,0.8791052,-0.007426472,-0.4765704,21.52995,-49.72083,-178.4504,106.0207,-0.5972556,-42.54794,114.2413,0.3965737,-14.33511,-0.1758,0.02087091,-0.6636553,-0.0131652
3093,0.016681,1,100,0,47.45133,0,15.0129,113.4849,0,0,-0.4856917,-0.01752638,-0.8739546,-0.002174615,0.9998202,-0.01884199,0.8741277,-0.007250881,-0.4856425,23.29397,-49.73076,-179.1722,105.204,-0.5909797,-44.71844,114.3152,0.4117195,-11.51046,-0.1885617,0.02279897,-0.5328616,-0.01357387
3094,0.016677,1,100,0,55.78983,0,30.0222,113.6832,0,0,-0.4927455,-0.01724148,-0.8700027,-0.002401088,0.9998269,-0.01845439,0.8701703,-0.007004365,-0.4927016,25.0447,-49.74053,-179.9291,104.5249,-0.5764059,-46.71009,114.4885,0.4163457,-8.405563,-0.1992464,0.02410696,-0.3890953,-0.01382107
3095,0.016751,1,100,0,64.16534,0,45.0981,113.9726,0,0,-0.497649,-0.01697242,-0.8672126,-0.002646057,0.9998337,-0.01804954,0.8673747,-0.00668764,-0.4976111,26.7926,-49.75002,-180.7217,103.9853,-0.546999,-48.54083,114.7582,0.4270031,-5.024293,-0.2042341,0.02585207,-0.2325313,-0.01369083
3096,0.0167,1,100,0,72.51534,0,60.1281,114.3523,0,0,-0.5002086,-0.01672613,-0.8657435,-0.00291196,0.9998405,-0.0176344,0.8659004,-0.006299871,-0.5001775,28.52697,-49.75896,-181.5416,103.592,-0.5109608,-50.20031,115.1157,0.4266489,-1.413979,-0.2074174,0.0269265,-0.06536627,-0.01345524
3097,0.016819,1,100,0,80.92484,0,75.2652,114.8126,0,0,-0.5002925,-0.01650103,-0.8656993,-0.00319418,0.9998468,-0.01721207,0.8658507,-0.005845872,-0.5002686,30.26791,-49.76732,-182.3944,103.3466,-0.4695506,-51.70612,115.5607,0.4166575,2.450339,-0.2089411,0.02742701,0.1135557,-0.01313923
3098,0.016522,1,100,0,89.18584,0,90.13499,115.3524,0,0,-0.4977849,-0.01630193,-0.8671473,-0.003479484,0.9998529,-0.01679933,0.8672937,-0.005345228,-0.4977684,31.97491,-49.77484,-183.2559,103.258,-0.4252734,-53.01899,116.075,0.3987158,6.443719,-0.2089165,0.02742732,0.29845,-0.01277938
3099,0.016688,1,100,0,97.52984,0,100,115.9485,0,0,-0.4925343,-0.01612098,-0.8701438,-0.003770456,0.9998587,-0.01638996,0.8702852,-0.004791779,-0.4925255,33.69835,-49.78167,-184.147,103.3086,-0.378131,-54.16586,116.648,0.3738738,10.57468,-0.207493,0.02699988,0.4897116,-0.01239908
3100,0.016872,1,100,0,105.9658,0,100,116.5878,0,0,-0.4843998,-0.01594921,-0.8747014,-0.004065847,0.9998642,-0.01597979,0.8748375,-0.004184206,-0.4843989,35.44231,-49.78772,-185.0663,103.4778,-0.3193161,-55.11021,117.2386,0.3625784,14.64919,-0.2208873,0.02740052,0.6783608,-0.01306845
3101,0.016486,1,100,0,90.71629,0,100,117.2229,0,0,-0.4738635,-0.01577675,-0.8804571,-0.004361271,0.9998693,-0.01556923,0.8805877,-0.003537779,-0.4738704,37.14983,-49.7926,-185.9786,103.7695,-0.2496933,-55.79704,117.8197,0.3601223,17.87922,-0.228622,0.02810539,0.8279117,-0.01352932
3102,0.016692,1,100,0,99.06229,0,100,117.8196,0,0,-0.4609097,-0.01559396,-0.8873101,-0.004669595,0.9998745,-0.01514661,0.887435,-0.00283784,-0.4609247,38.88428,-49.79636,-186.9125,104.1905,-0.1758748,-56.24435,118.4023,0.3481757,21.12045,-0.2349861,0.0281813,0.9779778,-0.0139962
3103,0.016747,1,100,0,107.4358,0,100,118.3872,0,0,-0.4455699,-0.01539814,-0.8951147,-0.004980539,0.9998793,-0.01472114,0.8952333,-0.002101142,-0.4455928,40.6322,-49.79888,-187.8555,104.7368,-0.09991862,-56.43239,118.9724,0.3282515,24.34237,-0.2398802,0.02771382,1.127148,-0.01446628
3104,0.016613,1,100,0,92.06876,0,100,118.91,0,0,-0.4281506,-0.01518711,-0.9035798,-0.005283194,0.9998838,-0.01430238,0.9036921,-0.001349787,-0.4281811,42.37584,-49.80012,-188.7926,105.3959,-0.02402523,-56.35093,119.5146,0.3021835,26.84706,-0.2432418,0.02662867,1.243107,-0.01494709
3105,0.016675,1,100,0,100.4063,0,100,119.3739,0,0,-0.4087319,-0.01495344,-0.912532,-0.005615063,0.9998881,-0.01386988,0.9126374,-0.0005451399,-0.4087702,44.13765,-49.79977,-189.7303,106.1735,0.1115091,-56.00205,120.0377,0.3984739,29.39,-0.2473659,0.03336617,1.360869,-0.01557126
3106,0.016683,1,100,0,84.97449,0,100,119.7898,0,0,-0.3874586,-0.01469185,-0.9217701,-0.006060727,0.9998921,-0.01338944,0.9218674,0.0003987448,-0.3875059,45.91382,-49.797,-190.6612,107.0486,0.2747264,-55.37924,120.5253,0.5119041,31.29303,-0.2445047,0.04099783,1.449008,-0.01589509
3107,0.016671,1,100,0,93.30999,0,100,120.1445,0,0,-0.3646068,-0.01439879,-0.9310503,-0.006622263,0.9998953,-0.01287016,0.9311382,0.001473112,-0.364664,47.70374,-49.79145,-191.5795,108.0013,0.4492536,-54.48466,120.9672,0.5936038,33.27214,-0.2414791,0.04657874,1.54066,-0.01635138
3108,0.01683,1,100,0,101.725,0,100,120.4334,0,0,-0.3398402,-0.01404744,-0.9403784,-0.007230501,0.9998981,-0.01232355,0.9404557,0.002611369,-0.3399072,49.52711,-49.78311,-192.49,109.0133,0.5877903,-53.31692,121.3546,0.5229983,35.34323,-0.28097,0.04236257,1.636534,-0.01965319
3109,0.016518,1,100,0,86.44584,0,100,120.6465,0,0,-0.3139518,-0.01361659,-0.9493412,-0.007756549,0.9999005,-0.01177664,0.9494072,0.003666314,-0.3140262,51.33355,-49.7727,-193.363,110.0509,0.7163572,-51.90726,121.6802,0.4492921,36.78143,-0.3169489,0.03771562,1.703104,-0.02271699
3110,0.016684,1,100,0,94.78784,0,100,120.786,0,0,-0.2864696,-0.01309829,-0.9579998,-0.0082136,0.9999033,-0.01121512,0.9580541,0.004655837,-0.2865495,53.17566,-49.76007,-194.2198,111.125,0.8370339,-50.22722,121.9518,0.3736552,38.34748,-0.3501729,0.0328931,1.775595,-0.02562426
3111,0.017033,1,100,0,103.3043,0,100,120.8603,0,0,-0.2569391,-0.01248602,-0.966347,-0.008604608,0.9999065,-0.01063179,0.9663894,0.005583315,-0.2570225,55.07479,-49.74518,-195.0642,112.2291,0.9491737,-48.2572,122.168,0.2972703,40.05523,-0.3805037,0.02795842,1.854647,-0.02837124
3112,0.016341,1,100,0,88.18892,0,100,120.8655,0,0,-0.227277,-0.01182875,-0.9737583,-0.008971391,0.9999092,-0.01005248,0.9737887,0.006451269,-0.2273625,56.9146,-49.72865,-195.8412,113.2935,1.136473,-46.12851,122.3297,0.4062793,41.13675,-0.3912576,0.03470544,1.904743,-0.02980345
3113,0.016683,1,100,0,96.53042,0,100,120.8192,0,0,-0.1959153,-0.01109787,-0.9805582,-0.009459503,0.999911,-0.009426894,0.9805755,0.007428721,-0.1960028,58.81065,-49.70861,-196.5975,114.3522,1.330389,-43.72791,122.435,0.4882978,42.38154,-0.4006417,0.03967348,1.962393,-0.031285
3114,0.016794,1,100,0,104.9274,0,100,120.7116,0,0,-0.1631519,-0.01029592,-0.9865474,-0.01003941,0.9999112,-0.008775105,0.9865502,0.008472681,-0.1632408,60.73689,-49.68518,-197.3172,115.372,1.524111,-41.0906,122.4805,0.544382,43.76317,-0.4082325,0.04291667,2.026373,-0.03276725
3115,0.016567,1,100,0,89.60295,0,100,120.5409,0,0,-0.1297471,-0.009425405,-0.9915023,-0.01061487,0.9999107,-0.008116284,0.9914903,0.009471608,-0.1298356,62.65352,-49.6593,-197.9825,116.305,1.639009,-38.28619,122.4556,0.4151147,44.58059,-0.4506683,0.034089,2.064204,-0.03640355
3116,0.016676,1,100,0,97.94095,0,91.662,120.3017,0,0,-0.09534696,-0.008454146,-0.9954083,-0.01106711,0.9999112,-0.007432307,0.9953828,0.01030765,-0.09543206,64.59781,-49.63144,-198.6038,117.1434,1.734255,-35.18213,122.3249,0.2960096,45.39592,-0.488283,0.02580613,2.101941,-0.0396276
3117,0.016687,1,100,0,106.2844,0,83.3185,119.9779,0,0,-0.06018394,-0.007399085,-0.99816,-0.01141962,0.9999124,-0.00672353,0.9981223,0.01099396,-0.06026316,66.55673,-49.60196,-199.1722,117.8648,1.830593,-31.81807,122.0977,0.2282068,46.20436,-0.5197327,0.02071388,2.139367,-0.04235621
3118,0.016665,1,100,0,90.86932,0,74.98601,119.5811,0,0,-0.0245428,-0.006276364,-0.9996792,-0.01171124,0.9999136,-0.005990317,0.9996305,0.01156047,-0.02461419,68.52433,-49.57101,-199.6826,118.4464,1.908584,-28.22545,121.778,0.1657599,46.34034,-0.5458692,0.0158027,2.145661,-0.04452544
3119,0.016711,1,100,0,99.22482,0,66.63051,119.1195,0,0,0.01134555,-0.005082352,-0.9999228,-0.0120134,0.9999142,-0.005218618,0.9998635,0.01207168,0.01128352,70.50632,-49.53809,-200.1332,118.8899,2.092652,-24.42568,121.3911,0.2875075,46.52718,-0.6077486,0.02263943,2.154335,-0.04895347
3120,0.016674,1,100,0,107.5618,0,58.29351,118.6233,0,0,0.04729504,-0.003796497,-0.9988738,-0.01244698,0.999913,-0.004389791,0.9988037,0.01264057,0.04724367,72.49039,-49.50219,-200.5185,119.1655,2.273053,-20.46088,120.9306,0.3771715,46.76095,-0.6645894,0.02733782,2.165179,-0.05312036
3121,0.016675,1,100,0,92.13744,0,49.95601,118.085,0,0,0.08320494,-0.002421967,-0.9965295,-0.01298276,0.9999096,-0.003514174,0.9964479,0.0132301,0.08316597,74.4782,-49.46333,-200.8369,119.2646,2.444913,-16.35295,120.4053,0.4396968,46.37391,-0.7161005,0.030185,2.147278,-0.05682151
3122,0.017096,1,100,0,100.6854,0,41.40801,117.5133,0,0,0.1196279,-0.0009297552,-0.9928184,-0.01365404,0.9999034,-0.002581609,0.9927249,0.01386482,0.1196036,76.51689,-49.42027,-201.0918,119.184,2.665186,-12.02438,119.8187,0.5977919,46.07952,-0.7697123,0.039083,2.133669,-0.06070879
3123,0.016704,1,100,0,85.23424,0,33.05601,116.9157,0,0,0.1546898,0.0006097199,-0.987963,-0.01448163,0.9998939,-0.00165037,0.9878572,0.01456261,0.1546822,78.50645,-49.37458,-201.2687,118.9189,2.873503,-7.718843,119.2038,0.7091559,45.21655,-0.8166171,0.04496833,2.093734,-0.06406404
3124,0.016457,1,100,0,93.46274,0,24.82751,116.3228,0,0,0.1884343,0.002195669,-0.9820834,-0.01542057,0.999881,-0.0007233154,0.9819649,0.01528058,0.1884458,80.46127,-49.32623,-201.3723,118.479,3.066188,-3.435119,118.5685,0.7842243,44.50528,-0.85722,0.04853174,2.060821,-0.06705104
3125,0.016866,1,100,0,101.8957,0,16.39451,115.7418,0,0,0.2222734,0.003894741,-0.9749767,-0.01637855,0.9998659,0.0002602132,0.9748469,0.01591087,0.2223074,82.45606,-49.27414,-201.4055,117.8284,3.132182,0.957911,117.8739,0.5548776,43.9099,-0.9155998,0.03252468,2.033298,-0.07112329
3126,0.016473,1,100,0,86.65821,0,8.158006,115.1274,0,0,0.2545004,0.005619843,-0.9670565,-0.01711798,0.9998528,0.001305491,0.9669214,0.0162218,0.2545592,84.39265,-49.22242,-201.3663,116.9959,3.152543,5.222772,117.1548,0.3646533,42.79956,-0.9629459,0.01909406,1.981928,-0.0740803
3127,0.016681,1,100,0,71.22829,0,0,114.5065,0,0,0.2859001,0.007401676,-0.9582309,-0.01772162,0.9998401,0.002435612,0.9580957,0.01628507,0.2859856,86.33907,-49.16978,-201.2554,116.0287,3.160626,9.506294,116.4604,0.2428284,41.18065,-1.007152,0.01014125,1.907007,-0.07649255
3128,0.016764,1,100,0,62.84629,0,0,113.9367,0,0,0.3159306,0.009205568,-0.9487377,-0.01823937,0.9998271,0.003627559,0.9486071,0.01615832,0.3160439,88.2784,-49.11694,-201.0728,114.9655,3.134368,13.66972,115.8178,0.141809,39.45557,-1.041649,0.002626635,1.827167,-0.07811448
3129,0.016602,1,100,0,54.54529,0,0,113.428,0,0,0.3440993,0.01102022,-0.9388687,-0.01875507,0.9998125,0.004861747,0.9387462,0.01593563,0.3442415,90.18108,-49.06437,-200.8239,113.8591,3.229072,17.6335,115.2618,0.2365368,37.66105,-1.161177,0.007777466,1.744102,-0.08511122
3130,0.016678,1,100,0,46.20629,0,0,113.0065,0,0,0.3707774,0.01292818,-0.9286318,-0.01942334,0.9997925,0.006163649,0.9285188,0.01575179,0.3709515,92.07364,-49.01006,-200.5085,112.6853,3.309615,21.4648,114.7592,0.309852,35.77673,-1.270129,0.01163229,1.65688,-0.09144358
3131,0.01669,1,100,0,37.86129,0,0,112.645,0,0,0.3958139,0.01491128,-0.9182097,-0.02022125,0.9997672,0.007518929,0.9181081,0.01559125,0.3960233,93.94769,-48.95446,-200.1298,111.4632,3.372926,25.14194,114.3133,0.3654212,33.8169,-1.367426,0.01445232,1.56616,-0.09703439
3132,0.016673,1,100,0,29.52479,0,0,112.3446,0,0,0.4191425,0.01696141,-0.9077621,-0.02116842,0.9997363,0.008905802,0.9076737,0.01548309,0.419391,95.79931,-48.89767,-199.6911,110.2187,3.470254,28.65464,113.9354,0.5187359,31.79149,-1.474157,0.023658,1.472377,-0.1032532
3133,0.01668,1,100,0,21.18479,0,0,112.1138,0,0,0.4407845,0.01908679,-0.89741,-0.02232108,0.9996979,0.01029878,0.8973354,0.01549162,0.4410774,97.63084,-48.83929,-199.1945,108.9545,3.558,32.00538,113.6138,0.6372221,29.70325,-1.568399,0.03076016,1.375686,-0.1087237
3134,0.016698,1,100,0,12.83579,0,0,111.9407,0,0,0.4607453,0.02127762,-0.8872774,-0.02364323,0.9996521,0.011695,0.8872176,0.01558969,0.4610881,99.44318,-48.77945,-198.6423,107.6839,3.633093,35.1937,113.3474,0.7259631,27.55579,-1.649723,0.03610384,1.276256,-0.1133932
3135,0.016674,1,100,0,4.498789,0,0,111.8231,0,0,0.4789777,0.02350732,-0.8775122,-0.02499161,0.9996013,0.0131366,0.8774711,0.01563831,0.4793743,101.2317,-48.71964,-198.0388,106.3999,3.494494,38.1964,113.1023,0.4587948,25.36032,-1.69692,0.0188055,1.174729,-0.1158297
3136,0.017004,1,100,0,-4.003211,0,0,111.7279,0,0,0.495836,0.02578604,-0.8680333,-0.02616917,0.9995488,0.01474459,0.8680218,0.01540482,0.496287,103.0337,-48.66123,-197.3729,105.1134,3.314071,41.08599,112.9065,0.2320297,23.06824,-1.729696,0.004296131,1.068713,-0.1171955
3137,0.016364,1,100,0,-12.18521,0,0,111.6822,0,0,0.5104015,0.02798103,-0.859481,-0.02720884,0.9994956,0.01638138,0.8595058,0.0150244,0.5109054,104.7473,-48.60746,-196.6863,103.9308,3.228697,43.69904,112.7903,0.2243638,20.82787,-1.800087,0.004020802,0.9649972,-0.1209527
3138,0.016673,1,100,0,-20.52171,15.0057,0,111.7037,0,0,0.5235363,0.03024115,-0.8514665,-0.02832255,0.9994353,0.01808197,0.8515325,0.01464913,0.5240971,106.4742,-48.55416,-195.9439,102.8447,3.129976,46.18331,112.7817,0.2187119,18.22209,-1.856879,0.004224468,0.8443483,-0.1237749
3139,0.016779,1,100,0,-28.91121,30.1068,0,111.826,0,0,0.5348493,0.03251532,-0.8443217,-0.02941065,0.9993702,0.01985567,0.8444356,0.01421225,0.5354688,108.1943,-48.50312,-195.1561,101.854,2.865363,48.50227,112.8491,-0.05213313,15.30181,-1.883182,-0.01217923,0.7092667,-0.1245789
