tick,dt,grounded,throttle,brake,steer,airbrake_l,airbrake_r,speed_cached,stun_timer,timer_2e0,right_x,right_y,right_z,up_x,up_y,up_z,fwd_x,fwd_y,fwd_z,pos_x,pos_y,pos_z,vel_x,vel_y,vel_z,speed,avel_x,avel_y,avel_z,omega_x,omega_y,omega_z
0,0.016679,1,0,0,0,0,0,0.001063598,0,0,-0.1862375,-0.01958172,-0.9823096,-0.005036833,0.9998072,-0.01897559,0.9824918,0.001413763,-0.1863003,6.056745,-50.06756,-196.1554,-0.003240658,0.005434416,-0.02135252,0.02227027,0.0006142641,-0.1173137,-0.0001045114,-1.525107e-06,-0.005431782,-3.746478e-06
1,0.016683,1,0,0,0,0,0,0.000801743,0,0,-0.1863266,-0.01958179,-0.9822928,-0.005036802,0.9998075,-0.01897554,0.9824753,0.001411967,-0.1863894,6.056716,-50.06753,-196.1555,0.001346892,-0.005230945,0.01297189,0.01405158,0.0006265207,-0.1173447,-0.0001051494,-7.504395e-07,-0.005433213,-3.790338e-06
2,0.016684,1,0,0,0,0,0,0.001101921,0,0,-0.1864156,-0.01958186,-0.9822758,-0.005036772,0.9998072,-0.01897547,0.9824581,0.001410175,-0.1864783,6.056713,-50.06755,-196.1555,-0.003191824,0.005470053,-0.0211456,0.02207364,0.0006143073,-0.1173158,-0.0001055438,-1.523336e-06,-0.005431877,-3.820093e-06
3,0.016679,1,100,0,8.3395,0,15.0111,0.0008150765,0,0,-0.1864455,-0.0195818,-0.9822701,-0.005037183,0.9998073,-0.0189753,0.9824524,0.001410015,-0.1865082,6.059783,-50.06752,-196.1562,0.5584247,-0.004536016,-0.09275547,0.5660939,0.0006366486,0.1163086,-0.0001055285,8.135294e-05,0.005385681,-9.68394e-06
4,0.016693,1,100,0,16.686,0,30.0348,0.565919,0,0,-0.186243,-0.01958129,-0.9823087,-0.005039463,0.9998074,-0.01897464,0.9824911,0.001416415,-0.1863058,6.07207,-50.0676,-196.1584,1.091394,-0.00519965,-0.1983847,1.10929,0.0009990983,0.56753,-0.0001048032,0.0002618803,0.02627879,-2.10286e-05
5,0.016685,1,100,0,25.0285,0,45.0513,1.109238,0,0,-0.185647,-0.01957998,-0.9824214,-0.005045122,0.9998073,-0.01897312,0.9826036,0.001434134,-0.18571,6.093299,-50.06769,-196.1623,1.634105,-0.005745707,-0.3048502,1.662307,0.001587652,1.220136,-0.0001009561,0.0005270756,0.05649669,-3.762282e-05
6,0.016675,1,100,0,33.366,0,60.0588,1.662283,0,0,-0.1845088,-0.01957755,-0.9826358,-0.005055469,0.9998072,-0.0189704,0.9828178,0.001467478,-0.1845722,6.123621,-50.06779,-196.168,2.187071,-0.006093393,-0.412644,2.225667,0.002302708,2.059684,-9.054514e-05,0.0008654682,0.09537074,-5.961278e-05
7,0.016688,1,100,0,41.71,0,75.078,2.225646,0,0,-0.1826873,-0.01957363,-0.9829761,-0.005071628,0.9998071,-0.01896621,0.9831578,0.001520403,-0.1827514,6.16326,-50.06789,-196.1755,2.751769,-0.006211068,-0.5218679,2.800824,0.002986485,3.074823,-7.854323e-05,0.001262892,0.1423751,-8.826085e-05
8,0.016686,1,100,0,50.053,0,90.09541,2.800785,0,0,-0.1800527,-0.01956778,-0.9834623,-0.005094485,0.9998073,-0.01896029,0.9836438,0.001596381,-0.1801177,6.212384,-50.068,-196.1848,3.328496,-0.006077958,-0.632096,3.387989,0.003536728,4.253046,-4.716378e-05,0.001708288,0.1969307,-0.0001238934
9,0.016959,1,100,0,58.5325,0,100,3.387897,0,0,-0.1764179,-0.01955932,-0.984121,-0.005125301,0.9998073,-0.0189523,0.984302,0.001700392,-0.1764841,6.272216,-50.0681,-196.1961,3.927314,-0.00567109,-0.7441281,3.997193,0.003847362,5.606652,2.814743e-06,0.002198898,0.259607,-0.0001695406
10,0.016413,1,100,0,66.739,0,100,3.99698,0,0,-0.1718642,-0.01954806,-0.9849266,-0.005162967,0.9998072,-0.01894249,0.985107,0.001829608,-0.171932,6.339911,-50.06819,-196.2089,4.518853,-0.004981757,-0.8506882,4.598231,0.003787783,7.041623,8.050606e-05,0.002693339,0.3260508,-0.0002241981
11,0.016683,1,100,0,75.0805,0,100,4.597805,0,0,-0.1661014,-0.01953273,-0.9859153,-0.005209405,0.9998074,-0.01893031,0.9860952,0.00199168,-0.1661712,6.41871,-50.06826,-196.2237,5.132308,-0.003965691,-0.9556387,5.220522,0.003338201,8.624027,0.0001903117,0.003212861,0.3993209,-0.000293584
12,0.016946,1,100,0,83.5535,0,100,5.219736,0,0,-0.1589796,-0.01951213,-0.9870891,-0.005265212,0.9998074,-0.01891553,0.987268,0.00219005,-0.1590517,6.509274,-50.06833,-196.2405,5.768398,-0.002595846,-1.057029,5.864447,0.002364553,10.34874,0.0003616607,0.003746402,0.4791804,-0.0003803009
13,0.016422,1,100,0,91.7645,0,100,5.863072,0,0,-0.1507633,-0.0194861,-0.9883779,-0.005327716,0.9998073,-0.01889876,0.9885557,0.002416557,-0.150838,6.607448,-50.06836,-196.2583,6.397935,-0.0009063206,-1.148313,6.500169,0.0008887884,12.11526,0.0005844929,0.004259826,0.560975,-0.0004837454
14,0.016681,1,100,0,100.105,0,100,6.497922,0,0,-0.1410243,-0.01945212,-0.989815,-0.005399567,0.9998071,-0.01887919,0.9899913,0.002682148,-0.1411022,6.717801,-50.06836,-196.278,7.050673,0.001196921,-1.231795,7.157465,-0.001180674,14.00626,0.0008891517,0.004774705,0.6485338,-0.0006117949
15,0.01668,1,100,0,84.67599,0,100,7.153917,0,0,-0.1299724,-0.01940956,-0.9913276,-0.005478517,0.9998072,-0.0188573,0.9915025,0.002980077,-0.1300537,6.839111,-50.06833,-196.2989,7.717124,0.003709262,-1.303504,7.826438,-0.003819387,15.3177,0.001310509,0.005048112,0.7092565,-0.0007286501
16,0.016693,1,100,0,93.02249,0,100,7.821084,0,0,-0.1178543,-0.01935811,-0.9928424,-0.005562237,0.9998074,-0.01883366,0.9930158,0.003302797,-0.1179393,6.971721,-50.06825,-196.321,8.398031,0.006661281,-1.361178,8.507631,-0.006610699,16.76559,0.001862227,0.005354145,0.7762975,-0.0008664225
17,0.016679,1,100,0,101.362,0,100,8.499936,0,0,-0.1045854,-0.01929616,-0.9943286,-0.005651132,0.999807,-0.01880808,0.9944996,0.003652032,-0.1046743,7.115652,-50.06812,-196.344,9.092351,0.01006641,-1.402554,9.199897,-0.009557693,18.33617,0.002558815,0.005686285,0.8490196,-0.001028121
18,0.016682,1,100,0,85.93114,0,100,9.189188,0,0,-0.090229,-0.01922265,-0.9957356,-0.005744525,0.9998074,-0.01878071,0.9959049,0.004025464,-0.09032204,7.27127,-50.06793,-196.3675,9.800722,0.0139481,-1.425269,9.903825,-0.0126401,19.35476,0.003430408,0.005813284,0.8961822,-0.001167146
19,0.01668,1,100,0,94.27113,0,100,9.889377,0,0,-0.07503005,-0.0191377,-0.9969977,-0.00584058,0.9998072,-0.0187521,0.9971643,0.004416074,-0.07512736,7.438761,-50.06767,-196.3913,10.52276,0.01832249,-1.427083,10.61911,-0.01545731,20.53336,0.004513754,0.00600498,0.9507541,-0.001324952
20,0.016689,1,100,0,102.6156,0,100,10.60022,0,0,-0.05885836,-0.01903944,-0.9980847,-0.005940459,0.999807,-0.01872197,0.9982485,0.004827137,-0.05896011,7.61847,-50.06734,-196.415,11.25863,0.02320291,-1.405959,11.3461,-0.01802967,21.85973,0.005826165,0.006253751,1.012169,-0.00150507
21,0.01668,1,100,0,87.18663,0,100,11.32192,0,0,-0.04179341,-0.01892593,-0.998947,-0.006041025,0.9998071,-0.01868949,0.999108,0.005253566,-0.04189968,7.810436,-50.06691,-196.4382,12.00871,0.03030191,-1.360405,12.08556,-0.02806632,22.65416,0.004039129,0.005833914,1.048949,-0.001859885
22,0.016693,1,100,0,95.53313,0,100,12.05516,0,0,-0.02404277,-0.01879542,-0.9995344,-0.00613534,0.9998074,-0.01865298,0.9996925,0.005684014,-0.02415346,8.015145,-50.06636,-196.4605,12.77185,0.03819441,-1.287345,12.83662,-0.03805051,23.62892,0.002532266,0.005467477,1.094081,-0.002228727
23,0.016873,1,100,0,103.9696,0,100,12.79924,0,0,-0.005284854,-0.01864456,-0.9998122,-0.006225385,0.9998074,-0.01861156,0.9999666,0.006125856,-0.005399906,8.235054,-50.06567,-196.4817,13.55511,0.04693634,-1.18375,13.60678,-0.04790862,24.78333,0.001323539,0.005155298,1.14753,-0.002617979
24,0.016486,1,100,0,88.72008,0,100,13.56134,0,0,0.0137904,-0.01847835,-0.9997342,-0.006308175,0.9998078,-0.01856673,0.9998851,0.006562541,0.01367118,8.462792,-50.06485,-196.5005,14.33136,0.05620354,-1.051283,14.36998,-0.05720371,25.40604,0.0005099713,0.004691022,1.176361,-0.002935568
25,0.01726,1,100,0,97.35007,0,100,14.31571,0,0,0.03431639,-0.01828406,-0.9992437,-0.006384236,0.9998083,-0.01851364,0.9993906,0.007014729,0.03419308,8.714877,-50.06383,-196.5177,15.15177,0.06402598,-0.8789839,15.17738,-0.07766029,26.26723,-0.005253497,0.003572206,1.216231,-0.003617113
26,0.016442,1,100,0,105.5711,0,91.779,15.11293,0,0,0.05453809,-0.0180747,-0.9983482,-0.006440248,0.9998091,-0.01845297,0.9984912,0.007436,0.05441128,8.968318,-50.06273,-196.531,15.93807,0.07178234,-0.6737361,15.95247,-0.09729846,27.23626,-0.009875042,0.002527366,1.261093,-0.004238682
27,0.016357,1,100,0,90.44085,0,83.6005,15.8779,0,0,0.07523631,-0.01784398,-0.9970061,-0.006479914,0.99981,-0.01838316,0.9971448,0.007843595,0.0751064,9.233302,-50.06152,-196.5407,16.72263,0.07981749,-0.4280395,16.72829,-0.1166209,27.69526,-0.0135771,0.001322777,1.282341,-0.004737763
28,0.016693,1,100,0,98.78735,0,75.25401,16.64336,0,0,0.09672857,-0.01758864,-0.9951555,-0.006503049,0.9998115,-0.01830302,0.9952899,0.00824197,0.09659596,9.516917,-50.06013,-196.5462,17.52338,0.08836962,-0.1331782,17.52411,-0.1353754,28.34673,-0.01639728,0.0001987187,1.312499,-0.005210574
29,0.016679,1,100,0,107.1268,0,66.91451,17.42871,0,0,0.1186992,-0.01731286,-0.9927794,-0.006510744,0.999813,-0.01821396,0.9929091,0.008625714,0.1185643,9.813638,-50.05861,-196.5466,18.32154,0.09727701,0.20705,18.32297,-0.1529056,29.16238,-0.01821891,-0.0008127149,1.35026,-0.005646287
30,0.016689,1,100,0,91.68952,0,58.57,18.21701,0,0,0.1411169,-0.01701781,-0.9898467,-0.006504063,0.9998148,-0.01811643,0.9899717,0.008994561,0.1409801,10.12384,-50.05694,-196.541,19.11584,0.1065744,0.5944375,19.12538,-0.1690851,29.46089,-0.01901614,-0.001912554,1.364077,-0.005936728
31,0.016675,1,100,0,100.027,0,50.23251,19.00891,0,0,0.1637192,-0.0167078,-0.9863655,-0.006483108,0.9998167,-0.01801172,0.9864857,0.009343578,0.1635809,10.44698,-50.05511,-196.5287,19.90275,0.1162824,1.029301,19.92969,-0.183372,29.94897,-0.01879374,-0.002845746,1.386671,-0.006186757
32,0.01669,1,100,0,84.58878,0,41.8875,19.80324,0,0,0.1865014,-0.01638409,-0.9823182,-0.006449603,0.9998191,-0.0179005,0.9824337,0.009674031,0.186362,10.7835,-50.05311,-196.5089,20.68122,0.1264276,1.512534,20.73685,-0.1957553,29.94288,-0.0175455,-0.003813868,1.386384,-0.006281917
33,0.016665,1,100,0,92.92128,0,33.555,20.60103,0,0,0.2091982,-0.01605171,-0.9777415,-0.006404257,0.9998214,-0.01778445,0.9778524,0.009982184,0.209058,11.13243,-50.05095,-196.4807,21.44711,0.1370131,2.04272,21.5446,-0.2059004,30.14747,-0.01531155,-0.004582874,1.395852,-0.006339381
34,0.016954,1,100,0,101.3983,0,25.078,21.40052,0,0,0.2323807,-0.01570355,-0.9724982,-0.00634932,0.999824,-0.01766198,0.9726044,0.01027901,0.2322401,11.50038,-50.04856,-196.4428,22.21211,0.1482576,2.630037,22.36777,-0.2140578,30.55342,-0.01205523,-0.005179147,1.414644,-0.006364261
35,0.01638,1,100,0,86.24678,0,16.888,22.21592,0,0,0.2548316,-0.01535918,-0.9668636,-0.006289456,0.9998266,-0.0175405,0.9669653,0.01055092,0.2546909,11.86818,-50.04607,-196.3964,22.93578,0.1596037,3.243181,23.1645,-0.2199797,30.46895,-0.007982919,-0.005769124,1.41073,-0.006235313
36,0.01669,1,100,0,94.59178,0,8.543005,23.0058,0,0,0.277556,-0.01500451,-0.9605923,-0.006222191,0.9998289,-0.01741524,0.9606892,0.01081069,0.2774152,12.255,-50.04334,-196.3385,23.65481,0.1716802,3.913373,23.97695,-0.2239568,30.59409,-0.002972563,-0.006183022,1.416521,-0.00607916
37,0.016956,1,100,0,78.90749,0,0.0650053,23.81241,0,0,0.3004562,-0.0146414,-0.9536833,-0.006145704,0.9998317,-0.01728609,0.9537759,0.01105477,0.3003157,12.66013,-50.04034,-196.2681,24.36559,0.1867591,4.639679,24.8041,-0.2362758,30.23082,0.001227326,-0.007265141,1.399695,-0.005871434
38,0.016427,1,100,0,63.71251,0,0,24.63474,0,0,0.3221259,-0.01429277,-0.9465891,-0.006056359,0.9998347,-0.01715772,0.9466778,0.01125983,0.321986,13.06411,-50.03719,-196.1879,25.04257,0.2021687,5.376883,25.6141,-0.2471263,29.48926,0.005955045,-0.00833695,1.365354,-0.005530182
39,0.016661,1,100,0,48.30109,0,0,25.4408,0,0,0.343304,-0.01394892,-0.9391208,-0.005949625,0.9998374,-0.01702569,0.9392055,0.0114324,0.3431652,13.48512,-50.03374,-196.094,25.71691,0.2185358,6.156546,26.44448,-0.2567866,28.36774,0.01132989,-0.009415192,1.31342,-0.005048047
40,0.016695,1,100,0,32.85821,0,0,26.26868,0,0,0.3634623,-0.01362069,-0.9315094,-0.005825789,0.9998404,-0.01689298,0.9315907,0.01156674,0.3633249,13.91818,-50.02999,-195.9867,26.38068,0.2356293,6.96739,27.28627,-0.264958,26.9047,0.01721042,-0.0104595,1.245673,-0.004437741
41,0.016677,1,100,0,24.51971,0,0,27.11015,0,0,0.3823607,-0.0133118,-0.9239173,-0.005695821,0.9998434,-0.01676295,0.9239957,0.01167196,0.382225,14.3618,-50.02593,-195.8659,27.03669,0.2598241,7.802985,28.14137,-0.2424924,25.33194,0.0162781,-0.009540127,1.172856,-0.004221071
42,0.016683,1,100,0,16.17821,0,0,27.96732,0,0,0.3999701,-0.01301903,-0.9164358,-0.005582072,0.999846,-0.01664022,0.9165113,0.0117712,0.3998358,14.81647,-50.02145,-195.731,27.68396,0.2854335,8.660466,29.00839,-0.2168194,23.65639,0.01550784,-0.00841489,1.09528,-0.003964026
43,0.016725,1,100,0,7.815711,0,0,28.83878,0,0,0.4162743,-0.01274371,-0.9091499,-0.005486472,0.9998485,-0.01652715,0.9092228,0.01186785,0.4161413,15.28308,-50.01653,-195.5813,28.32599,0.3122846,9.53737,29.89014,-0.1887555,21.8822,0.01487132,-0.007134492,1.013137,-0.003670625
44,0.01666,1,100,0,-0.5142889,0,0,29.72724,0,0,0.4311307,-0.01248925,-0.902203,-0.005410841,0.9998504,-0.01642664,0.9022732,0.0119637,0.4309987,15.75854,-50.01117,-195.4175,28.96124,0.3399938,10.42367,30.78184,-0.1593517,20.03002,0.01437554,-0.005760681,0.9273841,-0.003345194
45,0.01668,1,100,0,-8.854289,0,0,30.6276,0,0,0.4445896,-0.01225585,-0.8956506,-0.00535513,0.9998522,-0.01633994,0.8957185,0.01206089,0.4444583,16.24516,-50.00534,-195.2386,29.59571,0.3684772,11.31948,31.68868,-0.1292373,18.09688,0.01399295,-0.004335381,0.8378828,-0.002989221
46,0.016693,1,100,0,-17.20079,0,0,31.5449,0,0,0.4566136,-0.01204515,-0.8895835,-0.00531916,0.9998535,-0.0162685,0.8896492,0.01216026,0.4564826,16.74276,-49.99903,-195.0447,30.2322,0.3975141,12.22011,32.61096,-0.09909233,16.09007,0.01371968,-0.002901328,0.7449707,-0.002604231
47,0.016678,1,100,0,-25.53979,0,0,32.47915,0,0,0.4671603,-0.01185891,-0.8840933,-0.005302163,0.9998547,-0.01621339,0.8841571,0.01226186,0.4670295,17.25055,-49.99224,-194.8359,30.87297,0.4268471,13.11964,33.54768,-0.06956543,14.01935,0.01353074,-0.001499192,0.6490991,-0.002193336
48,0.017001,1,100,0,-34.04029,0,0,33.42904,0,0,0.4763862,-0.01169582,-0.8791584,-0.0053002,0.9998552,-0.0161735,0.8792202,0.01236455,0.4762552,17.77915,-49.98489,-194.6077,31.52918,0.4435435,14.02956,34.51253,-0.04835044,11.84241,0.01469604,-0.0006333127,0.5483077,-0.001665013
49,0.016365,1,100,0,-42.22279,0,0,34.40823,0,0,0.4837827,-0.01156694,-0.8751118,-0.005306144,0.9998555,-0.01614912,0.8751721,0.01245613,0.4836514,18.29865,-49.97755,-194.3734,32.17308,0.4576192,14.89603,35.45713,-0.03001247,9.700735,0.01613189,7.394415e-05,0.4491485,-0.0011173
50,0.016671,1,100,0,-50.55828,0,0,35.36717,0,0,0.4898206,-0.01146521,-0.871748,-0.005317545,0.9998558,-0.01613792,0.8718072,0.01254025,0.489689,18.83874,-49.96985,-194.1202,32.8444,0.4701628,15.76525,36.43513,-0.01342508,7.464768,0.01780758,0.0006632241,0.3456227,-0.0005251711
51,0.016793,1,100,0,-58.95478,0,0,36.35995,0,0,0.494354,-0.01139438,-0.8691861,-0.005332081,0.9998556,-0.01614001,0.8692445,0.01261345,0.4942219,19.3942,-49.96189,-193.8507,33.54033,0.4811158,16.62232,37.43644,0.00112312,5.164042,0.01963687,0.001119631,0.2390984,9.905465e-05
52,0.016574,1,100,0,-67.24178,14.9166,0,37.37593,0,0,0.4972618,-0.0113573,-0.8675264,-0.005347012,0.9998553,-0.01615457,0.8675843,0.01267172,0.4971291,19.95411,-49.95387,-193.5706,34.26744,0.4906471,17.45293,38.45911,0.01339745,2.76161,0.02148411,0.001417238,0.1278644,0.0007541318
53,0.016687,1,100,0,-75.58528,29.9349,0,38.41247,0,0,0.4985426,-0.01135497,-0.8667909,-0.00536008,0.9998547,-0.01618101,0.8668488,0.01271299,0.4984093,20.53025,-49.94563,-193.2748,35.0432,0.4992108,18.27244,39.52414,0.02384761,0.2113232,0.02329505,0.00157142,0.009784128,0.001445437
54,0.016652,1,100,0,-83.91128,44.9217,0,39.49066,0,0,0.4980894,-0.01138964,-0.8670509,-0.005368887,0.999854,-0.01621839,0.8671091,0.0127333,0.4979555,21.11835,-49.93727,-192.9661,35.8648,0.5069234,19.07075,40.62308,0.03255988,-2.457243,0.02496243,0.001588887,-0.1137731,0.002157224
55,0.016685,1,100,0,-92.25378,59.9382,0,40.60153,0,0,0.495818,-0.01146301,-0.868351,-0.0053715,0.9998535,-0.01626602,0.8684102,0.01272933,0.4956838,21.72161,-49.92878,-192.6436,36.73946,0.5140142,19.84794,41.76114,0.03982981,-5.251426,0.02640113,0.00148144,-0.2431469,0.002882529
56,0.016682,1,100,0,-100.5948,74.952,0,41.74977,0,0,0.4916395,-0.01157624,-0.8707219,-0.005366222,0.9998524,-0.01632299,0.8707823,0.01269751,0.4915048,22.33967,-49.92017,-192.3083,37.66947,0.5206279,20.59833,42.9366,0.04589023,-8.16083,0.02749839,0.001259705,-0.377856,0.003607605
57,0.016728,1,100,0,-85.12138,90.00719,0,42.9327,0,0,0.4855932,-0.01172417,-0.8741063,-0.005339819,0.9998517,-0.0163772,0.8741687,0.01262022,0.4854586,22.97535,-49.91137,-191.9597,38.66536,0.5373286,21.31944,44.15673,0.004411564,-10.52199,0.01878734,-0.001913452,-0.4871882,0.003568397
58,0.016668,1,100,0,-93.45538,100,0,44.15653,0,0,0.4779186,-0.01189328,-0.8783239,-0.005266999,0.9998518,-0.01640478,0.8783888,0.01246628,0.4777851,23.62565,-49.90231,-191.6006,39.71543,0.5547209,21.9966,45.40345,-0.03948751,-13.00211,0.009962831,-0.005284231,-0.6020288,0.003524232
59,0.016677,1,100,0,-101.7939,100,0,45.40215,0,0,0.4685011,-0.01208355,-0.8833804,-0.005144908,0.9998524,-0.01640535,0.8834482,0.01223083,0.4683698,24.2941,-49.89296,-191.2303,40.81678,0.5723517,22.61406,46.66619,-0.08443259,-15.53002,0.001004727,-0.008753104,-0.7190831,0.003445848
60,0.01667,1,100,0,-86.37413,100,0,46.65826,0,0,0.4574425,-0.0122864,-0.8891546,-0.00499444,0.9998536,-0.01638554,0.8892257,0.01193627,0.4573141,24.98094,-49.88324,-190.8502,41.97499,0.6035476,23.16348,47.94592,-0.06786048,-17.43416,-0.01820972,-0.008163452,-0.8072391,0.002537436
61,0.016695,1,100,0,-94.72163,100,0,47.92543,0,0,0.4449557,-0.0124885,-0.8954655,-0.004860457,0.9998543,-0.0163595,0.8955393,0.01163162,0.4448301,25.68846,-49.87298,-190.4608,43.18876,0.6364105,23.63969,49.23931,-0.04619423,-19.43635,-0.03673789,-0.007282571,-0.8999344,0.001669893
62,0.01688,1,100,0,-103.1616,100,0,49.20029,0,0,0.4308039,-0.01269245,-0.9023564,-0.0047409,0.9998556,-0.01632727,0.9024334,0.01131183,0.4306816,26.42465,-49.8622,-190.0595,44.46338,0.6431199,24.03784,50.54921,-0.03408764,-21.55142,-0.05416538,-0.007055091,-0.9978586,0.0008681018
63,0.016473,1,100,0,-87.92411,100,0,50.48516,0,0,0.4155686,-0.01288892,-0.9094706,-0.004634317,0.9998567,-0.01628744,0.9095502,0.01098332,0.4154493,27.16414,-49.85159,-189.6619,45.74666,0.6467809,24.33505,51.82055,-0.01963161,-23.03961,-0.07082427,-0.006545374,-1.066757,-3.474578e-05
64,0.016692,1,100,0,-96.27011,100,0,51.72597,0,0,0.3989212,-0.01307659,-0.916892,-0.00453759,0.9998579,-0.01623405,0.916974,0.01063659,0.3988052,27.93515,-49.84077,-189.2545,47.07917,0.6502994,24.53588,53.09313,-0.01456184,-24.677,-0.0972568,-0.006678637,-1.142564,-0.001561235
65,0.016774,1,100,0,-104.6571,100,0,52.96233,0,0,0.3808528,-0.01324683,-0.9245409,-0.004448134,0.9998597,-0.01615835,0.9246252,0.01026643,0.3807405,28.73251,-49.82986,-188.8424,48.44719,0.6510776,24.63448,54.3545,-0.006028968,-26.441,-0.1229379,-0.006622542,-1.224232,-0.003047586
66,0.016576,1,100,0,-89.32431,100,0,54.18153,0,0,0.3617289,-0.01339501,-0.9321872,-0.004369922,0.9998616,-0.01606317,0.9322733,0.009884097,0.3616203,29.54318,-49.81908,-188.4341,49.82487,0.6493314,24.62545,55.58194,0.005400456,-27.63005,-0.1472698,-0.006243285,-1.279279,-0.004577983
67,0.016706,1,100,0,-97.67731,100,0,55.36188,0,0,0.341396,-0.01352043,-0.9398224,-0.004304319,0.9998638,-0.01594776,0.9399101,0.009489796,0.3412913,30.38342,-49.80825,-188.0233,51.23545,0.6453041,24.50652,56.79839,0.01898682,-28.9821,-0.170606,-0.005759586,-1.341872,-0.006039343
68,0.016667,1,100,0,-106.0108,100,0,56.5267,0,0,0.3199286,-0.01362309,-0.9473438,-0.004252146,0.999866,-0.01581437,0.9474322,0.009087715,0.3198279,31.24528,-49.79753,-187.6161,52.66036,0.639276,24.27581,57.98997,0.03425606,-30.46989,-0.1925314,-0.005194681,-1.410749,-0.007411484
69,0.016686,1,100,0,-90.57626,100,0,57.66201,0,0,0.297306,-0.01370266,-0.954684,-0.004213962,0.9998685,-0.0156635,0.954773,0.008679854,0.2972091,32.13198,-49.7869,-187.2129,54.09992,0.631471,23.92989,59.15944,0.05089363,-31.42037,-0.2130025,-0.004403288,-1.454749,-0.008798027
70,0.016691,1,100,0,-98.92175,100,0,58.77081,0,0,0.2737594,-0.01376293,-0.9616998,-0.004191402,0.9998712,-0.01550234,0.9617894,0.008274781,0.2736664,33.04304,-49.7764,-186.816,55.54797,0.6252638,23.47031,60.30608,0.07383797,-32.54318,-0.2144113,-0.003241394,-1.506729,-0.008949443
71,0.016684,1,100,0,-107.2638,100,0,59.85365,0,0,0.2491786,-0.01381865,-0.968359,-0.004183154,0.9998736,-0.01534478,0.9684486,0.007874385,0.2490893,33.97789,-49.766,-186.4276,56.99783,0.6184921,22.89294,61.42656,0.09482756,-33.82255,-0.2146219,-0.002242987,-1.565958,-0.00901553
72,0.016684,1,100,0,-91.83105,91.658,0,60.90673,0,0,0.2236259,-0.01386258,-0.9745767,-0.004194263,0.9998762,-0.01518486,0.9746665,0.007483358,0.22354,34.93686,-49.75574,-186.0497,58.43686,0.6078988,22.15845,62.49986,0.1292526,-34.49432,-0.2329944,-0.0002286162,-1.597049,-0.01033917
73,0.016906,1,100,0,-100.2841,83.20499,0,61.9143,0,0,0.1970298,-0.01387949,-0.9802994,-0.004237709,0.9998785,-0.01500843,0.9803886,0.007111331,0.196947,35.93292,-49.74553,-185.6801,59.87356,0.5969048,21.2592,63.5386,0.1605753,-35.2844,-0.2496371,0.001573526,-1.633619,-0.01153434
74,0.01647,1,100,0,-85.04931,74.96999,0,62.89054,0,0,0.1705309,-0.01387066,-0.9852548,-0.004307303,0.9998809,-0.01482209,0.985343,0.006771415,0.1704508,36.9266,-49.73575,-185.3355,61.24425,0.5861112,20.23658,64.50365,0.1875238,-35.49467,-0.2638169,0.003254481,-1.643344,-0.01263142
75,0.016685,1,100,0,-93.39181,66.62749,0,63.7999,0,0,0.1433633,-0.01383669,-0.9895734,-0.004401593,0.9998835,-0.01461852,0.9896604,0.006451459,0.1432857,37.95601,-49.72603,-185.0043,62.59486,0.5751514,19.05883,65.43459,0.2108445,-35.84575,-0.2761076,0.004684289,-1.65959,-0.01358107
76,0.016983,1,100,0,-101.8833,58.13599,0,64.68222,0,0,0.11529,-0.01378014,-0.9932365,-0.004516315,0.9998864,-0.01439663,0.993322,0.006145556,0.1152146,39.02662,-49.71632,-184.6882,63.9217,0.5640621,17.72159,66.33518,0.2306091,-36.33152,-0.2864256,0.005868106,-1.682074,-0.0143845
77,0.016382,1,100,0,-86.72996,49.94499,0,65.54008,0,0,0.08789493,-0.01370654,-0.9960356,-0.004640738,0.999889,-0.01416909,0.9961192,0.005867731,0.08782157,40.08053,-49.70715,-184.4055,65.14885,0.5535084,16.30637,67.16082,0.2459131,-36.26287,-0.2942057,0.006913398,-1.67889,-0.0150701
78,0.016703,1,100,0,-95.08146,41.59349,0,66.33132,0,0,0.0599085,-0.01361332,-0.9981111,-0.004777815,0.9998918,-0.01392438,0.9981926,0.005602979,0.05983697,41.17539,-49.69796,-184.1418,66.3393,0.5428516,14.74443,67.96025,0.2576288,-36.34651,-0.2999892,0.007704289,-1.682757,-0.01560338
79,0.016664,1,100,0,-103.4135,33.26149,0,67.10471,0,0,0.03184049,-0.01350572,-0.9994017,-0.004919712,0.9998944,-0.01366912,0.9994808,0.005352,0.03177069,42.28715,-49.68897,-183.9053,67.45975,0.5323384,13.07703,68.71761,0.2656247,-36.56799,-0.3035848,0.008233202,-1.693008,-0.01597517
80,0.016675,1,100,0,-87.98908,24.92399,0,67.84304,0,0,0.003697053,-0.01338567,-0.9999037,-0.005062921,0.9998976,-0.01340431,0.9999807,0.00511199,0.003628904,43.41792,-49.68015,-183.697,68.50803,0.5218669,11.30821,69.43701,0.2702469,-36.24849,-0.3050449,0.008683783,-1.678212,-0.01625411
81,0.016685,1,100,0,-96.33158,16.58149,0,68.55042,0,0,-0.0242626,-0.01324655,-0.999618,-0.005215093,0.9999005,-0.01312372,0.9996924,0.004894686,-0.02432927,44.56646,-49.67155,-183.5187,69.48119,0.5024195,9.443244,70.12177,0.3008827,-36.09658,-0.3261416,0.01077316,-1.671168,-0.01775992
82,0.016688,1,100,0,-104.6756,8.23749,0,69.23253,0,0,-0.05213014,-0.01307783,-0.9985548,-0.005390803,0.9999034,-0.01281406,0.9986259,0.004715013,-0.05219561,45.73099,-49.66326,-183.3718,70.37315,0.4855863,7.499697,70.77332,0.3249363,-36.09656,-0.3442157,0.0124234,-1.671157,-0.01903392
83,0.01669,1,100,0,-89.23734,0,0,69.8873,0,0,-0.07982486,-0.01288373,-0.9967256,-0.005582476,0.9999065,-0.01247776,0.9967932,0.004568161,-0.07988933,46.91008,-49.65524,-183.2578,71.18092,0.4713435,5.48768,71.3937,0.342781,-35.5684,-0.3592355,0.01381312,-1.646696,-0.02013403
84,0.01667,1,100,0,-97.57233,0,0,70.5164,0,0,-0.1070909,-0.01266782,-0.9941686,-0.005783518,0.99991,-0.01211798,0.9942327,0.004452066,-0.1071546,48.10086,-49.64744,-183.1776,71.92466,0.4602263,3.45838,72.00923,0.3543418,-35.31829,-0.3711839,0.01474729,-1.635111,-0.02099326
85,0.016684,1,100,0,-82.13963,0,0,71.14131,0,0,-0.1340029,-0.01243428,-0.9909029,-0.005987247,0.9999132,-0.01173767,0.9909628,0.004359898,-0.1340657,49.30471,-49.63981,-183.1313,72.60605,0.4519194,1.410694,72.62115,0.3602932,-34.65627,-0.3800922,0.01542218,-1.604456,-0.02167365
86,0.016695,1,100,0,-66.69676,0,0,71.76273,0,0,-0.160233,-0.01218545,-0.987004,-0.00618902,0.9999166,-0.01134013,0.9870598,0.004291526,-0.160295,50.52038,-49.6323,-183.1192,73.22554,0.446117,-0.6522736,73.2298,0.360819,-33.616,-0.3860016,0.01583511,-1.556289,-0.02217413
87,0.017074,1,100,0,-50.90331,0,0,72.38446,0,0,-0.1860336,-0.01191792,-0.9824712,-0.006388818,0.9999201,-0.01091985,0.9825228,0.004245371,-0.1860949,51.77396,-49.6247,-183.1423,73.79662,0.4424475,-2.769949,73.84991,0.3561336,-32.18805,-0.3890427,0.0159979,-1.490174,-0.02250465
88,0.016294,1,100,0,-42.75631,0,0,73.02421,0,0,-0.2094736,-0.01165279,-0.977745,-0.00656969,0.9999234,-0.01050961,0.9777926,0.004221995,-0.2095341,52.97912,-49.6175,-183.1984,74.28658,0.4408227,-4.787826,74.44202,0.3469601,-30.71889,-0.3891146,0.01586661,-1.422154,-0.02263319
89,0.016679,1,100,0,-34.41681,0,0,73.64194,0,0,-0.2322038,-0.01136083,-0.9726009,-0.006705111,0.9999268,-0.0100792,0.9726442,0.004180968,-0.2322629,54.22065,-49.61032,-183.2896,74.72578,0.4106667,-6.846082,75.03986,0.2390244,-29.10418,-0.4252693,0.009434063,-1.347412,-0.02509357
90,0.016769,1,100,0,-26.03231,0,0,74.27341,0,0,-0.2536902,-0.01102546,-0.9672228,-0.006770681,0.9999309,-0.009622443,0.9672621,0.004107638,-0.2537473,55.47606,-49.60343,-183.4159,75.13347,0.4114006,-8.891459,75.65887,0.2815269,-27.38042,-0.4416361,0.01267083,-1.267593,-0.02630676
91,0.016585,1,100,0,-17.73981,0,0,74.93163,0,0,-0.2735288,-0.0106691,-0.9618047,-0.006869089,0.9999347,-0.009138558,0.9618394,0.004107064,-0.2735842,56.7242,-49.59657,-183.5743,75.4966,0.4172723,-10.88098,76.27783,0.3129233,-25.58798,-0.4540608,0.01519755,-1.184595,-0.02723455
92,0.016686,1,100,0,-9.396814,0,0,75.59418,0,0,-0.2920241,-0.01029139,-0.9563556,-0.006991637,0.9999384,-0.008625489,0.9563855,0.004167642,-0.292078,57.98583,-49.58956,-183.7667,75.82785,0.4277271,-12.8406,76.90856,0.334627,-23.70087,-0.4628415,0.01710665,-1.097219,-0.02790988
93,0.016679,1,100,0,-1.057314,0,0,76.2729,0,0,-0.3089994,-0.009899428,-0.9510109,-0.007128978,0.9999421,-0.008092447,0.951036,0.004279174,-0.3090521,59.25229,-49.58235,-183.9915,76.1315,0.4421012,-14.74856,77.54818,0.3472076,-21.73892,-0.4679596,0.01842431,-1.00638,-0.0283404
94,0.016704,1,100,0,7.294686,0,0,76.96376,0,0,-0.3244496,-0.009496633,-0.9458555,-0.007273688,0.9999454,-0.007544671,0.9458755,0.004431992,-0.324501,60.52561,-49.57487,-184.2482,76.41501,0.4597584,-16.60045,78.19872,0.3516017,-19.70426,-0.4695203,0.01920593,-0.9121766,-0.02854187
95,0.016676,1,100,0,15.63269,0,0,77.66798,0,0,-0.3382958,-0.009087879,-0.940996,-0.007418854,0.9999481,-0.006990083,0.9410107,0.004616397,-0.3383457,61.80144,-49.56709,-184.5349,76.68459,0.4799542,-18.38271,78.85861,0.3487978,-17.60989,-0.4676325,0.01950852,-0.8152106,-0.02852836
96,0.016682,1,100,0,23.97369,0,0,78.38294,0,0,-0.3505456,-0.008665156,-0.9365057,-0.007566269,0.9999509,-0.006420044,0.9365153,0.004835336,-0.350594,63.08218,-49.55895,-184.8511,76.94781,0.504171,-20.09825,79.53088,0.3708836,-15.4566,-0.4913538,0.02138903,-0.7155105,-0.03016567
97,0.016679,1,100,0,32.31319,0,0,79.11157,0,0,-0.3611712,-0.008211489,-0.9324635,-0.007723376,0.9999534,-0.005814325,0.9324678,0.0051018,-0.3612177,64.36709,-49.55038,-185.1953,77.21191,0.5319295,-21.73212,80.21375,0.3826789,-13.25056,-0.5108082,0.02259254,-0.6133716,-0.03153982
98,0.016842,1,100,0,40.73419,0,0,79.85036,0,0,-0.3702383,-0.007728055,-0.9289047,-0.007896831,0.9999554,-0.005171684,0.9289032,0.005420648,-0.3702828,65.66907,-49.54119,-185.5701,77.48957,0.573503,-23.29351,80.91694,0.4229512,-10.97151,-0.5197228,0.02560175,-0.5078496,-0.03225597
99,0.016508,1,100,0,48.98819,0,0,80.6086,0,0,-0.3774807,-0.007237311,-0.9259892,-0.008098481,0.9999571,-0.00451407,0.9259822,0.005795131,-0.3775232,66.94986,-49.53148,-185.9625,77.77601,0.6190702,-24.73013,81.61538,0.4480686,-8.697941,-0.5244059,0.02760071,-0.402584,-0.03271757
100,0.016688,1,100,0,57.33219,0,15.0192,81.35898,0,0,-0.3830924,-0.006726691,-0.9236856,-0.008322089,0.999958,-0.003830611,0.9236726,0.006219516,-0.3831323,68.24975,-49.52087,-186.3828,78.12793,0.6689798,-26.088,82.37115,0.4609292,-6.152586,-0.5252238,0.02880909,-0.2847378,-0.03298613
101,0.016984,1,100,0,65.82419,0,30.3048,82.16394,0,0,-0.3868754,-0.006192675,-0.9221113,-0.008560063,0.9999585,-0.003124071,0.9220924,0.006684705,-0.3869123,69.57909,-49.5092,-186.8331,78.55356,0.7224618,-27.37488,83.18995,0.462795,-3.321837,-0.5221877,0.02929938,-0.1536805,-0.03307745
102,0.016389,1,100,0,74.01869,0,45.0549,83.03015,0,0,-0.3885188,-0.005663426,-0.9214235,-0.008791764,0.9999585,-0.002439079,0.9213991,0.00715331,-0.3885525,70.86912,-49.49707,-187.288,79.03231,0.7754742,-28.52161,84.02493,0.4553034,-0.3929138,-0.515622,0.02914587,-0.01807945,-0.03300187
103,0.016683,1,100,0,82.36019,0,60.0696,83.908,0,0,-0.3880457,-0.005110196,-0.921626,-0.009023095,0.9999577,-0.0017454,0.921596,0.007638624,-0.3880754,72.19073,-49.48384,-187.7698,79.59248,0.8298331,-29.59303,84.91996,0.4402668,2.793348,-0.5055087,0.02847584,0.1294347,-0.0327835
104,0.01672,1,100,0,90.72019,0,75.1176,84.84278,0,0,-0.38525,-0.004537927,-0.9228012,-0.009318789,0.9999562,-0.001026945,0.9227654,0.008203759,-0.3852754,73.52516,-49.46938,-188.2701,80.24727,0.9355798,-30.57175,85.87859,0.6439318,6.176274,-0.4971451,0.04177616,0.2860731,-0.03276942
105,0.016632,1,100,0,99.03619,0,90.0864,85.83562,0,0,-0.38002,-0.003944015,-0.92497,-0.009805467,0.999952,-0.0002351995,0.9249265,0.008980381,-0.3800404,74.86389,-49.45313,-188.7834,80.9793,1.058616,-31.43597,86.87341,0.8022991,9.716743,-0.4860714,0.05211126,0.4500001,-0.03271085
106,0.016703,1,100,0,107.3877,0,100,86.85635,0,0,-0.3721894,-0.003322588,-0.9281509,-0.01048579,0.9999449,0.0006252157,0.9280976,0.009965091,-0.3722037,76.22102,-49.4345,-189.3126,81.79483,1.229169,-32.17748,87.90504,1.032818,13.36815,-0.4564639,0.06699668,0.6190643,-0.03163084
107,0.016694,1,100,0,91.94575,0,100,87.90241,0,0,-0.3618815,-0.002653016,-0.9322205,-0.01131083,0.999935,0.001545062,0.9321557,0.01110332,-0.361888,77.59122,-49.41321,-189.853,82.64261,1.368702,-32.76815,88.91246,0.9926307,16.29525,-0.5066558,0.06439946,0.7545949,-0.03569756
108,0.017025,1,100,0,100.4582,0,100,88.90938,0,0,-0.3491472,-0.00186147,-0.9370662,-0.0120921,0.9999238,0.002519133,0.9369901,0.01221065,-0.3491431,79.00343,-49.38912,-190.4133,83.56388,1.507465,-33.19022,89.92656,0.935834,19.2896,-0.5528753,0.06062828,0.8932407,-0.03963218
109,0.016535,1,100,0,85.16337,0,100,89.90508,0,0,-0.3347382,-0.0009896588,-0.9423108,-0.01278096,0.9999123,0.00349004,0.9422247,0.01321188,-0.3347214,80.39039,-49.36348,-190.9634,84.51324,1.636191,-33.4128,90.89323,0.8692262,21.53966,-0.5925548,0.05609892,0.997429,-0.04304855
110,0.016649,1,100,0,93.48787,0,100,90.83605,0,0,-0.3184898,-1.749862e-05,-0.9479263,-0.01339825,0.9999003,0.004483165,0.9478317,0.0141284,-0.3184583,81.80302,-49.33557,-191.5199,85.519,1.757749,-33.44685,91.8438,0.7952973,23.8642,-0.6271795,0.05098792,1.105067,-0.04620385
111,0.016678,1,100,0,101.8269,0,100,91.73389,0,0,-0.3003945,0.001048475,-0.9538145,-0.01393614,0.9998879,0.005488173,0.9537134,0.01494111,-0.3003463,83.23516,-49.30563,-192.0769,86.57076,1.869535,-33.28646,92.76842,0.7175331,26.24553,-0.6562424,0.04550581,1.215337,-0.04904514
112,0.017,1,100,0,86.10187,0,100,92.58909,0,0,-0.2801896,0.002221589,-0.9599422,-0.01440141,0.9998752,0.006517514,0.9598369,0.01565066,-0.2801226,84.71317,-49.27327,-192.6407,87.68103,1.971653,-32.92018,93.67811,0.6373904,28.03389,-0.6799206,0.03974978,1.298155,-0.05139236
113,0.016388,1,100,0,94.29587,0,100,93.41203,0,0,-0.2592778,0.003421154,-0.9657969,-0.01478894,0.9998627,0.007512063,0.96569,0.01623082,-0.2591916,86.15613,-49.24039,-193.1772,88.78493,2.075599,-32.36704,94.52352,0.6110069,29.84854,-0.6917167,0.03734957,1.382186,-0.05296213
114,0.016652,1,100,0,102.6219,0,100,94.16167,0,0,-0.236515,0.00470027,-0.9716165,-0.01515837,0.9998488,0.008526759,0.9715097,0.01674483,-0.236408,87.64092,-49.2053,-193.712,89.92556,2.171195,-31.61006,95.34419,0.5791264,31.78502,-0.6983215,0.03446439,1.47186,-0.05423552
115,0.016906,1,100,0,86.98381,0,100,94.87278,0,0,-0.2119359,0.006051874,-0.9772649,-0.0155055,0.9998342,0.009554258,0.9771608,0.01717787,-0.2118069,89.16782,-49.16811,-194.241,91.09319,2.256489,-30.64053,96.13481,0.5439563,33.15356,-0.6994414,0.03129788,1.535238,-0.0549705
116,0.016823,1,100,0,95.39531,0,100,95.54133,0,0,-0.1862652,0.007449823,-0.9824713,-0.01593439,0.999817,0.01060233,0.9823706,0.01762993,-0.1861125,90.70695,-49.12917,-194.7501,92.27683,2.43047,-29.4857,96.9037,0.8331106,34.64748,-0.7317632,0.04881075,1.604396,-0.05777834
117,0.016536,1,100,0,103.6633,0,100,96.18054,0,0,-0.1597581,0.008906599,-0.987116,-0.01663601,0.9997931,0.01171341,0.9870161,0.01829298,-0.1595769,92.23923,-49.08795,-195.2304,93.42766,2.617497,-28.1584,97.61391,1.053961,36.23122,-0.7594161,0.06181799,1.677719,-0.06047577
118,0.016498,1,100,0,88.40266,0,91.751,96.75591,0,0,-0.1321715,0.01044286,-0.991172,-0.01755229,0.9997633,0.01287395,0.9910719,0.01909891,-0.1319569,93.78672,-49.04369,-195.6864,94.53293,2.812493,-26.59658,98.24339,1.217527,37.13428,-0.7828485,0.07114416,1.719533,-0.06280483
119,0.016676,1,100,0,96.74065,0,83.413,97.25225,0,0,-0.1034818,0.01207153,-0.9945582,-0.01869542,0.9997261,0.01407948,0.9944557,0.02005065,-0.1032277,95.36916,-48.99546,-196.1199,95.60152,3.05142,-24.78415,98.80899,1.478276,38.07661,-0.7981651,0.08657941,1.763145,-0.0647528
120,0.016685,1,100,0,105.0832,0,75.0705,97.69107,0,0,-0.07396077,0.01378003,-0.997166,-0.02010089,0.9996808,0.01530569,0.9970586,0.02117594,-0.07366018,96.96987,-48.94316,-196.5222,96.59772,3.299177,-22.74879,99.29508,1.665299,39.04401,-0.8099859,0.09717206,1.807934,-0.06663851
121,0.016668,1,100,0,89.66525,0,66.7365,98.05914,0,0,-0.04382833,0.01556455,-0.9989179,-0.02169277,0.9996281,0.01652741,0.9988037,0.02239366,-0.0434744,98.58509,-48.8868,-196.889,97.50641,3.547249,-20.50693,99.70264,1.787279,39.36594,-0.818036,0.1036612,1.82285,-0.06812981
122,0.016695,1,100,0,98.01276,0,58.389,98.36073,0,0,-0.0133421,0.01743828,-0.9997589,-0.02327259,0.9995716,0.0177456,0.99964,0.02350374,-0.01293055,100.2174,-48.82695,-197.2179,98.29206,3.658464,-18.08194,100.0084,1.466179,39.76202,-0.8762925,0.08164288,1.841352,-0.0728049
123,0.016672,1,100,0,106.3488,0,50.053,98.57648,0,0,0.01743522,0.01941581,-0.9996595,-0.02453264,0.9995189,0.0189852,0.9995472,0.02419328,0.01790315,101.86,-48.76556,-197.505,98.96863,3.728843,-15.4871,100.2424,1.181682,40.223,-0.9251522,0.0618493,1.862855,-0.07662036
124,0.016688,1,100,0,90.91235,0,41.709,98.73676,0,0,0.04842344,0.02147403,-0.998596,-0.0256078,0.9994669,0.02025099,0.9984986,0.02459122,0.04894753,103.5149,-48.70258,-197.7482,99.54783,3.862008,-12.73375,100.4332,1.187021,40.07703,-0.9709347,0.06077511,1.85615,-0.07977559
125,0.016689,1,100,0,99.25685,0,33.3645,98.87005,0,0,0.07928006,0.02359093,-0.9965733,-0.02669984,0.9994116,0.02153407,0.9964949,0.02490112,0.07986329,105.1789,-48.63749,-197.9446,100.0026,3.975348,-9.8463,100.5648,1.172929,40.04091,-1.008819,0.05837754,1.85454,-0.08240835
126,0.016842,1,100,0,107.6778,0,24.9435,98.96469,0,0,0.1103383,0.0257763,-0.9935598,-0.02779992,0.9993526,0.02283931,0.9935054,0.02510083,0.1109835,106.8651,-48.57002,-198.0935,100.3299,4.06675,-6.820532,100.6436,1.144634,40.10665,-1.03883,0.05497706,1.857653,-0.08450299
127,0.016507,1,100,0,92.40887,0,16.69,99.02337,0,0,0.1405801,0.02794912,-0.9896749,-0.02886353,0.9992926,0.02412076,0.9896489,0.02517461,0.1412873,108.5224,-48.50253,-198.1894,100.5197,4.131687,-3.767561,100.6751,1.107806,39.6085,-1.059925,0.05131399,1.834649,-0.08568425
128,0.016687,1,100,0,100.7524,0,8.346497,99.05089,0,0,0.170672,0.03016582,-0.984866,-0.02981144,0.9992318,0.02543967,0.9848768,0.02501844,0.1714401,110.2001,-48.43411,-198.2348,100.5568,4.034841,-0.6282601,100.6397,0.7568349,39.24398,-1.109773,0.02745464,1.818012,-0.08860206
129,0.016768,1,100,0,85.24197,0,0,99.02928,0,0,0.2003354,0.03241042,-0.9791911,-0.0304397,0.999176,0.02684416,0.9792542,0.02442845,0.2011569,111.8858,-48.36724,-198.2275,100.4611,3.891168,2.572679,100.5694,0.4622429,38.334,-1.146927,0.007534276,1.776079,-0.09017193
130,0.016591,1,100,0,69.8953,0,0,98.98954,0,0,0.2287402,0.03462464,-0.9728715,-0.0309506,0.9991208,0.02828179,0.9729954,0.02364178,0.2296108,113.5519,-48.30269,-198.1674,100.3135,3.88837,5.712403,100.5513,0.6364987,37.08249,-1.21706,0.01796418,1.718062,-0.09360706
131,0.016695,1,100,0,54.45243,0,0,99.00816,0,0,0.2561052,0.03686156,-0.965946,-0.03167802,0.9990561,0.02972616,0.96613,0.02298623,0.2570311,115.2254,-48.23779,-198.0547,100.0824,3.88562,8.831528,100.5464,0.7771189,35.4962,-1.277617,0.02654053,1.644549,-0.09640962
132,0.016668,1,100,0,39.03453,0,0,99.05193,0,0,0.2819711,0.03909197,-0.9586263,-0.03258383,0.9989834,0.03115347,0.9588696,0.02245134,0.2829582,116.892,-48.17304,-197.8905,99.77785,3.880558,11.89169,100.5589,0.8862672,33.61485,-1.327769,0.03343487,1.557374,-0.09853692
133,0.016676,1,100,0,30.69653,0,0,99.12593,0,0,0.306242,0.04131751,-0.9510565,-0.03350291,0.9989064,0.03260829,0.9513638,0.02187712,0.3072914,118.5538,-48.10916,-197.6757,99.38278,3.729576,14.86477,100.5575,0.5625986,31.65838,-1.390948,0.01280372,1.467026,-0.1014767
134,0.016701,1,100,0,22.34603,0,0,99.19859,0,0,0.3289064,0.04353619,-0.9433585,-0.03416453,0.9988315,0.03418466,0.9437445,0.02098585,0.3300094,120.2112,-48.04791,-197.4114,98.93718,3.540536,17.75921,100.5808,0.292228,29.63017,-1.439695,-0.004196492,1.373311,-0.1033383
135,0.016664,1,100,0,14.01403,0,0,99.30643,0,0,0.3498547,0.04571749,-0.9356878,-0.0346193,0.9987573,0.03585485,0.9361642,0.01984887,0.3510027,121.8573,-47.99014,-197.0999,98.45531,3.319331,20.55198,100.6322,0.06901805,27.54444,-1.473943,-0.0179491,1.276888,-0.1041952
136,0.016692,1,100,0,5.668028,0,0,99.45002,0,0,0.3691509,0.0478767,-0.9281355,-0.03504172,0.9986791,0.03757833,0.9287086,0.01865139,0.3703409,123.4981,-47.93527,-196.7419,97.97897,3.220725,23.2497,100.7512,0.2446238,25.39718,-1.562056,-0.005926107,1.177299,-0.1085478
137,0.016913,1,100,0,-2.788472,0,0,99.6643,0,0,0.3869652,0.05008113,-0.9207334,-0.03571231,0.998589,0.03930676,0.9214027,0.01767117,0.3882077,125.1525,-47.88129,-196.3339,97.47991,3.130878,25.871,100.9031,0.3962328,23.16534,-1.637707,0.004779471,1.073795,-0.1122557
138,0.016448,1,100,0,-11.01247,0,0,99.9169,0,0,0.4025959,0.05223618,-0.9138862,-0.03657005,0.9984913,0.04096179,0.9146472,0.01692981,0.4038988,126.7532,-47.83022,-195.895,96.99135,3.052644,28.30181,101.0823,0.5188843,20.95377,-1.697602,0.01380339,0.9712362,-0.1151261
139,0.016677,1,100,0,-19.35097,0,0,100.1956,0,0,0.4167517,0.05442614,-0.9073897,-0.03748347,0.998386,0.04266855,0.9082475,0.01622992,0.4181191,128.3679,-47.78067,-195.4101,96.47472,2.805894,30.61965,101.2561,0.2087778,18.6654,-1.748942,-0.00466017,0.8655134,-0.1174912
140,0.016952,1,100,0,-27.82697,0,0,100.4711,0,0,0.4293979,0.05664381,-0.9013374,-0.03818382,0.9982775,0.04454513,0.902308,0.01528892,0.4308211,130.0006,-47.73466,-194.8785,95.96892,2.529024,32.84214,101.4645,-0.05654001,16.29461,-1.785036,-0.02000024,0.7559211,-0.1188447
141,0.016405,1,100,0,-36.02947,0,0,100.7813,0,0,0.439952,0.05876582,-0.8960966,-0.03868158,0.9981707,0.04646853,0.8971882,0.01421851,0.4414204,131.5725,-47.69474,-194.3287,95.50999,2.241282,34.85664,101.6964,-0.2711864,13.97151,-1.804629,-0.03193323,0.6484777,-0.1192011
142,0.016689,1,100,0,-44.37397,0,0,101.1087,0,0,0.4490074,0.06088682,-0.8914512,-0.03904236,0.9980598,0.04850335,0.8926749,0.013026,0.4505134,133.1641,-47.65904,-193.7364,95.08154,1.934366,36.76828,101.9615,-0.4540398,11.57089,-1.809893,-0.04157002,0.5373986,-0.1186852
143,0.016698,1,100,0,-52.72297,0,0,101.4667,0,0,0.4563653,0.0629614,-0.8875623,-0.03928853,0.9979466,0.05059046,0.888925,0.01178329,0.4579019,134.7497,-47.62845,-193.1126,94.70255,1.62718,38.53737,102.2563,-0.5908681,9.138089,-1.805174,-0.04803435,0.4247664,-0.1176172
144,0.016663,1,100,0,-61.05447,0,0,101.849,0,0,0.4620096,0.06497813,-0.8844914,-0.03945229,0.997831,0.05269679,0.8859971,0.01054879,0.463571,136.3259,-47.60305,-192.4615,94.38027,1.318293,40.15574,102.5761,-0.7020394,6.682791,-1.786892,-0.05264329,0.3110496,-0.1157847
145,0.016681,1,100,0,-69.39497,0,0,102.2496,0,0,0.4659596,0.06693576,-0.8822706,-0.03955105,0.9977134,0.05480577,0.8839217,0.009357458,0.4675415,137.8988,-47.58276,-191.7834,94.12055,1.011811,41.62568,102.9194,-0.7913189,4.198869,-1.75581,-0.05563595,0.1959664,-0.1132383
146,0.016695,1,100,0,-77.74248,15.0255,0,102.6664,0,0,0.4681453,0.06882596,-0.8809673,-0.03959953,0.9975948,0.05689438,0.8827641,0.008251058,0.4697448,139.4694,-47.56752,-191.0811,93.9803,0.7139947,42.95799,103.3354,-0.8615581,1.431581,-1.71271,-0.05688834,0.06770372,-0.1099882
147,0.016661,1,100,0,-86.07298,30.0204,0,103.1476,0,0,0.468383,0.07063515,-0.8806975,-0.03961243,0.9974757,0.05893404,0.8826372,0.007282866,0.4699986,141.0351,-47.5572,-190.3587,93.95965,0.4296041,44.15491,103.8184,-0.9156823,-1.588532,-1.658613,-0.0566081,-0.07232246,-0.1061059
148,0.016693,1,100,0,-94.41947,45.0441,0,103.6882,0,0,0.4664991,0.07242028,-0.881552,-0.03971566,0.9973524,0.06091668,0.8836296,0.006593836,0.4681402,142.6044,-47.55093,-189.6158,94.09184,0.2669137,45.21195,104.3909,-0.6802016,-4.856434,-1.754864,-0.03727825,-0.2242119,-0.1119153
149,0.016689,1,100,0,-102.764,60.0642,0,104.3096,0,0,0.4623143,0.07428211,-0.8835994,-0.04014649,0.9972168,0.06282832,0.8858072,0.006426981,0.4640097,144.1761,-47.54705,-188.856,94.34532,0.1637819,46.14223,105.0246,-0.4326054,-8.347681,-1.841327,-0.0166623,-0.3865124,-0.1170759
150,0.016662,1,100,0,-87.35162,75.06,0,104.9833,0,0,0.455828,0.07620201,-0.8867999,-0.0407491,0.9970704,0.06473183,0.8891347,0.006629722,0.4575978,145.7499,-47.54569,-188.083,94.69007,-0.08298882,46.90807,105.6721,-0.67367,-11.37595,-1.90836,-0.02770672,-0.5267138,-0.1209839
151,0.016873,1,100,0,-95.78812,90.2457,0,105.6567,0,0,0.4470496,0.07818883,-0.8910854,-0.04121668,0.9969149,0.06679686,0.893559,0.006866073,0.4488931,147.3503,-47.54847,-187.2879,95.16563,-0.3276318,47.54208,106.3807,-0.8834278,-14.70181,-1.962009,-0.03610973,-0.6807871,-0.1239671
152,0.016504,1,100,0,-104.0401,100,0,106.3752,0,0,0.436121,0.08015521,-0.8963112,-0.04155853,0.9967566,0.06891655,0.8989281,0.007193424,0.4380376,148.9241,-47.55513,-186.5007,95.74069,-0.5564968,48.003,107.1022,-1.05881,-18.08741,-2.00068,-0.04199919,-0.8377042,-0.1259256
153,0.01667,1,100,0,-88.62038,100,0,107.0871,0,0,0.4228062,0.08211736,-0.902492,-0.0418087,0.9965932,0.07109274,0.9052554,0.007673567,0.424799,150.5238,-47.5654,-185.6989,96.40653,-0.7338232,48.28999,107.8271,-1.150128,-20.80104,-1.944554,-0.04325486,-0.9635899,-0.121802
154,0.016777,1,100,0,-97.00887,100,0,107.7804,0,0,0.4073822,0.08399302,-0.9093871,-0.0419804,0.9964315,0.07322648,0.9122924,0.008345267,0.4094546,152.1454,-47.57854,-184.8883,97.16409,-0.8816932,48.36304,108.5386,-1.229578,-23.54846,-1.877454,-0.04354832,-1.091084,-0.1168434
155,0.016605,1,100,0,-105.3114,100,0,108.4372,0,0,0.3900619,0.08576173,-0.9167861,-0.04207342,0.9962732,0.0752966,0.9198269,0.009201994,0.3922165,153.7634,-47.59412,-184.0862,97.99844,-1.051834,48.19192,109.212,-1.345732,-26.27808,-1.885512,-0.04608334,-1.217704,-0.1165526
156,0.016672,1,100,0,-89.88977,100,0,109.0336,0,0,0.3707282,0.08749197,-0.9246113,-0.04208395,0.9961129,0.07738405,0.9277877,0.01022285,0.3729692,155.4023,-47.61244,-183.2849,98.90937,-1.191878,47.79517,109.8584,-1.443981,-28.3653,-1.882587,-0.04831849,-1.314545,-0.1155065
157,0.016695,1,100,0,-98.23727,100,0,109.5808,0,0,0.3496776,0.089162,-0.9326178,-0.04201268,0.9959522,0.0794647,0.935928,0.01139475,0.3520081,157.0591,-47.63293,-182.4904,99.88586,-1.297312,47.16766,110.4702,-1.525039,-30.52057,-1.869016,-0.049251,-1.414591,-0.1136066
158,0.017312,1,100,0,-106.8933,100,0,110.0746,0,0,0.3259899,0.09080419,-0.9410023,-0.04186488,0.9957867,0.08158755,0.944446,0.01279823,0.3284179,158.7944,-47.6558,-181.6789,100.9522,-1.367245,46.27715,111.0621,-1.59341,-32.8253,-1.844543,-0.04902034,-1.521621,-0.1107494
159,0.016108,1,100,0,-91.99337,100,0,110.5246,0,0,0.3023017,0.09222872,-0.9487401,-0.04166568,0.9956356,0.08351137,0.9523016,0.01428427,0.3048251,160.4262,-47.67796,-180.9391,101.9849,-1.391848,45.219,111.5689,-1.644273,-34.38454,-1.812085,-0.04889102,-1.594062,-0.1074037
160,0.016621,1,100,0,-100.3039,91.6895,0,110.8844,0,0,0.2765112,0.09359352,-0.9564423,-0.04128752,0.9954844,0.08547764,0.9601235,0.01585361,0.2791268,162.1271,-47.70217,-180.1952,103.0312,-1.584686,43.8133,111.9712,-2.016897,-35.94501,-1.806629,-0.0692952,-1.666035,-0.1056438
161,0.016694,1,100,0,-84.86192,83.3425,0,111.127,0,0,0.2494223,0.09487975,-0.9637358,-0.04052541,0.9953398,0.08750287,0.9675468,0.01723061,0.252105,163.853,-47.72967,-179.4732,104.0772,-1.770683,42.11949,112.2909,-2.348109,-36.79477,-1.796903,-0.08822104,-1.705056,-0.1038685
162,0.016754,1,100,0,-93.23892,74.9655,0,111.2876,0,0,0.2214004,0.09609394,-0.970437,-0.03940235,0.9952021,0.08955675,0.9743868,0.01840959,0.2241245,165.6262,-47.75975,-178.7789,109.3446,-1.843693,40.06478,116.4681,-2.63833,-37.6554,-1.783354,-0.1045152,-1.74465,-0.101936
163,0.016633,1,100,0,-101.5554,66.649,0,115.4895,0,0,0.1927384,0.09726761,-0.9764175,-0.03809988,0.9950664,0.09160469,0.9805104,0.01954565,0.1954934,167.4734,-47.7902,-178.1244,114.4698,-1.803057,37.90267,120.5952,-2.542681,-38.56301,-1.892926,-0.09604225,-1.787046,-0.1078842
164,0.016677,1,100,0,-86.1292,58.3105,0,119.6133,0,0,0.1632943,0.09849013,-0.981649,-0.0368898,0.9949184,0.09368496,0.9858878,0.02091462,0.1660978,169.4102,-47.81974,-177.5051,119.461,-1.707798,35.59464,124.6629,-2.427688,-38.84353,-1.989642,-0.0873565,-1.80035,-0.113041
165,0.016753,1,100,0,-94.50569,49.934,0,123.6516,0,0,0.1333259,0.09974784,-0.9860399,-0.0357738,0.9947584,0.0957927,0.9904267,0.02250275,0.1361954,171.4388,-47.84747,-176.9226,124.3188,-1.549087,33.10616,128.6607,-2.295728,-39.20204,-2.072977,-0.07741243,-1.817325,-0.1171435
166,0.016498,1,100,0,-102.7547,41.685,0,127.6027,0,0,0.103401,0.100989,-0.9894997,-0.03479043,0.9945908,0.09787306,0.9940314,0.02430494,0.1063552,173.5153,-47.87178,-176.3909,128.9456,-1.320575,30.47088,132.5035,-2.141518,-39.61135,-2.141367,-0.06595223,-1.836717,-0.120097
167,0.016694,1,100,0,-87.31274,33.338,0,131.3846,0,0,0.07286188,0.1022252,-0.9920894,-0.03392227,0.9944118,0.09997318,0.9967652,0.02636969,0.07592242,175.6931,-47.89213,-175.8981,133.4482,-1.014788,27.60161,136.2765,-1.979209,-39.39965,-2.196118,-0.05508561,-1.82727,-0.1222544
168,0.016852,1,100,0,-95.73875,24.912,0,135.0853,0,0,0.04210182,0.1034384,-0.9937444,-0.03316713,0.9942229,0.102083,0.9985628,0.02866177,0.04528935,177.9649,-47.9071,-175.4503,137.5167,-0.6345097,24.49444,139.6825,-1.813374,-39.26936,-2.236556,-0.04387128,-1.821627,-0.123311
169,0.016554,1,100,0,-104.0157,16.635,0,138.4102,0,0,0.0119263,0.1046043,-0.9944425,-0.03242731,0.9940307,0.1041721,0.9994033,0.03100471,0.01524714,180.2608,-47.91669,-175.063,141.0134,-0.4669399,21.18662,142.5969,-1.992528,-39.20398,-2.3555,-0.05462003,-1.818327,-0.1293201
170,0.016696,1,100,0,-88.57195,8.287002,0,141.2378,0,0,-0.01830624,0.1058169,-0.9942172,-0.03144168,0.9938312,0.1063548,0.9993382,0.03320682,-0.01486625,182.6322,-47.92351,-174.729,144.0599,-0.2905132,17.64246,145.1364,-2.141806,-38.51947,-2.463417,-0.06458728,-1.786286,-0.1350897
171,0.01675,1,100,0,-73.07819,0,0,143.6926,0,0,-0.04794018,0.1070816,-0.9930937,-0.03036882,0.9936209,0.1086045,0.9983882,0.0353656,-0.04438242,185.0598,-47.92587,-174.4542,146.6603,0.1609867,13.92121,147.3196,-1.84939,-37.25694,-2.544265,-0.04741885,-1.7282,-0.1395969
172,0.016638,1,100,0,-57.68804,0,0,145.8117,0,0,-0.07629022,0.1083767,-0.9911782,-0.02951125,0.9933944,0.1108905,0.9966488,0.03771077,-0.07258794,187.512,-47.92027,-174.2435,148.8025,0.6880454,10.14645,149.1496,-1.569823,-35.67624,-2.606175,-0.0317216,-1.655295,-0.143081
173,0.016755,1,100,0,-49.31054,0,0,147.5933,0,0,-0.1035304,0.1097536,-0.9885524,-0.02870388,0.9931497,0.1132702,0.9942123,0.0401022,-0.09967083,190.0147,-47.90705,-174.0953,150.4924,0.9936676,6.242581,150.6251,-1.659654,-33.97928,-2.768746,-0.03986721,-1.576192,-0.153174
174,0.016636,1,100,0,-40.99254,0,0,149.039,0,0,-0.1291792,0.1112761,-0.9853579,-0.02769258,0.9928913,0.1157573,0.9912342,0.04224054,-0.1251793,192.5254,-47.88884,-174.013,151.7525,1.298523,2.347148,151.7762,-1.727812,-32.20217,-2.911987,-0.0467828,-1.493391,-0.1623773
175,0.016755,1,100,0,-32.61504,0,0,150.1833,0,0,-0.1535357,0.1129515,-0.9816663,-0.02664207,0.9926112,0.1183777,0.987784,0.04432883,-0.149392,195.0732,-47.86374,-173.9953,152.6461,1.899862,-1.525465,152.6655,-1.325078,-30.32556,-2.999164,-0.02383255,-1.406916,-0.168268
176,0.016887,1,100,0,-24.17154,0,0,151.0935,0,0,-0.1765292,0.1147414,-0.9775847,-0.02587453,0.9922981,0.1211407,0.9839553,0.04667941,-0.1722007,197.6538,-47.82782,-174.0426,153.1478,2.582787,-5.368917,153.2637,-0.954913,-28.35258,-3.064212,-0.003216098,-1.315903,-0.1728264
177,0.016431,1,100,0,-15.95604,0,0,151.7357,0,0,-0.1973381,0.1166117,-0.9733754,-0.02523635,0.9919671,0.1239553,0.980011,0.04902554,-0.1928101,200.1721,-47.78303,-174.1511,153.4708,3.014247,-9.078054,153.7686,-1.000483,-26.36724,-3.238625,-0.009253367,-1.223354,-0.1845289
178,0.016767,1,100,0,-7.572543,0,0,152.3012,0,0,-0.2169425,0.1187396,-0.9689361,-0.02438921,0.9916058,0.1269783,0.97588,0.05117858,-0.2122255,202.7468,-47.73005,-174.3239,153.7258,3.452475,-12.75819,154.2929,-1.035883,-24.27169,-3.39292,-0.01488967,-1.125677,-0.1952893
179,0.01683,1,100,0,0.8424568,0,0,152.9023,0,0,-0.2349259,0.121072,-0.9644436,-0.02352603,0.9912134,0.1301632,0.9717286,0.05326825,-0.2300134,205.3354,-47.66764,-174.5584,153.9523,4.222593,-16.2797,154.8682,-0.5729422,-22.1079,-3.466257,0.01106233,-1.025918,-0.2011679
180,0.016554,1,100,0,9.119456,0,0,153.5693,0,0,-0.2509346,0.1235015,-0.9600934,-0.02299207,0.9907877,0.1334592,0.9677312,0.05556408,-0.2457834,207.8849,-47.59322,-174.8461,154.1263,5.044541,-19.58992,155.4481,-0.1840885,-19.9286,-3.512809,0.03209958,-0.9252843,-0.2054274
181,0.016632,1,100,0,17.43546,0,0,154.248,0,0,-0.2653174,0.1261107,-0.9558781,-0.02256053,0.9903257,0.1369174,0.9638974,0.05789169,-0.2599055,210.449,-47.50614,-175.1898,154.2357,5.619857,-22.80986,156.0145,-0.2355557,-17.68723,-3.679327,0.02477834,-0.820638,-0.2175468
182,0.016687,1,100,0,25.77896,0,15.0183,154.9211,0,0,-0.2779047,0.1289991,-0.9519078,-0.02190363,0.9898338,0.1405333,0.9603592,0.05990511,-0.2722539,213.0238,-47.40931,-175.5872,154.4167,6.171929,-25.83391,156.6844,-0.2830434,-15.00384,-3.818004,0.0165784,-0.695352,-0.2286183
183,0.016756,1,100,0,34.15696,0,30.0987,155.6987,0,0,-0.2883911,0.1321611,-0.948348,-0.02119202,0.989305,0.1443133,0.957278,0.06171607,-0.282506,215.6129,-47.30085,-176.0356,154.711,7.077718,-28.61242,157.4936,0.1761124,-11.90477,-3.860127,0.03951092,-0.5518705,-0.2342648
184,0.016637,1,100,0,42.47546,0,45.072,156.6214,0,0,-0.2964039,0.1355197,-0.9453989,-0.02075247,0.9887339,0.148238,0.9548371,0.06355768,-0.2902522,218.1798,-47.17817,-176.5256,153.429,7.967374,-31.12643,156.7571,0.5426959,-8.458652,-3.874314,0.05538658,-0.3919384,-0.2386927
185,0.016748,1,100,0,50.84946,0,60.1452,156.0406,0,0,-0.3018073,0.1391294,-0.9431624,-0.02048267,0.9881196,0.1523155,0.9531488,0.06528841,-0.2953719,220.7431,-47.03977,-177.0594,152.3009,8.858977,-33.37761,156.1669,0.8281978,-4.654382,-3.861521,0.06482242,-0.2150296,-0.2420277
186,0.016633,1,100,0,59.16595,0,75.1149,155.6026,0,0,-0.3042901,0.1430025,-0.9417843,-0.02016512,0.987479,0.1564562,0.9523659,0.06659927,-0.2975964,223.2709,-46.88956,-177.6259,151.3203,9.376641,-35.40913,155.6906,0.6759979,-0.5776737,-3.969604,0.04521276,-0.02405123,-0.2535866
187,0.016682,1,100,0,67.50696,0,90.1287,155.2744,0,0,-0.3036819,0.1472582,-0.9413249,-0.01965138,0.9868057,0.1607129,0.952571,0.06730391,-0.2967812,225.7909,-46.72838,-178.226,150.5443,10.23492,-37.10403,155.3868,1.039309,3.786108,-3.976029,0.05712612,0.1790631,-0.2592137
188,0.016688,1,100,0,75.85096,0,100,155.1048,0,0,-0.2998098,0.1518284,-0.9418398,-0.0192806,0.9860885,0.1650989,0.9538041,0.06765752,-0.2927117,228.2997,-46.55301,-178.853,149.9223,11.05835,-38.50615,155.1828,1.320912,8.27232,-3.954693,0.06280197,0.3882243,-0.2632519
189,0.016679,1,100,0,84.19046,0,100,155.0159,0,0,-0.2926359,0.1566831,-0.9432999,-0.01898773,0.9853376,0.1695561,0.9560354,0.06752932,-0.2853702,230.7974,-46.36433,-179.5012,149.4124,11.82036,-39.58538,155.0186,1.53759,12.61205,-3.906315,0.06395639,0.5908302,-0.265319
190,0.017077,1,100,0,92.72896,0,100,154.9382,0,0,-0.2819544,0.1619539,-0.9456599,-0.01857671,0.9845436,0.1741519,0.9592479,0.06667013,-0.2745878,233.3465,-46.16017,-180.1819,148.9828,12.22519,-40.40642,154.8483,1.321498,16.9273,-3.972359,0.03679777,0.7938075,-0.2743603
191,0.016261,1,100,0,100.8595,0,100,154.8216,0,0,-0.2686632,0.1672734,-0.9485988,-0.01796708,0.9837644,0.1785631,0.9630666,0.06501689,-0.2612959,235.7677,-45.95773,-180.8409,148.7243,12.89744,-40.75032,154.7444,1.641007,20.90158,-3.941281,0.04389421,0.9793329,-0.276469
192,0.016699,1,100,0,85.41289,0,100,154.7178,0,0,-0.2521274,0.1729118,-0.9521203,-0.0175124,0.9829299,0.1831445,0.9675353,0.06284966,-0.2447955,238.2504,-45.73906,-181.5213,148.5721,13.48897,-40.72842,154.6429,1.909038,24.2137,-3.883549,0.04883139,1.134093,-0.2756723
193,0.016801,1,100,0,93.81339,0,100,154.5667,0,0,-0.2328912,0.1786739,-0.9559485,-0.01721016,0.9820665,0.1877484,0.9723507,0.06017698,-0.2256397,240.7463,-45.50975,-182.2032,148.5252,13.96563,-40.31229,154.5311,2.12983,27.50008,-3.79978,0.0501234,1.287901,-0.2726707
194,0.016515,1,100,0,102.0709,0,100,154.3551,0,0,-0.2114445,0.1843757,-0.9598421,-0.01722357,0.9811907,0.1922707,0.9772382,0.05718649,-0.2042917,243.1996,-45.27538,-182.8644,148.5934,14.6413,-39.46439,154.4403,2.885152,30.68085,-3.723387,0.0850697,1.435194,-0.26965
195,0.016723,1,100,0,86.60211,0,100,154.1107,0,0,-0.1873645,0.1901564,-0.9637091,-0.01771837,0.9802697,0.1968689,0.9821307,0.0539616,-0.1802985,245.6852,-45.02886,-183.5177,148.7079,14.93979,-38.27243,154.279,3.007678,33.19675,-3.660697,0.08135014,1.553446,-0.2662788
196,0.016559,1,100,0,94.88161,0,100,153.7572,0,0,-0.16148,0.195827,-0.9672518,-0.0182667,0.9793539,0.2013267,0.986707,0.05017873,-0.1545689,248.1485,-44.7806,-184.1429,148.8684,15.09451,-36.71365,154.0699,3.103511,35.70216,-3.575797,0.07553276,1.671388,-0.2608317
197,0.016705,1,100,0,103.2341,0,100,153.3217,0,0,-0.1332922,0.2014281,-0.9703916,-0.0188586,0.9784359,0.2056883,0.9908974,0.04571687,-0.1266192,250.6365,-44.52835,-184.7455,149.0528,15.10722,-34.77712,153.7999,3.189124,38.24568,-3.468961,0.06848468,1.791258,-0.253214
198,0.016629,1,100,0,87.85229,0,100,152.7901,0,0,-0.1033245,0.2068206,-0.9729076,-0.01965495,0.9775274,0.2098901,0.9944534,0.04080924,-0.09693747,253.1163,-44.27588,-185.3109,149.2572,15.32987,-32.43349,153.5078,3.752801,40.12458,-3.385008,0.09377667,1.878264,-0.2459412
199,0.016704,1,100,0,96.20429,0,100,152.1989,0,0,-0.07164937,0.2120207,-0.9746352,-0.0208293,0.9766155,0.2139828,0.9972126,0.0356327,-0.06555764,255.6104,-44.02064,-185.838,149.4147,15.17502,-29.79432,153.1102,3.781933,42.07937,-3.303668,0.08471014,1.970853,-0.238269
200,0.016635,1,100,0,104.5218,0,100,151.4922,0,0,-0.03848365,0.2169367,-0.9754267,-0.02198945,0.9757296,0.2178716,0.9990171,0.02983359,-0.03277931,258.0966,-43.76984,-186.3174,149.5183,14.87451,-26.85167,152.6368,3.81182,44.08272,-3.20479,0.0753812,2.065799,-0.2286599
201,0.016833,1,100,0,88.95126,0,100,150.6953,0,0,-0.003442273,0.2215678,-0.975139,-0.02316269,0.9748654,0.2215874,0.9997259,0.02334961,0.001776355,260.6138,-43.52193,-186.7511,149.5436,14.42774,-23.57677,152.0767,3.850926,45.48619,-3.0885,0.06883842,2.132485,-0.2167283
202,0.01657,1,100,0,97.23627,0,100,149.7977,0,0,0.03217069,0.2257328,-0.973658,-0.02447196,0.9740481,0.2250147,0.9991829,0.01658844,0.03685993,263.0916,-43.28416,-187.1221,149.4866,14.18859,-20.01266,151.4862,4.276328,46.96508,-3.01187,0.08658332,2.201275,-0.2068383
203,0.01664,1,100,0,105.5563,0,100,148.8622,0,0,0.06905953,0.2295173,-0.9708515,-0.02617006,0.9732569,0.2282244,0.9972694,0.009646175,0.07321914,265.5782,-43.04995,-187.4339,149.3056,13.84284,-16.18264,150.8167,4.621136,48.54317,-2.923247,0.09893993,2.275089,-0.1956667
204,0.016954,1,100,0,89.87382,0,100,147.8466,0,0,0.1076384,0.2329183,-0.9665211,-0.02820281,0.9724935,0.2312167,0.9937901,0.002370821,0.1112466,268.1078,-42.81789,-187.685,148.9708,13.37165,-12.05224,150.0545,4.887402,49.5524,-2.823288,0.1087581,2.322366,-0.1830491
205,0.016379,1,100,0,98.06332,0,100,146.7367,0,0,0.1455506,0.2357426,-0.9608539,-0.03026729,0.9718028,0.233844,0.9888875,-0.004953688,0.1485817,270.5453,-42.60298,-187.8598,148.4723,12.61562,-7.924681,149.2179,4.723701,50.65174,-2.769373,0.09146011,2.375625,-0.1730714
206,0.016683,1,100,0,106.4048,0,100,145.5824,0,0,0.1848529,0.2381364,-0.953478,-0.03217089,0.9711444,0.2363117,0.9822392,-0.01300867,0.1871799,273.0187,-42.39745,-187.9678,147.7859,11.72285,-3.559104,148.2928,4.590377,51.89314,-2.703829,0.07579478,2.435504,-0.1613766
207,0.016668,1,100,0,90.98692,0,100,144.3424,0,0,0.2246439,0.2399875,-0.9444264,-0.03404377,0.9705394,0.2385253,0.9738461,-0.02143141,0.2261958,275.4774,-42.20613,-188.0018,146.9256,10.98419,1.011836,147.3391,4.902383,52.57568,-2.640666,0.09095563,2.467096,-0.149321
208,0.016637,1,100,0,99.30541,0,100,143.0764,0,0,0.264535,0.2412813,-0.9337048,-0.03616972,0.9699969,0.2404121,0.9636977,-0.02982559,0.2653252,277.9161,-42.02792,-187.959,145.861,10.16227,5.692161,146.3253,5.130625,53.41061,-2.572452,0.1006759,2.506217,-0.13668
209,0.016682,1,100,0,107.6464,0,91.659,141.7731,0,0,0.3046909,0.2420007,-0.9211945,-0.03845611,0.96952,0.2419763,0.9516749,-0.03830243,0.3047103,280.3421,-41.86356,-187.8369,144.5057,9.230274,10.57212,145.1856,5.291698,54.19184,-2.500486,0.1069016,2.543046,-0.1235086
210,0.016681,1,100,0,92.21649,0,83.3185,140.3903,0,0,0.3447145,0.2421418,-0.9069395,-0.04073223,0.9691061,0.2432578,0.9378235,-0.04691282,0.3439279,282.7437,-41.71633,-187.6329,142.8424,8.01613,15.53341,143.908,5.074082,54.25856,-2.456299,0.09277336,2.547551,-0.1124033
211,0.016683,1,100,0,100.558,0,74.977,138.9273,0,0,0.3841948,0.2417234,-0.8910466,-0.04278469,0.968742,0.244353,0.9222601,-0.05575599,0.3825277,285.1161,-41.58989,-187.3456,140.8799,6.702236,20.58821,142.534,4.883117,54.33893,-2.407031,0.08081008,2.552556,-0.1007268
212,0.016683,1,100,0,85.12622,0,66.6355,137.4298,0,0,0.4228753,0.2407804,-0.8736139,-0.04503846,0.9684469,0.2451167,0.9050679,-0.06430756,0.4203766,287.4544,-41.482,-186.9727,138.664,5.995737,25.87746,141.1853,5.902927,53.7682,-2.451283,0.1483982,2.521502,-0.0956982
213,0.016684,1,100,0,93.46822,0,58.2935,135.993,0,0,0.4603561,0.2394664,-0.8548264,-0.0482064,0.968253,0.2452802,0.8864245,-0.07170814,0.457285,289.7542,-41.38588,-186.5114,136.1572,5.29305,31.18386,139.7828,6.611628,53.27352,-2.496042,0.1963862,2.495256,-0.09188935
214,0.016688,1,100,0,101.8122,0,49.9495,134.5734,0,0,0.4966762,0.2378417,-0.834712,-0.05187664,0.9681364,0.2449915,0.8663842,-0.07837941,0.4931888,292.0111,-41.30213,-185.9618,133.3694,4.468633,36.41349,138.3232,6.726166,52.85316,-2.549783,0.2068602,2.474898,-0.08952262
215,0.016909,1,100,0,86.1714,0,41.495,133.1576,0,0,0.5321648,0.2359305,-0.8131036,-0.05568416,0.968062,0.2444488,0.8448077,-0.08481008,0.5283061,294.2492,-41.23157,-185.3166,130.2847,3.582641,41.6188,136.8176,6.690907,51.81628,-2.603452,0.2106358,2.425874,-0.08842045
216,0.016447,1,100,0,94.39491,0,33.2715,131.7491,0,0,0.5651379,0.2339128,-0.7911409,-0.05969997,0.9680438,0.2435712,0.8228334,-0.09042025,0.5610428,296.3747,-41.17497,-184.6042,127.088,3.159464,46.68815,135.4294,7.619185,50.93188,-2.76409,0.2746094,2.379962,-0.09453284
217,0.016683,1,100,0,78.96313,0,24.93,130.4806,0,0,0.5969288,0.2318653,-0.768059,-0.06456139,0.9681059,0.2420799,0.7996923,-0.09491748,0.5928598,298.4754,-41.12448,-183.7978,123.5455,2.761223,51.62393,133.9259,8.119965,49.48831,-2.92398,0.3138078,2.309195,-0.1028111
218,0.016793,1,100,0,63.42961,0,16.5335,129.142,0,0,0.6269447,0.22992,-0.7443637,-0.06991053,0.9682082,0.2401787,0.775921,-0.09853992,0.6230868,300.5296,-41.08047,-182.9039,119.8337,2.34141,56.42166,132.4726,8.248732,47.53169,-3.080324,0.3313659,2.215567,-0.1128484
219,0.016541,1,100,0,48.12918,0,8.263004,127.9063,0,0,0.6543376,0.2282128,-0.7209448,-0.07534719,0.9683068,0.2381285,0.7524397,-0.1014953,0.6507947,302.4912,-41.04449,-181.9456,116.0735,1.84522,60.93119,131.1071,8.013107,45.16433,-3.227686,0.3271979,2.103928,-0.1239699
220,0.016679,1,100,0,39.78968,0,0,126.8047,0,0,0.6796607,0.2267699,-0.6975937,-0.08078491,0.968369,0.2360838,0.7290648,-0.1041019,0.676482,304.406,-41.01685,-180.9053,112.216,1.282252,65.24773,129.8127,7.609629,42.56652,-3.369565,0.3129799,1.982058,-0.1357402
221,0.016685,1,100,0,31.44719,0,0,125.8181,0,0,0.7027001,0.2256668,-0.6747497,-0.086209,0.9683849,0.2340916,0.7062441,-0.1063267,0.6999387,306.2573,-40.99735,-179.7939,108.4093,0.9418061,69.31525,128.6781,7.519917,39.95242,-3.569576,0.3182474,1.858112,-0.151637
222,0.016677,1,100,0,23.10868,0,0,124.9797,0,0,0.723529,0.2249775,-0.6526033,-0.09176257,0.9683554,0.232094,0.6841679,-0.1080422,0.7212777,308.0447,-40.98376,-178.6169,104.6762,0.561125,73.07059,127.6587,7.225164,37.32649,-3.757145,0.310223,1.734448,-0.1673957
223,0.016683,1,100,0,14.76719,0,0,124.2597,0,0,0.7422794,0.224716,-0.6312878,-0.09734096,0.9682603,0.230211,0.6629831,-0.1094307,0.7405937,309.7709,-40.97662,-177.3785,101.0368,0.1623926,76.53777,126.7536,6.871768,34.68745,-3.93264,0.2982121,1.610442,-0.1827979
224,0.016684,1,100,0,6.425185,0,0,123.6513,0,0,0.7590545,0.2248888,-0.6109514,-0.102902,0.9680898,0.2285032,0.6428437,-0.1105782,0.7579744,311.4371,-40.97643,-176.0838,97.5132,-0.2923692,79.7179,125.9518,6.431865,32.03747,-4.092103,0.2805018,1.486308,-0.1975047
225,0.016679,1,100,0,-1.914315,0,0,123.1422,0,0,0.7739582,0.2254929,-0.5917277,-0.1084018,0.9678353,0.2270327,0.6238892,-0.1115695,0.7735079,313.0448,-40.98415,-174.7379,94.12489,-0.8034042,82.62466,125.2477,5.955967,29.37863,-4.23346,0.260341,1.361948,-0.2112796
226,0.016686,1,100,0,-10.25732,0,0,122.724,0,0,0.7870991,0.2265434,-0.5737188,-0.1139122,0.967501,0.2257566,0.6062172,-0.1123393,0.7873252,314.5974,-40.99948,-173.3441,90.88237,-1.151711,85.3343,124.6711,5.769817,26.7093,-4.420221,0.2583466,1.235879,-0.2280459
227,0.016679,1,100,0,-18.59682,0,0,122.4097,0,0,0.7985511,0.2280786,-0.5570425,-0.1195675,0.9670954,0.2245664,0.589932,-0.1127236,0.7995458,316.0962,-41.02088,-171.907,87.8009,-1.54691,87.80289,124.1803,5.496794,24.0336,-4.583177,0.2507771,1.10988,-0.2435853
228,0.016681,1,100,0,-26.93732,15.0129,0,122.1734,0,0,0.8083704,0.2300985,-0.5418414,-0.1253219,0.9666106,0.223514,0.5751799,-0.1127775,0.8102157,317.5453,-41.04907,-170.4298,84.98662,-1.977267,90.0546,123.8405,5.176761,21.04482,-4.720607,0.2414379,0.9692386,-0.2582901
229,0.016859,1,100,0,-35.36682,30.186,0,122.0692,0,0,0.816592,0.2326497,-0.5282535,-0.1312224,0.9660367,0.2226072,0.5621018,-0.1124606,0.8193867,318.9636,-41.08504,-168.8998,82.40183,-2.447213,92.14146,123.637,4.832556,17.72931,-4.831944,0.2319204,0.8131941,-0.2721016
230,0.016508,1,100,0,-43.62082,45.0432,0,122.0929,0,0,0.8229467,0.2356568,-0.5169376,-0.1370775,0.9653925,0.2218718,0.5513332,-0.1117282,0.8267698,320.3113,-41.12813,-167.3684,80.1204,-2.937697,94.02184,123.5638,4.491311,14.23213,-4.912063,0.2235075,0.6485038,-0.2843431
231,0.016674,1,100,0,-51.95782,60.0498,0,122.2357,0,0,0.8276445,0.2392039,-0.5077264,-0.143085,0.964666,0.2212381,0.5427074,-0.1104585,0.832627,321.6358,-41.17972,-165.7908,78.05981,-3.408177,95.79581,123.6195,4.248983,10.45499,-4.960065,0.2227507,0.4700813,-0.2950388
232,0.016768,1,100,0,-60.34182,75.141,0,122.5023,0,0,0.8305882,0.2432846,-0.5009351,-0.1492913,0.9638758,0.2205804,0.536503,-0.1084262,0.836904,322.9345,-41.23885,-164.175,76.23014,-3.764476,97.49099,123.8132,4.194654,6.428692,-4.987586,0.235282,0.2789492,-0.3047393
233,0.016613,1,100,0,-68.64832,90.0927,0,122.8965,0,0,0.8316973,0.2478274,-0.4968514,-0.1556548,0.9630456,0.219807,0.5329648,-0.1054756,0.839538,324.1923,-41.30334,-162.5467,74.66965,-4.117333,99.052,124.1121,4.064914,2.23759,-4.982169,0.2442977,0.08019585,-0.3124437
234,0.016668,1,100,0,-76.98232,100,0,123.3885,0,0,0.8309729,0.2528479,-0.4955321,-0.162196,0.9621596,0.2189557,0.5321435,-0.1015729,0.8405395,325.4295,-41.3739,-160.8877,73.3414,-4.465343,100.4944,124.4911,3.872765,-2.056652,-4.943635,0.2504939,-0.1233141,-0.3177995
235,0.016689,1,100,0,-85.32681,100,0,123.9512,0,0,0.8284073,0.2582725,-0.4970279,-0.1688422,0.9612174,0.2180681,0.5340729,-0.09672996,0.8398868,326.6473,-41.45028,-159.2034,72.22905,-4.798039,101.7865,124.9021,3.627845,-6.234884,-4.871536,0.2536393,-0.3211991,-0.3201747
236,0.016683,1,100,0,-93.66831,100,0,124.5288,0,0,0.8240392,0.2639996,-0.5012623,-0.1755169,0.9602218,0.2171823,0.538659,-0.09098671,0.8375968,327.8475,-41.53202,-157.499,71.35637,-5.102376,102.9177,125.3388,3.338405,-10.29965,-4.766098,0.2543096,-0.5136206,-0.3194109
237,0.016685,1,100,0,-102.0108,100,0,125.1045,0,0,0.8178717,0.269943,-0.5081503,-0.1822056,0.9591788,0.21628,0.5457903,-0.08430148,0.8336703,329.0345,-41.61804,-155.7763,70.73331,-5.261414,103.9104,125.8104,3.188716,-14.26259,-4.667618,0.2641326,-0.7020389,-0.3178575
238,0.016689,1,100,0,-86.57349,100,0,125.6761,0,0,0.8099779,0.2759997,-0.5174553,-0.1889165,0.958097,0.2153158,0.5551994,-0.07664518,0.8281783,330.213,-41.70642,-154.0376,70.37365,-5.362971,104.7272,126.2893,2.958807,-17.46501,-4.535524,0.2661798,-0.8539454,-0.3119841
239,0.016687,1,100,0,-94.91698,100,0,126.2153,0,0,0.8005263,0.2820189,-0.5287941,-0.1955391,0.9569818,0.214361,0.5665001,-0.06820168,0.8212348,331.3868,-41.79613,-152.2865,70.28198,-5.39959,105.3587,126.7642,2.665268,-20.63521,-4.371223,0.2647434,-1.004157,-0.30291
240,0.016874,1,100,0,-103.354,100,0,126.7072,0,0,0.7893223,0.2879609,-0.5422629,-0.2021438,0.9558367,0.213341,0.5797486,-0.05877969,0.8126727,332.5736,-41.88627,-150.5058,70.44145,-5.223201,105.8522,127.2555,2.648545,-23.81447,-4.180597,0.2813216,-1.156314,-0.2907514
241,0.016489,1,100,0,-88.10166,100,0,127.1685,0,0,0.776792,0.2935023,-0.5571809,-0.2085491,0.9547218,0.2121641,0.5942234,-0.04860782,0.80283,333.7374,-41.97094,-148.7589,70.8493,-4.953948,106.1385,127.7088,2.498324,-26.23662,-3.964822,0.2862153,-1.27175,-0.2750289
242,0.016679,1,100,0,-96.44116,100,0,127.5523,0,0,0.7626808,0.2987011,-0.5736688,-0.2148205,0.9536045,0.2109288,0.6100578,-0.03763548,0.7914629,334.9227,-42.05182,-146.9881,71.50594,-4.637114,106.2102,128.1218,2.129981,-28.71731,-3.704059,0.2780611,-1.389027,-0.2552661
243,0.016822,1,100,0,-104.8522,100,0,127.8587,0,0,0.7469056,0.3034202,-0.5916659,-0.2207947,0.9525018,0.209739,0.6272019,-0.02601857,0.7784225,336.1306,-42.12759,-145.2022,72.4013,-4.23307,106.0659,128.4906,1.69323,-31.2466,-3.418467,0.266078,-1.508427,-0.2326355
244,0.01655,1,100,0,-89.5434,100,0,128.0844,0,0,0.7298866,0.3074434,-0.6105276,-0.2263343,0.9514628,0.2085452,0.6450102,-0.01403099,0.7640449,337.3348,-42.19417,-143.4485,73.47794,-3.59844,105.7573,128.8277,1.605099,-33.09846,-3.108086,0.2723444,-1.597262,-0.2069637
245,0.016688,1,100,0,-97.88741,100,0,128.2478,0,0,0.7113568,0.3107691,-0.630392,-0.2316539,0.9504844,0.2071609,0.6635569,-0.001332536,0.7481244,338.5681,-42.25008,-141.6865,74.75182,-2.848338,105.2254,129.1059,1.377885,-35.04189,-2.778333,0.2702355,-1.689886,-0.1788722
246,0.016678,1,100,0,-106.2264,100,0,128.3276,0,0,0.6913731,0.3132731,-0.6510478,-0.2366057,0.9495891,0.2056653,0.6826572,0.01185021,0.7306426,339.8228,-42.2929,-139.9357,76.19532,-2.001767,104.4654,129.3165,1.035028,-37.05161,-2.436028,0.2609536,-1.785192,-0.1487883
247,0.016684,1,100,0,-90.7937,100,0,128.3185,0,0,0.6699439,0.3148854,-0.672326,-0.2411456,0.9487894,0.2040765,0.7021565,0.02540864,0.711569,341.1029,-42.32071,-138.1981,77.78249,-0.9916515,103.4926,129.4674,0.7841927,-38.45716,-2.099927,0.2537568,-1.852038,-0.1181855
248,0.016683,1,100,0,-99.1352,100,0,128.2324,0,0,0.6472297,0.3155548,-0.6939157,-0.2452675,0.9480969,0.2023764,0.7217602,0.03921092,0.6910318,342.4101,-42.33119,-136.4782,79.49802,0.1027522,102.2824,129.544,0.4267243,-39.9736,-1.757951,0.2399203,-1.923713,-0.08627078
249,0.016683,1,100,0,-107.4767,100,0,128.0629,0,0,0.6231337,0.3152222,-0.7157789,-0.2489001,0.947528,0.200598,0.7414535,0.05315807,0.6688954,343.7466,-42.32304,-134.7798,81.32107,1.262711,100.8324,129.5449,-0.009147165,-41.59108,-1.414428,0.221036,-1.99988,-0.05329069
250,0.016678,1,100,0,-92.04955,100,0,127.8092,0,0,0.5977159,0.313822,-0.7377341,-0.2518695,0.9471171,0.1988246,0.7611161,0.06697208,0.6451492,345.1135,-42.29608,-133.1076,83.23909,2.328083,99.10767,129.4469,-0.8438124,-42.63407,-0.9929643,0.1733847,-2.046385,-0.01510334
251,0.016684,1,100,0,-100.3916,100,0,127.4498,0,0,0.571161,0.3113082,-0.7595145,-0.2539297,0.9469143,0.1971621,0.7805734,0.08025195,0.6198909,346.5135,-42.25127,-131.4649,85.23567,3.403371,97.13257,129.2727,-1.606876,-43.81636,-0.5835322,0.1300011,-2.09995,0.02266232
252,0.016678,1,100,0,-84.96441,100,0,127.0174,0,0,0.5435138,0.3076997,-0.7809696,-0.2551461,0.946928,0.1955186,0.799683,0.09299431,0.5931768,347.9465,-42.18829,-129.8571,87.27939,4.522729,94.92665,129.0318,-2.242285,-44.45908,-0.1934433,0.09078764,-2.128154,0.05847865
253,0.01668,1,100,0,-93.30441,100,0,126.5247,0,0,0.5149307,0.3030224,-0.8018876,-0.2556702,0.9471527,0.1937378,0.8182169,0.1052572,0.5651919,349.4136,-42.10523,-128.2867,89.30369,5.893785,92.56543,128.7565,-2.513259,-45.27325,0.2413186,0.07421984,-2.166522,0.09720957
254,0.016906,1,100,0,-101.7574,91.547,0,126.0074,0,0,0.4849288,0.2971528,-0.8225231,-0.2556981,0.9475834,0.1915833,0.8363388,0.1174133,0.5354919,350.9352,-41.99755,-126.7369,91.37516,7.317583,89.84917,128.3582,-2.811467,-46.08131,0.658394,0.05481492,-2.204367,0.1350703
255,0.01646,1,100,0,-86.53191,83.317,0,125.3933,0,0,0.454871,0.2903922,-0.8418818,-0.2552328,0.9481955,0.1891603,0.8531992,0.1288323,0.5054243,352.4503,-41.86943,-125.274,93.38658,8.713329,86.90436,127.8645,-3.10318,-46.20274,1.037758,0.03155786,-2.209088,0.1687694
256,0.016688,1,100,0,-94.87592,74.973,0,124.7235,0,0,0.4238547,0.2825946,-0.860516,-0.2542061,0.949009,0.1864444,0.8693256,0.1397231,0.4740792,354.5424,-41.46165,-124.7333,96.47812,14.24669,55.82866,127.2392,-2.933142,-29.80273,2.942699,-0.04361878,-1.425434,0.2600501
257,0.016959,1,100,0,-103.3554,66.4935,0,112.3287,0,0,0.4035076,0.2747368,-0.8727552,-0.251684,0.950387,0.1828117,0.8796803,0.1458926,0.4526352,356.1815,-41.2182,-123.7861,97.00127,14.57462,55.87622,112.8885,-2.980826,-31.33306,3.30359,-0.04375727,-1.498889,0.2899939
258,0.016577,1,100,0,-88.02169,58.205,0,112.748,0,0,0.3825772,0.2663036,-0.8847131,-0.2490977,0.9518325,0.1787894,0.8897109,0.1519793,0.430485,357.7932,-40.97432,-122.8618,97.64785,14.98551,55.5154,113.3209,-3.033158,-32.12445,3.612898,-0.0482189,-1.536636,0.3150336
259,0.01668,1,100,0,-96.36169,49.865,0,113.0544,0,0,0.3607861,0.257176,-0.8964897,-0.246381,0.953364,0.1743373,0.8995165,0.1579795,0.4073238,359.4261,-40.72168,-121.9399,98.40218,15.46752,54.77092,113.6754,-3.074653,-32.93468,3.879762,-0.05249838,-1.575157,0.3375173
260,0.016668,1,100,0,-104.6957,41.531,0,113.2674,0,0,0.3382522,0.2474479,-0.9079402,-0.2435918,0.9549503,0.16951,0.9089827,0.1638296,0.3832903,361.0709,-40.46091,-121.0331,99.23135,15.99826,53.67014,113.9442,-3.100944,-33.75595,4.100582,-0.05633043,-1.614086,0.3571604
261,0.016687,1,100,0,-89.26022,33.1875,0,113.3918,0,0,0.3150697,0.2371787,-0.9189546,-0.2407698,0.9565687,0.1643373,0.9180205,0.1694788,0.3584913,362.7317,-40.19067,-120.1453,100.1077,16.58497,52.24294,114.1312,-3.066604,-33.92186,4.279637,-0.05953475,-1.621748,0.3722514
262,0.016708,1,100,0,-97.61421,24.8335,0,113.4403,0,0,0.2915269,0.2264877,-0.9293629,-0.237964,0.9581932,0.158868,0.9264908,0.1748407,0.3332351,364.4094,-39.91017,-119.282,101.0081,17.19191,50.51011,114.2342,-3.012191,-34.1534,4.412013,-0.06147496,-1.632481,0.3844126
263,0.01669,1,100,0,-105.9592,16.4885,0,113.4206,0,0,0.2676335,0.2154433,-0.9391255,-0.2352274,0.9597987,0.1531504,0.9343667,0.1799199,0.3075525,366.1003,-39.61982,-118.4501,101.9068,17.80213,48.50807,114.2583,-2.937496,-34.44476,4.497308,-0.06215604,-1.645998,0.3936239
264,0.016625,1,100,0,-90.58109,8.176001,0,113.3401,0,0,0.2435801,0.2041658,-0.9481484,-0.2326,0.9613602,0.1472556,0.9415767,0.1846707,0.2816572,367.7992,-39.32055,-117.656,102.7526,18.39593,46.26464,114.1794,-2.843125,-34.12845,4.535921,-0.06391364,-1.630478,0.3977922
265,0.016795,1,100,0,-75.04571,0,0,113.1775,0,0,0.2194797,0.1926672,-0.9564039,-0.2299478,0.9629044,0.1412073,0.9481315,0.1889308,0.2556414,369.5298,-39.00954,-116.893,103.6146,18.75541,43.75928,114.0291,-3.049041,-33.24756,4.549663,-0.08655895,-1.58701,0.398416
266,0.016507,1,100,0,-59.77673,0,0,112.9704,0,0,0.19637,0.181424,-0.9635996,-0.227159,0.9644153,0.1352853,0.9538541,0.1923244,0.2305944,371.2448,-38.69827,-116.1847,104.4319,19.05561,41.18922,113.867,-3.175817,-32.03594,4.514169,-0.1047163,-1.528034,0.3941629
267,0.016703,1,100,0,-51.42523,0,0,112.7757,0,0,0.1737815,0.1702466,-0.9699567,-0.2242293,0.9659122,0.1293629,0.9589166,0.1950119,0.206032,372.9936,-38.37852,-115.5115,105.2185,19.31245,38.51586,113.6986,-3.236144,-30.682,4.433171,-0.1185584,-1.462466,0.3859864
268,0.016809,1,100,0,-43.02073,0,0,112.5974,0,0,0.1519729,0.1592523,-0.9754706,-0.2212855,0.9673634,0.1234537,0.9632948,0.1970959,0.1822533,374.7663,-38.05188,-114.8791,105.949,19.66786,35.83804,113.5623,-3.08208,-29.20062,4.45959,-0.1185708,-1.39195,0.3836346
269,0.016575,1,100,0,-34.73323,0,0,112.4682,0,0,0.1314899,0.1486493,-0.9801091,-0.2185282,0.9687181,0.1176043,0.9669312,0.1987177,0.1598607,376.5262,-37.72408,-114.2997,106.6166,19.98832,33.1818,113.4357,-2.900444,-27.63759,4.441133,-0.1162573,-1.317611,0.3778163
270,0.016689,1,100,0,-26.38873,0,0,112.3674,0,0,0.1119771,0.1382969,-0.9840402,-0.2159339,0.9699919,0.1117507,0.9699658,0.1999741,0.1384798,378.309,-37.38884,-113.7607,107.2346,20.28151,30.51722,113.3221,-2.692245,-25.9661,4.380424,-0.1117973,-1.238164,0.3686805
271,0.016749,1,100,0,-18.01423,0,0,112.2957,0,0,0.09359936,0.1283124,-0.987307,-0.2135425,0.9711694,0.1059707,0.9724397,0.2009132,0.118301,380.1083,-37.04762,-113.2642,107.8011,20.54795,27.87677,113.2273,-2.462148,-24.19888,4.279306,-0.1053789,-1.15421,0.3564383
272,0.016677,1,100,0,-9.675733,0,0,112.2563,0,0,0.07657513,0.1188766,-0.9899518,-0.2113077,0.9722489,0.1004056,0.9744154,0.2014959,0.09956963,381.909,-36.70454,-112.8138,108.322,20.61549,25.2641,113.1235,-2.474539,-22.36007,4.053994,-0.1137145,-1.066029,0.33599
273,0.016633,1,100,0,-1.359233,0,0,112.2201,0,0,0.06092259,0.1100971,-0.9920521,-0.2090725,0.9732581,0.09517208,0.9760009,0.2016127,0.08231168,383.7134,-36.3615,-112.4076,108.7993,20.63637,22.7337,113.0485,-2.453771,-20.45246,3.79542,-0.1192411,-0.9746699,0.3129752
274,0.016685,1,100,0,6.983267,0,0,112.22,0,0,0.04660948,0.1019838,-0.9936937,-0.2068517,0.9741983,0.09028053,0.9772618,0.2013393,0.06650239,385.5312,-36.01727,-112.0419,109.2393,20.61812,20.28815,113.0042,-2.405214,-18.46986,3.506065,-0.1223424,-0.8798284,0.2876009
275,0.01669,1,100,0,15.32827,0,0,112.2559,0,0,0.03374569,0.09455311,-0.9949478,-0.2047351,0.975057,0.0857188,0.9782358,0.2008081,0.05226231,387.3567,-35.67281,-111.716,109.6427,20.67644,17.9969,113.0173,-2.148153,-16.4228,3.36798,-0.1115387,-0.7829369,0.2714594
276,0.016665,1,100,0,23.66077,0,14.9985,112.349,0,0,0.02248835,0.08775603,-0.9958882,-0.2028635,0.9758173,0.08140652,0.9789488,0.2001987,0.03974702,389.1862,-35.32784,-111.4279,110.064,20.74487,15.86263,113.1196,-1.880874,-14.04055,3.203285,-0.09990393,-0.670246,0.252481
277,0.016683,1,100,0,32.00227,0,30.0132,112.5306,0,0,0.01305879,0.08167093,-0.9965738,-0.2012321,0.9764819,0.07738747,0.9794565,0.1995321,0.02918649,391.025,-34.98126,-111.1743,110.5093,20.82976,13.87865,113.3084,-1.607429,-11.34341,3.014466,-0.08761599,-0.5427224,0.2309181
278,0.016687,1,100,0,40.34576,0,45.0315,112.8003,0,0,0.005697282,0.07642817,-0.9970589,-0.1997294,0.9770715,0.07375479,0.9798347,0.1987217,0.0208316,392.8717,-34.63397,-110.953,110.9848,20.77338,12.01609,113.5498,-1.646868,-8.358518,2.698104,-0.09501267,-0.4008537,0.2004016
279,0.016764,1,100,0,48.72776,0,60.1191,113.1252,0,0,0.0005927337,0.07216355,-0.9973927,-0.1981298,0.9776289,0.07061585,0.9801759,0.1975714,0.01487722,394.7351,-34.28609,-110.7611,111.5035,20.70632,10.30991,113.8774,-1.663966,-5.090085,2.365463,-0.1007166,-0.2457073,0.1679169
280,0.016604,1,100,0,57.02976,0,75.0627,113.5374,0,0,-0.001998911,0.06899594,-0.997615,-0.1964704,0.9781461,0.06804312,0.980508,0.1961378,0.01160043,396.5896,-33.94267,-110.5983,112.0607,20.63629,8.792521,114.2837,-1.662174,-1.611163,2.025551,-0.1049607,-0.08075325,0.1343601
281,0.016688,1,100,0,65.37376,0,90.0819,114.0259,0,0,-0.001956715,0.0669198,-0.9977565,-0.1947394,0.9786307,0.06601893,0.9808531,0.1944317,0.01111702,398.4631,-33.59866,-110.4591,112.6676,20.56849,7.449013,114.7717,-1.644905,2.116827,1.677798,-0.1081686,0.09582863,0.09963073
282,0.016844,1,100,0,73.79576,0,100,114.5924,0,0,0.0009259982,0.06598234,-0.9978204,-0.1929394,0.9790841,0.06456432,0.9812102,0.1924591,0.01363723,400.3644,-33.25256,-110.3401,113.3102,20.50423,6.286445,115.3219,-1.614467,6.000188,1.324856,-0.110568,0.2796211,0.0642854
283,0.016514,1,100,0,82.05276,0,100,115.2131,0,0,0.006577232,0.06619327,-0.9977853,-0.1911354,0.9794934,0.06371985,0.9815419,0.190293,0.01909423,402.2391,-32.91429,-110.2414,113.933,20.44204,5.356125,115.8762,-1.573845,9.722662,0.9810497,-0.1122093,0.455712,0.03033939
284,0.016682,1,100,0,90.39377,0,100,115.8223,0,0,0.01506289,0.06744574,-0.9976093,-0.1892151,0.9798875,0.06339066,0.9818204,0.1878079,0.02752168,404.1431,-32.5741,-110.1559,114.546,20.29443,4.670295,116.4237,-1.729536,13.41343,0.7875843,-0.12669,0.6299573,0.006427277
285,0.016767,1,100,0,98.77727,0,100,116.4036,0,0,0.02637005,0.06963827,-0.9972239,-0.1870911,0.9802878,0.06350826,0.981989,0.1848969,0.03887894,406.0671,-32.23447,-110.0802,115.1582,20.17674,4.215968,116.9884,-1.76867,17.05661,0.5181123,-0.1340753,0.8019922,-0.02174607
286,0.016608,1,100,0,107.0813,0,100,116.9786,0,0,0.0402655,0.07274267,-0.9965377,-0.1848894,0.9806659,0.06411356,0.9819342,0.1816677,0.05293635,407.9829,-31.90008,-110.0112,115.7518,20.04999,4.03183,117.5447,-1.783745,20.60148,0.2618658,-0.1404044,0.9692556,-0.04830056
287,0.016688,1,100,0,91.64487,0,100,117.5166,0,0,0.05670729,0.07669666,-0.9954407,-0.182613,0.9810219,0.06518281,0.9815484,0.1780841,0.0696369,409.9178,-31.56624,-109.9434,116.3281,19.91306,4.12478,118.0922,-1.774855,23.44178,0.01777017,-0.1449969,1.103284,-0.07136089
288,0.016672,1,100,0,99.98087,0,100,118.0151,0,0,0.07524918,0.08134547,-0.9938413,-0.1803126,0.9813472,0.06667037,0.9807267,0.1741853,0.08851319,411.8603,-31.23505,-109.8726,116.8741,19.76655,4.503967,118.6193,-1.740775,26.2827,-0.210341,-0.1486884,1.237203,-0.09292525
289,0.016682,1,100,0,108.3219,0,100,118.4632,0,0,0.09591416,0.08665048,-0.9916109,-0.1778947,0.9816574,0.06857374,0.9793642,0.1698251,0.1095695,413.8128,-30.90742,-109.7939,117.3774,19.38415,5.147573,119.0785,-2.027258,29.1286,-0.4325368,-0.1736858,1.371754,-0.1134369
290,0.016677,1,100,0,92.89565,0,100,118.8112,0,0,0.1185092,0.09252778,-0.9886325,-0.1751298,0.9819884,0.07091282,0.977387,0.1647352,0.132579,415.7729,-30.58705,-109.703,117.8337,18.85901,6.055014,119.4868,-2.368167,31.30904,-0.6813591,-0.2019133,1.47519,-0.1328845
291,0.016682,1,100,0,101.2366,0,100,119.0786,0,0,0.1427067,0.09886258,-0.9848152,-0.1720109,0.9823352,0.07368802,0.9747036,0.1588831,0.1571913,417.7408,-30.27569,-109.5955,118.2328,18.27134,7.24112,119.8552,-2.665103,33.54594,-0.8999885,-0.2281329,1.581081,-0.1497634
292,0.016684,1,100,0,85.80395,0,100,119.2832,0,0,0.1683611,0.1054816,-0.9800655,-0.1686556,0.9826794,0.0767903,0.9711902,0.152365,0.183235,419.7154,-29.97401,-109.4664,118.5681,17.70017,8.739121,120.2001,-2.704884,35.16727,-0.9160994,-0.2374975,1.657055,-0.1513212
293,0.01696,1,100,0,94.28395,0,100,119.4504,0,0,0.1956187,0.1122366,-0.9742363,-0.1651906,0.9830055,0.08007789,0.9666674,0.14527,0.2108347,421.7278,-29.67726,-109.3081,118.819,17.08488,10.51776,120.5009,-2.693978,36.92253,-0.9103261,-0.2443551,1.739141,-0.1511053
294,0.0164,1,100,0,102.4839,0,100,119.5579,0,0,0.2231532,0.118748,-0.9675235,-0.1618319,0.9832914,0.08335776,0.961256,0.1379746,0.2386419,423.6773,-29.40045,-109.125,118.9616,16.4621,12.472,120.7411,-2.629434,38.70387,-0.8843648,-0.2481017,1.822289,-0.1491126
295,0.016683,1,100,0,87.05217,0,100,119.6003,0,0,0.252193,0.1252643,-0.9595351,-0.1584616,0.9835469,0.08675079,0.9546145,0.1301716,0.2678933,425.6622,-29.12943,-108.9047,118.9931,15.80632,14.67713,120.9323,-2.507556,39.93602,-0.8393588,-0.247403,1.879514,-0.1438565
296,0.01679,1,100,0,95.44717,0,100,119.582,0,0,0.2821667,0.1316445,-0.9502903,-0.1550378,0.9837776,0.0902487,0.9467551,0.1218657,0.2979992,427.6595,-28.86917,-108.645,118.8804,14.88302,17.0418,121.0144,-2.763896,41.31002,-0.8875674,-0.2713255,1.944444,-0.1440473
297,0.016558,1,100,0,103.7262,0,100,119.4428,0,0,0.3125075,0.1377814,-0.9398699,-0.1514006,0.9840014,0.09391011,0.9377724,0.1129493,0.328368,429.6267,-28.62811,-108.349,118.6407,13.90334,19.557,121.0429,-2.984133,42.77992,-0.9049296,-0.2933016,2.013729,-0.141627
298,0.016682,1,100,0,88.29532,0,100,119.2502,0,0,0.3437213,0.1437055,-0.9280111,-0.1475081,0.9842163,0.09777433,0.9274143,0.103282,0.3594938,431.6039,-28.40199,-108.0077,118.2593,12.85175,22.25582,121.0197,-3.17019,43.7033,-0.8939635,-0.3118744,2.057278,-0.1353906
299,0.016683,1,100,0,96.63682,0,100,119.0036,0,0,0.3752965,0.1492514,-0.9148097,-0.1434254,0.9844149,0.101768,0.9157413,0.09301376,0.3908539,433.574,-28.19372,-107.6206,117.728,11.74181,25.1029,120.9459,-3.315779,44.78014,-0.8566762,-0.3281691,2.107891,-0.1269621
300,0.016677,1,100,0,104.9753,0,100,118.7121,0,0,0.4072637,0.1543099,-0.9001805,-0.1392641,0.9845902,0.105773,0.9026307,0.08228534,0.4224777,435.5337,-28.00389,-107.1852,117.0488,10.65702,28.12305,120.8507,-3.105737,45.99634,-0.6633206,-0.3220453,2.163871,-0.1080818
301,0.016676,1,100,0,89.55002,0,100,118.4101,0,0,0.4395028,0.1587419,-0.8841032,-0.1351125,0.984745,0.1096455,0.8880215,0.07126386,0.4542462,437.4809,-27.83286,-106.6991,116.1676,9.448826,31.20488,120.6562,-3.206463,46.67476,-0.5122571,-0.3339098,2.195603,-0.0904585
302,0.016688,1,100,0,97.89402,0,100,118.0074,0,0,0.4717613,0.1625066,-0.8666216,-0.1307891,0.9848933,0.1134871,0.8719722,0.05980577,0.4858887,439.4138,-27.68214,-106.1606,115.1171,8.189903,34.37788,120.4195,-3.278025,47.52477,-0.3422752,-0.3439611,2.235302,-0.07118792
303,0.016681,1,100,0,106.2345,0,91.6595,117.5725,0,0,0.5040051,0.1655491,-0.8476865,-0.1263126,0.9850342,0.1172714,0.8544143,0.04796808,0.5173732,441.3271,-27.5528,-105.5688,113.8225,6.876195,37.67855,120.0938,-3.308173,48.36672,-0.1579036,-0.3508569,2.274529,-0.05033345
304,0.016724,1,100,0,90.76482,0,83.2975,117.0753,0,0,0.5360975,0.1678143,-0.8273078,-0.1217054,0.9851673,0.1209698,0.835337,0.03583624,0.5485696,443.2222,-27.44534,-104.9196,112.2756,5.518542,41.08779,119.6848,-3.284527,48.53472,0.03687948,-0.3517697,2.282077,-0.02779031
305,0.01659,1,100,0,99.05981,0,75.0025,116.5252,0,0,0.5673507,0.1692372,-0.8058982,-0.1170699,0.9852901,0.1244922,0.8151122,0.02371571,0.5788175,445.0752,-27.36133,-104.2188,110.4962,4.149712,44.53912,119.2072,-3.197887,48.75083,0.2352576,-0.3481155,2.291736,-0.004973672
306,0.016678,1,100,0,107.3988,0,66.66351,115.9452,0,0,0.5981531,0.1698015,-0.783186,-0.1124967,0.9854087,0.1277266,0.7934464,0.01170579,0.6085274,446.9071,-27.29949,-103.4562,108.4813,2.820705,48.09216,118.6972,-2.590313,49.01562,0.5240837,-0.3107582,2.302141,0.02361949
307,0.01687,1,100,0,91.79406,0,58.22851,115.3726,0,0,0.6285069,0.1694423,-0.7591234,-0.1080774,0.9855401,0.1304989,0.7702586,2.463162e-05,0.6377316,448.6819,-27.26984,-102.5656,91.18245,-1.3429,65.27314,118.0788,-3.128474,38.19646,3.338208,-0.3125243,1.797185,0.2139998
308,0.016536,1,100,0,100.0621,0,49.96051,111.8608,0,0,0.6516211,0.1656741,-0.7402312,-0.1018467,0.9861299,0.1310546,0.7516765,-0.01000785,0.6594564,450.1149,-27.3138,-101.3784,84.87782,-2.725785,67.67144,112.5192,-3.450208,35.66163,4.144075,-0.3231018,1.679263,0.2718024
309,0.016752,1,100,0,84.56646,0,41.58451,108.4543,0,0,0.6730043,0.1606498,-0.7219813,-0.09482419,0.9868125,0.1311864,0.7335353,-0.01982773,0.6793626,451.5186,-27.36692,-100.2158,80.99035,-3.463459,67.00081,109.0522,-3.632222,34.38055,4.466723,-0.3279621,1.619544,0.2980629
310,0.01687,1,100,0,93.00146,0,33.14951,104.9958,0,0,0.6933284,0.1549133,-0.7037739,-0.08743103,0.987489,0.1312307,0.7152983,-0.02945431,0.6981984,452.8838,-27.42891,-99.07996,80.77222,-4.099087,67.98804,105.6567,-3.146589,34.77154,4.57368,-0.294698,1.636132,0.3108574
311,0.016496,1,100,0,101.2495,0,24.90151,105.3661,0,0,0.7128884,0.1488549,-0.6852974,-0.08046281,0.9881212,0.1309296,0.6966465,-0.03819722,0.7163974,454.2134,-27.49982,-97.9519,80.25954,-4.69854,69.17617,106.0614,-2.614529,35.20282,4.640052,-0.2582903,1.654532,0.3207028
312,0.016694,1,100,0,85.80751,0,16.55451,105.6496,0,0,0.7322368,0.1423081,-0.6660163,-0.07372627,0.9887418,0.1302084,0.6770479,-0.04624047,0.734485,455.5488,-27.58107,-96.78925,79.44376,-5.204291,70.58067,106.3956,-1.95128,35.01913,4.761889,-0.2115542,1.643985,0.333338
313,0.016665,1,100,0,70.39239,0,8.222012,105.8683,0,0,0.7507704,0.1353952,-0.6465384,-0.06736978,0.9893593,0.1289563,0.6571189,-0.05325943,0.7519032,456.8668,-27.67028,-95.60457,78.35163,-5.650025,72.10078,106.6275,-1.276078,34.26773,4.84052,-0.1624936,1.606972,0.3420229
314,0.016679,1,100,0,54.96431,0,0,106.0001,0,0,0.7682641,0.1282221,-0.6271598,-0.06141305,0.989978,0.1271696,0.6371803,-0.05918402,0.768439,458.1664,-27.76663,-94.39285,77.04923,-6.028499,73.74293,106.822,-0.6156498,32.99582,4.876302,-0.1132013,1.545781,0.3466101
315,0.016688,1,100,0,39.52791,0,0,106.118,0,0,0.7845201,0.1209179,-0.6081998,-0.0558748,0.9905986,0.1248705,0.617581,-0.06398039,0.7839008,459.4443,-27.8689,-93.15278,75.60592,-6.326299,75.43888,106.9921,0.002536782,31.39185,4.869839,-0.0661182,1.469278,0.3472323
316,0.016675,1,100,0,31.19041,0,0,106.2341,0,0,0.7994519,0.113607,-0.5898899,-0.05075654,0.9912179,0.1221107,0.5985821,-0.0676809,0.7981973,460.6965,-27.9756,-91.88527,74.05618,-6.541346,77.15581,107.1453,0.5547443,29.68485,4.822369,-0.02342669,1.38819,0.3442608
317,0.016678,1,100,0,22.85141,0,0,106.357,0,0,0.8130919,0.1063733,-0.5723342,-0.04618339,0.9918517,0.1187333,0.5803007,-0.07010879,0.8113793,461.9227,-28.08459,-90.58859,72.44225,-6.519691,78.92729,107.3308,1.790259,27.88503,4.759233,0.06264768,1.301562,0.3394204
318,0.016918,1,100,0,14.39241,0,0,106.5354,0,0,0.8256314,0.09921372,-0.5554181,-0.04238093,0.9925421,0.1142973,0.5626158,-0.07082827,0.8236787,463.1389,-28.19374,-89.24319,70.75957,-6.312553,80.71428,107.5247,2.966693,25.9675,4.639582,0.1447032,1.209676,0.3298653
319,0.016417,1,100,0,6.183914,0,0,106.7402,0,0,0.8365843,0.09254629,-0.5399649,-0.03943526,0.9932443,0.109137,0.5464172,-0.07000865,0.8345821,464.2915,-28.29548,-87.90879,69.10463,-5.962324,82.41288,107.7167,3.829973,24.03365,4.486172,0.2061089,1.117717,0.3173781
320,0.01672,1,100,0,-2.176086,0,0,106.9577,0,0,0.8465669,0.08605803,-0.5252795,-0.03688491,0.9939561,0.1033971,0.5310029,-0.06815764,0.8446246,465.4374,-28.39353,-86.52164,67.38552,-5.666102,84.06219,107.8859,3.919393,21.98532,4.454123,0.2177064,1.02196,0.3120781
321,0.01682,1,100,0,-10.58609,0,0,107.1691,0,0,0.8554671,0.07977664,-0.5116756,-0.03438225,0.9946326,0.09759222,0.5167148,-0.06589437,0.8536183,466.5613,-28.48699,-85.09881,65.68646,-5.333646,85.64668,108.0672,3.878898,19.85667,4.385118,0.2205634,0.9227126,0.3042914
322,0.016545,1,100,0,-18.85859,0,0,107.4022,0,0,0.8631428,0.07387844,-0.4995263,-0.03195414,0.995248,0.09197991,0.5039479,-0.06342986,0.8614018,467.6393,-28.57336,-83.67361,64.06513,-4.989594,87.12452,108.2586,3.735313,17.70668,4.283056,0.2162555,0.8226674,0.2944611
323,0.016678,1,100,0,-27.19759,0,0,107.6512,0,0,0.8698424,0.06824561,-0.4885869,-0.02952729,0.9958121,0.08652653,0.4924458,-0.06083779,0.8682147,468.6991,-28.65465,-82.21273,62.49699,-4.640535,88.52938,108.4659,3.513966,15.48317,4.148601,0.2065335,0.7193409,0.2826231
324,0.016642,1,100,0,-35.51859,0,0,107.9212,0,0,0.8755243,0.06297198,-0.4790531,-0.02716071,0.9963173,0.08132756,0.4824103,-0.05819283,0.8740104,469.731,-28.72966,-80.73206,61.02144,-4.237179,89.85543,108.6994,3.386921,13.21581,3.962476,0.2023657,0.6138805,0.2676296
325,0.016673,1,100,0,-43.85509,0,0,108.2185,0,0,0.8802468,0.05807428,-0.4709491,-0.02491454,0.99677,0.07634743,0.4738618,-0.0554711,0.8788505,470.7407,-28.79813,-79.227,59.63872,-3.843495,91.09496,108.9488,3.18936,10.89845,3.749958,0.1932363,0.5062144,0.2510887
326,0.01668,1,100,0,-52.19509,0,0,108.5326,0,0,0.8840303,0.05357778,-0.4643488,-0.02279232,0.9971684,0.07166372,0.4668735,-0.05276931,0.8827482,471.7284,-28.86019,-77.70114,58.36404,-3.471962,92.24459,109.213,2.946406,8.538768,3.514112,0.1807755,0.3966628,0.2332378
327,0.016699,1,100,0,-60.54459,0,0,108.8606,0,0,0.8868994,0.04949215,-0.4593039,-0.02090904,0.9975263,0.06711354,0.4614893,-0.04991936,0.8857403,472.6967,-28.91483,-76.15453,57.22049,-2.870463,93.35997,109.5377,3.331882,6.140289,3.259624,0.2081826,0.2847742,0.2143965
328,0.016675,1,100,0,-68.88209,0,0,109.2426,0,0,0.8888637,0.04583813,-0.455873,-0.01946791,0.9978628,0.06237669,0.4577579,-0.04656949,0.8878564,473.6452,-28.95932,-74.59206,56.20842,-2.260811,94.38334,109.8759,3.534663,3.711046,2.988062,0.2235399,0.1716835,0.1946321
329,0.016683,1,100,0,-77.22359,0,0,109.634,0,0,0.8899413,0.0426125,-0.45408,-0.01839959,0.9981695,0.05761086,0.4557038,-0.0429154,0.8890963,474.578,-28.99372,-73.01229,55.33468,-1.663047,95.31419,110.2247,3.59216,1.249271,2.701828,0.2292924,0.05725819,0.1741754
330,0.016693,1,100,0,-85.57008,15.0237,0,110.0311,0,0,0.890103,0.03979913,-0.4540185,-0.01758851,0.9984375,0.05304049,0.45542,-0.03922599,0.8894122,475.4977,-29.01924,-71.41643,54.61856,-1.258865,96.17461,110.6089,3.219624,-1.519066,2.454725,0.2074385,-0.07097796,0.1563171
331,0.016669,1,100,0,-93.90459,30.0258,0,110.4626,0,0,0.8892496,0.03737152,-0.4558933,-0.016885,0.9986597,0.04892912,0.4571109,-0.03581244,0.8886888,476.4052,-29.03832,-69.80877,54.07817,-0.9137919,96.98834,111.0496,2.863863,-4.562632,2.197239,0.1865942,-0.2119548,0.1379611
332,0.016817,1,100,0,-102.3131,45.1611,0,110.9449,0,0,0.8872521,0.0353066,-0.4599316,-0.01639989,0.9988505,0.04503968,0.4609931,-0.03241872,0.8868112,477.3126,-29.05046,-68.17309,53.72402,-0.3370736,97.81443,111.5977,3.105209,-7.897665,1.934948,0.2039817,-0.3667903,0.1195082
333,0.016565,1,100,0,-86.99046,60.0696,0,111.5203,0,0,0.8841243,0.03363175,-0.4660401,-0.01632154,0.9990206,0.04113066,0.466967,-0.02875813,0.8838072,478.2016,-29.05306,-66.54855,53.55627,0.2050194,98.58031,112.1891,3.220492,-10.75855,1.672047,0.2128422,-0.499528,0.1017092
334,0.016672,1,100,0,-95.32646,75.0744,0,112.1291,0,0,0.8798453,0.03227606,-0.4741632,-0.01658834,0.9991692,0.03723205,0.474971,-0.02489286,0.8796498,479.0946,-29.04681,-64.90102,53.57018,0.7152796,99.30111,112.8317,3.243581,-13.91786,1.405409,0.2158738,-0.6459977,0.08395682
335,0.016782,1,100,0,-103.7175,90.1782,0,112.7767,0,0,0.8742345,0.03122749,-0.4844986,-0.01716912,0.9992936,0.03342754,0.4852002,-0.02090509,0.8741531,479.9947,-29.03218,-63.23078,53.76891,1.186773,99.97298,113.5214,3.199073,-17.36143,1.137356,0.214673,-0.8055618,0.06647705
336,0.016591,1,100,0,-88.37079,100,0,113.4556,0,0,0.8673229,0.03048276,-0.4968117,-0.01805948,0.999393,0.02979168,0.4974183,-0.01686684,0.867347,480.8889,-29.00964,-61.56883,54.16054,1.702419,100.5662,114.2358,3.297292,-20.24488,0.8515868,0.2222997,-0.9392342,0.04853755
337,0.016676,1,100,0,-96.70879,100,0,114.1375,0,0,0.8590584,0.03000139,-0.5109978,-0.01931268,0.99947,0.02621298,0.5115134,-0.01264974,0.8591825,481.7953,-28.97857,-59.8892,54.74715,2.185686,101.0275,114.9286,3.317202,-23.14502,0.5705301,0.2249493,-1.073609,0.03138209
338,0.016679,1,100,0,-105.0483,100,0,114.7773,0,0,0.8493777,0.02975237,-0.5269462,-0.0208787,0.9995224,0.02278079,0.5273724,-0.008347543,0.8495932,482.7128,-28.93965,-58.20238,55.52966,2.630388,101.3433,115.5895,3.278914,-26.04532,0.2975757,0.2239275,-1.207938,0.01521949
339,0.016698,1,100,0,-89.60264,100,0,115.3635,0,0,0.8382597,0.0296974,-0.5444619,-0.02271666,0.9995509,0.01954516,0.5447978,-0.004015566,0.8385579,483.6454,-28.89348,-56.50922,56.5094,3.035645,101.5033,116.2129,3.19949,-28.28029,0.03426965,0.2199926,-1.311415,0.0001820594
340,0.016667,1,100,0,-97.93614,91.6665,0,115.8904,0,0,0.8258449,0.02979995,-0.5631095,-0.02478035,0.9995561,0.01655449,0.5633529,0.0002826108,0.8262168,484.5938,-28.84086,-54.81771,57.69355,3.401827,101.4496,116.7567,3.090624,-30.40299,-0.2171553,0.2141927,-1.409666,-0.01376783
341,0.016685,1,100,0,-106.2786,83.32401,0,116.3221,0,0,0.8120586,0.02998031,-0.5828056,-0.02706298,0.99954,0.01370919,0.5829486,0.004639797,0.8124964,485.5641,-28.78129,-53.1263,59.06351,3.909725,101.2106,117.2492,3.261746,-32.42678,-0.3220273,0.2263369,-1.503486,-0.01797268
342,0.016686,1,100,0,-90.84409,74.981,0,116.6824,0,0,0.7969767,0.0301066,-0.6032594,-0.02956107,0.9995046,0.01082818,0.6032866,0.009203182,0.7974719,486.5583,-28.71332,-51.44007,60.62079,4.40111,100.738,117.6537,3.324253,-33.68888,-0.4163595,0.231092,-1.561979,-0.02118716
343,0.016897,1,100,0,-99.29259,66.5325,0,116.9479,0,0,0.7805668,0.03015172,-0.6243449,-0.03223287,0.9994488,0.007968651,0.624241,0.01390436,0.7811084,487.5924,-28.6363,-49.74189,62.3704,4.875666,100.0161,117.9706,3.299816,-34.93386,-0.5012463,0.2302213,-1.619642,-0.02350945
344,0.016457,1,100,0,-107.5211,58.304,0,117.1254,0,0,0.7634489,0.03009287,-0.6451669,-0.03490968,0.9993764,0.005304597,0.6449242,0.01847278,0.7640234,488.629,-28.55368,-48.10099,64.22105,5.309945,99.07694,118.1896,3.2098,-36.11249,-0.5736896,0.2250478,-1.674208,-0.02493187
345,0.016693,1,100,0,-92.08007,49.9575,0,117.2129,0,0,0.7450312,0.02991395,-0.6663586,-0.03764344,0.9992876,0.002771923,0.6659669,0.02301886,0.7456265,489.7122,-28.46277,-46.45362,66.2214,5.719581,97.88808,118.3219,3.070814,-36.61222,-0.6373675,0.2162926,-1.697314,-0.02589248
346,0.016877,1,100,0,-100.5186,41.519,0,117.2209,0,0,0.7255418,0.02960834,-0.6875409,-0.04037897,0.9991844,0.0004182477,0.6869926,0.02745873,0.7261456,490.8417,-28.36411,-44.80956,68.34552,6.099472,96.44916,118.367,2.89616,-37.14602,-0.6921813,0.2051827,-1.721991,-0.02625592
347,0.01647,1,100,0,-85.28382,33.284,0,117.1565,0,0,0.7057723,0.02918988,-0.7078372,-0.04304666,0.9990717,-0.001721237,0.7071299,0.03168483,0.7063737,491.9792,-28.26108,-43.2298,70.49897,6.569354,94.83669,118.3523,2.954114,-37.04095,-0.7428612,0.2085676,-1.7172,-0.02677609
348,0.016694,1,100,0,-93.63082,24.937,0,117.0502,0,0,0.6852025,0.02864957,-0.7277892,-0.04583454,0.9989419,-0.003828976,0.7269094,0.03598151,0.6857906,493.1686,-28.1489,-41.65675,72.72615,7.021743,92.99372,118.2634,2.935696,-37.01278,-0.7844079,0.207018,-1.715944,-0.02662971
349,0.016675,1,100,0,-101.9683,16.5995,0,116.8922,0,0,0.6640996,0.02798206,-0.7471203,-0.04863887,0.9987994,-0.005825814,0.7460603,0.040208,0.6646634,494.3938,-28.02946,-40.11728,74.96835,7.443929,90.96057,118.108,2.857022,-37.05688,-0.8166793,0.2015596,-1.718018,-0.02588607
350,0.016683,1,100,0,-86.53654,8.258001,0,116.6884,0,0,0.6425381,0.02718803,-0.7657713,-0.05140967,0.9986481,-0.007680362,0.7645273,0.04430297,0.6430672,495.657,-27.90312,-38.61197,77.20602,7.832522,88.75024,117.8928,2.733893,-36.50174,-0.8404557,0.1928779,-1.692312,-0.02514888
351,0.016689,1,100,0,-94.88104,0,0,116.4455,0,0,0.6207622,0.02625493,-0.7835593,-0.05420449,0.998485,-0.009486124,0.7821231,0.04836106,0.6212448,496.9579,-27.76909,-37.14373,79.41911,8.428188,86.41019,117.6654,3.008193,-36.06632,-0.7774706,0.2096489,-1.672418,-0.01886326
352,0.01668,1,100,0,-79.45204,0,0,116.205,0,0,0.5988641,0.02512266,-0.8004565,-0.05711843,0.9983022,-0.0114012,0.7988111,0.05254859,0.5992824,498.2946,-27.62568,-35.71571,81.5638,8.936911,83.9995,117.4242,2.985309,-35.23553,-0.7124073,0.2070841,-1.634072,-0.01278936
353,0.016684,1,100,0,-64.01934,0,0,115.9631,0,0,0.5771101,0.02381653,-0.8163189,-0.05996915,0.9981118,-0.01327574,0.8144614,0.05661552,0.5774486,499.667,-27.47395,-34.32788,83.63968,9.409657,81.53387,117.1832,2.890213,-34.04208,-0.6427827,0.1996652,-1.578887,-0.006984271
354,0.016689,1,100,0,-48.58202,0,0,115.7356,0,0,0.5557756,0.02236863,-0.8310312,-0.06269863,0.9979186,-0.01507079,0.8289644,0.06048049,0.5560213,501.0741,-27.31452,-32.98101,85.63968,9.840436,79.02945,116.9472,2.744472,-32.51609,-0.5698397,0.1888408,-1.508262,-0.001613542
355,0.01665,1,100,0,-40.25702,0,0,115.5294,0,0,0.5351413,0.02081636,-0.8445061,-0.06525867,0.9977278,-0.01675956,0.8422384,0.06408008,0.5352839,502.5106,-27.14855,-31.67905,87.55177,10.2241,76.51258,116.722,2.566764,-30.88917,-0.4950024,0.1759511,-1.432938,0.003408477
356,0.016673,1,100,0,-31.92052,0,0,115.3506,0,0,0.5152578,0.01914836,-0.8568213,-0.06771974,0.9975342,-0.0184309,0.8543556,0.06752038,0.515284,503.9806,-26.97503,-30.41714,89.37598,10.77206,74.01863,116.5455,2.713877,-29.16384,-0.3299868,0.1838757,-1.353264,0.01378708
357,0.016915,1,100,0,-23.46302,0,0,115.2268,0,0,0.4960075,0.01728623,-0.8681463,-0.07035308,0.997315,-0.0203374,0.8654638,0.07116427,0.4958918,505.5023,-26.78901,-29.17915,91.13701,11.44799,71.51713,116.4118,3.102553,-27.32086,-0.141707,0.2072555,-1.268238,0.02538713
358,0.016463,1,100,0,-15.23152,0,0,115.1552,0,0,0.4782842,0.01529959,-0.8780719,-0.07300406,0.9970803,-0.02239199,0.8751656,0.07481255,0.4780047,507.0116,-26.59803,-28.01488,92.74059,11.90533,69.11475,116.273,2.871775,-25.4534,0.06516293,0.1909887,-1.181908,0.0379193
359,0.016682,1,100,0,-6.890515,0,0,115.0912,0,0,0.46144,0.01312377,-0.8870744,-0.07538966,0.9968539,-0.02446844,0.8839625,0.07816695,0.4609777,508.5672,-26.39718,-26.8751,94.27205,12.30871,66.73126,116.1541,2.618859,-23.48529,0.2678967,0.1733334,-1.090891,0.04968023
360,0.01685,1,100,0,1.534485,0,0,115.0567,0,0,0.4456634,0.01079758,-0.8951355,-0.07748478,0.9966398,-0.02655556,0.891841,0.08119422,0.4450025,510.1638,-26.18785,-25.76377,95.72437,12.65277,64.39262,116.0589,2.359899,-21.42715,0.4639837,0.1553693,-0.9956788,0.0605248
361,0.016511,1,100,0,9.789986,0,0,115.0531,0,0,0.4315022,0.008429393,-0.9020727,-0.07923607,0.996446,-0.02859094,0.8986257,0.08381374,0.4306366,511.7517,-25.97742,-24.71268,97.05621,12.92743,62.1855,115.9916,2.113931,-19.35393,0.6460904,0.1383922,-0.8997378,0.07008908
362,0.016685,1,100,0,18.13248,0,0,115.0801,0,0,0.4185656,0.005972032,-0.9081671,-0.08079373,0.9962586,-0.03068575,0.904586,0.08621821,0.4174821,513.3782,-25.75975,-23.6869,98.31706,13.28236,60.06061,115.9739,2.120357,-17.20056,0.8473838,0.1377335,-0.8001308,0.08049504
363,0.016692,1,100,0,26.47849,0,0,115.1556,0,0,0.4070799,0.003459731,-0.9133861,-0.08228761,0.9960656,-0.03290122,0.9096786,0.08855379,0.405763,515.0258,-25.53632,-22.69555,99.49039,13.59223,58.04403,115.9836,2.083019,-14.99491,1.035963,0.134441,-0.6980607,0.08980243
364,0.016674,1,100,0,34.81549,0,0,115.26,0,0,0.3971238,0.0009275749,-0.9177648,-0.08368701,0.9958703,-0.03520548,0.913942,0.09078592,0.3955614,516.6908,-25.30821,-21.73822,100.5773,13.85521,56.15071,116.0201,2.015505,-12.74502,1.210485,0.1294069,-0.5938997,0.09793206
365,0.016684,1,100,0,43.15749,0,15.0156,115.3907,0,0,0.3888019,-0.001587253,-0.9213201,-0.084978,0.9956741,-0.03757651,0.9173942,0.09290176,0.3869851,518.3746,-25.07582,-20.81091,101.6241,14.07736,54.43799,116.1427,1.928235,-10.16173,1.370424,0.1233224,-0.4742157,0.104379
366,0.016693,1,100,0,51.50399,0,30.0393,115.6039,0,0,0.3823665,-0.004023872,-0.924002,-0.08615499,0.9954789,-0.03998743,0.9199855,0.09489724,0.3802911,520.0767,-24.8398,-19.91069,102.6384,14.2606,52.90348,116.3477,1.830028,-7.27138,1.515044,0.1168007,-0.3402241,0.109119
367,0.016674,1,100,0,59.84099,0,45.0459,115.8978,0,0,0.3780558,-0.006338052,-0.925761,-0.08721123,0.9952858,-0.04242875,0.9216658,0.09677719,0.3757208,521.7935,-24.60108,-19.03603,103.6179,14.42875,51.56136,116.6337,1.730273,-4.103674,1.698678,0.1104714,-0.1933914,0.1156636
368,0.016777,1,100,0,68.22948,0,60.1452,116.2701,0,0,0.3760629,-0.008525677,-0.9265549,-0.08814754,0.9950934,-0.04493297,0.9223917,0.09857114,0.3734662,523.5373,-24.35826,-18.17749,104.5788,14.56357,50.39685,116.9986,1.62945,-0.6517972,1.865323,0.1043793,-0.03330114,0.1204121
369,0.016601,1,100,0,76.52998,0,75.0861,116.7197,0,0,0.3765974,-0.01050576,-0.9263176,-0.08894261,0.9949064,-0.04744357,0.9220977,0.1002562,0.3737448,525.2784,-24.116,-17.34613,105.5008,14.65177,49.44359,117.4298,1.498001,2.999165,2.050604,0.09661942,0.1360297,0.1257833
370,0.016677,1,100,0,84.86848,0,90.0954,117.2303,0,0,0.3798024,-0.01228029,-0.9249862,-0.08959179,0.9947232,-0.04999282,0.9207191,0.1018586,0.3766981,527.0429,-23.87132,-16.52578,106.403,14.71141,48.68541,117.9335,1.379133,6.892158,2.217064,0.08995076,0.3166733,0.129306
371,0.016918,1,100,0,93.32748,0,100,117.8055,0,0,0.385904,-0.01380578,-0.9224357,-0.09011835,0.9945419,-0.05258628,0.9181269,0.1034216,0.3825535,528.848,-23.62225,-15.70531,107.2713,14.74507,48.1231,118.4921,1.271165,10.95475,2.365831,0.08421902,0.5052657,0.1311736
372,0.016443,1,100,0,101.549,0,100,118.4233,0,0,0.3946091,-0.01498399,-0.9187269,-0.09051828,0.9943695,-0.05509684,0.9143796,0.1049033,0.3910309,530.616,-23.37976,-14.91588,108.0233,14.7521,47.78713,119.0389,1.176952,14.80255,2.49081,0.07943776,0.6839488,0.131717
373,0.016688,1,100,0,86.11258,0,100,119.0081,0,0,0.405961,-0.01588616,-0.9137524,-0.09079932,0.9942006,-0.05762503,0.9093687,0.1063616,0.4021642,532.4223,-23.13392,-14.11903,108.6818,14.69017,47.67794,119.5856,1.034679,17.95953,2.622076,0.07145045,0.8305124,0.1337676
374,0.016795,1,100,0,94.51008,0,100,119.5687,0,0,0.4195501,-0.01653947,-0.9075816,-0.09091904,0.9940407,-0.06014445,0.9031678,0.1077501,0.4155461,534.2507,-22.88766,-13.31756,109.2302,14.60831,47.8117,120.1274,0.9085062,21.11402,2.734915,0.06450085,0.9770188,0.1345089
375,0.016574,1,100,0,102.7971,0,100,120.0952,0,0,0.4350311,-0.01690792,-0.9002567,-0.09089527,0.9938917,-0.06258982,0.8958159,0.1090576,0.4308369,536.0634,-22.64607,-12.52307,109.6481,14.51292,48.18883,120.6461,0.7978281,24.20115,2.827655,0.05847297,1.120453,0.1339766
376,0.016684,1,100,0,87.36438,0,100,120.5687,0,0,0.4524573,-0.01700445,-0.891624,-0.09074147,0.993751,-0.06499918,0.8871575,0.1103166,0.4480869,537.8943,-22.40453,-11.71563,109.9352,14.40686,48.81343,121.1448,0.6977735,26.62284,2.903188,0.05283276,1.232988,0.1335255
377,0.016687,1,100,0,95.70788,0,100,120.9918,0,0,0.4713709,-0.01685324,-0.881774,-0.09046371,0.9936197,-0.06735022,0.8772831,0.1115155,0.4668389,539.7297,-22.16475,-10.89628,110.0775,14.2947,49.68131,121.6126,0.6062249,29.08027,2.96152,0.04762733,1.347234,0.1318286
378,0.016674,1,100,0,104.0449,0,100,121.3564,0,0,0.4917096,-0.01642291,-0.8706045,-0.09004089,0.9935036,-0.06959554,0.8660917,0.1126108,0.4870365,541.5651,-21.92742,-10.06182,110.0632,14.11121,50.77774,122.0304,0.3997042,31.56694,2.987832,0.03488907,1.462876,0.1279786
379,0.016688,1,100,0,88.60847,0,100,121.6445,0,0,0.5133019,-0.01570843,-0.8580644,-0.08941636,0.993412,-0.07167589,0.8535374,0.1135164,0.5085157,543.4009,-21.693,-9.207103,109.8856,13.91802,52.10011,122.405,0.2162355,33.41709,3.000489,0.02324037,1.548937,0.124555
380,0.016683,1,100,0,96.94997,0,100,121.8651,0,0,0.5357863,-0.01475633,-0.8442248,-0.08862948,0.9933411,-0.07361135,0.8396894,0.1142632,0.5309107,545.2322,-21.4617,-8.329364,109.5351,13.75676,53.64017,122.7373,0.1298985,35.34699,3.027803,0.01764245,1.638704,0.1219507
381,0.016682,1,100,0,105.291,0,100,122.0255,0,0,0.5591416,-0.01356364,-0.8289613,-0.0877412,0.9932832,-0.0754345,0.8244165,0.1149126,0.5541958,547.0566,-21.23309,-7.424905,109.005,13.59981,55.3737,123.0174,0.05379454,37.34955,3.041508,0.012492,1.731882,0.1183439
382,0.016914,1,100,0,89.64552,0,100,122.1161,0,0,0.5835199,-0.01211542,-0.8120086,-0.0867504,0.9932377,-0.07715937,0.8074524,0.1154661,0.5785229,548.8963,-21.00391,-6.477391,108.2764,13.44797,57.3112,123.2444,-0.01346973,38.76511,3.042403,0.007518028,1.797769,0.1151396
383,0.016459,1,100,0,97.87502,0,100,122.1366,0,0,0.6076133,-0.01050673,-0.7941635,-0.08569341,0.9932081,-0.07870398,0.7895966,0.1158762,0.6025862,550.6735,-20.78345,-5.522887,107.3727,13.28659,59.35452,123.4033,-0.123176,40.25173,3.027967,-0.0003512836,1.866981,0.1108852
384,0.016678,1,100,0,106.214,0,100,122.0869,0,0,0.6323766,-0.008654505,-0.7746127,-0.08452155,0.993197,-0.0800982,0.7700362,0.1161237,0.6273431,552.4582,-20.56273,-4.520685,106.2613,13.12888,61.56187,123.5059,-0.2191789,41.86508,3.003108,-0.007588813,1.942106,0.105805
385,0.016881,1,100,0,90.59909,0,100,121.9701,0,0,0.6576308,-0.006563373,-0.7533118,-0.08325251,0.993204,-0.08133177,0.7487261,0.1162014,0.6526151,554.2447,-20.34195,-3.468179,104.9309,12.9775,63.91706,123.5488,-0.3010976,42.91542,2.968267,-0.01427973,1.991042,0.1013628
386,0.016474,1,100,0,98.83609,0,100,121.7857,0,0,0.6821824,-0.00435311,-0.7311692,-0.08193898,0.9932284,-0.08236257,0.7265765,0.1160976,0.6772063,555.9652,-20.129,-2.402003,103.427,12.82219,66.31592,123.5288,-0.3969221,44.07742,2.932278,-0.02202431,2.045164,0.0967573
387,0.016679,1,100,0,107.1756,0,100,121.5458,0,0,0.7069317,-0.001934055,-0.7072793,-0.08054119,0.9932715,-0.0832177,0.7026813,0.1157943,0.7020193,557.6808,-19.91596,-1.281947,101.7016,12.67266,68.821,123.4509,-0.4755569,45.38549,2.888168,-0.02892076,2.106089,0.0914996
388,0.016689,1,100,0,91.73827,0,100,121.2449,0,0,0.7314414,0.0006553158,-0.6819041,-0.07909033,0.9933323,-0.08388129,0.6773024,0.1152863,0.7266163,559.3675,-19.7053,-0.1190765,99.76821,12.52113,71.38449,123.3135,-0.5634496,46.14643,2.837067,-0.03665758,2.141552,0.08709566
389,0.016682,1,100,0,100.0793,0,100,120.8859,0,0,0.7554338,0.003369577,-0.6552163,-0.07759251,0.9934103,-0.08435173,0.6506144,0.114562,0.7507172,561.0201,-19.49721,1.08629,97.63091,12.37722,73.98554,123.1213,-0.6301464,47.07067,2.779892,-0.04321866,2.184612,0.08216713
390,0.016686,1,100,0,84.64472,0,100,120.4803,0,0,0.7788129,0.0061974,-0.6272258,-0.07607178,0.9935035,-0.08464023,0.6226265,0.1136331,0.7742248,562.6363,-19.29143,2.335458,95.29256,12.24228,76.60452,122.8772,-0.676232,47.47819,2.717158,-0.048587,2.203626,0.07812063
391,0.016682,1,100,0,92.98573,0,100,120.0319,0,0,0.8013585,0.009100057,-0.5981153,-0.07455263,0.9936078,-0.08476878,0.5935206,0.1125212,0.7969145,564.212,-19.08781,3.628008,92.76116,12.13036,79.2202,122.5872,-0.6835424,48.07771,2.643241,-0.05160414,2.231578,0.07314582
392,0.016664,1,100,0,101.3177,0,100,119.5523,0,0,0.8230717,0.0120973,-0.5678087,-0.07307462,0.9937186,-0.0847545,0.5632168,0.1112514,0.8187856,565.7429,-18.8862,4.962619,90.04608,12.03215,81.81009,122.2537,-0.6750758,48.85188,2.56469,-0.05379004,2.26765,0.06769083
393,0.016686,1,100,0,85.88318,0,100,119.039,0,0,0.8439049,0.01519972,-0.5362774,-0.07176021,0.9938142,-0.08475669,0.5316718,0.11001,0.8397754,567.2295,-18.68507,6.342102,87.16145,12.09377,84.37937,121.915,-0.1400837,49.1218,2.446419,-0.02226183,2.280221,0.06067436
394,0.016686,1,100,0,94.22618,0,100,118.5314,0,0,0.8636479,0.01841766,-0.5037589,-0.07081475,0.9938554,-0.08506951,0.4990967,0.1091437,0.8596454,568.667,-18.48244,7.76412,84.09751,12.23967,86.88631,121.5378,0.3291193,49.59489,2.319832,0.004850483,2.302292,0.05241477
395,0.016684,1,100,0,102.5682,0,91.658,118.0001,0,0,0.8822939,0.02179255,-0.4701941,-0.07018994,0.9938502,-0.08564469,0.4654361,0.1085667,0.8783976,570.0517,-18.27704,9.227476,80.76376,12.45109,89.33389,121.0717,0.7224997,50.08966,2.186301,0.02690123,2.325423,0.04342649
396,0.017008,1,100,0,86.83578,0,83.154,117.4128,0,0,0.9000357,0.02539642,-0.4350756,-0.06976318,0.9938231,-0.08630641,0.4301963,0.1080311,0.896248,571.4048,-18.06443,10.76057,77.10702,12.59607,91.72431,120.4886,0.6204917,49.92418,2.020546,0.01723363,2.318112,0.03363486
397,0.016354,1,100,0,95.01279,0,74.977,116.7397,0,0,0.9157198,0.0289808,-0.400771,-0.06940626,0.993812,-0.08672086,0.3957778,0.107228,0.9120648,572.6456,-17.85773,12.27277,73.37269,12.72101,93.92321,119.8622,0.523616,49.83931,1.861681,0.007895901,2.314524,0.02436297
398,0.016683,1,100,0,103.3543,0,66.6355,116.0674,0,0,0.9303387,0.03274836,-0.3652363,-0.06910948,0.9938145,-0.08692847,0.3601303,0.1061142,0.9268473,573.8476,-17.64491,13.85164,69.36577,12.82573,96.04329,119.1655,0.4299777,49.82529,1.701347,-0.001423641,2.314224,0.01513658
399,0.016778,1,100,0,87.83464,0,58.2465,115.3592,0,0,0.9435741,0.03668199,-0.329124,-0.06911161,0.9937751,-0.0873782,0.3238701,0.1051941,0.9402356,574.9881,-17.42601,15.47446,65.17822,13.48376,98.04992,118.5065,1.72705,49.20689,1.370684,0.07863946,2.285299,-0.004114531
400,0.016593,1,100,0,96.13114,0,49.95,114.7177,0,0,0.9551222,0.04084253,-0.2933829,-0.06978272,0.9935968,-0.08886001,0.2878751,0.1053452,0.9518565,576.046,-17.19801,17.11161,60.87928,14.25137,99.86514,117.8237,2.676242,48.71601,1.045368,0.1361983,2.262562,-0.02419034
401,0.016684,1,100,0,104.4731,0,41.608,114.0842,0,0,0.9652423,0.04534844,-0.2573928,-0.07085385,0.9933552,-0.09069414,0.2515697,0.1057791,0.9620416,577.0371,-16.95772,18.78693,56.44407,14.6988,101.4801,117.0479,2.149495,48.33619,0.7193673,0.09887767,2.246117,-0.04464305
402,0.016678,1,100,0,89.046,0,33.269,113.3825,0,0,0.9738722,0.05013137,-0.2214945,-0.07202711,0.9931593,-0.09190642,0.215372,0.1054587,0.9708211,577.9534,-16.71065,20.48761,51.92188,15.04035,102.9203,116.2527,1.667942,47.39635,0.4055811,0.06478897,2.203548,-0.06262283
403,0.016679,1,100,0,97.3855,0,24.9295,112.6859,0,0,0.9810081,0.05510678,-0.1859746,-0.07332944,0.9930025,-0.09256969,0.179572,0.104449,0.9781845,578.7941,-16.45849,22.21142,47.33904,15.26978,104.1831,115.4481,1.246279,46.61122,0.1059402,0.0343963,2.168092,-0.07943094
404,0.016683,1,100,0,105.727,0,16.588,112.0059,0,0,0.9867232,0.06034126,-0.1507859,-0.07496129,0.9928185,-0.09323232,0.1440773,0.1032976,0.9841604,579.5583,-16.19913,23.9558,42.73343,16.09413,105.2816,114.7579,2.277365,45.96891,-0.4353565,0.09685536,2.13827,-0.1120133
405,0.016689,1,100,0,90.28967,0,8.243497,111.4333,0,0,0.991044,0.06602198,-0.1160729,-0.07721956,0.9924991,-0.09477864,0.1089448,0.1028929,0.9887084,580.2458,-15.9259,25.71808,38.10123,16.92087,106.1886,114.0791,2.924901,44.79462,-0.9562736,0.135122,2.084072,-0.1429168
406,0.016683,1,100,0,74.85789,0,0,110.8815,0,0,0.9939986,0.07207102,-0.08229457,-0.07991663,0.9921291,-0.09640096,0.07469912,0.1023991,0.9919346,580.856,-15.64309,27.49368,33.5135,17.00739,106.8853,113.2999,1.902873,43.13972,-1.407903,0.06706262,2.009377,-0.1682658
407,0.016783,1,100,0,59.33362,0,0,110.2682,0,0,0.9956896,0.07837985,-0.04958833,-0.0829085,0.9918208,-0.09704646,0.04157625,0.1007394,0.9940439,581.3934,-15.35804,29.29083,29.0301,16.93203,107.4434,112.5768,1.103668,41.18031,-1.832149,0.01388277,1.920174,-0.1905233
408,0.016578,1,100,0,43.99897,0,0,109.7162,0,0,0.9962265,0.08473087,-0.01879672,-0.08616274,0.9915512,-0.09696463,0.01042202,0.09821832,0.9951103,581.851,-15.0785,31.07453,24.74159,16.71543,107.8689,111.9252,0.5046448,38.98459,-2.218447,-0.02570588,1.819614,-0.2094959
409,0.016684,1,100,0,35.65697,0,0,109.2411,0,0,0.9957806,0.09116468,0.01049704,-0.08973771,0.9912914,-0.09637877,-0.01919197,0.09503014,0.9952897,582.2406,-14.80148,32.87611,20.57472,16.37463,108.1846,111.3345,0.0546362,36.72883,-2.571981,-0.05521009,1.715977,-0.2260648
410,0.01683,1,100,0,27.24197,0,0,108.8363,0,0,0.9944743,0.09776537,0.03824731,-0.09373792,0.9909787,-0.09578317,-0.04726654,0.09166868,0.9946671,582.5641,-14.52426,34.69832,16.52814,16.65885,108.4214,110.9319,0.6447812,34.4076,-3.216659,-0.01761842,1.608039,-0.2614654
411,0.016537,1,100,0,18.97347,0,0,108.5891,0,0,0.9924803,0.104539,0.06367625,-0.09821064,0.9905727,-0.09550352,-0.0730598,0.08853169,0.9933907,582.8168,-14.25163,36.49202,12.76566,16.13391,108.5333,110.466,-0.04227314,32.0978,-3.720019,-0.06127277,1.502621,-0.2880514
412,0.016685,1,100,0,10.63097,0,0,108.3117,0,0,0.9899002,0.1115455,0.08749333,-0.1032017,0.9901412,-0.09470847,-0.09719506,0.08472247,0.9916527,583.0096,-13.98593,38.30325,9.14022,15.49864,108.5773,110.0581,-0.5514123,29.73099,-4.178309,-0.0929905,1.394147,-0.3116161
413,0.016688,1,100,0,2.286971,0,0,108.0957,0,0,0.9868846,0.1186716,0.1094347,-0.1086279,0.989667,-0.09359179,-0.1194106,0.08047664,0.9895782,583.143,-13.73128,40.11522,5.693083,14.77557,108.5655,109.7142,-0.9242458,27.33247,-4.584791,-0.1153936,1.283833,-0.3319673
414,0.016673,1,100,0,-6.049529,0,0,107.9434,0,0,0.9835646,0.1258622,0.1294574,-0.1144267,0.9891347,-0.09229739,-0.1396676,0.07596705,0.9872799,583.2198,-13.4893,41.92511,2.433254,13.98166,108.5109,109.435,-1.198467,24.90793,-4.938007,-0.1308608,1.171994,-0.3491489
415,0.016688,1,100,0,-14.39353,0,0,107.8529,0,0,0.9800544,0.133089,0.1475832,-0.1205487,0.9885349,-0.09092364,-0.1579921,0.07131915,0.9848617,583.2434,-13.26068,43.73554,-0.6408855,13.12927,108.4255,109.2194,-1.403148,22.45517,-5.238284,-0.1412214,1.05857,-0.3632609
416,0.01668,1,100,0,-22.73353,0,0,107.8217,0,0,0.9764863,0.1401689,0.163791,-0.1268145,0.9878919,-0.08937664,-0.1743356,0.06650399,0.9824383,583.2166,-13.04811,45.54312,-3.551612,11.96869,108.2433,108.9609,-1.962604,19.98238,-5.099093,-0.1735447,0.9444792,-0.3495106
417,0.016656,1,100,0,-31.06153,0,0,107.7575,0,0,0.9729735,0.1470076,0.1780775,-0.1331454,0.9872261,-0.08750588,-0.1886668,0.0614307,0.9801183,583.1429,-12.85443,47.34541,-6.154809,10.9408,108.1237,108.85,-2.220791,17.48971,-5.541472,-0.1858098,0.8293377,-0.3733777
418,0.01669,1,100,0,-39.40652,0,0,107.8073,0,0,0.9695364,0.1540408,0.1904489,-0.1399142,0.9864566,-0.08560129,-0.2010556,0.05634706,0.977958,583.0268,-12.67772,49.14937,-8.573978,9.876801,108.0053,108.7943,-2.443879,14.97161,-5.925506,-0.1952198,0.71278,-0.3939439
419,0.016687,1,100,0,-47.75002,0,0,107.905,0,0,0.9662611,0.1612168,0.2008701,-0.1470416,0.9855831,-0.08369577,-0.2114674,0.05133569,0.9760363,582.8713,-12.51894,50.95109,-10.79914,8.78687,107.8978,108.7923,-2.643941,12.436,-6.250286,-0.2025237,0.5951914,-0.4111792
420,0.016669,1,100,0,-56.08452,0,0,108.0469,0,0,0.9632182,0.1684931,0.2093347,-0.1544562,0.9846073,-0.08180448,-0.219896,0.04646251,0.9744165,582.6801,-12.37859,52.74918,-12.82523,7.679735,107.8098,108.8412,-2.828758,9.887047,-6.516213,-0.2081992,0.476776,-0.4251143
421,0.016924,1,100,0,-64.54652,0,0,108.2287,0,0,0.9604209,0.1759551,0.2159437,-0.1622209,0.9835144,-0.07990074,-0.2264427,0.04170777,0.9731314,582.4525,-12.255,54.57341,-14.67992,6.54489,107.7475,108.9397,-3.005267,7.280406,-6.727798,-0.2125437,0.3554695,-0.4359855
422,0.01644,1,100,0,-72.76653,0,0,108.4496,0,0,0.9580353,0.1832428,0.2204323,-0.1699333,0.9823586,-0.07806496,-0.2308484,0.03733019,0.9722733,582.2024,-12.15343,56.34465,-16.27912,5.441235,107.7206,109.0795,-3.166576,4.741714,-6.877054,-0.2154535,0.2371169,-0.443377
423,0.016685,1,100,0,-81.10902,0,0,108.695,0,0,0.9560065,0.1904998,0.2230728,-0.1777607,0.9811308,-0.07605068,-0.2333513,0.03305136,0.9718308,581.9228,-12.06995,58.1415,-17.72513,4.122105,107.6359,109.1635,-3.693098,2.152091,-6.563083,-0.2407772,0.1171467,-0.4214113
424,0.016843,1,100,0,-89.53053,0,0,108.8764,0,0,0.9544408,0.1973648,0.2238079,-0.1853845,0.9799097,-0.07355032,-0.2338278,0.02870889,0.9718542,581.6174,-12.00824,59.95423,-18.94906,2.74546,107.6034,109.2936,-4.168544,-0.4760921,-6.206588,-0.2620575,-0.004914437,-0.3971083
425,0.016514,1,100,0,-97.78752,0,0,109.0844,0,0,0.9534005,0.2036301,0.2226266,-0.1925357,0.9787408,-0.07068963,-0.2322883,0.02453195,0.972338,581.2991,-11.97047,61.73131,-19.91641,1.366491,107.6255,109.4613,-4.568521,-3.059272,-5.823156,-0.2781061,-0.1252224,-0.3715024
426,0.016684,1,100,0,-106.1295,15.0156,0,109.3083,0,0,0.9528238,0.2097033,0.2194344,-0.199601,0.97755,-0.06749566,-0.2286621,0.02051215,0.9732898,580.9631,-11.95523,63.52814,-20.57495,0.005182801,107.8428,109.788,-4.9302,-5.957457,-6.041975,-0.2899693,-0.2603649,-0.384756
427,0.016692,1,100,0,-90.68942,30.0384,0,109.6671,0,0,0.9526318,0.2159466,0.2141489,-0.206889,0.9762611,-0.06411996,-0.2229117,0.01677767,0.9746943,580.617,-11.96258,65.32999,-21.05297,-1.331901,108.1562,110.1942,-5.272348,-8.452451,-6.213609,-0.3014624,-0.3767743,-0.3954708
428,0.016688,1,100,0,-99.03342,21.6944,0,110.0898,0,0,0.9527423,0.2223304,0.207006,-0.2143393,0.9748805,-0.06055612,-0.2152696,0.01332486,0.976464,580.2642,-11.99198,67.13671,-21.31648,-2.623181,108.4833,110.5889,-5.575872,-10.81575,-6.338424,-0.310443,-0.4872978,-0.4034917
429,0.016679,1,100,0,-107.3729,13.3549,0,110.4838,0,0,0.9530991,0.2288218,0.198098,-0.2218869,0.9734148,-0.05683214,-0.205836,0.01021132,0.9785333,579.9083,-12.04251,68.948,-21.36049,-3.844192,108.8244,110.9676,-5.808185,-13.05655,-6.422437,-0.3148532,-0.5924949,-0.409128
430,0.016688,1,100,0,-91.93652,5.010899,0,110.8458,0,0,0.953609,0.2353965,0.1876653,-0.2294774,0.9718708,-0.05298417,-0.1948587,0.007461231,0.980803,579.5528,-12.11288,70.76601,-21.18763,-4.962742,109.1745,111.3222,-5.959987,-14.51982,-6.460592,-0.3168198,-0.6614417,-0.4120702
431,0.016688,1,100,0,-100.2805,0,0,111.1703,0,0,0.9541653,0.2419791,0.1761103,-0.2370385,0.9702691,-0.04889543,-0.1827061,0.004909404,0.9831555,579.2014,-12.20156,72.58921,-20.79456,-6.016471,109.4093,111.5303,-6.465137,-15.99452,-6.354007,-0.34069,-0.7296035,-0.4058088
432,0.016672,0.5,100,0,-84.85892,0,0,111.3361,0,0,0.9547166,0.2484928,0.1636087,-0.2445446,0.9686315,-0.04417364,-0.1694534,0.002163675,0.9855362,578.8561,-12.30374,74.41521,-20.5465,-6.3544,109.7553,111.8426,-7.329645,-16.90612,-6.308169,-0.3892722,-0.7696312,-0.4036649
433,0.016709,0.5,100,0,-93.21342,0,0,111.6357,0,0,0.9551763,0.2549998,0.1503774,-0.2520517,0.9669406,-0.03867507,-0.1552681,-0.0009613596,0.9878719,578.5154,-12.4163,76.24806,-20.06724,-7.501056,109.5675,111.6422,-7.793104,-17.97416,-6.217453,-0.4116477,-0.8188371,-0.3988824
434,0.016687,0.5,100,0,-101.5569,0,0,111.3616,0,0,0.9555423,0.261444,0.1363305,-0.2594302,0.9652097,-0.03265392,-0.1401247,-0.00416605,0.9901251,578.9204,-12.3232,77.78114,23.00826,4.565107,88.72647,111.4495,-10.72436,-33.8065,-11.02015,-0.5227092,-1.558876,-0.7090392
435,0.016865,0.5,100,0,-85.95679,0,0,84.60727,0,0,0.9556907,0.2730247,0.1100587,-0.2719227,0.9619892,-0.02519408,-0.1127539,-0.005849699,0.9936057,579.2899,-12.25846,79.2762,19.72052,2.377921,88.5127,90.71412,-11.17074,-33.30514,-10.69467,-0.5457977,-1.534958,-0.689181
436,0.016603,0.5,100,0,-94.25829,0,0,85.70924,0,0,0.9550694,0.284073,0.0845295,-0.2836483,0.9587734,-0.01724656,-0.08594392,-0.00750499,0.996272,579.6318,-12.2218,80.73531,19.02023,1.178708,84.2296,90.005,-11.6035,-33.04272,-10.40107,-0.5672954,-1.522326,-0.6713785
437,0.016691,0.5,100,0,-102.6038,0,0,82.27207,0,0,0.9537069,0.294884,0.0590495,-0.2949031,0.9554887,-0.008589503,-0.05895404,-0.009222012,0.9982185,579.9611,-12.20606,82.13308,18.07661,-0.1010946,80.44341,85.882,-11.94307,-32.88546,-9.997959,-0.5825937,-1.515091,-0.6465973
438,0.016675,0.5,100,0,-87.17941,0,0,79.23534,0,0,0.9516596,0.3052794,0.03388827,-0.305475,0.9521998,0.0006279675,-0.0320767,-0.01094963,0.9994254,580.2743,-12.21182,83.46771,17.27396,-1.329664,76.99899,82.19673,-12.22006,-32.29713,-9.53645,-0.5964634,-1.487419,-0.6179948
439,0.017132,0.5,100,0,-95.74541,0,0,76.41521,0,0,0.9488941,0.3154798,0.008516133,-0.3155592,0.9488465,0.01061496,-0.004731698,-0.01275982,0.9999074,580.5958,-12.23343,84.77565,17.92454,-1.996817,73.32141,78.86207,-12.47966,-32.58544,-9.17816,-0.6048419,-1.501886,-0.596217
440,0.01613,1,100,0,-103.8104,0,0,73.25529,0,0,0.9456406,0.3248413,-0.01556874,-0.3245132,0.945662,0.02037338,0.02134088,-0.01421363,0.9996716,580.897,-12.27205,85.953,13.51375,-4.958962,71.26311,75.37006,-12.47627,-31.18717,-8.471762,-0.6064338,-1.436343,-0.5515043
441,0.016936,1,100,0,-88.14462,0,0,71.59859,0,0,0.9417524,0.3339675,-0.03960136,-0.3329385,0.9424579,0.03042035,0.04748202,-0.01546363,0.9987527,581.1243,-12.36392,87.16403,12.52288,-6.093761,69.40558,73.60571,-11.2711,-30.59177,-8.179622,-0.5294271,-1.416123,-0.53326
442,0.016533,1,100,0,-96.41112,0,0,70.00785,0,0,0.9373952,0.3425842,-0.06266394,-0.3406591,0.9393563,0.0395177,0.0724019,-0.01569666,0.9972524,581.3412,-12.46566,88.31271,12.04377,-6.534291,67.53403,71.66625,-11.18375,-30.36775,-7.971043,-0.5202914,-1.407516,-0.5199593
443,0.016677,1,100,0,-104.7496,0,0,68.32304,0,0,0.9324335,0.3510212,-0.08574573,-0.3479828,0.9362395,0.04862239,0.09734604,-0.01549911,0.9951304,581.5524,-12.57447,89.44074,11.65294,-6.764985,65.83154,69.85495,-10.85059,-30.32935,-7.69051,-0.4950131,-1.409298,-0.5018225
444,0.016686,1,100,0,-89.31507,0,0,66.75019,0,0,0.9269465,0.3591195,-0.1086438,-0.3548053,0.9331765,0.05740186,0.121998,-0.01466106,0.9924221,581.7563,-12.68637,90.54176,11.35129,-6.777499,64.2645,68.17727,-10.30825,-29.80609,-7.346956,-0.4599475,-1.388749,-0.4791456
445,0.01668,1,100,0,-97.65508,0,0,65.26171,0,0,0.921013,0.3667873,-0.1311574,-0.361102,0.9302126,0.06565038,0.146084,-0.01310365,0.9891856,581.9679,-12.79223,91.61274,11.86082,-6.293191,62.58416,66.60898,-9.623011,-29.88448,-7.056026,-0.4128591,-1.398288,-0.4595857
446,0.016834,1,100,0,-106.0721,0,0,63.72248,0,0,0.9145036,0.3741293,-0.153983,-0.367038,0.9273177,0.0732493,0.1701959,-0.01046912,0.985355,582.1791,-12.89399,92.66875,11.65782,-5.934416,61.21617,65.02673,-8.807908,-29.82761,-6.612724,-0.3588594,-1.402037,-0.4296386
447,0.016532,1,100,0,-90.77998,0,0,62.3659,0,0,0.9077183,0.3807712,-0.1762409,-0.3723585,0.9246436,0.07989676,0.1933824,-0.006898962,0.9810993,582.3783,-12.98903,93.68481,11.36665,-5.486506,59.95572,63.60452,-7.967688,-29.22982,-6.111444,-0.3072237,-1.37946,-0.395437
448,0.016688,1,100,0,-75.34357,0,0,61.05848,0,0,0.900618,0.3868184,-0.1981379,-0.3771927,0.9221524,0.08579341,0.2158998,-0.002530925,0.9764121,582.5702,-13.07836,94.69092,11.76837,-5.083829,60.95215,62.28567,-6.927569,-28.70571,-5.61845,-0.2433929,-1.361683,-0.3614614
449,0.016899,1,100,0,-59.712,0,0,62.06807,0,0,0.8931867,0.3922593,-0.2198873,-0.3817995,0.9198481,0.0900493,0.2375856,0.003522031,0.9713605,582.7722,-13.16082,95.72701,12.33368,-4.468077,62.02414,63.39619,-3.88641,-27.77877,-5.079589,-0.0598834,-1.336905,-0.3239084
450,0.016462,1,100,0,-51.481,0,0,63.16237,0,0,0.8858089,0.3968621,-0.2405061,-0.3862601,0.9178058,0.09184694,0.2571885,0.01153906,0.9662925,582.9897,-13.22536,96.74995,17.57866,-1.523736,59.1786,64.37485,-2.707924,-26.92054,-4.757763,0.008995184,-1.303423,-0.2996709
451,0.016701,1,100,0,-43.1305,0,0,61.68729,0,0,0.8782043,0.4009571,-0.2607503,-0.390647,0.9158674,0.09263912,0.275957,0.02050523,0.9609514,583.2823,-13.24732,97.74483,17.41138,-0.8960725,60.35244,62.82019,-1.717802,-25.68356,-4.353377,0.06337781,-1.250081,-0.2701856
452,0.016814,1,100,0,-34.7235,0,0,62.78219,0,0,0.8706028,0.4044313,-0.2801536,-0.3948277,0.9140764,0.09260302,0.2935334,0.02999193,0.9554782,583.593,-13.25196,98.76105,19.38218,0.8303831,58.51634,63.88626,-1.15795,-22.44322,-4.337888,0.07781399,-1.095023,-0.2667933
453,0.016664,1,100,0,-26.3915,0,0,61.62531,0,0,0.8635178,0.4077139,-0.2968274,-0.3989641,0.9122941,0.09245247,0.3084881,0.03858913,0.9504454,584.2167,-13.13032,99.66055,19.35446,2.093846,54.99195,62.7223,-0.5567482,-19.33302,-4.056173,0.09513845,-0.946555,-0.2476273
454,0.016702,1,100,0,-18.0405,0,0,58.31826,0,0,0.8570623,0.4106587,-0.3111327,-0.4028963,0.9106047,0.09205258,0.3211211,0.0464594,0.9458979,584.5386,-13.09164,100.5859,19.11858,2.761461,56.22375,59.44961,-0.106164,-18.02094,-3.575316,0.1147213,-0.8857105,-0.2154365
455,0.016689,1,100,0,-9.696002,0,0,59.4496,0,0,0.8509743,0.4130367,-0.3244126,-0.4064488,0.9091018,0.09128775,0.3326292,0.05417357,0.9415006,584.8574,-13.04152,101.5306,19.07672,3.488372,57.37105,60.56011,0.1939893,-16.5818,-3.082072,0.1239407,-0.8175085,-0.1829426
456,0.01669,1,100,0,-1.351003,0,0,60.54933,0,0,0.8453274,0.4148136,-0.3366769,-0.4098233,0.9077675,0.08946099,0.342734,0.0623542,0.9373611,585.1761,-12.97807,102.495,19.12646,4.431761,58.60051,61.80195,2.922024,-15.03126,-2.394801,0.2802445,-0.7601663,-0.1395423
457,0.016681,1,100,0,6.989497,0,0,61.76146,0,0,0.8402025,0.4158719,-0.348009,-0.4134163,0.9065463,0.08520949,0.3509225,0.07227936,0.9336107,585.4957,-12.89805,103.479,19.24413,5.530818,59.76992,63.03468,4.974464,-13.37413,-1.706566,0.394252,-0.6930078,-0.09629443
458,0.016677,1,100,0,15.328,0,0,62.9548,0,0,0.8356954,0.4162371,-0.3582735,-0.4170286,0.9054379,0.07917957,0.3573519,0.08324029,0.9302531,585.8176,-12.79915,104.4819,19.41822,6.733403,60.87791,64.25361,6.386367,-11.61992,-1.022805,0.4682902,-0.6167265,-0.05378371
459,0.016678,1,100,0,23.667,0,0,64.13149,0,0,0.8318668,0.4160439,-0.3672945,-0.420405,0.9044484,0.0723379,0.3622947,0.09423695,0.9272876,586.1434,-12.68087,105.5026,19.75328,7.810982,61.83561,65.3823,6.145457,-9.775144,-0.6141344,0.4409236,-0.5244727,-0.02872533
460,0.016833,1,100,0,32.0835,0,15.1497,65.23198,0,0,0.8287256,0.4155337,-0.3748941,-0.4233148,0.9035914,0.06578105,0.3660853,0.1041838,0.9247309,586.4781,-12.54353,106.5488,20.16265,8.85874,62.77722,66.52811,5.782874,-7.664024,-0.2065218,0.4043161,-0.4181782,-0.004809467
461,0.016536,1,100,0,40.35149,0,30.0321,66.35622,0,0,0.8264407,0.4148096,-0.3806952,-0.4256485,0.9029109,0.05979281,0.3685365,0.1126271,0.9227654,586.8141,-12.39171,107.5919,20.62004,9.828674,63.68834,67.66087,5.375846,-5.369176,0.1858804,0.3637875,-0.3024251,0.01712363
462,0.016678,1,100,0,48.69049,0,45.0423,67.47561,0,0,0.825013,0.413942,-0.3847148,-0.4274682,0.9024006,0.05426025,0.3696274,0.1196879,0.9214393,587.1608,-12.22276,108.6592,21.12213,10.73478,64.60594,68.81357,4.964718,-2.838493,0.5706614,0.3214801,-0.174916,0.03751448
463,0.016883,1,100,0,57.132,0,60.237,68.6226,0,0,0.8245292,0.4130082,-0.3867506,-0.428775,0.9020711,0.04919261,0.3691935,0.1252682,0.9208716,587.5204,-12.03684,109.7552,21.65775,11.56905,65.54529,69.99347,4.582687,-0.06712613,0.9461151,0.2794167,-0.03563523,0.05629741
464,0.016473,1,100,0,65.3685,0,75.0627,69.80393,0,0,0.8250485,0.4120754,-0.3866378,-0.4296186,0.9019139,0.04448683,0.3670459,0.129403,0.921158,587.8795,-11.84106,110.8405,22.0834,12.51705,66.55393,71.23046,5.086779,2.817764,1.426497,0.2906933,0.1031844,0.08033113
465,0.016686,1,100,0,73.7115,0,90.0801,71.03204,0,0,0.8266121,0.4110931,-0.3843372,-0.4301831,0.9018794,0.03944936,0.3628432,0.132726,0.9223497,588.2502,-11.62721,111.9568,22.50392,13.41486,67.60462,72.50359,5.440264,5.924974,1.888902,0.2914134,0.2540511,0.1025765
466,0.016675,1,100,0,82.049,0,100,72.30099,0,0,0.8292327,0.4101375,-0.3796847,-0.4304118,0.9019806,0.03430342,0.3565374,0.1349753,0.9244798,588.6276,-11.39897,113.0901,22.89702,14.23441,68.68059,73.78289,5.682909,9.141539,2.32377,0.2847599,0.4110945,0.1227866
467,0.016635,1,100,0,90.3665,0,100,73.57876,0,0,0.8328683,0.4092534,-0.3726152,-0.430282,0.9022231,0.02917109,0.3481204,0.136034,0.9275273,589.0104,-11.15816,114.2386,23.2352,14.95867,69.76771,75.04111,5.852969,12.33464,2.727965,0.2739336,0.5674553,0.1412118
468,0.016676,1,100,0,98.7045,0,100,74.83499,0,0,0.8374442,0.408451,-0.3631188,-0.4299345,0.9025494,0.02368671,0.3374075,0.136281,0.931442,589.3987,-10.90349,115.4087,23.37846,15.89744,70.95827,76.38296,7.289026,15.5238,3.124507,0.3405942,0.7152537,0.1580303
469,0.016684,1,100,0,107.0465,0,100,76.14809,0,0,0.8428312,0.407748,-0.3512511,-0.4296191,0.9028467,0.01718883,0.3241346,0.1364169,0.9361237,589.789,-10.63336,116.5993,23.41429,16.778,72.1732,77.70908,8.356995,18.7014,3.483327,0.3849265,0.8649465,0.1728439
470,0.016675,1,100,0,91.62212,0,100,77.44123,0,0,0.8488674,0.4071442,-0.3371319,-0.429208,0.9031504,0.01000166,0.3085529,0.1362096,0.9414044,590.179,-10.34914,117.8097,23.33485,17.57941,73.41135,79.01125,9.111671,21.1991,3.802636,0.4146311,0.9830266,0.1870671
471,0.01679,1,100,0,100.0171,0,100,78.70429,0,0,0.855392,0.4065757,-0.3209374,-0.4286455,0.9034705,0.002085261,0.2908053,0.1357847,0.9470983,590.5694,-10.04933,119.0496,23.06899,18.41025,74.71841,80.33652,10.29794,23.76071,4.164273,0.4703096,1.101318,0.2035448
472,0.016577,1,100,0,84.6834,0,100,79.97409,0,0,0.8621331,0.4060143,-0.3031157,-0.4279383,0.9037843,-0.006566755,0.271285,0.1353763,0.9529315,590.9496,-9.740024,120.2954,22.66852,19.15534,76.02596,81.61332,11.07657,25.6686,4.476171,0.5054284,1.189955,0.2187081
473,0.016687,1,100,0,93.02689,0,100,81.19034,0,0,0.8690273,0.4054326,-0.2835775,-0.4269586,0.9041336,-0.01577515,0.2499962,0.1347849,0.9588197,591.325,-9.416711,121.5714,22.12801,19.81468,77.35333,82.86018,11.52424,27.68136,4.744519,0.5197106,1.286002,0.2313176
474,0.01683,1,100,0,101.4419,0,100,82.37054,0,0,0.8759971,0.4048734,-0.2621198,-0.4256195,0.9045506,-0.02522862,0.2268862,0.1336635,0.9647056,591.6935,-9.080078,122.8808,21.44455,20.3762,78.69686,84.07291,11.70743,29.79704,4.968283,0.5172116,1.388901,0.2414649
475,0.016514,1,100,0,86.16644,0,100,83.50833,0,0,0.8827131,0.4043512,-0.2394118,-0.423918,0.9050464,-0.03442339,0.2027597,0.131877,0.9703081,592.0433,-8.741164,124.1877,20.63652,20.81549,80.01412,85.21391,11.68795,31.29078,5.141511,0.5064243,1.462343,0.2503889
476,0.016678,1,100,0,94.50544,0,100,84.56769,0,0,0.8892,0.4038158,-0.2150727,-0.4217971,0.9056483,-0.043459,0.1772308,0.1293608,0.9756308,592.3822,-8.392185,125.5295,19.68297,21.14186,81.337,86.31399,11.51303,32.9237,5.270729,0.4852907,1.543682,0.2569011
477,0.016779,1,100,0,102.8949,0,100,85.57823,0,0,0.8953039,0.4033658,-0.1890158,-0.4192927,0.9063708,-0.0518232,0.1504147,0.1256505,0.9806057,592.7072,-8.037528,126.9014,18.73048,21.12596,82.60981,87.30131,10.39286,34.67951,5.124264,0.4057206,1.637702,0.2473273
478,0.016594,1,100,0,87.54549,0,100,86.47947,0,0,0.900748,0.4031087,-0.1617293,-0.416553,0.9072097,-0.05877217,0.1230308,0.1203077,0.9850835,593.0121,-7.687825,128.2792,17.64932,20.96862,83.85189,88.21747,9.444055,35.85552,4.94603,0.3403149,1.701851,0.2379344
479,0.01668,1,100,0,95.8855,0,100,87.29521,0,0,0.905506,0.40291,-0.1331256,-0.4136387,0.9081113,-0.06509057,0.09466721,0.1140058,0.9889594,593.2985,-7.337358,129.685,16.20508,21.09451,85.13618,89.19503,10.04339,37.18818,4.88265,0.3685112,1.763339,0.2350847
480,0.016678,1,100,0,104.2245,0,100,88.13522,0,0,0.9094785,0.4027025,-0.1033418,-0.410627,0.9089819,-0.07167705,0.06507127,0.1076237,0.99206,593.56,-6.985339,131.1119,14.60831,21.12953,86.37946,90.1181,10.37485,38.65461,4.780167,0.379471,1.833203,0.2300884
481,0.01692,1,100,0,88.57349,0,100,88.91823,0,0,0.9125927,0.4024821,-0.07199192,-0.4074576,0.9098547,-0.07837768,0.03395658,0.1008606,0.9943212,593.7972,-6.628177,132.5803,12.8391,21.06531,87.58793,90.9958,10.49085,39.58421,4.638119,0.3807775,1.87796,0.2242032
482,0.016394,1,100,0,96.77049,0,100,89.65116,0,0,0.9146298,0.4022311,-0.04077657,-0.4042811,0.9107031,-0.08471578,0.003060024,0.09396878,0.9955707,593.9977,-6.283728,134.0223,10.98602,20.8995,88.69849,91.78728,10.42408,40.6442,4.465774,0.3700807,1.930354,0.2166095
483,0.016681,1,100,0,105.111,0,100,90.30314,0,0,0.9156252,0.4019523,-0.008058041,-0.4009742,0.9115763,-0.09082051,-0.02915999,0.08638861,0.9958346,594.1698,-5.936614,135.5079,8.970461,20.62561,89.75751,92.53267,10.22462,41.87688,4.257852,0.3501721,1.992098,0.2073237
484,0.016677,1,100,0,89.68477,0,100,90.90388,0,0,0.9154466,0.4016288,0.02553373,-0.3976286,0.9124616,-0.09646332,-0.06204099,0.07815407,0.9950089,594.3075,-5.594759,137.0103,6.829489,20.24214,90.73533,93.21633,9.929879,42.58228,4.019257,0.327911,2.028433,0.19758
485,0.016943,1,100,0,98.15627,0,100,91.44076,0,0,0.9139747,0.4012646,0.06030798,-0.3943069,0.9133673,-0.1014026,-0.09577261,0.06889956,0.993016,594.411,-5.255727,138.5527,4.659674,19.54334,91.61234,93.78954,8.766315,43.48634,3.583085,0.2512692,2.080379,0.1763309
486,0.016402,1,100,0,106.3573,0,100,91.87278,0,0,0.9111907,0.4009555,0.09469005,-0.3913335,0.9142004,-0.1053353,-0.1288005,0.05892515,0.9899182,594.4743,-4.937108,140.0597,2.250906,19.1872,92.40198,94.39989,9.087445,44.52127,3.119438,0.2646347,2.129059,0.1532368
487,0.016678,1,100,0,90.93012,0,100,92.3111,0,0,0.9069254,0.4006796,0.1301636,-0.3885087,0.9149249,-0.1094261,-0.1629347,0.04867158,0.9854361,594.4976,-4.619573,141.6047,-0.3151402,18.7401,93.09436,94.96236,9.176552,45.06028,2.630442,0.2669792,2.154845,0.1295855
488,0.016901,1,100,0,99.38062,0,100,92.702,0,0,0.9011024,0.4004156,0.1663793,-0.3858781,0.915543,-0.113488,-0.1977698,0.03806219,0.9795095,594.4771,-4.305928,143.1815,-3.021972,18.18986,93.67413,95.47169,9.068225,45.80551,2.120792,0.2558482,2.19206,0.1050048
489,0.016426,1,100,0,107.5936,0,100,93.0447,0,0,0.8939161,0.400165,0.201946,-0.3835945,0.916037,-0.1171826,-0.2318824,0.02728604,0.9723613,594.4127,-4.010609,144.7227,-5.741826,17.55337,94.11324,95.90825,8.817702,46.69899,1.615445,0.2349906,2.237485,0.08102983
490,0.016677,1,100,0,92.1674,0,100,93.32246,0,0,0.8850406,0.3998774,0.2383301,-0.3815905,0.916433,-0.1205797,-0.2666307,0.01577346,0.9636699,594.3011,-3.722033,146.2941,-8.580382,16.80129,94.42641,96.29254,8.463698,47.10241,1.095701,0.2109895,2.259471,0.05715401
491,0.016677,1,100,0,100.5059,0,100,93.5487,0,0,0.8745943,0.3995141,0.2747242,-0.3799358,0.9167197,-0.1235885,-0.3012204,0.003712215,0.9535475,594.1419,-3.446613,147.87,-11.48553,15.93887,94.60017,96.61861,8.041304,47.70797,0.5728902,0.1814997,2.291822,0.03361703
492,0.01667,1,100,0,85.08615,0,100,93.7246,0,0,0.8625764,0.3990375,0.3110166,-0.3786077,0.9168928,-0.1263486,-0.3355867,-0.008767985,0.9419687,593.9337,-3.185546,149.4474,-14.51043,15.1014,94.6398,96.92934,8.091455,47.83257,0.05049944,0.1841479,2.297443,0.01058551
493,0.016682,1,100,0,93.42715,0,100,93.88483,0,0,0.8490385,0.3984315,0.3469668,-0.377514,0.9169504,-0.129171,-0.3696172,-0.02131364,0.9289397,593.6745,-2.938741,151.0257,-17.58692,14.17773,94.52787,97.18964,7.984479,48.18189,-0.4713083,0.1757691,2.315117,-0.01223615
494,0.016949,1,100,0,101.9017,0,100,94.00894,0,0,0.8336651,0.3976596,0.3832354,-0.3766952,0.9168898,-0.1319619,-0.4038605,-0.03435092,0.9141754,593.3586,-2.704235,152.6265,-20.74543,13.14914,94.25645,97.40407,7.757762,48.74917,-0.9973624,0.1587363,2.344264,-0.03468779
495,0.016492,1,100,0,86.64656,0,91.754,94.09351,0,0,0.8171502,0.3967273,0.4181783,-0.3762153,0.9167126,-0.134537,-0.4367238,-0.04738819,0.8983468,592.9991,-2.49353,154.1785,-23.89178,12.02703,93.78281,97.52273,7.457653,48.70373,-1.50198,0.1412778,2.343783,-0.05605209
496,0.016703,1,100,0,94.99806,0,83.4025,94.11366,0,0,0.7990018,0.3955857,0.452889,-0.3760591,0.9164115,-0.1370035,-0.4692293,-0.06084701,0.880978,592.582,-2.299607,155.7413,-27.1277,10.77296,93.08968,97.55849,7.100791,48.76366,-2.003016,0.1197854,2.34884,-0.07680736
497,0.016664,1,100,0,103.3301,0,75.0705,94.08357,0,0,0.7794611,0.3942155,0.4868621,-0.3762556,0.9159847,-0.1392977,-0.5008715,-0.07460746,0.8623003,592.1119,-2.127639,157.2877,-30.3786,9.410165,92.18697,97.51846,6.71601,48.91953,-2.489793,0.09611011,2.358794,-0.09631064
498,0.016672,1,100,0,87.90846,0,66.7345,94.00656,0,0,0.7585565,0.3926249,0.5200365,-0.3767663,0.9154266,-0.1415685,-0.5316386,-0.08854454,0.8423307,591.5869,-1.977898,158.8187,-33.70115,8.121449,91.08228,97.45618,6.684077,48.4976,-3.062776,0.09786968,2.337948,-0.1217709
499,0.016776,1,100,0,96.29646,0,58.3465,93.91913,0,0,0.7363389,0.3909026,0.5522682,-0.3774317,0.9147362,-0.1442326,-0.5615606,-0.1022394,0.8210949,591.0024,-1.84859,160.3395,-37.09818,6.878077,89.76602,97.37311,7.007753,48.21031,-3.64921,0.1206219,2.321405,-0.1479744
500,0.016495,1,100,0,104.544,0,50.099,93.83609,0,0,0.7133264,0.3891188,0.5828826,-0.3782167,0.9139293,-0.1472597,-0.590015,-0.1154117,0.7991011,590.3726,-1.74264,161.8122,-40.34639,5.510701,88.27454,97.21416,6.688666,48.0519,-4.238229,0.1030793,2.315254,-0.1750776
501,0.016646,1,100,0,89.14641,0,41.77599,93.70926,0,0,0.6890018,0.3872429,0.6126333,-0.3793811,0.9129365,-0.1503901,-0.6175328,-0.1288024,0.7759275,589.683,-1.659005,163.2724,-43.55962,4.049174,86.58332,97.00777,6.311933,47.34313,-4.805967,0.08548707,2.282411,-0.2019212
502,0.016738,1,100,0,97.51541,0,33.40699,93.56033,0,0,0.6636536,0.3853029,0.641175,-0.3809209,0.9117552,-0.153628,-0.643788,-0.1422812,0.7518595,588.9363,-1.599853,164.7114,-46.70494,2.501134,84.70744,96.76238,5.905561,46.7925,-5.346721,0.06504956,2.257587,-0.2269578
503,0.016602,1,100,0,105.8164,0,25.106,93.40031,0,0,0.6376337,0.3832851,0.6682183,-0.3828098,0.9104038,-0.1569124,-0.6684906,-0.1557479,0.7272295,588.1442,-1.567203,166.1067,-49.72008,0.8951836,82.68952,96.49065,5.49801,46.39352,-5.850244,0.04359676,2.240312,-0.2495079
504,0.016683,1,100,0,90.38464,0,16.7645,93.23224,0,0,0.6107277,0.3811509,0.6940719,-0.3850385,0.9088717,-0.1603055,-0.6919228,-0.1693414,0.7018309,587.2984,-1.561582,167.4743,-52.63121,-0.7818229,80.51666,96.19558,5.100129,45.46256,-6.320947,0.0260637,2.196781,-0.2715051
505,0.016741,1,100,0,98.75514,0,8.393996,93.05822,0,0,0.5832219,0.3789709,0.7184939,-0.3873836,0.9072043,-0.1640563,-0.7139933,-0.1826515,0.6759084,586.4009,-1.583082,168.8095,-55.54784,-2.291274,78.21454,95.96003,5.513004,44.7082,-6.853139,0.05717773,2.156744,-0.2965222
506,0.016637,1,100,0,83.36592,0,0.07549667,92.94516,0,0,0.5555035,0.3768626,0.7412089,-0.3895481,0.9054738,-0.1684328,-0.7346212,-0.1951714,0.6498001,585.4614,-1.629828,170.0975,-58.28286,-3.848812,75.80518,95.69812,5.43644,43.46388,-7.356087,0.06103167,2.095432,-0.3226609
507,0.01672,1,100,0,67.89992,0,0,92.82521,0,0,0.5275861,0.3749135,0.7622944,-0.3917573,0.9036047,-0.1732768,-0.7537767,-0.207216,0.6236044,584.4725,-1.702893,171.3515,-60.86668,-5.414101,73.35671,95.47393,5.29077,41.88213,-7.819612,0.06246535,2.017847,-0.3483185
508,0.016662,1,100,0,52.48757,0,0,92.74734,0,0,0.5000026,0.37323,0.781471,-0.3939899,0.9016103,-0.178525,-0.7712131,-0.2186287,0.5978563,583.4448,-1.80176,172.5603,-63.27958,-6.975117,70.90305,95.29009,5.100589,40.00667,-8.23715,0.06263846,1.925969,-0.3731764
509,0.016685,1,100,0,44.14507,0,0,92.71684,0,0,0.4728671,0.3718777,0.7988139,-0.3962461,0.8994815,-0.1841798,-0.7870107,-0.2294343,0.5726902,582.3763,-1.926821,173.7297,-65.537,-8.538214,68.44681,95.14707,4.883807,38.05185,-8.60874,0.06133065,1.830305,-0.3965197
510,0.016772,1,100,0,35.75907,0,0,92.7361,0,0,0.4462382,0.3708948,0.8144376,-0.3985218,0.8972127,-0.1902367,-0.8012816,-0.2396802,0.5481803,581.2652,-2.078777,174.8641,-67.64981,-10.10617,65.99441,95.0468,4.653651,36.01528,-8.93333,0.05937747,1.730652,-0.4182333
511,0.016602,1,100,0,27.45807,0,0,92.80563,0,0,0.4206771,0.3703696,0.8281651,-0.4005794,0.8948928,-0.1967319,-0.8139824,-0.2489853,0.5248232,580.1307,-2.254288,175.9467,-69.68777,-11.5052,63.61143,95.05351,5.142791,33.93469,-9.320968,0.1015373,1.624065,-0.4441237
512,0.016675,1,100,0,19.12057,0,0,92.97401,0,0,0.3959384,0.3704146,0.8402534,-0.4021577,0.8925607,-0.2039717,-0.8255312,-0.2571541,0.5023641,578.958,-2.453803,176.9944,-71.58549,-12.8868,61.25108,95.09074,5.252382,31.78793,-9.659614,0.1203465,1.516356,-0.4690012
513,0.016917,1,100,0,10.66207,0,0,93.1803,0,0,0.3719003,0.3710822,0.8508749,-0.4034708,0.890129,-0.2118526,-0.8360032,-0.2645151,0.4807601,577.7368,-2.679462,178.0174,-73.38346,-14.24683,58.90633,95.17384,5.272052,29.55329,-9.947257,0.1338262,1.404778,-0.4921285
514,0.016455,1,100,0,2.434573,0,0,93.43712,0,0,0.3496621,0.3723591,0.8597006,-0.4045149,0.8876867,-0.2199541,-0.8450466,-0.2708521,0.4610152,576.5202,-2.920915,178.9746,-75.01257,-15.52962,56.69072,95.29896,5.219951,27.33846,-10.16995,0.1425626,1.294614,-0.5122153
515,0.016678,1,100,0,-5.904427,0,0,93.73063,0,0,0.3283705,0.374281,0.8672293,-0.4053552,0.8851351,-0.2285239,-0.8531471,-0.2764954,0.442369,575.2605,-3.186905,179.9081,-76.55623,-16.78934,54.51569,95.47093,5.163149,25.04695,-10.31,0.1513461,1.180768,-0.5281937
516,0.016685,1,100,0,-14.24693,0,0,94.07195,0,0,0.308438,0.3768265,0.8734232,-0.4059698,0.8825171,-0.237387,-0.8602646,-0.2813643,0.425182,573.9751,-3.473785,180.8061,-77.99227,-18.00605,52.42877,95.68588,5.055182,22.71484,-10.39196,0.1571453,1.065184,-0.5415213
517,0.016934,1,100,0,-22.71393,0,0,94.45201,0,0,0.2896954,0.3800442,0.8784322,-0.406392,0.8797897,-0.2466088,-0.8665577,-0.2855464,0.409318,572.6467,-3.785396,181.6826,-79.34614,-19.19553,50.41198,95.94606,4.904558,20.30793,-10.4156,0.1607506,0.946102,-0.5522196
518,0.016558,1,100,0,-30.99293,0,0,94.87376,0,0,0.2729111,0.3838447,0.8821467,-0.4065092,0.8770838,-0.2558793,-0.8719345,-0.2887685,0.3954023,571.3256,-4.108755,182.5071,-80.64664,-20.19846,48.55377,96.27734,5.184488,17.92455,-10.50321,0.190557,0.8250328,-0.5666145
519,0.016652,1,100,0,-39.31893,14.9868,0,95.34954,0,0,0.2576914,0.3884097,0.884722,-0.4061224,0.874376,-0.265577,-0.8767323,-0.2908685,0.3830611,569.9756,-4.450214,183.3061,-81.91503,-21.12255,46.84367,96.69832,5.338754,15.25973,-10.53019,0.2144248,0.6904772,-0.5793004
520,0.016704,1,100,0,-47.67093,30.0204,0,95.90543,0,0,0.2443266,0.3937933,0.8861329,-0.405312,0.8716457,-0.2756017,-0.880924,-0.2918235,0.3725754,568.6004,-4.80777,184.0799,-83.15571,-21.97372,45.28382,97.20258,5.377221,12.33747,-10.49533,0.2329646,0.5435523,-0.5899768
521,0.016669,1,100,0,-56.00543,45.0225,0,96.53795,0,0,0.2331065,0.4000098,0.8863711,-0.4041624,0.8688822,-0.2858267,-0.8844855,-0.2916098,0.3642111,567.2075,-5.178373,184.827,-84.36815,-22.75399,43.88277,97.78255,5.310848,9.192272,-10.39862,0.2468212,0.3858942,-0.5983285
522,0.016678,1,100,0,-64.34443,60.0327,0,97.24028,0,0,0.2241981,0.4070983,0.8854414,-0.4027464,0.8660577,-0.2962089,-0.8874295,-0.2901988,0.3581259,565.7938,-5.561836,185.552,-85.56039,-23.47028,42.63944,98.43555,5.150351,5.831172,-10.24044,0.2568025,0.2177514,-0.6041511
523,0.0167,1,100,0,-72.69443,75.0627,0,98.01015,0,0,0.2177866,0.4150736,0.8833363,-0.4011739,0.86314,-0.306674,-0.8897352,-0.287582,0.354497,564.3586,-5.957635,186.2581,-86.70995,-24.1625,41.56755,99.14788,4.760087,2.265697,-10.01616,0.254788,0.04054293,-0.6071798
524,0.016816,1,100,0,-81.10242,90.1971,0,98.83316,0,0,0.2140498,0.4240119,0.8799982,-0.399388,0.8601259,-0.31729,-0.891444,-0.2835448,0.3534551,562.8936,-6.366754,186.9519,-87.94764,-24.66311,40.64518,99.97543,4.960635,-1.521302,-9.836521,0.2909305,-0.1524103,-0.612451
525,0.016535,1,100,0,-89.36993,100,0,99.75974,0,0,0.2132185,0.4337197,0.875457,-0.3971385,0.8571691,-0.327936,-0.892647,-0.2777557,0.355011,561.4327,-6.776694,187.6198,-89.15444,-25.05056,39.88847,100.8322,4.97229,-5.328825,-9.597539,0.31677,-0.3454786,-0.6139671
526,0.0167,1,100,0,-97.71992,100,0,100.7022,0,0,0.215274,0.4443464,0.8696054,-0.3945351,0.8541489,-0.3387799,-0.893308,-0.2701594,0.3591863,559.9373,-7.196611,188.2825,-90.32791,-25.3322,39.27684,101.7031,4.810122,-9.097575,-9.295787,0.3330427,-0.5356962,-0.6109018
527,0.016836,1,100,0,-106.1379,100,0,101.6421,0,0,0.2202552,0.4557454,0.862429,-0.3917311,0.8510398,-0.3496829,-0.8933278,-0.2608207,0.3659756,558.4102,-7.624071,188.9413,-91.45496,-25.50272,38.83791,102.5806,4.484566,-12.8241,-8.932227,0.340547,-0.7229487,-0.6029516
528,0.016519,1,100,0,-90.85785,100,0,102.5646,0,0,0.2277918,0.4673843,0.8542031,-0.388974,0.8479076,-0.3602113,-0.8926424,-0.2502096,0.3749467,556.8937,-8.045727,189.5816,-92.48628,-25.56831,38.60546,103.4303,3.974736,-15.75375,-8.519616,0.3327564,-0.8684143,-0.5878656
529,0.016689,1,100,0,-99.20235,100,0,103.4296,0,0,0.2376962,0.4793237,0.844837,-0.3863594,0.8446557,-0.370518,-0.8911944,-0.2383399,0.3859627,555.3448,-8.472207,190.2257,-93.45141,-25.52328,38.57666,104.2725,3.359886,-18.70767,-8.050673,0.320119,-1.014635,-0.5681481
530,0.016677,1,100,0,-107.5408,100,0,104.2557,0,0,0.2499044,0.4913116,0.8343624,-0.3838584,0.8413674,-0.380465,-0.8889321,-0.2251971,0.3988555,553.7811,-8.89635,190.8699,-94.40556,-25.24705,38.72801,105.1175,3.104421,-21.65323,-7.584107,0.3300955,-1.163528,-0.5462446
531,0.01668,1,100,0,-92.11185,100,0,105.0526,0,0,0.2642733,0.5031834,0.8227796,-0.3813192,0.8381121,-0.3900821,-0.8858644,-0.2106533,0.4133642,552.2016,-9.315173,191.5178,-95.27583,-24.82799,39.07884,105.9295,2.665342,-23.92423,-7.069992,0.325146,-1.276611,-0.5177919
532,0.016702,1,100,0,-100.4628,100,0,105.7854,0,0,0.2804801,0.5147067,0.8101902,-0.3789065,0.8348941,-0.399227,-0.8819078,-0.1950111,0.4291969,550.606,-9.726796,192.1736,-96.04795,-24.27273,39.6328,106.7011,2.082606,-26.24509,-6.512353,0.3128539,-1.391447,-0.4854056
533,0.016668,1,100,0,-85.04494,100,0,106.4492,0,0,0.2983212,0.5256708,0.7966648,-0.3766827,0.8317626,-0.4077761,-0.8769919,-0.1784416,0.4461435,549.0011,-10.12733,192.8382,-96.74278,-23.5365,40.36128,107.4345,1.557007,-27.93855,-5.908913,0.2997865,-1.474502,-0.4466534
534,0.016574,1,100,0,-93.33195,100,0,107.0495,0,0,0.3174185,0.5358419,0.7823803,-0.3746582,0.8287873,-0.4156234,-0.8711353,-0.1611986,0.4638299,547.3945,-10.51271,193.5121,-97.31395,-22.67674,41.27285,108.1096,0.9111223,-29.71375,-5.276719,0.2805919,-1.561063,-0.4050852
535,0.016694,1,100,0,-101.6789,91.653,0,107.5727,0,0,0.3380107,0.5452492,0.7671063,-0.3728643,0.8259664,-0.4227906,-0.8641303,-0.1431188,0.4824894,545.7676,-10.88571,194.2074,-97.71554,-21.66708,42.39206,108.6963,0.167871,-31.43815,-4.614146,0.255559,-1.644423,-0.3600264
536,0.016676,1,100,0,-86.25365,83.315,0,107.9936,0,0,0.3596953,0.5536653,0.7510488,-0.37134,0.8233749,-0.4291397,-0.8559945,-0.124535,0.5017622,544.1367,-11.24044,194.9215,-97.95874,-20.47333,43.6838,109.1941,-0.5069981,-32.43392,-3.939821,0.2286985,-1.690646,-0.3112962
537,0.016678,1,100,0,-94.59264,74.97601,0,108.3207,0,0,0.3821085,0.5609627,0.73438,-0.370066,0.8210661,-0.434628,-0.8467846,-0.105694,0.5213295,542.5027,-11.5746,195.6582,-98.00498,-19.15171,45.15329,109.5928,-1.233559,-33.42756,-3.250695,0.1985439,-1.736434,-0.2606785
538,0.016855,1,100,0,-103.0201,66.54851,0,108.5531,0,0,0.4054752,0.5671291,0.7169061,-0.3689041,0.8190911,-0.4393169,-0.8363609,-0.08633748,0.5413374,540.851,-11.88834,196.4281,-97.95472,-17.52995,46.71371,109.93,-1.594538,-34.43077,-2.492128,0.1895274,-1.785728,-0.2041586
539,0.016516,1,100,0,-87.74284,58.29051,0,108.7269,0,0,0.4289177,0.5718859,0.6992683,-0.3676833,0.8175889,-0.4431227,-0.8251296,-0.06704617,0.5609512,539.2345,-12.16852,197.2088,-97.70362,-15.82395,48.37376,110.1654,-2.074668,-34.75557,-1.746782,0.1672456,-1.798673,-0.1471667
540,0.01668,1,100,0,-96.08284,49.95051,0,108.8144,0,0,0.4527822,0.5753426,0.6811528,-0.366458,0.8165243,-0.4460901,-0.8128324,-0.04763225,0.5805465,537.6073,-12.42242,198.0256,-97.23874,-14.01039,50.16745,110.3106,-2.621657,-35.13575,-0.9985387,0.1408073,-1.813936,-0.08957504
541,0.016788,1,100,0,-104.4768,41.55651,0,108.8307,0,0,0.4769805,0.5774553,0.6625973,-0.3652531,0.8159333,-0.4481552,-0.7994248,-0.02825445,0.6001016,535.9788,-12.64737,198.8787,-96.52439,-12.16957,52.09592,110.3587,-3.304662,-35.56695,-0.2579708,0.1060886,-1.830687,-0.03208925
542,0.016579,1,100,0,-89.14127,33.26701,0,108.7707,0,0,0.5008846,0.5781989,0.6440502,-0.3641276,0.8158406,-0.4492386,-0.7851915,-0.009499788,0.6191802,534.3834,-12.83892,199.7534,-95.60279,-10.31636,54.08677,110.3254,-3.945253,-35.37812,0.4551396,0.0677731,-1.815333,0.02390871
543,0.016678,1,100,0,-97.48026,24.92801,0,108.654,0,0,0.5246761,0.5775951,0.6253791,-0.3628933,0.8162753,-0.4494477,-0.7700802,0.00886859,0.6378855,532.7943,-12.99905,200.6662,-94.63421,-8.166782,56.01333,110.2716,-4.073317,-35.28482,1.267768,0.05918093,-1.80918,0.08618549
544,0.016694,1,100,0,-105.8273,16.58101,0,108.5336,0,0,0.5483311,0.5755989,0.6066458,-0.3612304,0.8172853,-0.4489517,-0.7542188,0.02703531,0.6560668,531.2208,-13.12331,201.6123,-93.46902,-5.99206,57.97673,110.1529,-4.278007,-35.28156,2.0503,0.04596201,-1.806978,0.1464677
545,0.017194,1,100,0,-89.92281,7.984006,0,108.3707,0,0,0.5723814,0.57214,0.5873971,-0.3591167,0.8189034,-0.4476966,-0.7371666,0.04530905,0.6741901,529.6217,-13.21355,202.6208,-92.04369,-3.757532,60.00433,109.9394,-4.5326,-34.65945,2.817862,0.02370621,-1.771939,0.2055163
546,0.016313,1,100,0,-74.83329,0,0,108.1356,0,0,0.5945087,0.5676305,0.5695217,-0.3568509,0.8209639,-0.4457306,-0.720567,0.06175642,0.6906296,528.1287,-13.26419,203.6106,-90.46176,-1.796678,62.01548,109.6927,-4.986114,-33.56754,3.482174,-0.01466629,-1.710687,0.2563913
547,0.0167,1,100,0,-66.48329,0,0,107.9025,0,0,0.6161931,0.5619296,0.5518525,-0.3543904,0.8235619,-0.4428918,-0.7033587,0.07733561,0.7066156,526.6275,-13.28358,204.6577,-88.73685,0.1111922,64.05682,109.4418,-5.341247,-32.30911,4.114759,-0.0493105,-1.641544,0.3040968
548,0.016672,1,100,0,-58.14729,0,0,107.686,0,0,0.6368307,0.5552167,0.5349591,-0.3515962,0.8266324,-0.4393848,-0.6861683,0.09172413,0.721637,525.157,-13.27009,205.736,-87.11842,2.203894,65.91133,109.2647,-5.167799,-30.92586,4.885493,-0.05460538,-1.5705,0.3588738
549,0.016812,1,100,0,-49.74129,0,0,107.5441,0,0,0.6566359,0.5474296,0.5187968,-0.348144,0.8302041,-0.4353813,-0.6690478,0.105271,0.7357261,523.7017,-13.22171,206.8544,-85.41857,4.223685,67.73855,109.0994,-5.013331,-29.414,5.603353,-0.06233907,-1.492668,0.4089951
550,0.01656,1,100,0,-41.4613,0,0,107.4308,0,0,0.6751004,0.5388889,0.5038236,-0.3441654,0.8341303,-0.4310185,-0.6525256,0.1175822,0.7485887,522.2966,-13.14135,207.9858,-83.69091,6.107769,69.49516,108.9543,-4.858675,-27.82432,6.247423,-0.07067968,-1.41091,0.4530056
551,0.016661,1,100,0,-33.1308,0,0,107.3519,0,0,0.6925788,0.529579,0.4897765,-0.3396973,0.8384246,-0.4262046,-0.6363497,0.1288045,0.7605717,520.9126,-13.03062,209.1537,-81.81618,7.719625,71.28771,108.7907,-4.970062,-26.13082,6.773087,-0.09541124,-1.3217,0.4884492
552,0.016934,1,100,0,-24.6638,0,0,107.2774,0,0,0.7091556,0.5195612,0.4766075,-0.3348493,0.8430775,-0.4208286,-0.6204633,0.1388413,0.7718478,519.5379,-12.89142,210.3709,-79.88481,9.218779,73.06493,108.6511,-4.988915,-24.31753,7.236603,-0.1154532,-1.227214,0.5184873
553,0.016437,1,100,0,-16.4453,0,0,107.2405,0,0,0.7241199,0.5093639,0.4649718,-0.3297085,0.8478291,-0.415305,-0.605758,0.1474255,0.7818716,518.2342,-12.73136,211.5805,-78.17065,10.77109,74.62679,108.6086,-4.526433,-22.48276,7.867412,-0.1068815,-1.136138,0.5573618
554,0.016656,1,100,0,-8.117299,0,0,107.289,0,0,0.738226,0.4985319,0.4544098,-0.3238098,0.8528571,-0.4096119,-0.5917513,0.1552438,0.7910308,516.9417,-12.54375,212.8319,-76.44809,12.24421,76.14844,108.5947,-4.075507,-20.54975,8.430155,-0.09925605,-1.040156,0.5908359
555,0.016748,1,100,0,0.2567005,0,15.0732,107.3748,0,0,0.7512707,0.487277,0.4451443,-0.3172692,0.8580613,-0.4038207,-0.5787337,0.1621481,0.7992343,515.6704,-12.33109,214.1156,-74.81577,13.60015,77.63689,108.6731,-3.632502,-18.26816,8.916307,-0.09403338,-0.9265807,0.6177489
556,0.016613,1,100,0,8.5632,0,30.0249,107.5537,0,0,0.7629402,0.4759274,0.4375104,-0.3102849,0.8633054,-0.3980291,-0.5671381,0.1679195,0.8063235,514.4359,-12.09834,215.4134,-73.29788,14.8263,79.07957,108.8392,-3.192062,-15.70216,9.317897,-0.09012749,-0.7988638,0.6376947
557,0.016689,1,100,0,16.9077,0,45.045,107.8234,0,0,0.7732899,0.4644924,0.4315896,-0.3027968,0.8685831,-0.392272,-0.5570788,0.172656,0.8123134,513.22,-11.8439,216.7408,-71.95598,16.08162,80.45013,109.1261,-2.404481,-12.83772,9.709135,-0.06653549,-0.6591244,0.65494
558,0.016656,1,100,0,25.2357,0,60.0354,108.2125,0,0,0.7821705,0.4531695,0.4276059,-0.2948086,0.8737859,-0.386764,-0.5489056,0.1764536,0.8170478,512.0283,-11.56954,218.0881,-70.73923,17.24858,81.78236,109.4984,-1.669455,-9.71915,10.01739,-0.04664708,-0.5066193,0.6656468
559,0.016683,1,100,0,33.5772,0,75.0501,108.6928,0,0,0.7895008,0.4420888,0.4257302,-0.2865774,0.87893,-0.3812554,-0.5427358,0.1789968,0.8206086,510.8551,-11.278,219.4604,-69.47314,17.92594,83.20142,109.8651,-1.759717,-6.358434,10.20551,-0.07706536,-0.3365406,0.6686692
560,0.016672,1,100,0,41.9132,0,90.0549,109.19,0,0,0.795139,0.4314508,0.4261507,-0.2785238,0.8840449,-0.3753524,-0.5386825,0.1797642,0.8231078,509.7032,-10.97608,220.8553,-68.34383,18.47169,84.6028,110.3164,-1.755742,-2.774329,10.31296,-0.1021282,-0.1564912,0.6654289
561,0.016687,1,100,0,50.2567,0,100,109.7734,0,0,0.7990269,0.4213653,0.4289611,-0.270687,0.8890843,-0.3691317,-0.5369219,0.178832,0.8244604,508.5682,-10.66548,222.2747,-67.3497,18.89339,85.97237,110.8341,-1.680897,0.9314493,10.34252,-0.1225264,0.02853064,0.6567109
562,0.016701,1,100,0,58.6072,0,100,110.4211,0,0,0.8011494,0.4118935,0.4341695,-0.2630682,0.8940014,-0.3627072,-0.5375449,0.1763665,0.8245848,507.4479,-10.34772,223.7176,-66.53381,19.28871,87.24809,111.4048,-1.382866,4.569799,10.36279,-0.1278357,0.2078753,0.6475005
563,0.016897,1,100,0,67.0557,0,100,111.1102,0,0,0.8015364,0.4029396,0.4417909,-0.2555355,0.8988089,-0.3561521,-0.5405934,0.1725756,0.8233934,506.3275,-10.02017,225.1986,-65.86388,19.57432,88.45651,112.0079,-1.054031,8.187212,10.30834,-0.1300803,0.385376,0.6340156
564,0.016443,1,100,0,75.2772,0,100,111.8181,0,0,0.8001975,0.3948621,0.4514069,-0.2484256,0.9032975,-0.3497696,-0.5458655,0.1677437,0.8209102,505.2471,-9.697385,226.6591,-65.38631,19.74095,89.53868,112.6155,-0.7161878,11.6411,10.18501,-0.1298667,0.5541618,0.6172168
565,0.016694,1,100,0,83.6242,0,100,112.5068,0,0,0.7970961,0.3873096,0.4632806,-0.2414784,0.9076421,-0.3433276,-0.5534672,0.1617928,0.8170049,504.1572,-9.367474,228.1593,-65.0907,19.80211,90.53217,113.2475,-0.3627554,15.09759,9.993903,-0.1279397,0.7224671,0.5969003
566,0.016829,1,100,0,92.0387,0,100,113.1946,0,0,0.7921479,0.3803592,0.477314,-0.2348007,0.9117903,-0.3369082,-0.5633564,0.1548074,0.8115814,503.0623,-9.034467,229.6879,-64.99992,19.75628,91.41239,113.8926,-0.001766612,18.53317,9.737694,-0.1247656,0.8892076,0.5734721
567,0.016518,1,100,0,100.2977,0,100,113.8651,0,0,0.7854477,0.374178,0.493014,-0.2286095,0.9156241,-0.3307119,-0.5751607,0.1470492,0.8047155,501.988,-8.708932,231.2018,-65.1256,19.60869,92.14208,114.5251,0.3518666,21.85448,9.427518,-0.1208798,1.049934,0.5479524
568,0.016707,1,100,0,84.84373,0,100,114.4893,0,0,0.7768791,0.3684494,0.5105917,-0.222652,0.9192756,-0.3245897,-0.5889695,0.1384827,0.796202,500.8978,-8.382421,232.7443,-65.52338,19.41022,92.69508,115.1627,0.839651,24.50717,9.257131,-0.1044179,1.176155,0.5339219
569,0.016658,1,100,0,93.17273,0,100,115.0833,0,0,0.7667075,0.3630573,0.52948,-0.2168581,0.9227221,-0.3186792,-0.6042616,0.1295117,0.7861899,499.8029,-8.060642,234.2906,-66.13861,19.12779,93.08422,115.7794,1.306828,27.16739,9.029187,-0.08890783,1.302621,0.5171854
570,0.016686,1,100,0,101.5157,0,100,115.6242,0,0,0.754784,0.357975,0.5496864,-0.2112494,0.925976,-0.3129576,-0.6210275,0.1200945,0.7745339,498.6947,-7.743474,235.8451,-66.96699,18.76654,93.3008,116.3692,1.749168,29.84648,8.745986,-0.07471847,1.429909,0.497945
571,0.016697,1,100,0,86.07101,0,100,116.1067,0,0,0.7411196,0.3531747,0.5709725,-0.2058601,0.9290311,-0.3074463,-0.6390334,0.110314,0.7612277,497.5708,-7.432539,237.4032,-68.00102,18.33142,93.33195,116.9232,2.159389,31.87211,8.410988,-0.05841146,1.525293,0.4776723
572,0.016673,1,100,0,94.40751,0,100,116.524,0,0,0.7258677,0.348613,0.5929461,-0.2007114,0.9318812,-0.3021792,-0.6578989,0.1003311,0.7463931,496.4302,-7.129686,238.9584,-69.22747,17.82822,93.16739,117.4328,2.524729,33.96024,8.028708,-0.0450618,1.623841,0.4550997
573,0.016703,1,100,0,102.759,0,100,116.8729,0,0,0.7088466,0.3442729,0.6156402,-0.1959916,0.9345621,-0.2969532,-0.677587,0.08983393,0.7299357,495.2667,-6.836728,240.5129,-70.52792,16.95934,92.8458,117.8225,2.168009,36.10852,7.616543,-0.07665443,1.729281,0.4319596
574,0.016772,1,100,0,87.24491,0,100,117.0838,0,0,0.6899999,0.3400663,0.6389483,-0.1919466,0.9371212,-0.2914793,-0.6978942,0.07847677,0.7118881,494.0753,-6.557182,242.0671,-72.03845,16.0817,92.30236,118.1858,2.087843,37.6477,7.228788,-0.08752199,1.80329,0.4122861
575,0.016728,1,100,0,95.60891,0,100,117.2462,0,0,0.6696184,0.3359201,0.6623965,-0.188437,0.939528,-0.2859698,-0.718403,0.06667061,0.692425,492.8611,-6.293545,243.6071,-73.68515,15.11543,91.55252,118.4898,2.012711,39.28654,6.807731,-0.09850856,1.881966,0.3912193
576,0.016548,1,100,0,103.8829,0,100,117.3366,0,0,0.6478134,0.3317775,0.6857563,-0.1853039,0.9417709,-0.2805895,-0.7389185,0.05469635,0.6715715,491.6317,-6.048441,245.1167,-75.52145,14.20244,90.55595,118.7669,2.530281,41.00131,6.587494,-0.07299597,1.960639,0.3834857
577,0.016959,1,100,0,88.19584,0,100,117.3958,0,0,0.6238585,0.3273201,0.7096918,-0.1820378,0.9439536,-0.2753437,-0.7600416,0.04258473,0.648478,490.3396,-5.812982,246.6455,-77.50928,13.24597,89.30556,118.99,3.014793,42.16232,6.318823,-0.04601158,2.012646,0.3739062
578,0.016423,1,100,0,96.40734,0,100,117.387,0,0,0.5992587,0.3228011,0.7325903,-0.1788325,0.9459555,-0.2705313,-0.7803256,0.03110726,0.6245994,489.0556,-5.60059,248.1044,-79.52061,12.30491,87.86855,119.1462,3.422746,43.41259,6.019192,-0.02404889,2.069375,0.3623676
579,0.016719,1,100,0,104.7668,0,100,117.3174,0,0,0.5726852,0.3180196,0.7555763,-0.1755918,0.9478821,-0.2658716,-0.8007497,0.01958776,0.5986797,487.7143,-5.400256,249.5642,-81.62981,11.33699,86.18162,119.2444,3.769087,44.80958,5.677072,-0.006311921,2.133411,0.3486263
580,0.016683,1,100,0,89.33507,0,100,117.1823,0,0,0.5446432,0.3130906,0.7780348,-0.1725681,0.9496889,-0.2613644,-0.8207217,0.008086324,0.5712711,486.3408,-5.217294,250.9917,-83.71914,10.22648,84.29989,119.2474,3.569283,45.64547,5.261869,-0.01931973,2.173324,0.3308729
581,0.016705,1,100,0,97.68757,0,100,116.9509,0,0,0.5152041,0.3080161,0.7998067,-0.1700536,0.9513739,-0.2568448,-0.8400276,-0.003682464,0.542531,484.9305,-5.052938,252.3884,-85.82703,9.063181,82.20383,119.1885,3.361664,46.6384,4.820921,-0.03342845,2.220745,0.3119915
582,0.01672,1,100,0,106.0476,0,100,116.6618,0,0,0.4842732,0.3027874,0.8208529,-0.1680715,0.952928,-0.2523498,-0.8586221,-0.01575575,0.5123674,483.4836,-4.908146,253.7501,-87.9322,7.853118,79.89868,119.0695,3.147695,47.77451,4.35743,-0.04842666,2.274977,0.2923241
583,0.016702,1,100,0,90.59822,0,100,116.3143,0,0,0.4519999,0.297343,0.8410013,-0.1663628,0.9543656,-0.2480114,-0.876367,-0.02781021,0.48084,482.0028,-4.783257,255.0705,-90.09607,6.726614,77.34962,118.9349,3.693253,48.37316,4.048845,-0.01287691,2.299569,0.2828718
584,0.01668,1,100,0,98.93822,0,100,115.963,0,0,0.4186681,0.2916017,0.8600497,-0.1644112,0.9557345,-0.2440092,-0.8931327,-0.03924295,0.4480781,480.488,-4.677123,256.3455,-92.22517,5.636788,74.59356,118.7495,4.131227,49.14425,3.71072,0.01546677,2.332927,0.2714074
585,0.016671,1,100,0,107.2737,0,100,115.5719,0,0,0.384143,0.2855943,0.8779923,-0.1623132,0.9570349,-0.2402894,-0.9088945,-0.05020424,0.413994,478.9389,-4.589026,257.5728,-94.30104,4.581214,71.64,118.5157,4.453981,50.07283,3.345423,0.03622076,2.37434,0.2582558
586,0.016709,1,100,0,91.81789,0,100,115.1382,0,0,0.3483909,0.2793383,0.8947592,-0.1600749,0.9582713,-0.2368383,-0.92358,-0.06071614,0.3785681,477.3517,-4.517861,258.7523,-96.33514,3.616888,68.47721,118.2483,4.896425,50.4808,2.956338,0.06737341,2.390248,0.243071
587,0.016669,1,100,0,100.1524,0,100,114.6769,0,0,0.3118075,0.2728751,0.9101184,-0.1578775,0.9594367,-0.2335729,-0.9369372,-0.07085744,0.3422404,475.7354,-4.464336,259.8755,-98.1857,2.40192,65.16973,117.8698,4.412782,51.07252,2.675437,0.03987079,2.419415,0.234586
588,0.016902,1,100,0,84.51804,0,100,114.1273,0,0,0.2738289,0.2660131,0.9242591,-0.1562472,0.9605275,-0.2301604,-0.949002,-0.08138829,0.304584,474.0658,-4.430911,260.9574,-99.94631,1.131731,61.66497,117.4441,3.953207,51.16487,2.373298,0.01657803,2.424562,0.2245788
589,0.016563,1,100,0,92.79954,0,100,113.5393,0,0,0.2360012,0.2590106,0.9365987,-0.1551903,0.9614996,-0.2267924,-0.9592808,-0.09182777,0.267111,472.4014,-4.419234,261.9592,-101.5482,-0.1454716,58.0943,116.9915,3.528557,51.46402,2.06197,-0.005347691,2.43939,0.2142501
590,0.016619,1,100,0,101.109,0,100,112.9442,0,0,0.1973455,0.2516918,0.9474735,-0.1546515,0.9623713,-0.2234376,-0.9680588,-0.1024338,0.2288442,470.7054,-4.42891,262.9042,-103.0211,-1.452445,54.38977,116.5063,3.126801,51.95703,1.736827,-0.02636809,2.463294,0.2036252
591,0.016763,1,100,0,85.60326,0,100,112.3261,0,0,0.1577535,0.2440321,0.9568501,-0.1542843,0.9631742,-0.2202085,-0.9753513,-0.1128883,0.1895944,468.9702,-4.459331,263.7943,-104.4683,-2.535379,50.49717,116.0604,3.676522,51.96362,1.360481,0.01498364,2.459861,0.1892884
592,0.016629,1,100,0,93.91776,0,100,111.7535,0,0,0.118167,0.2362657,0.9644766,-0.1534721,0.9639565,-0.2173349,-0.9810623,-0.1223385,0.150168,467.2256,-4.50704,264.6121,-105.766,-3.531985,46.51438,115.5963,4.064523,52.18764,0.9693968,0.04538621,2.467426,0.173539
593,0.01667,1,100,0,102.2528,0,100,111.1801,0,0,0.07804993,0.2282801,0.970462,-0.1525731,0.9646995,-0.2146538,-0.9852054,-0.1313126,0.1101241,465.4564,-4.573019,265.365,-106.8164,-4.805074,42.45592,115.045,3.669836,52.61142,0.7428541,0.02594859,2.487968,0.1679995
594,0.016683,1,100,0,86.82098,0,100,110.5425,0,0,0.03753694,0.2199825,0.9747813,-0.1520935,0.9653619,-0.2119999,-0.987653,-0.1403001,0.06969465,463.6693,-4.660313,266.0504,-107.7005,-6.082361,38.32239,114.4771,3.291636,52.55256,0.5048929,0.009739371,2.485461,0.160714
595,0.016683,1,100,0,95.16248,0,91.6585,109.895,0,0,-0.003037754,0.2114342,0.9773875,-0.1519894,0.965939,-0.20943,-0.9883774,-0.1491887,0.02920146,461.8685,-4.769015,266.6659,-108.385,-7.376791,34.02328,113.839,2.927305,52.56416,0.2572504,-0.005676903,2.486213,0.1528893
596,0.016685,1,100,0,103.505,0,83.316,109.2193,0,0,-0.04366049,0.2026393,0.9782798,-0.1522379,0.9664283,-0.2069788,-0.9873794,-0.157968,-0.01134535,460.0572,-4.899371,267.209,-108.8597,-8.678663,29.58839,113.1425,2.576459,52.64186,0.001498094,-0.02027729,2.490022,0.144641
597,0.016683,1,100,0,88.07321,0,74.9745,108.521,0,0,-0.08412665,0.1936477,0.9774576,-0.1527642,0.9668324,-0.2046906,-0.9846755,-0.1665405,-0.05175393,458.2393,-5.051184,267.6774,-109.1342,-9.935826,25.0398,112.4099,2.340914,52.11577,-0.2751883,-0.02538904,2.46471,0.1332379
598,0.016693,1,100,0,96.41971,0,66.62801,107.8206,0,0,-0.1241137,0.1845555,0.9749539,-0.1534518,0.9671607,-0.202615,-0.9803308,-0.1747557,-0.09171751,456.417,-5.223973,268.0696,-109.19,-11.17444,20.40826,111.6414,2.097507,51.70424,-0.5581709,-0.03145541,2.444841,0.1213119
599,0.016676,1,100,0,104.7577,0,58.29001,107.1233,0,0,-0.1635822,0.1753898,0.9708138,-0.1542946,0.9674107,-0.2007737,-0.9743893,-0.1826343,-0.1311895,454.5968,-5.417092,268.384,-109.0266,-12.3861,15.73345,110.8502,1.849146,51.40039,-0.8451855,-0.03824031,2.430083,0.1090639
600,0.016683,1,100,0,89.32593,0,49.94851,106.4325,0,0,-0.2024418,0.1661894,0.9650899,-0.1552714,0.9675818,-0.199189,-0.9669065,-0.1901751,-0.1700745,452.7798,-5.63034,268.6204,-108.6462,-13.56758,11.03634,110.0449,1.597845,50.53066,-1.134865,-0.04366975,2.388479,0.09442596
601,0.016685,1,100,0,97.66843,0,41.60601,105.7539,0,0,-0.2403818,0.1570547,0.9578886,-0.1563456,0.9676747,-0.1978941,-0.9580047,-0.1973318,-0.2080566,450.9701,-5.863134,268.7785,-108.0543,-14.71439,6.345131,109.236,1.345461,49.8108,-1.42529,-0.04991481,2.353982,0.0797103
602,0.016915,1,100,0,106.1259,0,33.14851,105.1,0,0,-0.2779593,0.1478647,0.9491442,-0.1572169,0.9677554,-0.1968055,-0.94764,-0.2039254,-0.2457498,449.1461,-6.117267,268.8588,-107.3392,-15.63599,1.561022,108.4833,1.988838,49.22466,-1.717078,0.0003814632,2.323431,0.06522899
603,0.016452,1,100,0,90.90782,0,24.92251,104.5239,0,0,-0.3135416,0.1390426,0.9393396,-0.1575042,0.9679036,-0.1958439,-0.9364208,-0.2093552,-0.2815782,447.3851,-6.379605,268.8594,-106.3965,-16.55773,-3.023664,107.7196,1.864476,48.13392,-1.898351,0.002554574,2.271239,0.05441758
604,0.016693,1,100,0,75.4668,0,16.57601,103.9497,0,0,-0.348286,0.1302927,0.9282892,-0.1577359,0.9680263,-0.1950512,-0.9240221,-0.2143581,-0.3165981,445.6155,-6.660893,268.7835,-105.2062,-17.42926,-7.582388,106.9093,1.716929,46.53511,-2.083823,0.004001517,2.194988,0.04090573
605,0.016669,1,100,0,60.04797,0,8.241512,103.3495,0,0,-0.3812664,0.1219092,0.9163921,-0.1578897,0.968116,-0.1944804,-0.9108828,-0.2188377,-0.3498619,443.8689,-6.956042,268.6324,-103.8836,-18.25391,-12.03893,106.16,1.552295,44.49225,-2.268985,0.004521928,2.097718,0.02505492
606,0.016683,1,100,0,44.6162,0,0,102.8324,0,0,-0.4122708,0.1140158,0.9038989,-0.1579489,0.9681697,-0.1941637,-0.8972653,-0.2228179,-0.3811394,442.1436,-7.264949,268.4073,-102.4461,-19.03449,-16.38011,105.479,1.375242,42.0413,-2.452421,0.004098563,1.98113,0.00706403
607,0.016683,1,100,0,36.2747,0,0,102.4056,0,0,-0.4411051,0.1067403,0.8910851,-0.1575959,0.9682604,-0.1939981,-0.8835099,-0.2260049,-0.4102828,440.4422,-7.585752,268.1108,-101.0384,-19.61316,-20.55892,104.9577,2.147314,39.55938,-2.665789,0.06327201,1.861118,-0.01340008
608,0.016691,1,100,0,27.9292,0,0,102.1361,0,0,-0.4678039,0.100179,0.8781365,-0.1562789,0.9685247,-0.1937441,-0.8699059,-0.2278685,-0.4374237,438.7636,-7.915531,267.7455,-99.6108,-20.04221,-24.54408,104.5295,2.745345,37.04802,-2.878521,0.1103213,1.740004,-0.03515993
609,0.016683,1,100,0,19.5877,0,0,101.9552,0,0,-0.4923898,0.09440284,0.8652402,-0.1541733,0.9689206,-0.1934517,-0.8566114,-0.2286506,-0.4625322,437.1096,-8.251585,267.3149,-98.1795,-20.34136,-28.33008,104.1901,3.166446,34.5126,-3.087108,0.1450807,1.618075,-0.0576579
610,0.016694,1,100,0,11.2407,0,0,101.8563,0,0,-0.514942,0.08945398,0.8525448,-0.1514161,0.9694109,-0.1931725,-0.8437463,-0.2285616,-0.4856457,435.4783,-8.592113,266.8219,-96.76626,-20.50793,-31.92517,103.9399,3.506369,31.9525,-3.306755,0.1737282,1.495097,-0.08155918
611,0.016674,1,100,0,2.903699,0,0,101.8378,0,0,-0.535473,0.08537897,0.8402256,-0.1481149,0.969964,-0.1929554,-0.8314629,-0.2277724,-0.5067437,433.8724,-8.934483,266.2707,-95.37692,-20.58027,-35.3202,103.7681,3.675963,29.37531,-3.515682,0.1906289,1.371667,-0.1052847
612,0.016687,1,100,0,-5.439801,0,0,101.8883,0,0,-0.5540784,0.08217732,0.8283986,-0.1444155,0.9705387,-0.1928706,-0.8198425,-0.2264991,-0.5258868,432.2883,-9.277934,265.6635,-94.01949,-20.58271,-38.52232,103.6691,3.701815,26.77764,-3.711462,0.1975935,1.247603,-0.1284831
613,0.016866,1,100,0,-13.8728,0,0,102.0015,0,0,-0.5709646,0.07982551,0.8170846,-0.1404015,0.971105,-0.1929827,-0.8088799,-0.2249062,-0.543259,430.71,-9.624836,264.9967,-92.6909,-20.53693,-41.56173,103.6376,3.612567,24.1331,-3.893226,0.1966099,1.121621,-0.1510507
614,0.016489,1,100,0,-22.1173,0,0,102.1735,0,0,-0.5856419,0.07827326,0.8067818,-0.1364477,0.9716032,-0.1933113,-0.7990028,-0.2232947,-0.5583313,429.1889,-9.964424,264.2962,-91.35507,-20.70929,-44.32316,103.6299,3.14636,21.53847,-3.759787,0.17101,0.9998385,-0.1534886
615,0.016679,1,100,0,-30.4568,0,0,102.3642,0,0,-0.5986893,0.0772189,0.7972504,-0.1327554,0.9720098,-0.1938372,-0.7899032,-0.2218876,-0.5716807,427.6722,-10.31084,263.5425,-90.07096,-20.88918,-46.916,103.6834,2.710022,18.89827,-3.613606,0.1470721,0.8759946,-0.1550696
616,0.016974,1,100,0,-38.9438,15.2766,0,102.6034,0,0,-0.6101003,0.07667779,0.7886052,-0.1292851,0.9723327,-0.1945628,-0.7817053,-0.2206577,-0.5833072,426.1499,-10.66654,262.7324,-88.91734,-21.08697,-49.34521,103.8552,2.302757,15.92934,-3.453035,0.1251841,0.7366988,-0.1568045
617,0.016397,1,100,0,-47.1423,30.0339,0,102.9436,0,0,-0.6192149,0.07677218,0.7814595,-0.1259663,0.9726075,-0.1953645,-0.775052,-0.2194102,-0.5925823,424.6966,-11.01177,261.9111,-88.05055,-20.99077,-51.56998,104.1776,2.564209,12.83027,-3.476636,0.146002,0.5897189,-0.1703586
618,0.016683,1,100,0,-55.4838,45.0486,0,103.4088,0,0,-0.6264868,0.07765854,0.7755536,-0.1222004,0.9729328,-0.1961353,-0.7697932,-0.2176491,-0.6000397,423.2317,-11.36126,261.039,-87.31607,-20.86334,-53.68316,104.6005,2.719508,9.443076,-3.483544,0.1602827,0.429365,-0.1839409
619,0.016693,1,100,0,-63.8303,60.0723,0,103.9682,0,0,-0.6316404,0.07937285,0.7711875,-0.1181279,0.973276,-0.1969249,-0.7662088,-0.2154845,-0.6053843,421.7773,-11.70873,260.1319,-86.73134,-20.72044,-55.65063,105.1126,2.777726,5.840645,-3.471731,0.1686564,0.2590986,-0.1970189
620,0.01668,1,100,0,-72.1703,75.0843,0,104.6093,0,0,-0.6345733,0.08192773,0.768508,-0.1138329,0.973613,-0.1977874,-0.7644337,-0.2129921,-0.6085027,420.333,-12.05354,259.1935,-86.29993,-20.57477,-57.4726,105.7076,2.754797,2.043035,-3.439938,0.1722897,0.07986461,-0.2093302
621,0.016683,1,100,0,-80.5118,90.099,0,105.3251,0,0,-0.635189,0.08532926,0.7676289,-0.1093778,0.9739242,-0.1987677,-0.764573,-0.2102166,-0.6092928,418.8948,-12.39602,258.2254,-86.02522,-20.43611,-59.15149,106.3808,2.665791,-1.940844,-3.38714,0.1723286,-0.1079257,-0.2206831
622,0.016688,1,100,0,-88.8558,100,0,106.1092,0,0,-0.6333926,0.08956726,0.7686297,-0.1048189,0.9741939,-0.1998978,-0.7666987,-0.2071807,-0.6076589,417.46,-12.73634,257.2298,-85.89552,-20.30828,-60.6777,107.1086,2.523427,-6.009708,-3.312398,0.1696404,-0.2995043,-0.2305658
623,0.016679,1,100,0,-97.1953,100,0,106.9348,0,0,-0.6291412,0.09462546,0.7715098,-0.0997775,0.9745191,-0.2008898,-0.7708603,-0.2033674,-0.6036686,416.0267,-13.07218,256.2096,-86.01122,-19.78964,-62.14224,107.9408,3.866823,-9.982816,-3.310097,0.2625142,-0.4891415,-0.2436512
624,0.016678,1,100,0,-105.5343,100,0,107.8405,0,0,-0.6224295,0.1003577,0.7762151,-0.09385493,0.9750185,-0.2013214,-0.7770283,-0.19816,-0.5974612,414.5914,-13.40036,255.1662,-86.16317,-19.45203,-63.40479,108.732,3.89301,-13.865,-2.926805,0.2719748,-0.6709321,-0.2318896
625,0.016683,1,100,0,-90.10252,100,0,108.6877,0,0,-0.6133943,0.1063806,0.7825795,-0.08799425,0.9755118,-0.2015779,-0.7848595,-0.1925092,-0.5890124,413.1523,-13.72287,254.1025,-86.46616,-19.08938,-64.45435,109.5224,3.753967,-16.9993,-2.527907,0.2703724,-0.817039,-0.2158506
626,0.016693,1,100,0,-98.44902,100,0,109.5031,0,0,-0.6022863,0.1125284,0.7903092,-0.08235434,0.9759736,-0.2017257,-0.7940208,-0.186582,-0.5785483,411.7064,-14.03944,253.022,-86.92214,-18.71192,-65.27701,110.3027,3.484439,-20.1146,-2.115166,0.2611198,-0.9619087,-0.1981924
627,0.016996,1,100,0,-106.947,100,0,110.2752,0,0,-0.5888119,0.1188486,0.7994847,-0.07695077,0.976395,-0.2018209,-0.8045989,-0.1803555,-0.5657675,410.2256,-14.35527,251.9091,-87.53849,-18.3217,-65.87325,111.0764,3.105819,-23.27037,-1.683609,0.2457492,-1.108361,-0.1787267
628,0.016382,1,100,0,-91.79367,100,0,111.0067,0,0,-0.5738239,0.1249033,0.8093982,-0.0721614,0.976747,-0.2018868,-0.8157936,-0.1742548,-0.5514675,408.7875,-14.65338,250.8282,-88.27645,-17.94681,-66.20232,111.7925,2.664478,-25.64167,-1.258907,0.2252727,-1.217706,-0.1566931
629,0.016669,1,100,0,-100.1282,100,0,111.6511,0,0,-0.5567974,0.1308974,0.8202698,-0.06779134,0.9770504,-0.2019328,-0.8278775,-0.1680429,-0.5351455,407.3111,-14.95046,249.7241,-89.16066,-17.571,-66.28915,112.4838,2.170069,-28.09441,-0.8209829,0.2021006,-1.330708,-0.1334944
630,0.016882,1,100,0,-84.51232,100,0,112.2411,0,0,-0.5377855,0.1367792,0.8319125,-0.06353496,0.9773709,-0.2017667,-0.8406845,-0.1613627,-0.5169257,405.7995,-15.24232,248.6053,-90.29169,-16.71801,-66.22718,113.2171,2.855152,-29.93339,-0.5331324,0.2531144,-1.417949,-0.1168605
631,0.016499,1,100,0,-92.76183,100,0,112.839,0,0,-0.5176662,0.1423186,0.843663,-0.05890783,0.9777997,-0.2010918,-0.8535525,-0.1537968,-0.4977902,404.3031,-15.51324,247.5142,-91.50627,-15.82286,-65.9292,113.8877,3.193367,-31.81093,-0.2418806,0.2822792,-1.506162,-0.09933455
632,0.016666,1,100,0,-101.0948,100,0,113.3578,0,0,-0.49573,0.1475511,0.8558506,-0.05439297,0.9782523,-0.2001592,-0.8667715,-0.1457772,-0.4769233,402.7713,-15.77393,246.4187,-92.71936,-15.27658,-65.33195,114.4488,2.2339,-33.78668,0.3489498,0.2292999,-1.594938,-0.06269597
633,0.016691,1,100,0,-85.65565,100,0,113.7518,0,0,-0.472225,0.152179,0.8682426,-0.05090311,0.9786333,-0.199213,-0.8800071,-0.1382696,-0.4543887,401.2165,-16.02612,245.333,-94.01092,-14.76988,-64.4689,114.9454,1.331782,-35.16845,0.931645,0.1784263,-1.655932,-0.02482857
634,0.016693,1,100,0,-94.00215,100,0,114.0665,0,0,-0.4473987,0.156144,0.8805984,-0.04839793,0.9789709,-0.1981761,-0.8930242,-0.1312829,-0.4304332,399.6396,-16.2701,244.263,-95.36391,-14.30463,-63.34455,115.3752,0.506913,-36.66911,1.501162,0.1326249,-1.722762,0.01204036
635,0.016673,1,100,0,-102.3387,100,0,114.3058,0,0,-0.4211842,0.1594698,0.8928457,-0.04678439,0.979291,-0.1969793,-0.905768,-0.1247358,-0.4050012,398.0418,-16.50625,243.2144,-96.76013,-13.87679,-61.96935,115.738,-0.2321744,-38.27559,2.05123,0.09237716,-1.794848,0.04758994
636,0.016683,1,100,0,-86.90688,100,0,114.4708,0,0,-0.3935984,0.1621628,0.9048665,-0.04596987,0.9796148,-0.1955545,-0.9181322,-0.1185665,-0.3781202,396.4196,-16.73561,242.1895,-98.18479,-13.48858,-60.34583,116.0337,-0.9000842,-39.31499,2.579529,0.05480815,-1.840509,0.08309238
637,0.016677,1,100,0,-95.24538,100,0,114.5639,0,0,-0.3648762,0.1641603,0.9164699,-0.04555028,0.9800076,-0.1936764,-0.9299414,-0.1124133,-0.3501039,394.7736,-16.95603,241.1927,-99.70821,-12.67101,-58.62311,116.357,-0.4382808,-40.49778,3.18728,0.08916911,-1.895936,0.1240107
638,0.016783,1,100,0,-103.6369,91.6085,0,114.6714,0,0,-0.3347183,0.1653932,0.9276901,-0.0448439,0.9805654,-0.1910001,-0.9412509,-0.1055325,-0.3207963,393.0916,-17.16375,240.22,-101.2329,-11.78558,-56.59321,116.5753,-0.2073785,-41.66275,3.772733,0.1082873,-1.949838,0.1642602
639,0.016586,1,100,0,-88.29483,83.3155,0,114.6842,0,0,-0.3038698,0.1658056,0.9381748,-0.04404603,0.9812418,-0.1876832,-0.9516952,-0.09835414,-0.2908666,391.4043,-17.35422,239.294,-102.7078,-10.87768,-54.29949,116.6861,-0.170817,-42.13012,4.321234,0.1124323,-1.97043,0.2038066
640,0.016694,1,100,0,-96.64183,74.9685,0,114.6103,0,0,-0.2721441,0.1653721,0.9479396,-0.04359713,0.9819909,-0.1838288,-0.9612682,-0.09135538,-0.2600333,389.6822,-17.53329,238.4024,-104.0458,-10.42338,-51.60931,116.6091,-1.147111,-42.6353,4.858155,0.05160813,-1.989878,0.2422791
641,0.016887,1,100,0,-105.0853,66.525,0,114.3883,0,0,-0.2393899,0.1641255,0.9569511,-0.04410231,0.9827538,-0.1795834,-0.9699215,-0.08519422,-0.228023,387.9178,-17.70708,237.5476,-105.3194,-10.02484,-48.61708,116.4315,-1.951505,-43.1757,5.356046,0.001166041,-2.011575,0.2777835
642,0.016468,1,100,0,-89.85242,58.291,0,114.0914,0,0,-0.2069536,0.1621254,0.9648242,-0.04513344,0.9835421,-0.1749517,-0.9773093,-0.07975274,-0.1962303,386.1766,-17.86752,236.7635,-106.5507,-9.179127,-45.60331,116.2625,-1.944488,-43.07597,5.95897,-6.509048e-05,-2.005454,0.3206889
643,0.016678,1,100,0,-98.19142,49.952,0,113.8138,0,0,-0.1739166,0.1592192,0.9718036,-0.04619301,0.9844374,-0.1695559,-0.9836764,-0.07437912,-0.1638552,384.3931,-18.01596,236.021,-107.6884,-8.343263,-42.33752,116.0124,-2.003399,-43.05642,6.520652,-0.005982053,-2.002937,0.3607775
644,0.016688,1,100,0,-106.5354,41.608,0,113.4883,0,0,-0.1406512,0.1554897,0.9777731,-0.04728046,0.985409,-0.1635052,-0.9889297,-0.06922676,-0.1312473,382.5902,-18.15076,235.3336,-108.7012,-7.547779,-38.88137,115.6922,-2.100867,-43.11281,7.029778,-0.01480267,-2.003932,0.3972425
645,0.016685,1,100,0,-91.1018,33.2655,0,113.1235,0,0,-0.1073372,0.1509967,0.9826896,-0.04840169,0.9864344,-0.1568589,-0.993044,-0.06440064,-0.09857263,380.7715,-18.27262,234.7049,-109.574,-6.817837,-35.26072,115.3094,-2.233612,-42.57371,7.481839,-0.02807112,-1.977046,0.4304923
646,0.01668,1,100,0,-99.4418,24.9255,0,112.7266,0,0,-0.07429512,0.145796,0.9865211,-0.04955827,0.9874931,-0.1496719,-0.9960043,-0.06001017,-0.06614052,378.9396,-18.38265,234.1376,-110.2999,-6.156067,-31.50529,114.8763,-2.347973,-42.15667,7.8757,-0.0403292,-1.956028,0.4594822
647,0.016676,1,100,0,-107.7798,16.5875,0,112.3124,0,0,-0.04146936,0.1399802,0.9892857,-0.05069391,0.9885675,-0.1420036,-0.9978533,-0.05603956,-0.03389912,377.0969,-18.48202,233.6336,-110.8731,-5.569256,-27.64613,114.4036,-2.435369,-41.85299,8.209383,-0.05099676,-1.940483,0.4841399
648,0.016682,1,100,0,-92.34895,8.246503,0,111.8844,0,0,-0.008963622,0.1336243,0.9909915,-0.05176044,0.9896408,-0.1339103,-0.9986194,-0.05249448,-0.001954313,375.245,-18.57207,233.1942,-111.2598,-5.058532,-23.70717,113.8699,-2.491373,-40.98851,8.481625,-0.06134228,-1.898947,0.505032
649,0.016684,1,100,0,-76.91625,0,0,111.4181,0,0,0.02275211,0.1267687,0.9916714,-0.0529024,0.9906912,-0.1254296,-0.9983407,-0.04960801,0.02924668,373.3877,-18.65644,232.8211,-111.4305,-5.059108,-19.67527,113.2672,-3.003282,-39.61606,8.751585,-0.1020933,-1.832774,0.5255929
650,0.016682,1,100,0,-61.4854,0,0,110.9211,0,0,0.0532941,0.1194313,0.9914111,-0.05428256,0.9917006,-0.1165482,-0.9971025,-0.04760501,0.05933482,371.5279,-18.7394,232.5145,-111.5637,-4.80753,-15.76601,112.7747,-3.052264,-37.92762,9.042062,-0.1139836,-1.753034,0.547045
651,0.016675,1,100,0,-53.1479,0,0,110.5338,0,0,0.08245837,0.1116457,0.9903211,-0.05555153,0.9926751,-0.1072856,-0.9950451,-0.04616726,0.08805646,369.6673,-18.81859,232.2729,-111.5903,-4.637342,-11.93216,112.3222,-3.047307,-36.15169,9.263357,-0.1224745,-1.669513,0.5636559
652,0.017045,1,100,0,-44.6254,0,0,110.2008,0,0,0.1107776,0.1033215,0.9884601,-0.05667559,0.9936198,-0.09750918,-0.9922283,-0.04521972,0.1159266,367.7655,-18.89705,232.0912,-111.5187,-4.541866,-8.105845,111.9051,-2.992944,-34.24876,9.418848,-0.1278982,-1.580342,0.5757636
653,0.016333,1,100,0,-36.4589,0,0,109.9177,0,0,0.1364143,0.09508374,0.9860782,-0.05754993,0.9944628,-0.08793078,-0.9889789,-0.04475372,0.141131,365.9447,-18.97108,231.9782,-111.3697,-4.520022,-4.546941,111.5541,-2.897917,-32.36196,9.499226,-0.1300916,-1.492196,0.5827065
654,0.016683,1,100,0,-28.1174,0,0,109.7029,0,0,0.1610413,0.08649483,0.9831503,-0.05833534,0.9952451,-0.0780035,-0.9852224,-0.04479062,0.1653213,364.0883,-19.04845,231.922,-111.0662,-4.878657,-1.011392,111.1779,-3.142901,-30.36624,9.520273,-0.1538488,-1.398601,0.5856013
655,0.016841,1,100,0,-19.69691,0,0,109.4763,0,0,0.1842453,0.07773592,0.9798014,-0.0592556,0.9959326,-0.06787312,-0.9810923,-0.04555341,0.1881022,362.2198,-19.13304,231.9242,-110.7011,-5.318377,2.423268,110.8553,-3.334005,-28.28725,9.467568,-0.1737688,-1.30144,0.5834728
656,0.016521,1,100,0,-11.43641,0,0,109.3061,0,0,0.205347,0.06914301,0.9762438,-0.06024759,0.9965025,-0.05790514,-0.9768331,-0.04692569,0.2087944,360.3931,-19.22347,231.9819,-110.3077,-5.790919,5.644195,110.6037,-3.470084,-26.19609,9.360811,-0.1894671,-1.203987,0.5776628
657,0.016744,1,100,0,-3.064404,0,0,109.2024,0,0,0.2250342,0.06050704,0.9724705,-0.06131456,0.9969714,-0.04784302,-0.9724201,-0.04886029,0.2280626,358.5484,-19.32343,232.0938,-109.8769,-6.333155,8.757041,110.4071,-3.578566,-24.02242,9.186136,-0.202876,-1.102925,0.5674314
658,0.016645,1,100,0,5.258095,0,0,109.1531,0,0,0.2428834,0.05198248,0.9686618,-0.06235477,0.9973348,-0.0378863,-0.9680495,-0.05119873,0.2454774,356.7216,-19.43154,232.2556,-109.4798,-6.824454,11.64714,110.3089,-3.490636,-21.81439,9.188335,-0.203018,-1.000417,0.5685611
659,0.01667,1,100,0,13.59309,0,0,109.1904,0,0,0.25903,0.04339793,0.9648939,-0.06321012,0.9976103,-0.02790038,-0.9637989,-0.05376403,0.2611541,354.8988,-19.54808,232.4649,-109.0744,-7.330183,14.38337,110.2626,-3.362993,-19.55972,9.126338,-0.2000062,-0.8958973,0.5657269
660,0.01668,1,100,0,21.93309,0,15.012,109.2762,0,0,0.2733685,0.03481352,0.9612793,-0.06386385,0.9977969,-0.01797444,-0.9597872,-0.05647736,0.2749895,353.0813,-19.67316,232.719,-108.7383,-7.842301,16.92677,110.3269,-3.195435,-16.9906,9.0025,-0.1939425,-0.7769239,0.5594075
661,0.016685,1,100,0,30.27559,0,30.0285,109.4632,0,0,0.2856812,0.02626731,0.9579647,-0.06430357,0.9978969,-0.008185836,-0.956165,-0.05926201,0.2867695,351.2684,-19.80679,233.0145,-108.4783,-8.346912,19.28926,110.4956,-2.988006,-14.13268,8.819592,-0.1846616,-0.6446664,0.54984
662,0.016687,1,100,0,38.61909,0,45.0468,109.7493,0,0,0.295772,0.01783642,0.9550921,-0.06464764,0.9979073,0.00138402,-0.9530688,-0.06215381,0.2963061,349.4594,-19.9495,233.3486,-108.2487,-8.966537,21.49206,110.7253,-3.082706,-11.01111,8.451609,-0.1939355,-0.5002823,0.5289655
663,0.016673,1,100,0,46.9556,0,60.0525,110.094,0,0,0.3034567,0.009646343,0.9527965,-0.06514553,0.9978191,0.01064607,-0.9506158,-0.06530105,0.3034233,347.6554,-20.10251,233.7182,-108.1093,-9.603414,23.51709,111.0535,-3.144016,-7.647331,8.034318,-0.2001337,-0.3447758,0.505502
664,0.016689,1,100,0,55.3001,0,75.0726,110.5331,0,0,0.3085906,0.001697972,0.9511935,-0.06579021,0.9976417,0.01956307,-0.948917,-0.0686162,0.3079745,345.8513,-20.26634,234.121,-108.0673,-10.24614,25.36858,111.4768,-3.17188,-4.052117,7.57172,-0.2031877,-0.1786127,0.4797862
665,0.016679,1,100,0,63.6396,0,90.0837,111.0628,0,0,0.3110123,-0.005989643,0.9503871,-0.06656972,0.9973869,0.02807066,-0.9480717,-0.07199732,0.3098008,344.0486,-20.44074,234.5535,-108.1302,-10.88061,27.04186,111.9901,-3.166228,-0.2471028,7.069226,-0.2030419,-0.002760231,0.4522116
666,0.016804,1,100,0,72.0416,0,100,111.6761,0,0,0.3105945,-0.01356153,0.9504459,-0.06734662,0.9970716,0.03623489,-0.948154,-0.07526368,0.3087717,342.2304,-20.62671,235.0161,-108.3314,-11.44162,28.50824,112.6025,-2.823682,3.694628,6.768506,-0.1802294,0.1797974,0.4381841
667,0.016537,1,100,0,80.3101,0,100,112.3786,0,0,0.3073436,-0.02100077,0.951367,-0.06783275,0.9967299,0.04391581,-0.9491781,-0.07803109,0.304914,340.4375,-20.81844,235.4944,-108.5939,-11.90186,29.75958,113.2251,-2.454911,7.482433,6.432332,-0.1547455,0.3552726,0.4220651
668,0.016682,1,100,0,88.6511,0,100,113.0778,0,0,0.3012703,-0.02841915,0.9531153,-0.06819942,0.9963539,0.05126556,-0.951097,-0.08044669,0.2982336,338.6244,-21.01965,235.9968,-108.8806,-12.38123,30.82063,113.8341,-2.515976,11.22371,5.930078,-0.1558267,0.5282665,0.3955696
669,0.016684,1,100,0,96.9931,0,100,113.7438,0,0,0.2924214,-0.03563782,0.9556253,-0.06876446,0.9959348,0.058183,-0.953814,-0.08272701,0.2887821,336.8058,-21.22863,236.5156,-109.2427,-12.81637,31.64648,114.454,-2.55548,14.8911,5.399804,-0.1546273,0.6978616,0.3674613
670,0.016693,1,100,0,105.3396,0,100,114.3964,0,0,0.2808199,-0.04264076,0.9588128,-0.06951304,0.9954853,0.06463085,-0.9572399,-0.08479962,0.276588,334.9797,-21.44468,237.0471,-109.6823,-13.19752,32.2228,115.0769,-2.579281,18.49211,4.84542,-0.1515898,0.8644168,0.3379422
671,0.016678,1,100,0,89.91245,0,100,115.0238,0,0,0.2666684,-0.04937989,0.9625226,-0.07043369,0.9950179,0.07056075,-0.9612116,-0.08661035,0.2618619,333.1476,-21.66656,237.5863,-110.1978,-13.51567,32.53608,115.6928,-2.594193,21.36062,4.271864,-0.147819,0.9969842,0.3062382
672,0.016678,1,100,0,98.25145,0,100,115.6139,0,0,0.2502919,-0.05580451,0.9665608,-0.07152099,0.994544,0.07594056,-0.9655252,-0.0881367,0.2449352,331.3064,-21.89336,238.1292,-110.7844,-13.76488,32.57891,116.2929,-2.604176,24.22637,3.682758,-0.143171,1.129461,0.2736006
673,0.016688,1,100,0,106.5955,0,100,116.158,0,0,0.2316579,-0.06189956,0.970826,-0.07291565,0.9940614,0.08078013,-0.9700609,-0.08950177,0.2257687,329.4544,-22.125,238.6715,-111.3723,-14.11205,32.32845,116.825,-3.059728,27.08946,3.062591,-0.1665499,1.261353,0.2390945
674,0.01669,1,100,0,91.1572,0,100,116.5998,0,0,0.210925,-0.06763478,0.9751598,-0.07488821,0.9935536,0.0851087,-0.9746298,-0.09097952,0.2045002,327.592,-22.36229,239.2081,-112.0165,-14.4275,31.7955,117.332,-3.436171,29.28201,2.458546,-0.1852203,1.362195,0.2047377
675,0.016698,1,100,0,99.5062,0,100,116.9894,0,0,0.1883926,-0.0730588,0.9793727,-0.07724883,0.9930373,0.08893776,-0.9790513,-0.09241061,0.1814371,325.7176,-22.60436,239.7345,-112.7367,-14.63558,30.9573,117.8224,-3.492915,31.52799,2.042995,-0.1830901,1.466246,0.1825811
676,0.016681,1,100,0,107.8467,0,100,117.3443,0,0,0.1640471,-0.07830031,0.9833401,-0.07971923,0.9925321,0.09233152,-0.9832261,-0.09353784,0.15658,323.8329,-22.84934,240.2448,-113.479,-14.78634,29.85417,118.2683,-3.532216,33.81799,1.623219,-0.1794534,1.572404,0.160158
677,0.01676,1,100,0,92.3437,0,100,117.6332,0,0,0.1378676,-0.08336149,0.9869364,-0.08228379,0.9920431,0.09528727,-0.9870268,-0.0943459,0.1299113,321.9267,-23.09769,240.7375,-114.2326,-14.87896,28.48244,118.6664,-3.559571,35.48941,1.199443,-0.1756472,1.649803,0.1363339
678,0.016602,1,100,0,100.6447,0,100,117.8546,0,0,0.1105253,-0.08812373,0.9899587,-0.08488241,0.991585,0.09774531,-0.9902419,-0.09483341,0.1021151,320.026,-23.34491,241.2015,-114.9717,-14.91234,26.8678,119.0073,-3.575632,37.23598,0.7800866,-0.1708937,1.730743,0.1127536
679,0.016685,1,100,0,85.21108,0,100,118.0076,0,0,0.08174434,-0.09263631,0.9923389,-0.08752339,0.9911572,0.09973578,-0.992803,-0.09500571,0.07291365,318.1037,-23.5936,241.6395,-115.6905,-14.88945,25.00033,119.2938,-3.585681,38.41027,0.3616913,-0.1665651,1.78504,0.08808549
680,0.016905,1,100,0,93.66358,0,100,118.0953,0,0,0.05153468,-0.09688865,0.9939603,-0.0901943,0.9907638,0.1012534,-0.9945902,-0.09486762,0.04231989,316.144,-23.84481,242.0501,-116.3822,-14.79912,22.87066,119.5278,-3.55303,39.73734,-0.05109516,-0.1592366,1.846543,0.06381274
681,0.016459,1,100,0,101.8931,0,100,118.1244,0,0,0.02102204,-0.1007263,0.9946922,-0.09273188,0.9904268,0.1022542,-0.9954695,-0.09438927,0.01148025,314.2033,-24.08996,242.4069,-120.9425,-15.08331,19.27619,123.3944,-3.523039,41.1436,-0.4456906,-0.1520404,1.911756,0.04057945
682,0.016724,1,100,0,86.42339,0,100,122.0396,0,0,-0.01099433,-0.1043068,0.9944843,-0.09522812,0.9901333,0.1027977,-0.9953945,-0.09357268,-0.0208188,312.1555,-24.3436,242.7089,-125.4354,-15.32994,15.61257,127.3295,-3.499304,42.08372,-0.836899,-0.1461036,1.955218,0.01651235
683,0.016656,1,100,0,94.75139,0,100,125.9672,0,0,-0.04366882,-0.1075371,0.9932417,-0.09774281,0.9898806,0.1028759,-0.9942536,-0.09258977,-0.05373789,310.0425,-24.60158,242.9482,-129.6992,-15.80369,11.86952,131.1965,-3.826843,43.23767,-1.176169,-0.1623643,2.008074,-0.003979169
684,0.016683,1,100,0,103.0929,0,100,129.7793,0,0,-0.0772998,-0.1104991,0.9908656,-0.100493,0.9896415,0.1025229,-0.9919304,-0.09165008,-0.08760347,307.8558,-24.86794,243.1249,-133.8103,-16.28964,8.017883,135.0364,-4.109803,44.59177,-1.49675,-0.1754627,2.070379,-0.02296774
685,0.016684,1,100,0,87.66019,0,100,133.5211,0,0,-0.1117704,-0.1132059,0.9872648,-0.1033932,0.9894226,0.101748,-0.9883406,-0.09070408,-0.1222929,305.6012,-25.14228,243.2365,-137.7576,-16.74885,4.030819,138.8306,-4.31438,45.4597,-1.790217,-0.1845903,2.110183,-0.04106501
686,0.016685,1,100,0,96.00269,0,100,137.1777,0,0,-0.1468388,-0.1156562,0.9823758,-0.1063616,0.9892291,0.1005648,-0.9834257,-0.08972029,-0.1575586,303.2816,-25.42423,243.2807,-141.517,-17.19616,-0.1190794,142.558,-4.484274,46.54669,-2.062675,-0.1911853,2.160302,-0.05754047
687,0.016794,1,100,0,104.3997,0,100,140.7331,0,0,-0.1828449,-0.1179018,0.9760466,-0.1093551,0.9890615,0.09898821,-0.977041,-0.08863617,-0.193738,300.8864,-25.71529,243.2548,-144.8261,-17.59872,-4.390038,145.9575,-4.624138,47.84243,-2.314497,-0.1955102,2.220247,-0.07250064
688,0.016636,1,100,0,89.01139,0,100,143.9115,0,0,-0.2191294,-0.11992,0.9682983,-0.1122762,0.9889248,0.09706599,-0.9692143,-0.0874468,-0.2301667,298.4614,-26.00998,243.1577,-147.6192,-17.94347,-8.737895,148.9623,-4.734539,48.63708,-2.540829,-0.1991116,2.256883,-0.08675124
689,0.016678,1,100,0,97.35039,0,91.661,146.6549,0,0,-0.2558083,-0.1217548,0.9590297,-0.1150053,0.9888251,0.09486136,-0.9598624,-0.08602721,-0.2669521,295.9865,-26.30973,242.9866,-149.9041,-18.02924,-13.31285,151.5702,-4.446959,49.43874,-2.652501,-0.177415,2.294845,-0.09396891
690,0.016768,1,100,0,105.7344,0,83.277,148.9923,0,0,-0.2929198,-0.1234709,0.9481313,-0.1173813,0.9887697,0.09249873,-0.9489043,-0.08419819,-0.3041233,293.4634,-26.61282,242.7365,-151.5688,-18.16537,-18.11196,153.7242,-4.453735,50.23653,-2.752231,-0.174579,2.331982,-0.1007819
691,0.016772,1,100,0,90.22029,0,74.891,150.8621,0,0,-0.3300195,-0.1250374,0.9356563,-0.1195835,0.9887407,0.08995257,-0.9363689,-0.08220299,-0.3412561,290.9152,-26.9178,242.4049,-152.6252,-18.21849,-23.09291,155.4338,-4.437572,50.34067,-2.831755,-0.1718965,2.33679,-0.1075143
692,0.016615,1,100,0,98.52779,0,66.5835,152.2918,0,0,-0.3663571,-0.1264129,0.9218472,-0.1215789,0.9887379,0.08726818,-0.9224971,-0.08010586,-0.3776003,288.3766,-27.22034,241.993,-153.0617,-18.18752,-28.17836,156.693,-4.396668,50.47127,-2.891001,-0.1677463,2.342898,-0.1130159
693,0.016642,1,100,0,106.8488,0,58.2625,153.296,0,0,-0.4022991,-0.1276483,0.9065659,-0.1232549,0.9887689,0.08452706,-0.9071739,-0.0777335,-0.4135141,285.8299,-27.52152,241.4951,-152.9281,-17.91618,-33.39185,157.5532,-3.958246,50.6194,-2.874925,-0.1383229,2.350793,-0.1140025
694,0.016893,1,100,0,91.22277,0,49.816,153.9331,0,0,-0.4381075,-0.128778,0.8896505,-0.1244945,0.9888403,0.0818287,-0.89026,-0.07490683,-0.4492505,283.2507,-27.82278,240.9008,-152.125,-17.66582,-38.75138,157.974,-3.815726,50.09833,-2.829053,-0.1293983,2.326782,-0.1143338
695,0.016495,1,100,0,99.47027,0,41.5685,154.1632,0,0,-0.4720738,-0.1297409,0.8719596,-0.1254673,0.9889299,0.0792179,-0.8725848,-0.07200572,-0.4831261,280.7792,-28.10194,240.1449,-140.8261,-15.21508,-55.16859,157.9923,-4.092664,41.78319,-0.8349302,-0.1655437,1.940379,0.0002332292
696,0.01676,1,100,0,107.8503,0,33.1885,150.6317,0,0,-0.5002509,-0.1320778,0.855748,-0.1277826,0.9887379,0.07790487,-0.8564,-0.07037774,-0.5114942,278.4394,-28.35039,239.1499,-134.9587,-14.5139,-57.2318,152.8019,-4.542191,40.09713,-0.60296,-0.1964281,1.861031,0.01183455
697,0.016653,1,100,0,92.44624,0,24.862,145.8738,0,0,-0.5264657,-0.1344537,0.8394974,-0.1304458,0.9884987,0.07651259,-0.8401296,-0.06922764,-0.5379496,276.1944,-28.59068,238.1785,-134.4867,-14.25851,-60.528,148.1676,-3.810405,39.84217,-0.5758228,-0.1486483,1.85105,0.01231385
698,0.016701,1,100,0,76.99782,0,16.5115,146.5344,0,0,-0.5519656,-0.1367719,0.8225737,-0.1325089,0.9883088,0.07541265,-0.8232712,-0.06737319,-0.563636,273.9531,-28.82739,237.1485,-133.6096,-14.00074,-63.96757,148.7932,-3.38507,38.96919,-0.524367,-0.1219863,1.81149,0.01318505
699,0.016693,1,100,0,61.55679,0,8.165,146.9947,0,0,-0.5762728,-0.1389782,0.8053538,-0.1341891,0.9881512,0.07450384,-0.8061658,-0.06513514,-0.5880941,271.7289,-29.05922,236.0607,-132.4844,-13.66022,-67.5508,149.338,-2.975279,37.53007,-0.4764828,-0.09785224,1.745424,0.01298134
700,0.016666,1,100,0,53.22379,0,0,147.4204,0,0,-0.5990891,-0.1410251,0.7881652,-0.135523,0.9880239,0.07377362,-0.78913,-0.06261756,-0.6110265,269.5282,-29.2846,234.9145,-131.1391,-13.24547,-71.21848,149.8165,-2.585692,35.77768,-0.4324071,-0.07600278,1.66465,0.01213001
701,0.016699,1,100,0,44.87429,0,0,147.8316,0,0,-0.6203979,-0.1429012,0.7711587,-0.1364581,0.9879311,0.07328998,-0.7723249,-0.05976187,-0.6324105,267.3462,-29.50233,233.7048,-129.6909,-12.62272,-74.86958,150.2815,-1.873874,33.93245,-0.3825997,-0.03408264,1.580331,0.01145483
702,0.016677,1,100,0,36.53579,0,0,148.2662,0,0,-0.6401333,-0.1446012,0.7545329,-0.136927,0.9878763,0.07315334,-0.7559632,-0.05648802,-0.6521723,265.192,-29.70958,232.4362,-128.1088,-12.0336,-78.45422,150.7042,-1.474758,32.00886,-0.3067391,-0.01252703,1.491571,0.01237322
703,0.016699,1,100,0,28.18629,0,0,148.691,0,0,-0.6583517,-0.1461461,0.7383863,-0.1371451,0.9878397,0.0732398,-0.7401111,-0.0530485,-0.6703892,263.0706,-29.90607,231.1095,-124.8677,-11.23161,-81.43332,149.4974,-1.120215,30.00851,-0.2362617,0.00579001,1.399099,0.01302157
704,0.016681,1,100,0,19.84579,0,0,147.6038,0,0,-0.6750286,-0.1475329,0.7228905,-0.1371603,0.9878167,0.07352193,-0.7249302,-0.04952246,-0.6870402,261.0053,-30.08893,229.7355,-121.6882,-10.42027,-84.23449,148.3646,-0.8123209,27.94436,-0.1711577,0.02077924,1.303514,0.013482
705,0.016829,1,100,0,11.43129,0,0,146.604,0,0,-0.6903432,-0.1487775,0.7080195,-0.1369491,0.9878073,0.07403976,-0.7104023,-0.04584982,-0.702301,258.9747,-30.25888,228.303,-118.5912,-9.452837,-86.88071,147.3143,-0.2808412,25.79893,-0.1114444,0.04963301,1.204705,0.0136995
706,0.016481,1,100,0,3.190795,0,0,145.6973,0,0,-0.7038981,-0.1498571,0.6943128,-0.1364929,0.987811,0.07482708,-0.6970631,-0.04209814,-0.7157727,257.0364,-30.40989,226.8578,-115.6335,-8.580637,-89.29237,146.3484,-0.0214371,23.64787,-0.03068287,0.06096959,1.104933,0.01554665
707,0.016722,1,100,0,-5.170205,0,0,144.8781,0,0,-0.7162254,-0.1508408,0.6813722,-0.1359488,0.9878135,0.07577738,-0.684499,-0.03835804,-0.7280037,255.1188,-30.54854,225.352,-112.7428,-7.710746,-91.55845,145.4419,0.1875534,21.41194,0.0453904,0.06875093,1.001058,0.01733514
708,0.01681,1,100,0,-13.5752,0,0,144.123,0,0,-0.7272024,-0.1517271,0.6694445,-0.1353234,0.9878141,0.07688556,-0.6729524,-0.03468018,-0.7388729,253.239,-30.67295,223.8011,-109.9834,-6.779878,-93.65514,144.6153,0.5094861,19.11667,0.1130546,0.08345744,0.8947058,0.01885778
709,0.016524,1,100,0,-21.8372,0,0,143.448,0,0,-0.7366415,-0.1525065,0.6588635,-0.1346,0.9878128,0.07815873,-0.6627535,-0.03110809,-0.7481912,251.4357,-30.78004,222.2432,-107.4125,-5.882432,-95.5372,143.8729,0.7489281,16.82265,0.1737899,0.09280943,0.7881875,0.02027873
710,0.016696,1,100,0,-30.1852,15.0264,0,142.8511,0,0,-0.7447936,-0.1532143,0.6494674,-0.1338346,0.9878055,0.07955261,-0.6537361,-0.02767092,-0.7562166,249.6555,-30.87362,220.6384,-105.0415,-5.046945,-97.28701,143.2618,0.8702599,14.10579,0.2403419,0.0934176,0.6615968,0.02220282
711,0.016779,1,100,0,-38.5747,30.1275,0,142.3791,0,0,-0.7514333,-0.1538584,0.6416194,-0.1331119,0.9877876,0.0809743,-0.6462423,-0.02456041,-0.7627369,247.905,-30.95391,218.9969,-102.8905,-4.261022,-98.90742,142.784,0.9495971,11.00954,0.3015733,0.09024486,0.5171603,0.02402044
712,0.016641,1,100,0,-46.8952,45.1044,0,142.0372,0,0,-0.756351,-0.1544402,0.6356741,-0.1324748,0.9877591,0.0823571,-0.6406121,-0.02191992,-0.767552,246.2034,-31.02083,217.3428,-100.9876,-3.540866,-100.3871,142.4381,0.9969231,7.61389,0.3568808,0.08414231,0.3586393,0.0257492
713,0.016687,1,100,0,-55.2387,60.1227,0,141.8238,0,0,-0.759501,-0.1549772,0.6317756,-0.1319395,0.9877198,0.08367822,-0.6369855,-0.01980245,-0.7706218,244.5275,-31.07626,215.66,-99.3135,-2.883063,-101.7505,142.2133,1.023307,3.907089,0.4071863,0.0757862,0.185513,0.02740368
714,0.01669,1,100,0,-63.5837,75.1437,0,141.7295,0,0,-0.7607501,-0.1554815,0.6301467,-0.1315337,0.9876693,0.08490099,-0.6355771,-0.01829708,-0.7718206,242.8779,-31.12123,213.9549,-97.87382,-2.316102,-102.9978,142.1028,1.012104,-0.07649311,0.4678535,0.06420995,-0.000656686,0.02991196
715,0.016634,1,100,0,-71.9007,90.1143,0,141.7446,0,0,-0.7599823,-0.1559575,0.6309549,-0.1312561,0.9876097,0.08601698,-0.6365522,-0.01744531,-0.7710363,241.2564,-31.15663,212.2354,-96.70576,-1.751767,-104.1189,142.112,1.104036,-4.297686,0.4995419,0.05848229,-0.1976703,0.03064723
716,0.016883,1,100,0,-80.3422,100,0,141.8683,0,0,-0.757044,-0.1563957,0.6343696,-0.1310755,0.9875437,0.08704332,-0.6400809,-0.01725472,-0.7681136,239.6291,-31.18387,210.4719,-95.74465,-1.338308,-105.1167,142.1913,1.061059,-8.700267,0.5316413,0.04360203,-0.4035462,0.03138592
717,0.016494,1,100,0,-88.5892,100,0,142.049,0,0,-0.7520071,-0.1567746,0.6402401,-0.1310524,0.9874737,0.08787088,-0.6459963,-0.0178255,-0.7631329,238.0539,-31.20418,208.7338,-95.03055,-1.016234,-105.9051,142.2945,1.035057,-12.86593,0.5588409,0.03040283,-0.5983202,0.03173579
718,0.016662,1,100,0,-96.9202,100,0,142.2272,0,0,-0.744765,-0.1570936,0.6485729,-0.1311621,0.9873986,0.08854671,-0.6543101,-0.01912172,-0.7559847,236.4731,-31.21977,206.9659,-94.55022,-0.7750148,-106.5002,142.4171,1.024687,-16.95899,0.5825098,0.01836315,-0.7896753,0.03158001
719,0.016751,1,100,0,-105.2957,100,0,142.3925,0,0,-0.7352811,-0.1573257,0.65925,-0.1313876,0.987321,0.08907729,-0.6649055,-0.02112041,-0.7466291,234.8906,-31.23188,205.1798,-94.3247,-0.6200529,-106.8771,142.5491,1.030097,-20.9651,0.6027266,0.007556197,-0.9769406,0.03078584
720,0.016554,1,100,0,-89.98326,100,0,142.5276,0,0,-0.7238094,-0.1574247,0.6718019,-0.1316957,0.9872461,0.08945256,-0.6773158,-0.02372681,-0.7353101,233.329,-31.2421,203.4098,-94.36033,-0.6120052,-107.0079,142.6708,1.008596,-24.16436,0.5699779,-0.002700695,-1.126597,0.02638506
721,0.016714,1,100,0,-98.34026,100,0,142.6103,0,0,-0.7102987,-0.1573348,0.6860917,-0.1320556,0.9871786,0.08966533,-0.6914025,-0.02691305,-0.7219686,231.7502,-31.25277,201.6219,-94.65517,-0.6927635,-106.8919,142.7794,1.009044,-27.35856,0.5353897,-0.01146468,-1.275968,0.02129393
722,0.016717,1,100,0,-106.6988,100,0,142.636,0,0,-0.6947668,-0.1570171,0.7018867,-0.1324449,0.9871211,0.08972475,-0.7069355,-0.0306235,-0.7066151,230.1649,-31.26527,199.837,-95.20139,-0.8594684,-106.5156,142.8623,1.029327,-30.51677,0.4999366,-0.01873248,-1.42361,0.01552448
723,0.016619,1,100,0,-91.32619,100,0,142.5931,0,0,-0.6773623,-0.1564441,0.7188225,-0.1328368,0.9870751,0.08965134,-0.7235572,-0.03475968,-0.6893889,228.5784,-31.28092,198.0704,-95.98167,-1.106418,-105.8728,142.9082,1.066745,-32.95939,0.4645575,-0.02275351,-1.537754,0.009530062
724,0.016642,1,100,0,-99.64719,100,0,142.4742,0,0,-0.6581367,-0.155593,0.7366457,-0.1332078,0.9870415,0.08947011,-0.7410207,-0.0392434,-0.6703345,226.9755,-31.30112,196.3135,-96.98212,-1.429468,-104.9534,142.9083,1.115482,-35.42806,0.4297107,-0.02590104,-1.653086,0.002977582
725,0.016683,1,100,0,-107.9887,100,0,142.2758,0,0,-0.6369554,-0.1544464,0.755271,-0.1336422,0.9870136,0.08912902,-0.7592284,-0.04416489,-0.6493242,225.3512,-31.32862,194.5691,-98.11347,-2.087236,-103.7639,142.82,0.8721258,-37.92261,0.4569558,-0.04745334,-1.77038,-0.0002640616
726,0.016706,1,100,0,-92.53564,100,0,141.9592,0,0,-0.6138645,-0.1529614,0.7744503,-0.1341984,0.9869887,0.088568,-0.7779211,-0.04956122,-0.6264045,223.7045,-31.36675,192.8438,-99.48005,-2.673344,-102.2686,142.6965,0.9559398,-39.76854,0.3445273,-0.04606805,-1.856575,-0.01269644
727,0.016583,1,100,0,-100.8271,100,0,141.5817,0,0,-0.5892773,-0.151045,0.7936862,-0.1346217,0.9869922,0.08788206,-0.7966362,-0.05506048,-0.6019461,222.0465,-31.41457,191.1576,-100.9849,-3.305546,-100.4997,142.5099,1.048225,-41.66794,0.2377345,-0.04387098,-1.945236,-0.02524674
728,0.016697,1,100,0,-85.38241,100,0,141.1256,0,0,-0.5628889,-0.1486595,0.8130539,-0.1349102,0.9870252,0.08706829,-0.8154482,-0.06067951,-0.5756413,220.3512,-31.47353,189.4909,-102.6199,-3.982972,-98.43589,142.2545,1.148823,-42.97639,0.1365419,-0.03910996,-2.00623,-0.03726938
729,0.016672,1,100,0,-93.71841,100,0,140.5866,0,0,-0.535094,-0.1458304,0.8321107,-0.1350488,0.9870872,0.08614661,-0.8339287,-0.06627902,-0.5478787,218.6306,-31.54387,187.8627,-104.3455,-4.689833,-96.09578,141.9309,1.253733,-44.39369,0.04299783,-0.03389532,-2.072284,-0.04917381
730,0.01689,1,100,0,-102.1634,100,0,139.9764,0,0,-0.5053636,-0.1424943,0.8510599,-0.1350418,0.9871789,0.08509644,-0.8522741,-0.07192397,-0.518127,216.8579,-31.62723,186.2544,-106.1569,-5.427002,-93.45032,141.5334,1.361068,-45.9345,-0.04256765,-0.02828287,-2.144081,-0.06104045
731,0.016495,1,100,0,-86.90553,100,0,139.2842,0,0,-0.4748487,-0.1387585,0.8690598,-0.1349857,0.9872907,0.08388054,-0.8696538,-0.07748005,-0.4875441,215.0973,-31.72248,184.7285,-107.8871,-6.46852,-90.59701,141.0294,1.120074,-46.87317,-0.1822629,-0.04288298,-2.188651,-0.07571663
732,0.016669,1,100,0,-95.24004,100,0,138.4956,0,0,-0.4427451,-0.1344707,0.8865069,-0.1350671,0.987411,0.08232031,-0.8864163,-0.08329099,-0.455334,213.2891,-31.83635,183.2356,-109.6408,-7.55451,-87.46527,140.4576,0.8989276,-47.95924,-0.3180797,-0.05598343,-2.240042,-0.09075322
733,0.016755,1,100,0,-103.6175,100,0,137.6425,0,0,-0.4091049,-0.1296138,0.903235,-0.1352885,0.987536,0.08043432,-0.9024024,-0.08929123,-0.4215411,211.4422,-31.96918,181.7889,-111.3832,-8.671087,-84.07813,139.8232,0.6970313,-49.17678,-0.4474857,-0.06750865,-2.29751,-0.1059673
734,0.016619,1,100,0,-88.24496,91.6905,0,136.7291,0,0,-0.3745051,-0.1242558,0.9188614,-0.1355012,0.9876757,0.07833445,-0.9172706,-0.09517017,-0.3867264,209.5812,-32.11834,180.412,-113.1454,-9.581498,-80.38064,139.1213,0.9392316,-49.64594,-0.5761966,-0.04840931,-2.31899,-0.1201219
735,0.016664,1,100,0,-96.57697,83.3585,0,135.7822,0,0,-0.3389656,-0.1183671,0.9333229,-0.135542,0.9878481,0.07605578,-0.9309838,-0.1007241,-0.3508902,207.6865,-32.28439,179.0948,-114.7739,-10.72593,-76.34081,138.2607,0.7636924,-50.10257,-0.8006126,-0.05537431,-2.340942,-0.1400923
736,0.016679,1,100,0,-104.9165,75.019,0,134.7202,0,0,-0.3025911,-0.1118964,0.9465294,-0.1356691,0.9880292,0.07343109,-0.9434154,-0.1061952,-0.3141498,205.7635,-32.46968,177.8454,-116.3021,-11.8721,-72.01793,137.3088,0.598524,-50.54871,-1.010355,-0.06105517,-2.362347,-0.1591139
737,0.016712,1,100,0,-89.45786,66.66299,0,133.6064,0,0,-0.2655534,-0.1048795,0.9583745,-0.1358892,0.9882129,0.07049172,-0.9544712,-0.1115134,-0.2766753,203.8119,-32.67445,176.6673,-117.7049,-13.00714,-67.43593,136.2764,0.4458094,-50.31968,-1.203292,-0.06411652,-2.352151,-0.1756814
738,0.016637,1,100,0,-97.77636,58.34449,0,132.4543,0,0,-0.2284656,-0.09744309,0.9686632,-0.1362044,0.9883919,0.06730301,-0.9639771,-0.1165598,-0.2390857,201.8466,-32.89703,175.5717,-118.9494,-14.11643,-62.65921,135.1829,0.2913568,-50.14304,-1.377072,-0.06708023,-2.34437,-0.190844
739,0.016683,1,100,0,-106.1179,50.00299,0,131.2909,0,0,-0.1910794,-0.08956415,0.9774799,-0.1366341,0.9885604,0.06386998,-0.9720184,-0.1213528,-0.201131,199.8559,-33.13853,174.5539,-120.0287,-15.18711,-57.69186,134.0368,0.1517727,-50.01646,-1.530617,-0.06884391,-2.338866,-0.2045652
740,0.01669,1,100,0,-90.67961,41.658,0,130.1167,0,0,-0.1536696,-0.08132164,0.9847702,-0.1371751,0.9887132,0.06024159,-0.9785543,-0.1258287,-0.1630905,197.8474,-33.39768,173.6193,-120.9257,-16.20123,-52.58053,132.8541,0.02992778,-49.27271,-1.66179,-0.06831995,-2.304475,-0.2151925
741,0.016749,1,100,0,-99.05411,33.2835,0,128.9463,0,0,-0.1164666,-0.07278586,0.990524,-0.1378191,0.9888471,0.05645775,-0.9835861,-0.1299376,-0.125199,195.8179,-33.67436,172.7678,-121.6335,-17.14674,-47.34481,131.6445,-0.07483696,-48.63156,-1.769602,-0.06681293,-2.274814,-0.2241344
742,0.016625,1,100,0,-83.67598,24.971,0,127.7926,0,0,-0.08003063,-0.06410706,0.9947289,-0.1382722,0.9889959,0.05261293,-0.9871556,-0.1333327,-0.08801419,193.7928,-33.96315,172.0099,-122.1178,-17.81096,-42.05366,130.3783,0.6287274,-47.43453,-1.896886,-0.01299854,-2.218273,-0.2324479
743,0.016649,1,100,0,-68.27565,16.6465,0,126.6254,0,0,-0.04450935,-0.05535032,0.9974745,-0.1379838,0.9892347,0.04873597,-0.9894339,-0.1354661,-0.05166765,191.7576,-34.26226,171.3392,-122.4614,-18.26425,-36.73145,129.1494,1.29565,-45.72112,-1.987965,0.03867808,-2.137632,-0.2360365
744,0.016839,1,100,0,-52.69958,8.226996,0,125.5394,0,0,-0.01000078,-0.04653529,0.9988666,-0.1371943,0.9895339,0.04472689,-0.9904938,-0.1365915,-0.01628048,189.6945,-34.57251,170.7509,-122.5956,-18.73551,-31.33635,127.9167,1.323143,-43.50618,-2.24666,0.04935028,-2.034627,-0.2481099
745,0.016516,1,100,0,-44.44158,0,0,124.4995,0,0,0.02211106,-0.03792049,0.9990361,-0.1363866,0.9898237,0.04058938,-0.9904088,-0.1371526,0.01671421,187.6695,-34.88391,170.2621,-122.585,-19.08395,-26.11964,126.7814,1.334619,-41.11451,-2.465425,0.05826977,-1.92334,-0.2567098
746,0.016696,1,100,0,-36.09358,0,0,123.5901,0,0,0.05268443,-0.02933002,0.9981803,-0.1355697,0.9901044,0.03624815,-0.9893659,-0.1372327,0.04818682,185.6235,-35.20388,169.8541,-122.4473,-19.31698,-21.05169,125.7365,1.326176,-38.66017,-2.651748,0.06519161,-1.809108,-0.2627111
747,0.01667,1,100,0,-27.75858,0,0,122.7817,0,0,0.08126777,-0.02093679,0.9964724,-0.134768,0.9903668,0.03179958,-0.987539,-0.1368769,0.07766329,183.5834,-35.5265,169.53,-122.2091,-19.4173,-16.21278,124.7996,1.345556,-36.17897,-2.793708,0.07302887,-1.69355,-0.2655371
748,0.016693,1,100,0,-19.41208,0,0,122.0849,0,0,0.1079153,-0.01277898,0.994078,-0.1339783,0.9906088,0.02727883,-0.985091,-0.1361287,0.1051898,181.5451,-35.85059,169.285,-121.8836,-19.40046,-11.59618,123.9616,1.331363,-33.66553,-2.901539,0.07784184,-1.576462,-0.2659068
749,0.016691,1,100,0,-11.06658,0,0,121.4876,0,0,0.1325607,-0.0049186,0.9911627,-0.133241,0.9908229,0.02273692,-0.9821786,-0.1350775,0.1306889,179.5128,-36.17376,169.1158,-121.4894,-19.27722,-7.216434,123.2208,1.282955,-31.12647,-2.975999,0.07957454,-1.458147,-0.2639882
750,0.016661,1,100,0,-2.736079,0,0,120.9851,0,0,0.1551542,0.002590021,0.987887,-0.132593,0.9910032,0.01822641,-0.9789519,-0.1338148,0.1541017,177.491,-36.49378,169.0185,-121.0443,-19.06167,-3.085282,122.5748,1.202442,-28.56886,-3.018241,0.07836664,-1.338926,-0.2599601
751,0.016687,1,100,0,5.607421,0,0,120.5718,0,0,0.1757684,0.009726738,0.9843835,-0.1317639,0.9911861,0.01373339,-0.9755737,-0.1321201,0.1755008,175.4732,-36.80852,168.9887,-120.655,-18.45533,0.8199583,122.061,1.946377,-25.98795,-3.005675,0.1291581,-1.21861,-0.2522868
752,0.016689,1,100,0,13.95192,0,0,120.2901,0,0,0.1943758,0.0164133,0.98079,-0.1302454,0.9914392,0.009220898,-0.9722422,-0.1295357,0.1948496,173.4617,-37.11228,169.0228,-120.2557,-17.68584,4.479941,121.6318,2.486953,-23.38662,-2.962351,0.1660731,-1.097309,-0.2423914
753,0.016649,1,100,0,22.27642,0,14.9841,120.0816,0,0,0.2108619,0.02261829,0.9772543,-0.12844,0.991706,0.004760694,-0.9690412,-0.1265224,0.2120181,171.4617,-37.40338,169.116,-119.8562,-17.07767,7.841104,121.3204,2.298789,-20.47289,-2.994507,0.1553617,-0.96145,-0.2367227
754,0.016688,1,100,0,30.62042,0,30.0033,119.9687,0,0,0.2250834,0.02838963,0.9739258,-0.126867,0.9919197,0.0004060064,-0.9660447,-0.1236504,0.2268663,169.4633,-37.68496,169.264,-119.5236,-16.46022,10.93142,121.1459,2.071315,-17.2606,-2.998045,0.1412145,-0.8116354,-0.2289314
755,0.016879,1,100,0,39.05992,0,45.1944,119.9804,0,0,0.2369324,0.03371347,0.970941,-0.1253,0.9921114,-0.003872411,-0.9634122,-0.1207414,0.2392877,167.4469,-37.95767,169.4646,-119.3461,-15.54582,13.79627,121.1425,2.51361,-13.73722,-2.942539,0.1690465,-0.6475999,-0.2169785
756,0.016465,1,100,0,47.29242,0,60.0129,120.1578,0,0,0.2458583,0.03834014,0.9685472,-0.1233938,0.9923258,-0.007958841,-0.9614196,-0.117556,0.2487025,165.4823,-38.20855,169.7057,-119.2619,-14.61666,16.33968,121.2602,2.760661,-10.0678,-2.864212,0.183484,-0.4766626,-0.2035891
757,0.016681,1,100,0,55.63292,0,75.0258,120.4428,0,0,0.2521108,0.04242755,0.9667678,-0.1212587,0.9925492,-0.01193751,-0.9600711,-0.1142194,0.2553771,163.4928,-38.44716,169.9913,-119.2697,-13.67708,18.67298,121.4948,2.860443,-6.118353,-2.763215,0.1876195,-0.2925974,-0.1885913
758,0.01686,1,100,0,64.06292,0,90.19981,120.8382,0,0,0.2554129,0.04595063,0.9657396,-0.1191566,0.9927512,-0.01572204,-0.9594616,-0.1110587,0.2590368,161.4816,-38.67377,170.318,-119.3252,-12.96622,20.7967,121.816,2.498394,-1.906521,-2.7212,0.1613609,-0.09612686,-0.1773542
759,0.016505,1,100,0,72.31542,0,100,121.3151,0,0,0.2555654,0.04883884,0.9655575,-0.1173089,0.9929104,-0.01917285,-0.9596485,-0.1083686,0.2594828,159.5111,-38.8831,170.6714,-119.5164,-12.11344,22.63383,122.2423,2.61698,2.298597,-2.636624,0.1654107,0.0996836,-0.1638123
760,0.016694,1,100,0,80.66242,0,100,121.8795,0,0,0.2526281,0.05118472,0.9662086,-0.1153445,0.9930719,-0.02244943,-0.9606637,-0.1057755,0.2567817,157.5145,-39.0808,171.0582,-119.7568,-11.29969,24.24405,122.7076,2.640544,6.44245,-2.535166,0.163067,0.2927141,-0.1497007
761,0.016687,1,100,0,89.00592,0,100,122.4667,0,0,0.2466493,0.05296847,0.9676563,-0.1133667,0.9932266,-0.02547173,-0.9624512,-0.1034175,0.2509835,155.5145,-39.26522,171.4702,-120.0513,-10.55519,25.5827,123.1999,2.596954,10.47999,-2.420058,0.1562881,0.4808455,-0.1352494
762,0.016668,1,100,0,97.33992,0,100,123.056,0,0,0.2376994,0.05420575,0.9698251,-0.1114314,0.9933716,-0.02821052,-0.9649259,-0.1013633,0.242164,153.5116,-39.43748,171.9025,-120.4033,-9.893835,26.63239,123.7099,2.512296,14.41661,-2.293833,0.1468659,0.664306,-0.1205263
763,0.016684,1,100,0,105.6819,0,100,123.6326,0,0,0.2258099,0.05491177,0.9726226,-0.1095656,0.9935069,-0.03065343,-0.9679905,-0.09964415,0.2303602,151.5005,-39.59938,172.351,-120.8144,-9.322138,27.38132,124.2287,2.40674,18.26856,-2.158587,0.1361921,0.8438346,-0.1055508
764,0.016697,1,100,0,90.2372,0,100,124.1837,0,0,0.2111814,0.05512773,0.9758912,-0.1077692,0.9936346,-0.03280894,-0.971488,-0.09824241,0.2157782,149.4806,-39.75217,172.8106,-121.289,-8.808142,27.8215,124.7503,2.337463,21.37407,-2.045331,0.1286661,0.9885356,-0.093381
765,0.016669,1,100,0,98.5717,0,100,124.6994,0,0,0.1942071,0.05492511,0.9794218,-0.1060256,0.9937577,-0.0347055,-0.9752142,-0.09710372,0.1988183,147.4559,-39.89665,173.2751,-121.8136,-8.387073,27.93844,125.2576,2.254355,24.45346,-1.926896,0.1204395,1.132022,-0.08096313
766,0.016698,1,100,0,106.9207,0,100,125.1635,0,0,0.1748244,0.05430165,0.9831011,-0.10434,0.9938775,-0.03634215,-0.9790556,-0.09622327,0.1794199,145.4187,-40.03486,173.7404,-122.3803,-8.055616,27.73263,125.7415,2.166743,27.51881,-1.804619,0.1121671,1.274845,-0.0683196
767,0.01668,1,100,0,91.4917,0,100,125.568,0,0,0.1532489,0.05327878,0.9867503,-0.1027185,0.9939951,-0.03771709,-0.9828345,-0.09557744,0.1578013,143.3741,-40.16787,174.2001,-122.9757,-7.811112,27.20329,126.1906,2.081013,29.89519,-1.680481,0.1049501,1.385606,-0.05668845
768,0.016678,1,100,0,99.8307,0,100,125.9041,0,0,0.1297893,0.05189766,0.9901826,-0.1011552,0.9941123,-0.03884458,-0.9863687,-0.09512053,0.1342749,141.3197,-40.29723,174.6491,-123.5868,-7.647699,26.35347,126.5965,1.998283,32.30789,-1.555833,0.09818311,1.498035,-0.0449078
769,0.016837,1,100,0,108.2492,0,100,126.1682,0,0,0.1041617,0.05013298,0.9932962,-0.09963512,0.9942307,-0.03973193,-0.9895575,-0.09482865,0.1085558,139.2354,-40.42549,175.0863,-124.2037,-7.556652,25.18,126.9555,1.921885,34.77844,-1.430476,0.09212463,1.613131,-0.03292016
770,0.016536,1,100,0,92.9534,0,100,126.3567,0,0,0.07722408,0.04805173,0.9958553,-0.0981947,0.9943486,-0.04036447,-0.9921669,-0.0946706,0.08150607,137.1782,-40.55033,175.4947,-124.7935,-7.534617,23.72244,127.2515,1.852211,36.57418,-1.309457,0.08743355,1.696819,-0.02227627
771,0.016673,1,100,0,101.2899,0,100,126.4628,0,0,0.04860841,0.04564533,0.9977744,-0.09678992,0.9944692,-0.04077882,-0.9941173,-0.09459231,0.05275757,135.0944,-40.67617,175.8805,-125.3548,-7.571748,21.95968,127.4887,1.785047,38.46582,-1.19062,0.08317853,1.784944,-0.01156603
772,0.016751,1,100,0,85.79523,0,100,126.4921,0,0,0.01851526,0.04293365,0.9989064,-0.09539977,0.9945952,-0.04098007,-0.9952669,-0.09453668,0.02251105,132.9915,-40.80322,176.2369,-125.8794,-7.609454,19.90479,127.6704,1.797544,39.76776,-1.078917,0.08485411,1.845562,-0.002281636
773,0.016593,1,100,0,94.09173,0,100,126.4511,0,0,-0.01232843,0.04000139,0.9991236,-0.09399479,0.9947288,-0.04098526,-0.9954966,-0.0944177,-0.008503521,130.9002,-40.92993,176.5545,-126.3322,-7.688709,17.60421,127.7843,1.792989,41.17553,-0.9739568,0.08564644,1.911085,0.006698932
774,0.016687,1,100,0,102.4352,0,100,126.3395,0,0,-0.04444296,0.03680374,0.9983338,-0.09257782,0.9948693,-0.04079733,-0.9947131,-0.09423672,-0.04080772,128.7899,-41.05888,176.8341,-126.7038,-7.803799,15.04575,127.8324,1.774128,42.70145,-0.8748259,0.08579064,1.982085,0.01545041
775,0.016683,1,100,0,87.00345,0,100,126.1554,0,0,-0.07752582,0.03338161,0.9964315,-0.09119932,0.9950119,-0.04042967,-0.9928108,-0.09400821,-0.07409473,126.6746,-41.19013,177.0697,-126.9662,-7.992218,12.26227,127.8071,1.674541,43.65981,-0.7900797,0.08144436,2.026718,0.02228566
776,0.016679,1,100,0,95.34295,0,100,125.8962,0,0,-0.1112827,0.02978224,0.9933425,-0.08991618,0.9951495,-0.03990959,-0.9897129,-0.09375881,-0.108065,124.5559,-41.32464,177.2576,-127.1149,-8.207289,9.267714,127.7162,1.575866,44.7631,-0.7119018,0.07733484,2.078065,0.02891832
777,0.016764,1,100,0,103.7249,0,100,125.5752,0,0,-0.1459596,0.0259833,0.9889492,-0.08870338,0.9952847,-0.03924154,-0.9853057,-0.09345081,-0.1429665,122.4247,-41.46329,177.3951,-127.1476,-8.394444,6.064913,127.5687,1.542505,46.00603,-0.6487157,0.07764829,2.135831,0.0347699
778,0.016638,1,100,0,88.33479,0,100,125.1967,0,0,-0.1809961,0.02206108,0.9832364,-0.08753581,0.9954192,-0.03844819,-0.9795806,-0.09302737,-0.1782358,120.3096,-41.60406,177.4774,-127.0417,-8.591212,2.71286,127.3607,1.495214,46.69566,-0.5937363,0.07755441,2.167873,0.03907436
779,0.016668,1,100,0,96.66879,0,100,124.7633,0,0,-0.2164237,0.01802621,0.9761332,-0.08641534,0.9955516,-0.03754442,-0.9724677,-0.09247839,-0.2139032,118.1934,-41.74841,177.5032,-126.7867,-8.794525,-0.7992284,127.0939,1.4341,47.55122,-0.5464467,0.07671094,2.207607,0.04304314
780,0.016764,1,100,0,105.0508,0,100,124.2802,0,0,-0.2524474,0.01386152,0.9675114,-0.08537698,0.9956785,-0.03654201,-0.9638368,-0.09182814,-0.250173,116.0701,-41.89722,177.4693,-126.3624,-9.037962,-4.461861,126.7637,1.296552,48.56402,-0.5085906,0.07116207,2.254646,0.04655963
781,0.016608,1,100,0,89.6884,0,91.696,123.7389,0,0,-0.2883628,0.00966052,0.9574725,-0.08446544,0.9957944,-0.0354857,-0.9537886,-0.09110609,-0.286334,113.9748,-42.04847,177.3741,-125.7272,-9.240996,-8.286721,126.3384,1.216555,48.8713,-0.489947,0.06960381,2.268865,0.04762413
782,0.016681,1,100,0,98.0289,0,83.3555,123.1318,0,0,-0.3242599,0.005433729,0.9459525,-0.08362358,0.995904,-0.03438571,-0.9422647,-0.09025384,-0.3224773,111.8822,-42.20372,177.2136,-124.8564,-9.434986,-12.29241,125.8143,1.124019,49.20399,-0.478218,0.06730677,2.284252,0.04816597
783,0.016929,1,100,0,106.4934,0,74.891,122.4633,0,0,-0.3604664,0.001148932,0.9327716,-0.08285478,0.9960071,-0.03324576,-0.9290854,-0.08926857,-0.3589319,109.7747,-42.36449,176.9818,-123.7299,-9.617721,-16.48784,125.1936,1.019052,49.5661,-0.4730071,0.0643129,2.300992,0.04821108
784,0.016474,1,100,0,91.25495,0,66.654,121.7322,0,0,-0.3952881,-0.002985146,0.9185524,-0.08219469,0.9960981,-0.03213435,-0.9148724,-0.08820245,-0.3939911,107.7434,-42.52385,176.6872,-122.4005,-9.778967,-20.66075,124.5166,0.9072968,49.28992,-0.474127,0.06077152,2.288083,0.04677022
785,0.016663,1,100,0,99.58645,0,58.3225,120.9835,0,0,-0.4297631,-0.007081289,0.9029139,-0.0816166,0.9961805,-0.03103459,-0.8992454,-0.08703028,-0.4286996,105.7124,-42.68762,176.3192,-120.8228,-9.923439,-24.93898,123.7683,0.7848433,49.08813,-0.4807287,0.05648028,2.278619,0.04501192
786,0.016684,1,100,0,107.9285,0,49.9805,120.2043,0,0,-0.4635408,-0.01109411,0.8860062,-0.08113232,0.9962527,-0.02997226,-0.8823535,-0.0857771,-0.4627039,103.7064,-42.85389,175.8791,-119.0174,-10.04666,-29.24354,122.9685,0.6561221,48.95976,-0.4923221,0.05170049,2.272557,0.042985
787,0.016684,1,100,0,92.49575,0,41.6385,119.4083,0,0,-0.4964357,-0.01499642,0.8679441,-0.08074111,0.9963142,-0.02896686,-0.8643106,-0.08445895,-0.4958167,101.7318,-43.02209,175.3673,-116.9957,-10.14688,-33.53714,122.1298,0.5227818,48.23497,-0.5082983,0.04635251,2.238798,0.0397345
788,0.016683,1,100,0,100.8372,0,33.297,118.6059,0,0,-0.5281798,-0.01874961,0.8489256,-0.08043761,0.9963652,-0.02804022,-0.8453142,-0.08309583,-0.5277681,99.82883,-43.19251,174.6807,-107.6365,-9.887534,-44.53342,121.2643,0.08340546,42.48575,0.729181,0.01945463,1.973525,0.1092898
789,0.016739,1,100,0,85.35368,0,24.9275,115.3116,0,0,-0.5555103,-0.02324838,0.8311846,-0.08117411,0.9963508,-0.02638344,-0.8275381,-0.08212695,-0.5553702,98.04195,-43.35882,173.9006,-102.3951,-9.621429,-45.19105,116.6757,-0.6485553,40.74044,0.6867054,-0.02479319,1.892149,0.1033116
790,0.016734,1,100,0,69.87473,0,16.5605,110.6238,0,0,-0.5810404,-0.02750197,0.8134099,-0.08248562,0.9962726,-0.02523699,-0.8096839,-0.08175833,-0.5811432,96.33758,-43.5204,173.1281,-100.7395,-9.720709,-48.10071,112.0564,-0.7033276,39.55146,0.6045819,-0.02580451,1.83686,0.09606908
791,0.016691,1,100,0,54.43555,0,8.215001,110.3153,0,0,-0.6051139,-0.03151242,0.795515,-0.08375304,0.9961915,-0.02424558,-0.7917213,-0.08129814,-0.6054486,94.66592,-43.68297,172.3089,-98.9597,-9.776459,-51.02694,111.7692,-0.7207409,37.87527,0.4968348,-0.02504074,1.758925,0.08643668
792,0.016689,1,100,0,38.99823,0,0,110.0375,0,0,-0.627548,-0.03522627,0.7777806,-0.08493876,0.9961109,-0.02341776,-0.7739308,-0.0807595,-0.6280996,93.02478,-43.84633,171.4411,-97.06841,-9.809636,-53.94378,111.4829,-0.7410879,35.75353,0.3830749,-0.02517057,1.660283,0.07575861
793,0.016684,1,100,0,30.65623,0,0,109.7985,0,0,-0.6482124,-0.03860958,0.7604802,-0.08603455,0.9960321,-0.02276493,-0.7565838,-0.08018408,-0.6489621,91.41592,-44.01009,170.5253,-95.13742,-9.82448,-56.76715,111.2212,-0.7618865,33.57459,0.2645583,-0.02584351,1.558969,0.06471349
794,0.016892,1,100,0,22.21023,0,0,109.6069,0,0,-0.667381,-0.04169231,0.7435486,-0.08704603,0.9959552,-0.02228396,-0.739612,-0.07959484,-0.6683108,89.81985,-44.17604,169.5509,-93.1641,-9.822955,-59.5169,110.9878,-0.7816418,31.31223,0.1410288,-0.02693859,1.453763,0.05326633
795,0.016462,1,100,0,13.97923,0,0,109.4629,0,0,-0.6844009,-0.04436153,0.727755,-0.08794274,0.9958825,-0.02199809,-0.7237827,-0.07905629,-0.6854842,88.29666,-44.33779,168.5571,-91.2403,-9.828455,-62.07723,110.7925,-0.8417233,29.06577,0.02788743,-0.03106476,1.349268,0.0425822
796,0.01669,1,100,0,5.634229,0,0,109.3681,0,0,-0.7000407,-0.04673836,0.712572,-0.08878173,0.9958105,-0.02190414,-0.708563,-0.07859717,-0.7012574,86.78451,-44.50183,167.5072,-89.31254,-9.827066,-64.54896,110.6339,-0.8911716,26.74178,-0.08767137,-0.03492444,1.241166,0.03171515
797,0.016843,1,100,0,-2.787271,0,0,109.3214,0,0,-0.7142239,-0.04879393,0.6982145,-0.08953133,0.9957411,-0.02199797,-0.6941675,-0.07822355,-0.7155507,85.29079,-44.66721,166.4067,-87.41576,-9.801181,-66.91161,110.5203,-0.898693,24.35432,-0.2242841,-0.03648589,1.130112,0.019485
798,0.016513,1,100,0,-11.04377,0,0,109.3265,0,0,-0.7266157,-0.05046058,0.6851887,-0.09013656,0.9956807,-0.02225958,-0.6811059,-0.07793471,-0.7280256,83.85715,-44.82888,165.2898,-85.6153,-9.767948,-69.09593,110.452,-0.8975891,21.9824,-0.3564052,-0.03780632,1.019782,0.007627914
799,0.016677,1,100,0,-19.38227,0,0,109.378,0,0,-0.7376669,-0.05179837,0.6731749,-0.09061208,0.995628,-0.02268302,-0.6690569,-0.07773029,-0.7391354,82.439,-44.99156,164.1259,-83.86944,-9.728463,-71.16965,110.4258,-0.8873792,19.55204,-0.4868309,-0.0388516,0.9067394,-0.004148206
800,0.016685,1,100,0,-27.72477,0,0,109.4736,0,0,-0.7472966,-0.05279282,0.6623901,-0.09094626,0.9955842,-0.02325537,-0.6582374,-0.07762057,-0.7487981,81.04882,-45.15364,162.9276,-82.21005,-9.684871,-73.11051,110.442,-0.8674123,17.09066,-0.6131184,-0.03952078,0.7922605,-0.0156564
801,0.016678,1,100,0,-36.06377,0,0,109.6105,0,0,-0.7555407,-0.053448,0.652918,-0.09113529,0.9955504,-0.02396356,-0.6487319,-0.07760932,-0.7570498,79.68636,-45.31491,161.6982,-80.6511,-9.639168,-74.91713,110.4993,-0.8380048,14.6034,-0.7339274,-0.03978522,0.6765889,-0.02681504
802,0.016687,1,100,0,-44.40727,0,0,109.785,0,0,-0.7624462,-0.05377018,0.6448137,-0.09117731,0.9955261,-0.02479503,-0.6405956,-0.07769725,-0.7639377,78.34856,-45.47551,160.4387,-79.20237,-9.5927,-76.59215,110.5956,-0.7986518,12.09015,-0.8484629,-0.0395676,0.5597216,-0.0375862
803,0.016673,1,100,0,-52.74377,15.0057,0,109.9936,0,0,-0.7679932,-0.05375838,0.6381978,-0.09108353,0.9955102,-0.02575145,-0.6339481,-0.07790625,-0.7694415,77.03506,-45.63533,159.153,-77.92929,-9.572528,-78.15324,110.7815,-0.8030474,9.281837,-0.9532917,-0.04252005,0.4291139,-0.04812743
804,0.016682,1,100,0,-61.08477,30.0195,0,110.2832,0,0,-0.7720884,-0.05339894,0.6332679,-0.09087582,0.9955001,-0.02685358,-0.6289843,-0.07828207,-0.7734668,75.74113,-45.79498,157.8411,-76.83198,-9.565157,-79.61705,111.0564,-0.7896675,6.19776,-1.049917,-0.04463498,0.2857199,-0.05852874
805,0.016633,1,100,0,-69.40128,44.9892,0,110.656,0,0,-0.774626,-0.05268005,0.6302219,-0.09054918,0.9954962,-0.02808371,-0.625904,-0.07882044,-0.7759074,74.46826,-45.9541,156.5093,-75.91483,-9.570205,-80.98486,111.4145,-0.7591763,2.871948,-1.137187,-0.04586173,0.1311224,-0.06870214
806,0.016683,1,100,0,-77.74277,60.0039,0,111.1065,0,0,-0.7755255,-0.05158409,0.6292055,-0.09009734,0.9954982,-0.02943539,-0.6248546,-0.07951764,-0.7766818,73.20588,-46.11385,155.1511,-75.17567,-9.58738,-82.2682,111.8542,-0.7125147,-0.6990856,-1.21485,-0.04619077,-0.03484082,-0.0786716
807,0.016681,1,100,0,-86.08327,75.0168,0,111.6324,0,0,-0.7746727,-0.05009891,0.630375,-0.0895177,0.9955062,-0.03089136,-0.6259946,-0.08036041,-0.7756762,71.95495,-46.27393,153.7721,-74.62308,-9.615396,-83.46286,112.3704,-0.6492049,-4.487187,-1.282362,-0.04547967,-0.21086,-0.08840064
808,0.016886,1,100,0,-94.52628,90.2142,0,112.2265,0,0,-0.7719113,-0.04818536,0.6339015,-0.0887986,0.9955207,-0.03245791,-0.6294981,-0.0813442,-0.7727325,70.69692,-46.43652,152.3564,-74.25847,-9.655217,-84.58099,112.9668,-0.5724785,-8.533359,-1.339116,-0.04386901,-0.398841,-0.09794751
809,0.016479,1,100,0,-102.7658,100,0,112.8894,0,0,-0.7672516,-0.04590704,0.6397011,-0.08796842,0.9955406,-0.03406528,-0.6352846,-0.08241014,-0.7678685,69.47415,-46.59589,150.9573,-74.08965,-9.703308,-85.56029,113.5957,-0.487463,-12.56455,-1.382336,-0.04136101,-0.5860993,-0.106766
810,0.016688,1,100,0,-87.32938,100,0,113.5667,0,0,-0.7606097,-0.04320955,0.6477698,-0.08700518,0.9955661,-0.03575195,-0.6433529,-0.08355261,-0.7609968,68.23772,-46.75813,149.5248,-74.09709,-9.758279,-86.39835,114.2378,-0.3943567,-15.88462,-1.413417,-0.03734261,-0.7402977,-0.1139295
811,0.01675,1,100,0,-95.70438,100,0,114.2348,0,0,-0.7521845,-0.04015747,0.6577279,-0.08592541,0.9955964,-0.03747922,-0.6533265,-0.08470683,-0.7523228,66.9955,-46.92192,148.0738,-74.29678,-9.819216,-87.06947,114.8805,-0.2989331,-19.18101,-1.431212,-0.03272195,-0.8933729,-0.1203455
812,0.016613,1,100,0,-104.0109,100,0,114.8761,0,0,-0.7420274,-0.03679203,0.6693591,-0.08473856,0.9956313,-0.03921218,-0.6649923,-0.08581704,-0.7419034,65.75903,-47.08534,146.6246,-74.69468,-9.872811,-87.5555,115.5107,-0.171196,-22.4141,-1.453367,-0.02550791,-1.043492,-0.1270632
813,0.016679,1,100,0,-88.5828,100,0,115.4764,0,0,-0.7300768,-0.03309467,0.6825634,-0.08343203,0.9956713,-0.04096378,-0.6782531,-0.08685437,-0.7296777,64.50994,-47.25043,145.1626,-75.28315,-9.948966,-87.85025,116.1215,-0.1020588,-24.96285,-1.460339,-0.02111189,-1.161836,-0.1318465
814,0.016698,1,100,0,-96.9318,100,0,116.0275,0,0,-0.7165053,-0.02912711,0.6969733,-0.08205262,0.9957113,-0.04274045,-0.6927393,-0.08781224,-0.7158224,63.24854,-47.417,143.6952,-76.06284,-10.02878,-87.9457,116.7072,-0.03749264,-27.53974,-1.452196,-0.01655832,-1.281466,-0.1357616
815,0.016669,1,100,0,-105.2663,100,0,116.5259,0,0,-0.701258,-0.02491189,0.7124724,-0.08061751,0.9957501,-0.04453177,-0.708335,-0.08866601,-0.700286,61.97533,-47.58463,142.2298,-77.02212,-10.11,-87.83521,117.2589,0.01918476,-30.13361,-1.429381,-0.0120238,-1.401864,-0.1387962
816,0.016683,1,100,0,-89.83452,100,0,116.9636,0,0,-0.6843232,-0.02047219,0.7288913,-0.07914057,0.995786,-0.04633312,-0.7248711,-0.08939169,-0.6830596,60.68408,-47.75374,140.7661,-78.15284,-10.19061,-87.51163,117.771,0.06563482,-32.08257,-1.391932,-0.007393137,-1.492291,-0.1398769
817,0.01668,1,100,0,-98.17451,100,0,117.3374,0,0,-0.6658671,-0.01586782,0.7459016,-0.07764495,0.9958188,-0.04812933,-0.7420192,-0.08996323,-0.664315,59.37333,-47.92416,139.3094,-79.44125,-10.26839,-86.96938,118.2372,0.09908169,-34.10304,-1.340141,-0.003209939,-1.586022,-0.1401113
818,0.016711,1,100,0,-106.53,100,0,117.6458,0,0,-0.6457394,-0.0111006,0.7634773,-0.0761444,0.9958464,-0.04992282,-0.759752,-0.09037165,-0.6439025,58.0378,-48.09617,137.8602,-80.87337,-10.34139,-86.20441,118.6535,0.1180485,-36.19265,-1.274276,0.0004659916,-1.682948,-0.1394926
819,0.016811,1,100,0,-90.97984,100,0,117.8855,0,0,-0.6238649,-0.006186165,0.7815077,-0.07466592,0.9958663,-0.05172163,-0.7779572,-0.0906193,-0.6217479,56.66946,-48.27051,136.4166,-82.43535,-10.42722,-85.20522,119.0136,0.08122711,-37.67838,-1.18906,0.001085664,-1.751806,-0.136587
820,0.016564,1,100,0,-99.26184,100,0,118.0522,0,0,-0.6008789,-0.001280576,0.7993389,-0.07327204,0.9958767,-0.0534846,-0.7959745,-0.09070697,-0.5984951,55.29486,-48.44361,135.0118,-84.08696,-10.49353,-83.99402,119.3136,0.07398093,-39.24714,-1.106371,0.003853566,-1.824527,-0.1338797
821,0.016639,1,100,0,-107.5813,100,0,118.1529,0,0,-0.576252,0.003709886,0.8172637,-0.07192058,0.99588,-0.05523184,-0.8141015,-0.09060554,-0.573611,53.88602,-48.61853,133.6221,-85.83216,-10.54994,-82.554,119.5559,0.05045644,-40.92147,-1.011251,0.005920341,-1.902133,-0.1304149
822,0.016889,1,100,0,-91.95902,100,0,118.1859,0,0,-0.5497209,0.008805253,0.835302,-0.07061903,0.9958749,-0.05697303,-0.8323579,-0.09030748,-0.5468314,52.42599,-48.79698,132.2373,-87.67223,-10.59538,-80.86391,119.7399,0.009676008,-42.03166,-0.9032553,0.007170021,-1.95352,-0.1250694
823,0.016482,1,100,0,-100.2,100,0,118.1504,0,0,-0.5225209,0.01375372,0.8525156,-0.06943899,0.9958621,-0.05862664,-0.8497943,-0.08983146,-0.5194037,50.97078,-48.97181,130.9147,-89.51795,-10.62744,-78.99217,119.859,-0.04595073,-43.24617,-0.7874362,0.007583936,-2.009741,-0.1192434
824,0.016675,1,100,0,-84.77564,100,0,118.0554,0,0,-0.493736,0.01870713,0.8694105,-0.0683522,0.9958405,-0.06024457,-0.8669212,-0.08917104,-0.4904037,49.46746,-49.14914,129.6091,-91.41347,-10.64564,-76.88285,119.9197,-0.1145899,-43.93521,-0.6612782,0.00720877,-2.041539,-0.1117594
825,0.016678,1,100,0,-93.11464,91.661,0,117.9012,0,0,-0.4639052,0.0235555,0.8855716,-0.06739092,0.9958114,-0.06179041,-0.8833178,-0.08834438,-0.4603747,47.93214,-49.32671,128.3401,-93.32716,-10.64569,-74.47828,119.8762,-0.1969231,-44.62941,-0.5269046,0.005998634,-2.073563,-0.1036115
826,0.016695,1,100,0,-101.4621,83.31351,0,117.6659,0,0,-0.4330071,0.02828618,0.9009466,-0.06656581,0.9957749,-0.06325584,-0.8989293,-0.08736247,-0.4292947,46.36334,-49.50435,127.1115,-95.23264,-10.62738,-71.79166,119.734,-0.2914495,-45.32869,-0.385471,0.004037203,-2.105808,-0.09487522
827,0.016671,1,100,0,-86.04147,74.978,0,117.3556,0,0,-0.4012841,0.03285487,0.9153642,-0.0659022,0.9957309,-0.06463014,-0.9135798,-0.08625957,-0.3974058,44.76526,-49.68147,125.931,-97.0953,-10.6138,-68.84205,119.4963,-0.4328547,-45.36555,-0.2459375,-0.001326677,-2.107262,-0.08512694
828,0.016674,1,100,0,-94.37846,66.64101,0,116.9781,0,0,-0.3690123,0.03722513,0.9286787,-0.06543155,0.9956779,-0.06591009,-0.9271184,-0.08508652,-0.3649817,43.13615,-49.85831,124.8007,-98.89821,-10.58663,-65.64974,119.1756,-0.5735462,-45.46217,-0.1023367,-0.006755797,-2.111488,-0.07515079
829,0.016689,1,100,0,-102.723,58.2965,0,116.5521,0,0,-0.3361639,0.04139785,0.9408932,-0.06514668,0.9956183,-0.06708139,-0.9395476,-0.08384642,-0.331994,41.47593,-50.03478,123.724,-100.6198,-10.54426,-62.23812,118.7818,-0.7081599,-45.61473,0.04409948,-0.01189591,-2.11831,-0.0650177
830,0.016669,1,100,0,-87.30414,49.96201,0,116.0839,0,0,-0.3029685,0.04534372,0.9519213,-0.06504147,0.9955545,-0.06812293,-0.9507785,-0.08255346,-0.2986724,39.78957,-50.21025,122.7064,-102.2366,-10.48873,-58.63874,118.3251,-0.8402268,-45.15425,0.1917732,-0.01752434,-2.096651,-0.05385844
831,0.016677,1,100,0,-95.64264,41.6235,0,115.584,0,0,-0.2696914,0.04903406,0.9616976,-0.06511329,0.9954884,-0.06901684,-0.960743,-0.08123255,-0.2652819,38.0761,-50.38482,121.7493,-103.735,-10.42094,-54.87219,117.8155,-0.966663,-44.79851,0.3396989,-0.02296526,-2.079858,-0.04283214
832,0.016693,1,100,0,-103.9891,33.277,0,115.0658,0,0,-0.2362903,0.05248114,0.9702643,-0.06533292,0.9954228,-0.0697526,-0.9694839,-0.07987206,-0.23178,36.33667,-50.55827,120.855,-105.1058,-10.32716,-50.96706,117.2668,-1.045694,-44.54054,0.4806177,-0.02551507,-2.067652,-0.03237398
833,0.016917,1,100,0,-88.34091,24.8185,0,114.5363,0,0,-0.2024949,0.05571587,0.9776971,-0.06566628,0.9953606,-0.07032287,-0.9770793,-0.07844175,-0.1978968,34.55144,-50.73238,120.0156,-106.3474,-10.21789,-46.8978,116.6772,-1.12495,-43.68793,0.6216678,-0.02886329,-2.027816,-0.02103767
834,0.016437,1,100,0,-96.55941,16.6,0,113.9922,0,0,-0.170016,0.05858289,0.9836985,-0.06610471,0.9953049,-0.0706992,-0.9832217,-0.07704709,-0.1653451,32.79749,-50.89978,119.2668,-107.4018,-10.11336,-42.86524,116.0812,-1.227396,-42.99931,0.7533724,-0.03390278,-1.995579,-0.0105953
835,0.016677,1,100,0,-81.13319,8.261504,0,113.4665,0,0,-0.1375319,0.06121729,0.9886038,-0.0666724,0.9952524,-0.07090428,-0.9882509,-0.07566418,-0.1327974,31.00129,-51.06781,118.5749,-108.2856,-9.99833,-38.71552,115.4323,-1.321023,-41.766,0.8827383,-0.039212,-1.93804,0.0003866889
836,0.016778,1,100,0,-65.61354,0,0,112.9111,0,0,-0.1057758,0.06355621,0.9923568,-0.06736013,0.995205,-0.07091857,-0.9921057,-0.07434675,-0.1009874,29.18005,-51.23492,117.9487,-109.0482,-9.880234,-34.52306,114.8084,-1.40198,-40.03376,1.007632,-0.04459874,-1.857329,0.01163357
837,0.016553,1,100,0,-50.30202,0,0,112.4083,0,0,-0.07572262,0.06553838,0.9949728,-0.06812752,0.995166,-0.07073597,-0.9947991,-0.07314134,-0.07089161,27.37138,-51.39778,117.3995,-109.6758,-9.754715,-30.48065,114.2498,-1.427492,-38.04254,1.121735,-0.04712254,-1.764651,0.02237337
838,0.016725,1,100,0,-41.93952,0,0,111.9797,0,0,-0.0468436,0.06721464,0.9966384,-0.06894799,0.9951365,-0.07035402,-0.99652,-0.07201185,-0.04198147,25.53405,-51.56024,116.9118,-110.1906,-9.629182,-26.50325,113.7414,-1.442417,-35.96267,1.230501,-0.04941037,-1.667865,0.03275245
839,0.01665,1,100,0,-33.61452,0,0,111.6131,0,0,-0.01966433,0.06856748,0.9974528,-0.06979484,0.9951178,-0.06978294,-0.9973679,-0.0709893,-0.01478267,23.69701,-51.71989,116.4918,-110.5955,-9.506879,-22.6667,113.2939,-1.445516,-33.83321,1.331379,-0.05132032,-1.56879,0.0425427
840,0.016683,1,100,0,-25.27302,0,0,111.3143,0,0,0.005929805,0.06961937,0.9975561,-0.07065712,0.9951095,-0.0690286,-0.9974834,-0.07007512,0.01081991,21.85011,-51.87783,116.1342,-110.9061,-9.386612,-18.95789,112.9056,-1.433857,-31.6444,1.424739,-0.0526314,-1.466979,0.05178868
841,0.016679,1,100,0,-16.93352,0,0,111.0796,0,0,0.02981826,0.07037984,0.9970745,-0.07151648,0.9951118,-0.06810255,-0.9969937,-0.06927656,0.03470583,19.99894,-52.03375,115.8378,-111.1337,-9.270493,-15.39624,112.5775,-1.410182,-29.40626,1.509208,-0.05347027,-1.362897,0.06039582
842,0.016704,1,100,0,-8.581517,0,0,110.9075,0,0,0.05199071,0.07086344,0.9961302,-0.07236075,0.9951246,-0.0670152,-0.9960226,-0.06859656,0.05686496,18.1416,-52.18798,115.5996,-111.2912,-9.158903,-11.98487,112.3088,-1.374487,-27.11883,1.584327,-0.05379703,-1.256547,0.06834478
843,0.016676,1,100,0,-0.2435179,0,0,110.7953,0,0,0.07233557,0.07108723,0.9948439,-0.07318256,0.9951465,-0.06578772,-0.9946921,-0.06804644,0.07718684,16.28509,-52.34021,115.4177,-111.387,-9.067205,-8.739244,112.0966,-1.348392,-24.79409,1.636191,-0.05494189,-1.148479,0.07473663
844,0.016796,1,100,0,8.154482,0,0,110.7382,0,0,0.09098691,0.0710753,0.9933125,-0.07399251,0.9951753,-0.06443091,-0.9930995,-0.06763531,0.09580696,14.41389,-52.49203,115.2883,-111.4368,-8.982534,-5.641433,111.9405,-1.30776,-22.41281,1.678235,-0.05534157,-1.037814,0.08046792
845,0.016587,1,100,0,16.44798,0,0,110.7349,0,0,0.1075617,0.07084242,0.9916713,-0.07476109,0.9952103,-0.06298627,-0.9913836,-0.06736351,0.1123428,12.56534,-52.64059,115.2106,-111.4524,-8.904557,-2.758614,111.8416,-1.25097,-20.02962,1.710166,-0.05478859,-0.9270938,0.08547089
846,0.016681,1,100,0,24.78848,0,0,110.7821,0,0,0.1223672,0.07039995,0.989985,-0.07548933,0.9952518,-0.06144362,-0.98961,-0.06721462,0.1271007,10.7062,-52.78872,115.1797,-111.4447,-8.832236,-0.03886019,111.7942,-1.182386,-17.60019,1.731803,-0.0535859,-0.8142548,0.08980913
847,0.01689,1,100,0,33.23348,0,0,110.8755,0,0,0.135438,0.0697515,0.9883276,-0.07615855,0.9953005,-0.05980704,-0.9878546,-0.06716946,0.1401136,8.823952,-52.93744,115.1935,-111.4277,-8.750322,2.527561,111.7993,-1.063841,-15.10823,1.743471,-0.04928109,-0.6985875,0.09354682
848,0.016471,1,100,0,41.46898,0,14.8239,111.0163,0,0,0.1462303,0.06892776,0.9868464,-0.07671531,0.9953557,-0.05815447,-0.9862717,-0.06720228,0.150839,6.988379,-53.08116,115.2476,-111.4673,-8.677471,4.81206,111.908,-0.9448949,-12.38693,1.744291,-0.04521406,-0.5722809,0.09684147
849,0.01668,1,100,0,49.80898,0,29.8359,111.246,0,0,0.1549911,0.0678937,0.9855801,-0.07718854,0.9954181,-0.05643283,-0.9848958,-0.06732891,0.1595216,5.12851,-53.22552,115.3396,-111.5703,-8.609864,6.923084,112.1159,-0.8219432,-9.347869,1.734687,-0.04123091,-0.4312344,0.09983531
850,0.016693,1,100,0,58.15548,0,44.8596,111.5692,0,0,0.1613685,0.06664888,0.9846411,-0.0775771,0.9954864,-0.0546692,-0.9838405,-0.06756371,0.1658106,3.265095,-53.3689,115.4658,-111.7425,-8.547911,8.83805,112.4169,-0.6973166,-6.04749,1.714485,-0.03736261,-0.2780692,0.102465
851,0.016674,1,100,0,66.49249,0,59.8662,111.9798,0,0,0.1651655,0.06519049,0.984109,-0.0778971,0.9955582,-0.05287526,-0.9831847,-0.06792607,0.16951,1.400541,-53.51118,115.6228,-111.9857,-8.503604,10.5573,112.8032,-0.5996749,-2.512369,1.67728,-0.03535968,-0.1139972,0.1043076
852,0.016686,1,100,0,74.83549,0,74.8836,112.4698,0,0,0.1662183,0.06351266,0.9840416,-0.07816169,0.9956325,-0.05105818,-0.9829866,-0.06842755,0.1704566,-0.4698743,-53.65278,115.8074,-112.3131,-8.45253,12.08128,113.2768,-0.4600033,1.247598,1.630617,-0.03073294,0.0604489,0.1058686
853,0.016682,1,100,0,83.17649,0,89.8974,113.04,0,0,0.1643599,0.06160757,0.9844747,-0.07834945,0.9957097,-0.04923005,-0.9832839,-0.06904159,0.1684817,-2.345765,-53.79353,116.0163,-112.7244,-8.40644,13.40508,113.8295,-0.3251007,5.213319,1.573672,-0.0263931,0.2444337,0.1070997
854,0.016683,1,100,0,91.51799,0,100,113.6789,0,0,0.1594573,0.05946775,0.9854122,-0.07847149,0.9957893,-0.0473959,-0.9840816,-0.06976914,0.1634524,-4.229006,-53.93354,116.2462,-113.2041,-8.364997,14.52092,114.4377,-0.1967248,9.279369,1.50651,-0.02227137,0.4330603,0.1079052
855,0.016683,1,100,0,99.85949,0,100,114.3592,0,0,0.1514767,0.05709476,0.9868106,-0.07853765,0.9958695,-0.04556326,-0.985336,-0.07060001,0.1553352,-6.120437,-54.07288,116.4933,-113.7174,-8.327204,15.406,115.0579,-0.07694402,13.24696,1.429268,-0.01823699,0.6170973,0.1080711
856,0.016693,1,100,0,108.206,0,100,115.0308,0,0,0.1404724,0.05449686,0.9885836,-0.07855719,0.9959496,-0.04374035,-0.9869632,-0.07151604,0.1441846,-8.021766,-54.2117,116.7541,-114.2659,-8.294865,16.03974,115.684,0.03199464,17.12631,1.342088,-0.01440924,0.7970213,0.1076311
857,0.016677,1,100,0,92.77976,0,100,115.6822,0,0,0.1266856,0.05170641,0.9905944,-0.07853398,0.9960287,-0.04194648,-0.9888294,-0.0724813,0.1302432,-9.930614,-54.34986,117.0236,-114.8485,-8.263225,16.40458,116.3081,0.1394747,20.25217,1.238184,-0.009555124,0.9419224,0.1052968
858,0.016928,1,100,0,101.2438,0,100,116.3011,0,0,0.1102249,0.04872281,0.9927118,-0.07846649,0.996107,-0.04017699,-0.9908048,-0.07346611,0.1136189,-11.87827,-54.48959,117.3018,-115.4684,-8.237996,16.48891,116.9303,0.2303286,23.40648,1.123536,-0.005400795,1.088137,0.1024263
859,0.016436,1,100,0,86.04046,0,100,116.8853,0,0,0.09201693,0.04570074,0.9947082,-0.0783712,0.9961799,-0.03851851,-0.9926687,-0.07441212,0.09524704,-13.77952,-54.6249,117.5717,-116.0897,-8.221179,16.28488,117.5143,0.2995643,25.79452,1.003779,-0.001657401,1.198776,0.09830876
860,0.016679,1,100,0,94.37996,0,100,117.4015,0,0,0.07164837,0.04254774,0.996522,-0.07825634,0.9962497,-0.0369096,-0.9943552,-0.07533965,0.0747093,-15.71935,-54.76197,117.8407,-116.7291,-8.212369,15.79477,118.0788,0.3502994,28.25591,0.874541,0.001167431,1.312815,0.09375256
861,0.016848,1,100,0,102.804,0,100,117.8689,0,0,0.04910797,0.03927564,0.9980209,-0.07813829,0.9963151,-0.03536368,-0.9957322,-0.07624701,0.05199595,-17.68963,-54.90034,118.1024,-117.3714,-8.212344,15.01401,118.6124,0.3816032,30.77599,0.7368535,0.00304728,1.429576,0.08880443
862,0.016522,1,100,0,87.5211,0,100,118.2773,0,0,0.02522244,0.03600013,0.9990335,-0.07803302,0.9963731,-0.03393418,-0.9966317,-0.0771017,0.02794015,-19.63225,-55.03608,118.3448,-117.9848,-8.221586,13.9696,119.0931,0.3929606,32.6166,0.5955681,0.004378548,1.514796,0.08274665
863,0.016678,1,100,0,95.8601,0,100,118.6116,0,0,-0.0003537906,0.03266329,0.9994665,-0.0779456,0.996425,-0.03259148,-0.9969579,-0.07791555,0.002193434,-21.60332,-55.17329,118.5704,-118.5737,-8.23844,12.64506,119.5303,0.3900281,34.55537,0.4480703,0.004989529,1.604571,0.07645749
864,0.016683,1,100,0,104.2016,0,100,118.8827,0,0,-0.02745705,0.0292918,0.9991937,-0.07788692,0.9964691,-0.03135219,-0.9965841,-0.07868496,-0.02507866,-23.58457,-55.31089,118.7726,-119.1174,-8.264618,11.05846,119.9148,0.3692081,36.56642,0.2960045,0.004669613,1.697701,0.07000409
865,0.016683,1,100,0,88.76982,0,100,119.0835,0,0,-0.05594077,0.02590246,0.9980982,-0.07786585,0.9965058,-0.03022531,-0.9953935,-0.07940859,-0.05372838,-25.57456,-55.44897,118.9469,-119.6007,-8.300292,9.219487,120.2424,0.3318371,37.9758,0.1403669,0.003819343,1.762902,0.06249816
866,0.016684,1,100,0,97.11182,0,100,119.2136,0,0,-0.08549969,0.02252996,0.9960836,-0.0778737,0.996535,-0.02922452,-0.9932906,-0.0800674,-0.08344894,-27.57236,-55.5876,119.0892,-120.014,-8.325929,7.139185,120.5141,0.3168645,39.49908,-0.02149517,0.004517973,1.833371,0.05474813
867,0.016683,1,100,0,105.4533,0,100,119.2797,0,0,-0.1161816,0.01917152,0.9930431,-0.07789306,0.9965586,-0.02835253,-0.9901692,-0.0806452,-0.1142884,-29.57645,-55.72669,119.1955,-120.3385,-8.357485,4.833309,120.7252,0.2817927,41.12563,-0.1851597,0.004066564,1.908635,0.04700708
868,0.016695,1,100,0,90.01045,0,100,119.2771,0,0,-0.1478775,0.01583858,0.9888789,-0.07794406,0.9965752,-0.02761765,-0.9859297,-0.08116127,-0.1461366,-31.58682,-55.86652,119.2623,-120.5568,-8.410429,2.314434,120.8719,0.1979137,42.18008,-0.3517548,0.0008232605,1.957356,0.03824067
869,0.016672,1,100,0,98.34645,0,100,119.2049,0,0,-0.1802203,0.01256927,0.9835459,-0.07805015,0.9965826,-0.02703741,-0.9805246,-0.0816386,-0.1786234,-33.59743,-56.0071,119.2858,-120.659,-8.473106,-0.3987048,120.9567,0.1057323,43.37332,-0.5174355,-0.002905895,2.012521,0.02972405
870,0.016685,1,100,0,106.6889,0,91.6575,119.072,0,0,-0.2132905,0.009348674,0.9769441,-0.0782096,0.9965818,-0.02661164,-0.9738535,-0.08208242,-0.2118303,-35.61035,-56.14887,119.2627,-120.5864,-8.543454,-3.361617,120.9354,0.006940199,44.52989,-0.6814378,-0.006951469,2.065987,0.02125571
871,0.016683,1,100,0,91.25717,0,83.316,118.8469,0,0,-0.2468099,0.006202927,0.9690441,-0.07840388,0.9965736,-0.02634815,-0.9658872,-0.0824798,-0.2454779,-37.62081,-56.29172,119.1889,-120.3304,-8.599066,-6.547774,120.8148,-0.06520679,44.98492,-0.8486434,-0.009138974,2.08688,0.01153745
872,0.016869,1,100,0,99.69167,0,74.8815,118.5421,0,0,-0.2807595,0.003142094,0.959773,-0.07860408,0.9965601,-0.02625634,-0.956554,-0.08281379,-0.2795467,-39.64823,-56.43713,119.0593,-119.8692,-8.658704,-9.968178,120.5942,-0.1460492,45.46948,-1.014015,-0.01190198,2.109147,0.001935706
873,0.016512,1,100,0,107.9477,0,66.6255,118.165,0,0,-0.3140138,0.0002599396,0.9494185,-0.07879981,0.9965428,-0.02633535,-0.9461431,-0.08308366,-0.3129077,-41.62407,-56.58044,118.8754,-119.216,-8.718975,-13.47697,120.2917,-0.2266369,45.9642,-1.171198,-0.01474058,2.131896,-0.007173017
874,0.016689,1,100,0,92.51035,0,58.281,117.7368,0,0,-0.3474466,-0.002524367,0.9376965,-0.07898846,0.9965211,-0.02658503,-0.9343671,-0.08330408,-0.3464372,-43.609,-56.72633,118.63,-118.3469,-8.782895,-17.15384,119.9057,-0.3118128,45.81898,-1.324368,-0.01793093,2.124944,-0.01700658
875,0.016753,1,100,0,100.8868,0,49.9045,117.2538,0,0,-0.3804892,-0.005157141,0.924771,-0.07915943,0.9964958,-0.02701235,-0.9213911,-0.08348225,-0.3795641,-45.5858,-56.87386,118.3214,-117.2633,-8.850218,-20.9445,119.4474,-0.3972591,45.74979,-1.471417,-0.02126788,2.121529,-0.02637087
876,0.016592,1,100,0,85.53924,0,41.60851,116.734,0,0,-0.412563,-0.007594869,0.9108974,-0.07931215,0.9964673,-0.02761367,-0.9074697,-0.08363762,-0.4117079,-47.52452,-57.02117,117.9528,-115.9832,-8.934144,-24.75959,118.9325,-0.5150471,45.09259,-1.614639,-0.02692114,2.090818,-0.03638093
877,0.016684,1,100,0,93.88124,0,33.26651,116.1922,0,0,-0.443886,-0.009849567,0.8960292,-0.07945669,0.9964335,-0.02840898,-0.8925536,-0.08380587,-0.4430855,-49.45151,-57.17074,117.5182,-114.4985,-9.024674,-28.62734,118.3675,-0.6224968,44.55367,-1.749596,-0.0320915,2.065609,-0.04567943
878,0.016682,1,100,0,102.2222,0,24.92551,115.6367,0,0,-0.4743375,-0.01192755,0.8802623,-0.07957632,0.9963958,-0.02937928,-0.8767392,-0.08398373,-0.473577,-51.35246,-57.32182,117.0191,-112.8288,-9.118785,-32.49253,117.7678,-0.714732,44.12867,-1.874894,-0.03644323,2.045703,-0.05418558
879,0.016683,1,100,0,86.79047,0,16.58401,115.075,0,0,-0.5038313,-0.01383,0.8636914,-0.07965359,0.9963557,-0.03051133,-0.8601218,-0.08416869,-0.5030968,-53.2244,-57.47448,116.4558,-110.9296,-9.211859,-36.29792,117.0802,-0.796016,43.1436,-1.989512,-0.04039776,1.999812,-0.06284209
880,0.016694,1,100,0,71.34852,0,8.237007,114.4497,0,0,-0.5320189,-0.01551688,0.8465903,-0.07966319,0.9963145,-0.03180125,-0.8429767,-0.08436096,-0.5312943,-55.06516,-57.62874,115.8289,-108.9049,-9.296695,-40.06569,116.4129,-0.8431479,41.64565,-2.10312,-0.04253197,1.930117,-0.07220273
881,0.016674,1,100,0,55.92507,0,0,113.8752,0,0,-0.5585477,-0.01694483,0.8292993,-0.07957434,0.9962747,-0.03323814,-0.8256466,-0.08455603,-0.5578153,-56.86936,-57.78425,115.1402,-106.7743,-9.384624,-43.76266,115.7756,-0.8802074,39.68544,-2.204756,-0.04443418,1.838974,-0.08149908
882,0.016682,1,100,0,47.58407,0,0,113.3629,0,0,-0.5832956,-0.01809894,0.8120583,-0.0793783,0.9962365,-0.03481301,-0.8083721,-0.08476608,-0.5825371,-58.63865,-57.94133,114.3905,-104.6045,-9.477102,-47.30375,115.1936,-0.9057205,37.65476,-2.294025,-0.0459023,1.744573,-0.09011368
883,0.016847,1,100,0,39.16057,0,0,112.9189,0,0,-0.6064841,-0.01899316,0.7948689,-0.07906551,0.9962003,-0.03652298,-0.7911549,-0.08499732,-0.6056812,-60.38865,-58.10153,113.5743,-102.3942,-9.57282,-50.71457,114.6655,-0.9158739,35.53762,-2.371692,-0.04666343,1.646176,-0.09811848
884,0.016519,1,100,0,30.90107,0,0,112.5402,0,0,-0.6274787,-0.01961133,0.7783868,-0.07864152,0.9961672,-0.03829679,-0.7746524,-0.08524395,-0.626616,-62.06829,-58.2602,112.7191,-100.2284,-9.6695,-53.89222,114.2086,-0.9144836,33.40857,-2.434455,-0.04692085,1.547246,-0.1051963
885,0.016684,1,100,0,22.55907,0,0,112.2362,0,0,-0.6469716,-0.01998627,0.7622524,-0.07809524,0.9961368,-0.04016562,-0.7585049,-0.0855143,-0.646033,-63.72855,-58.42208,111.803,-98.05781,-9.768959,-56.93456,113.8082,-0.9021292,31.20351,-2.484217,-0.0466854,1.444805,-0.1115633
886,0.016804,1,100,0,14.15707,0,0,111.9943,0,0,-0.6649026,-0.02011957,0.7466592,-0.07743556,0.9961076,-0.04211539,-0.7429056,-0.08582061,-0.6638724,-65.36434,-58.58688,110.83,-95.90237,-9.88367,-59.82615,113.4642,-0.9135669,28.93239,-2.520865,-0.04815347,1.339302,-0.1171934
887,0.016539,1,100,0,5.887567,0,0,111.8116,0,0,-0.6809201,-0.02002073,0.7320842,-0.0766984,0.9960788,-0.04409774,-0.7283307,-0.08617672,-0.6797856,-66.93914,-58.75098,109.8257,-93.83137,-9.999607,-62.50536,113.1867,-0.90979,26.65699,-2.542522,-0.0487698,1.233626,-0.1218727
888,0.016679,1,100,0,-2.451934,0,0,111.6922,0,0,-0.6954857,-0.01970235,0.7182699,-0.07586724,0.99605,-0.04613873,-0.7145237,-0.08658198,-0.6942333,-68.49297,-58.91842,108.7691,-91.80602,-10.11771,-65.04372,112.9664,-0.8922123,24.32043,-2.550028,-0.04861121,1.125133,-0.1257483
889,0.016683,1,100,0,-10.79343,0,0,111.6291,0,0,-0.7085034,-0.01917188,0.705447,-0.07494071,0.9960226,-0.04819657,-0.7017171,-0.08701413,-0.7071222,-70.01383,-59.08778,107.6707,-89.86205,-10.21974,-67.42244,112.807,-0.8316268,21.94659,-2.550512,-0.04576604,1.01493,-0.1292563
890,0.016679,1,100,0,-19.13293,0,0,111.6229,0,0,-0.7200127,-0.01843428,0.6937162,-0.07390584,0.9959991,-0.05024044,-0.6900146,-0.08744343,-0.7184944,-71.5024,-59.25876,106.5338,-88.00865,-10.3158,-69.64227,112.7031,-0.7639959,19.53999,-2.536719,-0.04250854,0.9032242,-0.1319394
891,0.016682,1,100,0,-27.47393,15.0138,0,111.6669,0,0,-0.7300128,-0.01749066,0.6832096,-0.07277905,0.9959775,-0.05226703,-0.6795473,-0.08787894,-0.7283493,-72.96125,-59.43145,105.3605,-86.32707,-10.42481,-71.71189,112.7104,-0.7259716,16.82286,-2.508046,-0.04124586,0.7771072,-0.1341885
892,0.016694,1,100,0,-35.82093,30.0384,0,111.8108,0,0,-0.738409,-0.01632544,0.6741557,-0.07158244,0.9959564,-0.05428671,-0.6705434,-0.0883435,-0.7365918,-74.39403,-59.60609,104.1525,-84.81647,-10.53455,-73.65202,112.8248,-0.6784664,13.81835,-2.465339,-0.0394243,0.6376654,-0.1360248
893,0.016668,1,100,0,-44.15493,45.0396,0,112.0553,0,0,-0.7450978,-0.01492766,0.6667882,-0.07032254,0.9959352,-0.05628503,-0.6632377,-0.0888281,-0.7431189,-75.80035,-59.78228,102.9148,-83.48111,-10.64295,-75.46991,113.0401,-0.6232072,10.557,-2.408971,-0.03709515,0.4863157,-0.1374378
894,0.016694,1,100,0,-52.50193,60.0642,0,112.3963,0,0,-0.7500219,-0.01328027,0.6612797,-0.06900054,0.995914,-0.05825962,-0.657804,-0.08932465,-0.7478737,-77.18755,-59.96053,101.6454,-82.3204,-10.74882,-77.17912,113.3526,-0.5619509,7.047341,-2.339106,-0.03431165,0.3234515,-0.1384351
895,0.016674,1,100,0,-60.83894,75.0708,0,112.8311,0,0,-0.7530875,-0.01137521,0.6578223,-0.06762496,0.9958933,-0.06019713,-0.6544361,-0.0898189,-0.750764,-78.55475,-60.14031,100.3496,-81.34381,-10.84839,-78.77949,113.7572,-0.4928231,3.31767,-2.25734,-0.03087979,0.1503852,-0.1390838
896,0.016688,1,100,0,-69.18294,90.09,0,113.3535,0,0,-0.7542184,-0.009196937,0.6565591,-0.06619782,0.9958725,-0.0620944,-0.6532781,-0.09029552,-0.7517142,-79.90783,-60.32187,99.02658,-80.55507,-10.94254,-80.27634,114.2504,-0.4230199,-0.6247669,-2.162727,-0.02718593,-0.032548,-0.1393165
897,0.01691,1,100,0,-77.63794,100,0,113.9578,0,0,-0.7533121,-0.006705776,0.6576291,-0.06470989,0.9958518,-0.06397038,-0.6544722,-0.09074476,-0.7506211,-81.26654,-60.50739,97.66122,-79.93798,-11.02985,-81.67452,114.8149,-0.3544447,-4.722514,-2.054274,-0.0232598,-0.2226789,-0.1389782
898,0.016485,1,100,0,-85.88044,100,0,114.6247,0,0,-0.7503983,-0.004006471,0.6609738,-0.06323075,0.9958308,-0.06574918,-0.6579548,-0.09113195,-0.7475231,-82.58191,-60.68961,96.30815,-79.50021,-11.10297,-82.888,115.3862,-0.2926773,-8.614305,-1.936526,-0.01936067,-0.403237,-0.1377681
899,0.016673,1,100,0,-94.21694,100,0,115.2801,0,0,-0.7454422,-0.001025509,0.6665698,-0.06172196,0.995809,-0.06749322,-0.663707,-0.09145428,-0.7423813,-83.90593,-60.87508,94.92023,-79.23582,-11.1648,-83.95439,115.9798,-0.2380286,-12.4657,-1.806052,-0.01548188,-0.5819055,-0.1357173
900,0.016761,1,100,0,-102.5974,100,0,115.9366,0,0,-0.7384119,0.00220985,0.6743464,-0.06020668,0.9957852,-0.06918975,-0.6716571,-0.09169069,-0.7351666,-85.23358,-61.06249,93.50806,-79.16485,-11.21508,-84.84835,116.5851,-0.1961818,-16.25647,-1.670966,-0.01194475,-0.7577584,-0.1332921
901,0.016603,1,100,0,-87.23967,100,0,116.5776,0,0,-0.7295063,0.00561728,0.6839509,-0.0587251,0.9957592,-0.07081471,-0.6814482,-0.09182486,-0.7260828,-86.54866,-61.24891,92.09546,-79.29625,-11.25478,-85.54385,117.185,-0.1712716,-19.27375,-1.530344,-0.009073257,-0.8976824,-0.1292492
902,0.016688,1,100,0,-95.58367,100,0,117.1817,0,0,-0.7188008,0.009186547,0.6951554,-0.05728019,0.9957305,-0.07238722,-0.6928524,-0.09185062,-0.7152057,-87.8738,-61.43689,90.6651,-79.63155,-11.28254,-86.04375,117.7795,-0.1587532,-22.29327,-1.379107,-0.006565872,-1.037699,-0.1245026
903,0.01668,1,100,0,-103.9237,100,0,117.7482,0,0,-0.7062711,0.01288501,0.7078244,-0.05589446,0.9956985,-0.07389718,-0.7057319,-0.0917549,-0.7025129,-89.20501,-61.62517,89.22824,-80.16669,-11.29791,-86.33575,118.3562,-0.1604225,-25.29711,-1.21887,-0.004529717,-1.176976,-0.1191034
904,0.016697,1,100,0,-88.47895,100,0,118.2648,0,0,-0.6919428,0.01668201,0.7217596,-0.0545849,0.9956626,-0.07534265,-0.7198859,-0.09152998,-0.688031,-90.5476,-61.81383,87.78624,-80.89665,-11.30083,-86.41163,118.9073,-0.1776067,-27.62305,-1.050328,-0.003243212,-1.284754,-0.1119984
905,0.01667,1,100,0,-96.81395,100,0,118.7246,0,0,-0.6760193,0.02051143,0.7365986,-0.05337774,0.9956236,-0.07671213,-0.7349485,-0.09117685,-0.671966,-91.90121,-62.00217,86.34653,-81.81001,-11.29145,-86.26421,119.4231,-0.2096334,-29.98691,-0.8749202,-0.002561626,-1.394285,-0.1044294
906,0.016687,1,100,0,-105.1574,100,0,119.1223,0,0,-0.6583631,0.02437298,0.7523057,-0.05228846,0.9955801,-0.07801355,-0.7508821,-0.09069815,-0.6541788,-93.2724,-62.19053,84.90908,-82.89188,-11.28062,-85.88828,119.8963,-0.2817927,-32.39098,-0.68923,-0.004092989,-1.505655,-0.09616701
907,0.016679,1,100,0,-89.72937,100,0,119.4514,0,0,-0.6390322,0.02822814,0.7686619,-0.05134849,0.9955315,-0.07924855,-0.7674641,-0.09011199,-0.6347272,-94.66184,-62.37858,83.47987,-84.12922,-11.26081,-85.28029,120.3215,-0.3649236,-34.16124,-0.4991998,-0.006316655,-1.587578,-0.08650813
908,0.016688,1,100,0,-98.07337,100,0,119.7106,0,0,-0.6181741,0.03203609,0.7853882,-0.05056227,0.9954793,-0.08040299,-0.7844135,-0.08941406,-0.6137598,-96.07349,-62.56629,82.06133,-85.51041,-11.2217,-84.43683,120.696,-0.4291149,-36.0178,-0.3162582,-0.007063297,-1.673534,-0.07733031
909,0.016683,1,100,0,-106.4149,100,0,119.9028,0,0,-0.5956995,0.03579826,0.8024092,-0.04991371,0.9954255,-0.08146475,-0.8016549,-0.08857973,-0.5911877,-97.50843,-62.75324,80.6586,-87.01131,-11.17183,-83.35862,121.0142,-0.505636,-37.95086,-0.1308791,-0.008329081,-1.763037,-0.06797937
910,0.016693,1,100,0,-90.97385,100,0,120.0232,0,0,-0.5716247,0.0394933,0.8195642,-0.04941158,0.9953712,-0.0824284,-0.819026,-0.08761407,-0.5670274,-98.96987,-62.93941,79.27432,-88.61475,-11.11187,-82.04323,121.273,-0.5938434,-39.28782,0.05583191,-0.01054795,-1.824839,-0.05746781
911,0.016753,1,100,0,-99.35034,100,0,120.0721,0,0,-0.5460526,0.04308891,0.836642,-0.04906721,0.995317,-0.08328581,-0.8363127,-0.08653012,-0.5413812,-100.4639,-63.12519,77.90845,-90.30661,-11.04246,-80.48592,121.471,-0.6906301,-40.74944,0.2432102,-0.01311522,-1.892428,-0.04697382
912,0.016595,1,100,0,-107.6478,100,0,120.0536,0,0,-0.5192211,0.0465423,0.8533718,-0.04887955,0.9952646,-0.08402105,-0.8532413,-0.08533794,-0.5144874,-101.9722,-63.30801,76.5825,-92.0443,-10.96268,-78.71253,121.6059,-0.7879865,-42.30254,0.4269962,-0.01556148,-1.964273,-0.03671006
913,0.016684,1,100,0,-92.21514,100,0,119.9681,0,0,-0.4907914,0.04988819,0.8698476,-0.04884232,0.995214,-0.08463645,-0.8699068,-0.08402421,-0.4860058,-103.5179,-63.49043,75.28034,-93.83223,-10.87458,-76.7011,121.6791,-0.8929287,-43.29619,0.6092199,-0.01887955,-2.010119,-0.02555275
914,0.016678,1,100,0,-100.5541,100,0,119.8162,0,0,-0.4611187,0.05307322,0.8857499,-0.04896922,0.9951664,-0.08512257,-0.8859863,-0.08262609,-0.4562909,-105.093,-63.67137,74.01347,-95.63863,-10.79574,-74.46191,121.6876,-1.028142,-44.43367,0.7836188,-0.02400823,-2.062632,-0.01499556
915,0.016689,1,100,0,-85.11681,100,0,119.6028,0,0,-0.4302252,0.05609456,0.900977,-0.04926951,0.9951206,-0.08548258,-0.9013759,-0.08116746,-0.4253623,-106.6992,-63.8511,72.78434,-97.44745,-10.71376,-72.0038,121.6361,-1.159965,-45.03685,0.9529004,-0.02945281,-2.090323,-0.003890973
916,0.016687,1,100,0,-93.46031,100,0,119.3341,0,0,-0.3983486,0.05892459,0.9153395,-0.04973636,0.9950787,-0.08570264,-0.9158849,-0.07966518,-0.3934575,-108.3354,-64.02943,71.59753,-99.2383,-10.62904,-69.33779,121.5275,-1.285014,-45.81556,1.115843,-0.03436914,-2.126184,0.006628387
917,0.016679,1,100,0,-101.7998,100,0,119.0191,0,0,-0.3653951,0.06157961,0.9288135,-0.05033722,0.9950424,-0.08577318,-0.9294907,-0.07809499,-0.3604839,-110.0005,-64.20615,70.45682,-100.995,-10.52497,-66.47961,121.3685,-1.370811,-46.75414,1.270501,-0.03666299,-2.169524,0.01649836
918,0.016689,1,100,0,-86.36249,100,0,118.6607,0,0,-0.3313936,0.06405849,0.9413154,-0.05103633,0.9950145,-0.08568037,-0.9421111,-0.07643521,-0.3264721,-111.6956,-64.3812,69.36417,-102.699,-10.41521,-63.43353,121.1585,-1.455428,-47.17318,1.417207,-0.03953135,-2.188727,0.0266923
919,0.016678,1,100,0,-94.70148,91.661,0,118.2593,0,0,-0.2966591,0.06633524,0.9526768,-0.05183335,0.9949957,-0.08542259,-0.9535758,-0.07472183,-0.2917362,-113.4176,-64.55432,68.32458,-104.3275,-10.30725,-60.11517,120.8483,-1.555912,-47.61678,1.549377,-0.04352104,-2.209067,0.03599313
920,0.016677,1,100,0,-103.04,83.3225,0,117.7921,0,0,-0.2611894,0.06842338,0.9628595,-0.05272272,0.9949845,-0.08500805,-0.9638468,-0.07296778,-0.2562719,-115.1661,-64.72557,67.34174,-105.8599,-10.18924,-56.54984,120.4492,-1.64681,-48.08373,1.671607,-0.04699382,-2.230509,0.0446911
921,0.016699,1,100,0,-87.59341,74.973,0,117.2683,0,0,-0.2251223,0.07031722,0.9717898,-0.05368964,0.9949817,-0.08443296,-0.9728502,-0.07118279,-0.2202172,-116.9419,-64.89503,66.41843,-107.2769,-10.06146,-52.75607,119.9699,-1.727953,-47.90631,1.783312,-0.05077809,-2.222024,0.05358564
922,0.016871,1,100,0,-96.02892,66.5375,0,116.6984,0,0,-0.1884809,0.07200961,0.9794334,-0.05472873,0.9949883,-0.08368516,-0.9805508,-0.0693762,-0.1835953,-118.7592,-65.06398,65.55096,-108.572,-9.918304,-48.72356,119.4163,-1.787594,-47.80635,1.885361,-0.0532704,-2.21717,0.06177676
923,0.016479,1,100,0,-104.2684,58.298,0,116.0939,0,0,-0.152489,0.07346421,0.985571,-0.05577418,0.9950044,-0.08279684,-0.98673,-0.06759502,-0.1476298,-120.5547,-65.22662,64.77047,-109.6889,-9.769924,-44.62386,118.8209,-1.834651,-47.77972,1.973449,-0.05507023,-2.215751,0.06896007
924,0.016694,1,100,0,-88.82647,49.951,0,115.4816,0,0,-0.1159912,0.07474004,0.9904342,-0.05684617,0.9950308,-0.08174425,-0.9916221,-0.06578401,-0.1111661,-122.3914,-65.38884,64.04931,-110.6579,-9.611327,-40.33435,118.1711,-1.871569,-47.15437,2.050634,-0.05716836,-2.186527,0.07616869
925,0.01722,1,100,0,-97.43647,41.341,0,114.8469,0,0,-0.07864533,0.07583723,0.994014,-0.05795315,0.9950683,-0.08050285,-0.9952168,-0.06393741,-0.07386246,-124.3019,-65.55338,63.38072,-111.4767,-9.439692,-35.79541,117.4627,-1.896069,-46.63618,2.117338,-0.05850505,-2.162307,0.08257598
926,0.016247,1,100,0,-105.56,33.21749,0,114.191,0,0,-0.04365952,0.07669032,0.9960986,-0.05897007,0.995113,-0.07919914,-0.9973045,-0.0621978,-0.03892373,-126.1165,-65.70579,62.82264,-112.0811,-9.262619,-31.44782,116.7772,-1.885233,-46.25598,2.165954,-0.05761414,-2.144562,0.08755457
927,0.016692,1,100,0,-90.11987,24.87149,0,113.5791,0,0,-0.008099247,0.07739377,0.9969676,-0.05995769,0.9951689,-0.07774123,-0.9981679,-0.06040552,-0.003419768,-127.99,-65.85936,62.32277,-112.5231,-9.075304,-26.93244,116.0567,-1.87184,-45.30286,2.202727,-0.05748111,-2.100204,0.09240815
928,0.016674,1,100,0,-74.69641,16.53449,0,112.9572,0,0,0.02656783,0.07790296,0.9966069,-0.0608901,0.9952337,-0.0761724,-0.9977908,-0.05865976,0.03118472,-129.8675,-66.00959,61.89882,-112.7247,-8.877668,-22.4031,115.2718,-1.846979,-43.83928,2.226934,-0.05749706,-2.032155,0.0968917
929,0.016679,1,100,0,-59.26834,8.194992,0,112.2978,0,0,0.05996646,0.07820848,0.9951319,-0.06176595,0.9953063,-0.0745002,-0.9962875,-0.05699775,0.06451561,-131.7481,-66.15655,61.55022,-112.7868,-8.676309,-17.88735,114.5255,-1.809418,-41.90807,2.23871,-0.05752992,-1.942408,0.1008987
930,0.016694,1,100,0,-43.82639,0,0,111.7086,0,0,0.09173363,0.07830645,0.9927,-0.06258266,0.995386,-0.07273518,-0.9938153,-0.05545354,0.09621099,-133.6308,-66.30025,61.27644,-112.7182,-8.472461,-13.41698,113.8297,-1.758287,-39.55111,2.238159,-0.05745535,-1.832915,0.1043382
931,0.016674,1,100,0,-35.48938,0,0,111.2001,0,0,0.1215567,0.07820496,0.9894989,-0.06332845,0.9954714,-0.0708973,-0.9905624,-0.05404539,0.1259589,-135.5094,-66.44039,61.0766,-112.5426,-8.268589,-9.116683,113.2137,-1.680051,-37.16179,2.225315,-0.05583281,-1.721972,0.1068038
932,0.016683,1,100,0,-27.14788,0,0,110.7791,0,0,0.1494544,0.07792734,0.985693,-0.06398652,0.9955621,-0.0690057,-0.986696,-0.05275787,0.1537774,-137.3857,-66.57722,60.94742,-112.2759,-8.068337,-4.990069,112.676,-1.590842,-34.73877,2.20067,-0.05365662,-1.609499,0.1083518
933,0.016694,1,100,0,-18.80088,0,0,110.4405,0,0,0.1754013,0.07749499,0.9814423,-0.06455071,0.9956573,-0.06708105,-0.9823786,-0.05158669,0.1796419,-139.2582,-66.71082,60.88604,-111.9356,-7.869875,-1.045931,112.2168,-1.489161,-32.28454,2.165141,-0.0507915,-1.495611,0.1090541
934,0.016678,1,100,0,-10.46188,0,0,110.1812,0,0,0.19934,0.07692898,0.9769061,-0.06501543,0.9957556,-0.06514677,-0.9777714,-0.05052761,0.2034955,-141.123,-66.84098,60.88942,-111.5385,-7.674294,2.702924,111.8349,-1.379666,-29.80605,2.118501,-0.04749386,-1.380626,0.1089051
935,0.016678,1,100,0,-2.122885,0,0,109.997,0,0,0.2212887,0.0762484,0.972223,-0.06538081,0.9958558,-0.06322045,-0.9730144,-0.04957476,0.2253568,-142.9809,-66.9679,60.95423,-111.1006,-7.480708,6.255705,111.5277,-1.263206,-27.3031,2.061591,-0.04379044,-1.264533,0.107975
936,0.016967,1,100,0,6.360616,0,0,109.8831,0,0,0.2415778,0.07545722,0.9674433,-0.06565225,0.9959588,-0.06128747,-0.9681582,-0.04870914,0.2455554,-144.8633,-67.09371,61.07965,-110.6278,-7.285851,9.667531,111.2882,-1.140029,-24.72994,1.993301,-0.03974036,-1.14521,0.1062535
937,0.016399,1,100,0,14.56012,0,0,109.834,0,0,0.2592192,0.07461379,0.9629322,-0.06582221,0.9960583,-0.05946141,-0.9635733,-0.04796879,0.2631087,-146.675,-67.21217,61.2551,-110.1606,-7.099404,12.76322,111.1246,-1.018071,-22.23071,1.917583,-0.0356192,-1.029336,0.1038643
938,0.016679,1,100,0,22.89962,0,0,109.8465,0,0,0.2752019,0.07369141,0.9585581,-0.06590138,0.9961587,-0.05766178,-0.9591252,-0.04730167,0.2790012,-148.5098,-67.3295,61.48436,-109.6884,-6.904649,15.71188,111.0228,-0.8752962,-19.66625,1.836553,-0.03020414,-0.9104747,0.1010989
939,0.016703,1,100,0,31.25112,0,0,109.9151,0,0,0.2892282,0.0727126,0.9544946,-0.06588138,0.9962587,-0.05593097,-0.9549904,-0.04670661,0.2929365,-150.3394,-67.44374,61.7621,-109.2287,-6.709773,18.46109,110.9808,-0.7356125,-17.08075,1.746834,-0.02494759,-0.7906511,0.09771132
940,0.016671,1,100,0,39.58662,0,0,110.0336,0,0,0.3012603,0.07169355,0.950843,-0.06577393,0.996357,-0.05428582,-0.951271,-0.04618653,0.3048783,-152.158,-67.55452,62.08397,-108.794,-6.516256,21.00098,110.9939,-0.6011153,-14.48515,1.649327,-0.01995662,-0.6703689,0.09375836
941,0.016677,1,100,0,47.92512,0,15.0093,110.1963,0,0,0.311272,0.07063994,0.9476918,-0.06560211,0.9964519,-0.05272726,-0.9480539,-0.04575806,0.3148017,-153.9705,-67.66222,62.44707,-108.4549,-6.342181,23.31806,111.1145,-0.498879,-11.59857,1.543016,-0.01730906,-0.5365561,0.08940807
942,0.01669,1,100,0,56.27012,0,30.0303,110.4519,0,0,0.3190757,0.06955025,0.9451738,-0.06539993,0.9965421,-0.05125219,-0.9454701,-0.04546097,0.322521,-155.7793,-67.76717,62.84799,-108.2172,-6.17778,25.43,111.3365,-0.3997358,-8.442087,1.429968,-0.01509041,-0.3902283,0.08477921
943,0.016676,1,100,0,64.60812,0,45.0387,110.7987,0,0,0.3244853,0.06842397,0.9434127,-0.06518088,0.9966268,-0.04986463,-0.9436423,-0.04531213,0.3278507,-157.5832,-67.86932,63.2827,-108.0853,-6.02346,27.34345,111.653,-0.3048458,-5.041877,1.311043,-0.01332144,-0.2326006,0.07992224
944,0.016683,1,100,0,72.94962,0,60.05339,111.2314,0,0,0.3273474,0.06725652,0.9425074,-0.06495762,0.9967057,-0.04856327,-0.9426687,-0.04532598,0.3306378,-159.3863,-67.969,63.74845,-108.0636,-5.879706,29.06612,112.0587,-0.2150855,-1.411424,1.186776,-0.01202106,-0.06429765,0.07488497
945,0.016677,1,100,0,81.28812,0,75.06269,111.7451,0,0,0.3275046,0.06603979,0.9425388,-0.06472686,0.996779,-0.04734948,-0.9426299,-0.04550041,0.3307243,-161.189,-68.0662,64.24168,-108.162,-5.72564,30.59561,112.5518,-0.08834953,2.430103,1.069819,-0.008447741,0.1137506,0.07049653
946,0.016661,1,100,0,89.61861,0,90.05759,112.336,0,0,0.3248115,0.06476087,0.9435591,-0.06449373,0.9968475,-0.04621693,-0.9435775,-0.04584185,0.3279642,-162.9923,-68.16098,64.75886,-108.3712,-5.614538,31.93235,113.1172,-0.04129986,6.465459,0.9452274,-0.0100265,0.3008682,0.06581479
947,0.016755,1,100,0,97.99612,0,100,112.9866,0,0,0.3191042,0.06340598,0.9455963,-0.06431579,0.9969082,-0.04514242,-0.9455351,-0.04641164,0.3221956,-164.8098,-68.25452,65.30027,-108.6853,-5.519387,33.0735,113.7401,0.002991848,10.61547,0.8163019,-0.01171368,0.4932932,0.06104135
948,0.016618,1,100,0,106.3051,0,100,113.678,0,0,0.3104292,0.06198955,0.9485731,-0.06419894,0.9969602,-0.04414198,-0.9484259,-0.04719443,0.3134652,-166.618,-68.3458,65.85489,-109.07,-5.441624,33.9739,114.3683,0.04301179,14.62604,0.6854226,-0.01330516,0.6792396,0.05616572
949,0.016677,1,100,0,90.87889,0,100,114.3512,0,0,0.2989233,0.06050627,0.952357,-0.06413937,0.997005,-0.043211,-0.9521192,-0.0481668,0.3019088,-168.4396,-68.43621,66.42512,-109.5332,-5.380845,34.62751,115.0023,0.08025981,17.89118,0.5501839,-0.01404969,0.8305852,0.05054781
950,0.016895,1,100,0,99.32639,0,100,115.0022,0,0,0.284768,0.05896057,0.9567816,-0.06413271,0.9970423,-0.04235369,-0.9564489,-0.04930001,0.2877071,-170.2932,-68.52688,67.01238,-110.08,-5.339112,35.02034,115.6397,0.1115439,21.16945,0.4114212,-0.01499443,0.982537,0.04488882
951,0.016486,1,100,0,107.5694,0,100,115.6247,0,0,0.2685104,0.05739735,0.9615653,-0.06419358,0.9970705,-0.0415911,-0.9611356,-0.05055868,0.2714084,-172.1112,-68.61497,67.59035,-110.6798,-5.352496,35.12734,116.2437,0.09296092,24.33219,0.2910642,-0.0188264,1.129192,0.0404896
952,0.016669,1,100,0,92.15057,0,100,116.1828,0,0,0.2497912,0.05575253,0.9666935,-0.06434516,0.9970903,-0.04087899,-0.9661599,-0.05199084,0.2526518,-173.9599,-68.7044,68.17499,-111.3488,-5.389987,34.95872,116.832,0.07597412,26.83954,0.1687229,-0.02169204,1.245429,0.03558477
953,0.016683,1,100,0,100.4921,0,100,116.6934,0,0,0.2290661,0.05405463,0.9719089,-0.06457573,0.9971014,-0.04023611,-0.9712667,-0.053545,0.2318927,-175.8215,-68.79465,68.75573,-112.0716,-5.45099,34.50623,117.3901,0.0598517,29.37768,0.04616169,-0.02435772,1.363093,0.03088681
954,0.016689,1,100,0,85.05475,0,100,117.145,0,0,0.2064685,0.05230404,0.9770542,-0.06487689,0.9971045,-0.03966777,-0.9763,-0.0551981,0.209264,-177.6962,-68.88609,69.32756,-112.8348,-5.534337,33.77131,117.9102,0.0441062,31.2753,-0.0760005,-0.02622143,1.451036,0.02578342
955,0.016677,1,100,0,93.39325,0,100,117.5332,0,0,0.1823133,0.05051527,0.981942,-0.06523734,0.9971002,-0.03918272,-0.981074,-0.05691576,0.1850801,-179.5823,-68.97897,69.88519,-113.6232,-5.638603,32.75896,118.3857,0.02825073,33.24914,-0.1970966,-0.02801988,1.542516,0.02097535
956,0.016677,1,100,0,101.7318,0,100,117.8567,0,0,0.1565211,0.04867481,0.9864746,-0.06567115,0.9970876,-0.03877863,-0.9854891,-0.05871325,0.1592618,-181.4817,-69.07381,70.42445,-114.4153,-5.784038,31.47917,118.8076,-0.04107995,35.29323,-0.3250648,-0.03314716,1.637299,0.01596854
957,0.016699,1,100,0,86.28518,0,100,118.1081,0,0,0.1291702,0.0467825,0.9905184,-0.06620613,0.9970647,-0.03845796,-0.9894101,-0.06061076,0.1318884,-183.3967,-69.17133,70.94157,-115.2024,-5.952525,29.93463,119.1768,-0.1028244,36.73617,-0.4503532,-0.03712096,1.704184,0.01068432
958,0.016673,1,100,0,94.62168,0,100,118.2912,0,0,0.1006235,0.0448541,0.9939131,-0.06682138,0.9970324,-0.03822989,-0.9926783,-0.06256782,0.1033221,-185.3218,-69.27163,71.43075,-115.9664,-6.141208,28.13818,119.4893,-0.1573927,38.28922,-0.5721,-0.04060106,1.77618,0.005887896
959,0.016678,1,100,0,102.9607,0,100,118.4089,0,0,0.07075917,0.04285976,0.9965721,-0.06756227,0.996988,-0.03808055,-0.9952025,-0.06463613,0.07344175,-187.2599,-69.37575,71.88876,-116.6685,-6.445078,26.09884,119.7256,-0.369936,39.94504,-0.6726262,-0.05412688,1.853096,0.002747513
960,0.016694,1,100,0,87.51873,0,100,118.4421,0,0,0.03966824,0.04077458,0.9983807,-0.06852067,0.9969261,-0.03799267,-0.996861,-0.06690261,0.0423402,-189.2112,-69.48521,72.31187,-117.3166,-6.780402,23.82722,119.9037,-0.5502007,41.02806,-0.7671875,-0.06498553,1.903419,-0.0004212148
961,0.016901,1,100,0,95.96923,0,91.5495,118.4108,0,0,0.0073061,0.0385807,0.9992288,-0.06966644,0.9968472,-0.03797936,-0.9975438,-0.06933523,0.009970846,-191.1972,-69.60188,72.70002,-117.87,-7.146727,21.23355,119.9803,-0.7035787,42.0997,-0.8565503,-0.07395232,1.953208,-0.003057852
962,0.016449,1,100,0,104.1937,0,83.325,118.2877,0,0,-0.02500084,0.03634902,0.9990264,-0.07089455,0.9967583,-0.03804065,-0.9971706,-0.07177658,-0.02234284,-193.1386,-69.72131,73.03404,-118.3021,-7.48735,18.44301,119.965,-0.7641742,43.11669,-0.9327928,-0.07682569,2.000418,-0.004819855
963,0.016699,1,100,0,88.74716,0,74.97549,118.0927,0,0,-0.05838294,0.03398956,0.9977156,-0.07217631,0.9966612,-0.03817715,-0.9956821,-0.07424032,-0.05573476,-195.1159,-69.84831,73.32495,-118.607,-7.841956,15.36735,119.8552,-0.8107705,43.46058,-1.005061,-0.07821506,2.016389,-0.00710763
964,0.016841,1,100,0,97.16766,0,66.55499,117.8206,0,0,-0.09225895,0.03152934,0.9952359,-0.07352835,0.9965542,-0.03838723,-0.9930168,-0.07671962,-0.08962274,-197.1142,-69.98299,73.56513,-118.7391,-8.306436,12.04243,119.6369,-0.9802172,43.84346,-1.037555,-0.08739033,2.034297,-0.006759249
965,0.016508,1,100,0,105.4217,0,58.30099,117.4679,0,0,-0.1256559,0.02900167,0.99165,-0.07498544,0.9964358,-0.03864333,-0.9892363,-0.07921507,-0.1230333,-199.0744,-70.1227,73.74503,-118.7118,-8.77472,8.600135,119.3459,-1.117746,44.24974,-1.063041,-0.09444556,2.053288,-0.005881354
966,0.016688,1,100,0,89.98526,0,49.95699,117.071,0,0,-0.1594185,0.02633533,0.9868598,-0.07655549,0.9963042,-0.03895423,-0.9842384,-0.08175956,-0.1568132,-201.0545,-70.2718,73.86836,-118.5169,-9.254077,4.964708,118.9813,-1.231114,44.02476,-1.082833,-0.09951116,2.042972,-0.005478695
967,0.016673,1,100,0,98.32176,0,41.62049,116.627,0,0,-0.1928126,0.02358997,0.9809521,-0.07813603,0.9961673,-0.03931402,-0.9781198,-0.08422794,-0.1902304,-203.0288,-70.42833,73.93026,-118.1718,-9.654704,1.201655,118.5717,-1.171007,43.88453,-1.102437,-0.09345356,2.036513,-0.005010054
968,0.016683,1,100,0,106.6633,0,33.27899,116.1708,0,0,-0.2259133,0.02075069,0.9739264,-0.07963695,0.9960333,-0.0396944,-0.9708867,-0.08652803,-0.2233647,-204.9974,-70.59174,73.92886,-117.6398,-10.07464,-2.65878,118.1003,-1.189711,43.82325,-1.088812,-0.09241626,2.0338,-0.002440095
969,0.016701,1,100,0,91.21484,0,24.92849,115.6805,0,0,-0.2585903,0.0178118,0.9658231,-0.08111095,0.9958991,-0.04008318,-0.9625762,-0.08870395,-0.2560852,-206.9584,-70.76225,73.86261,-116.9342,-10.47799,-6.58609,117.5873,-1.192074,43.16809,-1.072593,-0.09007266,2.003505,-0.0007395968
970,0.016667,1,100,0,99.54834,0,16.59499,115.1741,0,0,-0.2904496,0.01482174,0.9567756,-0.08253372,0.995766,-0.04048062,-0.9533246,-0.09072383,-0.2879966,-208.9026,-70.93901,73.73088,-116.0617,-10.85788,-10.53955,117.044,-1.179629,42.63891,-1.054513,-0.08684277,1.979054,0.001114622
971,0.016679,1,100,0,84.12026,0,8.255491,114.6649,0,0,-0.3214855,0.01179047,0.9468411,-0.08389489,0.9956357,-0.04088331,-0.9431908,-0.09257852,-0.3190933,-210.8327,-71.12206,73.53313,-114.9974,-11.20734,-14.49131,116.4474,-1.153713,41.55931,-1.035108,-0.08265971,1.92903,0.001988992
972,0.016677,1,100,0,68.69404,0,0,114.1261,0,0,-0.3512717,0.008812783,0.936232,-0.08490919,0.9955353,-0.0412287,-0.9324154,-0.09397718,-0.3489551,-212.7445,-71.30937,73.26948,-113.8922,-11.27818,-18.44525,115.9261,-0.3454134,39.97905,-1.091391,-0.02840088,1.85546,-0.003196642
973,0.016683,1,100,0,53.26226,0,0,113.6913,0,0,-0.3795188,0.006027527,0.9251644,-0.08507032,0.9955152,-0.04138321,-0.9212647,-0.09440973,-0.377304,-214.6382,-71.49721,72.94036,-112.7165,-11.21776,-22.29129,115.4459,0.3642014,38.09714,-1.151341,0.0192656,1.767861,-0.009863377
974,0.016683,1,100,0,44.92076,0,0,113.3114,0,0,-0.4060766,0.003495872,0.9138325,-0.08450877,0.995564,-0.0413614,-0.9099234,-0.09402276,-0.4039798,-216.5119,-71.68349,72.54776,-111.4782,-11.05938,-26.01615,115.0067,0.9080452,36.13826,-1.198743,0.05596253,1.67671,-0.01641695
975,0.016873,1,100,0,36.48426,0,0,112.9865,0,0,-0.4311977,0.001219414,0.9022567,-0.08336975,0.9956672,-0.04118891,-0.8983976,-0.09298148,-0.4292277,-218.3857,-71.86868,72.08836,-110.181,-10.80507,-29.64715,114.6104,1.341792,34.08332,-1.247818,0.08527385,1.581094,-0.02360982
976,0.016499,1,100,0,28.23476,0,0,112.7164,0,0,-0.4540519,-0.0007050261,0.890975,-0.08181577,0.9958077,-0.04090635,-0.8872109,-0.09146941,-0.452206,-220.1965,-72.04518,71.58047,-108.8844,-10.48185,-33.05316,114.2724,1.651513,32.01519,-1.295375,0.1062685,1.484875,-0.03092165
977,0.016702,1,100,0,19.88376,0,0,112.509,0,0,-0.4754725,-0.002317101,0.8797275,-0.0797713,0.9959905,-0.04049123,-0.8761064,-0.08942947,-0.473751,-222.008,-72.21734,71.00999,-107.5934,-9.956884,-36.35931,114.0065,2.291817,29.86057,-1.39692,0.1481444,1.384568,-0.04199715
978,0.016665,1,100,0,11.55126,0,0,112.379,0,0,-0.4951286,-0.003533259,0.8688125,-0.07710661,0.9962245,-0.03989097,-0.8653914,-0.08674235,-0.4935317,-223.794,-72.37991,70.3866,-106.3044,-9.349886,-39.50341,113.7918,2.729651,27.65793,-1.494907,0.1767194,1.282043,-0.05308451
979,0.016679,1,100,0,3.211763,0,0,112.3022,0,0,-0.5130943,-0.004353698,0.8583212,-0.07400617,0.9964877,-0.03918549,-0.855136,-0.08362692,-0.5116144,-225.56,-72.5322,69.71111,-105.024,-8.69153,-42.49026,113.6266,2.986106,25.4047,-1.588104,0.1933894,1.177191,-0.06392644
980,0.016687,1,100,0,-5.131737,0,0,112.2753,0,0,-0.5293732,-0.00478445,0.8483758,-0.07062206,0.9967623,-0.03844578,-0.845445,-0.08026621,-0.5279971,-227.3057,-72.67337,68.98634,-103.767,-7.993783,-45.31666,113.5125,3.135214,23.10599,-1.67536,0.2029479,1.070262,-0.07430691
981,0.016685,1,100,0,-13.47424,0,0,112.298,0,0,-0.5439705,-0.004840065,0.8390904,-0.06706758,0.9970348,-0.03772784,-0.8364198,-0.0767986,-0.5426821,-229.0303,-72.80287,68.21542,-102.5418,-7.297185,-47.9761,113.4451,3.150223,20.76727,-1.755066,0.2037324,0.9615159,-0.08402558
982,0.016676,1,100,0,-21.81224,0,0,112.3642,0,0,-0.5569005,-0.004526626,0.830567,-0.06337149,0.997302,-0.03705565,-0.8281584,-0.07327058,-0.5556849,-230.7339,-72.92023,67.4015,-101.385,-6.516896,-50.47187,113.4407,3.333473,18.39311,-1.870022,0.2151729,0.8511333,-0.09578156
983,0.016699,1,100,0,-30.16174,15.0291,0,112.4868,0,0,-0.568146,-0.003826976,0.8229189,-0.05945778,0.9975665,-0.03641068,-0.820777,-0.06961551,-0.566991,-232.4212,-73.02484,66.54572,-100.3518,-5.759179,-52.79813,113.5398,3.36855,15.69971,-1.974099,0.2170086,0.7259851,-0.1069762
984,0.016667,1,100,0,-38.49524,30.0294,0,112.7034,0,0,-0.5775166,-0.002752261,0.8163743,-0.05546248,0.9978162,-0.0358711,-0.8144928,-0.06599429,-0.576408,-234.0888,-73.11688,65.65372,-99.44521,-5.047621,-54.96111,113.7346,3.29487,12.72281,-2.065698,0.2118382,0.5877468,-0.1173487
985,0.016673,1,100,0,-46.83173,45.0351,0,113.0106,0,0,-0.5849005,-0.001318118,0.811104,-0.05146543,0.998044,-0.03549066,-0.8094707,-0.06250232,-0.5838243,-235.7425,-73.19742,64.72615,-98.66611,-4.395534,-56.97494,114.0196,3.1481,9.478041,-2.143939,0.2020265,0.4371502,-0.1267595
986,0.016854,1,100,0,-55.25874,60.2037,0,113.4054,0,0,-0.5902143,0.0004729964,0.8072466,-0.04748544,0.998248,-0.03530365,-0.805849,-0.05916918,-0.5891577,-237.4018,-73.2682,63.75528,-98.01429,-3.806597,-58.86395,114.3952,2.955099,5.943097,-2.208394,0.1893785,0.2731664,-0.135174
987,0.016522,1,100,0,-63.51974,75.07349,0,113.8901,0,0,-0.593192,0.002531206,0.8050572,-0.04369277,0.9984201,-0.0353334,-0.8038747,-0.05613466,-0.5921443,-239.0184,-73.32845,62.77332,-97.51048,-3.327839,-60.57237,114.8407,2.713696,2.259316,-2.238693,0.1738473,0.1023687,-0.1411189
988,0.016679,1,100,0,-71.85924,90.08459,0,114.4406,0,0,-0.5938483,0.004886683,0.8045623,-0.03994711,0.9985694,-0.03555004,-0.803585,-0.05325127,-0.5928035,-240.6429,-73.38099,61.75421,-97.17361,-2.793754,-62.1601,115.388,2.682712,-1.675847,-2.299414,0.1721026,-0.08008125,-0.1488567
989,0.016872,1,100,0,-80.29523,100,0,115.0847,0,0,-0.5920004,0.007555254,0.8059022,-0.03609895,0.9987039,-0.03588035,-0.8051288,-0.0503334,-0.5909604,-242.2814,-73.4252,60.69726,-96.97962,-2.27427,-63.61414,116.0042,2.684193,-5.761884,-2.345173,0.1728191,-0.2694796,-0.1553649
990,0.01649,1,100,0,-88.54024,100,0,115.789,0,0,-0.5877029,0.01040271,0.8090101,-0.0322882,0.9988194,-0.03629905,-0.8084325,-0.04745453,-0.5866731,-243.903,-73.46057,59.6394,-101.0694,-1.886321,-65.22668,120.3042,2.629211,-9.653953,-2.370998,0.1702993,-0.4498357,-0.1600163
991,0.016711,1,100,0,-96.89574,100,0,120.064,0,0,-0.580866,0.01347903,0.8138876,-0.02843457,0.9989167,-0.03683691,-0.8135024,-0.04453986,-0.5798535,-245.6145,-73.49023,58.54017,-105.1076,-1.551908,-66.88093,124.5917,2.533569,-13.57769,-2.378055,0.1656297,-0.6316116,-0.1630841
992,0.016667,1,100,0,-105.2292,100,0,124.3556,0,0,-0.5715204,0.01669347,0.820418,-0.02464415,0.9989929,-0.03749466,-0.8202177,-0.04164746,-0.5705335,-247.3883,-73.51458,57.4165,-109.0761,-1.277756,-68.49379,128.8047,2.408172,-17.46675,-2.36565,0.1595153,-0.81174,-0.16448
993,0.016693,1,100,0,-89.78821,100,0,128.5974,0,0,-0.5597313,0.0200077,0.8284326,-0.02094249,0.9990477,-0.03827808,-0.8284096,-0.03877489,-0.5587792,-249.2311,-73.53475,56.26465,-113.03,-1.069483,-70.0149,132.9625,2.248569,-20.67202,-2.34397,0.1514479,-0.9601562,-0.1644177
994,0.01668,1,100,0,-98.1282,100,0,132.7995,0,0,-0.5457456,0.0233698,0.8376251,-0.01727841,0.9990848,-0.03913209,-0.837773,-0.03582899,-0.5448422,-251.1386,-73.5505,55.08903,-117.0185,-0.6928914,-71.40989,137.0882,2.389145,-23.90814,-2.32916,0.1630318,-1.110115,-0.1644525
995,0.016682,1,100,0,-106.4692,100,0,136.9669,0,0,-0.5294656,0.026755,0.8479095,-0.01349855,0.9991103,-0.03995499,-0.8482241,-0.03260034,-0.5286334,-253.1115,-73.56011,53.89114,-120.7637,-0.3416454,-72.59827,140.906,2.440526,-27.17363,-2.293398,0.169311,-1.261392,-0.1626879
996,0.016789,1,100,0,-90.93938,100,0,140.8237,0,0,-0.5108284,0.03012688,0.8591548,-0.009668142,0.9991214,-0.0407833,-0.8596287,-0.0291397,-0.5100883,-255.1589,-73.56403,52.66705,-124.3181,-0.01440246,-73.52969,144.4355,2.416809,-29.80761,-2.236994,0.1708251,-1.38337,-0.1587738
997,0.016648,1,100,0,-99.26338,100,0,144.3745,0,0,-0.4903167,0.03337508,0.8709051,-0.005923111,0.9991159,-0.04162311,-0.8715243,-0.02556697,-0.4896856,-257.247,-73.56261,51.4395,-127.655,0.2845533,-74.141,147.6237,2.331787,-32.48655,-2.161646,0.1686826,-1.507397,-0.153278
998,0.016676,1,100,0,-107.6014,100,0,147.5529,0,0,-0.4676407,0.03651283,0.8831642,-0.002103416,0.9990977,-0.04241966,-0.8839163,-0.02169482,-0.467142,-259.3935,-73.55475,50.20153,-130.8563,0.8460539,-74.41863,150.5398,2.751252,-35.22805,-2.13346,0.1991496,-1.634671,-0.1502945
999,0.016764,1,100,0,-92.09468,100,0,150.4117,0,0,-0.4427498,0.03952966,0.8957735,0.002080202,0.9990704,-0.04305989,-0.8966429,-0.01720137,-0.4424205,-261.6042,-73.53728,48.95451,-133.8976,1.43617,-74.31445,153.1446,2.994911,-37.35898,-2.083192,0.2181435,-1.733563,-0.1449167
1000,0.016803,1,100,0,-100.4962,100,0,152.9119,0,0,-0.4159111,0.04233163,0.9084194,0.006404939,0.9990275,-0.04362146,-0.9093825,-0.01232428,-0.4157778,-263.8701,-73.5101,47.70865,-136.7575,1.981978,-73.79467,155.4098,2.967449,-39.58823,-1.981679,0.2199174,-1.836828,-0.1356704
1001,0.016592,1,100,0,-85.14857,100,0,155.0226,0,0,-0.3876077,0.04480633,0.9207348,0.01058328,0.9989685,-0.04415815,-0.9217637,-0.007371641,-0.387682,-266.1538,-73.47427,46.48941,-139.3969,2.515996,-72.84998,157.3052,2.840045,-41.20523,-1.864092,0.2147804,-1.911672,-0.1248714
1002,0.016635,1,100,0,-93.46607,100,0,156.715,0,0,-0.3576627,0.04695228,0.9326699,0.01457979,0.9988945,-0.04469505,-0.9337373,-0.002387619,-0.3579518,-268.4863,-73.42952,45.28516,-141.8405,3.040217,-71.4633,158.8552,2.637508,-42.94619,-1.730875,0.2048265,-1.992217,-0.1127659
1003,0.016968,1,100,0,-101.9501,100,0,158.0149,0,0,-0.3254017,0.04877687,0.9443169,0.01862835,0.9988055,-0.04517224,-0.9453923,0.002891948,-0.3259216,-270.906,-73.37253,44.08292,-144.1325,3.998035,-69.6175,160.1148,3.07493,-44.83267,-1.627289,0.2358753,-2.080078,-0.1020089
1004,0.016427,1,100,0,-86.7551,100,0,158.9632,0,0,-0.2925762,0.05016644,0.9549254,0.02286883,0.9987044,-0.04545965,-0.9559688,0.008537616,-0.2933444,-273.2858,-73.30167,42.95131,-146.3339,4.947299,-67.41011,161.19,3.260244,-46.09418,-1.51159,0.2499746,-2.138797,-0.08991639
1005,0.016678,1,100,0,-95.09409,100,0,159.7073,0,0,-0.2579125,0.05114048,0.9648139,0.02721786,0.9985866,-0.04565478,-0.9657851,0.01448523,-0.2589399,-275.7388,-73.21419,41.84164,-148.5564,5.843368,-64.76822,162.1668,3.130158,-47.51026,-1.357633,0.2437221,-2.204438,-0.07482262
1006,0.016764,1,100,0,-103.4761,100,0,160.3293,0,0,-0.2216338,0.05162533,0.9737624,0.03137513,0.998458,-0.04579344,-0.974625,0.02040255,-0.2229118,-278.2416,-73.1114,40.77281,-150.7515,6.709807,-61.71925,163.0346,2.886618,-49.05633,-1.19235,0.2299461,-2.276038,-0.05868027
1007,0.016639,1,100,0,-88.08501,100,0,160.821,0,0,-0.1842986,0.05160132,0.9815149,0.03542391,0.9983209,-0.04583334,-0.9822319,0.02632208,-0.185817,-280.762,-72.99274,39.76452,-152.8825,7.975556,-58.3375,163.829,3.254131,-50.036,-1.036966,0.2543634,-2.321974,-0.04312368
1008,0.016753,1,100,0,-96.46152,100,0,161.2161,0,0,-0.1456477,0.05104118,0.988019,0.03980732,0.998162,-0.04569701,-0.9885355,0.03267473,-0.1474118,-283.3348,-72.85158,38.80807,-154.9265,9.328187,-54.58162,164.5247,3.493642,-51.17859,-0.8580103,0.2702397,-2.375401,-0.02536581
1009,0.016635,1,100,0,-104.779,100,0,161.5011,0,0,-0.1061496,0.04989901,0.9930974,0.04429306,0.997986,-0.04541027,-0.9933632,0.03916704,-0.108146,-285.9227,-72.68918,37.92257,-156.8222,10.63145,-50.51432,165.0997,3.47513,-52.45162,-0.6740587,0.2691397,-2.434689,-0.006805621
1010,0.016684,1,100,0,-89.34631,100,0,161.6607,0,0,-0.0655398,0.04814846,0.9966878,0.04868431,0.9978002,-0.04500083,-0.996662,0.04557372,-0.0677397,-288.549,-72.50493,37.10417,-158.562,11.8667,-46.1151,165.5577,3.272049,-53.1892,-0.4852863,0.2551264,-2.469034,0.01184664
1011,0.016867,1,100,0,-97.77982,91.5665,0,161.6974,0,0,-0.02382957,0.04576932,0.9986678,0.05315038,0.9975967,-0.04445199,-0.9983022,0.0520203,-0.02620496,-291.223,-72.2947,36.35438,-158.4229,13.65692,-41.11347,164.2396,3.809387,-53.87953,-0.2783172,0.2878641,-2.501871,0.03179359
1012,0.01661,1,100,0,-106.0848,83.2615,0,159.9418,0,0,0.01777649,0.04279101,0.9989259,0.0579611,0.9973595,-0.04375536,-0.9981605,0.05867666,0.01524933,-293.8527,-72.05867,35.70071,-158.066,15.31498,-35.82363,162.7966,3.937908,-54.48481,-0.07470104,0.2937061,-2.530479,0.05180849
1013,0.016681,1,100,0,-90.65489,74.921,0,158.1276,0,0,0.05978178,0.03917442,0.9974424,0.06282263,0.9971009,-0.04292629,-0.9962323,0.06522816,0.05714743,-296.4863,-71.79479,35.13433,-157.4613,16.82524,-30.20196,161.212,3.788783,-54.36407,0.128754,0.2805685,-2.525247,0.07102074
1014,0.016769,1,100,0,-99.03939,66.5365,0,156.2396,0,0,0.1017758,0.03495552,0.994193,0.06744286,0.9968407,-0.04195274,-0.9925185,0.07132099,0.09909671,-299.1275,-71.49781,35.13908,-151.1321,17.83602,-1.421381,159.4887,4.17454,-42.23989,3.224521,0.2935884,-1.966968,0.259725
1015,0.016616,1,100,0,-107.3474,58.2285,0,151.1326,0,0,0.1340643,0.0280954,0.9905744,0.07294966,0.9966062,-0.03813949,-0.9882842,0.07737521,0.1315598,-301.6378,-71.18881,35.31253,-139.8875,18.37239,5.949911,151.8254,4.955191,-37.92267,2.781786,0.3363771,-1.766546,0.229887
1016,0.016584,1,100,0,-92.00719,49.9365,0,140.453,0,0,0.1627862,0.02181868,0.98642,0.07902375,0.9962553,-0.0350773,-0.9834915,0.08366071,0.1604525,-303.9557,-70.87566,35.42098,-139.5187,19.90472,7.726072,141.143,4.936623,-38.4642,2.932618,0.3311998,-1.792135,0.2445363
1017,0.016755,1,100,0,-100.3847,41.559,0,140.1204,0,0,0.1920222,0.01502092,0.9812758,0.08512401,0.9958598,-0.03190177,-0.9776924,0.08965597,0.1899486,-306.2904,-70.53458,35.56282,-138.9774,21.25757,9.95052,140.9454,4.696168,-39.002,3.06399,0.3113313,-1.817511,0.2578525
1018,0.016601,1,100,0,-85.02876,33.2585,0,139.6731,0,0,0.2210023,0.007890312,0.9752413,0.09090256,0.9954474,-0.02865349,-0.9710275,0.09498442,0.2192789,-308.5937,-70.17582,35.74221,-138.2667,22.31684,12.52336,140.6149,4.246392,-38.86708,3.177602,0.277592,-1.811634,0.26855
1019,0.016688,1,100,0,-93.37276,24.9145,0,139.1266,0,0,0.2497937,0.0003839489,0.968299,0.09669815,0.9949912,-0.02533991,-0.9634587,0.09996248,0.2485054,-310.8961,-69.79372,35.96714,-137.3509,24.0539,15.39285,140.2883,4.940582,-38.77761,3.356002,0.3169669,-1.808138,0.2831914
1020,0.01665,1,100,0,-101.6978,16.5895,0,138.5616,0,0,0.2781811,-0.00749144,0.9604994,0.1031088,0.9944244,-0.02210648,-0.9549785,0.1051856,0.2774025,-313.177,-69.38483,36.2407,-136.2523,25.56099,18.50809,139.8592,5.178921,-38.73722,3.508236,0.3268882,-1.806908,0.2964031
1021,0.016683,1,100,0,-86.26599,8.248003,0,137.9408,0,0,0.3061309,-0.01571966,0.9518595,0.1097372,0.9937811,-0.018881,-0.9456432,0.1102345,0.3059522,-315.4429,-68.95139,36.56786,-134.9338,26.81622,21.81734,139.2919,5.119827,-38.07725,3.635722,0.3176921,-1.77691,0.3066918
1022,0.016725,1,100,0,-70.79536,0,0,137.2304,0,0,0.3332,-0.02419055,0.9425459,0.1162904,0.9930924,-0.01562205,-0.9356573,0.1148143,0.3337115,-317.6917,-68.49759,36.95211,-133.4794,27.76267,25.29122,138.662,4.809906,-36.8498,3.7403,0.2926993,-1.720579,0.3139248
1023,0.016672,1,100,0,-55.37376,0,0,136.5185,0,0,0.3588797,-0.03278174,0.9328079,0.1229557,0.9923342,-0.01243114,-0.9252496,0.1191553,0.3601592,-319.9084,-68.02608,37.39311,-131.8967,29.3138,28.77176,138.1443,5.663216,-35.29675,3.93821,0.3427495,-1.648719,0.3261505
1024,0.01664,1,100,0,-47.05376,0,0,135.8927,0,0,0.383026,-0.04153091,0.9228036,0.1303761,0.9914193,-0.009495951,-0.9144909,0.1239488,0.385154,-322.0941,-67.53083,37.89111,-130.2325,30.65471,32.24026,137.6214,6.052144,-33.64914,4.117219,0.363481,-1.572641,0.3369695
1025,0.016843,1,100,0,-38.63226,0,0,135.3136,0,0,0.4059111,-0.05051731,0.9125153,0.1382226,0.9903789,-0.006657209,-0.9033996,0.1288325,0.4089884,-324.2779,-67.00831,38.45363,-128.4833,31.75535,35.71157,137.0827,6.08052,-31.88787,4.267913,0.3615887,-1.491443,0.3454642
1026,0.016552,1,100,0,-30.35626,0,0,134.7685,0,0,0.4268399,-0.05940818,0.9023739,0.1459476,0.9892848,-0.003905989,-0.8924726,0.1333666,0.4309366,-326.3949,-66.47808,39.06318,-126.7225,32.58655,39.05354,136.5491,5.891846,-30.0785,4.385947,0.3464548,-1.408078,0.3512468
1027,0.016615,1,100,0,-22.04876,0,0,134.272,0,0,0.4462797,-0.06832026,0.8922819,0.1535343,0.9881428,-0.001130868,-0.8816248,0.1375006,0.4514776,-328.4906,-65.93328,39.73013,-124.9326,33.19049,42.31538,136.016,5.594979,-28.18636,4.474882,0.3250541,-1.320857,0.354465
1028,0.016936,1,100,0,-13.58076,0,0,133.8118,0,0,0.4644548,-0.07737146,0.8822106,0.1613969,0.9868884,0.001581781,-0.8707658,0.1416513,0.4708526,-330.5959,-65.36393,40.46491,-123.0295,34.46681,45.52537,135.6347,6.412152,-26.17867,4.683043,0.3756748,-1.227058,0.3649301
1029,0.016484,1,100,0,-5.338763,0,0,133.4479,0,0,0.4805078,-0.0862005,0.8727438,0.1697316,0.9854828,0.00388629,-0.860409,0.1462648,0.4881631,-332.6138,-64.79021,41.23184,-121.1896,35.47545,48.52526,135.278,6.709336,-24.16948,4.848287,0.3937285,-1.133657,0.3724746
1030,0.016751,1,100,0,3.036737,0,0,133.1497,0,0,0.4951845,-0.09513538,0.8635632,0.1784593,0.9839286,0.006063387,-0.8502614,0.1511084,0.504204,-334.6337,-64.19136,42.06095,-119.3468,36.29396,51.43535,134.9315,6.716691,-22.06737,4.989643,0.3939714,-1.03618,0.3779558
1031,0.016687,1,100,0,11.38024,0,0,132.8942,0,0,0.5081715,-0.1039356,0.8549616,0.1871557,0.9822965,0.008173868,-0.8406754,0.1558572,0.5186272,-336.6153,-63.58239,42.93455,-117.5586,36.89017,54.18411,134.5988,6.516558,-19.92166,5.094088,0.3817284,-0.9367882,0.3805245
1032,0.016631,1,100,0,19.69574,0,0,132.6796,0,0,0.519483,-0.1126034,0.847029,0.1961484,0.9805229,0.01005218,-0.8316632,0.1609214,0.5314519,-338.5605,-62.96181,43.85006,-115.7476,38.15877,56.77511,134.4508,7.763062,-17.73005,5.356759,0.4627523,-0.8328022,0.3932275
1033,0.01663,1,100,0,28.01074,0,0,132.5768,0,0,0.5291252,-0.12125,0.8398362,0.2061656,0.978451,0.01137101,-0.8231173,0.1671286,0.5427206,-340.4757,-62.32119,44.80772,-114.0011,39.24536,59.20816,134.3207,8.321278,-15.49742,5.574717,0.5005113,-0.7278918,0.4027063
1034,0.016642,1,100,0,36.33174,0,0,132.5288,0,0,0.5358148,-0.1380436,0.8329744,0.2371504,0.9714361,0.008441791,-0.8103468,0.193017,0.553247,-342.3461,-61.60916,45.8051,-112.4565,39.67317,61.47322,134.1618,8.084599,-13.23142,5.741559,0.4866305,-0.6256979,0.4122498
1035,0.016732,1,100,0,44.69774,0,0,132.7962,0,0,0.5392107,-0.1596375,0.8269024,0.2797482,0.9600689,0.00292635,-0.7943505,0.2297466,0.5623377,-344.1741,-60.81001,46.84426,-110.9919,39.61165,63.59308,133.9118,7.420017,-10.91142,5.809042,0.4462915,-0.5229312,0.4146148
1036,0.016597,1,100,0,52.99624,0,14.9373,133.0279,0,0,0.5403042,-0.1791726,0.8221732,0.3176945,0.9481908,-0.002142966,-0.7791931,0.2623577,0.5692337,-345.9403,-59.95634,47.90873,-109.613,39.44165,65.53072,133.6597,6.599346,-8.233641,5.745144,0.3991641,-0.4014699,0.4032321
1037,0.016672,1,100,0,61.33224,0,29.9421,133.0598,0,0,0.5408352,-0.1924199,0.8188235,0.3414586,0.9398853,-0.004665479,-0.7687025,0.2821176,0.5740265,-347.6828,-59.08114,49.0094,-108.1829,39.8208,67.30051,133.4863,6.197632,-5.183704,5.737023,0.3820508,-0.2578788,0.3900927
1038,0.016689,1,100,0,69.67673,0,44.9622,133.0269,0,0,0.5407997,-0.2004858,0.8169094,0.3540547,0.9352119,-0.004867032,-0.7630076,0.2918626,0.5767453,-349.4092,-58.21912,50.1401,-106.9262,40.1586,68.89576,133.3887,5.772812,-1.801258,5.648421,0.365792,-0.09559221,0.3682803
1039,0.016847,1,100,0,78.10023,0,60.1245,133.0416,0,0,0.5389746,-0.2065785,0.8165978,0.3630263,0.9317709,-0.003891855,-0.7600781,0.298544,0.5771943,-351.149,-57.39438,51.30804,-105.8401,40.54009,70.33128,133.3871,5.478933,1.924299,5.511768,0.3596986,0.08508216,0.3410564
1040,0.016512,1,100,0,86.35623,0,74.9853,133.1446,0,0,0.534738,-0.2118378,0.8180343,0.3720392,0.9282129,-0.002827406,-0.758711,0.3058527,0.5751626,-352.8807,-56.69402,52.47605,-104.8384,41.29489,71.56364,133.483,5.205087,5.821876,5.340547,0.3560453,0.2751089,0.3100215
1041,0.016681,1,100,0,94.69673,0,89.9982,133.333,0,0,0.5278572,-0.21629,0.8213314,0.3812671,0.9244636,-0.001585633,-0.7589481,0.3139836,0.5704491,-354.615,-55.97597,53.67572,-104.0249,42.08928,72.63283,133.672,4.942143,10.00095,5.130135,0.354498,0.4799758,0.2741345
1042,0.016923,1,100,0,103.1582,0,100,133.5982,0,0,0.5180292,-0.2198621,0.8266236,0.3908671,0.9204471,-0.000132069,-0.7608342,0.3231684,0.5627553,-356.362,-55.23521,54.90988,-103.3735,42.96775,73.5134,133.9273,4.689217,14.35335,5.005483,0.3546086,0.6939408,0.2414632
1043,0.016451,1,100,0,87.94106,0,100,133.906,0,0,0.5056502,-0.222694,0.8335019,0.4007151,0.9162014,0.001692697,-0.7640325,0.3331409,0.5525143,-358.0506,-54.50154,56.12265,-102.8647,43.94502,74.11689,134.185,4.457476,17.80563,5.073708,0.3531895,0.8638666,0.2243271
1044,0.016678,1,100,0,96.28005,0,100,134.1825,0,0,0.4906671,-0.2247438,0.8418646,0.4109818,0.9116355,0.003835693,-0.7683356,0.344109,0.5396751,-359.7562,-53.74465,57.36081,-102.5079,44.98568,74.45917,134.4461,4.234209,21.25191,5.089187,0.3521535,1.03483,0.20262
1045,0.016687,1,100,0,104.6236,0,100,134.4242,0,0,0.47319,-0.2258829,0.8515095,0.421698,0.9067155,0.006186858,-0.7734743,0.3561523,0.524303,-361.4584,-52.97198,58.6038,-102.2773,46.14968,74.51601,134.6962,4.021769,24.64631,5.050236,0.3512668,1.204722,0.176368
1046,0.016677,1,100,0,89.19733,0,100,134.6141,0,0,0.4533537,-0.2260654,0.8621862,0.4328675,0.9014153,0.008741498,-0.779164,0.3692494,0.5065163,-363.1578,-52.18311,59.84536,-102.1645,47.43534,74.27461,134.9237,3.819642,27.32252,4.957303,0.3478788,1.340611,0.1494858
1047,0.016686,1,100,0,97.54033,0,100,134.7397,0,0,0.4313486,-0.2254005,0.8735749,0.444578,0.8956653,0.01157923,-0.7850407,0.3833775,0.4865521,-364.8586,-51.37553,61.08186,-102.1507,48.85189,73.72616,135.1178,3.63016,30.00715,5.026941,0.3450185,1.477216,0.1312007
1048,0.016683,1,100,0,105.8818,0,100,134.7928,0,0,0.4071243,-0.2237984,0.8855305,0.4569131,0.8893898,0.01470707,-0.7908732,0.3986229,0.4643486,-366.5612,-50.54794,62.30724,-102.2091,50.40855,72.86816,135.2682,3.449523,32.6981,5.027563,0.3419172,1.61597,0.1071205
1049,0.016699,1,100,0,90.43526,0,100,134.7647,0,0,0.3808131,-0.2210554,0.8978395,0.4698451,0.8825651,0.01801282,-0.7963837,0.414986,0.4399542,-368.269,-49.69739,63.51763,-102.3125,52.11198,71.69595,135.3655,3.276849,34.72942,4.959722,0.3359458,1.723601,0.08159147
1050,0.016754,1,100,0,98.81226,0,100,134.6487,0,0,0.3525883,-0.2171692,0.9102303,0.4834419,0.8751118,0.02152355,-0.8012275,0.4324545,0.4135428,-369.987,-48.81958,64.71048,-102.4306,53.97052,70.20476,135.4015,3.111415,36.82745,4.838381,0.3295459,1.836469,0.05108474
1051,0.016589,1,100,0,107.1068,0,100,134.4427,0,0,0.3227387,-0.2121098,0.922415,0.4977154,0.8669739,0.02521814,-0.8050587,0.4509613,0.3853763,-371.6932,-47.92423,65.86504,-102.5143,55.98452,68.42168,135.3698,2.954816,38.95521,4.665948,0.3225403,1.952949,0.01605332
1052,0.016707,1,100,0,91.65279,0,100,134.145,0,0,0.290978,-0.2055555,0.9343868,0.5126795,0.8580862,0.0291163,-0.8077695,0.4705687,0.3550683,-373.4161,-46.99336,66.99603,-102.5534,58.14354,66.32161,135.2643,2.810559,40.47464,4.749274,0.3133409,2.038548,-0.0004379451
1053,0.016825,1,100,0,100.0653,0,100,133.7487,0,0,0.2574515,-0.1976789,0.945855,0.5285531,0.8482423,0.03341192,-0.8089191,0.4913327,0.322865,-375.155,-46.02397,68.09761,-102.4947,60.47543,63.90583,135.0792,2.671041,42.10524,4.748934,0.3032808,2.132341,-0.02382103
1054,0.016523,1,100,0,84.78151,0,100,133.2564,0,0,0.2231296,-0.1885877,0.9563723,0.5452043,0.8374444,0.03793553,-0.8080628,0.5129538,0.2896775,-376.8657,-45.03911,69.13775,-102.2733,62.96266,61.25215,134.8182,2.541113,43.13586,4.748616,0.290758,2.197273,-0.04339653
1055,0.016672,1,100,0,93.11751,0,100,132.6835,0,0,0.1876991,-0.177572,0.9660421,0.5624164,0.8257607,0.04251044,-0.8052683,0.5353388,0.2548639,-378.5914,-44.00798,70.14096,-101.9065,65.56768,58.30387,134.4746,2.415297,44.31143,4.688679,0.2770927,2.271857,-0.06804985
1056,0.01687,1,100,0,101.5525,0,91.565,132.0226,0,0,0.1510094,-0.1644804,0.9747524,0.5805112,0.8128811,0.0472329,-0.8001267,0.5587221,0.2182354,-380.3347,-42.92452,71.10366,-101.3111,68.32575,54.96666,133.9914,2.296179,45.43749,4.69352,0.2619302,2.345551,-0.08889249
1057,0.016489,1,100,0,86.30018,0,83.3205,131.2325,0,0,0.1143919,-0.1501092,0.9820294,0.599389,0.7987493,0.05227371,-0.7922421,0.582638,0.1813443,-382.0335,-41.82596,71.98755,-100.4151,71.20006,51.38886,133.3921,2.183936,45.83101,4.628596,0.2441662,2.383531,-0.1076269
1058,0.016684,1,100,0,94.64218,0,74.9785,130.356,0,0,0.07757732,-0.1333496,0.9880282,0.6184972,0.7837017,0.05720983,-0.7819482,0.6066545,0.1432738,-383.74,-40.66909,72.81973,-99.26965,74.1078,47.4683,132.6637,2.074437,46.23569,4.501398,0.2248337,2.423923,-0.1293421
1059,0.016689,1,100,0,102.9867,0,66.634,129.3825,0,0,0.04092578,-0.1145522,0.9925739,0.6382256,0.7673292,0.06224159,-0.7687607,0.6309387,0.1045137,-385.4314,-39.46694,73.58454,-97.78472,77.08079,43.2882,131.8225,1.969042,46.6477,4.326273,0.2043315,2.466953,-0.1529035
1060,0.016682,1,100,0,87.55583,0,58.293,128.3305,0,0,0.004836179,-0.09370846,0.9955879,0.6582481,0.7497799,0.06737457,-0.7527854,0.655018,0.06530948,-387.1005,-38.21855,74.27733,-95.96407,80.05197,38.88375,130.8792,1.874475,46.39619,4.35588,0.1826654,2.473928,-0.1577006
1061,0.016643,1,100,0,95.87733,0,49.9715,127.2153,0,0,-0.03017985,-0.07110651,0.9970121,0.6783592,0.731127,0.07267782,-0.7341103,0.6785257,0.02617045,-388.7382,-36.92602,74.89346,-93.80663,82.97318,34.30113,129.8492,1.782832,46.21264,4.308948,0.1605998,2.486064,-0.1657573
1062,0.016684,1,100,0,104.2193,0,41.62951,126.0615,0,0,-0.06397817,-0.04640254,0.9968721,0.69834,0.7115106,0.0779382,-0.7129015,0.701142,-0.01311639,-390.3461,-35.58298,75.43306,-91.32473,85.79331,29.55726,128.7413,1.701537,46.08622,4.477085,0.1386911,2.500029,-0.1605554
1063,0.016689,1,100,0,88.78201,0,33.285,124.8711,0,0,-0.09629408,-0.01990712,0.9951538,0.7180722,0.690965,0.08330494,-0.6892748,0.7226141,-0.05224109,-391.9149,-34.19343,75.89235,-88.52293,88.47633,24.70039,127.5715,1.623379,45.3558,4.604512,0.1163372,2.481293,-0.1504402
1064,0.016975,1,100,0,97.26952,0,24.7975,123.6605,0,0,-0.1270642,0.008722581,0.9918562,0.7373676,0.6696596,0.0885732,-0.6634334,0.7426171,-0.09152152,-393.4627,-32.73347,76.2757,-85.42056,90.97298,19.67553,126.3324,1.547381,44.73243,4.708426,0.09399224,2.468408,-0.1406618
1065,0.016458,1,100,0,105.4985,0,16.5685,122.4282,0,0,-0.1549445,0.03795798,0.9871938,0.7563109,0.6474516,0.0938116,-0.6355994,0.761161,-0.1290271,-394.9165,-31.27956,76.56445,-82.0362,93.28457,14.78785,125.1025,1.46954,44.24449,4.521865,0.07247581,2.465601,-0.1457616
1066,0.016648,1,100,0,90.09911,0,8.244504,121.2387,0,0,-0.1807785,0.0690213,0.9810991,0.7739999,0.6254592,0.09861645,-0.6068308,0.7771984,-0.166492,-396.3285,-29.76793,76.77465,-78.51191,95.26455,9.82156,123.8383,1.403553,43.18105,4.662923,0.05220672,2.425778,-0.1263174
1067,0.01672,1,100,0,74.63311,0,0,120.0477,0,0,-0.2043579,0.1007478,0.9736981,0.7909905,0.6029902,0.1036206,-0.5766909,0.7913616,-0.2029164,-397.687,-28.21543,76.90247,-74.77674,96.98766,4.86171,122.5635,1.340259,41.60156,4.790607,0.03387162,2.355264,-0.1016847
1068,0.016602,1,100,0,59.27626,0,0,118.8888,0,0,-0.2250296,0.132377,0.9653176,0.807087,0.5803675,0.1085561,-0.5458686,0.8035237,-0.2374397,-398.9737,-26.64396,76.94782,-70.95152,98.46284,0.09048486,121.3633,1.280418,39.7373,4.917011,0.01800786,2.266347,-0.07370311
1069,0.016694,1,100,0,43.83431,0,0,117.8259,0,0,-0.2429936,0.1638466,0.9560902,0.8220785,0.5579852,0.1133113,-0.5149185,0.8135151,-0.2702816,-400.2013,-25.03654,76.91459,-67.09576,99.66093,-4.550105,120.2283,1.223466,37.58652,5.057403,0.004654811,2.158142,-0.04208985
1070,0.01668,1,100,0,35.49431,0,0,116.8543,0,0,-0.2580348,0.1946574,0.9463227,0.8361723,0.5356638,0.1178146,-0.4839774,0.8216891,-0.3009871,-401.3615,-23.40817,76.80507,-63.22193,100.6191,-9.00694,119.1736,1.157103,35.3985,4.68954,-0.005683524,2.04937,-0.03647761
1071,0.016688,1,100,0,27.15031,0,0,115.9866,0,0,-0.2702135,0.224693,0.9362146,0.8493243,0.5136114,0.1218673,-0.4534678,0.8280801,-0.3296219,-402.4549,-21.76034,76.62243,-59.38385,101.3377,-13.27605,118.2033,1.094225,33.15987,4.330656,-0.01332662,1.934825,-0.03000848
1072,0.016729,1,100,0,18.78581,0,0,115.2205,0,0,-0.2800764,0.2535017,0.9259018,0.8614561,0.4919826,0.1258828,-0.4236161,0.8328806,-0.3561733,-403.4833,-20.09361,76.36935,-55.60586,101.8365,-17.35614,117.3198,1.04425,30.85854,4.434654,-0.01945446,1.810435,0.0004280359
1073,0.016646,1,100,0,10.46281,0,0,114.555,0,0,-0.2878192,0.2805825,0.9156603,0.8725724,0.4708723,0.1299877,-0.3946867,0.8363928,-0.3803546,-404.4409,-18.42435,76.05125,-51.91966,102.1488,-21.20642,116.5321,0.997326,28.52903,4.567265,-0.02366492,1.681775,0.03165843
1074,0.016719,1,100,0,2.103312,0,0,113.9944,0,0,-0.2935963,0.3060853,0.9056009,0.8826986,0.4504533,0.1339221,-0.3669393,0.8386917,-0.4024324,-405.3368,-16.73957,75.66906,-48.35567,102.2787,-24.86475,115.8338,0.9529171,26.15097,4.734826,-0.02634841,1.547669,0.0639443
1075,0.016662,1,100,0,-6.227688,0,0,113.5303,0,0,-0.2973909,0.3297569,0.8960018,0.8920246,0.4305251,0.137624,-0.3403687,0.8401838,-0.4221855,-406.1669,-15.05585,75.22903,-44.9179,102.2748,-28.29121,115.2308,0.9043933,23.7564,4.54022,-0.02622788,1.41291,0.07650302
1076,0.016684,1,100,0,-14.56969,0,0,113.1624,0,0,-0.2994159,0.351614,0.8869711,0.9005631,0.4112295,0.1409842,-0.3151767,0.8409863,-0.4397792,-406.9365,-13.36728,74.73311,-41.63232,102.1491,-31.50541,114.7183,0.8588285,21.32635,4.385469,-0.02483532,1.273638,0.09004372
1077,0.016654,1,100,0,-22.89669,0,0,112.883,0,0,-0.3000208,0.3713989,0.878664,0.9083447,0.3925681,0.1442223,-0.2913714,0.8413995,-0.4551368,-407.6461,-11.68139,74.18648,-38.49973,101.9382,-34.49334,114.2953,0.816192,18.87183,4.275818,-0.02246945,1.130679,0.1046564
1078,0.01684,1,100,0,-31.31669,0,0,112.6877,0,0,-0.2994739,0.3892193,0.871105,0.9154068,0.3745996,0.1473291,-0.2689723,0.8415366,-0.4684768,-408.3061,-9.977603,73.5853,-35.51866,101.6506,-37.29658,113.9537,0.7742742,16.36246,4.09415,-0.01881273,0.9829994,0.114458
1079,0.016515,1,100,0,-39.57419,14.8635,0,112.5688,0,0,-0.297608,0.4045534,0.8647346,0.9219297,0.3570242,0.1502639,-0.2479414,0.8419443,-0.479223,-408.9012,-8.309034,72.95169,-32.72779,101.4281,-39.78983,113.7629,0.7356946,13.60537,3.957604,-0.01397738,0.8181838,0.1264556
1080,0.016709,1,100,0,-47.92869,29.9016,0,112.5796,0,0,-0.2950244,0.4174048,0.8594963,0.9277166,0.3404399,0.1531104,-0.2286978,0.8425403,-0.4876714,-409.4523,-6.62194,72.2709,-30.14534,101.2314,-42.09674,113.7044,0.6989547,10.53088,3.86381,-0.008205015,0.6318207,0.1406789
1081,0.016727,1,100,0,-56.29219,44.9559,0,112.7151,0,0,-0.2914161,0.4274919,0.8557613,0.9330797,0.3241708,0.1558076,-0.2108063,0.8438984,-0.4933526,-409.9568,-4.933858,71.55276,-27.71028,101.1135,-44.18641,113.7728,0.6617422,7.199023,3.439034,0.0004102923,0.42962,0.1375222
1082,0.016625,1,100,0,-64.60469,59.9184,0,112.9705,0,0,-0.2868385,0.4345509,0.85375,0.9380401,0.308285,0.1582436,-0.1944334,0.8462421,-0.4960542,-410.4139,-3.255753,70.80627,-25.43634,101.0893,-46.05098,113.9594,0.6274464,3.651629,3.067477,0.009314716,0.2121529,0.1364467
1083,0.016659,1,100,0,-72.93419,74.91151,0,113.3355,0,0,-0.2816797,0.4383097,0.8535462,0.9425381,0.2929629,0.1606068,-0.1796619,0.8497396,-0.4956453,-410.8301,-1.572434,70.02912,-23.31917,101.1666,-47.71239,114.2582,0.5954888,-0.124896,2.746828,0.01820409,-0.02135285,0.1373668
1084,0.016693,1,100,0,-81.28069,89.9352,0,113.8032,0,0,-0.2759643,0.438535,0.8552957,0.946664,0.2780126,0.1628995,-0.1663458,0.8546321,-0.4918668,-411.2078,0.1177279,69.22462,-21.33529,101.3671,-49.16324,114.6626,0.5656018,-4.116391,2.47545,0.026736,-0.2699069,0.1401287
1085,0.016673,1,100,0,-89.61719,100,0,114.3624,0,0,-0.2697756,0.4350154,0.8590592,0.9504589,0.2633761,0.1651085,-0.1544309,0.8610427,-0.4845167,-411.5481,1.811118,68.39894,-19.47237,101.688,-50.38436,115.1443,0.5375978,-8.20094,2.252064,0.0343603,-0.5257627,0.1441629
1086,0.016688,1,100,0,-97.96119,100,0,114.977,0,0,-0.2633401,0.4275935,0.8647635,0.9539141,0.249106,0.1673147,-0.1438751,0.8689708,-0.473487,-411.8537,3.513024,67.55437,-17.7215,102.1077,-51.34673,115.6569,0.5086133,-12.19427,2.462548,0.03778322,-0.7786665,0.1683822
1087,0.016675,1,100,0,-106.2987,100,0,115.5903,0,0,-0.2566859,0.4162991,0.8722429,0.9570901,0.2350808,0.1694569,-0.1345028,0.8783122,-0.4587777,-412.126,5.222177,66.6968,-16.07753,102.6424,-52.01856,116.189,0.4853694,-16.08345,2.118082,0.04385243,-1.023797,0.162651
1088,0.01669,1,100,0,-90.86044,100,0,116.1795,0,0,-0.2495739,0.4014078,0.8812404,0.9601125,0.2210637,0.1712158,-0.126083,0.8888208,-0.4405684,-412.3673,6.943261,65.82978,-14.53822,103.3003,-52.37495,116.7281,0.4635084,-19.22445,1.823117,0.04717616,-1.222719,0.1555361
1089,0.016878,1,100,0,-99.29945,100,0,116.7232,0,0,-0.2424347,0.3829868,0.8913735,0.9629093,0.2071687,0.172879,-0.1184543,0.9002238,-0.4190065,-412.5817,8.696203,64.94964,-13.09381,104.0871,-52.39594,117.2643,0.4424898,-22.37994,1.573986,0.04916443,-1.42336,0.1497866
1090,0.016493,1,100,0,-107.5459,100,0,117.2069,0,0,-0.2352907,0.3616896,0.9021191,0.9655419,0.1931876,0.1743773,-0.1112077,0.9120631,-0.3946817,-412.7628,10.4234,64.09212,-11.71607,104.9815,-52.05632,117.7635,0.4227639,-25.43536,1.374405,0.04968849,-1.618406,0.1450629
1091,0.016705,1,100,0,-92.09382,100,0,117.5983,0,0,-0.2284143,0.3368651,0.913427,0.9679097,0.179548,0.1758224,-0.1047755,0.9242752,-0.3670664,-412.9207,12.18846,63.23179,-10.44827,105.9766,-51.35995,118.2288,0.4035104,-27.84347,1.212382,0.04831587,-1.772873,0.1393134
1092,0.016822,1,100,0,-100.5048,100,0,117.8987,0,0,-0.2216487,0.3089834,0.9248791,0.9701381,0.1656897,0.1771416,-0.09850918,0.9365237,-0.3364815,-413.0542,13.98347,62.38014,-9.225657,107.0642,-50.27884,118.6415,0.3853165,-30.30386,1.054968,0.04623344,-1.931008,0.1328944
1093,0.016545,1,100,0,-85.2007,100,0,118.0949,0,0,-0.2150691,0.278883,0.9359325,0.9722375,0.1516124,0.1782353,-0.09219217,0.9482815,-0.3037477,-413.1606,15.76743,61.56329,-8.037067,108.1985,-48.83353,118.98,0.372653,-32.09088,0.712386,0.04417757,-2.046077,0.1146556
1094,0.016658,1,100,0,-93.5297,100,0,118.1767,0,0,-0.2088711,0.2462204,0.9464399,0.9741446,0.1376026,0.1791874,-0.08611297,0.9593964,-0.2685954,-413.2456,17.58248,60.76757,-6.913081,109.3654,-47.01417,119.2431,0.355106,-33.97482,0.6349854,0.04020486,-2.168126,0.1086662
1095,0.016716,1,100,0,-101.8877,100,0,118.1478,0,0,-0.2031718,0.2109616,0.9561468,0.9758744,0.1233561,0.1801467,-0.07994249,0.9696798,-0.2309345,-413.308,19.42331,60.00235,-5.804505,110.5379,-44.822,119.4208,0.3376302,-35.93834,0.5941283,0.03586373,-2.295423,0.1034515
1096,0.016687,1,100,0,-86.45222,100,0,118.0013,0,0,-0.1979429,0.1734591,0.9647439,0.9774475,0.1088181,0.1809842,-0.07358825,0.978811,-0.1910869,-413.3479,21.2801,59.27776,-4.703271,111.6795,-42.2735,119.5051,0.3203687,-37.29586,0.5830421,0.03113689,-2.38411,0.09719261
1097,0.016673,1,100,0,-94.78873,100,0,117.7371,0,0,-0.1932898,0.1340889,0.9719359,0.9788506,0.09401543,0.1816945,-0.06701376,0.9864997,-0.1494253,-413.3659,23.15361,58.59887,-3.608125,112.7588,-39.38097,119.4924,0.303387,-38.76473,0.5948277,0.0266509,-2.479868,0.09112493
1098,0.016688,1,100,0,-103.1327,100,0,117.3628,0,0,-0.1892364,0.09272086,0.9775441,0.9800835,0.07888328,0.1822458,-0.06021389,0.9925624,-0.1058018,-413.3623,25.04576,57.97012,-2.509089,113.7454,-36.15787,119.3805,0.2915328,-40.33419,0.4510922,0.02315692,-2.581722,0.07675611
1099,0.016671,1,100,0,-87.71205,100,0,116.8761,0,0,-0.185823,0.04963671,0.9813287,0.981147,0.06335381,0.1825841,-0.05310804,0.9967561,-0.06047351,-413.3367,26.95107,57.39815,-1.394469,114.6068,-32.62548,119.1683,0.279529,-41.32833,0.3429865,0.01991802,-2.6467,0.06214178
1100,0.016697,1,100,0,-96.06055,91.6515,0,116.282,0,0,-0.1832509,0.005219777,0.9830524,0.9820045,0.04743715,0.1828037,-0.045679,0.9988608,-0.01381874,-413.2894,28.87191,56.887,-0.2778956,115.2846,-28.70702,118.8053,0.2674582,-42.30046,0.2626059,0.01730653,-2.710096,0.04783183
1101,0.016681,1,100,0,-104.4011,83.311,0,115.5627,0,0,-0.1816291,-0.0402846,0.9825416,0.9826373,0.03105086,0.1829199,-0.03787762,0.9987057,0.03394542,-413.2201,30.80005,56.44427,0.8522939,115.7423,-24.44538,118.2987,0.253622,-43.25115,0.2648674,0.01547679,-2.771908,0.03633843
1102,0.016673,1,100,0,-88.97853,74.97449,0,114.7304,0,0,-0.1810709,-0.08650728,0.9796579,0.9830202,0.01420092,0.1829464,-0.02973824,0.9961498,0.08246703,-413.1291,32.73242,56.07507,1.993468,115.9483,-19.87782,117.6567,0.2399068,-43.51722,0.2850682,0.01483205,-2.789475,0.02456673
1103,0.016816,1,100,0,-97.38653,66.5665,0,113.8033,0,0,-0.1816284,-0.1332486,0.9742976,0.9831364,-0.003142545,0.1828463,-0.02130225,0.9910776,0.1315724,-413.0156,34.68203,55.78167,3.138807,115.8744,-15.00666,116.8842,0.2276085,-43.82588,0.2766818,0.01549547,-2.809332,0.01100262
1104,0.016529,1,100,0,-105.651,58.302,0,112.7992,0,0,-0.1834166,-0.1792021,0.9665636,0.9829586,-0.02113944,0.1826084,-0.0122912,0.9835854,0.1800255,-412.8805,36.59413,55.5754,4.326507,115.5068,-9.998543,116.0194,0.2155999,-44.16708,0.2848045,0.01757004,-2.830782,-0.002323187
1105,0.016686,1,100,0,-90.21648,49.959,0,111.7576,0,0,-0.186451,-0.225244,0.9562955,0.9824581,-0.03928751,0.1822982,-0.003491122,0.97351,0.228618,-412.7246,38.5151,55.45186,5.468476,114.8242,-4.7908,115.0542,0.2002393,-43.88597,0.4134561,0.02118393,-2.811748,-0.009576112
1106,0.016793,1,100,0,-98.61298,41.5625,0,110.6682,0,0,-0.1908866,-0.2706595,0.9435602,0.9815968,-0.05801586,0.1819398,0.005497731,0.9609255,0.276753,-412.5462,40.4335,55.41626,6.608519,113.8146,0.563887,114.0077,0.1853391,-43.69803,0.5438663,0.02637479,-2.79805,-0.01659412
1107,0.016587,1,100,0,-106.9065,33.269,0,109.5597,0,0,-0.1966837,-0.3145451,0.9286425,0.9803578,-0.07722747,0.1814787,0.01463347,0.9460958,0.3235561,-412.3484,42.30816,55.47041,7.748942,112.4988,5.915867,112.9204,0.1716127,-43.60055,0.6609551,0.03305834,-2.789491,-0.02397516
1108,0.01668,1,100,0,-91.47749,24.929,0,108.4622,0,0,-0.2037865,-0.3574228,0.9114383,0.9787333,-0.09672035,0.1809037,0.02349553,0.9289207,0.3695319,-412.1306,44.16796,55.61438,8.841374,110.8637,11.30436,111.7887,0.1590693,-42.92122,0.7545655,0.04071458,-2.743102,-0.03094312
1109,0.016712,1,100,0,-76.01888,16.573,0,107.3687,0,0,-0.2123626,-0.3984128,0.8922834,0.9766504,-0.1169067,0.180242,0.03250321,0.9097255,0.4139366,-411.8919,46,55.8489,9.924897,108.8645,16.65328,110.5772,0.1454462,-41.71058,0.9005961,0.04931525,-2.662019,-0.03358408
1110,0.016651,1,100,0,-60.61671,8.247501,0,106.2528,0,0,-0.2224247,-0.4366814,0.8716862,0.9740611,-0.1377055,0.1795621,0.04162455,0.8890147,0.4559835,-411.6347,47.78866,56.17143,10.98529,106.6199,21.91634,109.4021,0.1281338,-40.02799,1.196309,0.0589051,-2.549912,-0.02651104
1111,0.01672,1,100,0,-52.25671,0,0,105.2374,0,0,-0.2337501,-0.4721248,0.8499758,0.9709867,-0.1587126,0.1788711,0.05045243,0.8671264,0.495526,-411.3604,49.54424,56.58252,11.96801,104.1505,27.07853,108.2765,0.1128052,-38.09861,1.45258,0.06820205,-2.421721,-0.01886595
1112,0.016648,1,100,0,-43.9327,0,0,104.3336,0,0,-0.2461071,-0.5042891,0.8277221,0.9674436,-0.1798189,0.1780961,0.05902813,0.8446051,0.5321259,-411.0722,51.24874,57.07613,12.90348,101.5592,31.97982,107.2543,0.099889,-36.10633,1.654889,0.07679783,-2.289405,-0.01181595
1113,0.016689,1,100,0,-35.5882,0,0,103.5564,0,0,-0.2592579,-0.5334261,0.8051348,0.963474,-0.2007679,0.1772292,0.06710657,0.8216745,0.5659928,-410.771,52.91232,57.65089,13.75947,98.86947,36.63792,106.3336,0.08932792,-34.04234,1.794262,0.08418997,-2.152668,-0.005845383
1114,0.016779,1,100,0,-27.1987,0,0,102.8987,0,0,-0.2732168,-0.5595929,0.7824376,0.9590389,-0.2217165,0.1763139,0.0748153,0.79856,0.597248,-410.4565,54.53799,58.30515,14.54881,96.10424,41.06089,105.5163,0.07612256,-31.90851,2.071296,0.09142578,-2.011125,0.009272285
1115,0.016501,1,100,0,-18.9482,0,0,102.357,0,0,-0.2878879,-0.5822216,0.7603542,0.9541121,-0.2426956,0.1754112,0.08240639,0.7759619,0.6253738,-410.1355,56.08961,59.01956,15.3059,93.34655,45.1624,104.8212,0.06569972,-29.75852,2.27516,0.09698817,-1.868924,0.02219582
1116,0.016712,1,100,0,-10.5922,0,0,101.9381,0,0,-0.3028831,-0.6022457,0.7386218,0.9488306,-0.263215,0.1744663,0.08934476,0.7536699,0.6511525,-409.8036,57.6145,59.8095,15.95193,90.56724,49.05081,104.2251,0.0528192,-27.53085,2.631583,0.1020197,-1.721689,0.04525897
1117,0.016924,1,100,0,-2.130204,0,0,101.6226,0,0,-0.3184847,-0.6195524,0.7174415,0.9430417,-0.2838325,0.1735267,0.09612427,0.7318428,0.67466,-409.4597,59.11076,60.67358,16.54611,87.78099,52.73226,103.7303,0.04242714,-25.22405,2.906898,0.1048773,-1.570125,0.06566765
1118,0.016441,1,100,0,6.090296,0,14.7969,101.4087,0,0,-0.3342631,-0.6334219,0.697886,0.936826,-0.3042903,0.1725242,0.1030793,0.7114663,0.6951191,-409.1167,60.5183,61.57134,17.1742,85.1955,56.05395,103.4179,0.03498051,-22.70013,3.084731,0.1046512,-1.40594,0.08271331
1119,0.016688,1,100,0,14.4343,0,29.8161,101.3482,0,0,-0.3498463,-0.6447735,0.6796138,0.9303795,-0.3239734,0.1715686,0.1095539,0.6923214,0.7132249,-408.7652,61.90527,62.53566,17.71503,82.74397,59.17412,103.2568,0.02289117,-19.86857,3.614459,0.1039271,-1.222144,0.1216816
1120,0.016766,1,100,0,22.8173,0,44.9055,101.4306,0,0,-0.3657121,-0.65313,0.6630807,0.9234186,-0.3437318,0.170724,0.1164169,0.6747369,0.7288193,-408.4058,63.25797,63.55516,18.26529,80.43349,62.09642,103.2431,0.01365353,-16.76933,4.05198,0.09960191,-1.022999,0.1577505
1121,0.016549,1,100,0,31.09179,0,59.7996,101.6549,0,0,-0.3812594,-0.6584402,0.6489205,0.9161404,-0.3631057,0.1698263,0.1238063,0.6592502,0.7416612,-408.0446,64.55563,64.60806,18.83512,78.30726,64.79179,103.3671,0.007245658,-13.48563,4.384697,0.09170876,-0.8141448,0.1897142
1122,0.016707,1,100,0,39.44529,0,74.8359,102.0095,0,0,-0.3962371,-0.6610667,0.6371711,0.908663,-0.3818382,0.1689115,0.1316345,0.6459029,0.7519853,-407.6754,65.83177,65.71423,19.38668,76.34877,67.3274,103.6241,0.003556157,-9.951023,4.550862,0.07952653,-0.5920824,0.2142428
1123,0.01667,1,100,0,47.78029,0,89.8389,102.4951,0,0,-0.4106811,-0.6608499,0.6281867,0.9008979,-0.4002286,0.1679289,0.1404425,0.6348973,0.7597246,-407.3006,67.07349,66.85873,19.98019,74.57072,69.69345,104.0057,0.001466295,-6.224716,4.615799,0.06388295,-0.3603878,0.2346009
1124,0.016677,1,100,0,56.11879,0,100,103.0986,0,0,-0.4243855,-0.6578959,0.6221496,0.8929172,-0.4181319,0.1669275,0.1503197,0.6263697,0.7648957,-406.9192,68.28757,68.0416,20.60228,72.96444,71.8982,104.4874,0.0004483092,-2.392087,4.581678,0.04536138,-0.1245272,0.2505372
1125,0.016683,1,100,0,64.4603,0,100,103.7943,0,0,-0.4372453,-0.6523042,0.6191249,0.8847278,-0.4355882,0.1658907,0.1614723,0.6202919,0.7675706,-406.5305,69.47667,69.26009,21.25904,71.50247,73.93155,105.0258,-3.601221e-05,1.365424,4.45191,0.02516459,0.104333,0.261447
1126,0.016699,1,100,0,72.8098,0,100,104.5328,0,0,-0.4493155,-0.6441318,0.6190395,0.8762563,-0.4527456,0.164913,0.1740417,0.6165352,0.7678501,-406.1336,70.64409,70.51208,21.97196,70.20369,75.78507,105.6158,0.0006252839,5.048783,4.86948,0.008252053,0.3294122,0.3042859
1127,0.016666,1,100,0,81.1428,0,100,105.2987,0,0,-0.4606155,-0.6334044,0.6217979,0.8674295,-0.4697288,0.1640777,0.1881488,0.6149426,0.765798,-405.7282,71.78931,71.79085,22.76423,69.083,77.44544,106.2472,0.00215022,8.661939,5.126925,-0.01020889,0.5475796,0.3386939
1128,0.016898,1,100,0,89.5918,0,100,106.0727,0,0,-0.4706579,-0.6202816,0.6274806,0.8584421,-0.4862435,0.1632316,0.2038588,0.615482,0.7613302,-405.3067,72.93358,73.11382,23.64689,68.14507,78.92361,106.9199,0.004132915,12.27017,5.280192,-0.02976638,0.7630084,0.3682725
1129,0.01648,1,100,0,97.83179,0,100,106.8496,0,0,-0.4793281,-0.6051474,0.6356425,0.8492968,-0.5023983,0.1621458,0.2212236,0.6175702,0.7547634,-404.8822,74.03542,74.4268,24.67097,67.39176,80.16517,107.5954,0.005935395,15.7297,5.329699,-0.04934509,0.9670312,0.3923928
1130,0.016676,1,100,0,106.1698,0,100,107.5827,0,0,-0.4863579,-0.5878254,0.6464654,0.8401431,-0.5178616,0.1611811,0.2400333,0.6215152,0.7457236,-404.4388,75.14051,75.77421,25.79561,66.83863,81.19638,108.2851,0.007280704,19.18466,5.285322,-0.06918436,1.168424,0.4124443
1131,0.016915,1,100,0,90.52342,0,100,108.2831,0,0,-0.4918164,-0.568253,0.6597008,0.8307513,-0.5331169,0.1601209,0.2607085,0.6267974,0.7342726,-403.9713,76.25378,77.15675,27.08568,66.46084,82.00793,108.977,0.007261542,21.9614,5.112446,-0.08561832,1.32702,0.422672
1132,0.016464,1,100,0,98.75542,0,100,108.9351,0,0,-0.4957521,-0.5473551,0.6742642,0.8211526,-0.5481867,0.158744,0.2827333,0.6323714,0.7212267,-403.4955,77.33234,78.51414,28.54734,66.22945,82.56614,109.6287,0.01387692,24.66374,5.383015,-0.09778026,1.482187,0.4590586
1133,0.016664,1,100,0,107.0874,0,100,109.5018,0,0,-0.4980613,-0.5244128,0.6905985,0.8113626,-0.562856,0.1577464,0.3059832,0.6388932,0.7058257,-402.9917,78.42254,79.89542,30.1463,66.16853,82.87878,110.2541,0.01997986,27.41326,5.575966,-0.1096301,1.638215,0.4925542
1134,0.016686,1,100,0,91.65288,0,100,109.9969,0,0,-0.4985026,-0.4998287,0.7082841,0.8013351,-0.577368,0.1565509,0.3306919,0.645614,0.6883497,-402.4608,79.51418,81.28214,31.92969,66.2248,82.93913,110.8338,0.02481727,29.50954,5.671335,-0.1175681,1.753988,0.5174583
1135,0.016688,1,100,0,99.99688,0,100,110.4057,0,0,-0.4969974,-0.4739563,0.7268832,0.7911428,-0.5916201,0.1551745,0.3564928,0.6521897,0.6690007,-401.9006,80.60809,82.66829,33.88512,66.38209,82.73789,111.3568,0.02814092,31.66903,5.676229,-0.125184,1.871545,0.5385989
1136,0.016691,1,100,0,108.3424,0,100,110.7252,0,0,-0.4934399,-0.4467552,0.7462753,0.7807619,-0.6056343,0.1536816,0.3833119,0.658496,0.6476536,-401.3079,81.70567,84.04967,36.00649,66.61408,82.27218,111.8151,0.0299055,33.88526,5.599197,-0.1321089,1.990434,0.5564657
1137,0.016666,1,100,0,92.92632,0,100,110.9507,0,0,-0.4877612,-0.4184299,0.7661629,0.7701803,-0.6194462,0.1520164,0.4109885,0.6642314,0.6244083,-400.6807,82.80602,85.41959,38.28568,66.89219,81.53973,112.2011,0.03009208,35.48304,5.449007,-0.134958,2.071894,0.5665889
1138,0.016694,1,100,0,101.2733,0,100,111.0809,0,0,-0.4799655,-0.3891985,0.7862301,0.7593758,-0.6330823,0.1501844,0.4392968,0.6691274,0.5994055,-400.0143,83.91318,86.77794,40.71503,67.1942,80.53611,112.5115,0.02875055,37.18395,5.234339,-0.1370966,2.157569,0.5743987
1139,0.016665,1,100,0,85.8582,0,100,111.1213,0,0,-0.4701501,-0.359205,0.8061829,0.7482432,-0.6466515,0.1482369,0.4680719,0.6729144,0.572796,-399.3083,85.02335,88.11568,43.28028,67.48471,79.26908,112.7429,0.03495471,38.30109,5.335427,-0.1332854,2.211204,0.5958951
1140,0.016649,1,100,0,94.1827,0,100,111.0747,0,0,-0.4584359,-0.3286507,0.8257272,0.7367307,-0.6601776,0.1462661,0.4970562,0.6753922,0.5447762,-398.5599,86.13701,89.42953,45.96272,67.741,77.743,112.8955,0.03911215,39.55438,5.355152,-0.1292103,2.27093,0.6139565
1141,0.01669,1,100,0,102.5277,0,100,110.9503,0,0,-0.4445294,-0.2975506,0.8449008,0.7249136,-0.6735813,0.1441836,0.5262075,0.6765739,0.5151252,-397.7643,87.257,90.71973,48.74997,67.94058,75.96033,112.971,0.04139339,40.93641,5.30204,-0.1244939,2.336274,0.6289738
1142,0.016851,1,100,0,86.94053,0,100,110.7485,0,0,-0.4282886,-0.2658469,0.8636518,0.712713,-0.6869351,0.141987,0.555526,0.6763473,0.4836791,-396.9135,88.39028,91.99084,51.64064,68.06469,73.91012,112.9702,0.0420537,41.76909,5.187531,-0.1165658,2.369312,0.6359397
1143,0.016509,1,100,0,95.19503,0,100,110.4719,0,0,-0.4102343,-0.2349233,0.8812031,0.7001315,-0.7003054,0.1392413,0.5844002,0.6740796,0.4517665,-396.0316,89.50098,93.20135,54.57352,68.04817,71.67319,112.8976,0.04111407,42.73919,5.020477,-0.1084448,2.408532,0.6405441
1144,0.016694,1,100,0,103.542,0,100,110.1422,0,0,-0.3899676,-0.2035911,0.8980401,0.6873032,-0.7133862,0.1367276,0.6128129,0.6705451,0.4181263,-395.0908,90.62315,94.3866,57.54465,67.94461,69.18179,112.7563,0.03888159,43.86654,4.808938,-0.09928642,2.455288,0.6434704
1145,0.016831,1,100,0,87.97336,0,100,109.7507,0,0,-0.3674409,-0.172179,0.9139702,0.6738842,-0.7265759,0.1340432,0.6409893,0.665163,0.3830024,-394.0915,91.7509,95.53843,60.5675,67.69387,66.45509,112.5485,0.04157615,44.45623,4.778944,-0.08663502,2.472882,0.651316
1146,0.016526,1,100,0,96.23636,0,100,109.303,0,0,-0.3433521,-0.1419069,0.9284245,0.6599127,-0.7398397,0.1309682,0.6683,0.6576474,0.3476717,-393.06,92.85197,96.6236,63.57269,67.25838,63.58463,112.2862,0.04242085,45.20784,4.692349,-0.07400683,2.49788,0.656356
1147,0.01668,1,100,0,104.5764,0,100,108.8245,0,0,-0.3171689,-0.1117668,0.9417602,0.6456341,-0.7528272,0.1280942,0.694666,0.64866,0.3109338,-391.9691,93.95502,97.66974,66.55383,66.6903,60.49684,111.9682,0.04158463,46.1291,4.549585,-0.06057775,2.530955,0.6586733
1148,0.016677,1,100,0,89.15013,0,100,108.3025,0,0,-0.2889917,-0.08243175,0.9537761,0.6307353,-0.7658775,0.1249189,0.7201784,0.6376808,0.2733249,-390.8284,95.04619,98.66331,69.50888,65.93244,57.2395,111.6017,0.03954252,46.53198,4.369172,-0.04568545,2.534747,0.65309
1149,0.016689,1,100,0,97.49463,0,100,107.7476,0,0,-0.2590614,-0.05414204,0.9643422,0.6152932,-0.7788688,0.1215639,0.7445143,0.6248457,0.2350881,-389.6378,96.12371,99.60233,72.40785,64.9929,53.82097,111.192,0.03664912,47.12569,4.163573,-0.03052687,2.547866,0.6463093
1150,0.016694,1,100,0,105.8416,0,100,107.1719,0,0,-0.227369,-0.02689441,0.9734372,0.5992554,-0.7917995,0.118094,0.7675911,0.6101885,0.1961472,-388.399,97.18414,100.4837,75.23132,63.8654,50.25981,110.7456,0.03325571,47.89391,3.945263,-0.01487375,2.569366,0.6387389
1151,0.016667,1,100,0,90.42465,0,100,106.5751,0,0,-0.1940595,-0.0009266958,0.9809894,0.5826068,-0.8046497,0.1144913,0.7892467,0.5937492,0.1566898,-387.1157,98.22236,101.3036,77.9575,62.54795,46.57705,110.268,0.03121033,48.15344,3.778808,0.001399951,2.563734,0.6281072
1152,0.016696,1,100,0,98.77265,0,91.652,105.9636,0,0,-0.1593352,0.02356979,0.9869431,0.5653581,-0.8173708,0.1107933,0.8093098,0.5756296,0.1169105,-385.7856,99.23879,102.0622,80.56516,61.02816,42.67041,109.7085,0.02774962,48.46839,3.567888,0.01754374,2.56024,0.6136644
1153,0.016776,1,100,0,107.1607,0,83.264,105.3204,0,0,-0.1231394,0.04656423,0.9912965,0.5474451,-0.8299743,0.1069904,0.8277326,0.5558551,0.0767112,-384.4065,100.233,102.7576,83.03342,59.30235,38.55799,109.0781,0.02385522,48.83675,3.346034,0.03359293,2.559017,0.5972011
1154,0.0166,1,100,0,91.80565,0,74.964,104.6508,0,0,-0.08613094,0.06733108,0.9940062,0.5288339,-0.8424658,0.1028898,0.8443439,0.5345261,0.03695542,-383.0022,101.1865,103.3768,85.32447,57.37017,34.33957,108.4011,0.0200117,48.58907,3.129641,0.04835078,2.525717,0.5742427
1155,0.016679,1,100,0,100.1451,0,66.6245,103.9781,0,0,-0.04835032,0.08625431,0.9950992,0.5097964,-0.8545976,0.09884597,0.8589353,0.5120772,-0.002652068,-381.5549,102.1116,103.9275,87.4143,55.27567,29.97465,107.6807,0.0165531,48.44148,2.929701,0.06233347,2.498099,0.5515311
1156,0.01691,1,100,0,84.5034,0,58.16949,103.3091,0,0,-0.009628013,0.1033049,0.9946032,0.4900844,-0.8665108,0.09474464,0.871622,0.4883518,-0.04228533,-380.0537,103.0128,104.4112,89.30608,53.0005,25.45578,106.9235,0.01047815,47.70746,2.639669,0.07433631,2.440232,0.5174124
1157,0.016458,1,100,0,92.7324,0,49.94049,102.6476,0,0,0.02844856,0.1170075,0.9927236,0.4695935,-0.8782774,0.09006116,0.8824246,0.4636144,-0.07993171,-378.5631,103.8511,104.8078,90.97263,50.55819,21.01451,106.178,0.005019536,47.13651,2.367429,0.08428241,2.391305,0.4844058
1158,0.01668,1,100,0,101.0724,0,41.60049,102.0363,0,0,0.06675799,0.1291786,0.9893717,0.4491317,-0.8893352,0.08581194,0.8909681,0.4386296,-0.1173884,-377.0273,104.6607,105.135,92.37995,48.04693,16.482,105.424,0.0002033441,46.69263,2.119115,0.09338565,2.350244,0.4528651
1159,0.016698,1,100,0,85.62675,0,33.2515,101.4476,0,0,0.1050122,0.1389591,0.9847146,0.4279894,-0.9001126,0.08137867,0.8976623,0.4129017,-0.1539958,-375.468,105.4281,105.3868,93.56033,45.40882,11.95333,104.6823,-0.003658701,45.7072,1.906583,0.09961136,2.283147,0.4188755
1160,0.016668,1,100,0,70.20885,0,24.9175,100.8942,0,0,0.1425299,0.1462919,0.9789197,0.4064896,-0.9104159,0.07687001,0.9024696,0.3869644,-0.1892276,-373.8943,106.1498,105.5627,94.42288,42.66363,7.478167,103.8835,-0.006302607,44.23133,1.740179,0.1027353,2.193434,0.3843503
1161,0.016682,1,100,0,54.778,0,16.5765,100.308,0,0,0.1788857,0.1512743,0.9721708,0.3847846,-0.9201642,0.07237895,0.9055059,0.3611288,-0.2228122,-372.3069,106.8267,105.6643,95.06921,39.89684,3.056576,103.1468,-0.00742422,42.30335,1.63479,0.1027836,2.083613,0.3512841
1162,0.016707,1,100,0,39.32403,0,8.222997,99.81258,0,0,0.2137071,0.1538358,0.9647093,0.3628949,-0.9293597,0.06780857,0.9069934,0.3355969,-0.254437,-370.7081,107.4588,105.6925,95.51256,37.12703,-1.28569,102.4828,-0.01462329,39.96695,1.264893,0.09964632,1.954299,0.3004955
1163,0.01667,1,100,0,30.98903,0,0,99.4161,0,0,0.2465766,0.1539181,0.9568224,0.3408534,-0.9379997,0.0630511,0.9072038,0.3105893,-0.2837523,-369.1072,108.0438,105.6488,95.77199,34.38005,-5.502369,101.9045,-0.02025059,37.46162,0.9436229,0.09420858,1.819326,0.2532003
1164,0.016679,1,100,0,22.64953,0,0,99.12409,0,0,0.277312,0.1520446,0.948673,0.3188517,-0.946003,0.05841131,0.9063287,0.2862878,-0.3108177,-367.5027,108.5842,105.5359,95.88511,31.69488,-9.505952,101.4341,-0.02402592,34.93132,0.6918649,0.08739451,1.685823,0.2117999
1165,0.016698,1,100,0,14.30053,0,0,98.93191,0,0,0.305882,0.1484262,0.9404288,0.2969016,-0.9533859,0.05390153,0.904592,0.2627273,-0.3356916,-365.8957,109.0811,105.3569,95.87548,29.07805,-13.29784,101.0667,-0.02605379,32.37622,0.5156622,0.07955813,1.553627,0.1768313
1166,0.016672,1,100,0,5.964528,0,0,98.83176,0,0,0.3321941,0.1432452,0.9322703,0.2750487,-0.9601541,0.04952203,0.902217,0.2399689,-0.358357,-364.2924,109.5344,105.1162,95.7667,26.53934,-16.86887,100.7976,-0.02647982,29.80559,0.4199697,0.07104775,1.422998,0.1487825
1167,0.016834,1,100,0,-2.452472,0,0,98.81603,0,0,0.3564833,0.1366791,0.9242503,0.2533483,-0.9663195,0.04518393,0.8992968,0.2180499,-0.3791042,-362.6765,109.9502,104.8139,95.56863,24.08587,-20.262,100.6183,-0.0326314,27.19799,-0.04813563,0.06190654,1.290982,0.09901071
1168,0.016548,1,100,0,-10.72647,0,0,98.8779,0,0,0.3782762,0.1284273,0.9167408,0.2315512,-0.9719744,0.04061972,0.8962653,0.196907,-0.3974123,-361.092,110.3187,104.462,95.32729,21.71286,-23.38675,100.527,-0.03666851,24.62152,-0.4264763,0.05257792,1.16258,0.05687758
1169,0.016662,1,100,0,-19.05747,0,0,99.00814,0,0,0.3978802,0.1195149,0.9096195,0.2103645,-0.9769472,0.0363447,0.892994,0.1768908,-0.4138497,-359.5015,110.6518,104.0565,95.02965,19.46263,-26.33208,100.5127,-0.03903809,22.00956,-0.7194057,0.0435366,1.034528,0.02202472
1170,0.016934,1,100,0,-27.52447,0,0,99.20118,0,0,0.4154947,0.1097872,0.9029456,0.1893088,-0.9813889,0.0322136,0.8896775,0.157551,-0.4285456,-357.8907,110.9523,103.5954,94.69741,17.28586,-29.12246,100.571,-0.04001183,19.33626,-0.9283624,0.0348261,0.905261,-0.005852442
1171,0.016455,1,100,0,-35.75197,14.8095,0,99.45386,0,0,0.4304638,0.09916705,0.8971437,0.1682571,-0.9853401,0.02818353,0.8867865,0.1388188,-0.4408388,-356.3307,111.2087,103.1029,94.44511,15.19217,-31.61159,100.7471,-0.03973433,16.48981,-1.046989,0.026407,0.7693439,-0.02658334
1172,0.016685,1,100,0,-44.09447,29.826,0,99.79723,0,0,0.4431493,0.08843375,0.8920753,0.1481072,-0.9886695,0.02443532,0.8841285,0.1212943,-0.4512258,-354.7535,111.4354,102.5629,94.23773,13.23871,-33.94211,101.035,-0.03851759,13.35718,-1.079056,0.01853715,0.6213834,-0.04035841
1173,0.016688,1,100,0,-52.43847,44.8452,0,100.2396,0,0,0.4533305,0.07716192,0.8879964,0.128016,-0.9915539,0.02080711,0.8821018,0.1042453,-0.4593795,-353.1792,111.6292,101.9848,94.10514,11.34258,-36.09043,101.4246,-0.03667235,9.999104,-1.027257,0.01142257,0.4639758,-0.04724203
1174,0.016684,1,100,0,-60.78047,59.8608,0,100.7719,0,0,0.4608807,0.06544548,0.8850458,0.1081613,-0.993985,0.01717692,0.8808464,0.08781122,-0.4651872,-351.6075,111.7917,101.3719,94.05155,9.518659,-38.06648,101.9086,-0.03706661,6.441564,-1.433399,0.005234883,0.2973257,-0.08167262
1175,0.016682,1,100,0,-69.12147,74.8746,0,101.3889,0,0,0.4656982,0.05322901,0.8833414,0.08845893,-0.99599,0.01338147,0.8805115,0.07190771,-0.4685393,-350.0367,111.9237,100.727,94.08506,7.757964,-39.87687,102.481,-0.0363493,2.688573,-1.746694,0.0003288277,0.1225924,-0.1083757
1176,0.016672,1,100,0,-77.45747,89.87939,0,102.0847,0,0,0.4676349,0.04102955,0.882969,0.06907552,-0.9975637,0.009770971,0.8812187,0.0564223,-0.4693297,-348.466,112.0263,100.0532,94.21357,6.04955,-41.52379,103.1359,-0.03484586,-1.245456,-1.967193,-0.003059266,-0.05976492,-0.1272374
1177,0.016688,1,100,0,-85.80147,100,0,102.8524,0,0,0.4666089,0.02898029,0.8839889,0.05001155,-0.9987285,0.006343536,0.8830488,0.0412497,-0.4674649,-346.8916,112.1003,99.3521,94.42741,4.382848,-43.00599,103.8521,-0.03290054,-5.272532,-2.098812,-0.004781172,-0.245894,-0.1383427
1178,0.016679,1,100,0,-94.14097,100,0,103.6686,0,0,0.4626103,0.01721152,0.8863947,0.03123353,-0.9995074,0.003107067,0.8860115,0.02624787,-0.46292,-345.3144,112.1461,98.62764,94.70242,2.744911,-44.30128,104.5882,-0.03096018,-9.20747,-2.11587,-0.004787893,-0.4274314,-0.1399074
1179,0.016693,1,100,0,-102.4875,100,0,104.4874,0,0,0.4556894,0.005877109,0.8901196,0.01276508,-0.9999187,6.709015e-05,0.8900476,0.01133188,-0.4557274,-343.7312,112.1642,97.882,95.04955,1.130916,-45.39517,105.3395,-0.02930753,-13.06291,-2.054386,-0.003243139,-0.6052202,-0.1343217
1180,0.016678,1,100,0,-87.06032,100,0,105.2993,0,0,0.4460556,-0.005098828,0.8949908,-0.005510169,-0.9999806,-0.002950742,0.8949885,-0.003615355,-0.4460751,-342.1436,112.1548,97.11995,95.4754,-0.4690467,-46.27077,106.0979,-0.02481453,-16.16529,-2.399271,-0.000122241,-0.7482478,-0.1527573
1181,0.016807,1,100,0,-95.46382,100,0,106.0913,0,0,0.433925,-0.01578219,0.9008109,-0.02365365,-0.9997017,-0.006120681,0.9006388,-0.01865155,-0.4341689,-340.5364,112.1179,96.33847,95.98651,-2.061644,-46.92297,106.8617,-0.02048175,-19.27932,-2.656356,0.004117329,-0.8918782,-0.1638602
1182,0.016552,1,100,0,-103.7398,100,0,106.8601,0,0,0.4195792,-0.02573325,0.9073539,-0.04162302,-0.9990921,-0.009087665,0.906764,-0.03395382,-0.4202694,-338.9452,112.0542,95.55933,96.56714,-3.665898,-47.33135,107.6053,-0.01652319,-22.32866,-2.842177,0.009207087,-1.032732,-0.168643
1183,0.016687,1,100,0,-88.30434,100,0,107.58,0,0,0.4028714,-0.03475713,0.9145966,-0.0590824,-0.9981823,-0.01190836,0.913348,-0.04923902,-0.4041927,-337.3313,111.9629,94.76828,97.22649,-5.257528,-47.50339,108.3384,-0.01316249,-24.72556,-2.948175,0.01452081,-1.143713,-0.1672167
1184,0.016756,1,100,0,-96.68234,100,0,108.261,0,0,0.3841137,-0.04293566,0.9222869,-0.07642461,-0.9969687,-0.01458306,0.9201173,-0.06488387,-0.3862307,-335.6997,111.8432,93.97236,97.95393,-6.879435,-47.42994,109.05,-0.01060437,-27.17648,-2.980279,0.02018202,-1.257659,-0.1595142
1185,0.016617,1,100,0,-104.9908,100,0,108.8944,0,0,0.3635003,-0.05013246,0.9302441,-0.09358623,-0.9954646,-0.01707774,0.9268813,-0.08085028,-0.3665434,-334.0698,111.6962,93.18553,98.72752,-8.530225,-47.11228,109.7244,-0.008971654,-29.64359,-2.945131,0.0259791,-1.372937,-0.145962
1186,0.016679,1,100,0,-89.56277,100,0,109.4671,0,0,0.3409319,-0.05622513,0.9384052,-0.1104031,-0.993697,-0.01942744,0.9335827,-0.09697939,-0.3449905,-332.4211,111.5203,92.40236,99.54664,-10.19859,-46.54746,110.364,-0.008272816,-31.48914,-2.850166,0.03107285,-1.459978,-0.128189
1187,0.016683,1,100,0,-97.90427,100,0,109.9825,0,0,0.3167328,-0.06137489,0.9465272,-0.1271197,-0.9916487,-0.02176307,0.9399582,-0.1134292,-0.3218896,-330.7588,111.3149,91.62969,100.3928,-11.90644,-45.73655,110.9608,-0.002464265,-33.41588,-3.070022,0.03643527,-1.550777,-0.1291635
1188,0.016691,1,100,0,-106.2498,100,0,110.4377,0,0,0.290825,-0.06559965,0.9545247,-0.143751,-0.9893181,-0.02419272,0.9459156,-0.130178,-0.2971484,-329.0822,111.0792,90.87144,101.2505,-13.65326,-44.68329,111.5109,0.002247886,-35.42231,-3.21789,0.04156582,-1.645948,-0.1240724
1189,0.016678,1,100,0,-90.82262,100,0,110.8294,0,0,0.2633853,-0.06858076,0.9622499,-0.1602243,-0.9867257,-0.0264689,0.951292,-0.1472043,-0.2708773,-327.3932,110.8129,90.13256,102.1021,-15.44207,-43.39166,112.0096,0.005832782,-36.83218,-3.299704,0.04534573,-1.713963,-0.1149862
1190,0.01669,1,100,0,-99.16762,100,0,111.1559,0,0,0.2346532,-0.07029917,0.969534,-0.1765487,-0.9838762,-0.02860958,0.9559126,-0.1644567,-0.2432809,-325.6898,110.5145,89.41591,102.9329,-17.27319,-41.86404,112.4551,0.008320091,-38.36291,-3.32378,0.04846155,-1.788346,-0.1009363
1191,0.016773,1,100,0,-107.5541,100,0,111.4203,0,0,0.204437,-0.07065391,0.9763266,-0.1927868,-0.9807632,-0.03060656,0.9597076,-0.1819658,-0.2141254,-323.965,110.182,88.7225,103.7289,-19.15112,-40.10001,112.8471,0.009822926,-40.01171,-3.298254,0.0507508,-1.869073,-0.08233796
1192,0.016779,1,100,0,-92.03354,100,0,111.6207,0,0,0.1729726,-0.06963911,0.9824616,-0.2090277,-0.9773703,-0.03247672,0.9624904,-0.1997441,-0.1836147,-322.2276,109.8152,88.05956,104.4662,-21.08109,-38.1116,113.1816,0.01050713,-41.08669,-3.235433,0.05126607,-1.923665,-0.06228268
1193,0.016512,1,100,0,-100.2895,100,0,111.7563,0,0,0.1410559,-0.067441,0.987702,-0.2252352,-0.9737001,-0.0343186,0.96404,-0.2176244,-0.1525362,-320.5073,109.4196,87.44083,105.1127,-23.04888,-35.94307,113.4541,0.01586299,-42.28123,-3.396656,0.05133916,-1.983748,-0.05534731
1194,0.016684,1,100,0,-84.85683,100,0,111.8315,0,0,0.1079895,-0.06386023,0.9920989,-0.2412193,-0.9697965,-0.03616804,0.9644438,-0.2354076,-0.1201322,-318.7597,108.9856,86.85295,105.6845,-25.03556,-33.54869,113.6728,0.01745099,-42.95776,-3.384276,0.04939252,-2.020555,-0.03898612
1195,0.016896,1,100,0,-93.30483,100,0,111.8506,0,0,0.07397467,-0.05872763,0.9955295,-0.2573669,-0.9655729,-0.03783632,0.9634784,-0.2534174,-0.08654248,-316.9823,108.5092,86.29913,106.1554,-27.08147,-30.92902,113.8375,0.01805924,-43.82442,-3.329402,0.04628594,-2.067226,-0.01868613
1196,0.016459,1,100,0,-101.5343,100,0,111.818,0,0,0.04021657,-0.05234525,0.9978191,-0.2737408,-0.9609973,-0.03938062,0.9609628,-0.27156,-0.05297705,-315.2458,108.0071,85.80308,106.4759,-29.17128,-28.20335,113.9452,0.01782666,-44.82298,-3.243737,0.04210873,-2.121125,0.004596204
1197,0.016685,1,100,0,-86.10071,100,0,111.7352,0,0,0.005536855,-0.04428532,0.9990037,-0.2898015,-0.9562177,-0.04078245,0.9570711,-0.289287,-0.01812839,-313.4819,107.4622,85.3467,106.6824,-31.2514,-25.27256,114.0022,0.01698169,-45.31662,-3.133472,0.03597012,-2.15168,0.02699664
1198,0.016688,1,100,0,-94.44471,100,0,111.6014,0,0,-0.02937844,-0.03486654,0.9989601,-0.3061853,-0.9510363,-0.04219847,0.9515187,-0.3071066,0.01726434,-311.7173,106.8782,84.93974,106.7314,-33.3787,-22.18738,114.0088,0.02042796,-45.99618,-3.204167,0.02907572,-2.191041,0.03917328
1199,0.016673,1,100,0,-102.7812,100,0,111.4247,0,0,-0.06454164,-0.02401332,0.9976261,-0.3227209,-0.9454877,-0.04363682,0.9442911,-0.3247711,0.05327373,-309.9565,106.2558,84.58511,106.6159,-35.52449,-18.9648,113.9676,0.02277501,-46.8481,-3.23204,0.02084629,-2.239697,0.05501524
1200,0.01668,1,100,0,-87.35221,100,0,111.2035,0,0,-0.09982737,-0.0115546,0.9949377,-0.3394178,-0.9395602,-0.04496707,0.9353234,-0.3421885,0.089872,-308.2001,105.5939,84.28453,106.3252,-37.68121,-15.61202,113.88,0.02423432,-47.19238,-3.226013,0.01090197,-2.264874,0.07007307
1201,0.01671,1,100,0,-95.70721,100,0,110.9394,0,0,-0.1349816,0.00250373,0.990845,-0.3563386,-0.9332147,-0.04618548,0.9245555,-0.3593105,0.126859,-306.449,104.8911,84.03984,105.8475,-39.84538,-12.13605,113.7481,0.02201698,-47.73985,-3.076976,-0.0006246595,-2.301555,0.09484476
1202,0.01667,1,100,0,-104.0422,100,0,110.6392,0,0,-0.1698796,0.01825772,0.9852957,-0.3735536,-0.926405,-0.04723971,0.9119204,-0.3760858,0.1641975,-304.7141,104.15,83.85388,105.1712,-42.01073,-8.566571,113.5749,0.01970933,-48.46765,-2.926453,-0.01369138,-2.348063,0.1204353
1203,0.016686,1,100,0,-88.60767,100,0,110.3008,0,0,-0.2045303,0.03566383,0.9782104,-0.3910092,-0.9191217,-0.04824504,0.8973739,-0.3923568,0.2019331,-302.9928,103.3685,83.72752,104.2902,-44.16201,-4.902393,113.3612,0.01757605,-48.69589,-2.784632,-0.02798883,-2.37113,0.1417966
1204,0.016686,1,100,0,-96.95067,100,0,109.9246,0,0,-0.2385983,0.05461657,0.9695813,-0.408783,-0.9113013,-0.04926123,0.8808902,-0.408102,0.2397612,-301.2907,102.5474,83.6624,103.1939,-46.29664,-1.159053,113.1092,0.01634078,-49.131,-2.678447,-0.04355635,-2.405139,0.1615752
1205,0.016699,1,100,0,-105.3002,91.6505,0,109.5183,0,0,-0.2720741,0.0752414,0.9593302,-0.4268862,-0.9029081,-0.05025235,0.8624059,-0.4231972,0.2777774,-299.6106,101.6866,83.66023,101.8248,-48.38429,2.73552,112.7688,0.0147469,-49.60415,-2.560826,-0.06050955,-2.44223,0.1814837
1206,0.01681,1,100,0,-89.75092,83.2455,0,109.0503,0,0,-0.3048837,0.09760728,0.9473746,-0.4453475,-0.8938913,-0.05122463,0.84185,-0.4375285,0.316002,-297.9474,100.7822,83.72402,100.1705,-50.40968,6.779442,112.3442,0.01308075,-49.43961,-2.442188,-0.0778247,-2.448747,0.1960454
1207,0.016547,1,100,0,-98.02442,74.972,0,108.5265,0,0,-0.3358764,0.1211212,0.934086,-0.4642927,-0.884136,-0.05230504,0.8195238,-0.4512573,0.3531961,-296.3438,99.85391,83.85341,98.24126,-52.3716,10.84861,111.8563,0.009148516,-49.36681,-2.241426,-0.09572466,-2.461451,0.2151278
1208,0.016676,1,100,0,-106.3624,66.634,0,107.9758,0,0,-0.3657648,0.1462858,0.9191391,-0.4832962,-0.873836,-0.05324869,0.7953873,-0.4636929,0.3903179,-294.764,98.88567,84.05196,96.04625,-54.20348,15.01408,111.3028,0.006187132,-49.37517,-2.077213,-0.1144926,-2.47873,0.231003
1209,0.016772,1,100,0,-90.84832,58.248,0,107.388,0,0,-0.3942349,0.1730028,0.9025791,-0.5027512,-0.8627285,-0.0542309,0.7692986,-0.4751524,0.4270951,-293.2176,97.87905,84.3215,93.56499,-55.93229,19.23761,110.6929,-0.0007544243,-48.79134,-1.770319,-0.1323003,-2.468081,0.2497333
1210,0.016596,1,100,0,-99.14632,49.95,0,106.7721,0,0,-0.420443,0.200743,0.8848334,-0.5225921,-0.8507878,-0.05529907,0.7417045,-0.4856571,0.4626145,-291.7345,96.85204,84.65766,90.83463,-57.54158,23.42059,110.0477,-0.006945726,-48.34053,-1.485883,-0.1500185,-2.46478,0.2665988
1211,0.016673,1,100,0,-107.4828,41.6135,0,106.1526,0,0,-0.444897,0.2297012,0.8656237,-0.5423972,-0.8382312,-0.05633877,0.7126517,-0.4945768,0.4975158,-290.2939,95.79497,85.06495,87.8721,-58.97085,27.60387,109.3665,-0.01225402,-48.00587,-1.232767,-0.1678418,-2.467621,0.2806563
1212,0.016686,1,100,0,-92.04827,33.2705,0,105.5212,0,0,-0.4673097,0.2596724,0.8450987,-0.5623572,-0.8248928,-0.05749986,0.6821848,-0.5021176,0.531509,-288.9063,94.71364,85.54183,84.68343,-60.23344,31.74473,108.6604,-0.01631674,-47.11474,-1.023823,-0.1830921,-2.441827,0.2863713
1213,0.016684,1,100,0,-100.3903,24.9285,0,104.8866,0,0,-0.4874358,0.2903332,0.8234762,-0.5822928,-0.8108506,-0.05879162,0.650647,-0.5081614,0.5642965,-287.5759,93.61316,86.08717,81.30005,-61.3037,35.81802,107.9387,-0.01983714,-46.38287,-0.8325918,-0.1978473,-2.424216,0.2906761
1214,0.016683,1,100,0,-84.9585,16.587,0,104.2618,0,0,-0.5052051,0.3215214,0.8008694,-0.6020836,-0.7961622,-0.06017527,0.6182744,-0.5125912,0.595808,-286.3054,92.49778,86.6996,77.71478,-62.13579,39.76917,107.1542,-0.02107513,-45.13109,-0.7245035,-0.2091364,-2.378455,0.2848107
1215,0.016688,1,100,0,-69.52209,8.243002,0,103.5941,0,0,-0.5203425,0.3529013,0.7776275,-0.6216668,-0.7808546,-0.0616169,0.5854693,-0.5154871,0.6256989,-285.0965,91.37184,87.37756,74.01995,-62.75983,43.62916,106.4014,-0.03254026,-43.4143,-0.2264245,-0.2157574,-2.310149,0.2975886
1216,0.016679,1,100,0,-54.09402,0,0,102.987,0,0,-0.5325835,0.3842017,0.754151,-0.641021,-0.7649337,-0.06299585,0.5526724,-0.5169772,0.6536725,-283.9512,90.24044,88.11888,70.25276,-63.17419,47.3747,105.692,-0.04169593,-41.26699,0.2023465,-0.2177873,-2.217005,0.3024179
1217,0.016674,1,100,0,-45.75702,0,0,102.4539,0,0,-0.5420923,0.4148682,0.7307669,-0.6598799,-0.7485961,-0.06451733,0.520283,-0.5171927,0.6795713,-282.8692,89.10717,88.92137,66.49724,-63.41574,50.92532,105.0563,-0.04833661,-39.06585,0.550711,-0.2168714,-2.118463,0.3017934
1218,0.016683,1,100,0,-37.41552,0,0,102.0029,0,0,-0.5490124,0.44473,0.7076728,-0.6781592,-0.731933,-0.06613967,0.4885548,-0.5162263,0.703438,-281.8486,87.9745,89.78257,62.77899,-63.49078,54.28587,104.4951,-0.05191363,-36.8128,0.7869091,-0.2132906,-2.014221,0.2941538
1219,0.016684,1,100,0,-29.07352,0,0,101.6333,0,0,-0.5535005,0.4735876,0.6850927,-0.6957961,-0.7150258,-0.06786846,0.4577173,-0.51425,0.7252876,-280.8887,86.84597,90.69898,59.12284,-63.41242,57.45737,104.0096,-0.0527893,-34.5134,0.9147648,-0.2073021,-1.904506,0.2800605
1220,0.016911,1,100,0,-20.61802,0,0,101.3445,0,0,-0.5558707,0.5015308,0.6629291,-0.7127452,-0.6979609,-0.06960823,0.4277878,-0.5111927,0.7454396,-279.975,85.70985,91.68094,55.52344,-63.16953,60.48588,103.5943,-0.05117979,-32.13665,0.9313475,-0.1991015,-1.787514,0.2592909
1221,0.016466,1,100,0,-12.38502,0,0,101.1326,0,0,-0.5556377,0.5279547,0.6422857,-0.7292573,-0.6804922,-0.07151611,0.3993131,-0.5081286,0.7631218,-279.1442,84.61073,92.68546,52.06705,-62.86734,63.24976,103.2657,-0.06101322,-29.80317,1.537292,-0.1869166,-1.674572,0.2746757
1222,0.016658,1,100,0,-4.056021,0,0,101.003,0,0,-0.5535829,0.5532896,0.6224281,-0.7448792,-0.6631986,-0.07295863,0.3724262,-0.5040224,0.7792693,-278.3553,83.51202,93.74752,48.74879,-62.40065,65.87921,103.0066,-0.06823529,-27.40339,2.044278,-0.1728956,-1.554624,0.2845576
1223,0.016704,1,100,0,4.295979,0,0,100.9443,0,0,-0.549804,0.5772545,0.6037323,-0.7598752,-0.6457812,-0.07454014,0.3468504,-0.4997437,0.7936944,-277.6171,82.42271,94.85575,45.5446,-61.85627,68.34709,102.8194,-0.07151632,-24.96196,2.366037,-0.1576957,-1.428834,0.28422
1224,0.016683,1,100,0,12.63748,0,15.0147,100.9561,0,0,-0.5445561,0.5995609,0.5865027,-0.7740744,-0.6284882,-0.07623145,0.3229046,-0.495509,0.8063519,-276.9293,81.34841,96.00314,42.54396,-61.31714,70.64787,102.7663,-0.07238019,-22.24072,2.568151,-0.1398169,-1.283985,0.2763419
1225,0.016654,1,100,0,20.96448,0,30.0033,101.0879,0,0,-0.5379802,0.6200314,0.5710855,-0.7874558,-0.6114177,-0.07798743,0.3008171,-0.4916602,0.8171779,-276.2882,80.28942,97.18636,39.74428,-60.79107,72.80357,102.8374,-0.07121412,-19.26543,2.65317,-0.1197219,-1.121405,0.2613895
1226,0.016683,1,100,0,29.30598,0,45.018,101.3378,0,0,-0.5302124,0.6385825,0.557752,-0.8000519,-0.5946033,-0.07977405,0.2806988,-0.4885277,0.8261652,-275.6881,79.24163,98.4073,37.13445,-60.28863,74.83868,103.0268,-0.06847522,-16.04475,2.624907,-0.09779017,-0.9415406,0.2397165
1227,0.016707,1,100,0,37.65948,0,60.0543,101.7054,0,0,-0.5211929,0.6552368,0.5468298,-0.8120345,-0.5778894,-0.08151025,0.2625986,-0.4865272,0.8332667,-275.1264,78.20448,99.66372,34.70704,-59.83242,76.76374,103.3304,-0.07026098,-12.60407,3.047933,-0.07164682,-0.7487359,0.2452355
1228,0.016666,1,100,0,45.99248,0,75.0537,102.1888,0,0,-0.5108985,0.6699671,0.5386344,-0.823516,-0.561172,-0.08311075,0.2465851,-0.4860352,0.8384305,-274.6022,77.18069,100.9489,32.46412,-59.44648,78.57993,103.743,-0.07007711,-8.965829,3.355973,-0.0444956,-0.5412252,0.2441478
1229,0.016687,1,100,0,54.33598,0,90.072,102.7821,0,0,-0.4997831,0.6824594,0.5333537,-0.8342971,-0.544767,-0.08472089,0.2327349,-0.4873175,0.8416392,-274.1102,76.16515,102.2658,30.40123,-59.14415,80.30163,104.2623,-0.06841389,-5.128812,3.551404,-0.01673994,-0.318908,0.2364762
1230,0.01668,1,100,0,62.67598,0,100,103.4824,0,0,-0.4879134,0.6926399,0.531216,-0.8444501,-0.5286283,-0.08634797,0.2210078,-0.4907157,0.8428247,-273.6487,75.15764,103.6106,28.50141,-58.93412,81.92094,104.8647,-0.065795,-1.199391,3.638342,0.01054453,-0.08815052,0.2227686
1231,0.016844,1,100,0,71.09798,0,100,104.2639,0,0,-0.4753776,0.7004707,0.5323128,-0.8540205,-0.5127519,-0.08794542,0.2113412,-0.4964134,0.8419672,-273.2102,74.14644,104.9957,26.74242,-58.80108,83.43362,105.5173,-0.06273685,2.687231,3.621578,0.03613608,0.1428627,0.2036933
1232,0.016522,1,100,0,79.35898,0,100,105.0898,0,0,-0.4622781,0.7059616,0.5365794,-0.8630697,-0.497081,-0.0895638,0.2034948,-0.5045088,0.8390837,-272.8059,73.1582,106.3786,25.14004,-58.80572,84.7805,106.1973,-0.05985547,6.419047,3.507807,0.0590504,0.3671974,0.1799175
1233,0.016689,1,100,0,87.70348,0,100,105.9218,0,0,-0.4489175,0.7089257,0.5439646,-0.8714594,-0.4819314,-0.09110852,0.1975644,-0.5149432,0.8341473,-272.4194,72.16211,107.7977,23.70643,-58.93675,85.99943,106.9179,-0.05816815,10.12372,3.163963,0.07894649,0.5927536,0.1427649
1234,0.016803,1,100,0,96.10497,0,100,106.7688,0,0,-0.4348903,0.7095208,0.5544824,-0.8795313,-0.466749,-0.09257543,0.1931199,-0.5279447,0.8270303,-272.0507,71.15808,109.2464,22.41445,-59.24298,87.06577,107.6689,-0.05217769,13.78287,3.517643,0.1018604,0.8143092,0.1472078
1235,0.016556,1,100,0,104.383,0,100,107.6117,0,0,-0.4200623,0.7079227,0.5677968,-0.88741,-0.451339,-0.09379125,0.1898718,-0.5432667,0.8178082,-271.7055,70.16446,110.6907,21.26965,-59.74737,87.93985,108.4231,-0.04642077,17.32637,3.76046,0.1217643,1.031136,0.145328
1236,0.016688,1,100,0,88.94657,0,100,108.4152,0,0,-0.405055,0.7036596,0.5837755,-0.8947787,-0.436298,-0.09494971,0.1878878,-0.5608097,0.8063443,-271.3724,69.15541,112.1604,20.27949,-60.45105,88.63329,109.1854,-0.04119066,20.17991,3.901311,0.1354489,1.207962,0.1400275
1237,0.01668,1,100,0,97.28658,0,100,109.1807,0,0,-0.3897614,0.6970232,0.6018679,-0.9018074,-0.4213268,-0.0960595,0.1866274,-0.5802091,0.7927976,-271.0529,68.13535,113.6401,19.41225,-61.37681,89.11784,109.9361,-0.03697969,23.03718,3.94567,0.1468258,1.386557,0.128734
1238,0.016676,1,100,0,105.6246,0,100,109.8867,0,0,-0.3743025,0.6877967,0.6219593,-0.9084647,-0.4065051,-0.0971892,0.1859832,-0.6014062,0.7769949,-270.7449,67.10027,115.1266,18.66092,-62.52201,89.3803,110.662,-0.03535875,25.89827,3.816364,0.1550696,1.567155,0.1070634
1239,0.01668,1,100,0,90.19557,0,100,110.5198,0,0,-0.3587103,0.6759468,0.6437569,-0.9147798,-0.3918018,-0.09833482,0.185756,-0.6241695,0.7588859,-270.4464,66.04588,116.6167,18.00982,-63.88614,89.40428,111.3504,-0.0351314,28.09613,3.616591,0.1576914,1.708323,0.08413956
1240,0.016688,1,100,0,98.53957,0,100,111.0689,0,0,-0.3428186,0.6616966,0.6668082,-0.9208779,-0.3769793,-0.09935122,0.1856325,-0.6481084,0.7385772,-270.1558,64.96814,118.1068,17.44163,-65.46345,89.17384,111.9895,-0.02517127,30.34532,3.930839,0.1633763,1.851213,0.09037459
1241,0.016676,1,100,0,106.8776,0,100,111.5269,0,0,-0.3265057,0.6449481,0.6909676,-0.9268298,-0.3618681,-0.1001915,0.1854208,-0.6731225,0.7159091,-269.8725,63.86468,119.5907,16.93572,-67.23942,88.67671,112.5678,-0.01688027,32.64325,4.144619,0.1667289,1.998357,0.09053789
1242,0.016679,1,100,0,91.44949,0,100,111.8851,0,0,-0.3101646,0.6255072,0.7159182,-0.932503,-0.3467388,-0.1010476,0.1850307,-0.6989372,0.6908334,-269.5954,62.73119,121.0652,16.47506,-69.19929,87.89919,113.0762,-0.0104367,34.32048,4.263006,0.1651238,2.108123,0.08801296
1243,0.016705,1,100,0,99.80199,0,100,112.138,0,0,-0.2938595,0.6034905,0.7412462,-0.9379239,-0.3315311,-0.1019122,0.1842431,-0.7251804,0.6634517,-269.3236,61.56295,122.5277,16.04046,-71.32694,86.82811,113.5075,-0.006292208,36.09599,4.27931,0.1615692,2.224861,0.07967995
1244,0.01669,1,100,0,108.147,0,100,112.2865,0,0,-0.2776448,0.5787693,0.7667721,-0.9431082,-0.3161826,-0.1028367,0.1829213,-0.7517011,0.6336286,-269.0576,60.36004,123.9695,15.60859,-73.59453,85.45766,113.8543,-0.003790492,37.95514,4.228594,0.1562021,2.347551,0.06787199
1245,0.016827,1,100,0,92.58202,0,100,112.3246,0,0,-0.2615035,0.551076,0.792421,-0.9480734,-0.3006379,-0.1037961,0.1810323,-0.7784163,0.6010783,-268.7951,59.10883,125.3984,15.17083,-75.99359,83.76556,114.1133,-0.002830105,39.23087,4.118741,0.1470143,2.434492,0.05609995
1246,0.01652,1,100,0,100.842,0,100,112.2507,0,0,-0.2455954,0.5215067,0.8171376,-0.9528781,-0.2847199,-0.1046815,0.1780633,-0.8043417,0.5668582,-268.5431,57.84099,126.772,14.67717,-78.448,81.78897,114.2757,0.005864501,40.59879,4.300841,0.1397998,2.526361,0.06065433
1247,0.016682,1,100,0,85.41116,0,100,112.0752,0,0,-0.2299064,0.4891901,0.8413299,-0.9574569,-0.2686182,-0.1054522,0.1744103,-0.8297812,0.5301355,-268.2954,56.51973,128.1244,14.16651,-80.97141,79.48581,114.3462,0.01227948,41.42847,4.395203,0.1294271,2.585028,0.06353863
1248,0.016766,1,100,0,93.79417,0,100,111.7976,0,0,-0.2145872,0.4544906,0.8645176,-0.9618621,-0.2520616,-0.1062369,0.1696281,-0.8543438,0.4912465,-268.054,55.14956,129.4434,13.58238,-83.53448,76.85884,114.3231,0.01806504,42.42135,4.467302,0.1185013,2.654232,0.06578344
1249,0.016592,1,100,0,102.0902,0,100,111.4277,0,0,-0.1998752,0.4178309,0.8862658,-0.9660648,-0.2350738,-0.1070461,0.1636107,-0.8775861,0.4506372,-267.8231,53.75159,130.7038,12.90255,-86.06864,73.95653,114.2097,0.02197142,43.54458,4.479797,0.1067363,2.732056,0.06593972
1250,0.016708,1,100,0,86.63526,0,100,110.9712,0,0,-0.1858308,0.3786157,0.9067068,-0.9700134,-0.2178117,-0.1078535,0.1566563,-0.8995603,0.4077385,-267.6006,52.30187,131.9231,12.15221,-88.57288,70.74277,114.006,0.02440341,44.13853,4.443005,0.09325128,2.776641,0.06696452
1251,0.016662,1,100,0,94.96626,0,100,110.4249,0,0,-0.1725488,0.3375759,0.9253483,-0.9737633,-0.199962,-0.1086286,0.1483641,-0.919814,0.3632222,-267.3896,50.81507,133.0842,11.28562,-91.00196,67.25175,113.7168,0.0281982,44.90225,4.453103,0.08033343,2.831831,0.07148811
1252,0.016698,1,100,0,103.3153,0,100,109.8066,0,0,-0.1601343,0.2943877,0.9421746,-0.9772719,-0.181607,-0.1093554,0.1389126,-0.9382724,0.3167784,-267.1906,49.28523,134.1882,10.31257,-93.33014,63.4843,113.3451,0.03006232,45.82648,4.403384,0.06715576,2.897351,0.0743674
1253,0.017025,1,100,0,87.56714,0,100,109.1121,0,0,-0.1486187,0.2483677,0.957197,-0.9805335,-0.1626148,-0.1100477,0.1283221,-0.9549189,0.2677005,-267.0029,47.68633,135.2481,9.228564,-95.55876,59.38258,112.8846,0.03032544,46.22672,4.303119,0.05332089,2.929609,0.07830334
1254,0.016347,1,100,0,95.74064,0,91.8265,108.3318,0,0,-0.1385779,0.2027598,0.9693733,-0.9835556,-0.1426502,-0.1107678,0.115822,-0.9687825,0.2191937,-266.7468,45.96873,135.6086,10.46293,-95.49707,30.48734,112.3161,-0.3686513,33.61153,7.253789,0.01931434,2.124364,0.2598283
1255,0.01683,1,100,0,104.1556,0,83.4115,100.4104,0,0,-0.128286,0.1681975,0.97737,-0.9865637,-0.1221755,-0.1084673,0.1011667,-0.9781526,0.1816109,-266.5448,44.33354,136.032,9.346813,-94.92104,21.97986,101.5196,-0.7347968,31.11694,7.903966,-0.01219736,1.969316,0.3036634
1256,0.016887,1,100,0,88.53516,0,74.968,97.78462,0,0,-0.121706,0.1354212,0.9832847,-0.9888157,-0.1025812,-0.1082627,0.0862055,-0.9854636,0.1463913,-266.3639,42.71068,136.3445,7.571424,-93.096,18.48953,98.71345,-1.128902,30.3563,8.047982,-0.04536943,1.925463,0.3194198
1257,0.016546,1,100,0,96.80817,0,66.695,95.10211,0,0,-0.1170175,0.1035758,0.9877141,-0.9906042,-0.08305874,-0.10865,0.07078478,-0.9911476,0.112322,-266.2206,41.16354,136.6397,5.666101,-90.85316,16.59278,96.03688,-1.529798,30.47108,7.846547,-0.07876597,1.937795,0.3182792
1258,0.016668,1,100,0,105.1422,0,58.361,92.31371,0,0,-0.1134965,0.07101009,0.9909975,-0.9919748,-0.06403478,-0.10902,0.05571679,-0.995418,0.07770795,-266.1073,39.64474,136.9139,4.041757,-91.93701,15.56771,93.33329,-1.448144,31.75388,7.798688,-0.0803139,2.024219,0.3244695
1259,0.016773,1,100,0,89.62714,0,49.9745,92.95068,0,0,-0.1110016,0.03684305,0.9931372,-0.9930108,-0.04444021,-0.1093389,0.04010685,-0.9983327,0.04151848,-266.0202,38.09801,137.1704,2.40568,-92.94937,14.13152,94.04825,-1.370221,32.37201,7.733961,-0.08179299,2.067841,0.3320549
1260,0.016606,1,100,0,97.93015,0,41.6715,93.4776,0,0,-0.1097635,0.002151082,0.9939556,-0.9936764,-0.02403669,-0.1096806,0.02365546,-0.9997091,0.00477583,-265.9601,36.54992,137.3986,0.6997468,-93.84866,12.32576,94.65719,-1.297141,33.03656,7.661801,-0.0828262,2.114109,0.3406206
1261,0.016703,1,100,0,106.2816,0,33.32,93.89678,0,0,-0.1096904,-0.03357141,0.9933988,-0.9939422,-0.003201997,-0.1098586,0.006868968,-0.9994314,-0.03301682,-265.9279,34.97783,137.596,-1.042259,-94.61832,10.1671,95.1687,-1.227208,33.75288,7.590554,-0.08324151,2.16321,0.350392
1262,0.016727,1,100,0,90.80917,0,24.9565,94.22168,0,0,-0.1110049,-0.069895,0.9913591,-0.9937642,0.01838171,-0.1099782,-0.01053595,-0.9973853,-0.07149961,-265.9245,33.39078,137.756,-2.846846,-95.2281,7.689435,95.58045,-1.160419,33.84279,7.52925,-0.08285584,2.171638,0.361779
1263,0.016602,1,100,0,99.11018,0,16.6555,94.4593,0,0,-0.1138664,-0.1059691,0.9878286,-0.9930897,0.04058171,-0.1101195,-0.02841851,-0.9935413,-0.1098577,-265.9505,31.80574,137.8722,-4.697811,-95.65105,4.951782,95.89429,-1.103743,34.03063,7.211826,-0.08144493,2.185546,0.3620479
1264,0.016676,1,100,0,83.68488,0,8.317499,94.62279,0,0,-0.1182346,-0.1419649,0.982785,-0.9919031,0.06308886,-0.1102182,-0.04635567,-0.9878591,-0.1482747,-266.0075,30.20708,137.942,-6.559707,-95.85095,1.972217,96.09539,-1.049683,33.63882,6.90386,-0.07878437,2.161445,0.3625532
1265,0.01665,1,100,0,68.28362,0,0,94.69889,0,0,-0.124093,-0.1769552,0.9763646,-0.9901676,0.08611184,-0.1102405,-0.06456893,-0.9804446,-0.1859012,-266.0953,28.60782,137.961,-8.445589,-95.86543,-1.201283,96.24424,-0.9981423,32.71701,6.618035,-0.07499307,2.102603,0.3632331
1266,0.016713,1,100,0,59.92712,0,0,94.75938,0,0,-0.1312819,-0.2106041,0.9687163,-0.987885,0.1093662,-0.1101028,-0.08275673,-0.9714348,-0.2224104,-266.2155,27.00253,137.9264,-10.33432,-95.70347,-4.478693,96.36395,-0.9484618,31.63289,6.363647,-0.07025665,2.032661,0.3643007
1267,0.016712,1,100,0,51.57113,0,0,94.82101,0,0,-0.1397657,-0.2425297,0.9600235,-0.9850276,0.1328781,-0.1098371,-0.1009274,-0.9610011,-0.2574703,-266.3676,25.4003,137.8367,-12.22515,-95.36763,-7.811852,96.46483,-0.9007733,30.40392,6.140795,-0.06483467,1.952856,0.3655363
1268,0.016665,1,100,0,43.23862,0,0,94.89357,0,0,-0.1493814,-0.272449,0.9505035,-0.9816065,0.1564437,-0.1094271,-0.118887,-0.9493667,-0.2908075,-266.5512,23.80839,137.6915,-14.09765,-94.86858,-11.1562,96.55699,-0.8551202,29.0469,5.950016,-0.05904194,1.864409,0.3666842
1269,0.016632,1,100,0,34.92262,0,0,94.9854,0,0,-0.1600591,-0.3002178,0.940346,-0.9776283,0.1799167,-0.1089642,-0.136471,-0.9367496,-0.3222987,-266.7665,22.22822,137.4909,-15.93301,-94.22109,-14.4823,96.64995,-0.8211186,27.58374,5.316617,-0.05141041,1.767454,0.3446318
1270,0.016888,1,100,0,26.47862,0,0,95.10358,0,0,-0.1717415,-0.3261502,0.9295864,-0.9731037,0.2032284,-0.1084775,-0.1535384,-0.9232141,-0.3522807,-267.0182,20.63521,137.2308,-17.71603,-93.43452,-17.81577,96.75365,-0.7876253,25.98193,4.714309,-0.0436067,1.66122,0.3216797
1271,0.016465,1,100,0,18.24612,0,0,95.25632,0,0,-0.1842723,-0.349028,0.9188163,-0.9679482,0.2267472,-0.1079921,-0.1706468,-0.9092666,-0.3796242,-267.2932,19.0951,136.9229,-19.49433,-92.5341,-21.01286,96.87172,-0.755458,24.32442,4.176321,-0.03610947,1.551256,0.2998009
1272,0.016685,1,100,0,9.903623,0,0,95.4418,0,0,-0.1968848,-0.3699573,0.9079472,-0.9624949,0.2492415,-0.1071558,-0.1866551,-0.8949919,-0.4051539,-267.6041,17.55011,136.5575,-21.15798,-91.54431,-24.15942,97.01392,-0.7234167,22.54881,3.690506,-0.02934507,1.433965,0.277764
1273,0.01687,1,100,0,1.468623,0,0,95.66894,0,0,-0.2097685,-0.3887286,0.8971552,-0.9565704,0.2715448,-0.106003,-0.2024114,-0.8804283,-0.4288079,-267.9494,16.00552,136.135,-22.78916,-90.46443,-27.23843,97.18586,-0.6824141,20.65178,3.836982,-0.02647443,1.311768,0.2850759
1274,0.016498,1,100,0,-6.780376,0,0,95.94028,0,0,-0.2225748,-0.4047076,0.8869455,-0.9502216,0.2935204,-0.1045222,-0.2180357,-0.8660588,-0.4498922,-268.3159,14.51321,135.6717,-24.39747,-89.3323,-30.14052,97.38556,-0.6440001,18.72455,4.033274,-0.02496939,1.188461,0.2934525
1275,0.016677,1,100,0,-15.11888,15.0093,0,96.24652,0,0,-0.2350042,-0.4185931,0.8772417,-0.9437102,0.3143974,-0.1027896,-0.2327755,-0.8520179,-0.4689153,-268.7165,13.02423,135.1552,-25.92451,-88.23316,-32.91587,97.67612,-0.6067093,16.46309,4.287323,-0.02564602,1.045378,0.3017897
1276,0.016721,1,100,0,-23.47938,30.0582,0,96.64558,0,0,-0.2474376,-0.4298407,0.8683384,-0.9367632,0.335048,-0.1010818,-0.247486,-0.8384389,-0.4855624,-269.1474,11.55057,134.5913,-27.44792,-87.16189,-35.55445,98.05459,-0.5778316,13.91809,4.002699,-0.02513403,0.8829044,0.2798082
1277,0.016647,1,100,0,-31.80288,45.0405,0,97.1368,0,0,-0.2597149,-0.4381576,0.8605615,-0.9294049,0.3553826,-0.09954742,-0.2622111,-0.825664,-0.4995239,-269.6056,10.10224,133.9864,-28.96138,-86.13834,-38.03894,98.51668,-0.5497475,11.11925,3.783994,-0.02690641,0.7060131,0.2582684
1278,0.016714,1,100,0,-40.15987,60.0831,0,97.71667,0,0,-0.271253,-0.443687,0.8541452,-0.9218081,0.37508,-0.09790502,-0.2769336,-0.813915,-0.5107359,-270.095,8.66641,133.3378,-30.45989,-85.17673,-40.38657,99.06541,-0.5235252,8.062113,3.473541,-0.03016956,0.5139364,0.2288814
1279,0.016653,1,100,0,-48.48637,75.07079,0,98.38885,0,0,-0.2819994,-0.4462118,0.8493358,-0.9138941,0.3943798,-0.09624068,-0.2920171,-0.8033428,-0.5190052,-270.6121,7.253314,132.6528,-31.97397,-84.28417,-42.57942,99.69535,-0.4980177,4.786492,3.229616,-0.03577431,0.3102293,0.2000955
1280,0.016715,1,100,0,-56.84387,90.1143,0,99.14496,0,0,-0.2915598,-0.4458103,0.8463132,-0.9057882,0.4130681,-0.09445846,-0.3074744,-0.7941207,-0.5242437,-271.1611,5.851576,131.929,-33.50069,-83.47605,-44.62673,100.4096,-0.4732154,1.280224,3.051726,-0.04369956,0.09444923,0.1718162
1281,0.016677,1,100,0,-65.18237,100,0,99.98595,0,0,-0.2998326,-0.4423902,0.8452168,-0.8974247,0.4313431,-0.09258592,-0.3236193,-0.7862787,-0.5263426,-271.7393,4.468534,131.173,-35.06205,-82.73841,-46.50991,101.1838,-0.4494897,-2.335232,2.93968,-0.05338945,-0.1257322,0.1447611
1282,0.016704,1,100,0,-73.53437,100,0,100.8824,0,0,-0.3065899,-0.4360584,0.8460825,-0.8888575,0.4491343,-0.09061283,-0.3404922,-0.7798277,-0.5252938,-272.3492,3.097933,130.3849,-36.65022,-82.05435,-48.21385,101.984,-0.4269729,-5.902071,2.891257,-0.0640135,-0.3405959,0.1198054
1283,0.016673,1,100,0,-81.87087,100,0,101.7938,0,0,-0.3120063,-0.4267878,0.8488253,-0.8799341,0.4667289,-0.08877067,-0.358285,-0.7746074,-0.5211675,-272.9894,1.743807,129.5706,-38.28956,-81.43102,-49.71305,102.8032,-0.4017616,-9.393775,1.924615,-0.06909899,-0.5547636,0.04470241
1284,0.016841,1,100,0,-90.29137,100,0,102.7045,0,0,-0.3159441,-0.4145342,0.8534289,-0.8706396,0.484139,-0.08715577,-0.3770492,-0.7705653,-0.5138707,-273.6686,0.3891428,128.7236,-39.99067,-80.8814,-51.00208,103.6449,-0.380018,-12.88919,1.668977,-0.07875019,-0.7627069,0.005881265
1285,0.016525,1,100,0,-98.55387,100,0,103.6113,0,0,-0.3178341,-0.4000058,0.8596377,-0.8610949,0.5012681,-0.08512329,-0.3968592,-0.7672847,-0.503763,-274.3815,-0.9465933,127.8756,-44.10336,-83.81727,-51.40295,107.7623,-0.3599022,-16.27208,1.491996,-0.08829518,-0.9613447,-0.02947223
1286,0.016744,1,100,0,-106.9259,100,0,107.7094,0,0,-0.3176439,-0.3828495,0.867484,-0.8512635,0.5181264,-0.08303814,-0.4176752,-0.764834,-0.4904855,-275.1744,-2.346849,127.0092,-48.07496,-86.75183,-51.84908,111.917,-0.3405666,-19.72248,1.381439,-0.09780627,-1.16144,-0.06322501
1287,0.016777,1,100,0,-91.40715,100,0,111.8617,0,0,-0.3157434,-0.3631303,0.8766086,-0.8403954,0.5359333,-0.08069238,-0.4405019,-0.7621759,-0.4743904,-276.0477,-3.789967,126.1326,-52.28082,-89.44749,-52.30538,116.0603,-0.3229474,-22.52337,1.335116,-0.1045727,-1.320021,-0.09045295
1288,0.016552,1,100,0,-99.68315,100,0,116.0177,0,0,-0.312158,-0.3415795,0.8864993,-0.8285002,0.55452,-0.07807152,-0.4649139,-0.7588355,-0.4560965,-276.9915,-5.247783,125.2596,-56.69738,-91.86352,-52.70041,120.1284,-0.3074315,-25.35402,1.3506,-0.1108121,-1.477354,-0.1158171
1289,0.016676,1,100,0,-108.0211,100,0,120.1052,0,0,-0.3064717,-0.3179039,0.8972247,-0.8156749,0.5735776,-0.07538667,-0.4906622,-0.7549475,-0.4350916,-278.028,-6.746608,124.3732,-61.36184,-94.09012,-52.98228,124.1988,-0.2937646,-28.27118,1.423093,-0.1161731,-1.636619,-0.1399404
1290,0.016678,1,100,0,-92.594,100,0,124.1932,0,0,-0.2988123,-0.2923063,0.9084429,-0.8014861,0.5935861,-0.07263514,-0.5180074,-0.7498085,-0.4116503,-279.1556,-8.268469,123.4818,-66.16944,-95.82623,-53.14078,128.0039,-0.2728806,-30.56853,1.049925,-0.115614,-1.760257,-0.1843937
1291,0.01679,1,100,0,-100.989,100,0,128.003,0,0,-0.289103,-0.2649525,0.919902,-0.785857,0.6144332,-0.07000524,-0.5466703,-0.7431501,-0.3858492,-280.3835,-9.815269,122.582,-71.12342,-97.09892,-53.10347,131.555,-0.2539232,-32.98731,0.7578783,-0.1142358,-1.88739,-0.2261764
1292,0.016624,1,100,0,-85.6118,100,0,131.5301,0,0,-0.2772488,-0.2366499,0.9311982,-0.7686616,0.6361166,-0.06719689,-0.5764484,-0.7344065,-0.3582662,-281.6945,-11.35098,121.6923,-76.20369,-97.8253,-52.81917,134.7838,-0.2360205,-34.80623,0.4843255,-0.1096867,-1.976982,-0.2623961
1293,0.016689,1,100,0,-93.9563,100,0,134.6944,0,0,-0.2630034,-0.2075498,0.9422061,-0.7500827,0.6582025,-0.06438564,-0.6067991,-0.7236661,-0.3287891,-283.1042,-12.88997,120.8051,-81.37254,-98.07023,-52.23362,137.7229,-0.2205062,-36.76496,0.2981788,-0.10419,-2.071118,-0.2948796
1294,0.016737,1,100,0,-102.3248,100,0,137.5207,0,0,-0.2462542,-0.1776986,0.9527761,-0.7297667,0.6809139,-0.06162065,-0.6378085,-0.7104785,-0.2973564,-284.6142,-14.42,119.9265,-86.63911,-97.77187,-51.31408,140.3524,-0.1985229,-38.83394,-0.1843478,-0.09586319,-2.170761,-0.3442171
1295,0.016768,1,100,0,-86.8144,100,0,139.9826,0,0,-0.2269315,-0.1474067,0.9626908,-0.7076157,0.7041313,-0.05898742,-0.6691656,-0.6946012,-0.2640969,-286.2235,-15.92969,119.0634,-91.95934,-96.90419,-50.02907,142.6529,-0.1794092,-40.33496,-0.5587772,-0.08495393,-2.234674,-0.3819389
1296,0.016627,1,100,0,-95.1279,100,0,142.0583,0,0,-0.2050991,-0.117735,0.9716342,-0.6837314,0.7275693,-0.05616552,-0.7003186,-0.6758563,-0.2297229,-287.9145,-17.39318,118.2308,-97.25547,-95.436,-48.37516,144.5919,-0.1633715,-41.96259,-0.8329297,-0.07325281,-2.301909,-0.4137793
1297,0.01663,1,100,0,-103.4429,100,0,143.7237,0,0,-0.1804256,-0.08870747,0.9795805,-0.6584495,0.7507362,-0.05329347,-0.730679,-0.6546198,-0.1938614,-289.6958,-18.81676,117.4277,-102.4338,-93.42959,-46.3311,146.1792,-0.1571,-43.72222,-0.7426732,-0.06112341,-2.370599,-0.4243493
1298,0.016928,1,100,0,-87.7845,100,0,144.9889,0,0,-0.1524684,-0.06021789,0.9864722,-0.6316853,0.7735844,-0.05041039,-0.7600839,-0.6308259,-0.155986,-291.5958,-20.21748,116.6477,-107.4681,-90.89306,-43.84781,147.4231,-0.1434283,-44.92547,-0.9400271,-0.04581015,-2.409394,-0.4438375
1299,0.016541,1,100,0,-96.055,100,0,145.8621,0,0,-0.1225592,-0.03393405,0.9918809,-0.6030871,0.796273,-0.04727694,-0.7882037,-0.6039848,-0.1180557,-293.5396,-21.52337,115.9285,-112.4062,-87.90146,-41.00846,148.4706,-0.1328889,-46.24371,-1.04895,-0.03037994,-2.45128,-0.4563543
1300,0.016739,1,100,0,-104.4245,100,0,146.5314,0,0,-0.08981228,-0.00894976,0.9959185,-0.574073,0.8175983,-0.04442281,-0.8138637,-0.5757196,-0.07856818,-295.5809,-22.78941,115.2514,-117.1382,-84.71134,-37.72671,149.4011,-0.1244077,-47.71174,-1.096065,-0.01408882,-2.499726,-0.4636317
1301,0.016757,1,100,0,-88.92427,100,0,147.0686,0,0,-0.0545154,0.01386418,0.9984167,-0.5438971,0.8381332,-0.04133625,-0.8373792,-0.5452894,-0.03815047,-297.7007,-23.98937,114.6312,-121.709,-81.15661,-34.06727,150.2001,-0.1220654,-48.63409,-0.9435152,0.002112227,-2.516879,-0.4512327
1302,0.016491,1,100,0,-97.16977,100,0,147.4701,0,0,-0.0176545,0.03368473,0.9992765,-0.5131196,0.8574767,-0.03797021,-0.8581353,-0.5134188,0.002145969,-299.8567,-25.10016,114.0833,-125.995,-77.30222,-30.12613,150.8574,-0.1186327,-49.69509,-0.8498415,0.01769437,-2.541547,-0.4400398
1303,0.016732,1,100,0,-105.5358,91.634,0,147.7445,0,0,0.02138246,0.05161762,0.9984381,-0.4825256,0.8751858,-0.03491196,-0.875621,-0.4810255,0.04362045,-302.1031,-26.1632,113.5969,-129.8815,-73.29797,-25.70381,151.3357,-0.1184199,-50.71576,-0.6576828,0.03291759,-2.564135,-0.419623
1304,0.016912,1,100,0,-89.89217,83.178,0,147.864,0,0,0.06231269,0.06695531,0.9958082,-0.4514479,0.8917339,-0.0317083,-0.890119,-0.4475797,0.08579317,-304.4299,-27.16406,113.1833,-133.3902,-69.02785,-20.84916,151.6327,-0.119033,-51.00452,-0.4530391,0.04635943,-2.550411,-0.3899167
1305,0.016451,1,100,0,-98.11767,74.9525,0,147.8399,0,0,0.1031238,0.07863809,0.9915552,-0.4202687,0.9069608,-0.02822028,-0.9015209,-0.4138094,0.1265784,-306.7427,-28.05944,112.8625,-136.4363,-64.53304,-15.806,151.7538,-0.1195782,-51.28587,-0.2645405,0.05732203,-2.537977,-0.3589064
1306,0.016757,1,100,0,-106.4962,66.574,0,147.7039,0,0,0.1449066,0.08844389,0.9854845,-0.3903674,0.9203144,-0.0251951,-0.909184,-0.3810501,0.1678852,-309.127,-28.90168,112.6219,-137.9848,-58.74879,-10.63936,150.3477,-0.1213787,-51.57452,-0.04212984,0.0669557,-2.528316,-0.3246675
1307,0.016656,1,100,0,-91.08937,58.246,0,146.0536,0,0,0.1866816,0.09530814,0.9777866,-0.3606191,0.9324529,-0.02203896,-0.9138404,-0.3484943,0.2084417,-311.5044,-29.66138,112.471,-138.7036,-53.75066,-5.265736,148.8474,-0.1232388,-51.18541,0.2252254,0.07324544,-2.487161,-0.2822482
1308,0.016743,1,100,0,-99.46087,49.8745,0,144.3871,0,0,0.228146,0.09991697,0.9684865,-0.3320786,0.9430591,-0.01906603,-0.915245,-0.3172638,0.2483355,-313.8923,-30.35438,112.4111,-138.894,-48.92787,0.2901151,147.2602,-0.1242161,-50.84152,0.4546522,0.07761366,-2.451301,-0.2425644
1309,0.016964,1,100,0,-107.9429,41.3925,0,142.7172,0,0,0.2694721,0.1025901,0.9575281,-0.304493,0.9523743,-0.01634608,-0.9136021,-0.2871557,0.2878763,-316.3023,-30.98747,112.4461,-138.5748,-44.26303,6.005101,145.5962,-0.1240009,-50.54273,0.6344565,0.08033184,-2.420315,-0.2064157
1310,0.016405,1,100,0,-92.76825,33.19,0,141.0414,0,0,0.308769,0.1026892,0.9455774,-0.2777359,0.9605608,-0.01362444,-0.9096836,-0.258414,0.3251119,-318.6188,-31.5297,112.5733,-137.8688,-39.78805,11.54881,143.9593,-0.1265108,-49.6618,0.9114064,0.0795641,-2.363281,-0.1621922
1311,0.016663,1,100,0,-77.35497,24.8585,0,139.4535,0,0,0.3470881,0.1016306,0.9323095,-0.2529854,0.9674044,-0.01127272,-0.903066,-0.231948,0.3614857,-320.9467,-32.028,112.7954,-136.5672,-35.62867,17.11533,142.1722,-0.1276463,-48.20558,1.136626,0.07670412,-2.282019,-0.1208636
1312,0.016852,1,100,0,-61.76687,16.4325,0,137.7801,0,0,0.3839609,0.09894317,0.9180329,-0.2290422,0.9733739,-0.009112388,-0.8944909,-0.2067694,0.3963997,-323.2708,-32.474,113.1142,-134.9092,-31.66778,22.67098,140.4183,-0.1272378,-46.21151,1.30308,0.07158302,-2.177768,-0.08310009
1313,0.016535,1,100,0,-53.49937,8.164996,0,136.2097,0,0,0.4180348,0.09464508,0.9034873,-0.2060824,0.9785086,-0.007151641,-0.884747,-0.1832032,0.4285553,-325.5174,-32.85666,113.5179,-133.0479,-27.96049,28.0107,138.8096,-0.1250111,-43.99999,1.396394,0.06499147,-2.065687,-0.05179853
1314,0.016646,1,100,0,-45.17637,0,0,134.8403,0,0,0.4499283,0.08951922,0.8885668,-0.1847049,0.9827788,-0.005484797,-0.8737556,-0.1616549,0.4587146,-327.7407,-33.19722,114.0126,-130.884,-24.56505,33.20442,137.2464,-0.1263784,-41.54493,1.650017,0.05742057,-1.94377,-0.01254742
1315,0.016679,1,100,0,-36.83687,0,0,133.563,0,0,0.4794908,0.08334284,0.8735803,-0.1642796,0.9864061,-0.003937021,-0.8620331,-0.1416237,0.4866642,-329.9274,-33.49387,114.5935,-128.5821,-21.41996,38.11148,135.8111,-0.1263805,-39.05769,1.854142,0.04947567,-1.82221,0.02101568
1316,0.016665,1,100,0,-28.50437,0,0,132.4231,0,0,0.5066445,0.07652173,0.8587525,-0.1449374,0.9894374,-0.002657045,-0.8498852,-0.1231191,0.5123839,-332.07,-33.74963,115.2541,-126.1913,-18.52811,42.71566,134.5071,-0.1247437,-36.54797,1.98866,0.04162099,-1.70123,0.04764596
1317,0.016662,1,100,0,-20.17337,0,0,131.4161,0,0,0.5314667,0.06927974,0.8442414,-0.1266946,0.9919404,-0.001643397,-0.8375509,-0.1060874,0.5359606,-334.1691,-33.9683,115.9897,-123.7482,-15.88136,47.02321,133.3305,-0.1216678,-34.01626,2.053562,0.034103,-1.580554,0.0674727
1318,0.016711,1,100,0,-11.81787,0,0,130.5328,0,0,0.5541065,0.06167045,0.8301583,-0.1094367,0.9939934,-0.0007955395,-0.8252209,-0.090409,0.5575272,-336.2311,-34.15342,116.7979,-121.2796,-13.46052,51.05244,132.2735,-0.1214908,-31.45928,2.288417,0.02678494,-1.459364,0.09600802
1319,0.016639,1,100,0,-3.498366,0,0,129.7626,0,0,0.5744924,0.05369441,0.8167468,-0.09302117,0.995664,-2.649799e-05,-0.8132068,-0.07595952,0.5769961,-338.2414,-34.30579,117.6681,-118.8375,-11.24484,54.78159,131.3386,-0.1199388,-28.89541,2.457109,0.02000242,-1.338779,0.1183317
1320,0.016771,1,100,0,4.887134,0,15.0939,129.1024,0,0,0.5927244,0.04719402,0.8040215,-0.08037154,0.9967647,0.0007423274,-0.8013852,-0.06506044,0.5945999,-340.2249,-34.4432,118.6062,-116.4906,-9.60807,58.23119,130.5881,-0.117161,-25.96473,2.561821,0.01438271,-1.202002,0.1340363
1321,0.016537,1,100,0,13.15563,0,29.9772,128.6032,0,0,0.6084737,0.04102685,0.7925129,-0.0692454,0.9975985,0.001521342,-0.7905473,-0.05580357,0.6098534,-342.1372,-34.63375,119.5866,-114.3654,-7.956492,61.36431,130.0321,-0.01608815,-22.76921,2.616229,0.01566937,-1.05347,0.1449897
1322,0.01672,1,100,0,21.51563,0,45.0252,128.2785,0,0,0.6220396,0.03556302,0.7821778,-0.06012725,0.9981878,0.002432887,-0.7806738,-0.04854355,0.6230506,-344.0363,-34.80231,120.629,-112.3796,-6.578093,64.28953,129.6364,0.1104392,-19.24833,2.623771,0.01932432,-0.8901736,0.1514751
1323,0.016702,1,100,0,29.86663,0,60.057,128.1068,0,0,0.6331395,0.03121361,0.7734081,-0.05354002,0.9985595,0.003529385,-0.7721838,-0.04364288,0.6338986,-345.9026,-34.93352,121.7178,-110.6329,-5.221616,66.98759,129.4382,0.870825,-15.46937,2.845999,0.06446179,-0.7152426,0.1703557
1324,0.016611,1,100,0,38.17213,0,75.0069,128.1202,0,0,0.6416381,0.02876717,0.766468,-0.05065669,0.9987042,0.004923064,-0.7653332,-0.04198556,0.6422639,-347.7318,-35.01472,122.8443,-109.0882,-4.222005,69.46487,129.3964,1.63656,-11.47654,3.030561,0.1108201,-0.5304251,0.1856377
1325,0.016705,1,100,0,46.52464,0,90.0414,128.2809,0,0,0.6477189,0.02590739,0.7614388,-0.0469848,0.9988776,0.005981609,-0.7604292,-0.03965045,0.6482092,-349.5467,-35.07944,124.0175,-107.7605,-3.180991,71.76526,129.5094,2.430862,-7.237215,3.194962,0.159189,-0.3342122,0.1996562
1326,0.016695,1,100,0,54.87214,0,100,128.5892,0,0,0.6512586,0.02267943,0.7585171,-0.04261705,0.9990691,0.006718906,-0.7576585,-0.0367015,0.6516189,-351.3394,-35.12675,125.2274,-106.6176,-2.138279,73.87465,129.728,2.977299,-2.907065,3.332751,0.1920477,-0.1337079,0.2117041
1327,0.016633,1,100,0,63.18864,0,100,128.9963,0,0,0.6522707,0.01914709,0.7577441,-0.0377837,0.9992594,0.007274608,-0.7570436,-0.03337539,0.6525111,-353.1073,-35.15673,126.4667,-105.625,-1.131851,75.77338,129.9982,3.310894,1.280374,3.442697,0.2118182,0.06022698,0.2214155
1328,0.016646,1,100,0,71.51163,0,100,129.4435,0,0,0.6508467,0.01535952,0.7590539,-0.0326459,0.9994369,0.007768362,-0.7585072,-0.02983601,0.6509816,-354.861,-35.17031,127.7373,-104.7968,-0.1852372,77.45577,130.3143,3.474197,5.356754,3.524802,0.2212548,0.2490276,0.2287655
1329,0.016667,1,100,0,79.84514,0,100,129.917,0,0,0.6470285,0.01130269,0.7623821,-0.02700154,0.9996027,0.008096422,-0.7619878,-0.02582411,0.6470767,-356.6045,-35.16554,129.0364,-104.2342,1.230137,78.9126,130.7421,4.600351,9.335757,3.795251,0.2930255,0.4331625,0.2475548
1330,0.016673,1,100,0,88.18164,0,100,130.4559,0,0,0.6408385,0.006904576,0.7676447,-0.02036602,0.9997606,0.008009446,-0.7674056,-0.02076663,0.6408257,-358.3403,-35.13725,130.3588,-103.8587,2.630738,80.13083,131.204,5.310563,13.21978,4.028446,0.3388015,0.6129771,0.2631024
1331,0.016648,1,100,0,96.50564,0,100,130.997,0,0,0.6322907,0.002267903,0.7747279,-0.01310017,0.999884,0.007764634,-0.7746204,-0.01505858,0.6322471,-360.0683,-35.08609,131.6982,-103.6741,3.959337,81.09452,131.6826,5.657392,17.00907,4.221969,0.3619683,0.7884317,0.2751835
1332,0.016669,1,100,0,104.8401,0,100,131.5202,0,0,0.6213468,-0.002522732,0.7835317,-0.005486322,0.9999564,0.007570249,-0.7835166,-0.009002456,0.6213058,-361.7964,-35.01329,133.0539,-103.6822,5.185529,81.79398,132.1633,5.722866,20.72197,4.376752,0.3677783,0.960343,0.2838708
1333,0.016682,1,100,0,89.40929,0,100,132.0091,0,0,0.6081114,-0.007369231,0.7938176,0.002231936,0.9999689,0.007573197,-0.7938487,-0.002833598,0.608109,-363.5272,-34.92064,134.4207,-103.884,6.292134,82.21642,132.6311,5.588629,23.69643,4.491097,0.361347,1.098045,0.2890794
1334,0.016837,1,100,0,97.82779,0,100,132.4469,0,0,0.5926733,-0.01222281,0.8053502,0.009937915,0.9999197,0.007862283,-0.8053817,0.003343737,0.5927472,-365.2785,-34.80912,135.8058,-104.2797,7.288073,82.35384,133.0771,5.325759,26.68639,4.566029,0.3471907,1.236447,0.2911029
1335,0.016534,1,100,0,106.0948,0,100,132.8243,0,0,0.5754069,-0.01692131,0.8176923,0.01756836,0.9998111,0.008327293,-0.8176787,0.009573926,0.5755955,-367.006,-34.68104,137.1667,-104.893,8.666124,82.20278,133.5475,5.840972,29.60645,4.737006,0.3833239,1.371822,0.2986105
1336,0.016679,1,100,0,90.66671,0,100,133.1673,0,0,0.5559531,-0.02159167,0.8309332,0.02570353,0.9996312,0.008777784,-0.8308163,0.01647788,0.5563031,-368.7598,-34.52942,138.5353,-105.6698,9.94344,81.76127,133.9772,6.013494,31.87452,4.86246,0.3977109,1.476978,0.3023544
1337,0.016947,1,100,0,99.14021,0,100,133.4401,0,0,0.5343115,-0.0261686,0.8448827,0.03410102,0.9993745,0.009387891,-0.8445999,0.0237953,0.5348697,-370.5559,-34.3543,139.9168,-106.6056,11.11519,81.01177,134.3548,5.927962,34.22543,4.943683,0.3959166,1.585943,0.3024172
1338,0.016413,1,100,0,107.3467,0,100,133.6343,0,0,0.5114577,-0.03035184,0.8587722,0.04212624,0.99906,0.010221,-0.8582752,0.03094923,0.5122555,-372.3113,-34.16638,141.2409,-107.6377,12.12268,79.99207,134.6535,5.668872,36.53215,4.977643,0.3831031,1.692849,0.2989668
1339,0.016684,1,100,0,91.91401,0,100,133.7343,0,0,0.486404,-0.0342768,0.8730615,0.04999474,0.9986851,0.01135554,-0.8723027,0.03812511,0.4874781,-374.1136,-33.95912,142.5682,-108.7918,13.02601,78.66476,134.8832,5.295726,38.24755,4.969256,0.3627856,1.772373,0.292596
1340,0.016694,1,100,0,100.261,0,100,133.7433,0,0,0.4597124,-0.0378456,0.887261,0.0576745,0.9982547,0.01269735,-0.886193,0.0453352,0.4610927,-375.9368,-33.7351,143.8725,-110.0524,14.20851,77.04796,135.0918,5.527157,40.05112,4.997216,0.3812582,1.8564,0.2880349
1341,0.016673,1,100,0,84.83849,0,100,133.698,0,0,0.4314961,-0.04102844,0.9011814,0.06544203,0.997757,0.01409087,-0.8997381,0.05289499,0.4332132,-377.7791,-33.49225,145.1467,-111.3715,15.28371,75.14947,135.2207,5.495676,41.26344,4.981411,0.3823906,1.912966,0.2804978
1342,0.016677,1,100,0,93.17699,0,100,133.5694,0,0,0.4019473,-0.04377123,0.914616,0.07305637,0.9972056,0.0156176,-0.9127439,0.06054107,0.4040219,-379.644,-33.23199,146.3879,-112.7289,16.25337,72.97443,135.2673,5.281657,42.6012,4.923484,0.3717277,1.975328,0.2697293
1343,0.016677,1,100,0,101.5155,0,100,133.3599,0,0,0.370987,-0.0460013,0.9274982,0.08033184,0.9966183,0.01729779,-0.9251573,0.06809038,0.3734277,-381.5317,-32.95616,147.5915,-114.1015,17.11638,70.53452,135.2303,4.944294,44.05293,4.825694,0.3529834,2.042994,0.255976
1344,0.016675,1,100,0,86.09111,0,100,133.0668,0,0,0.3387024,-0.047672,0.9396852,0.08713689,0.9960129,0.01912179,-0.9368502,0.07540465,0.3415059,-383.442,-32.66653,148.7528,-115.4684,17.87662,67.83907,135.1098,4.532537,44.94246,4.690716,0.328658,2.084602,0.2403906
1345,0.016683,1,100,0,94.43261,0,100,132.692,0,0,0.3053195,-0.04877844,0.9509999,0.09355966,0.9953918,0.02101795,-0.9476427,0.08255803,0.3084763,-385.376,-32.363,149.8683,-116.8134,18.83355,64.90275,134.9535,4.573454,45.98344,4.557836,0.3330557,2.133681,0.2246491
1346,0.016695,1,100,0,102.7801,0,100,132.2732,0,0,0.2707393,-0.04927858,0.9613904,0.09983972,0.9947404,0.02287193,-0.9574611,0.08979262,0.2742353,-387.3345,-32.04382,150.739,-109.6221,18.22711,14.85626,134.7199,2.54521,63.5931,8.504725,0.2191843,2.944707,0.4430272
1347,0.016744,1,100,0,87.2919,0,100,110.6696,0,0,0.2227379,-0.05191964,0.9734949,0.105155,0.9940343,0.02895536,-0.9691908,0.09591839,0.2268687,-389.1703,-31.73557,151.0025,-109.6905,18.77361,17.49665,112.6525,2.652535,62.57093,8.1602,0.2281253,2.898646,0.4157276
1348,0.017017,1,100,0,95.8004,0,100,112.0812,0,0,0.1741239,-0.05386825,0.9832493,0.1102252,0.9932938,0.03489874,-0.9785354,0.1023021,0.1788938,-391.0394,-31.41323,151.2289,-105.9835,18.55281,14.72545,113.378,3.000522,62.5714,7.388141,0.2525254,2.901215,0.359264
1349,0.01637,1,100,0,103.9854,0,100,108.2409,0,0,0.126967,-0.05449488,0.9904088,0.1149939,0.9925657,0.03987174,-0.9852186,0.1088286,0.1322896,-392.7775,-31.10708,151.4756,-106.5623,19.00184,15.73811,109.3813,2.69699,62.05299,6.972234,0.233234,2.878383,0.3263792
1350,0.016728,1,100,0,88.51199,0,100,109.1371,0,0,0.0790249,-0.05432025,0.9953915,0.11933,0.99185,0.04465328,-0.9897047,0.1152513,0.08486289,-394.5644,-30.78588,151.6706,-103.2976,18.85083,14.34379,110.2007,3.039963,60.86443,6.426879,0.2538158,2.825231,0.2868943
1351,0.01684,1,100,0,96.93199,0,100,105.6239,0,0,0.03148145,-0.05324534,0.9980852,0.1236855,0.9911125,0.0489721,-0.9918223,0.1219069,0.03778734,-396.3085,-30.46519,151.8995,-100.2506,18.67948,13.73537,106.8002,3.162632,59.40798,5.992759,0.2590882,2.759172,0.2551112
1352,0.01655,1,100,0,105.207,0,100,102.227,0,0,-0.01423233,-0.05147799,0.9985728,0.1277927,0.9903905,0.05287756,-0.9916991,0.1283628,-0.007517053,-397.9728,-30.15308,151.9979,-97.39789,18.6028,-3.99593,103.6429,3.728673,50.21357,3.511939,0.2848532,2.337242,0.1108413
1353,0.01672,1,100,0,89.74099,0,91.64,99.00735,0,0,-0.05312259,-0.0479479,0.9974362,0.1322272,0.9897135,0.05461896,-0.9897949,0.1347897,-0.04623613,-399.6066,-29.83991,151.8175,-94.65379,18.37122,-8.159708,100.1255,3.797997,46.86806,2.46457,0.2831962,2.184255,0.04629251
1354,0.016761,1,100,0,98.12149,0,83.2595,96.54137,0,0,-0.08942392,-0.04343897,0.995046,0.136627,0.9890692,0.0554566,-0.9865784,0.1409093,-0.08251151,-401.1982,-29.53013,151.653,-92.02415,18.08891,-8.943493,97.64072,3.698823,45.43671,1.815015,0.2719395,2.119469,0.003355414
1355,0.016624,1,100,0,106.4335,0,74.94749,94.07587,0,0,-0.124181,-0.0382022,0.991524,0.140836,0.9884636,0.05572294,-0.9822141,0.146562,-0.1173681,-402.7329,-29.22775,151.4994,-89.4529,17.77657,-9.023528,95.08859,3.530151,44.68232,1.297628,0.2563743,2.085905,-0.03221901
1356,0.016677,1,100,0,91.00726,0,66.60899,91.52634,0,0,-0.1581082,-0.03228499,0.9868939,0.1449284,0.9878824,0.05553601,-0.976728,0.1518097,-0.1515133,-404.2293,-28.92927,151.3481,-90.2766,18.14115,-9.185612,92.53831,3.010452,44.49523,0.8526404,0.2182622,2.078484,-0.06424195
1357,0.016632,1,100,0,99.32327,0,58.29299,92.32143,0,0,-0.1915677,-0.02571549,0.9811425,0.1484955,0.9873896,0.05487292,-0.970181,0.1562071,-0.1853333,-405.7346,-28.62574,151.1916,-90.96355,18.46717,-9.867619,93.34225,2.520436,44.43538,0.4211377,0.1816541,2.077007,-0.09503276
1358,0.016747,1,100,0,107.6968,0,49.91949,92.96461,0,0,-0.2249359,-0.01846233,0.9741988,0.1516294,0.986977,0.0537147,-0.9625034,0.1597996,-0.2192071,-407.261,-28.3149,151.02,-91.50096,18.74776,-11.01148,94.0487,2.062894,44.49044,0.003355048,0.1466575,2.080902,-0.1246113
1359,0.01682,1,100,0,92.13826,0,41.50949,93.47967,0,0,-0.2580031,-0.01061236,0.9660859,0.154376,0.9866395,0.05206582,-0.9537311,0.1625736,-0.2529177,-408.8022,-27.99829,150.8262,-91.87055,18.97284,-12.56115,94.64645,1.644917,43.97341,-0.3955115,0.1136245,2.058025,-0.1506974
1360,0.016482,1,100,0,100.3793,0,33.26849,93.88122,0,0,-0.2897031,-0.002487436,0.9571134,0.1567354,0.9863741,0.05000481,-0.9441963,0.1645001,-0.2853658,-410.3175,-27.6847,150.609,-92.0584,19.13122,-14.41426,95.12372,1.283653,43.61355,-0.7628391,0.08418383,2.042425,-0.1745177
1361,0.016754,1,100,0,84.88181,0,24.89149,94.18163,0,0,-0.3211366,0.006129827,0.947013,0.1588678,0.9861571,0.04748963,-0.9336125,0.1657005,-0.317665,-411.8596,-27.3637,150.3555,-91.99521,19.21343,-16.55326,95.42686,0.9666555,42.71284,-1.109533,0.05738615,2.001481,-0.1948637
1362,0.016765,1,100,0,69.37418,0,16.509,94.32994,0,0,-0.3514043,0.01496491,0.9361043,0.1608263,0.9859741,0.04461046,-0.922307,0.1662265,-0.3488823,-413.4008,-27.04121,150.0648,-91.781,19.27643,-18.92484,95.67384,0.8016035,41.32057,-1.446164,0.04058946,1.937493,-0.2126001
1363,0.01653,1,100,0,61.10918,0,8.243996,94.45705,0,0,-0.3797992,0.0237681,0.9247636,0.1627017,0.9858028,0.04148445,-0.9106485,0.1662163,-0.3782742,-414.9163,-26.72251,149.7381,-91.4482,19.28263,-21.44904,95.88877,0.6626174,39.70781,-1.747983,0.02602559,1.863081,-0.2270776
1364,0.016692,1,100,0,52.76318,0,0,94.59588,0,0,-0.4068685,0.03265358,0.9129031,0.1645682,0.9856303,0.03809087,-0.8985412,0.1657328,-0.4063957,-416.4401,-26.40094,149.3652,-90.95329,19.22407,-24.11526,96.03964,0.547495,37.85355,-2.021353,0.01358764,1.777276,-0.2387287
1365,0.016769,1,100,0,44.37868,0,0,94.71167,0,0,-0.4323453,0.04149415,0.9007529,0.1664411,0.9854479,0.03449304,-0.8862138,0.1648352,-0.4329601,-417.9621,-26.07919,148.9457,-90.35931,19.10786,-26.8238,96.17397,0.4574839,35.91426,-2.263182,0.003439016,1.687386,-0.2479027
1366,0.016644,1,100,0,36.05668,0,0,94.84095,0,0,-0.4559149,0.05012482,0.8886108,0.1683199,0.9852517,0.03078283,-0.8739623,0.1636052,-0.4576279,-419.4624,-25.76206,148.4844,-89.69028,18.93974,-29.51015,96.30114,0.3920513,33.92264,-2.469938,-0.004355081,1.594922,-0.254565
1367,0.016649,1,100,0,27.73218,0,0,94.98923,0,0,-0.47778,0.05856192,0.8765253,0.1702372,0.9850335,0.02698205,-0.8618267,0.1621087,-0.4805987,-420.9517,-25.44789,147.9783,-88.95817,18.72637,-32.16936,96.43185,0.3525069,31.86807,-2.643687,-0.00971076,1.499386,-0.2588925
1368,0.01665,1,100,0,19.40718,0,0,95.16279,0,0,-0.4979406,0.06675623,0.8646379,0.1722059,0.9847891,0.02313976,-0.8499413,0.160418,-0.5018622,-422.4286,-25.13748,147.4282,-88.17916,18.47206,-34.77934,96.57321,0.3307124,29.75643,-2.78442,-0.01312766,1.401054,-0.2609728
1369,0.016694,1,100,0,11.06018,0,0,95.36479,0,0,-0.5164549,0.0746912,0.8530508,0.1742537,0.9845119,0.01929525,-0.8383974,0.1586124,-0.5214711,-423.8962,-24.83056,146.8334,-87.36861,18.2049,-37.32874,96.73742,0.373142,27.5862,-2.907973,-0.01162393,1.299834,-0.2618829
1370,0.016684,1,100,0,2.718177,0,0,95.60301,0,0,-0.5332731,0.08231434,0.8419289,0.1764063,0.9841954,0.01551118,-0.8273457,0.1567932,-0.5393656,-425.3493,-24.52843,146.1969,-86.54139,17.91418,-39.79583,96.92284,0.4193646,25.36953,-2.999367,-0.009074833,1.196318,-0.2607549
1371,0.016685,1,100,0,-5.624323,15.0165,0,95.87297,0,0,-0.5483803,0.08958499,0.8314165,0.178652,0.9838412,0.01182538,-0.8169225,0.155019,-0.5555237,-426.7891,-24.23115,145.5197,-85.77689,17.61808,-42.15797,97.18727,0.4675912,22.86869,-3.059564,-0.005225856,1.079364,-0.2570329
1372,0.016677,1,100,0,-13.96282,30.0258,0,96.22396,0,0,-0.5616511,0.09643204,0.8217353,0.1809735,0.983453,0.008284442,-0.8073391,0.1533653,-0.5698091,-428.2158,-23.93895,144.8041,-85.08211,17.32296,-44.41786,97.52946,0.5156206,20.10722,-3.089638,-0.0001733183,0.9500676,-0.250894
1373,0.016957,1,100,0,-22.44132,45.2871,0,96.65656,0,0,-0.5731702,0.1029013,0.8129497,0.1833927,0.9830276,0.004871696,-0.7986507,0.1518814,-0.5823135,-429.6551,-23.64685,144.0385,-84.45478,17.02865,-46.61467,97.95669,0.5587012,17.0447,-3.088341,0.005867943,0.8065251,-0.2421693
1374,0.016405,1,100,0,-30.64382,60.0516,0,97.18056,0,0,-0.58232,0.1086279,0.8056697,0.1857665,0.9825924,0.001785614,-0.7914509,0.1507062,-0.5923626,-431.0377,-23.36897,143.2627,-83.93301,16.75729,-48.64037,98.44513,0.5949244,13.87259,-3.05998,0.01253735,0.6577128,-0.2316666
1375,0.016689,1,100,0,-38.98832,75.0717,0,97.76703,0,0,-0.589556,0.1138712,0.7996606,0.1881929,0.9821314,-0.001108266,-0.785498,0.1498371,-0.6004512,-432.436,-23.09072,142.44,-83.49729,16.50091,-50.60179,99.01828,0.6231567,10.43007,-3.006266,0.01994517,0.4960881,-0.219027
1376,0.016912,1,100,0,-47.44432,90.2925,0,98.44331,0,0,-0.5946748,0.1185364,0.7951798,0.1906413,0.9816526,-0.003762618,-0.7810364,0.1493566,-0.606362,-433.8463,-22.81295,141.5736,-83.16331,16.26961,-52.48494,99.67699,0.6446511,6.735162,-2.929921,0.02813118,0.3224869,-0.2044382
1377,0.016439,1,100,0,-55.66383,100,0,99.20841,0,0,-0.5974407,0.1224006,0.7925168,0.1929887,0.9811825,-0.006054178,-0.7783447,0.1493298,-0.6098203,-435.2122,-22.54656,140.7014,-82.9339,16.07377,-54.20525,100.3723,0.6492912,3.055195,-2.834525,0.03583709,0.1494791,-0.1887572
1378,0.01668,1,100,0,-64.00383,100,0,100.0069,0,0,-0.5980402,0.1256264,0.7915593,0.1953128,0.9807078,-0.008082643,-0.7773038,0.1497679,-0.6110391,-436.5946,-22.27938,139.7883,-82.7752,15.90627,-55.82434,101.0995,0.643832,-0.6144541,-2.719917,0.04334956,-0.02316398,-0.1718761
1379,0.016743,1,100,0,-72.37533,100,0,100.8346,0,0,-0.596453,0.1281484,0.7923521,0.1975632,0.9802409,-0.009817801,-0.7779541,0.1506838,-0.6099851,-437.9801,-22.0138,138.8453,-82.70689,15.77397,-57.3051,101.8485,0.616058,-4.235744,-2.588286,0.04967504,-0.193621,-0.1539408
1380,0.016599,1,100,0,-80.67483,100,0,101.6743,0,0,-0.5927452,0.129925,0.7948415,0.1996832,0.9797962,-0.01124597,-0.7802438,0.1520505,-0.6067134,-439.3531,-21.75247,137.8869,-82.74262,15.68364,-58.61547,102.6065,0.5651535,-7.766576,-2.443759,0.05452229,-0.359894,-0.135241
1381,0.016686,1,100,0,-89.01783,100,0,102.5069,0,0,-0.5869,0.1309688,0.7989967,0.2016737,0.9793745,-0.01239704,-0.7841406,0.1538608,-0.6012079,-440.7346,-21.49103,136.9024,-82.89189,15.63752,-59.76273,103.3788,0.4902295,-11.26518,-2.287015,0.05782501,-0.5247091,-0.1155886
1382,0.016671,1,100,0,-97.35333,100,0,103.3347,0,0,-0.5789393,0.1312478,0.8047381,0.203494,0.9789863,-0.01327027,-0.7895693,0.1560767,-0.5934817,-442.118,-21.23033,135.9008,-83.16254,15.6391,-60.7259,104.1548,0.3918314,-14.71259,-2.121502,0.05943205,-0.6871577,-0.09518687
1383,0.016686,1,100,0,-105.6963,100,0,104.1432,0,0,-0.5688385,0.1307392,0.8119915,0.205118,0.978639,-0.01387639,-0.7964607,0.1586606,-0.5835045,-443.5078,-20.96911,134.8832,-83.55953,15.68715,-61.49509,104.9282,0.2621523,-18.11943,-1.944932,0.05872332,-0.8477194,-0.07380322
1384,0.016684,1,100,0,-90.26363,100,0,104.9235,0,0,-0.5567191,0.1294551,0.8205518,0.2065126,0.9783403,-0.01423636,-0.8046219,0.1615286,-0.5713948,-444.9048,-20.70686,133.8541,-84.08615,15.78391,-62.0568,105.6913,0.1132483,-20.81908,-1.764985,0.05483304,-0.9750207,-0.05377886
1385,0.016671,1,100,0,-98.59914,100,0,105.666,0,0,-0.5428283,0.1274521,0.8301165,0.2076577,0.9780958,-0.01438094,-0.8137663,0.1645737,-0.5574045,-446.3103,-20.44293,132.8176,-84.74059,15.92805,-62.40151,106.436,-0.0483873,-23.53479,-1.584315,0.04974394,-1.103083,-0.03332017
1386,0.016676,1,100,0,-106.9371,100,0,106.3633,0,0,-0.5270888,0.1247043,0.8406107,0.2085429,0.9779086,-0.01430961,-0.8238249,0.167761,-0.5414509,-447.7277,-20.17626,131.7763,-85.51751,16.11681,-62.52445,107.1555,-0.2197533,-26.26782,-1.405199,0.04353578,-1.231959,-0.01255815
1387,0.016836,1,100,0,-91.36383,100,0,107.0091,0,0,-0.5094066,0.1211959,0.8519488,0.2091639,0.9777802,-0.0140307,-0.8347191,0.1710497,-0.5234374,-449.1725,-19.90362,130.7242,-86.41856,16.34875,-62.41794,107.8492,-0.3988602,-28.36556,-1.228457,0.03484204,-1.330917,0.00651297
1388,0.016523,1,100,0,-99.62533,100,0,107.6036,0,0,-0.4905085,0.1170954,0.8635337,0.2095019,0.9777142,-0.01357606,-0.8458789,0.1742528,-0.5041088,-450.6059,-19.63204,129.6946,-87.40925,16.61266,-62.08115,108.4916,-0.5730283,-30.48876,-1.061159,0.02594414,-1.431058,0.02524812
1389,0.016684,1,100,0,-107.9673,100,0,108.1281,0,0,-0.4697901,0.1122791,0.875609,0.2095768,0.977707,-0.01292693,-0.8575404,0.1774344,-0.4828481,-452.0703,-19.35322,128.662,-88.50264,16.90947,-61.50981,109.0968,-0.743698,-32.69712,-0.9004971,0.01672406,-1.53519,0.04404204
1390,0.01679,1,100,0,-92.43658,100,0,108.5948,0,0,-0.44734,0.1067737,0.8879676,0.2093851,0.9777586,-0.01208671,-0.8695085,0.1805203,-0.4597473,-453.5629,-19.06752,127.6337,-89.68511,17.22754,-60.69769,109.6559,-0.921018,-34.30336,-0.7461817,0.005169049,-1.61093,0.06072351
1391,0.016582,1,100,0,-100.7276,100,0,108.9975,0,0,-0.4237983,0.1007609,0.9001346,0.2089363,0.9778663,-0.01109154,-0.8813288,0.1833702,-0.4354707,-455.0569,-18.78002,126.6329,-90.92174,17.55901,-59.6604,110.1565,-1.077919,-35.99407,-0.6059369,-0.005555788,-1.690623,0.07679304
1392,0.016672,1,100,0,-85.30598,100,0,109.3321,0,0,-0.39881,0.09417493,0.9121852,0.2082488,0.9780256,-0.009925388,-0.8930752,0.1860031,-0.4096582,-456.58,-18.48535,125.6452,-92.2177,17.90313,-58.38706,110.6059,-1.215224,-37.12702,-0.4785536,-0.01667052,-1.744035,0.09025267
1393,0.016676,1,100,0,-93.64398,100,0,109.6061,0,0,-0.3726957,0.08712678,0.9238544,0.2073501,0.978229,-0.008606829,-0.9044911,0.1883535,-0.3826475,-458.1253,-18.18484,124.6798,-93.55151,18.2522,-56.88675,111.0006,-1.326975,-38.4047,-0.3660508,-0.02649527,-1.804232,0.1031452
1394,0.016684,1,100,0,-101.986,100,0,109.822,0,0,-0.3453348,0.07960702,0.9350971,0.206276,0.9784679,-0.007120803,-0.9155294,0.190429,-0.35432,-459.6937,-17.87834,123.7402,-94.90661,18.60655,-55.16732,111.3414,-1.400568,-39.81494,-0.2692162,-0.03432977,-1.87065,0.1153823
1395,0.016691,1,100,0,-86.54681,100,0,109.9799,0,0,-0.316781,0.07165715,0.9457881,0.2050663,0.9787329,-0.005468581,-0.9260659,0.1922169,-0.3247384,-461.2854,-17.56581,122.8301,-96.26766,18.9556,-53.23378,111.6271,-1.448954,-40.6793,-0.189013,-0.04190515,-1.91134,0.124622
1396,0.016681,1,100,0,-94.88731,100,0,110.0808,0,0,-0.2872801,0.06337381,0.9557479,0.2037445,0.9790173,-0.003674939,-0.9359266,0.1936727,-0.2941642,-462.8988,-17.24777,121.9539,-97.61835,19.28215,-51.09499,111.8563,-1.497894,-41.70836,-0.1224428,-0.04980959,-1.959714,0.1333638
1397,0.016677,1,100,0,-103.2258,100,0,110.1283,0,0,-0.2567106,0.05474894,0.9649365,0.2023274,0.9793165,-0.001737893,-0.9450734,0.1947869,-0.2624782,-464.5342,-16.92447,121.1147,-98.94455,19.59048,-48.76047,112.033,-1.514908,-42.88791,-0.0739228,-0.05607173,-2.015117,0.1412611
1398,0.016813,1,100,0,-87.67379,100,0,110.1244,0,0,-0.2248674,0.04575495,0.9733145,0.2008405,0.9796239,0.0003491566,-0.9534662,0.1955595,-0.2294749,-466.2051,-16.59344,120.3091,-100.2425,19.87926,-46.21636,112.1592,-1.500743,-43.54106,-0.04341004,-0.06138983,-2.045716,0.1459984
1399,0.016507,1,100,0,-95.92729,100,0,110.0709,0,0,-0.1928284,0.03672544,0.9805451,0.1993632,0.9799227,0.002503503,-0.9607664,0.1959673,-0.1962787,-467.8667,-16.2638,119.5608,-101.4657,20.14547,-43.54033,112.2359,-1.444196,-44.35912,-0.03043,-0.064114,-2.084031,0.1499197
1400,0.016651,1,100,0,-104.2528,100,0,109.9787,0,0,-0.1596256,0.02741482,0.986797,0.1978995,0.9802108,0.004780665,-0.967138,0.1960498,-0.1618922,-469.5628,-15.92698,118.8516,-102.6343,20.38792,-40.67451,112.267,-1.359968,-45.35046,-0.03488574,-0.06545739,-2.130431,0.1530814
1401,0.016925,1,100,0,-88.59717,100,0,109.8435,0,0,-0.1250414,0.01779133,0.9919921,0.1964708,0.9804836,0.007180372,-0.9725043,0.1957953,-0.1260965,-471.3062,-15.58065,118.1805,-103.7422,20.60523,-37.59965,112.253,-1.247958,-45.82998,-0.0569473,-0.06575228,-2.152718,0.153109
1402,0.01644,1,100,0,-96.81717,100,0,109.6653,0,0,-0.09087821,0.008380273,0.9958267,0.1951599,0.9807249,0.009556924,-0.9765519,0.195214,-0.09076201,-473.0173,-15.24092,117.5795,-104.731,20.77685,-34.46518,112.1968,-1.135525,-46.48383,-0.0943846,-0.06598366,-2.183141,0.1524928
1403,0.016678,1,100,0,-105.1562,100,0,109.4593,0,0,-0.05554502,-0.001234565,0.9984555,0.1939196,0.9809441,0.01200084,-0.9794438,0.1942867,-0.05424715,-474.7692,-14.89358,117.023,-105.6347,20.91798,-31.1509,112.101,-0.9960822,-47.32627,-0.1482526,-0.0648724,-2.222359,0.1511779
1404,0.016765,1,100,0,-89.64854,100,0,109.2172,0,0,-0.01941945,-0.01092327,0.9997517,0.1927879,0.9811338,0.01446462,-0.9810483,0.1930209,-0.0169472,-476.5448,-14.54224,116.52,-106.432,21.026,-27.69271,111.9677,-0.8319194,-47.6653,-0.2176452,-0.06242987,-2.237873,0.1468747
1405,0.016602,1,100,0,-97.94955,100,0,108.9427,0,0,0.0167091,-0.02045284,0.9996511,0.1918017,0.9812887,0.01687119,-0.9812914,0.1914528,0.02031934,-478.3156,-14.19272,116.0798,-107.1034,21.09977,-24.15352,111.8022,-0.6483336,-48.20361,-0.3004927,-0.05880119,-2.262694,0.1421221
1406,0.016683,1,100,0,-106.291,91.6585,0,108.6484,0,0,0.05343118,-0.02996303,0.9981219,0.1909562,0.98141,0.01923914,-0.9801432,0.1895696,0.05815952,-480.1055,-13.8405,115.6976,-107.6177,21.12817,-20.40886,111.5548,-0.4587508,-48.78112,-0.3945001,-0.05497978,-2.289312,0.1364973
1407,0.016686,1,100,0,-90.8565,83.3155,0,108.299,0,0,0.09038491,-0.0393418,0.9951296,0.19026,0.9814979,0.02152209,-0.9775643,0.1873881,0.09619777,-481.9033,-13.48799,115.3788,-107.9594,21.11422,-16.49897,111.2351,-0.2508302,-48.72585,-0.5001713,-0.04963708,-2.286169,0.1277713
1408,0.016684,1,100,0,-99.1985,74.9735,0,107.9066,0,0,0.1272089,-0.04847977,0.9906905,0.189719,0.981553,0.02367189,-0.9735628,0.1849415,0.1340598,-483.7055,-13.13602,115.1259,-108.1195,21.0509,-12.45192,110.8513,-0.04350223,-48.75764,-0.6170431,-0.04419504,-2.287076,0.1183975
1409,0.016678,1,100,0,-107.5375,66.6345,0,107.485,0,0,0.1639059,-0.05736727,0.9848067,0.1893272,0.9815786,0.02566863,-0.9681377,0.1822435,0.1717477,-485.5088,-12.78547,114.9413,-108.0918,20.94683,-8.299098,110.4151,0.1767316,-48.87004,-0.7425836,-0.03781636,-2.291724,0.1085166
1410,0.016685,1,100,0,-92.10387,58.292,0,107.0398,0,0,0.2003441,-0.06596234,0.9775026,0.1890864,0.9815758,0.027483,-0.9613057,0.1793264,0.2091255,-487.3113,-12.43672,114.8264,-107.872,20.80437,-4.06461,109.935,0.4071785,-48.39108,-0.8751821,-0.02990008,-2.268572,0.09613939
1411,0.016683,1,100,0,-100.4454,49.9505,0,106.5787,0,0,0.236193,-0.07417709,0.9688708,0.188996,0.9815474,0.02907385,-0.9531492,0.1762456,0.2458538,-489.1088,-12.09058,114.7824,-107.4595,20.62676,0.2218265,109.4215,0.6419606,-48.0377,-1.013148,-0.02142037,-2.251291,0.08372107
1412,0.016971,1,100,0,-84.7472,41.465,0,106.1149,0,0,0.2719388,-0.08211543,0.9588047,0.1890448,0.9814967,0.03044146,-0.9435633,0.1729788,0.2824306,-490.9293,-11.74172,114.8109,-106.8438,20.4073,4.606497,108.8728,0.8667825,-47.10867,-1.156345,-0.01243413,-2.206972,0.06910948
1413,0.0164,1,100,0,-92.9472,33.265,0,105.645,0,0,0.3055246,-0.0893206,0.9479855,0.1892013,0.9814332,0.03149473,-0.9331976,0.1697377,0.3167516,-492.6775,-11.40836,114.9096,-106.0706,20.15796,8.835567,108.3299,1.061275,-46.37244,-1.300108,-0.004850223,-2.171736,0.05515337
1414,0.016683,1,100,0,-77.51543,24.9235,0,105.205,0,0,0.338661,-0.09616985,0.935981,0.1894432,0.9813609,0.03228733,-0.9216402,0.1663807,0.3505673,-494.4414,-11.07366,115.0806,-105.0283,19.86375,13.07892,107.6874,1.256808,-45.10815,-1.446605,0.004146584,-2.111686,0.03947526
1415,0.016824,1,100,0,-61.95323,16.5115,0,104.6883,0,0,0.3706504,-0.1025027,0.9230989,0.1897615,0.9812833,0.03276901,-0.9091805,0.1630228,0.3831641,-496.2019,-10.74118,115.3244,-103.8427,19.55188,17.30781,107.0754,1.445113,-43.35411,-1.593,0.01424828,-2.028636,0.02255219
1416,0.016538,1,100,0,-46.65558,8.242501,0,104.2309,0,0,0.4003833,-0.108101,0.9099491,0.1901331,0.9812067,0.03290653,-0.8964054,0.1598362,0.4134124,-497.9124,-10.41954,115.6331,-102.5628,19.23666,21.38755,106.5204,1.614853,-41.2108,-1.734031,0.02481689,-1.927337,0.005207248
1417,0.016683,1,100,0,-38.31408,0,0,103.8544,0,0,0.4284473,-0.1130852,0.8964624,0.1905433,0.9811342,0.03269961,-0.8832478,0.1568049,0.4419119,-499.6159,-10.10041,116.0123,-101.1749,18.90955,25.40145,106.0149,1.749532,-38.85497,-1.872001,0.03440129,-1.816115,-0.01219355
1418,0.01671,1,100,0,-29.95908,0,0,103.5528,0,0,0.4545566,-0.1174138,0.8829453,0.1909579,0.9810715,0.03215396,-0.8700078,0.1539896,0.4683737,-501.2987,-9.786169,116.4581,-99.74501,18.59233,29.22668,105.5885,1.86154,-36.46214,-2.00396,0.04344274,-1.703199,-0.02893193
1419,0.016664,1,100,0,-21.62708,0,0,103.331,0,0,0.4786275,-0.1210908,0.8696281,0.1913403,0.981025,0.03129195,-0.8569161,0.1514177,0.4927151,-502.953,-9.478121,116.9652,-98.29775,18.26919,32.84471,105.2378,1.910322,-34.04622,-2.137434,0.04924656,-1.589308,-0.04546865
1420,0.016684,1,100,0,-13.28508,0,0,103.1823,0,0,0.5007961,-0.1241512,0.8566152,0.1916463,0.9810013,0.03013814,-0.8440823,0.1490741,0.5150747,-504.585,-9.175024,117.5323,-96.8448,17.95961,36.27149,104.9623,1.939134,-31.59908,-2.261765,0.0545006,-1.474002,-0.06116818
1421,0.016674,1,100,0,-4.948078,0,0,103.1048,0,0,0.5210583,-0.1266175,0.8440772,0.1918653,0.9810011,0.02871647,-0.8316767,0.1469862,0.5354522,-506.1919,-8.87715,118.155,-95.40485,17.67232,39.50187,104.7606,1.953612,-29.12756,-2.369928,0.05946771,-1.357613,-0.07557401
1422,0.016688,1,100,0,3.395922,0,0,103.0949,0,0,0.5394826,-0.128524,0.8321298,0.1919913,0.9810238,0.02705003,-0.8198157,0.1451686,0.5539207,-507.7763,-8.583714,118.8312,-93.99006,17.40442,42.5436,104.6279,1.944808,-26.62967,-2.466367,0.06349111,-1.24006,-0.08900028
1423,0.01675,1,100,0,11.77092,0,0,103.1469,0,0,0.5561531,-0.1298996,0.8208653,0.1920125,0.98107,0.02515916,-0.8085946,0.1436241,0.5705674,-509.343,-8.293566,119.5598,-92.61024,17.15663,45.40741,104.5602,1.912788,-24.09917,-2.550236,0.06650719,-1.121056,-0.1014399
1424,0.016617,1,100,0,20.07942,0,0,103.2562,0,0,0.5709262,-0.1307571,0.810522,0.1919204,0.9811388,0.0230943,-0.7982543,0.1423706,0.5852528,-510.8747,-8.009709,120.329,-91.29471,16.93271,48.06347,104.554,1.858772,-21.56996,-2.619653,0.0684448,-1.002199,-0.1127144
1425,0.016679,1,100,0,28.41892,0,15.0111,103.4164,0,0,0.5839807,-0.1311165,0.8011088,0.1916901,0.981234,0.0208619,-0.7888104,0.1413817,0.5981554,-512.3908,-7.728492,121.1444,-90.10919,16.71587,50.53742,104.6571,1.73004,-18.75221,-2.69333,0.06652293,-0.869956,-0.124797
1426,0.016873,1,100,0,36.85542,0,30.1968,103.6716,0,0,0.5952686,-0.1309419,0.7927859,0.1912791,0.981362,0.01846529,-0.7804279,0.1406515,0.6092205,-513.9053,-7.447509,122.0103,-89.04921,16.52664,52.86559,104.8697,1.589301,-15.63643,-2.752087,0.06471274,-0.7237899,-0.1364937
1427,0.016488,1,100,0,45.09942,0,45.036,104.0278,0,0,0.6043276,-0.1302343,0.7860198,0.190712,0.9815156,0.0159977,-0.7735741,0.1402355,0.6179942,-515.3687,-7.175879,122.8935,-88.15221,16.37028,54.98234,105.1754,1.441198,-12.36613,-2.793148,0.06289431,-0.5704451,-0.1472926
1428,0.016687,1,100,0,53.44292,0,60.0543,104.4667,0,0,0.6114342,-0.128972,0.780714,0.1899812,0.9816965,0.01338558,-0.7681506,0.1401366,0.6247451,-516.8354,-6.903434,123.8221,-87.3876,16.24038,56.97736,105.5782,1.281471,-8.83221,-2.817865,0.06094729,-0.4048111,-0.1575987
1429,0.016688,1,100,0,61.78693,0,75.0735,104.999,0,0,0.6163728,-0.1271488,0.7771215,0.1891021,0.9818995,0.01066758,-0.7644116,0.1403801,0.6292602,-518.2903,-6.632983,124.7833,-86.77295,16.13897,58.82921,106.0702,1.112898,-5.092372,-2.824862,0.0588008,-0.2296034,-0.1672372
1430,0.016679,1,100,0,70.12643,0,90.0846,105.6147,0,0,0.6190507,-0.1247579,0.7753785,0.1880887,0.9821207,0.007855363,-0.7624953,0.1409771,0.631448,-519.735,-6.364189,125.774,-86.31525,16.07018,60.5393,106.647,0.9433587,-1.162385,-2.807856,0.0567949,-0.04556694,-0.1758361
1431,0.016678,1,100,0,78.46542,0,100,106.3079,0,0,0.6193907,-0.1217946,0.775578,0.1869576,0.9823556,0.004958652,-0.7624973,0.1419289,0.6312323,-521.1729,-6.096416,126.7924,-86.00281,16.02719,62.1026,107.2851,0.7680299,2.857863,-2.772287,0.05426502,0.1426073,-0.183575
1432,0.016713,1,100,0,86.82192,0,100,107.0528,0,0,0.617368,-0.1182511,0.7777362,0.1856976,0.9826051,0.001993366,-0.7644433,0.1431931,0.6285879,-522.6091,-5.828846,127.8381,-85.81306,15.97588,63.49841,107.9405,0.5347878,6.796237,-2.73799,0.04738385,0.3267805,-0.1913783
1433,0.016649,1,100,0,95.14642,0,100,107.8012,0,0,0.613032,-0.1141567,0.7817673,0.1842887,0.9828719,-0.0009894744,-0.7682642,0.1446775,0.6235697,-524.0376,-5.563089,128.9019,-85.76376,15.93621,64.70303,108.6088,0.3000399,10.63551,-2.6852,0.03962245,0.5062154,-0.197968
1434,0.016683,1,100,0,103.4879,0,100,108.5417,0,0,0.6063764,-0.1095084,0.7876012,0.1827376,0.9831537,-0.003992088,-0.7738959,0.146345,0.6161725,-525.4689,-5.297351,129.987,-85.86441,15.91468,65.71177,109.2887,0.08039611,14.40715,-2.611822,0.03201064,0.6824139,-0.2033148
1435,0.016688,1,100,0,88.05152,0,100,109.2689,0,0,0.5975292,-0.1043652,0.7950263,0.1810705,0.9834454,-0.006990202,-0.7811354,0.1481327,0.6065348,-526.9033,-5.031785,131.0881,-86.12231,15.91237,66.50922,109.9715,-0.1208125,17.4434,-2.51771,0.02346501,0.824074,-0.2056879
1436,0.01668,1,100,0,96.39153,0,100,109.9705,0,0,0.5867367,-0.0988172,0.8037258,0.1793145,0.9837415,-0.009953439,-0.7896748,0.1499598,0.5949166,-528.342,-4.766275,132.2007,-86.53894,15.92932,67.08476,110.6485,-0.2987726,20.4694,-2.403064,0.01569694,0.9652085,-0.2069256
1437,0.016898,1,100,0,104.8405,0,100,110.6362,0,0,0.5737618,-0.09279215,0.8137488,0.1774725,0.984041,-0.01292248,-0.799563,0.1518324,0.5810732,-529.8076,-4.496891,133.3363,-87.1176,15.96699,67.43796,111.3207,-0.4512267,23.52959,-2.268563,0.008831595,1.1079,-0.2071971
1438,0.016477,1,100,0,89.5993,0,100,111.2667,0,0,0.5591915,-0.08656655,0.8245067,0.1756383,0.9843285,-0.01577371,-0.8102199,0.1536355,0.5656325,-531.2469,-4.233535,134.4481,-87.831,16.0157,67.548,111.9532,-0.5861151,25.84941,-2.118549,0.001224676,1.215861,-0.2046555
1439,0.01668,1,100,0,97.9393,0,100,111.8304,0,0,0.5427309,-0.07998784,0.8360892,0.1737394,0.9846163,-0.01858223,-0.8217407,0.1553468,0.5482788,-532.7167,-3.966243,135.5741,-88.69036,16.04219,67.42403,112.5581,-0.7680642,28.24731,-1.970661,-0.009971281,1.327392,-0.2025757
1440,0.01675,1,100,0,106.3143,0,100,112.3398,0,0,0.5243797,-0.07309533,0.8483413,0.1717712,0.9849064,-0.02131367,-0.8339788,0.1568971,0.5290206,-534.2078,-3.697327,136.7015,-89.68401,16.07868,67.05766,113.1304,-0.9030586,30.69853,-1.797342,-0.01881807,1.441393,-0.1990731
1441,0.016617,1,100,0,90.94357,0,100,112.7922,0,0,0.5044212,-0.0660249,0.8609295,0.1698005,0.9851876,-0.02393233,-0.846597,0.1582582,0.5081607,-535.7042,-3.4299,137.8125,-90.78606,16.12201,66.45178,113.6568,-0.9980162,32.50521,-1.606805,-0.02654935,1.525194,-0.1927036
1442,0.016684,1,100,0,99.28558,0,100,113.1788,0,0,0.4828304,-0.05877848,0.8737392,0.1678407,0.9854593,-0.02645504,-0.8594794,0.1594223,0.4856751,-537.2256,-3.160631,138.9165,-91.9935,16.17206,65.60099,114.1395,-1.054611,34.40911,-1.398125,-0.03228334,1.613526,-0.1854146
1443,0.016688,1,100,0,107.6296,0,100,113.5055,0,0,0.4595758,-0.05138771,0.8866506,0.165932,0.9857143,-0.02887805,-0.8725002,0.1603954,0.4615373,-538.7681,-2.890427,140.0052,-93.28518,16.22813,64.5094,114.5729,-1.073234,36.39456,-1.173427,-0.03609411,1.705652,-0.1772886
1444,0.016684,1,100,0,92.19688,0,100,113.7677,0,0,0.4347243,-0.04390028,0.8994929,0.1641077,0.9859491,-0.03119332,-0.8854848,0.1611742,0.4358204,-540.332,-2.619318,141.0742,-94.64366,16.28999,63.17852,114.9535,-1.054466,37.78652,-0.9343572,-0.03855419,1.769981,-0.1665042
1445,0.016679,1,100,0,100.5364,0,100,113.9655,0,0,0.4084913,-0.03638906,0.9120367,0.162359,0.9861673,-0.03337205,-0.8982064,0.1617095,0.4087489,-541.9185,-2.347499,142.1193,-96.04722,16.30812,61.61304,115.2701,-1.11845,39.30014,-0.7074209,-0.04663231,1.839971,-0.1567203
1446,0.016683,1,100,0,85.1046,0,100,114.0917,0,0,0.3809179,-0.02887475,0.9241579,0.160634,0.9863793,-0.03539104,-0.9105483,0.1619322,0.3803678,-543.5289,-2.075345,143.1373,-97.48419,16.3199,59.81697,115.5317,-1.135805,40.25865,-0.4671951,-0.05241415,1.883974,-0.1443134
1447,0.016683,1,100,0,93.4461,0,100,114.1592,0,0,0.3522237,-0.02143969,0.9356703,0.1589723,0.9865807,-0.03723729,-0.9223159,0.1618615,0.3509054,-545.1634,-1.803019,144.1241,-98.93578,16.32686,57.79842,115.739,-1.109689,41.37346,-0.2156731,-0.05555628,1.935272,-0.1314245
1448,0.016684,1,100,0,101.7881,0,100,114.1745,0,0,0.3222976,-0.01408048,0.9465337,0.1574053,0.9867669,-0.03891799,-0.9334601,0.1615326,0.3202489,-546.8221,-1.530577,145.0761,-100.383,16.33075,55.56792,115.8932,-1.042255,42.63087,0.04500964,-0.0562593,1.993223,-0.1181608
1449,0.016686,1,100,0,86.35355,0,100,114.1371,0,0,0.2911999,-0.006832872,0.9566379,0.1559673,0.9869347,-0.04042706,-0.9438629,0.1609765,0.288461,-548.5052,-1.258024,145.9898,-101.8092,16.3368,53.13266,115.9961,-0.9257255,43.35183,0.3162706,-0.05412899,2.026062,-0.1025167
1450,0.016682,1,100,0,94.69456,0,100,114.0505,0,0,0.2591714,0.0002293549,0.9658314,0.1546953,0.9870799,-0.04174536,-0.9533623,0.1602287,0.2557873,-550.2113,-0.9854209,146.8616,-103.1968,16.3451,50.50326,116.0488,-0.774901,44.24648,0.5919755,-0.04985168,2.067012,-0.08691725
1451,0.016809,1,100,0,103.0991,0,100,113.921,0,0,0.2258451,0.007181332,0.9741367,0.1535414,0.9872115,-0.04287496,-0.9619869,0.1592534,0.2218543,-551.9535,-0.7109808,147.6948,-104.5346,16.28584,47.67252,116.0404,-0.7585189,45.30982,0.8542178,-0.05435926,2.115884,-0.07244167
1452,0.016547,1,100,0,87.79308,0,100,113.7309,0,0,0.1920725,0.01384688,0.9812832,0.1524382,0.9873435,-0.04377004,-0.9694696,0.1579921,0.1875307,-553.6902,-0.4418556,148.4674,-105.7862,16.21631,44.71357,115.987,-0.6979986,45.84177,1.115318,-0.0559436,2.139908,-0.05629306
1453,0.016683,1,100,0,96.13458,0,100,113.5037,0,0,0.1572957,0.0203229,0.9873425,0.151391,0.9874743,-0.04444406,-0.9758786,0.1564656,0.1522488,-555.4617,-0.1717231,149.1959,-106.9681,16.13862,41.5684,115.8903,-0.5979444,46.56554,1.379285,-0.05504203,2.172872,-0.04024905
1454,0.016859,1,100,0,104.5641,0,91.5705,113.2417,0,0,0.121349,0.02662642,0.9922528,0.1504219,0.987602,-0.04489769,-0.9811463,0.1547048,0.1158394,-557.2713,0.09988488,149.8776,-108.0476,16.04918,38.14832,115.7029,-0.4599762,47.3112,1.644305,-0.05175151,2.206835,-0.02396359
1455,0.016514,1,100,0,89.28864,0,83.31349,112.9125,0,0,0.08554572,0.0325227,0.9958033,0.1495821,0.9877198,-0.04510874,-0.9850417,0.1528132,0.07963038,-559.0609,0.3644308,150.488,-108.9758,15.95504,34.5846,115.4399,-0.2923852,47.39935,1.899983,-0.04601524,2.210077,-0.006350763
1456,0.016688,1,100,0,97.63264,0,74.96949,112.5378,0,0,0.04913104,0.03813076,0.9980644,0.1488678,0.9878299,-0.04506797,-0.9876363,0.1507939,0.04285667,-560.884,0.6301885,151.0441,-109.7672,15.86005,30.79146,115.1021,-0.08799084,47.55523,2.154342,-0.03775132,2.216462,0.01111037
1457,0.016678,1,100,0,105.9716,0,66.63049,112.1213,0,0,0.012503,0.0433943,0.9989798,0.1482266,0.9879395,-0.0447699,-0.9888744,0.1486351,0.005920024,-562.7183,0.8935688,151.5358,-110.3938,15.65112,26.84352,114.6836,-0.08379091,47.77278,2.399024,-0.04210974,2.22589,0.02794633
1458,0.016683,1,100,0,90.53986,0,58.28899,111.6508,0,0,-0.02419837,0.04828919,0.9985403,0.1475162,0.9880713,-0.04420803,-0.9887638,0.1462311,-0.03103315,-564.5627,1.153445,151.961,-110.8526,15.42476,22.75967,114.2114,-0.04251738,47.38153,2.636579,-0.04330726,2.206852,0.04611917
1459,0.016684,1,100,0,98.88186,0,49.94699,111.1564,0,0,-0.06063074,0.05275453,0.9967653,0.1467635,0.9882202,-0.04337502,-0.9873118,0.1436589,-0.06765896,-566.4036,1.410044,151.6945,-99.25385,13.65967,4.267539,113.6956,-1.410544,32.85634,4.817658,-0.1215115,1.523958,0.2242182
1460,0.016869,1,100,0,107.3164,0,41.5125,99.66809,0,0,-0.0867972,0.05264129,0.9948341,0.1445243,0.9887041,-0.03970749,-0.9856868,0.1403312,-0.09342469,-568.0797,1.640039,151.6875,-96.03067,13.07176,-4.70191,100.7048,-1.726918,29.5704,5.877273,-0.1387943,1.367908,0.301864
1461,0.016756,1,100,0,91.81706,0,33.1345,96.92982,0,0,-0.1102614,0.05079706,0.9926038,0.1418258,0.9892773,-0.0348724,-0.9837318,0.1369317,-0.1162835,-569.6911,1.858987,151.5551,-93.07681,12.57444,-7.119324,97.64256,-1.889884,28.55549,6.215446,-0.147382,1.319559,0.3277039
1462,0.016914,1,100,0,100.2741,0,24.6775,94.11232,0,0,-0.1331853,0.04832633,0.9899122,0.1387207,0.9898872,-0.02966127,-0.9813349,0.1333709,-0.1385423,-571.2686,2.071056,151.4259,-90.26083,12.00537,-7.707536,94.80891,-2.229,28.54165,6.317831,-0.16783,1.318647,0.3361431
1463,0.016487,1,100,0,85.02359,0,16.434,91.24509,0,0,-0.1553141,0.04567397,0.9868087,0.1352418,0.9905083,-0.02455945,-0.9785639,0.1296434,-0.1600169,-572.7597,2.26821,151.2936,-90.79733,11.86318,-8.663336,91.97796,-2.081227,28.8026,6.359453,-0.1572066,1.33028,0.3401096
1464,0.016879,1,100,0,69.41051,0,7.994498,91.77525,0,0,-0.1779295,0.04281821,0.9831113,0.1317298,0.9910973,-0.01932478,-0.9751864,0.1260666,-0.1819859,-574.2948,2.467486,151.1407,-91.23572,11.69146,-9.858496,92.50858,-1.929881,28.47248,6.366292,-0.1457735,1.314453,0.3431291
1465,0.016843,1,100,0,53.83074,0,0,92.23984,0,0,-0.200006,0.03979584,0.9789863,0.1282865,0.9916371,-0.01410127,-0.9713602,0.1227704,-0.2034386,-575.8336,2.66337,150.9669,-91.6076,11.50692,-11.24556,93.0098,-1.782664,27.60344,6.336935,-0.1341703,1.27364,0.3448242
1466,0.016355,1,100,0,38.70236,0,0,92.68447,0,0,-0.220617,0.03668445,0.9746705,0.1250112,0.9921143,-0.009044677,-0.9673164,0.1198493,-0.2234632,-577.3335,2.850558,150.775,-91.91166,11.32202,-12.71416,93.47508,-1.645829,26.41239,6.273852,-0.1230699,1.217969,0.3447685
1467,0.01668,1,100,0,23.27336,0,0,93.10574,0,0,-0.2405444,0.03334009,0.9700654,0.1217446,0.9925537,-0.00392431,-0.9629728,0.1171563,-0.2428122,-578.8681,3.038355,150.5541,-92.1673,11.13271,-14.30067,93.93221,-1.513282,24.86239,6.175831,-0.1120544,1.14571,0.3429985
1468,0.016692,1,100,0,14.92736,0,0,93.53125,0,0,-0.25919,0.02983959,0.9653654,0.1185595,0.9929464,0.001139797,-0.958522,0.1147486,-0.2608996,-580.4078,3.223146,150.3062,-92.37334,10.94689,-15.94738,94.37684,-1.388478,23.20451,6.044196,-0.1015936,1.068562,0.3390344
1469,0.016668,1,100,0,6.593362,0,0,93.95869,0,0,-0.2764485,0.02620864,0.9606713,0.1153506,0.9933062,0.006095001,-0.9540811,0.112499,-0.2776212,-581.9482,3.403609,150.0312,-92.51306,10.5875,-17.62035,94.76939,-1.608493,21.45075,5.936362,-0.1133442,0.9871212,0.3365974
1470,0.016679,1,100,0,-1.746139,0,0,94.34783,0,0,-0.2923025,0.02242998,0.9560629,0.1118892,0.9936611,0.01089645,-0.9497582,0.1101582,-0.2929593,-583.4919,3.578099,149.728,-92.62202,10.21057,-19.29834,95.16049,-1.808809,19.60682,5.798687,-0.1239695,0.901552,0.3323197
1471,0.01665,1,100,0,-10.07114,0,0,94.74693,0,0,-0.3066638,0.01854142,0.9516373,0.108222,0.9940059,0.01550746,-0.9456456,0.1077436,-0.3068322,-585.0346,3.745944,149.3975,-92.70822,9.821715,-20.95588,95.55328,-1.98828,17.6853,5.632257,-0.133446,0.8124398,0.3262203
1472,0.016678,1,100,0,-18.41014,0,0,95.15729,0,0,-0.3195374,0.0145597,0.9474618,0.1043756,0.9943385,0.01992126,-0.9418077,0.1052575,-0.3192481,-586.5812,3.907538,149.0389,-92.78029,9.424254,-22.58013,95.95238,-2.146242,15.68584,5.437501,-0.1417636,0.7197701,0.3183095
1473,0.016719,1,100,0,-26.76964,0,0,95.58183,0,0,-0.3308849,0.01051216,0.9436127,0.1003863,0.9946563,0.0241204,-0.9383167,0.1027069,-0.330172,-588.1329,4.06286,148.6527,-92.84658,9.022455,-24.15577,96.36074,-2.280906,13.61264,5.215234,-0.1488423,0.6237365,0.3086109
1474,0.01668,1,100,0,-35.10964,0,0,96.02172,0,0,-0.3406163,0.006446028,0.9401803,0.09636056,0.9949502,0.02808876,-0.9352515,0.1001638,-0.3395174,-589.682,4.211434,148.2413,-92.92384,8.677403,-25.66687,96.7932,-2.247913,11.48295,4.978616,-0.145464,0.5251002,0.2979007
1475,0.016632,1,100,0,-43.42564,0,0,96.49067,0,0,-0.3487104,0.002389528,0.9372275,0.09243192,0.9952094,0.0318534,-0.9326615,0.09773735,-0.3472607,-591.228,4.353964,147.8065,-93.00957,8.354492,-27.09302,97.23482,-2.195443,9.303244,4.717614,-0.141147,0.4242114,0.2855043
1476,0.016937,1,100,0,-51.89413,0,0,96.97134,0,0,-0.3552804,-0.001743563,0.9347582,0.08840432,0.9954534,0.03545725,-0.9305701,0.09523393,-0.3535109,-592.8036,4.492547,147.34,-93.07516,7.838006,-28.45667,97.64324,-2.528772,7.025244,4.521162,-0.1618702,0.3186676,0.2772212
1477,0.016418,1,100,0,-60.10313,0,0,97.41915,0,0,-0.3600022,-0.005786749,0.9329335,0.08422706,0.9956956,0.03867774,-0.9291416,0.09250231,-0.3579652,-594.3323,4.61841,146.8661,-93.16727,7.322592,-29.67527,98.05295,-2.818983,4.777032,4.307449,-0.1801713,0.2145361,0.2676009
1478,0.016682,1,100,0,-68.44414,0,0,97.86565,0,0,-0.3631276,-0.00990006,0.9316869,0.07975537,0.9959433,0.04166773,-0.9283198,0.08943773,-0.360865,-595.8872,4.737597,146.3648,-93.29465,6.788637,-30.80334,98.4826,-3.07937,2.44587,4.068508,-0.1968967,0.1065937,0.2562945
1479,0.016881,1,100,0,-76.88464,0,0,98.33028,0,0,-0.3645451,-0.01403954,0.93108,0.07510327,0.9961858,0.04442638,-0.9281524,0.08612257,-0.3621002,-597.4632,4.849407,145.8391,-93.48161,6.292854,-31.83272,98.95319,-3.121934,0.04437213,3.819854,-0.2000197,-0.004552777,0.244223
1480,0.016488,1,100,0,-85.12864,0,0,98.83377,0,0,-0.3642006,-0.01803567,0.931146,0.07059812,0.9964012,0.04691277,-0.9286411,0.08282281,-0.3616166,-599.0057,4.950644,145.3094,-93.70678,5.83407,-32.70786,99.42233,-3.120175,-2.331906,3.55713,-0.2006447,-0.1144826,0.2309304
1481,0.016679,1,100,0,-93.46814,0,0,99.33086,0,0,-0.3620992,-0.02199624,0.93188,0.06613166,0.9965962,0.04922049,-0.9297907,0.07944947,-0.359412,-600.5702,5.045551,144.7597,-93.98031,5.401956,-33.45679,99.90414,-3.072224,-4.771437,3.27359,-0.1986716,-0.227292,0.216109
1482,0.016679,1,100,0,-101.8076,0,0,99.83598,0,0,-0.3582033,-0.02586923,0.9332852,0.06167588,0.9967769,0.05130088,-0.9316043,0.07593733,-0.3554533,-602.1393,5.132768,144.1983,-94.2626,4.882787,-34.06444,100.3477,-3.347783,-7.242012,3.053046,-0.2177799,-0.3417605,0.205038
1483,0.016681,1,100,0,-86.37772,0,0,100.2945,0,0,-0.352642,-0.02965779,0.9352882,0.05702001,0.9969593,0.05311225,-0.9340194,0.07205976,-0.3498787,-603.7136,5.211296,143.6275,-94.6007,4.35635,-34.51961,100.7962,-3.572822,-9.07448,2.814438,-0.2336415,-0.4265775,0.1916242
1484,0.016683,1,100,0,-94.71922,0,0,100.7505,0,0,-0.3456923,-0.03329161,0.9377572,0.05222506,0.9971389,0.05465184,-0.9368936,0.06786714,-0.3429646,-605.2939,5.281046,143.05,-94.99416,3.828843,-34.81862,101.2467,-3.744123,-10.98812,2.559438,-0.246326,-0.5151248,0.176946
1485,0.016694,1,100,0,-103.0662,0,0,101.2008,0,0,-0.3372829,-0.03674985,0.9406859,0.04744481,0.9973045,0.05597311,-0.9402072,0.06350943,-0.3346301,-606.8824,5.342552,142.4678,-95.46564,3.39397,-34.97342,101.7268,-3.549851,-12.97667,2.312902,-0.2358417,-0.6069415,0.1625838
1486,0.016679,1,100,0,-87.63814,0,0,101.6762,0,0,-0.3275283,-0.04000223,0.9439943,0.04295061,0.9974403,0.05716917,-0.9438649,0.05926965,-0.3249718,-608.4775,5.397082,141.8845,-95.98389,3.018899,-34.96842,102.1999,-3.293273,-14.36518,2.055426,-0.2211325,-0.6708666,0.1466113
1487,0.016769,1,100,0,-96.02264,0,0,102.1385,0,0,-0.3166142,-0.04302041,0.9475784,0.03878456,0.9975486,0.05824816,-0.9477614,0.05519361,-0.3141695,-610.0903,5.445978,141.299,-96.54842,2.708211,-34.80373,102.6656,-2.977538,-15.88083,1.787682,-0.2028293,-0.7406369,0.1299404
1488,0.016593,1,100,0,-104.3191,0,0,102.5886,0,0,-0.3046273,-0.04576067,0.9513717,0.03495622,0.997635,0.05917883,-0.9518297,0.05128384,-0.3023072,-611.6954,5.489235,140.7232,-97.11889,2.403162,-34.49011,103.0894,-2.923549,-17.48623,1.555986,-0.2014472,-0.814813,0.1154767
1489,0.016687,1,100,0,-88.88366,0,0,102.9905,0,0,-0.2914602,-0.04827168,0.9553643,0.03123666,0.9977131,0.05994105,-0.9560729,0.04731283,-0.2892859,-613.3195,5.527808,140.1503,-97.72743,2.126823,-34.02467,103.5029,-2.810112,-18.53381,1.315594,-0.1958591,-0.8630703,0.09974335
1490,0.016929,1,100,0,-97.34816,0,0,103.378,0,0,-0.2772052,-0.05054608,0.9594804,0.02780679,0.9977751,0.06059718,-0.9604086,0.04347792,-0.2751829,-614.9777,5.562983,139.5777,-98.40356,1.978129,-33.41312,103.9404,-2.20639,-19.74779,1.101878,-0.1590253,-0.9186459,0.0857629
1491,0.016438,1,100,0,-105.5672,0,0,103.7883,0,0,-0.2623892,-0.05251703,0.9635321,0.02512799,0.9978076,0.06122807,-0.9646351,0.04027721,-0.2604944,-616.5989,5.595253,139.0325,-99.0812,1.931812,-32.674,104.3475,-1.605921,-21.0534,0.8926426,-0.1224751,-0.9784747,0.07219939
1492,0.01667,1,100,0,-90.14742,0,0,104.1664,0,0,-0.2464555,-0.05427602,0.9676332,0.02307203,0.9978192,0.06184562,-0.9688798,0.03756746,-0.2446658,-618.2545,5.627712,138.4927,-99.78308,1.976733,-31.7846,104.7417,-1.00212,-21.83643,0.6808015,-0.08521833,-1.014061,0.05816184
1493,0.016678,1,100,0,-98.48641,0,0,104.5287,0,0,-0.2298196,-0.05578873,0.971633,0.0216739,0.9978148,0.06241854,-0.972992,0.03540408,-0.2281082,-619.9227,5.661411,137.9682,-100.4941,2.107286,-30.75775,105.1169,-0.4237886,-22.78777,0.4707141,-0.04971275,-1.057477,0.04448189
1494,0.016674,1,100,0,-106.8234,0,0,104.8707,0,0,-0.2123686,-0.05706954,0.9755218,0.02092948,0.9977986,0.06292906,-0.9769657,0.03378132,-0.2107067,-621.6023,5.697812,137.4618,-101.2122,2.333907,-29.60091,105.4779,0.2040162,-23.89261,0.2588408,-0.01115016,-1.107959,0.03093336
1495,0.016684,1,100,0,-91.39071,0,0,105.1968,0,0,-0.1941403,-0.05812815,0.9792501,0.02084802,0.997773,0.06336087,-0.9807523,0.03271632,-0.1924961,-623.2949,5.738422,136.975,-101.9259,2.633894,-28.31849,105.8195,0.763854,-24.47289,0.05240144,0.02364762,-1.134185,0.01760822
1496,0.016674,1,100,0,-99.72771,0,0,105.5015,0,0,-0.1753737,-0.05897111,0.9827342,0.02135496,0.9977417,0.06368256,-0.9842703,0.0321545,-0.1737183,-624.9984,5.784326,136.5106,-102.6282,2.990891,-26.91753,106.1416,1.242143,-25.23745,-0.1471808,0.05310272,-1.169042,0.00502647
1497,0.016691,1,100,0,-108.0732,0,0,105.7861,0,0,-0.1559015,-0.05962472,0.9859715,0.02235612,0.9977078,0.0638694,-0.9875196,0.03199982,-0.1542111,-626.7151,5.836463,136.0697,-103.3134,3.388941,-25.40444,106.445,1.635861,-26.1724,-0.3389741,0.07702537,-1.211894,-0.006789019
1498,0.016674,1,100,0,-92.64975,0,0,106.0501,0,0,-0.1358069,-0.06010399,0.9889106,0.02375552,0.9976737,0.06389894,-0.9904506,0.03217,-0.1340631,-628.4415,5.895315,135.655,-103.9746,3.810813,-23.78727,106.729,1.945472,-26.59577,-0.5215147,0.09617029,-1.231111,-0.01815477
1499,0.016656,1,100,0,-100.9778,0,0,106.2933,0,0,-0.1153033,-0.06044895,0.9914895,0.02530828,0.997644,0.06376736,-0.9930082,0.03244548,-0.1135018,-630.1767,5.960329,135.2682,-104.5793,4.088324,-22.09678,106.9664,1.745677,-27.2158,-0.605151,0.08254291,-1.260049,-0.02303307
1500,0.016674,1,100,0,-85.55431,0,0,106.4887,0,0,-0.09437098,-0.06072592,0.9936833,0.02668955,0.9976249,0.06350152,-0.9951794,0.03251367,-0.09252609,-631.9237,6.030127,134.9096,-105.1602,4.381397,-20.30883,107.1929,1.671259,-27.35216,-0.6866127,0.07749307,-1.266415,-0.02814411
1501,0.01695,1,100,0,-94.0293,0,0,106.6748,0,0,-0.07288198,-0.06095283,0.9954763,0.02814464,0.9976075,0.06314388,-0.9969435,0.03261938,-0.07099212,-633.7095,6.107069,134.5761,-105.7365,4.85506,-18.40591,107.4363,1.980695,-27.7201,-0.6994383,0.09679914,-1.283147,-0.02869014
1502,0.016414,1,100,0,-102.2363,0,0,106.8784,0,0,-0.05171879,-0.06118397,0.9967858,0.02982338,0.9975818,0.06278023,-0.9982165,0.03297443,-0.04976901,-635.4479,6.189217,134.2845,-106.2538,5.30413,-16.48567,107.6558,2.181686,-28.27188,-0.705476,0.1089553,-1.308531,-0.02857091
1503,0.016697,1,100,0,-86.79158,0,0,107.0596,0,0,-0.02986467,-0.06144272,0.9976638,0.03169969,0.9975488,0.06238455,-0.9990513,0.03348873,-0.02784375,-637.2248,6.280192,134.0204,-106.7348,5.737645,-14.46142,107.8627,2.303452,-28.35335,-0.7053269,0.1165331,-1.312194,-0.02824874
1504,0.016773,1,100,0,-71.27656,0,0,107.2283,0,0,-0.007950611,-0.06172024,0.998062,0.03367965,0.9975107,0.06195444,-0.9994013,0.03410695,-0.005852104,-639.0175,6.378669,133.7896,-107.1694,6.138224,-12.36217,108.0545,2.354647,-27.99076,-0.6991698,0.1200685,-1.295342,-0.02775875
1505,0.016584,1,100,0,-55.93636,0,0,107.3869,0,0,0.01333976,-0.06200439,0.9979867,0.03566832,0.9974698,0.06149551,-0.9992745,0.03477617,0.0155176,-640.7969,6.482419,133.5963,-107.5494,6.491656,-10.23397,108.2301,2.348348,-27.2347,-0.6875488,0.120356,-1.260306,-0.0271466
1506,0.016667,1,100,0,-40.51939,0,0,107.5384,0,0,0.03405001,-0.06231204,0.9974759,0.03766355,0.9974257,0.06102321,-0.9987105,0.03549064,0.03630925,-642.5914,6.592501,133.4377,-107.8849,6.831088,-8.068645,108.4017,2.338122,-26.10627,-0.6127878,0.1208031,-1.20804,-0.02271983
1507,0.016657,1,100,0,-25.11166,0,0,107.6953,0,0,0.05377492,-0.06267351,0.9965844,0.03964385,0.9973757,0.06058412,-0.997766,0.03625053,0.05611842,-644.39,6.707908,133.3154,-108.1714,7.123142,-5.88586,108.5654,2.280964,-24.64153,-0.5352492,0.1186078,-1.140229,-0.01834201
1508,0.016644,1,100,0,-16.78966,0,0,107.8577,0,0,0.07230718,-0.06307986,0.9953857,0.04157085,0.9973214,0.06018272,-0.9965158,0.03702739,0.07473578,-646.1918,6.827809,133.2295,-108.4121,7.36531,-3.707771,108.7252,2.189958,-23.0676,-0.4557641,0.1143678,-1.067389,-0.01394529
1509,0.016685,1,100,0,-8.447162,0,0,108.03,0,0,0.08961976,-0.06352761,0.993948,0.04342321,0.9972641,0.05982428,-0.9950292,0.03779897,0.09213313,-648.0018,6.95177,133.1796,-108.6122,7.557762,-1.548895,108.8859,2.075864,-21.38795,-0.3748954,0.1087758,-0.9896709,-0.009577568
1510,0.016684,1,100,0,-0.1051617,0,0,108.2153,0,0,0.1055884,-0.06400967,0.9923477,0.04517929,0.9972046,0.05951576,-0.9933833,0.03854939,0.1081851,-649.8149,7.078658,133.1655,-108.7767,7.700665,0.5657901,109.0504,1.947741,-19.61561,-0.2936373,0.1024057,-0.9076656,-0.005302723
1511,0.016684,1,100,0,8.236838,0,0,108.415,0,0,0.1201481,-0.06451625,0.9906575,0.04678498,0.9971455,0.05926465,-0.9916531,0.03922736,0.1228235,-651.6304,7.20722,133.1863,-108.9038,7.715636,2.614328,109.2081,1.682978,-17.75839,-0.2204504,0.08740626,-0.8218693,-0.00168096
1512,0.016674,1,100,0,16.57384,0,0,108.6185,0,0,0.1332322,-0.06504982,0.9889478,0.04820978,0.9970879,0.05909037,-0.9899117,0.03980421,0.1359803,-653.447,7.336325,133.2408,-109.0184,7.79742,4.583277,109.3929,1.591406,-15.82491,-0.09899352,0.08361241,-0.7323657,0.004913813
1513,0.016661,1,100,0,24.90434,0,0,108.8522,0,0,0.1447856,-0.06563772,0.9872836,0.04958158,0.9970251,0.0590142,-0.9882201,0.04040667,0.1476093,-655.2639,7.466468,133.3276,-109.1167,7.838841,6.461617,109.5885,1.491945,-13.82224,0.01929042,0.07941724,-0.6396565,0.01122179
1514,0.016675,1,100,0,33.24184,0,0,109.1018,0,0,0.1547808,-0.06627221,0.9857236,0.05089924,0.9969575,0.05903517,-0.9866369,0.04103507,0.1576831,-657.084,7.597205,133.4452,-109.2055,7.843029,8.239766,109.7964,1.388479,-11.75288,0.1337766,0.07507615,-0.5438507,0.01720008
1515,0.016972,1,100,0,41.72784,0,0,109.3672,0,0,0.1633035,-0.06695542,0.9843013,0.05218353,0.996884,0.05915368,-0.9851949,0.04170432,0.1662886,-658.9379,7.730146,133.5946,-109.2926,7.812878,9.934324,110.0209,1.28211,-9.582062,0.245574,0.0707081,-0.4433339,0.02289148
1516,0.016408,1,100,0,49.93184,0,0,109.6523,0,0,0.1699093,-0.0676418,0.9831356,0.0533719,0.9968091,0.05935863,-0.9840137,0.04238623,0.1729774,-660.7317,7.858016,133.7659,-109.3802,7.753708,11.44819,110.2507,1.180111,-7.437171,0.3483503,0.06664076,-0.3440026,0.02797445
1517,0.016674,1,100,0,58.26884,0,0,109.9406,0,0,0.1749583,-0.0683608,0.9821998,0.05454088,0.9967279,0.05965663,-0.9830641,0.04313262,0.1781143,-662.5561,7.98692,133.9646,-109.4805,7.685082,12.85346,110.5,1.108946,-5.204734,0.4651051,0.06470372,-0.2405761,0.03384157
1518,0.016694,1,100,0,66.61584,0,0,110.2472,0,0,0.1782943,-0.06910333,0.9815478,0.0556968,0.9966405,0.06004879,-0.9823998,0.04396271,0.1815442,-664.3843,8.11472,134.1862,-109.5946,7.596306,14.11887,110.7611,1.03446,-2.923933,0.5750346,0.062669,-0.1348966,0.03917858
1519,0.016673,1,100,0,74.95235,0,0,110.5628,0,0,0.1798784,-0.06985427,0.9812055,0.05683384,0.9965473,0.06052748,-0.9820458,0.04487808,0.1832275,-666.2123,8.240789,134.4278,-109.7267,7.491328,15.23284,111.032,0.9579331,-0.6047979,0.6773576,0.06061088,-0.02742616,0.0439312
1520,0.016679,1,100,0,83.29185,0,0,110.8839,0,0,0.1796875,-0.0706005,0.981187,0.05795134,0.9964488,0.06108586,-0.9820153,0.04588474,0.1831407,-668.0433,8.365083,134.6872,-109.8807,7.373835,16.18976,111.3115,0.8800201,1.753193,0.7718523,0.05857414,0.08186168,0.04807221
1521,0.016693,1,100,0,91.63834,0,15.0237,111.2079,0,0,0.1776197,-0.07132234,0.9815114,0.05904901,0.9963456,0.06171446,-0.9823262,0.04699557,0.1811821,-669.8787,8.487483,134.9619,-110.1132,7.249776,16.99848,111.6531,0.8010899,4.426962,0.8582336,0.0569322,0.2058253,0.05133804
1522,0.016667,1,100,0,99.97185,0,30.024,111.5876,0,0,0.1734471,-0.07199071,0.9822085,0.06016416,0.9962366,0.06239457,-0.9830039,0.0482716,0.1771256,-671.7158,8.607884,135.2489,-110.43,7.172632,17.65987,112.063,0.8279825,7.384593,0.945042,0.06248842,0.3431153,0.05426813
1523,0.016662,1,100,0,108.3028,0,45.0198,112.0274,0,0,0.1669521,-0.07257307,0.9832906,0.06134596,0.99612,0.06310407,-0.9840551,0.04978555,0.1707563,-673.5579,8.726864,135.546,-110.8201,7.077492,18.17029,112.5226,0.7743426,10.60758,1.003061,0.0632837,0.4926659,0.0549371
1524,0.0167,1,100,0,92.85535,0,60.0498,112.5081,0,0,0.1580779,-0.07303372,0.9847221,0.06253312,0.9959996,0.06383166,-0.9854447,0.05148736,0.1620126,-675.4112,8.844562,135.8514,-111.2885,6.988783,18.52115,113.0354,0.7120657,13.41867,1.053049,0.06302858,0.6231031,0.05524789
1525,0.016667,1,100,0,101.1888,0,75.05009,113.0292,0,0,0.1469916,-0.07335901,0.9864137,0.06370533,0.9958777,0.06456973,-0.9870842,0.05334861,0.151059,-677.269,8.960602,136.1612,-111.8314,6.909934,18.70448,113.5952,0.6426739,16.5082,1.095003,0.0626865,0.7664878,0.05456442
1526,0.016824,1,100,0,85.62664,0,90.1917,113.5811,0,0,0.1334947,-0.07352553,0.9883184,0.06486557,0.9957541,0.06531715,-0.9889246,0.05538834,0.1376972,-679.1539,9.076474,136.476,-112.4522,6.842809,18.7192,114.2048,0.5656362,19.22046,1.129656,0.06134273,0.8923644,0.05351697
1527,0.016562,1,100,0,93.90764,0,100,114.1633,0,0,0.11808,-0.07351985,0.9902788,0.06598739,0.9956322,0.06604901,-0.9908094,0.05754685,0.1224157,-681.02,9.189614,136.7851,-113.1155,6.808938,18.54482,114.8276,0.530836,22.08746,1.159267,0.06285241,1.025505,0.05174919
1528,0.016669,1,100,0,102.2421,0,100,114.7379,0,0,0.1003315,-0.07331409,0.9922493,0.06711986,0.9955084,0.06676805,-0.9926876,0.0599007,0.1048017,-682.9092,9.303041,137.092,-113.7925,6.796666,18.14168,115.4298,0.4829041,24.97399,1.181966,0.06345675,1.159562,0.04921115
1529,0.016974,1,100,0,86.54119,0,100,115.2688,0,0,0.08013179,-0.07288729,0.9941159,0.06825475,0.9953833,0.06747846,-0.9944447,0.06244596,0.08473675,-684.8447,9.418468,137.3963,-114.4833,6.808311,17.48889,116.0114,0.4221299,27.22663,1.198328,0.06228881,1.264178,0.04663232
1530,0.016414,1,100,0,94.74819,0,100,115.7544,0,0,0.05886777,-0.07226997,0.9956465,0.0693118,0.9952652,0.06814422,-0.9958571,0.06499855,0.0635982,-686.7274,9.530414,137.6786,-115.1439,6.844335,16.61558,116.5377,0.3540524,29.45155,1.208069,0.06048316,1.367514,0.04345367
1531,0.016671,1,100,0,103.0837,0,100,116.1684,0,0,0.0355075,-0.07139749,0.9968159,0.07042147,0.9951442,0.06876928,-0.9968854,0.06775542,0.040363,-688.6507,9.645411,137.9495,-115.8083,7.006019,15.50796,117.0519,0.5265815,31.76367,1.168437,0.07399276,1.475285,0.03671392
1532,0.016679,1,100,0,87.65562,0,100,116.5482,0,0,0.01049312,-0.07023007,0.9974757,0.07171331,0.995015,0.06930242,-0.9973704,0.0708051,0.01547725,-690.5858,9.763458,138.2007,-116.4393,7.221328,14.16118,117.5194,0.6446618,33.45558,1.123597,0.0829948,1.554188,0.03001302
1533,0.01672,1,100,0,96.01562,0,100,116.8636,0,0,-0.01591911,-0.06876705,0.9975057,0.07305611,0.9948856,0.06975232,-0.9972008,0.07398429,-0.01081384,-692.5359,9.885191,138.4286,-117.0167,7.399793,12.56988,117.9223,0.5157835,35.24793,1.07409,0.07605471,1.637473,0.02259723
1534,0.016663,1,100,0,104.3471,0,100,117.1007,0,0,-0.04362223,-0.06699513,0.9967993,0.07426693,0.9947711,0.0701089,-0.9962841,0.07708753,-0.03841861,-694.4888,10.00959,138.6281,-117.5347,7.598431,10.75527,118.2701,0.3803237,37.11995,1.023302,0.06849121,1.724465,0.01483843
1535,0.016678,1,100,0,88.91997,0,100,117.2705,0,0,-0.07259757,-0.06490964,0.9952469,0.0753433,0.9946718,0.070368,-0.9945117,0.08009373,-0.06732025,-696.4516,10.13752,138.7962,-117.9826,7.814774,8.718054,118.5621,0.2414278,38.40637,0.972087,0.05969906,1.784239,0.007744405
1536,0.016695,1,100,0,97.26747,0,100,117.3741,0,0,-0.1025532,-0.06249693,0.9927624,0.07643574,0.9945786,0.07050715,-0.9917867,0.08311327,-0.09722023,-698.4235,10.27037,138.9294,-118.3681,8.241868,6.496569,118.8324,0.5416702,39.82116,0.8201439,0.07883316,1.850633,-0.006088126
1537,0.016673,1,100,0,105.604,0,100,117.4493,0,0,-0.1334776,-0.05966225,0.9892544,0.07783117,0.9944724,0.07047851,-0.9879912,0.08640213,-0.1280961,-700.3987,10.41051,139.0243,-118.6524,8.73197,4.080484,119.0432,0.7462848,41.34961,0.669787,0.09153634,1.922215,-0.0203465
1538,0.016673,1,100,0,90.18145,0,100,117.4593,0,0,-0.1652812,-0.0563897,0.9846331,0.07956243,0.9943479,0.07030147,-0.9830321,0.08995932,-0.1598606,-702.3782,10.55978,139.078,-118.8357,9.39281,1.4849,119.2156,1.224263,42.31783,0.5065353,0.1207041,1.968069,-0.03489072
1539,0.016699,1,100,0,98.53095,0,100,117.4269,0,0,-0.1977219,-0.05266953,0.9788423,0.0817681,0.9941894,0.07001213,-0.9768422,0.09388101,-0.1922663,-704.363,10.72071,139.0874,-118.8914,10.124,-1.287871,119.3286,1.544964,43.43986,0.346205,0.1394917,2.020934,-0.04991484
1540,0.016821,1,100,0,106.9415,0,100,117.3362,0,0,-0.2310444,-0.04841833,0.9717377,0.08403058,0.9940358,0.06950884,-0.9693076,0.09771531,-0.2255978,-706.3625,10.89342,139.0492,-118.787,10.55278,-4.236167,119.3301,0.9041957,44.71228,0.1133323,0.09624725,2.08006,-0.07000357
1541,0.016525,1,100,0,91.65582,0,91.7375,117.128,0,0,-0.2642456,-0.04373955,0.9634631,0.08568192,0.9939565,0.06862357,-0.960642,0.1006849,-0.258901,-708.324,11.06985,138.9621,-118.4964,10.92156,-7.354488,119.2257,0.3540018,45.26955,-0.100015,0.05771303,2.105978,-0.08702631
1542,0.016702,1,100,0,100.0068,0,83.38651,116.8363,0,0,-0.2978723,-0.03860442,0.9538248,0.08686696,0.9939403,0.06735592,-0.9506451,0.1029193,-0.2927139,-710.3005,11.25404,138.8206,-118.0034,11.23756,-10.70346,119.0195,-0.1205558,45.85379,-0.2980556,0.02357928,2.133186,-0.102571
1543,0.01684,1,100,0,84.42982,0,74.96651,116.469,0,0,-0.3316464,-0.03308697,0.9428234,0.0876772,0.9939784,0.0657234,-0.9393207,0.104461,-0.3267484,-712.2839,11.44494,138.6205,-117.2998,11.53006,-14.24732,118.7231,-0.4756809,45.78386,-0.4847935,-0.00370475,2.130028,-0.1156481
1544,0.016515,1,100,0,92.68732,0,66.70901,116.0419,0,0,-0.3643042,-0.02743522,0.9308758,0.08820198,0.9940562,0.06381572,-0.9270937,0.1053534,-0.359719,-714.2164,11.63664,138.3653,-116.4058,11.75857,-17.85513,118.3527,-0.7580703,45.7883,-0.6479858,-0.02638452,2.130332,-0.1268229
1545,0.016704,1,100,0,101.0393,0,58.35701,115.5807,0,0,-0.396883,-0.02151963,0.917617,0.08853712,0.9941658,0.06160844,-0.9135892,0.1056945,-0.3926622,-716.1548,11.83404,138.0462,-115.2966,11.9298,-21.60233,117.908,-0.9830889,45.86255,-0.7920877,-0.04557336,2.133874,-0.1364553
1546,0.016662,1,100,0,85.62697,0,50.026,115.077,0,0,-0.4287815,-0.01548455,0.9032755,0.08873484,0.9942966,0.05916698,-0.8990399,0.1055217,-0.424962,-718.0688,12.03345,137.6651,-113.9894,12.0401,-25.40627,117.4054,-1.151438,45.33695,-0.9141224,-0.06140433,2.109507,-0.143137
1547,0.016683,1,100,0,93.96847,0,41.68451,114.5482,0,0,-0.4598362,-0.009291876,0.8879552,0.08904657,0.9944227,0.05651961,-0.8835279,0.1050591,-0.4564441,-719.9625,12.23707,137.2202,-112.5177,12.52913,-29.19672,116.9173,-0.7786629,44.92646,-1.300612,-0.04254361,2.091119,-0.1666938
1548,0.016697,1,100,0,102.317,0,33.33601,114.0555,0,0,-0.4900763,-0.002783202,0.8716751,0.08972972,0.9945215,0.05362361,-0.8670489,0.1044948,-0.4871417,-721.8319,12.44772,136.7114,-110.832,12.78365,-33.00886,116.3475,-0.941783,44.62589,-1.57904,-0.05818016,2.077572,-0.1834837
1549,0.016672,1,100,0,86.89537,0,25.00001,113.5126,0,0,-0.5193395,0.003908232,0.8545591,0.09043168,0.9946262,0.05040905,-0.8497699,0.1034586,-0.5169021,-723.6695,12.66187,136.14,-108.9741,12.96182,-36.7991,115.7478,-1.061952,43.76171,-1.828098,-0.07108992,2.037781,-0.1970012
1550,0.016684,1,100,0,95.23737,0,16.658,112.9655,0,0,-0.5474701,0.01071,0.8367568,0.09118902,0.9947272,0.04693088,-0.8318421,0.1019963,-0.54556,-725.4765,12.87873,135.5052,-106.9541,13.06283,-40.5513,115.127,-1.13825,43.04723,-2.047605,-0.0810886,2.004905,-0.2086106
1551,0.016704,1,100,0,103.5894,0,8.306005,112.4245,0,0,-0.5745746,0.01759371,0.8182632,0.09203956,0.9948162,0.04323924,-0.8132608,0.1001568,-0.5732154,-727.2512,13.0971,134.8072,-104.7873,13.08736,-44.24202,114.4946,-1.174484,42.47176,-2.237025,-0.08844682,1.97844,-0.218301
1552,0.016662,1,100,0,88.17702,0,0,111.8904,0,0,-0.6005031,0.02447931,0.7992477,0.09300493,0.9948856,0.03940659,-0.7941954,0.09799776,-0.5997086,-728.9846,13.31493,134.05,-102.4979,13.03802,-47.83794,113.8608,-1.174832,41.36306,-2.395396,-0.09313149,1.927139,-0.2248864
1553,0.016684,1,100,0,96.51902,0,0,111.3699,0,0,-0.6252001,0.03152809,0.7798274,0.09445773,0.9948955,0.03550506,-0.7747273,0.0958585,-0.6249868,-730.6822,13.53511,133.233,-100.2372,13.50879,-51.22437,113.3752,-0.3223493,40.58112,-3.088904,-0.04315429,1.891539,-0.2663851
1554,0.016783,1,100,0,80.99474,0,0,110.966,0,0,-0.6487875,0.03929152,0.7599546,0.09772223,0.9946991,0.03199892,-0.7546689,0.09502497,-0.649188,-732.3519,13.76752,132.3549,-97.9651,14.51894,-54.49611,113.0389,2.4699,39.42104,-4.051498,0.1311022,1.83757,-0.3255597
1555,0.01659,1,100,0,65.64899,0,0,110.6891,0,0,-0.6706513,0.04779135,0.7402316,0.1027053,0.9942932,0.02885694,-0.7346281,0.09537865,-0.6717325,-733.9642,14.00741,131.434,-95.61848,14.3349,-57.53399,112.5102,1.037368,37.96219,-4.782938,0.03472136,1.7724,-0.3699988
1556,0.016666,1,100,0,50.23294,0,0,110.2587,0,0,-0.6910658,0.05689901,0.7205487,0.1071953,0.9939405,0.02432139,-0.7147987,0.09404709,-0.6929776,-735.5447,14.2445,130.4588,-93.2419,14.00014,-60.46228,112.0078,-0.07927496,36.19062,-5.452955,-0.04100311,1.692434,-0.4089069
1557,0.016708,1,100,0,34.77805,0,0,109.8649,0,0,-0.7098715,0.06644682,0.7011899,0.1114236,0.993598,0.0186469,-0.6954619,0.09136601,-0.7127307,-737.0895,14.47585,129.4329,-90.85719,13.53085,-63.26999,111.5402,-0.9370607,34.13345,-6.055332,-0.09946712,1.598899,-0.4423235
1558,0.016661,1,100,0,26.44755,0,0,109.5184,0,0,-0.7269441,0.07609662,0.6824673,0.1156031,0.9932183,0.01239092,-0.6768962,0.08790281,-0.7308112,-738.59,14.6995,128.3633,-88.44727,13.20106,-66.04533,111.1718,-0.8610048,32.0225,-6.129318,-0.09746857,1.500918,-0.4417292
1559,0.016783,1,100,0,18.05605,0,0,109.2967,0,0,-0.7425228,0.08555138,0.6643349,0.119975,0.9927573,0.006250471,-0.6589886,0.08434468,-0.747409,-740.0612,14.91895,127.24,-86.0596,12.81658,-68.69276,110.8567,-0.7563094,29.84311,-6.152173,-0.09272328,1.399612,-0.4379787
1560,0.016598,1,100,0,9.757046,0,0,109.1349,0,0,-0.7563763,0.09470369,0.647245,0.1244531,0.9922254,0.0002564453,-0.6421887,0.08074562,-0.762282,-741.4771,15.12898,126.0864,-83.80051,12.32053,-71.11169,110.5947,-0.9025224,27.64463,-6.433075,-0.1030883,1.298155,-0.4509359
1561,0.016686,1,100,0,1.414045,0,0,109.0177,0,0,-0.768789,0.1038756,0.6310098,0.1291309,0.9916099,-0.005910527,-0.6263295,0.07693894,-0.7757524,-742.8632,15.33157,124.8871,-81.59296,11.77511,-73.4052,110.3829,-0.9967057,25.39019,-6.656248,-0.1093205,1.193897,-0.4603244
1562,0.016676,1,100,0,-6.923954,0,0,108.9543,0,0,-0.7797352,0.1129603,0.6158354,0.1339739,0.9909108,-0.01212897,-0.611608,0.07304849,-0.7877818,-744.2121,15.52473,123.651,-79.46523,11.19269,-75.55979,110.2238,-1.045852,23.09778,-6.820421,-0.1118381,1.087659,-0.4661694
1563,0.01671,1,100,0,-15.27895,0,0,108.9438,0,0,-0.7893004,0.1219338,0.6017783,0.1389777,0.9901259,-0.01833672,-0.5980722,0.06916059,-0.7984529,-745.5286,15.70839,122.3771,-77.42477,10.58138,-77.58305,110.1167,-1.057554,20.76408,-6.927104,-0.1111088,0.9792855,-0.46861
1564,0.016658,1,100,0,-23.60796,0,0,108.9838,0,0,-0.7974945,0.1307064,0.5889977,0.1440916,0.9892626,-0.02443258,-0.5858669,0.06538478,-0.8077652,-746.8077,15.88121,121.0742,-75.49422,9.954326,-79.46719,110.0613,-1.038575,18.40535,-6.977167,-0.1075738,0.8695266,-0.4677601
1565,0.016989,1,100,0,-32.10246,0,0,109.0713,0,0,-0.8045553,0.1393334,0.5773015,0.1491377,0.98834,-0.03069323,-0.5748467,0.06140304,-0.815954,-748.0795,16.04354,119.7147,-73.56786,8.751037,-81.12661,109.8651,-1.881644,15.9692,-6.692874,-0.1581061,0.7577534,-0.445548
1566,0.016383,1,100,0,-40.29395,0,0,109.0232,0,0,-0.8101791,0.1473167,0.5673692,0.1535866,0.9874396,-0.03707235,-0.5657042,0.05710506,-0.8226288,-749.2762,16.18123,118.3773,-72.0137,7.705163,-82.64292,109.8872,-2.120777,13.59668,-6.970746,-0.1693018,0.6480119,-0.4597706
1567,0.016682,1,100,0,-48.63495,0,0,109.1629,0,0,-0.8146954,0.1555014,0.558651,0.1582586,0.9864267,-0.04378081,-0.5578763,0.0527433,-0.8282467,-750.4695,16.30387,116.9907,-70.55488,6.639743,-84.07064,109.9543,-2.329177,11.15101,-7.193292,-0.1777098,0.5346301,-0.4707415
1568,0.016919,1,100,0,-57.09445,0,0,109.3423,0,0,-0.8180645,0.163816,0.5513031,0.1631141,0.985302,-0.05073508,-0.5515112,0.04842072,-0.8327612,-751.6556,16.41022,115.5608,-69.21214,5.571961,-85.40038,110.0663,-2.504115,8.643364,-7.3577,-0.1831262,0.4180941,-0.4783287
1569,0.016468,1,100,0,-65.32845,0,0,109.5592,0,0,-0.8202199,0.1717871,0.5456451,0.1676876,0.984146,-0.05777178,-0.5469189,0.04411232,-0.8360227,-752.7883,16.4955,114.1487,-67.91985,4.38801,-86.43604,110.0161,-3.458076,6.192308,-7.186109,-0.2375263,0.3061145,-0.4647192
1570,0.016671,1,100,0,-73.66396,0,0,109.6027,0,0,-0.8213599,0.1794995,0.5414313,0.1716601,0.9829781,-0.06547346,-0.5439675,0.03916487,-0.8381917,-753.9144,16.56144,112.7026,-66.79362,3.086056,-87.36111,110.0131,-4.357021,3.688125,-6.960951,-0.2875128,0.1914238,-0.4480077
1571,0.016679,0.5,100,0,-82.00346,0,0,109.6798,0,0,-0.8214626,0.1869247,0.5387564,0.1749033,0.9818039,-0.07396066,-0.5427781,0.03347438,-0.8392089,-755.0261,16.61049,111.2417,-66.35409,2.648393,-88.05112,110.2854,-5.958366,1.166927,-6.969577,-0.3812766,0.07832319,-0.4466479
1572,0.016678,0.5,100,0,-90.34245,0,0,109.9975,0,0,-0.8205152,0.194233,0.5376138,0.1774183,0.9805875,-0.08349483,-0.5433949,0.02687377,-0.8390474,-756.129,16.64709,109.7722,-65.6823,1.283036,-88.22801,110,-6.775512,-1.376008,-6.930583,-0.4244655,-0.03841599,-0.4429036
1573,0.016689,0.5,100,0,-98.68695,0,0,109.7534,0,0,-0.8185011,0.2014145,0.5380412,0.1794581,0.9793031,-0.09359738,-0.5457573,0.01994626,-0.8377061,-757.2218,16.66109,108.299,-65.08149,-0.05093616,-88.36565,109.7456,-7.614394,-3.936474,-6.844759,-0.4682867,-0.1559924,-0.4368041
1574,0.016684,0.5,100,0,-107.029,0,0,109.5421,0,0,-0.8154228,0.2083533,0.5400692,0.1810346,0.9779673,-0.1039551,-0.5498294,0.01300387,-0.8351761,-758.3045,16.65205,106.8247,-64.51662,-1.525195,-88.37218,109.4274,-7.664356,-6.512768,-6.430887,-0.4614402,-0.2773075,-0.4103718
1575,0.016692,0.5,100,0,-91.58885,0,0,109.2596,0,0,-0.8113711,0.2148531,0.543613,0.1822732,0.9766239,-0.1139403,-0.5553859,0.006638229,-0.8315665,-759.3788,16.61837,105.3498,-64.05651,-3.005898,-88.31973,109.1451,-7.555205,-8.437173,-5.98681,-0.446422,-0.3686329,-0.3825983
1576,0.016674,0.5,100,0,-99.92585,0,0,108.9998,0,0,-0.8065078,0.2209049,0.5484035,0.1832227,0.9752951,-0.1234071,-0.5621165,0.000951156,-0.8270579,-760.4449,16.56004,103.8778,-63.70775,-4.483161,-88.20267,108.8967,-7.310957,-10.42747,-5.518346,-0.4222747,-0.4636766,-0.353539
1577,0.016683,0.5,100,0,-108.2673,0,0,108.7556,0,0,-0.8007299,0.2267242,0.5544616,0.1840857,0.973951,-0.1324084,-0.5700386,-0.00395491,-0.8216084,-761.5069,16.47733,102.4072,-63.56033,-5.908288,-88.05437,108.7584,-7.118535,-12.48369,-5.639717,-0.4008054,-0.5617762,-0.3624868
1578,0.016682,0.5,100,0,-92.8365,0,0,108.6014,0,0,-0.7940044,0.2327134,0.5616064,0.1851353,0.9725112,-0.1412344,-0.5790356,-0.00816752,-0.8152616,-762.567,16.37119,100.9394,-63.51297,-7.273032,-87.84249,108.6421,-7.043504,-13.92978,-5.718458,-0.3887734,-0.6307717,-0.3687675
1579,0.016959,0.5,100,0,-101.316,0,0,108.4503,0,0,-0.7863519,0.2388739,0.569728,0.186289,0.9709789,-0.1499888,-0.5890223,-0.01180988,-0.8080307,-763.644,16.23996,99.45179,-63.50652,-8.668517,-87.47289,108.4423,-6.732858,-15.51332,-5.583506,-0.360963,-0.7073435,-0.3614061
1580,0.016403,1,100,0,-86.14323,0,0,108.1899,0,0,-0.7781921,0.2447687,0.5783646,0.1875821,0.969475,-0.1578973,-0.5993584,-0.01438357,-0.800352,-764.3707,17.73779,97.76572,-63.50294,-8.949383,-87.04637,108.1193,-5.895545,-16.49378,-5.495006,-0.3022823,-0.7577113,-0.356686
1581,0.016704,1,100,0,-94.49522,0,0,107.8575,0,0,-0.7692372,0.2507143,0.5877216,0.1891454,0.9679286,-0.1653434,-0.6103266,-0.0160234,-0.7919881,-765.4344,17.59028,96.31233,-64.022,-8.592999,-86.92873,108.3017,-5.845164,-17.63653,-5.384407,-0.2923242,-0.8125563,-0.3504153
1582,0.016762,1,100,0,-102.8762,0,0,108.0585,0,0,-0.7595202,0.2566975,0.5976919,0.1905166,0.966334,-0.1729225,-0.6219587,-0.01746789,-0.7828553,-766.5116,17.44555,94.85745,-64.75492,-8.718583,-86.5267,108.4255,-6.636239,-18.91639,-5.541456,-0.3345046,-0.87041,-0.3614032
1583,0.016588,1,100,0,-87.53232,0,0,108.1651,0,0,-0.7491593,0.2628706,0.6079964,0.1917229,0.964646,-0.1808334,-0.6340371,-0.01890618,-0.7730718,-767.5904,17.30239,93.42419,-65.5918,-8.451897,-86.15216,108.609,-6.329933,-19.64956,-5.837437,-0.3097709,-0.9073188,-0.381095
1584,0.016674,1,100,0,-95.86932,0,0,108.3492,0,0,-0.738073,0.2693959,0.6186068,0.19329,0.9628284,-0.1886819,-0.6464424,-0.01969051,-0.7627092,-768.8201,17.25143,92.23853,-83.44307,3.95991,-53.42852,108.7897,-6.23802,-35.09895,-8.96329,-0.2305431,-1.644769,-0.5869366
1585,0.016713,1,100,0,-104.2258,0,0,94.61359,0,0,-0.7180811,0.279453,0.6373896,0.1980335,0.9600291,-0.197805,-0.6671898,-0.01581557,-0.7447198,-770.1959,17.30832,91.32641,-80.10791,2.281518,-56.883,98.27593,-6.07286,-35.00162,-9.354236,-0.2143771,-1.64279,-0.6095116
1586,0.016794,1,100,0,-88.69137,0,0,95.77299,0,0,-0.6974123,0.2897558,0.6554829,0.2029355,0.9570324,-0.2071388,-0.6873381,-0.01144038,-0.726248,-771.5284,17.33858,90.35632,-77.83194,0.8361386,-59.5355,97.99483,-5.951097,-34.45528,-9.693074,-0.2030302,-1.619245,-0.6283781
1587,0.016577,1,100,0,-73.35764,0,0,96.72483,0,0,-0.6767052,0.3000713,0.6723298,0.2078763,0.9538929,-0.2165082,-0.7062986,-0.006750822,-0.707882,-772.8105,17.34917,89.35779,-76.38788,0.2398943,-61.64038,98.15652,-5.657963,-33.51984,-10.0539,-0.1831437,-1.577929,-0.6485033
1588,0.016764,1,100,0,-57.85094,0,0,97.58514,0,0,-0.6557159,0.3106283,0.6881473,0.2130296,0.9505301,-0.2260775,-0.7243308,-0.001646906,-0.6894507,-774.0865,17.35102,88.31587,-75.58976,-0.1521528,-63.17645,98.51447,-5.3442,-32.20184,-10.34406,-0.1641938,-1.518344,-0.6640097
1589,0.016599,1,100,0,-49.55145,0,0,98.3093,0,0,-0.6351287,0.3211273,0.7024876,0.2182264,0.9470291,-0.2356127,-0.7409379,0.003656924,-0.6715638,-775.3397,17.34735,87.26157,-75.31611,-0.3581257,-64.19238,98.96114,-5.040988,-30.76245,-10.55604,-0.1470842,-1.452732,-0.6746498
1590,0.016763,1,100,0,-41.16994,0,0,98.91253,0,0,-0.6146809,0.3317783,0.7156051,0.2235234,0.9433133,-0.2453522,-0.7564424,0.009141207,-0.6539969,-776.6031,17.34022,86.18263,-75.47824,-0.5604727,-64.70383,99.41763,-4.855942,-29.18204,-10.91297,-0.1385493,-1.379524,-0.6947765
1591,0.016656,1,100,0,-32.84195,0,0,99.40593,0,0,-0.5948161,0.3424785,0.7272569,0.2290127,0.9394088,-0.2550776,-0.7705501,0.01482676,-0.6372074,-777.8627,17.33259,85.1031,-75.90833,-0.2508382,-65.02536,99.95216,-3.885626,-27.50659,-11.15198,-0.08237959,-1.305982,-0.707641
1592,0.016663,1,100,0,-24.51044,0,0,99.92209,0,0,-0.5755061,0.3531921,0.7375962,0.2350501,0.9353113,-0.2644697,-0.7832906,0.02116817,-0.6212952,-779.131,17.33109,84.0192,-76.53465,0.2344849,-65.08823,100.4693,-3.014585,-25.72746,-11.30448,-0.03371025,-1.226719,-0.7150738
1593,0.016791,1,100,0,-16.11494,0,0,100.3928,0,0,-0.5567668,0.3639161,0.7467102,0.2415554,0.9310102,-0.2736263,-0.7947719,0.02802584,-0.6062615,-780.4204,17.33854,82.92709,-77.30318,0.8647272,-64.94404,100.9666,-2.254943,-23.83852,-11.37238,0.006648947,-1.141296,-0.7173454
1594,0.01659,1,100,0,-7.819944,0,0,100.8357,0,0,-0.5391074,0.3743744,0.7544582,0.2482632,0.9266148,-0.2824018,-0.8048161,0.03505932,-0.5924882,-781.7076,17.35689,81.85131,-78.15182,1.59413,-64.64198,101.4339,-1.62877,-21.88968,-11.35631,0.03752141,-1.051889,-0.7146697
1595,0.016544,0,100,0,0.452055,0,14.8896,101.2533,0,0,-0.5225332,0.3845235,0.7609866,0.2549197,0.9221604,-0.2909227,-0.8136183,0.0419737,-0.5798821,-782.9533,17.5704,80.72391,-78.68527,1.611382,-64.81326,101.9545,-1.545799,-19.78362,-10.97868,0.03304639,-0.9512891,-0.6893323
1596,0.016977,0.5,100,0,8.940555,0,30.1689,101.6715,0,0,-0.5069249,0.3945604,0.7663872,0.2612095,0.9176,-0.2996332,-0.8214603,0.04829612,-0.5682173,-784.292,17.58738,79.62801,-79.19482,-0.219576,-64.02942,101.8412,-1.845064,-17.11268,-10.89174,0.000856074,-0.8199121,-0.6836026
1597,0.016491,0.5,100,0,17.18605,0,45.0108,101.4274,0,0,-0.4935165,0.404169,0.7701228,0.2661275,0.9131707,-0.3087001,-0.8280206,0.05260226,-0.5582253,-785.6012,17.58058,78.5759,-79.76901,-0.7946224,-63.33583,101.8585,-4.008396,-14.24326,-10.6774,-0.147645,-0.6660652,-0.6702197
1598,0.01672,0.5,100,0,25.54605,0,60.0588,101.3642,0,0,-0.482078,0.4137497,0.7722773,0.2687564,0.9088052,-0.3191293,-0.8338893,0.05370928,-0.5493129,-786.9384,17.56445,77.52087,-80.40073,-1.303484,-62.62699,101.9221,-6.256979,-11.07795,-10.38781,-0.3037352,-0.4962821,-0.6532449
1599,0.016646,0.5,100,0,33.86906,0,75.0402,101.3771,0,0,-0.4731218,0.4231275,0.7727346,0.2689106,0.9046147,-0.3306955,-0.8389535,0.05133727,-0.5417764,-788.2805,17.54026,76.48219,-81.06643,-1.751284,-61.93944,102.0359,-8.546325,-7.698666,-10.02956,-0.4642466,-0.3147808,-0.6327761
1600,0.016718,0.5,100,0,42.22806,0,90.0864,101.4784,0,0,-0.4668067,0.4323802,0.7714524,0.2665443,0.9005527,-0.3434515,-0.8432353,0.04530083,-0.5356326,-789.6396,17.50864,75.45037,-81.76916,-2.172149,-61.2757,102.2038,-10.80622,-4.091626,-9.68494,-0.6249879,-0.1212371,-0.6137331
1601,0.016623,0.5,100,0,50.53956,0,100,101.6735,0,0,-0.4634253,0.4413556,0.7684024,0.2614413,0.8966379,-0.3573358,-0.8466909,0.03529371,-0.5309134,-791.0026,17.4712,74.43468,-82.44696,-2.41302,-60.75244,102.4411,-13.86609,-0.3916698,-9.15304,-0.8354587,0.08336716,-0.5824617
1602,0.016683,0,100,0,58.88106,0,100,101.9762,0,0,-0.4629248,0.4500275,0.7636597,0.2541647,0.8927469,-0.3720264,-0.8491769,0.02187505,-0.5276558,-792.3803,17.42744,73.42197,-82.83866,-3.045482,-60.60357,102.6855,-13.17962,3.040044,-8.846575,-0.817516,0.2490947,-0.5657594
1603,0.016684,0,100,0,67.22306,0,100,102.2559,0,0,-0.4649067,0.4584117,0.7574436,0.2470203,0.8887082,-0.3862371,-0.850202,0.007539719,-0.5264034,-793.7643,17.36871,72.4116,-83.17738,-4.469573,-60.47124,102.9331,-12.39023,6.4224,-8.550342,-0.7939454,0.4122749,-0.5480939
1604,0.016929,0,100,0,75.68756,0,100,102.5161,0,0,-0.4694155,0.4665249,0.749669,0.2399814,0.8844725,-0.4001465,-0.8497399,-0.007928431,-0.5271424,-795.1743,17.28489,71.38863,-83.52053,-5.916454,-60.33992,103.2065,-11.62914,9.812081,-8.259814,-0.7730252,0.5767166,-0.5290065
1605,0.016445,0,100,0,83.91006,0,100,102.8254,0,0,-0.4761885,0.4739207,0.7407049,0.2333364,0.8802425,-0.4131916,-0.8478199,-0.02392368,-0.5297443,-796.5496,17.17987,70.397,-83.85143,-7.325957,-60.21947,103.4945,-10.92735,13.0559,-7.987149,-0.7553614,0.7349674,-0.5092249
1606,0.016678,0,100,0,92.24906,0,100,103.1671,0,0,-0.4854051,0.4808204,0.7302012,0.2267768,0.8758518,-0.4259768,-0.8443664,-0.04117863,-0.5341818,-797.95,17.04971,69.39328,-84.18265,-8.761777,-60.10833,103.8099,-10.25088,16.31078,-7.719719,-0.7399374,0.8946829,-0.4877583
1607,0.01729,0,100,0,100.8941,0,100,103.5506,0,0,-0.4973953,0.4872031,0.717796,0.2201504,0.8712097,-0.4387797,-0.8391257,-0.06022385,-0.5405936,-799.4075,16.88959,68.35458,-84.51921,-10.25957,-60.00868,104.1624,-9.584958,19.65617,-7.451723,-0.726358,1.059847,-0.4638347
1608,0.016191,0,100,0,85.91738,0,100,103.9804,0,0,-0.5107021,0.4923484,0.7048236,0.2141118,0.8667979,-0.4503527,-0.8326701,-0.07908499,-0.5480932,-800.7776,16.71585,67.38339,-84.82541,-11.67348,-59.93385,104.5164,-8.994127,22.11137,-7.209401,-0.7107452,1.181133,-0.4405816
1609,0.016667,1,100,0,94.25089,0,100,104.4041,0,0,-0.5261493,0.4964424,0.6904434,0.2085027,0.862439,-0.461222,-0.8244355,-0.09871227,-0.5572813,-802.1976,16.50672,66.38902,-85.9325,-14.296,-59.1201,105.2804,-6.272239,24.89476,-6.076346,-0.5696271,1.30472,-0.3561862
1610,0.016688,1,100,0,102.5949,0,100,105.2035,0,0,-0.5432058,0.4987346,0.6754194,0.2060599,0.8590425,-0.4685995,-0.8139208,-0.1153691,-0.569406,-803.6389,16.26381,65.40261,-87.24077,-15.0803,-59.09008,106.4425,3.021561,27.66898,-5.074754,-0.03595692,1.378074,-0.2721736
1611,0.016693,1,100,0,87.15386,0,100,106.3931,0,0,-0.561093,0.4994124,0.6601226,0.210457,0.8573517,-0.4697402,-0.8005513,-0.1246405,-0.5861589,-805.1,16.01235,64.41157,-88.09572,-15.03386,-59.93179,107.6043,13.15199,29.79499,-4.024998,0.5530651,1.412024,-0.1856229
1612,0.016674,1,100,0,95.49086,0,100,107.5285,0,0,-0.5793546,0.4987197,0.6446913,0.2217572,0.8575677,-0.4641134,-0.7843289,-0.1259214,-0.6074305,-806.5706,15.76852,63.4022,-88.39212,-13.80245,-61.74863,108.704,22.79749,31.99324,-3.038031,1.113394,1.452425,-0.106874
1613,0.016687,1,100,0,103.8344,0,100,108.5745,0,0,-0.5980392,0.4969531,0.6287978,0.238961,0.8594359,-0.4519597,-0.7650142,-0.1200314,-0.6327287,-808.0436,15.55255,62.35637,-88.02612,-11.21926,-64.52866,109.7197,30.63047,34.26173,-2.117527,1.566009,1.508801,-0.03972782
1614,0.016673,1,100,0,88.41183,0,100,109.517,0,0,-0.6170263,0.4944416,0.612214,0.2605894,0.8624511,-0.4339025,-0.7425441,-0.1081928,-0.6610013,-809.4863,15.45577,61.22413,-87.06973,-7.681806,-67.98991,110.7374,37.50462,35.92112,-1.257273,1.966956,1.540004,0.0150696
1615,0.016708,1,100,0,96.76584,0,100,110.4256,0,0,-0.6361489,0.491515,0.59475,0.2852372,0.8660412,-0.4106245,-0.7169062,-0.09157352,-0.6911296,-810.8393,15.65998,59.91097,-85.65638,-3.845286,-71.69553,111.7678,41.38637,37.69149,-0.4193849,2.188942,1.598473,0.05956343
1616,0.016665,1,100,0,105.0983,0,100,111.3106,0,0,-0.6555531,0.4883722,0.5759712,0.3100991,0.8695468,-0.3843527,-0.6885411,-0.0733555,-0.7214779,-812.1845,15.83674,58.59145,-84.08146,-0.6992487,-75.08205,112.7275,41.1427,39.55188,0.4155726,2.163831,1.692258,0.09775458
1617,0.016703,1,100,0,89.64807,0,100,112.1149,0,0,-0.6754012,0.4850559,0.5554764,0.3330249,0.8726747,-0.3571178,-0.6579723,-0.05621029,-0.7509413,-813.5163,16.01592,57.2417,-82.22993,2.184174,-78.3818,113.6232,39.96106,40.83556,1.275019,2.087042,1.763845,0.1367156
1618,0.016954,1,100,0,98.12507,0,100,112.8424,0,0,-0.6957729,0.4815201,0.5329526,0.3532259,0.8754643,-0.3298391,-0.6254051,-0.04124042,-0.7792097,-814.8505,16.19341,55.84333,-80.10654,4.77316,-81.56377,114.4224,35.99194,42.2762,2.129927,1.842011,1.864273,0.1763611
1619,0.016392,1,100,0,106.3211,0,100,113.4575,0,0,-0.7158276,0.4778218,0.5091926,0.3685595,0.8779042,-0.305693,-0.5930891,-0.03115575,-0.8045338,-816.1208,16.359,54.46195,-77.88216,6.84094,-84.43986,115.0761,31.19434,43.783,2.909646,1.54657,1.974164,0.2160447
1620,0.016685,1,100,0,90.88744,0,100,113.9127,0,0,-0.7364593,0.4736457,0.4829987,0.3798826,0.8803401,-0.2840613,-0.5597475,-0.02571683,-0.8282644,-817.3918,16.51864,53.02514,-75.51521,8.414914,-87.15366,115.6249,26.7121,44.76353,3.635381,1.274057,2.054861,0.2568175
1621,0.016891,1,100,0,99.33295,0,100,114.2393,0,0,-0.7572671,0.468859,0.4546625,0.3875009,0.8829315,-0.2650949,-0.525728,-0.02456555,-0.8502982,-818.6492,16.67658,51.53542,-73.01295,9.520939,-89.72326,116.0681,22.74774,45.91614,4.295809,1.031584,2.139942,0.2977066
1622,0.016495,1,100,0,107.5804,0,100,114.4426,0,0,-0.7774341,0.463465,0.4252018,0.3918144,0.885704,-0.2490182,-0.4920141,-0.02699502,-0.8701687,-819.8391,16.83833,50.04185,-70.3585,10.37815,-92.1831,116.4292,20.16152,47.17727,4.994064,0.8715893,2.219933,0.3446239
1623,0.016673,1,100,0,92.15792,0,100,114.5521,0,0,-0.7974448,0.4571676,0.3938019,0.3937268,0.888806,-0.2345288,-0.4572324,-0.03197339,-0.8887728,-820.9949,17.01857,48.49052,-67.51864,11.03578,-94.57481,116.726,17.93255,47.9146,5.517324,0.7375692,2.270486,0.3824631
1624,0.016682,1,100,0,100.4989,0,100,114.5744,0,0,-0.816793,0.4500343,0.3609964,0.3935901,0.8921605,-0.2216674,-0.4218247,-0.03897183,-0.9058395,-822.105,17.20415,46.90023,-64.58486,11.30459,-96.82174,116.9335,15.98173,48.82109,5.963318,0.6196855,2.327038,0.4172917
1625,0.016695,1,100,0,85.05605,0,100,114.5079,0,0,-0.8353257,0.4420264,0.3268692,0.3916948,0.8957354,-0.2103166,-0.3857538,-0.04764993,-0.9213703,-823.1666,17.39244,45.27197,-61.55368,11.22748,-98.92781,117.0539,14.32593,49.21433,6.331207,0.523917,2.355449,0.4483364
1626,0.016739,1,100,0,93.42554,0,100,114.3587,0,0,-0.8528541,0.4331228,0.291624,0.3883186,0.8994937,-0.2002997,-0.3490683,-0.05758336,-0.9353265,-824.1796,17.57824,43.60491,-58.41536,10.84744,-100.8978,117.0914,12.91218,49.80397,6.622282,0.442041,2.391563,0.4757494
1627,0.016674,1,100,0,101.7625,0,100,114.1387,0,0,-0.8692073,0.4233715,0.2554122,0.3837116,0.9033614,-0.1915825,-0.3118401,-0.06852032,-0.9476609,-825.1358,17.75556,41.91229,-55.18837,10.2131,-102.7177,117.0512,11.72144,50.56704,6.835489,0.3731531,2.434382,0.4993541
1628,0.01665,1,100,0,86.36129,0,100,113.8517,0,0,-0.8843003,0.4127687,0.2182546,0.3780753,0.9072945,-0.1840543,-0.273993,-0.08024265,-0.9583784,-826.0366,17.9203,40.19278,-51.90568,9.261717,-104.3597,116.9227,10.60254,50.82391,6.967735,0.312702,2.451293,0.5179526
1629,0.016807,1,100,0,94.76479,0,100,113.4947,0,0,-0.8981185,0.40121,0.180039,0.3715436,0.9113115,-0.1773896,-0.2352421,-0.0924245,-0.9675328,-826.8889,18.07181,38.42951,-48.30251,8.52539,-105.9919,116.7908,10.22433,51.28997,7.120208,0.2969107,2.473449,0.5389739
1630,0.016572,1,100,0,103.0508,0,100,113.1255,0,0,-0.9103087,0.3889507,0.1416176,0.3644402,0.9153286,-0.1713389,-0.196269,-0.1043602,-0.9749808,-827.6694,18.20812,36.66485,-44.66398,7.63246,-107.44,116.6039,9.771196,51.92811,7.194645,0.276076,2.504314,0.5551447
1631,0.016667,1,100,0,87.63381,0,100,112.7215,0,0,-0.9210234,0.3758282,0.1023187,0.3567234,0.919365,-0.1658805,-0.1564108,-0.1162804,-0.9808233,-828.3931,18.32954,34.86681,-40.92078,6.597274,-108.7291,116.3617,9.269255,52.07084,7.194307,0.2561323,2.510839,0.5657288
1632,0.01698,1,100,0,96.12381,0,100,112.2774,0,0,-0.9302202,0.3617483,0.06187702,0.3483916,0.923416,-0.1610173,-0.115386,-0.1282241,-0.9850103,-829.066,18.43489,33.01397,-37.02525,5.427059,-109.865,116.0631,8.714956,52.43081,7.118646,0.2323894,2.528033,0.5719293
1633,0.016385,1,100,0,104.3163,0,100,111.7945,0,0,-0.9374039,0.3475254,0.02236358,0.339996,0.927206,-0.1571362,-0.07534446,-0.1396965,-0.9873237,-829.6522,18.51603,31.2089,-33.26999,4.011263,-110.7346,115.6942,7.948296,52.95701,6.973094,0.1946164,2.554468,0.5735326
1634,0.016686,1,100,0,88.88176,0,100,111.2773,0,0,-0.9429373,0.3324683,-0.01827073,0.3312047,0.9308824,-0.1541463,-0.03424084,-0.1514016,-0.9878788,-830.1858,18.57461,29.35703,-29.36957,2.519691,-111.4448,115.2773,7.237322,53.00002,6.758358,0.1636945,2.556719,0.5699123
1635,0.016694,1,100,0,97.22876,0,100,110.7181,0,0,-0.9466178,0.31691,-0.05901565,0.3222816,0.9343906,-0.1518193,0.007030606,-0.1627345,-0.9866451,-830.6532,18.6103,27.49278,-25.23839,1.384845,-112.0891,114.9037,7.21929,53.26004,6.550445,0.1750805,2.565764,0.5675943
1636,0.016668,1,100,0,105.5628,0,100,110.1893,0,0,-0.9484139,0.3009029,-0.09984167,0.3132923,0.9377751,-0.1497515,0.04856837,-0.173306,-0.9836696,-831.0508,18.62673,25.62175,-21.07427,0.1992281,-112.5421,114.4984,7.043496,53.71323,6.274139,0.1761167,2.584803,0.5607607
1637,0.016693,1,100,0,90.12173,0,100,109.6462,0,0,-0.9482799,0.2845069,-0.1407874,0.3043045,0.9409971,-0.1480648,0.09035508,-0.1832491,-0.9789053,-831.3792,18.62314,23.74142,-16.87314,-1.030698,-112.8017,114.0614,6.750968,53.67793,5.931407,0.1726668,2.58057,0.5477
1638,0.016673,1,100,0,98.45824,0,100,109.0865,0,0,-0.9461961,0.2679151,-0.1814791,0.295456,0.9440066,-0.146825,0.1319808,-0.1925444,-0.9723724,-831.6371,18.59887,21.86009,-12.65542,-2.293355,-112.8653,113.5958,6.368347,53.86055,5.526661,0.1626289,2.587137,0.5307404
1639,0.016661,1,100,0,106.7887,0,100,108.5185,0,0,-0.942134,0.2511629,-0.2220375,0.2868496,0.9467542,-0.1461975,0.1734956,-0.201429,-0.9640154,-831.825,18.55214,19.98052,-8.505226,-3.814094,-112.6676,113.0526,5.629356,54.24065,5.090293,0.1294754,2.604695,0.5118256
1640,0.016671,1,100,0,91.36806,0,100,107.906,0,0,-0.936079,0.2342857,-0.2624239,0.2785986,0.9491898,-0.1463612,0.2147998,-0.2101166,-0.9537883,-831.9437,18.48001,18.10418,-4.343416,-5.338738,-112.2754,112.4862,4.945717,54.13861,4.603048,0.1018755,2.598645,0.4879914
1641,0.016726,1,100,0,99.73106,0,91.637,107.2758,0,0,-0.9280598,0.2173631,-0.3024209,0.27071,0.9513792,-0.1469485,0.2557757,-0.2182453,-0.9417791,-831.9918,18.38395,16.22902,0.0525369,-6.537076,-111.7374,111.9285,5.047524,54.11449,4.099928,0.1235342,2.593285,0.4636195
1642,0.016675,1,100,0,108.0686,0,83.2995,106.6721,0,0,-0.9181434,0.2005719,-0.3417362,0.2631583,0.9534186,-0.1474471,0.2962439,-0.2253083,-0.9281572,-831.9663,18.26821,14.36995,4.490514,-7.735294,-110.9479,111.3078,4.991489,54.15923,3.549258,0.1348499,2.591695,0.4354321
1643,0.016926,1,100,0,92.41201,0,74.8365,106.0502,0,0,-0.9061722,0.1837573,-0.3809007,0.2559116,0.9553115,-0.1479507,0.3366918,-0.2315458,-0.9127023,-831.8647,18.13035,12.49778,9.023662,-8.948341,-109.8875,110.6199,4.805699,53.58612,2.945921,0.1399169,2.560787,0.400678
1644,0.016422,1,100,0,100.623,0,66.6255,105.4047,0,0,-0.8928615,0.1678542,-0.4178795,0.2493876,0.9569559,-0.1484626,0.3749722,-0.2367705,-0.8962898,-831.6925,17.97692,10.69992,13.41731,-10.11873,-108.6177,109.91,4.52689,53.14533,2.322655,0.1375649,2.536562,0.364143
1645,0.016688,1,100,0,85.18661,0,58.2815,104.7799,0,0,-0.8777379,0.1521963,-0.4543266,0.243383,0.9583943,-0.1491492,0.4127241,-0.2414893,-0.8782609,-831.4442,17.80027,8.89595,17.79411,-11.50359,-107.0211,109.0984,3.819605,52.13951,1.724882,0.1089888,2.486696,0.3261074
1646,0.016864,1,100,0,93.61861,0,49.8495,104.1145,0,0,-0.8610301,0.1369863,-0.489757,0.2380934,0.9595587,-0.1501953,0.4493759,-0.2459306,-0.8588245,-831.1196,17.59839,7.10126,22.15818,-12.88988,-105.1789,108.2577,3.161384,51.28536,1.097718,0.08222714,2.443898,0.2865413
1647,0.016508,1,100,0,101.8726,0,41.5955,103.4576,0,0,-0.8433576,0.1227167,-0.5231526,0.2335658,0.9605107,-0.1512156,0.4839371,-0.2497194,-0.8387164,-830.7301,17.3796,5.375228,26.44289,-13.96733,-103.2737,107.5164,3.378538,50.59853,0.4445247,0.1097222,2.407081,0.2459143
1648,0.016673,1,100,0,86.45008,0,33.259,102.902,0,0,-0.8243201,0.1090369,-0.5555245,0.2294086,0.9614356,-0.1517019,0.5175598,-0.252493,-0.8175446,-830.2656,17.14091,3.664854,30.67277,-15.00064,-101.1629,106.7697,3.449957,49.37705,-0.2333052,0.1281447,2.345028,0.2004037
1649,0.016695,1,100,0,94.79758,0,24.9115,102.3677,0,0,-0.804284,0.09623054,-0.5864018,0.2257441,0.9623022,-0.151704,0.5496972,-0.2543899,-0.7956877,-829.7306,16.88493,1.988436,34.78916,-15.98386,-98.87896,106.0322,3.394952,48.33878,-0.9236894,0.1369632,2.29195,0.1540119
1650,0.016668,1,100,0,103.1316,0,16.5775,101.8664,0,0,-0.7833518,0.0843417,-0.6158298,0.2226353,0.9630901,-0.1512968,0.5803389,-0.255624,-0.7732158,-829.1286,16.61326,0.3536252,38.76054,-16.91854,-96.44783,105.3129,3.23441,47.47346,-1.617757,0.137644,2.247323,0.1075063
1651,0.016721,1,100,0,87.66465,0,8.217004,101.394,0,0,-0.7615609,0.07332739,-0.643932,0.2201739,0.9637581,-0.1506463,0.6095481,-0.2565033,-0.7501051,-828.4594,16.32454,-1.244453,42.53521,-17.95259,-93.78858,104.5363,2.603542,46.09517,-2.20553,0.1079042,2.179466,0.06495784
1652,0.016648,1,100,0,72.26525,0,0,100.8835,0,0,-0.7394386,0.06336048,-0.670236,0.2183299,0.9643231,-0.1497108,0.6368383,-0.2570345,-0.7268912,-827.7308,16.02065,-2.791279,46.21024,-18.84703,-91.13092,103.9011,2.979897,44.26532,-2.846633,0.1418267,2.088752,0.01708566
1653,0.016689,1,100,0,56.82793,0,0,100.5151,0,0,-0.7171691,0.05455703,-0.6947604,0.2167084,0.9649644,-0.1479229,0.6623488,-0.2566461,-0.7038656,-826.9401,15.70156,-4.297491,49.68781,-19.65684,-88.46337,103.3491,3.194726,42.14778,-3.481065,0.1642465,1.984607,-0.03241599
1654,0.016672,1,100,0,48.49193,0,0,100.2218,0,0,-0.695084,0.04703342,-0.7173885,0.2153964,0.965643,-0.14539,0.685903,-0.2555811,-0.6813338,-826.0934,15.36974,-5.757753,52.96273,-20.38788,-85.80907,102.8781,3.263555,39.97303,-4.100035,0.1758719,1.878014,-0.08169992
1655,0.016681,1,100,0,40.15143,0,0,100.0027,0,0,-0.6733254,0.04079541,-0.7382199,0.2144606,0.9663249,-0.1422072,0.7075588,-0.2540708,-0.6594001,-825.1927,15.02593,-7.174644,56.04655,-21.05036,-83.17822,102.4839,3.206555,37.74305,-4.698227,0.1780943,1.769075,-0.1301813
1656,0.016791,1,100,0,31.75593,0,0,99.85223,0,0,-0.6519333,0.03581621,-0.75743,0.2139591,0.9669839,-0.138433,0.7274645,-0.2523081,-0.6380722,-824.2353,14.66905,-8.55681,58.96281,-21.65641,-80.56879,102.1614,3.044497,35.44775,-5.273224,0.1723828,1.657305,-0.1775668
1657,0.016954,1,100,0,23.27893,0,0,99.76614,0,0,-0.6310201,0.03204226,-0.7751045,0.2140334,0.9675573,-0.1342485,0.7456564,-0.2506118,-0.6174062,-823.2202,14.29815,-9.907972,61.69021,-22.31421,-77.92892,101.8652,2.366409,33.08358,-5.681747,0.1325736,1.543414,-0.2146792
1658,0.016354,1,100,0,15.10193,0,0,99.7057,0,0,-0.6116608,0.02950161,-0.79057,0.2145848,0.9680287,-0.1298995,0.7614622,-0.2490987,-0.5984358,-822.1974,13.93067,-11.16945,64.22368,-22.78016,-75.53156,101.7282,2.780735,30.76953,-6.137399,0.1617606,1.431223,-0.2541628
1659,0.016664,1,100,0,6.769929,0,0,99.7792,0,0,-0.5928646,0.02806157,-0.804813,0.2151005,0.9686002,-0.1246812,0.7760433,-0.2470347,-0.5802848,-821.1136,13.54902,-12.41509,66.65797,-23.14723,-73.17351,101.6535,3.044563,28.37228,-6.566002,0.1805805,1.315312,-0.2925017
1660,0.016662,1,100,0,-1.561071,0,0,99.90912,0,0,-0.5751297,0.02775935,-0.8175911,0.2156589,0.9692154,-0.1187966,0.7891242,-0.2446442,-0.5634112,-819.9902,13.16184,-13.62183,68.9481,-23.41632,-70.91238,101.6402,3.163482,25.94357,-6.954086,0.1894749,1.19822,-0.3284432
1661,0.016723,1,100,0,-9.922571,0,0,100.0901,0,0,-0.5585201,0.02845748,-0.8290028,0.2159963,0.9699233,-0.1122272,0.8008754,-0.2417427,-0.5478684,-818.8245,12.76964,-14.79564,71.20373,-23.52443,-68.73682,101.7257,4.173776,23.47212,-6.999839,0.2550975,1.08016,-0.3429126
1662,0.016655,1,100,0,-18.25007,0,0,100.3709,0,0,-0.543301,0.02992143,-0.8390047,0.2155336,0.9708408,-0.1049466,0.8113999,-0.2378513,-0.5339079,-817.6268,12.37816,-15.9292,73.3298,-23.46702,-66.70175,101.868,4.906129,20.98695,-7.011147,0.3026743,0.9617288,-0.355453
1663,0.016684,1,100,0,-26.59207,0,0,100.694,0,0,-0.5294622,0.03212714,-0.847725,0.2144796,0.9718876,-0.09712452,0.8207731,-0.2332435,-0.5214683,-816.3921,11.98775,-17.03151,75.34172,-23.26724,-64.7967,102.0605,5.369284,18.47477,-6.987032,0.3328831,0.8423625,-0.3658279
1664,0.016682,1,100,0,-34.93307,0,0,101.0548,0,0,-0.5171067,0.03505075,-0.8552031,0.2129684,0.9730069,-0.08889439,0.8290027,-0.2280991,-0.510613,-815.1246,11.60169,-18.10278,77.25538,-22.89213,-63.05174,102.3131,5.877373,15.94189,-6.988964,0.3659508,0.72198,-0.377696
1665,0.016695,1,100,0,-43.28057,15.0255,0,101.4616,0,0,-0.5063414,0.03870795,-0.8614641,0.2110655,0.9741694,-0.0802855,0.8361043,-0.2224772,-0.5014322,-813.8246,11.2222,-19.14686,79.08219,-22.40787,-61.50504,102.6595,6.08981,13.13457,-6.951987,0.3803254,0.5890915,-0.38789
1666,0.016678,1,100,0,-51.61957,30.0357,0,101.9468,0,0,-0.4974059,0.04308709,-0.8664474,0.2090141,0.9752962,-0.07148983,0.8419626,-0.2166592,-0.4941238,-812.496,10.85158,-20.1651,80.82568,-21.85148,-60.14536,103.0909,6.05243,10.07913,-6.875725,0.3790918,0.4449854,-0.3960744
1667,0.016679,1,100,0,-59.95907,45.0468,0,102.5058,0,0,-0.4904895,0.04817108,-0.8701148,0.2070139,0.9763305,-0.06264377,0.846502,-0.210852,-0.488852,-811.1387,10.49042,-21.16171,82.49125,-21.25686,-58.96333,103.6018,5.819671,6.790439,-6.760089,0.3659064,0.290375,-0.4020436
1668,0.016808,1,100,0,-68.36307,60.174,0,103.1354,0,0,-0.4857467,0.05397505,-0.8724318,0.2052071,0.9772393,-0.0537946,0.849671,-0.2051597,-0.4857668,-809.7432,10.13654,-22.14709,84.09264,-20.65004,-57.94894,104.1925,5.442469,3.253963,-6.604124,0.3442356,0.1245656,-0.4057021
1669,0.016555,1,100,0,-76.64056,75.07349,0,103.8373,0,0,-0.4834352,0.0603618,-0.8732966,0.2032967,0.9780855,-0.04493519,0.8514464,-0.1992615,-0.4851123,-808.3419,9.800664,-23.10235,85.75462,-19.56507,-57.20866,104.9261,6.511533,-0.4305252,-6.51867,0.4160402,-0.04973181,-0.4133542
1670,0.016679,1,100,0,-84.98006,90.08459,0,104.6666,0,0,-0.4836217,0.06749643,-0.8726709,0.2005452,0.9790444,-0.03541544,0.8519932,-0.1921377,-0.4870233,-806.9026,9.480865,-24.05336,87.37574,-18.39062,-56.63843,105.7386,7.063188,-4.333593,-6.389002,0.4558193,-0.2335417,-0.4182361
1671,0.0169,1,100,0,-93.43006,100,0,105.5613,0,0,-0.4864963,0.0753087,-0.870431,0.1976038,0.9799463,-0.02565976,0.8510432,-0.1844838,-0.4916216,-805.4178,9.174766,-25.00787,88.83309,-17.55501,-56.16552,106.5554,6.281573,-8.377313,-6.048222,0.4115424,-0.4214868,-0.409454
1672,0.016465,1,100,0,-101.6626,100,0,106.4516,0,0,-0.4919212,0.08327745,-0.8666478,0.1953257,0.9805972,-0.01664256,0.8484464,-0.1774654,-0.4986428,-803.9481,8.889808,-25.93102,90.11101,-16.80959,-55.87274,107.3514,5.468875,-12.21915,-5.681324,0.3661657,-0.5996208,-0.3974241
1673,0.016687,1,100,0,-86.22708,100,0,107.298,0,0,-0.4998202,0.09157872,-0.8612741,0.193203,0.9811279,-0.007798165,0.8443059,-0.1702985,-0.5080808,-802.4372,8.615848,-26.86303,91.41167,-15.63204,-55.81652,108.2402,6.045093,-15.37223,-5.333418,0.4097159,-0.7474515,-0.3831848
1674,0.016679,1,100,0,-94.56658,100,0,108.2008,0,0,-0.5097958,0.09995015,-0.8544697,0.1905594,0.9816753,0.001137823,0.8389255,-0.1622471,-0.5195003,-800.9061,8.361691,-27.79473,92.56573,-14.44809,-55.95276,109.1232,6.171782,-18.50036,-4.950363,0.4254217,-0.8932854,-0.3656931
1675,0.016688,1,100,0,-102.9106,100,0,109.0674,0,0,-0.521798,0.1082945,-0.8461674,0.1877468,0.9821675,0.009924017,0.8321528,-0.1536869,-0.5328249,-799.3558,8.126968,-28.7303,93.55663,-13.29709,-56.28449,109.9891,5.945048,-21.60866,-4.534632,0.4194316,-1.037452,-0.345087
1676,0.016679,1,100,0,-87.48251,100,0,109.8868,0,0,-0.535602,0.1164735,-0.8363997,0.1849902,0.9825687,0.01836694,0.8239595,-0.1448884,-0.5478122,-797.7908,7.911534,-29.67203,94.38265,-12.15205,-56.82094,110.8349,5.609415,-24.02942,-4.10784,0.4059543,-1.149106,-0.3210093
1677,0.016712,1,100,0,-95.83851,100,0,110.6554,0,0,-0.5509004,0.1243641,-0.825253,0.1823882,0.9828732,0.02636326,0.8143977,-0.1359929,-0.5641478,-796.2099,7.714409,-30.62569,95.02061,-11.07844,-57.55566,111.6436,5.058783,-26.49195,-3.652763,0.3794461,-1.262206,-0.2944702
1678,0.016664,1,100,0,-104.1705,100,0,111.3611,0,0,-0.5675741,0.1318598,-0.8126947,0.1800823,0.9830729,0.03373688,0.8033866,-0.1272037,-0.5817124,-794.624,7.535238,-31.58992,95.45882,-10.09486,-58.48015,112.402,4.376203,-28.97955,-3.175079,0.34511,-1.376141,-0.2658292
1679,0.016686,1,100,0,-88.73596,100,0,111.9931,0,0,-0.5854958,0.1389026,-0.798687,0.178122,0.9831783,0.04041172,0.7908649,-0.1186028,-0.6003883,-793.0298,7.37174,-32.57189,95.69211,-9.201593,-59.59241,113.1057,3.621905,-30.83358,-2.676591,0.3051194,-1.460164,-0.2338564
1680,0.016667,1,100,0,-97.06946,100,0,112.5495,0,0,-0.6043072,0.1452958,-0.7833912,0.1766699,0.9831913,0.04606976,0.7769172,-0.1105614,-0.6198189,-791.4352,7.220628,-33.57199,95.63415,-8.792253,-60.83263,113.6829,2.129926,-32.7658,-1.938083,0.2185195,-1.545555,-0.1866177
1681,0.016715,1,100,0,-105.427,100,0,112.9771,0,0,-0.6240691,0.1509312,-0.7666536,0.1756978,0.9831466,0.05053119,0.7613596,-0.1031644,-0.6400697,-791.8862,7.266121,-36.08015,55.45909,-4.438462,-70.96704,114.2876,2.822488,-21.90373,0.09047848,0.2376898,-1.034393,-0.03298296
1682,0.016956,1,100,0,-89.74266,91.522,0,88.10605,0,0,-0.6376656,0.1530578,-0.7549544,0.1729624,0.9834855,0.05329851,0.7506444,-0.09659208,-0.6536081,-790.9297,7.191777,-37.27382,58.31672,-4.27574,-69.27145,90.65128,2.336056,-23.92369,0.7118422,0.213083,-1.126591,0.005661149
1683,0.016558,1,100,0,-98.02166,83.243,0,89.46449,0,0,-0.6519725,0.1545401,-0.742327,0.1702379,0.98385,0.05530432,0.7388851,-0.09031526,-0.6677518,-789.951,7.122026,-38.41436,60.67513,-4.084788,-68.11195,91.30934,1.836706,-25.84809,1.303326,0.1872579,-1.214329,0.04291764
1684,0.016672,1,100,0,-106.3577,74.90701,0,90.68275,0,0,-0.6673064,0.1554318,-0.7283839,0.167442,0.9842541,0.05663128,0.7257171,-0.08417164,-0.6828249,-788.9285,7.055109,-39.54585,62.63814,-3.87021,-67.38815,92.08517,1.32814,-27.74183,1.879925,0.1605722,-1.300623,0.07965633
1685,0.016776,1,100,0,-90.83986,66.519,0,91.79764,0,0,-0.6834559,0.1556456,-0.7132059,0.1646777,0.9846943,0.05708507,0.7111748,-0.07843396,-0.6986265,-787.8694,6.989398,-40.67431,64.13069,-4.008688,-67.03078,92.85441,0.2417006,-28.92994,2.591316,0.09490031,-1.352094,0.1260927
1686,0.016634,1,100,0,-99.15686,58.202,0,92.75203,0,0,-0.6998636,0.155067,-0.6972412,0.162111,0.9851606,0.05637982,0.6956372,-0.07357225,-0.7146162,-786.7964,6.922621,-41.78936,65.24625,-4.024475,-67.04832,93.64159,-0.5081688,-30.11753,3.255612,0.05022598,-1.404545,0.1694046
1687,0.01659,1,100,0,-107.4519,49.90701,0,93.59763,0,0,-0.71658,0.1537197,-0.6803554,0.1593761,0.9856934,0.05484596,0.6790527,-0.06913086,-0.7308275,-785.7093,6.857342,-42.90353,66.08228,-3.754277,-67.38716,94.45629,-0.6613931,-31.3083,3.982224,0.04310213,-1.45868,0.2168161
1688,0.016702,1,100,0,-92.00251,41.55601,0,94.38127,0,0,-0.7336084,0.1515327,-0.6624625,0.1561114,0.9863305,0.05273762,0.6613985,-0.06472922,-0.7472363,-784.6028,6.796237,-44.03245,66.56654,-3.465822,-68.00469,95.22475,-0.8545504,-31.84549,4.671527,0.03113518,-1.48214,0.2627521
1689,0.016655,1,100,0,-100.33,33.22851,0,95.06692,0,0,-0.7505155,0.148533,-0.6439446,0.1523797,0.9870527,0.05007676,0.6430453,-0.06054067,-0.7634318,-783.4933,6.740128,-45.16979,66.70707,-3.174405,-68.8566,95.92258,-1.056345,-32.43967,5.312727,0.01823417,-1.508287,0.3055208
1690,0.01664,1,100,0,-84.93801,24.90851,0,95.65517,0,0,-0.7672059,0.1447607,-0.6248516,0.1481951,0.9878455,0.04689923,0.6240461,-0.05661859,-0.7793338,-782.3843,6.688874,-46.32135,66.52651,-2.89134,-69.90173,96.54216,-1.256084,-32.42275,5.903619,0.003367428,-1.505925,0.34562
1691,0.016714,1,100,0,-93.29501,16.55151,0,96.15609,0,0,-0.7835493,0.1402298,-0.6052985,0.1435521,0.9886985,0.04322639,0.6045194,-0.05302185,-0.7948243,-781.275,6.642031,-47.49641,66.04478,-2.625413,-71.10751,97.08286,-1.434595,-32.50879,6.444082,-0.0103529,-1.50849,0.3822161
1692,0.016711,1,100,0,-101.6505,8.19601,0,96.58253,0,0,-0.7994874,0.1350261,-0.5853101,0.1384546,0.9895937,0.03917287,0.5845086,-0.04972069,-0.8098627,-780.1754,6.599798,-48.6921,65.30177,-2.331646,-72.43633,97.55398,-1.488809,-32.6881,6.935511,-0.01635252,-1.51577,0.4154523
1693,0.016628,1,100,0,-86.26962,0,0,96.94885,0,0,-0.8148618,0.1292338,-0.5650655,0.1329076,0.9905148,0.03487501,0.5642127,-0.04668316,-0.8243088,-779.0949,6.562487,-49.9044,64.31258,-2.069695,-73.84491,97.94623,-1.540212,-32.29121,7.366703,-0.02388222,-1.496243,0.445176
1694,0.016604,1,100,0,-70.91091,0,0,97.2536,0,0,-0.8294904,0.1228839,-0.544835,0.1269371,0.9914461,0.03035726,0.543905,-0.04397873,-0.8379936,-778.0334,6.529339,-51.13863,63.15065,-1.851522,-75.30648,98.29801,-1.574308,-31.50096,7.738127,-0.03141398,-1.45851,0.4711485
1695,0.016769,1,100,0,-55.39959,0,0,97.53574,0,0,-0.8433744,0.1159585,-0.5246651,0.1205088,0.9923817,0.0256183,0.5236386,-0.04162095,-0.8509233,-776.9818,6.499269,-52.4099,61.82692,-1.678805,-76.81431,98.61959,-1.583719,-30.33433,8.052115,-0.03829466,-1.403398,0.4934565
1696,0.016787,1,100,0,-47.00608,0,0,97.80792,0,0,-0.856283,0.1085683,-0.5049676,0.1137716,0.9932926,0.0206337,0.5038208,-0.0397827,-0.8628916,-775.9523,6.470454,-53.70772,60.33263,-1.794744,-78.29968,98.86398,-1.943375,-29.03249,8.335478,-0.06777979,-1.341412,0.5135033
1697,0.01666,1,100,0,-38.67609,0,0,98.03236,0,0,-0.8681012,0.1008382,-0.4860371,0.1069029,0.9941515,0.01531959,0.4847393,-0.03865983,-0.873804,-774.9557,6.440066,-55.02043,58.77862,-1.885611,-79.77641,99.10983,-2.094941,-27.61811,8.576715,-0.08401841,-1.274743,0.5305057
1698,0.016622,1,100,0,-30.36509,0,0,98.27414,0,0,-0.8789094,0.09280116,-0.4678742,0.09982444,0.9949566,0.009824183,0.4664263,-0.03807072,-0.8837405,-773.9876,6.407929,-56.35454,57.16117,-2.03253,-81.2285,99.34586,-2.184654,-26.09602,8.750697,-0.09625304,-1.203331,0.5429693
1699,0.016882,1,100,0,-21.92409,0,0,98.52377,0,0,-0.8888965,0.08434728,-0.4502762,0.09236941,0.9957162,0.004173223,0.4486993,-0.03788219,-0.8928797,-773.0318,6.373157,-57.73403,55.51993,-2.11797,-82.67807,99.6123,-2.04882,-24.44212,8.983531,-0.09401221,-1.126202,0.5590965
1700,0.016488,1,100,0,-13.68009,0,0,98.81356,0,0,-0.8977076,0.07579494,-0.4340235,0.08474419,0.996402,-0.00127472,0.4323653,-0.0379253,-0.9009008,-772.1253,6.3376,-59.10482,53.89531,-2.237534,-84.05466,99.8744,-1.898399,-22.73941,9.142871,-0.09045143,-1.046955,0.570443
1701,0.016686,1,100,0,-5.337085,0,0,99.11223,0,0,-0.9056998,0.06691885,-0.4186046,0.07674633,0.9970285,-0.006662926,0.4169149,-0.03816098,-0.9081442,-771.2351,6.299429,-60.51488,52.25004,-2.391765,-85.40186,100.1462,-1.731013,-20.92933,9.237463,-0.08553994,-0.9628476,0.5776418
1702,0.016675,1,100,0,3.000415,0,0,99.4323,0,0,-0.9127814,0.05789711,-0.4043241,0.06853653,0.9975778,-0.0118766,0.4026571,-0.03855171,-0.9145384,-770.3729,6.258548,-61.94618,50.62485,-2.575502,-86.69707,100.4285,-1.550773,-19.04305,9.265634,-0.07936344,-0.8753228,0.5805982
1703,0.016679,1,100,0,11.33992,0,0,99.77155,0,0,-0.9189879,0.04880556,-0.3912534,0.06020904,0.9980423,-0.01692348,0.3896615,-0.03910946,-0.9201273,-769.5374,6.214118,-63.39905,49.01895,-2.844414,-87.92625,100.7074,-1.509309,-17.08643,9.188655,-0.08155472,-0.784533,0.5768352
1704,0.016716,1,100,0,19.69791,0,0,100.1154,0,0,-0.9243594,0.03972345,-0.3794495,0.05187958,0.9984142,-0.02186043,0.3779793,-0.03989258,-0.9249543,-768.7266,6.164908,-64.87539,47.46505,-3.146804,-89.10072,101.0038,-1.443086,-15.05995,9.049019,-0.08157437,-0.6906327,0.5690843
1705,0.01666,1,100,0,28.02791,0,0,100.4804,0,0,-0.9289009,0.03076519,-0.3690486,0.04365185,0.9986923,-0.02661785,0.367747,-0.040835,-0.9290291,-767.944,6.110687,-66.366,45.98778,-3.473754,-90.21288,101.3178,-1.357284,-12.9817,8.850184,-0.07968239,-0.5944394,0.5575976
1706,0.01667,1,100,0,36.36292,0,15.003,100.8641,0,0,-0.9326457,0.02191233,-0.3601278,0.03549485,0.9988846,-0.03114512,0.3590437,-0.04183004,-0.9323831,-767.1848,6.051167,-67.87597,44.66212,-3.767288,-91.31371,101.7206,-1.107099,-10.59462,8.700683,-0.06668725,-0.4840073,0.5495632
1707,0.016933,1,100,0,44.82941,0,30.2427,101.3326,0,0,-0.9355974,0.01299938,-0.3528293,0.02723384,0.9990017,-0.03540949,0.3520168,-0.04273793,-0.9350175,-766.4354,5.985736,-69.42843,43.44258,-4.060835,-92.41843,102.2004,-0.8553351,-7.874539,8.491515,-0.05292165,-0.3581882,0.5380562
1708,0.016444,1,100,0,53.05141,0,45.0423,101.8789,0,0,-0.9376049,0.004461876,-0.3476739,0.01929645,0.9990444,-0.0392173,0.3471666,-0.04347921,-0.9367949,-765.7268,5.917477,-70.95397,42.38839,-4.333901,-93.47867,102.7318,-0.6177411,-4.985056,8.234689,-0.03917439,-0.2245407,0.5237296
1709,0.016665,1,100,0,61.38391,0,60.0408,102.4746,0,0,-0.9387496,-0.004032415,-0.3445766,0.01139646,0.9990212,-0.04273909,0.3444116,-0.04404826,-0.9377848,-765.0076,5.842551,-72.53266,44.70083,-4.822335,-97.23501,107.1264,-0.3893803,-1.80982,7.924522,-0.02511501,-0.07766924,0.506292
1710,0.016857,1,100,0,69.81242,0,75.2121,106.7934,0,0,-0.9389511,-0.01241023,-0.3438271,0.003645641,0.9989344,-0.04601175,0.3440318,-0.04445625,-0.9379053,-764.242,5.758301,-74.19331,46.84381,-5.351447,-101.0711,111.5274,-0.3484063,1.685952,7.519418,-0.02203449,0.08398679,0.4830859
1711,0.016526,1,100,0,78.07542,0,90.08549,111.1488,0,0,-0.9381478,-0.02035004,-0.3456367,-0.003597599,0.9987904,-0.04904092,0.3462166,-0.04476417,-0.9370862,-763.4568,5.667084,-75.8845,48.84434,-5.858292,-104.862,115.828,-0.3150599,5.377385,7.080168,-0.01836246,0.2547075,0.4578899
1712,0.01667,1,100,0,86.41042,0,100,115.4377,0,0,-0.9362652,-0.02805527,-0.3501722,-0.01050644,0.9985963,-0.05191468,0.3511371,-0.04492684,-0.9352457,-762.6317,5.566698,-77.65375,50.80932,-6.351362,-108.6782,120.1369,-0.2950096,9.27774,6.59951,-0.01442655,0.4351139,0.4302256
1713,0.016807,1,100,0,94.81392,0,100,119.7672,0,0,-0.933212,-0.03548105,-0.3575704,-0.01702611,0.9983616,-0.05462967,0.3589229,-0.04489303,-0.9322872,-761.768,5.45741,-79.50052,52.55582,-6.806885,-112.2886,124.1659,-0.2957084,13.18759,6.08102,-0.01080346,0.6159726,0.4001218
1714,0.016562,1,100,0,103.0949,0,100,123.8542,0,0,-0.9290116,-0.04245596,-0.3676073,-0.02302525,0.998104,-0.05708467,0.369334,-0.04456808,-0.9282278,-760.8887,5.342848,-81.37852,54.14799,-7.139358,-115.5996,127.8524,-0.1420303,17.01001,5.635725,0.003545062,0.7930052,0.37454
1715,0.016783,1,100,0,87.57064,0,100,127.6197,0,0,-0.9235423,-0.04918155,-0.3803298,-0.02870509,0.9978257,-0.05932812,0.3824207,-0.04387463,-0.922946,-759.9716,5.221274,-83.33575,55.66057,-7.454216,-118.6616,131.2793,-0.2176119,20.18124,5.118569,0.003498103,0.9396779,0.3436742
1716,0.016617,1,100,0,95.87914,0,100,131.1311,0,0,-0.9169642,-0.0554146,-0.3951024,-0.03381069,0.997538,-0.06143972,0.3975343,-0.04297933,-0.9165802,-759.0385,5.096023,-85.32267,57.13216,-7.704889,-121.3912,134.3848,-0.3237765,23.34128,4.583817,0.002042797,1.08584,0.3115112
1717,0.016685,1,100,0,104.2216,0,100,134.308,0,0,-0.9090911,-0.06121544,-0.4120754,-0.03838646,0.997246,-0.06345941,0.4148252,-0.04187227,-0.9089373,-758.077,4.966434,-87.36153,58.62476,-7.891115,-123.8087,137.2142,-0.4642799,26.53055,4.028877,-0.001075938,1.233355,0.2778768
1718,0.016746,1,100,0,88.73159,0,100,137.1838,0,0,-0.899866,-0.06653705,-0.4310613,-0.04238967,0.9969586,-0.06539594,0.4341015,-0.04057504,-0.8999497,-757.0866,4.833631,-89.44646,60.17511,-8.008904,-125.8875,139.76,-0.6410239,29.06966,3.458305,-0.006871714,1.350695,0.2425475
1719,0.016647,1,100,0,97.05509,0,100,139.7395,0,0,-0.8894066,-0.07133765,-0.4515161,-0.04577672,0.996682,-0.06729958,0.454819,-0.03918777,-0.8897212,-756.0758,4.699555,-91.55138,61.82031,-8.143761,-127.5564,141.9813,-0.9599293,31.65024,3.025533,-0.02152853,1.469911,0.2159142
1720,0.016754,1,100,0,105.4321,0,100,141.9258,0,0,-0.8774479,-0.07576795,-0.4736503,-0.04863765,0.9964105,-0.06928945,0.4772001,-0.03776064,-0.8779835,-755.0303,4.562756,-93.69573,63.56915,-8.20715,-128.8528,143.9147,-1.229647,34.29666,2.590717,-0.03272672,1.592268,0.1890384
1721,0.01689,1,100,0,89.80884,0,100,143.7758,0,0,-0.8638836,-0.07980841,-0.4973287,-0.05097222,0.9961507,-0.07131529,0.5011058,-0.03625816,-0.8646263,-753.9461,4.424082,-95.87714,65.43333,-8.215639,-129.7467,145.5445,-1.502939,36.32186,2.146857,-0.044867,1.685791,0.1609983
1722,0.01648,1,100,0,98.04884,0,100,145.2693,0,0,-0.8492267,-0.08330821,-0.5214151,-0.0527008,0.9959174,-0.07328743,0.5253918,-0.03475865,-0.85015,-752.8563,4.288862,-98.0187,67.5325,-8.182732,-130.344,147.0278,-1.765312,38.3769,1.711638,-0.05633779,1.780724,0.1334227
1723,0.016638,1,100,0,106.3678,0,100,146.5774,0,0,-0.8328763,-0.08639465,-0.5466747,-0.05389918,0.9957078,-0.07524121,0.5508287,-0.0332013,-0.833958,-751.7194,4.153092,-100.1894,69.94283,-8.113789,-130.6929,148.4536,-2.025399,40.52852,1.273746,-0.06755263,1.88015,0.105579
1724,0.016748,1,100,0,90.87594,0,100,147.7883,0,0,-0.8148018,-0.08904599,-0.5728604,-0.05451293,0.9955237,-0.07720931,0.5771712,-0.03168198,-0.8160086,-750.5329,4.016345,-102.3785,72.64323,-8.265835,-130.7253,149.7814,-2.503321,42.09217,0.8611296,-0.09372228,1.951939,0.07894399
1725,0.016684,1,100,0,99.21794,0,100,148.8625,0,0,-0.7952532,-0.09124961,-0.5993715,-0.05447581,0.9953648,-0.07925735,0.6038254,-0.03037842,-0.7965379,-749.3045,3.877877,-104.5582,75.58847,-8.365196,-130.4793,151.0246,-2.882857,43.76545,0.471523,-0.1136183,2.028977,0.05391891
1726,0.016644,1,100,0,107.5399,0,100,149.828,0,0,-0.7740806,-0.09306853,-0.6262089,-0.05392107,0.9952334,-0.08125986,0.6307867,-0.02913583,-0.7754092,-748.0287,3.738742,-106.7271,78.76744,-8.346784,-129.9538,152.1906,-3.02679,45.53912,0.1808078,-0.1184641,2.111105,0.0352421
1727,0.016748,1,100,0,92.04804,0,100,150.696,0,0,-0.751066,-0.09457889,-0.6534178,-0.05300293,0.9951293,-0.08311609,0.6580962,-0.02779261,-0.7524207,-746.6906,3.599236,-108.8991,82.15786,-8.29425,-129.1237,153.2698,-3.156527,46.74898,-0.1023405,-0.1234934,2.167054,0.01660756
1728,0.016634,1,100,0,100.365,0,91.683,151.4536,0,0,-0.7266514,-0.09575125,-0.680301,-0.05174767,0.9950551,-0.08477902,0.6850546,-0.02640081,-0.7280132,-745.3041,3.461785,-111.0403,85.72552,-8.200026,-127.9015,154.1911,-3.267094,47.88081,-0.372638,-0.1276533,2.219397,-0.001340738
1729,0.016687,1,100,0,84.92957,0,83.3395,152.0572,0,0,-0.7007209,-0.09659401,-0.7068662,-0.05012802,0.9950093,-0.08627684,0.7116722,-0.02502218,-0.7020659,-743.8599,3.325526,-113.1597,88.17565,-8.095492,-125.1885,153.3383,-3.504337,48.28251,-0.6434714,-0.1414037,2.237579,-0.019687
1730,0.016717,1,100,0,93.28806,0,74.981,150.8453,0,0,-0.6735664,-0.09710024,-0.7327209,-0.04808902,0.9949899,-0.08764949,0.7375606,-0.02380193,-0.6748612,-742.3712,3.190851,-115.2353,90.7929,-7.976827,-122.0789,152.3491,-3.702011,48.65469,-0.8974774,-0.152955,2.254444,-0.03685215
1731,0.016663,1,100,0,101.6196,0,66.64951,149.5415,0,0,-0.6453528,-0.09731156,-0.757661,-0.04575184,0.994996,-0.08882406,0.7625133,-0.02265848,-0.6465757,-740.8431,3.059176,-117.2505,93.52112,-7.752492,-118.6264,151.2564,-3.676551,49.00112,-1.076389,-0.1505386,2.270509,-0.04917333
1732,0.016948,1,100,0,85.94266,0,58.17551,148.1877,0,0,-0.6156519,-0.09727754,-0.781991,-0.0432326,0.9950264,-0.08974205,0.7868316,-0.02144236,-0.6167955,-739.2421,2.929267,-119.2394,96.34209,-7.49032,-114.7719,150.0349,-3.631728,48.64752,-1.243839,-0.1483061,2.254063,-0.06110514
1733,0.016511,1,100,0,94.19816,0,49.92001,146.7564,0,0,-0.5860556,-0.09700476,-0.8044432,-0.04063082,0.9950771,-0.09039208,0.8092514,-0.02028959,-0.5871118,-737.6362,2.806661,-121.1122,99.08009,-7.296411,-110.7019,148.7448,-3.695016,48.34616,-1.391668,-0.1531019,2.239852,-0.07168708
1734,0.016607,1,100,0,102.5017,0,41.6165,145.3232,0,0,-0.5556587,-0.09651687,-0.8257892,-0.03783897,0.9951454,-0.09084977,0.8305489,-0.01923445,-0.5566133,-735.9756,2.686591,-122.9267,101.7856,-7.097751,-106.3461,147.3777,-3.727795,48.08678,-1.522897,-0.1560581,2.227638,-0.08109599
1735,0.016802,1,100,0,86.95981,0,33.2155,143.8681,0,0,-0.5244385,-0.09582641,-0.8460388,-0.03487855,0.9952305,-0.09110422,0.8507338,-0.01826995,-0.5252795,-734.2505,2.568476,-124.6877,104.4348,-6.894492,-101.7086,145.9411,-3.731574,47.19414,-1.63772,-0.1584049,2.186044,-0.08957272
1736,0.016553,1,100,0,95.23631,0,24.939,142.3976,0,0,-0.4935391,-0.09497952,-0.8645219,-0.03192276,0.9953276,-0.09112622,0.8691376,-0.01737643,-0.494265,-732.5078,2.455956,-126.3453,106.9409,-6.604321,-96.96624,144.5076,-3.52875,46.41598,-1.702753,-0.1474569,2.150129,-0.09473987
1737,0.016705,1,100,0,79.78418,0,16.5865,140.9882,0,0,-0.4623684,-0.09399793,-0.8816916,-0.02902595,0.9954368,-0.09090289,0.8862129,-0.01643869,-0.4629869,-730.7084,2.347049,-127.9375,109.2463,-6.350366,-91.98663,142.9567,-3.427803,45.06062,-1.745416,-0.1440727,2.087225,-0.09864939
1738,0.016817,1,100,0,64.22845,0,8.178002,139.5085,0,0,-0.4314719,-0.09289718,-0.8973306,-0.02614598,0.9955539,-0.09049384,0.9017476,-0.01558396,-0.4319824,-728.8587,2.241707,-129.4561,111.4326,-6.09245,-86.89442,141.4389,-3.302821,43.17086,-1.773356,-0.1400772,1.999543,-0.1016537
1739,0.016521,1,100,0,55.96796,0,0,138.1158,0,0,-0.4019892,-0.09172081,-0.9110391,-0.02337739,0.9956741,-0.08992653,0.9153461,-0.01485178,-0.4023944,-727.0065,2.142462,-130.8641,113.4312,-5.837828,-81.86492,140.0092,-3.157315,41.05478,-1.786622,-0.1351188,1.901391,-0.1036298
1740,0.016636,1,100,0,47.64996,0,0,136.8575,0,0,-0.3733962,-0.09046628,-0.9232504,-0.02073441,0.9957989,-0.08918931,0.9274403,-0.0141599,-0.3737033,-725.1092,2.047084,-132.1987,115.2579,-5.525235,-76.91613,138.6759,-2.831712,38.86986,-1.771451,-0.1187188,1.800346,-0.103721
1741,0.016694,1,100,0,39.30296,0,0,135.7169,0,0,-0.3459322,-0.0891611,-0.9340137,-0.01836222,0.9959276,-0.08827056,0.9380803,-0.01338506,-0.3461606,-723.1758,1.956686,-133.456,116.8988,-5.195589,-72.0863,137.4364,-2.501677,36.62834,-1.745731,-0.1020598,1.696689,-0.1031498
1742,0.016692,1,100,0,30.95695,0,0,134.6835,0,0,-0.3198168,-0.08782601,-0.9434003,-0.01624833,0.9960567,-0.08721983,0.9473403,-0.01256569,-0.3199827,-721.2163,1.871537,-134.6333,118.3516,-4.913451,-67.40328,136.2881,-2.279894,34.34317,-1.695164,-0.09230682,1.590846,-0.1009582
1743,0.0167,1,100,0,22.60696,0,0,133.7489,0,0,-0.2951371,-0.0864853,-0.9515327,-0.01433134,0.9961837,-0.0860985,0.9553476,-0.01177412,-0.2952503,-719.2326,1.791064,-135.7339,119.6361,-4.630461,-62.89227,135.2393,-2.051454,32.01648,-1.634686,-0.08208571,1.483099,-0.09805731
1744,0.016663,1,100,0,14.27546,0,0,132.9175,0,0,-0.2720442,-0.085159,-0.9585093,-0.01267062,0.9963073,-0.08492099,0.9622016,-0.01095735,-0.2721186,-717.2327,1.715762,-136.758,120.7721,-4.297481,-58.58578,134.3006,-1.689952,29.65853,-1.55941,-0.06328018,1.374117,-0.09416359
1745,0.016627,1,100,0,5.961956,0,0,132.1964,0,0,-0.2506014,-0.08386057,-0.9644514,-0.01135402,0.9964272,-0.08369071,0.968024,-0.01002261,-0.2506583,-715.219,1.646269,-137.7095,121.7642,-3.944455,-54.49035,133.4589,-1.345501,27.27266,-1.477194,-0.04548107,1.263823,-0.08981779
1746,0.016939,1,100,0,-2.507544,0,0,131.5686,0,0,-0.2304657,-0.08257761,-0.9695703,-0.01031525,0.9965441,-0.08242303,0.9730258,-0.008994327,-0.230521,-713.1514,1.581351,-138.6102,122.6384,-3.609077,-50.52417,132.6872,-1.103919,24.80645,-1.371989,-0.03426321,1.149658,-0.08397099
1747,0.016403,1,100,0,-10.70904,14.7627,0,131.0097,0,0,-0.2127645,-0.08139428,-0.9737077,-0.009525372,0.99665,-0.0812307,0.9770575,-0.00800808,-0.212827,-711.1355,1.523922,-139.4196,123.4181,-3.285851,-46.98713,132.1008,-0.8822657,22.08059,-1.2643,-0.02454241,1.023425,-0.07789428
1748,0.016663,1,100,0,-19.04054,29.7594,0,130.613,0,0,-0.1968646,-0.08026078,-0.97714,-0.008949343,0.9967492,-0.08006842,0.9803899,-0.007017879,-0.1969429,-709.0748,1.471187,-140.1842,124.1705,-2.923263,-43.6808,131.662,-0.5789785,18.98308,-1.148671,-0.009994923,0.8800732,-0.07126088
1749,0.016777,1,100,0,-27.42904,44.8587,0,130.3587,0,0,-0.1832494,-0.07919899,-0.9798712,-0.008635651,0.996841,-0.07895561,0.983029,-0.006006738,-0.1833544,-706.9874,1.424244,-140.9,124.8964,-2.54786,-40.63135,131.364,-0.3042216,15.56215,-1.028467,0.002418172,0.7216807,-0.06426452
1750,0.016572,1,100,0,-35.71504,59.7735,0,130.242,0,0,-0.1724071,-0.07823796,-0.9819137,-0.008548765,0.9969218,-0.07793278,0.9849885,-0.005042017,-0.1725453,-704.9138,1.384109,-141.5583,125.5944,-2.170236,-37.89149,131.2038,-0.06499569,11.9181,-0.9066151,0.01239933,0.552897,-0.0570486
1751,0.016693,1,100,0,-44.06154,74.7972,0,130.258,0,0,-0.1643152,-0.07737255,-0.9833687,-0.00862042,0.9969935,-0.07700414,0.9863702,-0.004175899,-0.1644882,-702.8134,1.349798,-142.1769,126.2861,-1.825934,-35.39663,131.1657,0.07642896,7.994213,-0.7685785,0.01587621,0.3710053,-0.04867538
1752,0.016633,1,100,0,-52.37804,89.76689,0,130.3948,0,0,-0.1592823,-0.07663195,-0.9842544,-0.008769057,0.9970533,-0.07620934,0.9871942,-0.003507813,-0.1594849,-700.7089,1.321274,-142.7534,126.9766,-1.492848,-33.18476,131.2498,0.1970328,3.855656,-0.6297594,0.01785838,0.1791354,-0.04012987
1753,0.01668,1,100,0,-60.71804,100,0,130.6483,0,0,-0.1574221,-0.07601888,-0.9846011,-0.008986166,0.9971017,-0.07554729,0.9874905,-0.003045022,-0.1576489,-698.5871,1.298325,-143.2961,127.6621,-1.142051,-31.23505,131.4326,0.347777,-0.4061287,-0.4899374,0.02171149,-0.01840122,-0.03142959
1754,0.016668,1,100,0,-69.05205,100,0,130.9927,0,0,-0.1587818,-0.07554103,-0.9844196,-0.00928102,0.9971389,-0.07502009,0.9872702,-0.002775406,-0.1590286,-696.4557,1.281176,-143.8073,128.2985,-0.8024458,-29.54417,131.6587,0.4706508,-4.54475,-0.3505697,0.02402773,-0.2102535,-0.02269806
1755,0.016643,1,100,0,-77.37355,100,0,131.3659,0,0,-0.1632595,-0.07520016,-0.983713,-0.009627208,0.9971647,-0.07463073,0.9865362,-0.002713765,-0.1635206,-694.3172,1.269606,-144.2912,128.8856,-0.480788,-28.1377,131.9222,0.5674864,-8.567441,-0.2125508,0.0248814,-0.3967572,-0.01403986
1756,0.016683,1,100,0,-85.71505,100,0,131.7527,0,0,-0.1707872,-0.07499611,-0.9824497,-0.009987354,0.9971797,-0.07438436,0.9852574,-0.002891826,-0.1710546,-692.1641,1.263093,-144.7545,129.421,-0.2097507,-27.02548,132.2128,0.5961341,-12.50014,-0.06769294,0.0215087,-0.5791737,-0.004983371
1757,0.016675,1,100,0,-94.05255,100,0,132.1364,0,0,-0.1812681,-0.0749293,-0.9805751,-0.01031246,0.9971833,-0.07429204,0.9833798,-0.003354638,-0.1815303,-690.0033,1.26092,-145.2007,129.9017,0.02831636,-26.23192,132.5239,0.6122445,-16.33859,0.07386518,0.0174473,-0.7572342,0.003759026
1758,0.016683,1,100,0,-102.3941,100,0,132.5045,0,0,-0.1946255,-0.07498819,-0.9780071,-0.01059424,0.9971761,-0.07434969,0.9808207,-0.004109102,-0.1948703,-687.8338,1.262514,-145.6357,130.3218,0.2299005,-25.76789,132.845,0.6181992,-20.09413,0.2114668,0.01281024,-0.9314637,0.012086
1759,0.016694,1,100,0,-86.9521,100,0,132.8427,0,0,-0.2106105,-0.07515836,-0.9746766,-0.0108317,0.9971583,-0.07455141,0.97751,-0.005143906,-0.2108261,-685.6562,1.267255,-146.0652,130.672,0.3917132,-25.64213,133.1648,0.6163228,-23.10678,0.3443516,0.008608267,-1.07124,0.01995887
1760,0.016873,1,100,0,-95.3886,100,0,133.1372,0,0,-0.229011,-0.07535503,-0.9705028,-0.01097139,0.9971358,-0.07483403,0.9733622,-0.00649005,-0.2291818,-683.45,1.273733,-146.4991,130.9202,0.3678754,-25.88351,133.4548,0.4810979,-26.13726,0.273634,-0.004181161,-1.212045,0.01452407
1761,0.016493,1,100,0,-103.6351,100,0,133.3624,0,0,-0.2491467,-0.07541649,-0.9655249,-0.01088325,0.9971186,-0.0750759,0.9684048,-0.008196858,-0.2492495,-681.2899,1.279119,-146.9291,131.0693,0.2435516,-26.43825,133.7094,0.329748,-29.07755,0.2199169,-0.01783267,-1.348689,0.009861324
1762,0.016672,1,100,0,-88.2135,100,0,133.5158,0,0,-0.271425,-0.07533863,-0.9595065,-0.0105759,0.997105,-0.07529909,0.9624016,-0.01029041,-0.271436,-679.1044,1.282176,-147.3747,131.1185,0.06223137,-27.31595,133.9336,0.2144105,-31.37111,0.1646302,-0.02824105,-1.455279,0.004818254
1763,0.016754,1,100,0,-96.5905,100,0,133.6025,0,0,-0.2953876,-0.07510021,-0.9524212,-0.01009074,0.9970952,-0.07549326,0.9553241,-0.01268914,-0.2952873,-676.908,1.281918,-147.839,131.0518,-0.1713921,-28.50949,134.1171,0.1296052,-33.71688,0.1085647,-0.03666243,-1.564253,-0.0006392035
1764,0.016606,1,100,0,-104.8935,100,0,133.6176,0,0,-0.3206746,-0.07468326,-0.9442406,-0.009462799,0.9970896,-0.07564961,0.9471422,-0.01532375,-0.320448,-674.7327,1.277541,-148.3205,130.858,-0.4485417,-29.98594,134.2504,0.07257748,-36.07495,0.05309587,-0.04318797,-1.67376,-0.006412451
1765,0.016686,1,100,0,-89.45895,100,0,133.5569,0,0,-0.347419,-0.07406545,-0.9347804,-0.008713594,0.9970878,-0.07576377,0.9376696,-0.01817648,-0.3470527,-672.551,1.268289,-148.8306,130.5223,-0.766927,-31.74625,134.3298,0.0388979,-37.80999,-0.001905987,-0.04722778,-1.754328,-0.01232411
1766,0.016691,1,100,0,-97.80445,100,0,133.4184,0,0,-0.3751596,-0.07324124,-0.9240623,-0.007848999,0.9970889,-0.07584272,0.926927,-0.02120016,-0.3746423,-670.3752,1.253185,-149.3717,130.0258,-1.181546,-33.75689,134.3415,-0.05833395,-39.62848,-0.04413382,-0.05526131,-1.838847,-0.01774196
1767,0.016678,1,100,0,-106.1434,100,0,133.1962,0,0,-0.4038544,-0.07220048,-0.9119697,-0.006834436,0.9970911,-0.07591297,0.9147978,-0.02442499,-0.4031731,-668.2102,1.230961,-149.9471,129.3644,-1.634882,-36.0014,134.2905,-0.1381488,-41.51999,-0.08250254,-0.06206115,-1.92673,-0.02328692
1768,0.016681,1,100,0,-90.71352,100,0,132.897,0,0,-0.4333449,-0.07092918,-0.8984327,-0.005692495,0.9970937,-0.07597255,0.9012102,-0.02780799,-0.4324892,-666.0568,1.20101,-150.5614,128.527,-2.117132,-38.46205,134.1752,-0.1943137,-42.81291,-0.1199289,-0.06634613,-1.986809,-0.02881444
1769,0.016674,1,100,0,-99.05052,100,0,132.5231,0,0,-0.4632806,-0.06942312,-0.8834883,-0.004453903,0.9970967,-0.07601477,0.8862004,-0.0312812,-0.4622447,-663.9193,1.162908,-151.2174,127.5044,-2.621129,-41.11513,133.9951,-0.2306798,-44.22112,-0.1556812,-0.06926391,-2.052212,-0.03452471
1770,0.016695,1,100,0,-107.398,100,0,132.0817,0,0,-0.4937077,-0.06766717,-0.8669913,-0.003096804,0.9970987,-0.07605835,0.8696226,-0.03486569,-0.4924849,-661.7974,1.11587,-151.9195,126.2772,-3.210065,-43.92543,133.7374,-0.3695441,-45.73664,-0.1793543,-0.07859581,-2.122712,-0.03978612
1771,0.016822,1,100,0,-91.83768,100,0,131.5581,0,0,-0.5246497,-0.06564229,-0.8487837,-0.001563318,0.9970955,-0.07614594,0.8513168,-0.03862303,-0.5232285,-659.6811,1.058422,-152.6751,124.8383,-3.82475,-46.90245,133.4131,-0.4824128,-46.68409,-0.2026883,-0.08528195,-2.166824,-0.04497403
1772,0.016547,1,100,0,-100.1112,100,0,130.9653,0,0,-0.5550569,-0.06339948,-0.8293927,7.367134e-05,0.9970873,-0.0762675,0.8318122,-0.04239391,-0.5534356,-657.6242,0.9917216,-153.4681,123.2192,-4.442814,-49.95163,133.0333,-0.5699054,-47.75438,-0.2242921,-0.09023038,-2.216608,-0.05028181
1773,0.016691,1,100,0,-84.672,100,0,130.3286,0,0,-0.5855566,-0.06088103,-0.8083422,0.001825776,0.9970743,-0.07641814,0.8106297,-0.046223,-0.5837323,-655.5776,0.9140819,-154.3195,121.3806,-5.068265,-53.12124,132.5926,-0.6318768,-48.29778,-0.2427783,-0.09265178,-2.241916,-0.05515142
1774,0.016891,1,100,0,-93.1175,100,0,129.6376,0,0,-0.6159724,-0.05808249,-0.7856237,0.003669012,0.997056,-0.07659075,0.7877594,-0.05006025,-0.6139459,-653.5388,0.8249226,-155.2353,119.3097,-5.697812,-56.39911,132.0914,-0.6743934,-49.02647,-0.258435,-0.09372783,-2.275803,-0.06008584
1775,0.016464,1,100,0,-101.3495,100,0,128.8986,0,0,-0.6452116,-0.05510329,-0.7620142,0.005557511,0.9970308,-0.07680362,0.7639837,-0.0537895,-0.6429896,-651.5866,0.727349,-156.1816,117.0764,-6.382387,-59.6208,131.5381,-0.8456138,-49.88898,-0.2718692,-0.1029474,-2.31603,-0.06500275
1776,0.016684,1,100,0,-85.9168,100,0,128.1233,0,0,-0.6743022,-0.0518288,-0.7366346,0.00762115,0.9969926,-0.07712357,0.7384164,-0.05761859,-0.6718792,-649.6468,0.616993,-157.1946,114.6133,-7.07693,-62.9047,130.9324,-0.9919756,-50.24248,-0.2842403,-0.1097503,-2.332618,-0.06953494
1777,0.016683,1,100,0,-94.2583,100,0,127.3045,0,0,-0.7026073,-0.0483113,-0.7099359,0.009796884,0.9969413,-0.07753783,0.7115104,-0.06143381,-0.699985,-647.7493,0.4951231,-158.2624,111.9543,-7.759172,-66.18835,130.2877,-1.10604,-50.78352,-0.2914399,-0.1143877,-2.357879,-0.07397731
1778,0.016658,1,100,0,-102.5873,100,0,126.4642,0,0,-0.7301143,-0.04454751,-0.6818715,0.0120522,0.996878,-0.07803218,0.6832189,-0.06519046,-0.727298,-645.9,0.3621693,-159.3831,109.1093,-8.423402,-69.44487,129.6086,-1.194451,-51.49471,-0.2954106,-0.1172258,-2.391018,-0.07843076
1779,0.016694,1,100,0,-87.14536,100,0,125.6018,0,0,-0.7568112,-0.04053069,-0.6523758,0.01436635,0.9968031,-0.0785954,0.6534758,-0.06885414,-0.7538095,-644.0952,0.2179711,-160.5605,106.0727,-9.063646,-72.66801,128.8961,-1.257888,-51.6976,-0.2953353,-0.11777,-2.40055,-0.08201392
1780,0.016681,1,100,0,-95.48586,100,0,124.7179,0,0,-0.782406,-0.03629339,-0.6217102,0.01673902,0.9967141,-0.0792505,0.6225436,-0.07241289,-0.7792277,-642.3435,0.06293417,-161.7903,102.8443,-9.752323,-75.81264,128.139,-1.450094,-52.09927,-0.3081963,-0.1264623,-2.41942,-0.08660421
1781,0.016674,1,100,0,-103.8229,100,0,123.8065,0,0,-0.8069373,-0.03181086,-0.5897798,0.01922549,0.9966048,-0.08005805,0.5903241,-0.07594064,-0.803586,-640.6473,-0.1034235,-163.0715,99.44838,-10.4232,-78.87974,127.3603,-1.612108,-52.68264,-0.3186021,-0.133035,-2.44671,-0.09130528
1782,0.016687,1,100,0,-88.38737,100,0,122.885,0,0,-0.8303381,-0.02708418,-0.5566014,0.02179469,0.9964757,-0.08100174,0.5568336,-0.07938979,-0.8268215,-639.0075,-0.280966,-164.4045,95.88822,-11.06864,-81.85886,126.562,-1.743881,-52.76671,-0.3255599,-0.1371079,-2.45081,-0.09508268
1783,0.016682,1,100,0,-96.72838,100,0,121.9552,0,0,-0.8524035,-0.02214954,-0.5224153,0.024411,0.9963273,-0.08207306,0.5223145,-0.08271204,-0.8487322,-637.4283,-0.4690922,-165.7862,92.17487,-11.69034,-84.72981,125.7458,-1.879291,-53.05896,-0.3242099,-0.1412883,-2.464576,-0.09852581
1784,0.016683,1,100,0,-105.0699,100,0,121.0241,0,0,-0.8731679,-0.01700077,-0.4871229,0.02705968,0.9961594,-0.0832708,0.4866678,-0.08589078,-0.8693544,-635.9119,-0.6673928,-167.2152,88.31973,-12.27421,-87.4847,124.9184,-1.983271,-53.54208,-0.3183718,-0.1432588,-2.487193,-0.1018727
1785,0.016825,1,100,0,-89.50675,91.5875,0,120.0918,0,0,-0.8926898,-0.01160333,-0.4505223,0.02975734,0.9959693,-0.08461432,0.4496882,-0.08894069,-0.8887464,-634.449,-0.8773046,-168.7022,84.16647,-12.87535,-90.14207,123.9974,-2.170885,-53.36002,-0.3337419,-0.1501277,-2.478988,-0.105457
1786,0.016544,1,100,0,-97.77875,83.31551,0,119.1073,0,0,-0.910307,-0.006127594,-0.4138887,0.03244799,0.9957575,-0.08610825,0.4126604,-0.09181481,-0.9062462,-633.0801,-1.093405,-170.2074,79.86246,-13.43087,-92.62684,123.0371,-2.321664,-53.24527,-0.3447374,-0.1546043,-2.4739,-0.1086884
1787,0.016684,1,100,0,-106.1208,74.9735,0,118.132,0,0,-0.9264891,-0.0004440472,-0.3763215,0.03516939,0.9955205,-0.08776037,0.3746747,-0.09454402,-0.9223233,-631.7728,-1.320381,-171.7661,75.32773,-13.94614,-94.98098,122.0252,-2.439817,-53.19242,-0.3509043,-0.1568171,-2.471686,-0.1115672
1788,0.016758,1,100,0,-90.6196,66.59451,0,117.1451,0,0,-0.9410794,0.005392622,-0.3381428,0.03788665,0.9952598,-0.08956954,0.3360569,-0.09710315,-0.9368229,-630.5367,-1.556864,-173.3702,70.60159,-14.43692,-97.16127,120.9683,-2.614717,-52.52798,-0.3468651,-0.1625931,-2.441045,-0.1125776
1789,0.016607,1,100,0,-98.9231,58.291,0,116.1509,0,0,-0.9538072,0.01124564,-0.3002093,0.04054391,0.9949756,-0.09154259,0.2976714,-0.09948564,-0.9494708,-629.3907,-1.799079,-174.9949,65.78349,-14.87585,-99.13731,119.904,-2.750934,-51.98304,-0.3382061,-0.1659868,-2.415949,-0.1132829
1790,0.016684,1,100,0,-107.2651,49.94901,0,115.1898,0,0,-0.9649154,0.01718903,-0.261998,0.04315228,0.9946679,-0.09366838,0.2589909,-0.1016879,-0.9605121,-628.3206,-2.049448,-176.6591,60.83955,-15.26202,-100.9257,118.8292,-2.850638,-51.54322,-0.3241563,-0.1670381,-2.395739,-0.1136232
1791,0.016701,1,100,0,-91.81667,41.5985,0,114.2492,0,0,-0.9743577,0.02317242,-0.2238081,0.04567884,0.994341,-0.09591365,0.220319,-0.1036775,-0.9699024,-627.3323,-2.306278,-178.3537,55.81329,-15.60429,-102.5062,117.7545,-2.943276,-50.53727,-0.3140541,-0.1679245,-2.349214,-0.1129516
1792,0.016673,1,100,0,-100.1532,33.262,0,113.3355,0,0,-0.982106,0.02912939,-0.1860628,0.04809703,0.9939982,-0.09825616,0.182084,-0.105447,-0.9776126,-626.4298,-2.568039,-180.0706,50.75182,-15.88442,-103.876,116.6974,-2.998323,-49.6849,-0.2975761,-0.1665572,-2.309824,-0.1118952
1793,0.01671,1,100,0,-84.69643,24.907,0,112.4666,0,0,-0.9882541,0.03505157,-0.1487453,0.05039433,0.9936432,-0.1006664,0.1442712,-0.1069799,-0.9837384,-625.6099,-2.834695,-181.813,45.66602,-16.09872,-105.0398,115.6629,-3.017254,-48.30472,-0.274156,-0.1634114,-2.245878,-0.1091372
1794,0.016677,1,100,0,-69.2702,16.5685,0,111.6422,0,0,-0.9928159,0.04083339,-0.1124702,0.05253994,0.9932751,-0.1031713,0.107501,-0.1083393,-0.9882847,-624.8765,-3.104437,-183.5698,40.5914,-16.3202,-105.906,114.5866,-3.198994,-46.4501,-0.246713,-0.1714451,-2.159718,-0.1050081
1795,0.016685,1,100,0,-53.83658,8.226001,0,110.797,0,0,-0.9959057,0.04642327,-0.07756873,0.05452915,0.9928828,-0.1058806,0.07210133,-0.1096769,-0.991349,-624.2271,-3.377785,-185.341,35.56929,-16.50279,-106.6043,113.587,-3.336685,-44.15934,-0.2153735,-0.1775413,-2.053246,-0.09967808
1796,0.016834,1,100,0,-45.41958,0,0,110.0567,0,0,-0.9976828,0.0518122,-0.04410018,0.05634958,0.992468,-0.1087763,0.03813208,-0.1110093,-0.9930878,-623.6561,-3.656423,-187.1388,30.59266,-16.64543,-107.1487,112.6669,-3.430352,-41.64901,-0.1794727,-0.1816165,-1.936536,-0.09351309
1797,0.016533,1,100,0,-37.15308,0,0,109.4225,0,0,-0.9982992,0.05681064,-0.01309405,0.05792016,0.9920546,-0.1116831,0.006645228,-0.1122516,-0.9936578,-623.176,-3.931827,-188.9127,25.9309,-16.67816,-107.5622,111.8937,-3.336024,-39.1614,-0.08788165,-0.1743678,-1.820891,-0.08363803
1798,0.016674,1,100,0,-28.81607,0,0,108.9245,0,0,-0.9979745,0.06150061,0.01626634,0.05924419,0.9916516,-0.1145307,-0.02317425,-0.1133351,-0.9932866,-622.7686,-4.20978,-190.708,21.44307,-16.64927,-107.8572,111.2213,-3.20694,-36.62644,0.009330281,-0.1655833,-1.703011,-0.07309356
1799,0.016886,1,100,0,-20.37307,0,0,108.5231,0,0,-0.9968575,0.06587252,0.04400102,0.06032068,0.9912525,-0.1173879,-0.05134876,-0.1143648,-0.992111,-622.4308,-4.491008,-192.5303,17.11499,-16.66138,-108.0131,110.6226,-3.320078,-34.03374,0.1072118,-0.1729864,-1.582115,-0.06229309
1800,0.016443,1,100,0,-12.15157,0,0,108.1876,0,0,-0.995173,0.06975646,0.06902868,0.0611101,0.9908562,-0.1202906,-0.07678854,-0.1154916,-0.9903361,-622.1713,-4.764957,-194.3068,13.12095,-16.65605,-108.079,110.1392,-3.379673,-31.4955,0.2030368,-0.1775626,-1.463761,-0.05169153
1801,0.016683,1,100,0,-3.810075,0,0,107.9506,0,0,-0.993017,0.07331934,0.09242,0.0616544,0.9904522,-0.1233005,-0.1005779,-0.1167414,-0.9880564,-621.9737,-5.04272,-196.11,9.286792,-16.63388,-108.0759,109.7421,-3.392305,-28.89874,0.3000926,-0.1797181,-1.342679,-0.04084933
1802,0.016861,1,100,0,4.620425,0,0,107.7929,0,0,-0.9905295,0.07652731,0.1139958,0.06194838,0.9900488,-0.1263563,-0.1225311,-0.1180978,-0.9854132,-621.8376,-5.322978,-197.932,5.636497,-16.59514,-108.0183,109.4309,-3.358474,-26.25516,0.3974877,-0.1794528,-1.219416,-0.02981907
1803,0.016532,1,100,0,12.88643,0,0,107.7119,0,0,-0.9879249,0.07926697,0.133121,0.06198747,0.9896694,-0.1292743,-0.141993,-0.1194615,-0.9826326,-621.7629,-5.596766,-199.7175,2.289911,-16.49155,-107.9445,109.221,-3.16457,-23.65303,0.5305134,-0.1693742,-1.098168,-0.01645376
1804,0.016686,1,100,0,21.22943,0,0,107.7148,0,0,-0.9852524,0.08159116,0.1504018,0.06177581,0.9893211,-0.1320136,-0.1595668,-0.1207756,-0.9797713,-621.7422,-5.871196,-201.5182,-0.8683757,-16.35616,-107.8484,109.0851,-2.940838,-21.01101,0.6623886,-0.1578514,-0.9750438,-0.002929211
1805,0.01667,1,100,0,29.56443,0,15.003,107.7807,0,0,-0.9826616,0.08345046,0.1655674,0.06132508,0.9890121,-0.1345175,-0.1749737,-0.1220317,-0.9769818,-621.7727,-6.143021,-203.3158,-3.755924,-16.20574,-107.8056,109.0815,-2.69462,-18.09014,0.7905543,-0.1456695,-0.8388878,0.01110224
1806,0.016693,1,100,0,37.91093,0,30.0267,107.9589,0,0,-0.9802876,0.08477969,0.1784618,0.06060315,0.9887409,-0.1368171,-0.1880518,-0.1233048,-0.9743884,-621.85,-6.4128,-205.1155,-6.386053,-16.0718,-107.8136,109.1919,-2.566148,-14.90521,0.9976948,-0.1417351,-0.6900029,0.03084995
1807,0.016675,1,100,0,46.24843,0,45.0342,108.235,0,0,-0.9782723,0.08548306,0.1888811,0.0595449,0.9885045,-0.1389724,-0.1985896,-0.124706,-0.9721166,-621.9698,-6.680093,-206.9137,-8.787521,-15.94522,-107.8888,109.4142,-2.405283,-11.48529,1.195151,-0.136364,-0.5301592,0.05061439
1808,0.016689,1,100,0,54.59293,0,60.0543,108.6141,0,0,-0.9767281,0.08553387,0.1966876,0.05816183,0.9883052,-0.140961,-0.2064443,-0.1262408,-0.9702803,-622.1286,-6.945554,-208.7152,-10.97397,-15.82915,-108.039,109.7425,-2.214971,-7.841042,1.381575,-0.1296287,-0.3598545,0.07032504
1809,0.016693,1,100,0,62.93943,0,75.078,109.0919,0,0,-0.9757573,0.08487522,0.201728,0.05645076,0.9881544,-0.1427049,-0.2114506,-0.1278577,-0.9689901,-622.3226,-7.208958,-210.5201,-12.93202,-15.68046,-108.2935,110.1844,-1.858601,-3.990093,1.636981,-0.1126276,-0.1799415,0.09512256
1810,0.016935,1,100,0,71.40693,0,90.3195,109.6747,0,0,-0.9754367,0.08339895,0.2038818,0.05435944,0.9880687,-0.1441017,-0.2134671,-0.1294792,-0.9683321,-622.5516,-7.473635,-212.356,-14.70521,-15.52724,-108.6442,110.729,-1.491489,0.1187807,1.878236,-0.0952367,0.01201648,0.119823
1811,0.016422,1,100,0,79.61793,0,100,110.3532,0,0,-0.9758108,0.08116885,0.20299,0.05200287,0.9880494,-0.1451001,-0.2123418,-0.1310342,-0.9683703,-622.8014,-7.727808,-214.1424,-16.21593,-15.37927,-109.0581,111.3245,-1.134975,4.174057,2.092294,-0.07818609,0.2014535,0.1428893
1812,0.016684,1,100,0,87.95993,0,100,111.0671,0,0,-0.976864,0.07811051,0.1990871,0.04930048,0.98809,-0.1457671,-0.2081019,-0.1325796,-0.9690804,-623.0793,-7.983563,-215.9645,-17.53495,-15.23083,-109.5206,111.9563,-0.7779225,8.197153,2.287881,-0.06062562,0.38936,0.1649202
1813,0.016773,1,100,0,96.34643,0,100,111.8026,0,0,-0.9785477,0.07425331,0.1921739,0.04628351,0.98818,-0.1461437,-0.2007541,-0.1341141,-0.970418,-623.3796,-8.238521,-217.8043,-18.62092,-15.14083,-110.015,112.6023,-0.563374,12.14769,2.461346,-0.05149335,0.574021,0.1855564
1814,0.016599,1,100,0,104.6459,0,100,112.5293,0,0,-0.980747,0.06968667,0.1824259,0.0430051,0.9883008,-0.1463294,-0.1904889,-0.1356668,-0.97227,-623.6932,-8.489491,-219.6334,-19.43975,-15.07802,-110.5512,113.2556,-0.3481303,15.96733,2.60755,-0.04142815,0.7524945,0.2043573
1815,0.016689,1,100,0,89.2086,0,100,113.2343,0,0,-0.9833494,0.06439005,0.1699349,0.03945939,0.9884673,-0.1462035,-0.1773891,-0.1370636,-0.9745495,-624.0207,-8.73999,-221.4819,-19.9814,-14.87424,-111.1889,113.9451,0.2257459,19.06275,2.772451,-0.006713815,0.8967512,0.2228146
1816,0.016673,1,100,0,97.5451,0,100,113.9423,0,0,-0.9861638,0.05846094,0.1551232,0.03571876,0.9887077,-0.1455374,-0.1618798,-0.1379829,-0.9771159,-624.3553,-8.986824,-223.3395,-20.24225,-14.66491,-111.8716,114.6301,0.7262614,22.13596,2.905566,0.02414633,1.039975,0.239143
1817,0.016687,1,100,0,105.8886,0,100,114.6118,0,0,-0.989076,0.05192934,0.1379564,0.0317828,0.9890068,-0.1444142,-0.1439391,-0.138452,-0.9798533,-624.6931,-9.230373,-225.2103,-20.21981,-14.45535,-112.591,115.3019,1.148669,25.19354,3.006127,0.05092351,1.182456,0.2532436
1818,0.016679,1,100,0,90.46053,0,100,115.2345,0,0,-0.9919254,0.04488178,0.1186156,0.02767488,0.9893476,-0.1429177,-0.1237664,-0.1384811,-0.9826011,-625.0286,-9.470313,-227.0924,-19.91063,-14.24567,-113.3366,115.9506,1.499866,27.56567,3.072261,0.0746371,1.292898,0.2632984
1819,0.016688,1,100,0,98.80453,0,100,115.8017,0,0,-0.9945415,0.03742484,0.09740104,0.02342188,0.9897147,-0.1411267,-0.1016809,-0.138075,-0.9851888,-625.3577,-9.706924,-228.988,-19.31444,-14.0428,-114.0948,116.567,1.76468,29.97718,3.104607,0.09359176,1.405147,0.2710575
1820,0.016677,1,100,0,107.143,0,100,116.3078,0,0,-0.9967963,0.02960943,0.07430008,0.01904549,0.9901015,-0.139056,-0.07768199,-0.1371954,-0.9874934,-625.6749,-9.939471,-230.8951,-18.43352,-13.74481,-114.8802,117.1587,2.174716,32.42127,3.112353,0.1226727,1.51875,0.2770333
1821,0.016693,1,100,0,91.702,0,100,116.7611,0,0,-0.998547,0.02150369,0.04941436,0.01456859,0.9905131,-0.1366457,-0.05188396,-0.1357273,-0.9893872,-625.9763,-10.16724,-232.8171,-17.27477,-13.44045,-115.6505,117.7035,2.454516,34.23058,3.085068,0.1444992,1.602713,0.2788085
1822,0.01666,1,100,0,100.032,0,100,117.1437,0,0,-0.9996448,0.01325724,0.02312118,0.01004236,0.9909307,-0.133999,-0.02468794,-0.1337192,-0.9907119,-626.2562,-10.38923,-234.7481,-15.85088,-13.09141,-116.4,118.2015,2.715235,36.11779,3.008131,0.1656921,1.690195,0.277162
1823,0.016674,1,100,0,84.60855,0,100,117.4608,0,0,-0.9999775,0.004942212,-0.004534557,0.005494351,0.9913449,-0.1311683,0.003847049,-0.1311903,-0.9913498,-626.5112,-10.60558,-236.6929,-14.16724,-12.73836,-117.1018,118.6415,2.837679,37.4149,2.898221,0.178671,1.750118,0.2715594
1824,0.016785,1,100,0,93.00105,0,100,117.7055,0,0,-0.9994351,-0.003378115,-0.0334398,0.0009385108,0.9917433,-0.1282365,0.0335969,-0.1281954,-0.9911798,-626.7382,-10.81723,-238.6622,-12.22426,-12.34812,-117.754,119.0291,2.937568,38.84536,2.754516,0.1906012,1.816182,0.2636673
1825,0.016582,1,100,0,101.2921,0,100,117.8877,0,0,-0.9979399,-0.01150511,-0.06311664,-0.003512242,0.9921112,-0.125313,0.06406046,-0.1248332,-0.9901078,-626.9291,-11.0199,-240.618,-10.07514,-11.9641,-118.3189,119.3483,2.906935,40.36662,2.582924,0.1944729,1.886408,0.2537851
1826,0.016683,1,100,0,85.86028,0,100,117.9965,0,0,-0.9953831,-0.01951773,-0.09397723,-0.007897674,0.9924414,-0.1224658,0.09565715,-0.1211582,-0.9880134,-627.084,-11.21742,-242.5946,-7.69769,-11.58586,-118.7921,119.6038,2.769,41.33263,2.382977,0.191636,1.93069,0.2404955
1827,0.016771,1,100,0,94.24577,0,100,118.0356,0,0,-0.9916888,-0.02730465,-0.1257288,-0.01215093,0.9927296,-0.1197513,0.1280845,-0.1172283,-0.9848107,-627.1987,-11.40931,-244.5891,-5.109713,-11.14787,-119.176,119.8052,2.657346,42.45329,2.126826,0.1906752,1.982072,0.2236193
1828,0.016597,1,100,0,102.5443,0,100,118.0181,0,0,-0.9868388,-0.03469779,-0.1579412,-0.01615455,0.992976,-0.1172091,0.1608987,-0.113115,-0.9804678,-627.2684,-11.59203,-246.5686,-2.364002,-10.7261,-119.4353,119.9393,2.445088,43.69396,1.851532,0.1833586,2.038964,0.2054672
1829,0.016683,1,100,0,87.1125,0,91.6585,117.9354,0,0,-0.9807112,-0.04175394,-0.1909512,-0.01992747,0.9931858,-0.1148269,0.1944445,-0.1088068,-0.9748605,-627.2912,-11.76833,-248.5619,0.63398,-10.24582,-119.5356,119.9756,2.301085,44.23392,1.544839,0.1799698,2.063237,0.1836172
1830,0.016819,1,100,0,95.522,0,83.249,117.7686,0,0,-0.9732798,-0.04838721,-0.2244668,-0.02342517,0.9933684,-0.1125649,0.2284249,-0.104299,-0.9679589,-627.2625,-11.93802,-250.572,3.874181,-9.76846,-119.443,119.9044,2.0595,44.79576,1.219374,0.1701606,2.088435,0.1603703
1831,0.016552,1,100,0,103.798,0,74.973,117.5198,0,0,-0.9647056,-0.05441941,-0.257646,-0.02652206,0.9935175,-0.1105418,0.2619914,-0.09980699,-0.9598953,-627.1797,-12.09723,-252.5475,7.246675,-9.31454,-119.1526,119.7357,1.753237,45.36295,0.8864139,0.1558772,2.113828,0.1365768
1832,0.016683,1,100,0,88.36623,0,66.6315,117.2023,0,0,-0.9548193,-0.05996047,-0.2910756,-0.02923373,0.9936349,-0.1087892,0.295746,-0.09536482,-0.9504946,-627.0391,-12.2506,-254.5327,10.79838,-8.945001,-118.6356,119.4614,1.268308,45.28329,0.5326692,0.1292019,2.108927,0.1103233
1833,0.016687,1,100,0,96.70972,0,58.288,116.8091,0,0,-0.9437759,-0.06491247,-0.3241507,-0.03145555,0.9937171,-0.1074119,0.3290864,-0.09117644,-0.9398881,-626.8384,-12.39803,-256.5084,14.47771,-8.609805,-117.9058,119.1029,0.8000093,45.27353,0.174501,0.1032001,2.107297,0.08410518
1834,0.016678,1,100,0,105.0487,0,49.949,116.3677,0,0,-0.9315877,-0.06928784,-0.3568524,-0.03317026,0.9937742,-0.1063618,0.3620003,-0.08724841,-0.9280861,-626.576,-12.53999,-258.4698,18.24786,-8.311079,-116.9653,118.6715,0.3568612,45.32906,-0.1840009,0.07843702,2.108741,0.05816553
1835,0.01689,1,100,0,89.42547,0,41.504,115.8847,0,0,-0.9181407,-0.07312735,-0.3894485,-0.03438454,0.9938197,-0.1055481,0.39476,-0.08351701,-0.9149807,-626.2459,-12.67853,-260.4391,22.12818,-7.980907,-115.8158,118.1806,0.0155378,44.76553,-0.560039,0.05898063,2.081494,0.03032064
1836,0.016481,1,100,0,97.66597,0,33.2635,115.3711,0,0,-0.9040999,-0.07627003,-0.4204598,-0.03505931,0.9938651,-0.1048971,0.4258808,-0.08009639,-0.9012274,-625.8602,-12.80851,-262.3407,25.94612,-7.694423,-114.4968,117.6517,-0.3014758,44.32814,-0.921156,0.04063344,2.060172,0.003917515
1837,0.016687,1,100,0,106.0095,0,24.92,114.8539,0,0,-0.8889738,-0.07887818,-0.4511141,-0.0352422,0.9939172,-0.1043394,0.4566002,-0.07685678,-0.8863462,-625.4057,-12.93552,-264.243,29.81475,-7.440977,-112.9706,117.0753,-0.6018701,43.99158,-1.277382,0.02302985,2.043571,-0.0218508
1838,0.01685,1,100,0,90.42322,0,16.495,114.3163,0,0,-0.8728659,-0.08092915,-0.4812022,-0.03492155,0.9939823,-0.103824,0.4867088,-0.07382007,-0.8704394,-624.8815,-13.05946,-266.1371,33.69289,-7.18231,-111.2571,116.4686,-0.8506664,43.07352,-1.657178,0.007438371,1.999964,-0.04970325
1839,0.016495,1,100,0,75.16534,0,8.247502,113.7714,0,0,-0.8565589,-0.08233123,-0.5094394,-0.0341081,0.9940649,-0.1033037,0.5149209,-0.0711097,-0.8542832,-624.3051,-13.17675,-267.9622,37.42702,-6.965205,-109.3893,115.8245,-1.073457,41.67118,-2.013228,-0.007748178,1.933905,-0.07631031
1840,0.016673,1,100,0,59.74282,0,0,113.2167,0,0,-0.8398283,-0.08314195,-0.5364476,-0.03279982,0.994168,-0.102733,0.5418605,-0.06868267,-0.8376575,-623.6604,-13.2919,-269.7751,41.1449,-6.787946,-107.3827,115.1956,-1.27165,39.78253,-2.354533,-0.02257141,1.845287,-0.1022349
1841,0.016706,1,100,0,51.38982,0,0,112.7109,0,0,-0.8230782,-0.08336037,-0.5617769,-0.03102405,0.9942917,-0.1020855,0.56708,-0.06659579,-0.820966,-622.9531,-13.4046,-271.5577,44.71942,-6.661112,-105.3209,114.6154,-1.437553,37.81442,-2.675329,-0.03590288,1.753057,-0.1265557
1842,0.016675,1,100,0,43.05232,0,0,112.2679,0,0,-0.8065312,-0.08302604,-0.5853324,-0.02882755,0.9944347,-0.1013333,0.5904882,-0.06485478,-0.804436,-622.1884,-13.51525,-273.3024,48.13029,-6.584114,-103.2312,114.0901,-1.570498,35.78185,-2.971952,-0.04759306,1.657918,-0.149043
1843,0.016664,1,100,0,34.72032,0,0,111.8903,0,0,-0.7903162,-0.08218242,-0.6071627,-0.02625313,0.9945958,-0.1004509,0.6121368,-0.06344802,-0.7882028,-621.3683,-13.6248,-275.0111,51.37811,-6.554664,-101.1298,113.6218,-1.67194,33.68846,-3.242842,-0.05764383,1.560041,-0.1696298
1844,0.016673,1,100,0,26.38382,0,0,111.5771,0,0,-0.7745542,-0.08087049,-0.6273164,-0.02334345,0.9947718,-0.09941862,0.6320767,-0.06236138,-0.7723925,-620.4945,-13.73417,-276.6857,54.46455,-6.570079,-99.03203,113.2117,-1.743736,31.53705,-3.486652,-0.0660877,1.459556,-0.1882661
1845,0.016689,1,100,0,18.03932,0,0,111.3271,0,0,-0.7593719,-0.07912279,-0.6458281,-0.0201406,0.9949615,-0.09821488,0.6503451,-0.06157426,-0.7571394,-619.5693,-13.84404,-278.327,57.38763,-6.61145,-96.96,112.864,-1.773373,29.33153,-3.723068,-0.07204212,1.356644,-0.2062528
1846,0.016668,1,100,0,9.705322,0,0,111.1411,0,0,-0.7449262,-0.07696692,-0.6626923,-0.01669567,0.9951626,-0.0968135,0.666938,-0.06105483,-0.7426077,-618.5974,-13.95461,-279.932,60.14417,-6.680454,-94.93108,112.5782,-1.763017,27.0819,-3.934131,-0.07556388,1.251785,-0.2224766
1847,0.016687,1,100,0,1.361822,0,0,111.0169,0,0,-0.7312948,-0.07443352,-0.6779879,-0.01304765,0.9953724,-0.09520434,0.6819369,-0.06077629,-0.7288818,-617.5793,-14.06666,-281.5052,62.74132,-6.78537,-92.95118,112.3496,-1.744254,24.78654,-4.114895,-0.07860885,1.144867,-0.2366618
1848,0.016679,1,100,0,-6.977678,0,0,110.9484,0,0,-0.7186046,-0.07156438,-0.691727,-0.009239815,0.9955858,-0.09340204,0.6953578,-0.06072771,-0.7160938,-616.5193,-14.18056,-283.045,65.17742,-6.918137,-91.03902,112.1787,-1.705102,22.45327,-4.263758,-0.08033081,1.036272,-0.2487313
1849,0.016948,1,100,0,-15.45168,0,0,110.9342,0,0,-0.7067605,-0.06834301,-0.7041441,-0.005249679,0.995802,-0.09138165,0.7074334,-0.06088841,-0.7041523,-615.4016,-14.2987,-284.5774,67.49284,-7.076709,-89.1767,112.0618,-1.645988,20.04236,-4.382327,-0.08076309,0.9241512,-0.2588665
1850,0.01642,1,100,0,-23.66168,14.778,0,110.9715,0,0,-0.696438,-0.06495478,-0.7146713,-0.001303893,0.996008,-0.08925419,0.7176158,-0.06122815,-0.6937426,-614.2819,-14.41586,-286.0328,69.58601,-7.254683,-87.53853,112.0618,-1.570947,17.41245,-4.464959,-0.08020891,0.8019444,-0.2668965
1851,0.016692,1,100,0,-32.00768,29.8008,0,111.1094,0,0,-0.6873223,-0.06126004,-0.7237648,0.002754424,0.9962102,-0.08693577,0.7263476,-0.06174645,-0.6845487,-613.1093,-14.53805,-287.4857,71.58265,-7.453329,-86.03682,112.1693,-1.4778,14.44928,-4.517277,-0.07862624,0.6643411,-0.2733353
1852,0.01683,1,100,0,-40.42268,44.9478,0,111.3505,0,0,-0.6797574,-0.05729453,-0.7311957,0.006854057,0.9964044,-0.08444746,0.7334051,-0.06241545,-0.6769206,-611.8939,-14.66458,-288.9262,73.47574,-7.650445,-84.69498,112.3853,-1.330736,11.19198,-4.536052,-0.07356007,0.5132017,-0.2779787
1853,0.016519,1,100,0,-48.68218,59.8149,0,111.6968,0,0,-0.6741213,-0.05318172,-0.7367036,0.01083828,0.9965848,-0.0818598,0.7385411,-0.06316803,-0.6712427,-610.6705,-14.79202,-290.319,75.21976,-7.845031,-83.54861,112.694,-1.175745,7.762131,-4.523273,-0.06771314,0.3541204,-0.2808607
1854,0.016692,1,100,0,-57.02818,74.8377,0,112.1298,0,0,-0.6703908,-0.04881808,-0.7404006,0.01480003,0.9967552,-0.07912134,0.7418607,-0.06400017,-0.667493,-609.4057,-14.92403,-291.7081,76.87406,-8.037766,-82.56685,113.0996,-1.011035,4.067648,-4.479993,-0.0609934,0.1828214,-0.2821756
1855,0.01668,1,100,0,-65.36818,89.8497,0,112.6571,0,0,-0.6687937,-0.04425978,-0.7421295,0.01867374,0.9969113,-0.07628313,0.7432136,-0.06487601,-0.6659015,-608.1148,-15.05911,-293.0809,78.42023,-8.221438,-81.77035,113.5945,-0.8414444,0.1664902,-4.406748,-0.05355324,0.001989975,-0.2819188
1856,0.016683,1,100,0,-73.70968,100,0,113.2674,0,0,-0.6694389,-0.0395157,-0.7418153,0.02244465,0.9970524,-0.0733667,0.7425278,-0.06576431,-0.6665787,-606.7986,-15.1972,-294.4417,79.8495,-8.3905,-81.14952,114.156,-0.6708131,-3.839442,-4.304367,-0.04547659,-0.1836509,-0.2800413
1857,0.016693,1,100,0,-82.05618,100,0,113.9348,0,0,-0.6723454,-0.03460433,-0.7394282,0.02609544,0.9971777,-0.07039468,0.7397773,-0.06662524,-0.6695448,-605.4584,-15.33807,-295.7937,81.1319,-8.536686,-80.68648,114.7413,-0.4974706,-7.753065,-4.174399,-0.03647088,-0.3649605,-0.2764108
1858,0.016673,1,100,0,-90.39268,100,0,114.6115,0,0,-0.67743,-0.02956367,-0.734993,0.02960111,0.9972872,-0.06739676,0.7349917,-0.0674132,-0.6747171,-604.0994,-15.48107,-297.1374,82.25123,-8.658418,-80.39877,115.3438,-0.3344882,-11.57463,-4.017492,-0.02737027,-0.5419644,-0.2710496
1859,0.016685,1,100,0,-98.73518,100,0,115.2841,0,0,-0.6846104,-0.02441337,-0.7285002,0.03295841,0.99738,-0.06439678,0.7281637,-0.06809692,-0.6820121,-602.7218,-15.62607,-298.4782,83.19694,-8.753891,-80.29844,115.9577,-0.1872596,-15.31904,-3.834682,-0.01853011,-0.7153613,-0.2640154
1860,0.016683,1,100,0,-107.0767,100,0,115.9416,0,0,-0.6937807,-0.01918662,-0.7199307,0.03615879,0.9974563,-0.06142825,0.719278,-0.06864956,-0.6913222,-601.3297,-15.77248,-299.8184,83.95518,-8.821529,-80.39477,116.5745,-0.06144999,-18.98905,-3.627574,-0.01032443,-0.8852846,-0.2553813
1861,0.016688,1,100,0,-91.64027,100,0,116.5714,0,0,-0.7047081,-0.01393234,-0.7093605,0.03915964,0.9975193,-0.0584948,0.7084157,-0.06900006,-0.7024143,-599.9254,-15.91966,-301.1617,84.5243,-8.814584,-80.70074,117.195,0.1726346,-21.92558,-3.382169,0.005698005,-1.02111,-0.2433899
1862,0.016679,1,100,0,-99.97977,100,0,117.1719,0,0,-0.7170329,-0.008730201,-0.6969846,0.04191532,0.9975719,-0.05561625,0.6957778,-0.06909301,-0.714926,-598.5137,-16.06665,-302.5104,84.8741,-8.810808,-81.19834,117.7897,0.2187936,-24.8524,-3.113615,0.01020453,-1.156508,-0.2298253
1863,0.016868,1,100,0,-108.4138,100,0,117.7131,0,0,-0.7308285,-0.003546678,-0.682552,0.04453924,0.9976076,-0.05287325,0.6811066,-0.06904162,-0.7289222,-597.0812,-16.21511,-303.884,85.00634,-8.780993,-81.8978,118.3657,0.2314793,-27.8071,-2.82385,0.01309886,-1.293182,-0.2148753
1864,0.016499,1,100,0,-93.1522,100,0,118.2018,0,0,-0.7454115,0.001408923,-0.6666032,0.04694703,0.9976256,-0.05038871,0.6649494,-0.06885537,-0.7437077,-595.6792,-16.3597,-305.24,84.9087,-8.728175,-82.76733,118.8953,0.2091567,-30.0321,-2.524772,0.01415473,-1.396005,-0.1983586
1865,0.016697,1,100,0,-101.5007,100,0,118.6157,0,0,-0.7609354,0.006256558,-0.6487975,0.04922241,0.9976286,-0.04810955,0.6469579,-0.06854364,-0.7594389,-594.2632,-16.50503,-306.6278,84.57803,-8.653919,-83.81898,119.3899,0.1540827,-32.33298,-2.208976,0.01345351,-1.502332,-0.1807774
1866,0.016748,1,100,0,-86.0088,100,0,118.967,0,0,-0.777096,0.01090786,-0.6292877,0.05130608,0.9976202,-0.04606455,0.6272876,-0.06808286,-0.7758063,-592.8497,-16.64911,-308.0385,84.02119,-8.499458,-85.03873,119.8473,0.184027,-34.01245,-1.853343,0.01836204,-1.579807,-0.1597768
1867,0.016612,1,100,0,-94.3148,100,0,119.2577,0,0,-0.7934285,0.01524681,-0.6084725,0.05313575,0.9976046,-0.0442898,0.6063398,-0.06747243,-0.7923381,-591.4583,-16.78961,-309.4585,83.22163,-8.372341,-86.37939,120.2387,0.04216282,-35.76947,-1.4966,0.01236233,-1.660846,-0.1386783
1868,0.016683,1,100,0,-102.6563,100,0,119.4672,0,0,-0.8100808,0.01932715,-0.586,0.05480083,0.9975774,-0.04285455,0.5837521,-0.06682894,-0.8091774,-590.0757,-16.92855,-310.9078,82.18148,-8.238073,-87.84409,120.5746,-0.1227769,-37.61934,-1.133878,0.005018707,-1.746182,-0.1172475
1869,0.016693,1,100,0,-87.21528,100,0,119.6056,0,0,-0.8268283,0.02311495,-0.5619794,0.05628435,0.9975404,-0.04177981,0.5596313,-0.06617537,-0.8260956,-588.7109,-17.06532,-312.3829,80.90236,-8.101615,-89.40939,120.8506,-0.3060424,-38.88011,-0.7692023,-0.003673881,-1.804185,-0.09495038
1870,0.016673,1,100,0,-95.55178,100,0,119.6723,0,0,-0.8433914,0.02657592,-0.536642,0.05756868,0.9974962,-0.04107682,0.5342067,-0.06553761,-0.8428097,-587.3703,-17.19966,-313.8828,79.38818,-7.967577,-91.05293,121.0645,-0.4994065,-40.26415,-0.4058863,-0.01301485,-1.867903,-0.07286604
1871,0.016922,1,100,0,-104.0128,100,0,119.6722,0,0,-0.8599893,0.02975637,-0.5094441,0.05863025,0.9974495,-0.04071284,0.5069332,-0.06488144,-0.8595405,-586.0367,-17.33336,-315.4334,77.63089,-7.766068,-92.78729,121.2285,-0.6085995,-41.78786,-0.00399044,-0.01691994,-1.938098,-0.04842426
1872,0.016509,1,100,0,-88.74195,100,0,119.612,0,0,-0.8758383,0.03250526,-0.4815089,0.05938226,0.9974061,-0.0406811,0.4789375,-0.06422315,-0.8754966,-584.7658,-17.46077,-316.9748,75.68006,-7.618468,-94.51172,121.3177,-0.8340837,-42.71993,0.374731,-0.02877716,-1.980807,-0.02475875
1873,0.016682,1,100,0,-97.08295,100,0,119.48,0,0,-0.8912904,0.03492157,-0.4520864,0.05988831,0.9973616,-0.04102853,0.4494608,-0.06364302,-0.8910302,-583.5154,-17.58713,-318.5613,73.48588,-7.485308,-96.27373,121.3459,-1.056771,-43.81187,0.7476786,-0.04052003,-2.030939,-0.001681678
1874,0.017003,1,100,0,-105.5845,100,0,119.2882,0,0,-0.906418,0.03703591,-0.4207551,0.06012813,0.9973174,-0.04174556,0.4180803,-0.06313814,-0.9062133,-582.2797,-17.71376,-320.2085,71.02759,-7.369246,-98.06874,121.3124,-1.27531,-45.06809,1.115037,-0.05203423,-2.088697,0.02081616
1875,0.016417,1,100,0,-90.39874,100,0,119.0317,0,0,-0.9203102,0.0387518,-0.3892651,0.06007895,0.9972773,-0.04276001,0.3865482,-0.06273911,-0.9201326,-581.1277,-17.83425,-321.828,68.44489,-7.279114,-99.78526,121.2221,-1.475034,-45.7518,1.455094,-0.06296966,-2.119932,0.04213946
1876,0.016666,1,100,0,-98.73174,100,0,118.7296,0,0,-0.9335155,0.04015467,-0.3562813,0.05971251,0.9972427,-0.0440624,0.3535296,-0.06240739,-0.9333393,-580.0025,-17.95482,-323.5007,65.63752,-7.143325,-101.4999,121.0849,-1.591803,-46.61442,1.824034,-0.06867658,-2.15949,0.06507224
1877,0.01696,1,100,0,-107.2117,100,0,118.3845,0,0,-0.9459913,0.04123396,-0.3215592,0.05896479,0.9972185,-0.04559319,0.3187848,-0.06209144,-0.9457914,-578.9064,-18.07529,-325.2318,62.58405,-7.022349,-103.1903,120.8896,-1.711825,-47.65237,2.179943,-0.07469401,-2.207186,0.08697394
1878,0.016412,1,100,0,-92.03064,100,0,117.9833,0,0,-0.9570388,0.04195668,-0.286909,0.0578787,0.9972057,-0.047237,0.2841253,-0.06181356,-0.9567929,-577.8964,-18.1899,-326.9341,59.44987,-6.903926,-104.7632,120.6536,-1.793561,-48.14431,2.507258,-0.07893503,-2.2296,0.1076246
1879,0.016684,1,100,0,-100.3726,100,0,117.5547,0,0,-0.9670932,0.04236631,-0.2508704,0.05641339,0.9972011,-0.04906628,0.2480895,-0.06160411,-0.9667764,-576.923,-18.30482,-328.6904,56.08922,-6.856005,-106.2653,120.3549,-1.99651,-48.82837,2.835012,-0.09105702,-2.26083,0.1280332
1880,0.01668,1,100,0,-84.94364,100,0,117.0723,0,0,-0.9758906,0.0424644,-0.2140899,0.05460273,0.9971997,-0.05110379,0.2113203,-0.0615616,-0.9754765,-576.007,-18.41909,-330.4709,52.56721,-6.841276,-107.6689,120.0113,-2.171261,-49.0133,3.136174,-0.1020145,-2.268951,0.1471438
1881,0.016691,1,100,0,-93.28914,91.6545,0,116.5582,0,0,-0.9833359,0.04226735,-0.1768168,0.05244734,0.9972003,-0.05329997,0.1740689,-0.06168535,-0.9827996,-575.1505,-18.53335,-332.2753,48.794,-6.853321,-108.9501,119.574,-2.314749,-49.24478,3.409619,-0.1111939,-2.279283,0.164284
1882,0.016671,1,100,0,-101.6246,83.319,0,115.9924,0,0,-0.98939,0.04181694,-0.1391357,0.04996502,0.9972026,-0.05559269,0.1364217,-0.06195477,-0.9887117,-574.3592,-18.64781,-334.0981,44.80684,-6.892211,-110.0864,119.0554,-2.427787,-49.51959,3.653618,-0.1186173,-2.29168,0.1793626
1883,0.016682,1,100,0,-86.19379,74.978,0,115.3834,0,0,-0.9940187,0.04113807,-0.1011658,0.04716549,0.997206,-0.05792712,0.09850013,-0.06235217,-0.9931818,-573.6349,-18.76307,-335.9402,40.62885,-6.943305,-111.0666,118.4681,-2.491787,-49.16989,3.871175,-0.1235642,-2.275165,0.1933254
1884,0.016683,1,100,0,-94.53529,66.6365,0,114.7442,0,0,-0.9971843,0.0402409,-0.06328037,0.04406495,0.9972109,-0.06024331,0.06067963,-0.06286213,-0.9961762,-572.9811,-18.87931,-337.7978,36.29159,-7.017592,-111.8741,117.8225,-2.528562,-48.9156,4.058434,-0.1268824,-2.263127,0.2051489
1885,0.016683,1,100,0,-102.8768,58.295,0,114.0897,0,0,-0.998908,0.03916909,-0.02546693,0.04069598,0.9972153,-0.0624941,0.02294818,-0.06346226,-0.9977204,-572.4003,-18.99691,-339.6679,31.82965,-7.113934,-112.4992,117.1315,-2.539994,-48.75082,4.215001,-0.1286602,-2.255296,0.2148335
1886,0.016683,1,100,0,-87.44501,49.9535,0,113.4246,0,0,-0.9992062,0.03795006,0.01211523,0.03709084,0.9972192,-0.06464044,-0.01453465,-0.06413976,-0.9978353,-571.8946,-19.11624,-341.5473,27.27385,-7.230484,-112.9352,116.4066,-2.527882,-48.00389,4.340735,-0.1294451,-2.220504,0.2231444
1887,0.016694,1,100,0,-95.79201,41.6065,0,112.758,0,0,-0.9981203,0.03657871,0.04917298,0.03326316,0.9972231,-0.06663217,-0.05147375,-0.06487127,-0.9965653,-571.4648,-19.23741,-343.4343,22.66248,-7.315835,-113.1909,115.6689,-2.437659,-47.39125,4.482281,-0.1252333,-2.191974,0.232288
1888,0.016829,1,100,0,-104.2065,33.192,0,112.1102,0,0,-0.9956758,0.03505885,0.08602831,0.02919983,0.9972278,-0.06844378,-0.08818939,-0.0656358,-0.9939393,-571.1097,-19.36129,-345.3397,17.97601,-7.454195,-113.2419,114.9018,-2.425995,-46.90162,4.575215,-0.1260763,-2.169153,0.2381603
1889,0.016527,1,100,0,-88.91903,24.9285,0,111.4595,0,0,-0.9920134,0.03347256,0.1216102,0.02505811,0.997227,-0.07007443,-0.1236185,-0.06646745,-0.9901013,-570.8379,-19.48532,-347.2106,13.37137,-7.607264,-113.1062,114.1476,-2.389191,-45.88277,4.635239,-0.1256528,-2.121837,0.2425095
1890,0.016683,1,100,0,-97.26053,16.587,0,110.8392,0,0,-0.9871442,0.03179177,0.1566389,0.02076346,0.9972213,-0.07154606,-0.1584782,-0.06737392,-0.9850613,-570.6406,-19.61316,-349.096,8.743051,-7.775328,-112.787,113.3922,-2.327215,-45.01821,4.665491,-0.1235487,-2.081731,0.244738
1891,0.016759,1,100,0,-81.75845,8.207498,0,110.2404,0,0,-0.9811603,0.03005094,0.1908445,0.01637723,0.9972103,-0.07282586,-0.1925006,-0.06832834,-0.9789153,-570.5197,-19.74444,-350.9835,4.145963,-7.951999,-112.2611,112.6188,-2.242115,-43.63146,4.666048,-0.1202384,-2.017447,0.2456904
1892,0.016607,1,100,0,-66.39698,0,0,109.6394,0,0,-0.9743246,0.02826806,0.223367,0.01199337,0.9971949,-0.07388438,-0.224829,-0.06930845,-0.9719306,-570.4756,-19.8775,-352.8444,-0.3406729,-8.134841,-111.6101,111.9067,-2.135631,-41.79608,4.63797,-0.1157295,-1.932394,0.2453902
1893,0.016694,1,100,0,-50.95503,0,0,109.1177,0,0,-0.9667457,0.02639834,0.2543736,0.007572612,0.997177,-0.07470517,-0.2556276,-0.07029463,-0.9642165,-570.5054,-20.01415,-354.7036,-4.670087,-8.289678,-110.8707,111.2782,-1.954484,-39.67371,4.632615,-0.1065148,-1.834031,0.2469646
1894,0.016672,1,100,0,-42.61903,0,0,108.6798,0,0,-0.9586599,0.02443649,0.2835034,0.003157184,0.9971581,-0.07527383,-0.2845371,-0.07126692,-0.9560125,-570.6063,-20.15346,-356.5476,-8.820865,-8.489348,-110.0366,110.7155,-1.876974,-37.50073,4.570854,-0.103887,-1.733337,0.2450725
1895,0.016808,1,100,0,-34.21503,0,0,108.3112,0,0,-0.95015,0.02240642,0.3109874,-0.001255296,0.9971316,-0.0756779,-0.311791,-0.07229573,-0.9473965,-570.777,-20.29728,-358.3921,-12.82255,-8.693588,-109.1324,110.2265,-1.775279,-35.25827,4.481956,-0.09962871,-1.629465,0.2415726
1896,0.016584,1,100,0,-25.92303,0,0,108.0182,0,0,-0.9415596,0.02037184,0.3362302,-0.005531928,0.9970999,-0.07590455,-0.3368014,-0.07332866,-0.9387163,-571.0105,-20.44254,-360.1969,-16.58534,-8.892536,-108.1961,109.8206,-1.654113,-33.00363,4.36922,-0.0939677,-1.525063,0.236643
1897,0.016676,1,100,0,-17.58504,0,0,107.8035,0,0,-0.9328747,0.01831518,0.3597348,-0.009714607,0.9970638,-0.0759557,-0.3600697,-0.07435184,-0.9299577,-571.3071,-20.59189,-361.9959,-20.18473,-9.083676,-107.226,109.4868,-1.503551,-30.6939,4.225569,-0.0862897,-1.418152,0.229896
1898,0.016688,1,100,0,-9.241035,0,0,107.659,0,0,-0.9242794,0.01626585,0.3813699,-0.01374117,0.9970263,-0.07582708,-0.3814692,-0.07532588,-0.9213073,-571.6629,-20.74445,-363.78,-23.59847,-9.261274,-106.2421,109.2248,-1.338984,-28.34442,4.060286,-0.07755248,-1.309423,0.2219273
1899,0.016765,1,100,0,-0.8585358,0,0,107.5814,0,0,-0.9158746,0.01423215,0.4012122,-0.01761446,0.9969846,-0.07557563,-0.401078,-0.07628494,-0.9128622,-572.0766,-20.90088,-365.5556,-26.83378,-9.471503,-105.2374,109.0168,-1.316043,-25.94851,3.865331,-0.07772645,-1.198535,0.2122079
1900,0.016598,1,100,0,7.440464,0,0,107.5522,0,0,-0.9079053,0.0122568,0.4189961,-0.0212857,0.9969347,-0.0752862,-0.4186345,-0.07727137,-0.9048614,-572.5386,-21.05902,-367.2971,-29.84834,-9.640013,-104.2684,108.8842,-1.199092,-23.54686,3.674385,-0.07167649,-1.087398,0.2028253
1901,0.016656,1,100,0,15.76846,0,0,107.5889,0,0,-0.9003708,0.01030932,0.4350015,-0.02477328,0.9968833,-0.07490165,-0.4344179,-0.07821567,-0.8973093,-573.0515,-21.22041,-369.0286,-32.6884,-9.791197,-103.3234,108.8124,-1.069151,-21.10696,3.465684,-0.06462109,-0.9745064,0.1924601
1902,0.016904,1,100,0,24.22046,0,0,107.6793,0,0,-0.8933019,0.008377448,0.4493791,-0.0280898,0.9968312,-0.07442173,-0.4485786,-0.07910404,-0.8902358,-573.6193,-21.38666,-370.77,-35.38349,-9.922728,-102.404,108.7981,-0.9282365,-18.60015,3.238322,-0.05669719,-0.8585292,0.1810955
1903,0.016463,1,100,0,32.45197,0,14.8167,107.8209,0,0,-0.8871049,0.006539,0.4615214,-0.03108694,0.9967827,-0.07387597,-0.4605196,-0.07988302,-0.8840476,-574.2151,-21.5506,-372.4517,-37.80851,-10.03047,-101.6274,108.8954,-0.7860767,-15.87766,3.003303,-0.04851825,-0.7325436,0.1696581
1904,0.016676,1,100,0,40.78996,0,29.8251,108.0563,0,0,-0.8816912,0.004706664,0.4718038,-0.0339027,0.9967337,-0.07329955,-0.4706077,-0.08062299,-0.8786517,-574.8582,-21.71861,-374.1426,-40.07958,-10.16533,-100.9459,109.0861,-0.7821069,-12.84576,2.745634,-0.0490432,-0.5922091,0.1572976
1905,0.016692,1,100,0,49.13596,0,44.8479,108.3776,0,0,-0.8773114,0.00289296,0.4799128,-0.03653454,0.9966775,-0.07279554,-0.4785289,-0.08139776,-0.8742908,-575.5389,-21.889,-375.8246,-42.18213,-10.29301,-100.3881,109.3758,-0.764445,-9.559844,2.477447,-0.04850162,-0.4400966,0.1447051
1906,0.016668,1,100,0,57.46996,0,59.8491,108.7916,0,0,-0.874127,0.001083095,0.4856964,-0.0389657,0.9966179,-0.07235055,-0.4841321,-0.08216907,-0.8711284,-576.2528,-22.06112,-377.4955,-44.11851,-10.39452,-99.9652,109.7612,-0.7045981,-6.047317,2.210113,-0.04504682,-0.2774592,0.1325889
1907,0.016684,1,100,0,65.81197,0,74.8647,109.2958,0,0,-0.8722593,-0.0007509403,0.4890432,-0.04119212,0.9965581,-0.07194018,-0.4873059,-0.08289522,-0.869288,-576.9988,-22.23502,-379.1617,-45.89685,-10.48102,-99.67711,110.2356,-0.6434682,-2.31529,1.935669,-0.04128097,-0.1046339,0.1204395
1908,0.01668,1,100,0,74.15196,0,89.8767,109.8828,0,0,-0.87182,-0.002624884,0.4898193,-0.04321056,0.9964992,-0.07156952,-0.4879167,-0.08356111,-0.8688814,-577.7733,-22.41023,-380.8235,-47.51499,-10.5518,-99.53017,110.7938,-0.5854741,1.61705,1.656065,-0.03746149,0.07749291,0.1083521
1909,0.016683,1,100,0,82.49346,0,100,110.545,0,0,-0.8728783,-0.004553638,0.4879169,-0.04504313,0.9964387,-0.07128211,-0.4858547,-0.08419791,-0.8699748,-578.574,-22.58683,-382.4838,-48.9587,-10.6541,-99.49961,111.403,-0.6529167,5.6484,1.369092,-0.04140638,0.2642077,0.09603208
1910,0.016693,1,100,0,90.83996,0,100,111.246,0,0,-0.8754308,-0.006541014,0.4832992,-0.04672788,0.9963701,-0.07115625,-0.4810795,-0.08487593,-0.8725588,-579.3982,-22.76521,-384.1451,-50.20821,-10.74989,-99.57201,112.0313,-0.7144122,9.587273,1.080288,-0.04469318,0.4466361,0.0835543
1911,0.016681,1,100,0,99.18046,0,100,111.949,0,0,-0.8793975,-0.008580554,0.476011,-0.0482551,0.996295,-0.07118879,-0.4736366,-0.08557321,-0.8765535,-580.2415,-22.94503,-385.8071,-51.24369,-10.83944,-99.75741,112.6719,-0.7760221,13.43583,0.7908935,-0.04770909,0.6248813,0.07100166
1912,0.016678,1,100,0,107.5195,0,100,112.6412,0,0,-0.884681,-0.01067148,0.4660748,-0.04962027,0.9962144,-0.07137702,-0.4635487,-0.08627266,-0.8818614,-581.1006,-23.12626,-387.4726,-52.04984,-10.9209,-100.0629,113.3183,-0.8360975,17.20335,0.503149,-0.05034594,0.7993785,0.05852704
1913,0.016933,1,100,0,91.85643,0,100,113.3114,0,0,-0.8911895,-0.01282645,0.45345,-0.05083131,0.9961284,-0.07172464,-0.4507744,-0.0869697,-0.8883911,-581.9852,-23.3116,-389.1694,-52.62041,-10.99486,-100.4982,113.9723,-0.8975208,20.27051,0.2141122,-0.05292334,0.9413652,0.04498254
1914,0.016434,1,100,0,100.0734,0,100,113.9578,0,0,-0.8983487,-0.01491204,0.4390301,-0.05183713,0.9960396,-0.0722384,-0.4362141,-0.08765333,-0.8955638,-582.8516,-23.49288,-390.8239,-52.91312,-11.10284,-101.0317,114.5883,-1.0383,23.22797,-0.05963208,-0.06040906,1.078272,0.03231867
1915,0.016666,1,100,0,84.65738,0,100,114.535,0,0,-0.9062679,-0.01701177,0.4223611,-0.05270585,0.9959399,-0.07297766,-0.4194047,-0.08839821,-0.903485,-583.7338,-23.67852,-392.5113,-52.953,-11.21204,-101.6848,115.1934,-1.169153,25.55413,-0.3308197,-0.06722163,1.185878,0.01892953
1916,0.016769,1,100,0,93.04188,0,100,115.0706,0,0,-0.9146621,-0.01908082,0.4037688,-0.05340822,0.9958326,-0.0739264,-0.4006756,-0.08918225,-0.9118695,-584.6205,-23.86713,-394.2207,-52.7281,-11.3189,-102.447,115.7746,-1.283874,27.94021,-0.5953236,-0.07282016,1.296291,0.006144114
1917,0.016608,1,100,0,101.3459,0,100,115.5546,0,0,-0.9233066,-0.02110429,0.3834835,-0.05392713,0.9957212,-0.07504181,-0.3802589,-0.08996676,-0.9204941,-585.4936,-24.05569,-395.9269,-52.24282,-11.42178,-103.2932,116.3153,-1.386143,30.34048,-0.848273,-0.07746315,1.407394,-0.005812321
1918,0.016677,1,100,0,85.91965,0,100,115.9742,0,0,-0.9321481,-0.02310818,0.361339,-0.05426906,0.9956048,-0.07632773,-0.357987,-0.09075827,-0.9293051,-586.3607,-24.24683,-397.6547,-51.49108,-11.54111,-104.2155,116.8135,-1.514885,32.12106,-1.088151,-0.08389471,1.489731,-0.01785713
1919,0.016695,1,100,0,94.26715,0,100,116.3286,0,0,-0.9409416,-0.02506665,0.3376399,-0.05443114,0.9954833,-0.07778434,-0.3341651,-0.09156864,-0.9380561,-587.2148,-24.44018,-399.4,-50.47776,-11.66018,-105.2014,117.266,-1.626599,33.99076,-1.316733,-0.08909474,1.576241,-0.02897298
1920,0.016672,1,100,0,102.6031,0,100,116.6204,0,0,-0.9495797,-0.02699912,0.3123612,-0.0544111,0.9953587,-0.07937564,-0.3087684,-0.09236941,-0.9466414,-588.0494,-24.63523,-401.1597,-49.21127,-11.77744,-106.2318,117.6676,-1.722583,35.93631,-1.532481,-0.09313598,1.666312,-0.03909614
1921,0.016707,1,100,0,87.14918,0,100,116.8462,0,0,-0.9579415,-0.02891415,0.285503,-0.05420309,0.9952331,-0.08107468,-0.2817979,-0.09313995,-0.9549423,-588.8631,-24.83261,-402.9405,-47.69201,-11.88674,-107.2955,118.0176,-1.791939,37.28955,-1.734592,-0.09565178,1.728903,-0.04929035
1922,0.016677,1,100,0,95.48768,0,100,117.0077,0,0,-0.9658087,-0.03078373,0.2574216,-0.05379692,0.99511,-0.08283822,-0.2536128,-0.09385437,-0.962742,-589.6487,-25.03138,-404.7359,-45.93224,-11.9838,-108.3721,118.3127,-1.83463,38.76009,-1.925135,-0.09633322,1.79698,-0.05855212
1923,0.016848,1,100,0,103.9117,0,100,117.1081,0,0,-0.9731896,-0.03265447,0.2276742,-0.05318929,0.9949901,-0.08464897,-0.2237694,-0.09448932,-0.9700508,-590.4113,-25.2338,-406.5679,-43.91742,-12.07376,-109.4549,118.5534,-1.867712,40.35835,-2.103142,-0.09622631,1.871023,-0.06681819
1924,0.016543,1,100,0,88.60941,0,100,117.1451,0,0,-0.9797572,-0.03447545,0.1971983,-0.05240398,0.9948785,-0.08643224,-0.1932085,-0.09501658,-0.976546,-591.1258,-25.43398,-408.3845,-41.71258,-12.15346,-110.4977,118.7324,-1.891302,41.36741,-2.26315,-0.09580206,1.91772,-0.07496997
1925,0.016683,1,100,0,96.9509,0,100,117.1201,0,0,-0.9855497,-0.03627611,0.1654565,-0.05142553,0.9947731,-0.08821608,-0.1613915,-0.09545003,-0.9822639,-591.8082,-25.63713,-410.2336,-39.27301,-12.22468,-111.5119,118.8559,-1.905162,42.53098,-2.409444,-0.09460516,1.971626,-0.08203591
1926,0.016674,1,100,0,105.2879,0,100,117.0393,0,0,-0.9904343,-0.03806623,0.1326308,-0.05027471,0.9946766,-0.08995055,-0.1285007,-0.09575808,-0.9870756,-592.4484,-25.84126,-412.0984,-36.63073,-12.27702,-112.4751,118.9252,-1.888171,43.826,-2.540903,-0.09127671,2.031686,-0.08801201
1927,0.016826,1,100,0,89.72385,0,100,116.9042,0,0,-0.9943397,-0.03985669,0.0984888,-0.04893935,0.994593,-0.09159571,-0.09430557,-0.09589723,-0.9909138,-593.0488,-26.04788,-413.9962,-33.77349,-12.28328,-113.3861,118.9451,-1.808148,44.57862,-2.675926,-0.08420909,2.066565,-0.09526341
1928,0.016548,1,100,0,97.99786,0,91.726,116.7189,0,0,-0.9970702,-0.04155921,0.06421763,-0.04744712,0.9945291,-0.09306266,-0.05999869,-0.09583695,-0.9935872,-592.7909,-26.24914,-416.0238,-24.97677,-11.35738,-106.5614,118.8653,-1.877141,35.74668,-1.005757,-0.09389806,1.658797,-0.00349611
1929,0.016786,1,100,0,106.3909,0,83.333,108.4651,0,0,-0.9983698,-0.04417375,0.03614704,-0.04742169,0.994388,-0.09457319,-0.03176653,-0.09613317,-0.9948618,-593.0402,-26.43942,-417.8455,-14.5829,-10.93753,-104.7106,110.2455,-2.036916,32.82956,-0.1134819,-0.104818,1.524644,0.04878244
1930,0.016897,1,100,0,90.76113,0,74.8845,105.6873,0,0,-0.9988203,-0.04745375,0.01030061,-0.04822625,0.9941888,-0.09624308,-0.00567366,-0.0966263,-0.9953045,-593.2542,-26.62443,-419.6234,-12.42983,-10.58296,-101.6005,106.7893,-2.368768,32.8456,-0.2323442,-0.1241412,1.52502,0.04151906
1931,0.016551,1,100,0,99.03663,0,66.609,102.2165,0,0,-0.9986075,-0.05056645,-0.01504091,-0.04885248,0.9939675,-0.09819573,0.01991559,-0.09732421,-0.9950538,-593.4507,-26.79972,-421.3088,-10.75753,-10.60574,-102.2822,103.3918,-2.140824,33.95913,-0.4262374,-0.1067057,1.576806,0.03142863
1932,0.016682,1,100,0,107.3776,0,58.268,102.5943,0,0,-0.9977004,-0.05363008,-0.04144531,-0.04927031,0.9937791,-0.09987741,0.04654391,-0.09760571,-0.9941362,-593.6197,-26.97654,-423.0185,-8.862781,-10.58562,-102.8928,103.8149,-1.894317,35.08052,-0.6236713,-0.08798438,1.628971,0.02089038
1933,0.016687,1,100,0,91.94215,0,49.9245,102.9102,0,0,-0.9960436,-0.05656851,-0.06853554,-0.04946624,0.9936326,-0.1012289,0.07382552,-0.09743822,-0.9924997,-593.756,-27.15267,-424.7385,-6.777174,-10.49278,-103.4239,104.1754,-1.584664,35.53268,-0.8546925,-0.06584447,1.650004,0.006765723
1934,0.016681,1,100,0,100.2827,0,41.584,103.1702,0,0,-0.993619,-0.05929521,-0.09594589,-0.04941996,0.9935341,-0.102216,0.1013864,-0.09682208,-0.9901247,-593.8565,-27.32699,-426.4662,-4.508597,-10.36327,-103.8523,104.4654,-1.324887,36.03653,-1.081114,-0.04693398,1.673388,-0.007262606
1935,0.016669,1,100,0,84.86383,0,33.2495,103.373,0,0,-0.9904182,-0.06178078,-0.1235121,-0.04914147,0.993479,-0.1028831,0.1290628,-0.0958277,-0.9869957,-593.9182,-27.49885,-428.1991,-2.078958,-10.20289,-104.1693,104.6884,-1.114568,35.92163,-1.301428,-0.03197588,1.66793,-0.02220254
1936,0.016675,1,100,0,93.20133,0,24.912,103.524,0,0,-0.9864685,-0.06398284,-0.1509514,-0.04863281,0.9934631,-0.1032774,0.1565727,-0.09453868,-0.9831317,-593.9386,-27.66796,-429.9374,0.4921988,-10.01754,-104.3687,104.8495,-0.9478232,35.90471,-1.51449,-0.01988843,1.66698,-0.03669534
1937,0.016693,1,100,0,101.5478,0,16.5655,103.6323,0,0,-0.9817601,-0.06591028,-0.1783344,-0.04790872,0.9934821,-0.1034338,0.1839894,-0.09300343,-0.9785187,-593.9155,-27.83406,-431.6801,3.181687,-9.813248,-104.4463,104.9545,-0.8212746,35.97763,-1.718896,-0.01044753,1.67017,-0.05064056
1938,0.01688,1,100,0,85.93383,0,8.125503,103.7007,0,0,-0.9762577,-0.06755029,-0.2058106,-0.04697129,0.9935418,-0.1032889,0.2114586,-0.0911694,-0.9731258,-593.846,-27.9979,-433.4432,5.988445,-9.490765,-104.4295,105.0307,-0.4623455,35.45343,-1.956164,0.01298198,1.645783,-0.067873
1939,0.016471,1,100,0,94.16933,0,0,103.7546,0,0,-0.9702471,-0.06878512,-0.2321404,-0.04586819,0.9936525,-0.1027181,0.2377324,-0.08901404,-0.9672436,-593.7319,-28.15232,-435.1626,8.796453,-9.144348,-104.2925,105.0615,-0.1962768,35.0733,-2.176555,0.03035606,1.628001,-0.083956
1940,0.016658,1,100,0,78.76067,0,0,103.7814,0,0,-0.9635657,-0.06966734,-0.2582395,-0.04457287,0.9938067,-0.101793,0.2637318,-0.08657377,-0.9607033,-593.5697,-28.30264,-436.8988,11.63361,-8.780663,-104.0745,105.0902,-0.002586303,34.28883,-2.3869,0.04236181,1.591326,-0.1001566
1941,0.016794,1,100,0,63.22622,0,0,103.8131,0,0,-0.9563408,-0.07015679,-0.2837083,-0.0430801,0.9939957,-0.1005832,0.2890614,-0.08396967,-0.9536211,-593.3584,-28.44803,-438.6451,14.48213,-8.410275,-103.7764,105.119,0.1287638,33.12537,-2.58461,0.04964531,1.536963,-0.1161372
1942,0.016594,1,100,0,47.87677,0,0,103.8558,0,0,-0.9488642,-0.07023168,-0.3077729,-0.04139331,0.9942008,-0.09925422,0.3129589,-0.08143904,-0.9462687,-593.1027,-28.58611,-440.3651,17.27041,-8.14041,-103.384,105.1322,-0.01822424,31.64488,-2.763511,0.03845772,1.467551,-0.1311959
1943,0.016635,1,100,0,32.4894,0,0,103.8969,0,0,-0.9411902,-0.06990416,-0.3305671,-0.03944523,0.9944069,-0.0979762,0.3355671,-0.07917494,-0.9386834,-592.8001,-28.7202,-442.0824,20.02731,-7.90079,-102.9256,105.1532,-0.1520043,29.85436,-2.924322,0.02750907,1.383789,-0.1452602
1944,0.016799,1,100,0,24.0899,0,0,103.9606,0,0,-0.9334102,-0.06914733,-0.3520853,-0.0372571,0.9946288,-0.09656686,0.3568715,-0.07701881,-0.9309729,-592.4485,-28.85071,-443.809,22.74402,-7.506593,-102.4661,105.2281,0.1798496,27.95974,-3.16259,0.04605355,1.295673,-0.1642731
1945,0.016555,1,100,0,15.8124,0,0,104.088,0,0,-0.9258311,-0.06793441,-0.3717819,-0.0349477,0.9948862,-0.09476344,0.3763184,-0.07474201,-0.9234707,-592.0577,-28.97281,-445.5026,25.35198,-7.113138,-101.9737,105.3184,0.427721,26.02065,-3.375524,0.05900269,1.205432,-0.1816277
1946,0.016698,1,100,0,7.463399,0,0,104.2418,0,0,-0.9183826,-0.06626739,-0.3901053,-0.03246906,0.9951729,-0.09261214,0.3943594,-0.07238703,-0.9161012,-591.6202,-29.08941,-447.2025,27.90051,-6.722573,-101.4474,105.4287,0.6115265,23.99426,-3.567012,0.06763285,1.111103,-0.1975944
1947,0.01667,1,100,0,-0.8716011,0,0,104.4255,0,0,-0.9112493,-0.06419135,-0.4068219,-0.0298044,0.9954674,-0.09031262,0.4107752,-0.07017223,-0.9090322,-591.1415,-29.20012,-448.8905,30.34561,-6.47825,-100.8667,105.5316,0.4041763,21.90961,-3.724218,0.05110658,1.01369,-0.211184
1948,0.016669,1,100,0,-9.2061,0,0,104.6109,0,0,-0.9045173,-0.06175135,-0.4219421,-0.0268745,0.9957474,-0.08811708,0.4255891,-0.06836394,-0.9023302,-590.6226,-29.30702,-450.5686,32.68724,-6.283627,-100.2773,105.6574,0.2309359,19.76773,-3.854392,0.03672062,0.9137414,-0.2228105
1949,0.016695,1,100,0,-17.5536,0,0,104.8242,0,0,-0.8982663,-0.05898462,-0.4354752,-0.02371096,0.9960132,-0.08599962,0.4388117,-0.06692502,-0.8960837,-590.0645,-29.41111,-452.2395,34.92019,-6.137178,-99.69076,105.808,0.09034993,17.56978,-3.956961,0.02444381,0.8113037,-0.2324867
1950,0.016672,1,100,0,-25.8896,0,0,105.0654,0,0,-0.892597,-0.05593893,-0.4473719,-0.02036077,0.9962622,-0.08394779,0.4503957,-0.06582271,-0.8903996,-589.4705,-29.51287,-453.8984,37.03003,-6.037224,-99.12067,105.9839,-0.01960231,15.32748,-4.031114,0.01421873,0.7069157,-0.2401938
1951,0.016682,1,100,0,-34.2306,0,0,105.3326,0,0,-0.8875715,-0.05260293,-0.4576568,-0.01689308,0.9965076,-0.08177614,0.4603601,-0.06485095,-0.8853604,-588.8417,-29.61191,-455.5493,39.00585,-5.737897,-98.64281,106.2299,0.3635114,13.03901,-4.198189,0.03570965,0.6007853,-0.2538174
1952,0.016839,1,100,0,-42.6501,0,0,105.6633,0,0,-0.883222,-0.04888779,-0.4663998,-0.0133784,0.9967732,-0.07914654,0.4687642,-0.06366428,-0.881026,-588.1745,-29.70686,-457.2079,40.87033,-5.441116,-98.19747,106.5023,0.6812517,10.68706,-4.334999,0.05315445,0.4916901,-0.2655329
1953,0.016536,1,100,0,-50.9181,0,0,106.0195,0,0,-0.879719,-0.04493858,-0.4733658,-0.00984966,0.9970326,-0.07634751,0.4753921,-0.06250186,-0.8775511,-587.4894,-29.79643,-458.8293,42.5564,-5.37007,-97.75777,106.7542,0.5147437,8.347196,-4.420845,0.03985848,0.3828302,-0.2738431
1954,0.016681,1,100,0,-59.2586,0,0,106.354,0,0,-0.8769999,-0.04070628,-0.4787634,-0.006096765,0.9972676,-0.0736234,0.4804522,-0.0616488,-0.8748518,-586.7708,-29.88586,-460.4578,44.11845,-5.343554,-97.36583,107.0285,0.3783755,5.951993,-4.475219,0.02874601,0.271508,-0.2800711
1955,0.016761,1,100,0,-67.6391,0,0,106.7069,0,0,-0.8751303,-0.03624138,-0.4825282,-0.002173238,0.9974756,-0.07097622,0.4838824,-0.06106479,-0.8729998,-586.0234,-29.9755,-462.0879,45.54218,-5.358379,-97.03294,107.3229,0.2687157,3.514069,-4.497295,0.01965828,0.1582991,-0.2841889
1956,0.016601,1,100,0,-75.9396,0,0,107.074,0,0,-0.8741612,-0.03164569,-0.4846039,0.00182326,0.9976538,-0.06843789,0.4856327,-0.0607093,-0.8720526,-585.2604,-30.06473,-463.6973,46.80222,-5.409668,-96.7715,107.631,0.182563,1.07446,-4.487201,0.01245702,0.04509643,-0.2861942
1957,0.016685,1,100,0,-84.2821,0,0,107.4469,0,0,-0.8740875,-0.02684164,-0.4850266,0.005859887,0.997817,-0.0657801,0.4857334,-0.06033976,-0.872022,-584.4734,-30.15422,-465.3113,47.91266,-5.273599,-96.64779,108.0011,0.6486794,-1.405157,-4.576477,0.04103557,-0.06975978,-0.2945924
1958,0.016699,1,100,0,-92.6316,0,0,107.87,0,0,-0.8749273,-0.02179487,-0.4837638,0.009880148,0.9979754,-0.06283057,0.4841537,-0.05975184,-0.8729405,-583.668,-30.24271,-466.9246,48.85024,-5.350566,-96.5509,108.3377,0.5205044,-3.907665,-4.617212,0.0319549,-0.185893,-0.2998429
1959,0.016672,1,100,0,-100.9676,0,0,108.2539,0,0,-0.8766763,-0.01656602,-0.4807957,0.01403685,0.9981008,-0.05998457,0.4808762,-0.05933591,-0.8747787,-582.8493,-30.33249,-468.5342,49.62459,-5.454003,-96.53573,108.6807,0.4120337,-6.426368,-4.623642,0.02459926,-0.302706,-0.3028814
1960,0.016676,1,100,0,-85.5423,0,0,108.6343,0,0,-0.879241,-0.01122135,-0.4762451,0.01825735,0.9981942,-0.0572262,0.4760272,-0.05901059,-0.8774484,-582.0184,-30.42391,-470.1444,50.24881,-5.539373,-96.60828,109.0357,0.4008994,-8.299088,-4.526869,0.02409589,-0.3894184,-0.298612
1961,0.01669,1,100,0,-93.8873,0,0,109.0155,0,0,-0.8824515,-0.005869096,-0.4703667,0.02243055,0.9982598,-0.05453778,0.4698682,-0.05867753,-0.8807842,-581.1772,-30.51689,-471.7577,50.702,-5.6342,-96.76762,109.3911,0.3839312,-10.24623,-4.399597,0.02356877,-0.4795459,-0.2924442
1962,0.01667,1,100,0,-102.2223,0,0,109.3853,0,0,-0.8863006,-0.0005492512,-0.4631101,0.02652389,0.9982978,-0.05194544,0.4623503,-0.05832276,-0.8847774,-580.3304,-30.61137,-473.3722,50.98578,-5.734481,-97.00996,109.7423,0.3597338,-12.25734,-4.24368,0.0229426,-0.5726081,-0.2844804
1963,0.016771,1,100,0,-86.70912,0,0,109.74,0,0,-0.8907301,0.004775999,-0.4545075,0.03057359,0.9983097,-0.04942688,0.4535032,-0.05792193,-0.8893705,-579.4747,-30.70837,-475.001,51.08049,-5.882677,-97.34292,110.0884,0.3498637,-13.67019,-4.176101,0.02356704,-0.638031,-0.2815215
1964,0.016608,1,100,0,-95.01312,0,0,110.0798,0,0,-0.895506,0.01005033,-0.444936,0.03455264,0.9982975,-0.04699301,0.4437062,-0.05745624,-0.8943287,-578.6268,-30.80685,-476.6199,51.01179,-6.022933,-97.74631,110.4211,0.3315412,-15.17905,-4.079773,0.02392186,-0.7078795,-0.2767818
1965,0.016666,1,100,0,-103.3461,0,0,110.3976,0,0,-0.9006913,0.01531696,-0.4341897,0.03849156,0.9982618,-0.04463184,0.4327513,-0.05691215,-0.8997153,-577.7778,-30.90795,-478.2516,50.7868,-6.153755,-98.21744,110.7422,0.3037423,-16.79624,-3.955285,0.02398096,-0.7827268,-0.2703006
1966,0.016898,1,100,0,-87.71547,0,0,110.696,0,0,-0.9062691,0.02058947,-0.4221994,0.04240467,0.9982027,-0.04234391,0.4205687,-0.05627821,-0.9055134,-576.9218,-31.01262,-479.9142,50.40243,-6.27319,-98.75671,111.0525,0.2649213,-17.85106,-3.802386,0.02343443,-0.83148,-0.2613768
1967,0.016479,1,100,0,-95.95497,0,0,110.9763,0,0,-0.9118786,0.02561754,-0.40966,0.04618464,0.9981163,-0.04038838,0.4078537,-0.0557493,-0.9113441,-576.0942,-31.11794,-481.5445,49.84276,-6.627738,-99.27568,111.2829,-0.2525606,-19.01526,-3.634298,-0.007622075,-0.8850964,-0.2516111
1968,0.016651,1,100,0,-104.2805,0,0,111.1723,0,0,-0.9177232,0.03057783,-0.3960418,0.05007806,0.9979841,-0.03898983,0.3940512,-0.05561488,-0.9174045,-575.2682,-31.23043,-483.2007,49.13369,-7.009551,-99.84524,111.5003,-0.7189512,-20.32356,-3.445754,-0.03513599,-0.9453785,-0.2407966
1969,0.016684,1,100,0,-88.84777,0,0,111.3495,0,0,-0.9236912,0.03544685,-0.3814946,0.05396285,0.9978217,-0.03794384,0.3793186,-0.05563493,-0.923592,-574.4531,-31.34829,-484.8704,48.2953,-7.173383,-100.5259,111.7558,-0.6182336,-21.09028,-3.34894,-0.02645153,-0.9809572,-0.2353573
1970,0.016694,1,100,0,-97.19477,0,0,111.5633,0,0,-0.9296489,0.04025299,-0.3662414,0.05772113,0.9976519,-0.03686616,0.3638974,-0.05541246,-0.9297894,-573.6522,-31.46874,-486.5525,47.32677,-7.297113,-101.2393,111.9931,-0.5310475,-22.02369,-3.22863,-0.01840604,-1.024253,-0.2284843
1971,0.016676,1,100,0,-105.5328,0,0,111.7576,0,0,-0.9356014,0.04496738,-0.3501832,0.06133167,0.9974763,-0.03577586,0.3476906,-0.05494927,-0.9359982,-572.869,-31.59089,-488.2449,46.23693,-7.379073,-101.976,112.2114,-0.4598932,-23.10807,-3.086447,-0.01114383,-1.074538,-0.2202528
1972,0.016674,1,100,0,-90.10931,0,0,111.931,0,0,-0.9414977,0.04957674,-0.3333532,0.06485928,0.9972852,-0.03486606,0.3307196,-0.05444736,-0.9421572,-572.105,-31.71566,-489.949,44.98396,-7.68886,-102.6659,112.352,-0.9355583,-23.66496,-2.965916,-0.03923988,-1.099929,-0.2128887
1973,0.016678,1,100,0,-98.44831,0,0,112.0231,0,0,-0.9472306,0.05408151,-0.315958,0.06842944,0.9970598,-0.03448547,0.313164,-0.05428652,-0.9481464,-571.3624,-31.84571,-491.6652,43.61344,-8.013692,-103.366,112.4762,-1.360889,-24.40581,-2.830279,-0.06388086,-1.133871,-0.2048693
1974,0.016684,1,100,0,-106.7903,0,0,112.0993,0,0,-0.9528158,0.05848453,-0.2978617,0.07199735,0.996805,-0.03458838,0.2948872,-0.05440161,-0.9539822,-570.6429,-31.98129,-493.3937,42.13286,-8.348897,-104.0698,112.5851,-1.743342,-25.31566,-2.681005,-0.08551998,-1.175676,-0.1962576
1975,0.016688,1,100,0,-91.35391,0,0,112.1593,0,0,-0.9582063,0.06277666,-0.2791059,0.07551851,0.9965258,-0.03512555,0.2759311,-0.05473519,-0.959618,-569.9486,-32.12238,-495.1344,40.54829,-8.66549,-104.7778,112.6838,-2.052579,-25.71395,-2.525647,-0.1029433,-1.193803,-0.1868619
1976,0.016685,1,100,0,-99.69641,0,0,112.2095,0,0,-0.9633123,0.06693714,-0.2599016,0.07894816,0.996227,-0.0360411,0.2565085,-0.05523758,-0.9649622,-569.2814,-32.26871,-496.8865,38.86359,-8.978297,-105.4786,112.7684,-2.327076,-26.30974,-2.358767,-0.1179018,-1.22112,-0.1770041
1977,0.016919,1,100,0,-84.04633,0,0,112.2476,0,0,-0.9681731,0.07101332,-0.2399959,0.08229882,0.9959088,-0.0373203,0.2363638,-0.05588389,-0.9700565,-568.634,-32.42236,-498.6751,37.06109,-9.286628,-106.1757,112.8408,-2.57199,-26.41572,-2.179239,-0.1315297,-1.225712,-0.1659298
1978,0.016373,1,100,0,-68.90131,0,0,112.2753,0,0,-0.9724742,0.07484502,-0.2206631,0.08539529,0.9955971,-0.0386527,0.2167986,-0.05643235,-0.9745839,-568.0371,-32.57501,-500.4175,35.22511,-9.395436,-106.8989,112.9445,-2.170146,-26.09175,-2.168916,-0.1044393,-1.211324,-0.1651728
1979,0.016693,1,100,0,-53.46028,0,0,112.3489,0,0,-0.9763814,0.07871285,-0.2012054,0.08840647,0.9952954,-0.03964055,0.1971386,-0.05649215,-0.9787467,-567.4598,-32.73195,-502.206,33.29631,-9.411582,-107.6141,113.0399,-1.768286,-25.35311,-2.139398,-0.07795911,-1.177668,-0.1625392
1980,0.016846,1,100,0,-37.87773,0,0,112.4226,0,0,-0.979803,0.0825191,-0.1821442,0.09128165,0.9950114,-0.04024612,0.1779145,-0.05605969,-0.9824477,-566.91,-32.88994,-504.0228,31.31079,-9.310382,-108.3158,113.1343,-1.288025,-24.22687,-2.093397,-0.047162,-1.126104,-0.1582412
1981,0.016515,1,100,0,-29.62023,0,0,112.5072,0,0,-0.982652,0.08610785,-0.1642572,0.09392606,0.994758,-0.04042532,0.1599153,-0.05515205,-0.9855887,-566.4037,-33.0426,-505.8153,29.34522,-9.108813,-108.9738,113.2228,-0.8583637,-22.9847,-2.030388,-0.02002521,-1.06906,-0.1525671
1982,0.016691,1,100,0,-21.27473,0,0,112.5984,0,0,-0.985054,0.0896027,-0.147106,0.09650735,0.994509,-0.04047597,0.1426715,-0.05406782,-0.9882923,-565.9253,-33.19473,-507.6374,27.29659,-9.124273,-109.5357,113.2538,-1.161655,-21.59615,-2.077813,-0.0402118,-1.00418,-0.1538607
1983,0.016683,1,100,0,-12.93323,0,0,112.641,0,0,-0.9870043,0.09303682,-0.1310223,0.09914578,0.9942326,-0.04088672,0.1264627,-0.05334568,-0.990536,-565.4811,-33.34706,-509.4677,25.26515,-9.142329,-110.0594,113.2916,-1.419938,-20.08908,-2.109414,-0.05790149,-0.9338179,-0.1542081
1984,0.016674,1,100,0,-4.596231,0,0,112.7006,0,0,-0.988548,0.0963966,-0.1161064,0.1018098,0.9939331,-0.04161755,0.1113902,-0.05296171,-0.9923648,-565.0709,-33.49961,-511.3056,23.26976,-9.161432,-110.546,113.3395,-1.635707,-18.4739,-2.125307,-0.07325871,-0.8584542,-0.1535948
1985,0.016687,1,100,0,3.74727,0,0,112.7792,0,0,-0.9897354,0.09966846,-0.1024222,0.1044433,0.9936288,-0.04235188,0.09754854,-0.05261447,-0.9938393,-564.6932,-33.65124,-513.1533,21.35766,-8.934762,-111.0723,113.4594,-1.020611,-16.75885,-2.119162,-0.03588837,-0.779836,-0.1514342
1986,0.016685,1,100,0,12.08977,0,0,112.9415,0,0,-0.9906161,0.1028161,-0.09004885,0.106966,0.9933529,-0.04252788,0.08507774,-0.05176097,-0.9950292,-564.347,-33.79848,-515.0093,19.52536,-8.604092,-111.5693,113.5913,-0.465689,-14.95246,-2.094817,-0.002770179,-0.6968427,-0.1479162
1987,0.016964,1,100,0,20.57177,0,0,113.1213,0,0,-0.9912402,0.1059182,-0.07889491,0.1094948,0.9930799,-0.04246732,0.07385089,-0.0507339,-0.9959782,-564.0262,-33.94388,-516.9042,17.68555,-8.502462,-111.9759,113.6823,-0.705747,-13.02556,-2.21049,-0.02091467,-0.6068958,-0.1533493
1988,0.016555,1,100,0,28.84927,0,0,113.263,0,0,-0.9916158,0.108943,-0.06949447,0.1120646,0.9927825,-0.04271201,0.06433971,-0.05014177,-0.9966674,-563.7427,-34.08415,-518.76,15.99183,-8.412656,-112.3444,113.7883,-0.9011054,-11.07422,-2.303736,-0.03646948,-0.5158383,-0.1574756
1989,0.016666,1,100,0,37.18227,0,0,113.4207,0,0,-0.9918029,0.1119687,-0.06156354,0.1147255,0.9924565,-0.04322435,0.05625936,-0.04993295,-0.9971669,-563.485,-34.22391,-520.6343,14.39826,-8.331367,-112.6911,113.9122,-1.061399,-9.039018,-2.378292,-0.05015281,-0.4208907,-0.1604306
1990,0.016673,1,100,0,45.51877,0,15.0057,113.5978,0,0,-0.9918326,0.1149411,-0.05528808,0.1174094,0.9921227,-0.04367806,0.04983216,-0.04981267,-0.9975148,-563.2529,-34.361,-522.5157,12.98264,-8.004198,-113.1474,114.1707,-0.3518674,-6.656433,-2.404507,-0.009201726,-0.3114296,-0.1599221
1991,0.016831,1,100,0,53.93427,0,30.1536,113.9118,0,0,-0.9917301,0.1178247,-0.05088115,0.1200661,0.9918126,-0.04349802,0.04533942,-0.0492474,-0.9977571,-563.0416,-34.49336,-524.4229,11.70804,-7.582783,-113.6508,114.5037,0.2757259,-3.92264,-2.411763,0.02551981,-0.1854142,-0.1578793
1992,0.016544,1,100,0,62.20627,0,45.0432,114.3002,0,0,-0.99151,0.1205669,-0.04869939,0.1226818,0.9915118,-0.04305493,0.04309501,-0.04866393,-0.9978852,-562.8543,-34.61785,-526.3057,10.53858,-7.408228,-114.1213,114.8461,0.06193914,-0.9471173,-2.565236,0.005702477,-0.04646889,-0.1651373
1993,0.016683,1,100,0,70.54777,0,60.0579,114.6947,0,0,-0.9911611,0.1233256,-0.04889414,0.1254445,0.9911716,-0.04292806,0.04316836,-0.04868213,-0.9978812,-562.6842,-34.74062,-528.2125,9.515898,-7.25867,-114.6367,115.2598,-0.1201532,2.32846,-2.697046,-0.01302601,0.1064723,-0.1707861
1994,0.016764,1,100,0,78.92976,0,75.14549,115.158,0,0,-0.9906744,0.1260515,-0.05172285,0.1283171,0.9907963,-0.04309728,0.04581434,-0.0493323,-0.9977311,-562.5295,-34.86163,-530.1374,8.656323,-7.137564,-115.1975,115.7426,-0.2688434,5.876329,-2.806073,-0.03053627,0.2721253,-0.1746702
1995,0.016612,1,100,0,87.23576,0,90.09629,115.6848,0,0,-0.9900328,0.1286487,-0.05731252,0.1311999,0.9904137,-0.04321505,0.05120354,-0.05030371,-0.9974207,-562.3892,-34.97797,-532.0548,8.035157,-6.735671,-115.8721,116.3455,0.5150626,9.620011,-2.850959,0.01071084,0.4449418,-0.1740313
1996,0.016674,1,100,0,95.57276,0,100,116.3235,0,0,-0.9891832,0.1310847,-0.06582934,0.1340402,0.9900569,-0.04267082,0.0595813,-0.05103304,-0.9969183,-562.2575,-35.08766,-533.9908,7.617963,-6.263748,-116.5742,116.9907,1.183564,13.49942,-2.877615,0.04396873,0.6244058,-0.1720423
1997,0.016683,1,100,0,103.9143,0,100,116.9885,0,0,-0.9880444,0.1333797,-0.07731844,0.1368791,0.9897032,-0.04185682,0.07093946,-0.05193968,-0.9961276,-562.1319,-35.191,-535.939,7.356348,-6.056804,-117.1948,117.5815,0.9623046,17.30203,-3.045612,0.02033671,0.8022828,-0.1791282
1998,0.016688,1,100,0,88.47786,0,100,117.5774,0,0,-0.9865203,0.1356222,-0.09156641,0.1398452,0.9893088,-0.04136766,0.08497709,-0.05361516,-0.9949394,-562.0093,-35.29122,-537.8981,7.3408,-5.90413,-117.7858,118.1619,0.7732865,20.36326,-3.188347,0.0002539837,0.9455969,-0.1848835
1999,0.016679,1,100,0,96.81736,0,100,118.1301,0,0,-0.9845386,0.1377858,-0.1081613,0.1429135,0.9888796,-0.04114484,0.1012893,-0.0559664,-0.9932815,-561.8855,-35.38918,-539.8657,7.584203,-5.81097,-118.3396,118.7247,0.6178154,23.40803,-3.305797,-0.01785028,1.088168,-0.1885707
2000,0.016693,1,100,0,105.1639,0,100,118.6379,0,0,-0.9819871,0.1398145,-0.1270957,0.1460489,0.9884238,-0.04108869,0.1198796,-0.05891075,-0.9910392,-561.756,-35.48547,-541.8442,8.108936,-5.685009,-118.866,119.2778,0.666206,26.44093,-3.390099,-0.02308678,1.2298,-0.1895891
2001,0.016679,1,100,0,89.73578,0,100,119.1078,0,0,-0.9787704,0.1416571,-0.1481285,0.149198,0.9879553,-0.04104324,0.1405302,-0.06227238,-0.9881164,-561.6164,-35.57987,-543.8293,8.902279,-5.610394,-119.3358,119.7988,0.716884,28.79142,-3.451475,-0.02659061,1.339644,-0.1893537
2002,0.01688,1,100,0,98.17578,0,100,119.518,0,0,-0.9747567,0.1433412,-0.1711798,0.1523588,0.9874872,-0.04068925,0.1632054,-0.06574287,-0.984399,-561.4598,-35.67265,-545.8464,10.01812,-5.27003,-119.8114,120.345,1.594178,31.21381,-3.5764,0.02233871,1.450754,-0.1926271
2003,0.016487,1,100,0,106.4193,0,100,119.9237,0,0,-0.9699702,0.1448381,-0.1953969,0.1553548,0.9870676,-0.03953252,0.1871441,-0.06870122,-0.9799275,-561.2872,-35.75756,-547.824,11.38335,-4.911442,-120.1977,120.8354,2.27927,33.61297,-3.678924,0.05904005,1.561292,-0.1945238
2004,0.016679,1,100,0,90.9912,0,100,120.2528,0,0,-0.9641591,0.1461929,-0.2214157,0.1582481,0.9866824,-0.0376232,0.2129668,-0.07131337,-0.9744536,-561.0881,-35.83699,-549.8306,13.04416,-4.466515,-120.512,121.2982,3.101202,35.41037,-3.758031,0.1059712,1.643377,-0.1956127
2005,0.016918,1,100,0,99.4502,0,100,120.5299,0,0,-0.9572136,0.1474154,-0.2490197,0.1609819,0.98634,-0.03490638,0.2404724,-0.07350054,-0.9678693,-560.8565,-35.90998,-551.8707,14.98778,-4.010166,-120.7191,121.7121,3.708118,37.3245,-3.821138,0.1388978,1.731486,-0.1956748
2006,0.016453,1,100,0,107.6767,0,100,120.7393,0,0,-0.9493161,0.1484367,-0.2770662,0.1634427,0.9860423,-0.03173928,0.2684877,-0.07541504,-0.9603267,-560.5983,-35.97365,-553.8574,17.11291,-3.590587,-120.7967,122.0557,4.097561,39.25737,-3.865624,0.1579785,1.821051,-0.1946017
2007,0.016684,1,100,0,92.244,0,100,120.8697,0,0,-0.9400663,0.1493313,-0.3065544,0.1658594,0.9857395,-0.02843551,0.2979364,-0.07757618,-0.9514285,-560.3001,-36.03316,-555.8723,19.39539,-3.521713,-120.6926,122.2919,3.593214,40.62548,-4.002814,0.1216021,1.886425,-0.2000978
2008,0.016683,1,100,0,100.5855,0,100,120.8822,0,0,-0.92953,0.1501327,-0.3368003,0.1684248,0.9853825,-0.0255874,0.3280356,-0.08050979,-0.9412286,-559.9628,-36.09215,-557.8845,21.87177,-3.565072,-120.4357,122.4575,3.149026,42.11081,-4.116891,0.08878652,1.957225,-0.203258
2009,0.016682,1,100,0,85.15465,0,100,120.8193,0,0,-0.9176617,0.1507824,-0.3676435,0.1709779,0.9850114,-0.02278705,0.3586971,-0.08376972,-0.9296877,-559.5825,-36.14961,-559.8917,24.63964,-3.203611,-120.0889,122.6325,3.795885,43.03392,-4.1926,0.1270462,1.998911,-0.2041447
2010,0.016678,1,100,0,93.49364,0,100,120.7517,0,0,-0.9044958,0.1512811,-0.39875,0.1732386,0.9846892,-0.01938227,0.3897127,-0.08661008,-0.916855,-559.1553,-36.20126,-561.8918,27.57205,-2.88572,-119.5723,122.7439,4.221072,44.11073,-4.251685,0.1508738,2.048378,-0.2039992
2011,0.016673,1,100,0,101.8301,0,100,120.6255,0,0,-0.889929,0.1516049,-0.4301657,0.1752413,0.984402,-0.01560352,0.4210905,-0.08926881,-0.9026154,-558.6785,-36.24797,-563.8818,30.64104,-2.632999,-118.8779,122.7916,4.46253,45.32722,-4.29481,0.1627539,2.104885,-0.2026917
2012,0.016686,1,100,0,86.3956,0,100,120.4387,0,0,-0.8739015,0.1517674,-0.461804,0.1771406,0.9841151,-0.0117948,0.4526782,-0.09211174,-0.8869039,-558.15,-36.29239,-565.8605,33.7489,-2.721448,-117.9696,122.7323,3.974914,46.0072,-4.397423,0.1297291,2.138113,-0.2059658
2013,0.016689,1,100,0,94.7401,0,100,120.1558,0,0,-0.856468,0.1517998,-0.4933755,0.1790996,0.9837966,-0.008214675,0.4841341,-0.09539894,-0.8697776,-557.5686,-36.33752,-567.8235,37.01143,-2.67163,-116.9018,122.65,4.043965,46.8566,-4.47412,0.1318242,2.177875,-0.2067234
2014,0.016678,1,100,0,103.0791,0,100,119.8519,0,0,-0.8375587,0.1516478,-0.5248793,0.1809282,0.9834857,-0.00456208,0.5155195,-0.09878646,-0.8511644,-556.9327,-36.38229,-569.7664,40.34358,-2.70988,-115.642,122.5073,4.0265,47.86154,-4.533439,0.128155,2.225191,-0.2059384
2015,0.016678,1,100,0,87.65195,0,100,119.496,0,0,-0.8171542,0.1513047,-0.5562069,0.1825894,0.983189,-0.0007956475,0.5467361,-0.1022076,-0.8310437,-556.2408,-36.42688,-571.6873,43.77685,-2.602622,-114.2121,122.3421,4.316491,48.3421,-4.62275,0.1456242,2.247052,-0.2077757
2016,0.016895,1,100,0,96.09945,0,100,119.1156,0,0,-0.7950581,0.1508123,-0.5874847,0.1840145,0.982918,0.003291801,0.5779458,-0.1054885,-0.8092285,-555.4813,-36.47068,-573.6077,47.29043,-2.573621,-112.5613,122.1191,4.450579,49.02027,-4.696949,0.1527811,2.278603,-0.2083848
2017,0.016477,1,100,0,104.338,0,100,118.6906,0,0,-0.7720323,0.1501546,-0.617592,0.1852103,0.9826712,0.00739041,0.6079996,-0.1086787,-0.786464,-554.6832,-36.5134,-575.4526,50.72992,-2.632236,-110.7564,121.8501,4.464574,49.84542,-4.753306,0.1520659,2.317383,-0.2076095
2018,0.016689,1,100,0,88.90063,0,100,118.2358,0,0,-0.7472422,0.1492961,-0.6475646,0.1861954,0.9824438,0.01164669,0.6379347,-0.1118707,-0.7619216,-553.817,-36.55727,-577.29,54.24989,-2.620341,-108.7465,121.5554,4.738559,50.16973,-4.800204,0.1694277,2.331995,-0.2070381
2019,0.016763,1,100,0,97.28213,0,100,117.7573,0,0,-0.7209921,0.1482666,-0.6768954,0.1868554,0.9822551,0.01612412,0.6672747,-0.1148562,-0.7359025,-552.8879,-36.60155,-579.1008,57.76347,-2.684727,-106.5306,121.213,4.855083,50.69508,-4.833791,0.1764052,2.356445,-0.2054062
2020,0.016599,1,100,0,105.5816,0,100,117.2486,0,0,-0.6935742,0.1470478,-0.7052175,0.1872613,0.9820939,0.02061094,0.6956207,-0.1177647,-0.7086915,-551.91,-36.64692,-580.8561,61.20102,-2.82944,-104.1466,120.8308,4.854318,51.39337,-4.853919,0.1756627,2.389323,-0.2026092
2021,0.01668,1,100,0,90.15263,0,100,116.7137,0,0,-0.6646266,0.145612,-0.7328497,0.1874816,0.9819479,0.02507771,0.7232718,-0.1207285,-0.6799283,-550.8702,-36.69538,-582.579,64.59692,-3.056914,-101.5641,120.405,4.773419,51.59417,-4.861646,0.1713172,2.399072,-0.199973
2022,0.016708,1,100,0,98.50662,0,100,116.1465,0,0,-0.6343915,0.1439799,-0.7594848,0.1875956,0.9818054,0.02942944,0.7499036,-0.1238063,-0.6498591,-549.7723,-36.74849,-584.2607,67.9063,-3.421857,-98.79283,119.9291,4.50715,52.00241,-4.868226,0.1548268,2.419025,-0.196748
2023,0.01666,1,100,0,106.8366,0,100,115.5482,0,0,-0.602923,0.142115,-0.7850396,0.1876101,0.9816679,0.03362284,0.7754265,-0.1270094,-0.6185324,-548.6227,-36.80693,-585.8906,71.17234,-3.677864,-95.86399,119.4526,4.589916,52.59628,-4.862918,0.1603674,2.446837,-0.1920813
2024,0.016688,1,100,0,91.40022,0,100,114.951,0,0,-0.5701377,0.1400026,-0.8095322,0.1873549,0.9815648,0.03780399,0.7999009,-0.1301163,-0.5858573,-547.4172,-36.8701,-587.4733,74.34419,-3.999537,-92.76107,118.944,4.586607,52.69744,-4.847157,0.1619038,2.451729,-0.1879209
2025,0.016686,1,100,0,99.74323,0,100,114.3331,0,0,-0.5362857,0.1376733,-0.8327328,0.1868865,0.9814873,0.04191022,0.8230866,-0.1331507,-0.5520869,-546.1595,-36.93899,-589.0031,77.40385,-4.384525,-89.49652,118.407,4.520126,53.01222,-4.821332,0.1591137,2.466801,-0.1826999
2026,0.016678,1,100,0,108.0822,0,100,113.7037,0,0,-0.5012924,0.1350884,-0.854668,0.1862543,0.9814301,0.04587971,0.8449947,-0.1361865,-0.5171443,-544.8521,-37.01459,-590.4769,80.33768,-4.828586,-86.08143,117.8451,4.41146,53.52214,-4.785875,0.1534441,2.491138,-0.1763805
2027,0.016739,1,100,0,92.59865,0,91.6305,113.059,0,0,-0.4651073,0.1322353,-0.8753222,0.185487,0.981389,0.0496993,0.8656036,-0.1392454,-0.4809791,-543.4913,-37.09828,-591.8974,83.17207,-5.338848,-82.39896,117.1993,4.276086,53.38499,-4.741118,0.1478723,2.485163,-0.1709774
2028,0.016593,1,100,0,100.8951,0,83.334,112.3696,0,0,-0.4285125,0.1292056,-0.8942499,0.1845679,0.9813706,0.05335078,0.8844837,-0.1421884,-0.4443768,-542.0961,-37.1895,-593.2433,85.87595,-5.812257,-78.52151,116.5079,4.282379,53.32471,-4.700064,0.1513158,2.482437,-0.165699
2029,0.016685,1,100,0,85.46152,0,74.9915,111.6754,0,0,-0.39116,0.1259903,-0.911658,0.1834187,0.9813851,0.05692812,0.90186,-0.1449471,-0.4069875,-540.6488,-37.28937,-594.5308,88.4407,-6.331261,-74.41627,115.7567,4.235224,52.67019,-4.651155,0.1528289,2.451919,-0.1616254
2030,0.016918,1,100,0,93.92052,0,66.5325,110.9653,0,0,-0.3530483,0.1226187,-0.9275354,0.1820701,0.9814264,0.06044155,0.9177189,-0.1475377,-0.3688161,-539.1387,-37.39968,-595.7654,90.86437,-6.895271,-70.07109,114.9515,4.145538,52.1334,-4.593988,0.1514478,2.427019,-0.1569563
2031,0.016452,1,100,0,102.1465,0,58.3065,110.2486,0,0,-0.315757,0.1192179,-0.9413207,0.180627,0.9814858,0.06371523,0.9314889,-0.1499094,-0.331445,-537.6317,-37.51632,-596.8945,93.03449,-7.474239,-65.70589,114.1427,4.029541,51.72495,-4.530781,0.1480817,2.408196,-0.1518266
2032,0.016671,1,100,0,86.72585,0,49.971,109.5589,0,0,-0.2778935,0.1156698,-0.9536223,0.1790634,0.9815617,0.0668781,0.943775,-0.1521739,-0.2934818,-536.0695,-37.64433,-597.9648,95.0345,-8.084665,-61.16536,113.3054,3.892986,50.75355,-4.459514,0.1446273,2.362988,-0.1478208
2033,0.016683,1,100,0,95.06734,0,41.62951,108.8724,0,0,-0.2402427,0.1120686,-0.964222,0.1773441,0.9816628,0.06990919,0.9543754,-0.1542039,-0.2557121,-534.4736,-37.78223,-598.9595,96.86069,-8.624557,-56.52946,112.4809,3.961158,49.93805,-4.370043,0.1538737,2.32472,-0.1424588
2034,0.016684,1,100,0,103.4093,0,33.28751,108.2267,0,0,-0.2028008,0.108399,-0.9732017,0.1753631,0.9818075,0.07281442,0.9633897,-0.1558969,-0.2181206,-532.8484,-37.92915,-599.8767,98.47594,-9.165668,-51.83634,111.6626,3.970132,49.26884,-4.275466,0.1590189,2.293418,-0.1367467
2035,0.016683,1,100,0,87.97757,0,24.94601,107.6062,0,0,-0.1657018,0.1046881,-0.9806036,0.1731856,0.9819857,0.07557085,0.9708501,-0.1573042,-0.1808473,-531.1976,-38.08508,-600.7153,99.8783,-9.70492,-47.11264,110.8578,3.931699,48.0695,-4.176013,0.1620553,2.237317,-0.1324859
2036,0.016689,1,100,0,72.54025,0,16.60151,107.0137,0,0,-0.1293864,0.1010335,-0.9864336,0.1708578,0.9821885,0.07818803,0.9767634,-0.1584234,-0.1443442,-529.5242,-38.24999,-601.4753,101.0129,-10.23061,-42.37088,110.0162,3.8538,46.38536,-4.07155,0.1632218,2.158541,-0.1295623
2037,0.016685,1,100,0,57.10662,0,8.259006,106.4025,0,0,-0.09430078,0.09752958,-0.9907548,0.1684232,0.9824075,0.08067723,0.9811934,-0.1592582,-0.109068,-527.8333,-38.42361,-602.1562,101.9719,-10.75386,-37.66195,109.2353,3.74359,44.25982,-3.96204,0.1627384,2.059126,-0.1278507
2038,0.016677,1,100,0,41.6804,0,0,105.8745,0,0,-0.06084335,0.09425683,-0.9936869,0.1658248,0.9826513,0.08305661,0.9842764,-0.1597244,-0.07541791,-526.128,-38.60535,-602.7585,102.7985,-11.18115,-33.00876,108.5455,3.878685,41.73378,-3.832333,0.1781688,1.940573,-0.1262477
2039,0.016793,1,100,0,33.2839,0,0,105.4575,0,0,-0.02904982,0.09125034,-0.9954041,0.1629054,0.9829428,0.08535375,0.9862138,-0.1596772,-0.04341948,-524.3978,-38.79535,-603.2877,103.4729,-11.57779,-28.50255,107.9495,3.934695,39.16621,-3.69821,0.1881325,1.820219,-0.1249062
2040,0.016582,1,100,0,24.9929,0,0,105.1327,0,0,0.0004147887,0.08858629,-0.9960684,0.1598185,0.9832596,0.08751368,0.9871464,-0.1592265,-0.01374989,-522.6789,-38.98935,-603.7368,104.0024,-11.93932,-24.24089,107.4554,3.922216,36.61377,-3.561747,0.1931974,1.700715,-0.1236543
2041,0.016905,1,100,0,16.5404,0,0,104.8999,0,0,0.02844605,0.08619205,-0.9958724,0.1565473,0.9835979,0.0896013,0.9872609,-0.1584499,0.01448635,-520.9182,-39.19312,-604.1232,104.4207,-12.28033,-20.0911,107.0427,3.852571,33.98845,-3.418224,0.1943129,1.577928,-0.1223302
2042,0.016476,1,100,0,8.302398,0,0,104.7452,0,0,0.05376767,0.08417711,-0.9949992,0.1533075,0.9839311,0.09152515,0.986715,-0.1574619,0.0399987,-519.196,-39.39715,-604.4332,104.7286,-12.58828,-16.24676,106.7263,3.73836,31.41929,-3.273417,0.1920592,1.457889,-0.1208291
2043,0.016677,1,100,0,-0.03610229,0,0,104.6697,0,0,0.07737596,0.08245879,-0.9935862,0.1498429,0.9842925,0.09335658,0.9856775,-0.1561054,0.06380471,-517.4477,-39.60788,-604.6836,105.0146,-12.73062,-12.53964,106.5241,4.133559,28.80009,-3.12986,0.2221337,1.334784,-0.1195296
2044,0.016953,1,100,0,-8.512603,0,0,104.6978,0,0,0.09926374,0.08107524,-0.9917527,0.145713,0.9847468,0.09508681,0.9843346,-0.1539499,0.08593594,-515.6658,-39.82364,-604.876,105.2737,-12.71733,-8.972319,106.418,4.712877,26.11955,-3.022611,0.263754,1.208459,-0.1209252
2045,0.016431,1,100,0,-16.7281,0,0,104.8113,0,0,0.1184207,0.08007362,-0.9897296,0.1412432,0.9852496,0.09661084,0.9828667,-0.1512333,0.1053641,-513.9351,-40.03307,-605.0056,105.4216,-12.80092,-5.707094,106.3492,4.612381,23.51717,-2.76734,0.2615067,1.0872,-0.1128765
2046,0.016698,1,100,0,-25.0771,0,0,104.95,0,0,0.1358286,0.07928105,-0.9875553,0.1367509,0.9857517,0.09794502,0.9812495,-0.1483528,0.1230515,-512.1741,-40.24714,-605.0836,105.5314,-12.85808,-2.596616,106.3435,4.443645,20.8576,-2.506602,0.2548024,0.9634271,-0.1044538
2047,0.016676,1,100,0,-33.4151,0,0,105.1406,0,0,0.1511332,0.07870276,-0.9853753,0.1323921,0.9862332,0.09907708,0.9796076,-0.1454297,0.1386329,-510.4137,-40.46176,-605.1108,105.6126,-12.89232,0.2977118,106.397,4.221074,18.19185,-2.245301,0.2445159,0.8395048,-0.09576312
2048,0.016687,1,100,0,-41.7586,0,0,105.3751,0,0,0.1643703,0.07832143,-0.9832844,0.1282202,0.9866887,0.1000265,0.9780298,-0.1425183,0.15214,-508.651,-40.67699,-605.0909,105.6768,-12.90868,2.98154,106.5041,3.957087,15.5151,-1.983305,0.2314838,0.7151867,-0.08678209
2049,0.016684,1,100,0,-50.1006,15.0156,0,105.6484,0,0,0.1754643,0.07813428,-0.9813804,0.1242837,0.9871124,0.1008117,0.9766096,-0.1396584,0.1634922,-506.8872,-40.8924,-605.0276,105.7931,-12.91585,5.419857,106.7163,3.663069,12.56602,-1.721461,0.2168222,0.5782341,-0.07819396
2050,0.016669,1,100,0,-58.4351,30.0177,0,106.0085,0,0,0.1842201,0.07817207,-0.9797716,0.1205545,0.9875088,0.1014565,0.975464,-0.1368062,0.1724949,-505.1226,-41.10728,-604.9249,105.9903,-12.84024,7.634701,107.0379,3.510044,9.368354,-1.486999,0.2114605,0.4294599,-0.07162017
2051,0.016687,1,100,0,-66.77859,45.036,0,106.4633,0,0,0.1904791,0.07847176,-0.97855,0.1169409,0.9878889,0.1019837,0.9747015,-0.1338583,0.1789956,-503.3524,-41.32107,-604.7864,106.2529,-12.75319,9.638638,107.4488,3.302344,5.933657,-1.252742,0.2029018,0.2697419,-0.0653149
2052,0.016679,1,100,0,-75.1181,60.0471,0,106.9973,0,0,0.1940658,0.07904591,-0.9777987,0.1134984,0.9882454,0.1024167,0.9744007,-0.1308542,0.182813,-501.5784,-41.53328,-604.6157,106.5859,-12.66119,11.43348,107.9425,3.051451,2.284311,-1.019486,0.1919013,0.1001138,-0.05921889
2053,0.016684,1,100,0,-83.4601,75.0627,0,107.6043,0,0,0.1948239,0.07990043,-0.9775784,0.110021,0.9886062,0.1027281,0.9746481,-0.1275681,0.1838134,-499.7975,-41.74275,-604.4159,107.0629,-12.34329,13.05553,108.56,3.462791,-1.56853,-0.7807846,0.2236446,-0.07987387,-0.05271789
2054,0.016687,1,100,0,-91.8036,90.081,0,108.323,0,0,0.1925922,0.08103213,-0.9779274,0.106112,0.9890209,0.102849,0.9755248,-0.1235777,0.1818792,-498.0078,-41.94665,-604.1901,107.624,-11.97003,14.47544,109.2508,3.680428,-5.611501,-0.5430277,0.2434055,-0.2684079,-0.0462178
2055,0.016895,1,100,0,-100.2511,100,0,109.1019,0,0,0.1871694,0.08245287,-0.9788612,0.1018297,0.9894742,0.1028178,0.9770356,-0.1189215,0.1768032,-496.1858,-42.14615,-603.9387,108.2786,-11.48378,15.704,110.0125,3.942697,-9.79399,-0.3255896,0.2664307,-0.4634877,-0.0406215
2056,0.016472,1,100,0,-85.0145,100,0,109.9342,0,0,0.1789341,0.08405463,-0.980264,0.09737844,0.9899387,0.1026593,0.9790302,-0.1138258,0.1689487,-494.3986,-42.33247,-603.6746,108.9485,-10.96445,16.66945,110.7604,3.995324,-13.11527,-0.1143131,0.2750203,-0.6180139,-0.03293515
2057,0.016683,1,100,0,-93.356,100,0,110.7282,0,0,0.1680315,0.08578465,-0.982042,0.09280442,0.9904054,0.1023945,0.9814036,-0.1083433,0.1584581,-492.5771,-42.51233,-603.3925,109.6567,-10.41323,17.39868,111.5157,3.886122,-16.44483,0.09846207,0.2734955,-0.7726188,-0.02448605
2058,0.016763,1,100,0,-101.7375,100,0,111.5027,0,0,0.1544935,0.08753514,-0.9841086,0.08848684,0.9908388,0.1020252,0.9840237,-0.1028429,0.1453324,-490.7351,-42.68517,-603.0982,110.3324,-10.1051,17.86538,112.2253,3.127378,-19.75619,0.4589121,0.2306302,-0.9250528,-0.006013937
2059,0.016602,1,100,0,-86.38065,100,0,112.2054,0,0,0.1387124,0.08912392,-0.9863144,0.08493725,0.9912021,0.1015109,0.9866839,-0.09785565,0.1299221,-488.8996,-42.85143,-602.8005,111.0214,-9.831499,18.04761,112.9076,2.419596,-22.3397,0.8058453,0.1900244,-1.043629,0.01331264
2060,0.016716,1,100,0,-94.73865,100,0,112.8499,0,0,0.120779,0.09053876,-0.9885421,0.0817871,0.9915389,0.1008059,0.9893048,-0.09302522,0.1123521,-487.0394,-43.01274,-602.4992,111.8057,-9.285825,17.97259,113.6211,2.490598,-24.96591,1.085386,0.1993605,-1.16552,0.02877859
2061,0.01665,1,100,0,-103.0636,100,0,113.493,0,0,0.1008388,0.0917849,-0.99066,0.07855801,0.9918919,0.09989543,0.9917965,-0.08789761,0.09281077,-485.1734,-43.16424,-602.2019,112.5941,-8.722569,17.62256,114.2981,2.420748,-27.60253,1.355107,0.1997527,-1.287655,0.04417656
2062,0.016682,1,100,0,-87.6328,100,0,114.0727,0,0,0.07893755,0.09282669,-0.9925484,0.07536347,0.9922504,0.09879248,0.9940271,-0.08260033,0.07133007,-483.2907,-43.3066,-601.9113,113.3787,-8.153956,16.99564,114.9351,2.240123,-29.59757,1.615212,0.1920152,-1.379713,0.06045436
2063,0.01668,1,100,0,-95.97279,100,0,114.5873,0,0,0.0554316,0.09360812,-0.9940649,0.07231551,0.9926046,0.0975031,0.9958404,-0.07729106,0.04825234,-481.3953,-43.43951,-601.6328,114.1449,-7.594106,16.09395,115.5238,1.983311,-31.66449,1.863682,0.1794521,-1.474994,0.07626754
2064,0.017007,1,100,0,-104.4763,100,0,115.0336,0,0,0.02977072,0.09409251,-0.9951184,0.0696012,0.9929482,0.09596955,0.997131,-0.07211851,0.02301183,-479.4501,-43.56713,-601.3658,114.8343,-7.323183,14.89677,116.0278,1.164968,-33.84378,2.221207,0.1310617,-1.574418,0.09916524
2065,0.016462,1,100,0,-89.24895,100,0,115.3757,0,0,0.003423236,0.09418129,-0.9955492,0.06769683,0.9932494,0.0941965,0.9977002,-0.06771798,-0.002975649,-477.5562,-43.68652,-601.1284,115.4566,-7.108063,13.47014,116.4569,0.4733531,-35.35485,2.545355,0.08944437,-1.643011,0.1206652
2066,0.016801,1,100,0,-97.64944,100,0,115.6323,0,0,-0.02468109,0.09389009,-0.9952767,0.06632787,0.9935402,0.09208145,0.9974929,-0.06374191,-0.03074918,-475.613,-43.80445,-600.9116,116.0514,-6.841156,11.76619,116.8467,-0.02836238,-37.00827,2.848347,0.05995802,-1.718574,0.1406417
2067,0.016509,1,100,0,-105.9039,100,0,115.8347,0,0,-0.05356391,0.09323323,-0.9942026,0.06522627,0.9938323,0.08968436,0.9964323,-0.06004429,-0.0593148,-473.6939,-43.91467,-600.7277,116.6222,-6.346478,9.88991,117.2128,-0.05249637,-38.7254,3.204975,0.06085219,-1.797831,0.1640845
2068,0.0167,1,100,0,-90.45644,100,0,116.0006,0,0,-0.08393189,0.09214029,-0.9922025,0.06402574,0.9941571,0.08690577,0.9944126,-0.05623233,-0.08934084,-471.7435,-44.01792,-600.5743,117.117,-5.853738,7.762422,117.5198,-0.1420074,-39.8862,3.53962,0.05629927,-1.851105,0.1869777
2069,0.016899,1,100,0,-98.90594,91.5505,0,116.0983,0,0,-0.1154948,0.0905884,-0.9891688,0.0627769,0.9945077,0.08374755,0.9913225,-0.05242454,-0.1205473,-469.7622,-44.11409,-600.4568,117.4791,-5.365486,5.321786,117.7219,-0.27389,-41.03659,3.849675,0.04863454,-1.903835,0.20846
2070,0.016453,1,100,0,-107.1324,83.324,0,116.0994,0,0,-0.1469755,0.08866767,-0.985158,0.06155126,0.9948639,0.08035841,0.9872233,-0.048827,-0.1516782,-467.8281,-44.19988,-600.3836,117.6831,-4.910713,2.687017,117.8161,-0.4256667,-42.13083,4.121758,0.03926303,-1.953955,0.227559
2071,0.016674,1,100,0,-91.709,74.987,0,116.0117,0,0,-0.179396,0.08632599,-0.9799822,0.06028086,0.9952355,0.07663459,0.9819286,-0.04532623,-0.1837451,-465.8655,-44.27906,-600.3549,117.7357,-4.424774,-0.2155426,117.819,-0.5044114,-42.5529,4.370949,0.03313145,-1.972963,0.2458053
2072,0.0167,1,100,0,-100.059,66.637,0,115.8482,0,0,-0.2120072,0.08359025,-0.9736868,0.05893314,0.9956157,0.07264094,0.9754899,-0.04198202,-0.2160039,-463.8998,-44.35041,-600.3758,117.6122,-3.967605,-3.335114,117.7264,-0.5974682,-43.01067,4.588462,0.02579524,-1.993636,0.2619301
2073,0.016806,1,100,0,-84.51345,58.234,0,115.6165,0,0,-0.2447767,0.08047486,-0.9662341,0.05750927,0.9960003,0.06838514,0.9678728,-0.03882833,-0.2484258,-461.9248,-44.41471,-600.4504,117.3022,-3.544529,-6.657322,117.5444,-0.6942481,-42.82826,4.77391,0.01696393,-1.984601,0.2763503
2074,0.016622,1,100,0,-92.82445,49.923,0,115.3251,0,0,-0.2768015,0.07705189,-0.957833,0.05615973,0.9963734,0.06392279,0.9592847,-0.03609772,-0.2801249,-459.9779,-44.47272,-600.5801,116.7658,-3.3842,-10.08829,117.2497,-1.14326,-42.73469,4.961101,-0.01450454,-1.979228,0.2904679
2075,0.016683,1,100,0,-101.1659,41.5815,0,114.9598,0,0,-0.3085834,0.07331723,-0.9483674,0.05506187,0.9967299,0.05913984,0.9496021,-0.03396931,-0.3116113,-458.0338,-44.52863,-600.7681,116.0407,-3.287179,-13.64545,116.8865,-1.495854,-42.72021,5.108843,-0.03993371,-1.977728,0.3015512
2076,0.016689,1,100,0,-85.72862,33.237,0,114.5562,0,0,-0.3398802,0.06932452,-0.9379101,0.0540142,0.9970722,0.05412373,0.9389163,-0.03226488,-0.3426296,-456.1018,-44.58174,-601.0161,115.1847,-2.975799,-17.27101,116.5104,-1.446661,-42.11207,5.271138,-0.04057273,-1.949217,0.3136029
2077,0.016668,1,100,0,-94.06262,24.903,0,114.1624,0,0,-0.3703643,0.06508273,-0.9266037,0.05274501,0.9974064,0.04897353,0.9273879,-0.03073567,-0.3728366,-454.1875,-44.62982,-601.3243,114.1516,-2.704686,-20.94382,116.0886,-1.391739,-41.62997,5.395263,-0.04080068,-1.9266,0.322973
2078,0.016687,1,100,0,-102.4061,16.5595,0,113.7546,0,0,-0.4001759,0.06063569,-0.9144301,0.0512533,0.9977278,0.0437295,0.9150039,-0.02936807,-0.4023744,-452.2892,-44.67366,-601.6944,112.9473,-2.475431,-24.64104,115.6304,-1.329023,-41.26374,5.481407,-0.0404845,-1.909402,0.329704
2079,0.016678,1,100,0,-86.97897,8.2205,0,113.3348,0,0,-0.429167,0.05603472,-0.9014855,0.04963642,0.9980289,0.03840545,0.9018606,-0.02826416,-0.4311024,-450.4131,-44.7148,-602.1258,111.5495,-2.452265,-28.32361,115.1153,-1.532224,-40.3409,5.536652,-0.05780901,-1.866156,0.3345164
2080,0.016965,1,100,0,-71.28635,0,0,112.8818,0,0,-0.4574337,0.05123581,-0.8877665,0.04803818,0.9983047,0.03286299,0.8879452,-0.02761405,-0.4591195,-448.5294,-44.75659,-602.6273,109.9755,-2.489662,-32.03795,114.5742,-1.675494,-38.87809,5.550874,-0.07177875,-1.798006,0.3366116
2081,0.016398,1,100,0,-56.11819,0,0,112.4302,0,0,-0.483292,0.04652123,-0.8742223,0.04647224,0.9985425,0.02744584,0.8742249,-0.02736271,-0.4847496,-446.7344,-44.79745,-603.1717,108.4086,-2.499683,-35.51501,114.1051,-1.661968,-37.16909,5.555632,-0.07560321,-1.718641,0.3379247
2082,0.016684,1,100,0,-40.68549,0,0,112.0577,0,0,-0.507964,0.04167291,-0.8603697,0.04476334,0.9987565,0.02194745,0.8602145,-0.0273645,-0.5091978,-444.9348,-44.83944,-603.7833,106.7627,-2.554568,-38.9345,113.6692,-1.617693,-35.14377,5.522707,-0.07749178,-1.624695,0.3368007
2083,0.016845,1,100,0,-32.26299,0,0,111.7341,0,0,-0.5310972,0.03674104,-0.846514,0.04287947,0.9989449,0.01645467,0.8462254,-0.02755905,-0.5321122,-443.1456,-44.88257,-604.4578,105.0873,-2.577076,-42.24623,113.2905,-1.459599,-33.0345,5.528663,-0.071841,-1.526952,0.3380982
2084,0.016526,1,100,0,-23.99999,0,0,111.4783,0,0,-0.5520625,0.03185414,-0.833194,0.04080652,0.9991047,0.01115931,0.8328035,-0.02783912,-0.5528681,-441.418,-44.92539,-605.1731,103.4287,-2.623573,-45.35778,112.9678,-1.294753,-30.91399,5.497338,-0.06536847,-1.428733,0.3369792
2085,0.016609,1,100,0,-15.69549,0,0,111.2857,0,0,-0.57143,0.02693386,-0.8202088,0.03852099,0.99924,0.005975723,0.8197464,-0.02818055,-0.5720332,-439.7093,-44.96932,-605.943,101.7627,-2.690618,-48.34237,112.6937,-1.121857,-28.73124,5.430456,-0.05805758,-1.327667,0.3336019
2086,0.016714,1,100,0,-7.338493,0,0,111.1488,0,0,-0.589218,0.02200971,-0.8076744,0.03604184,0.9993501,0.0009396188,0.8071702,-0.02855643,-0.5896283,-438.0176,-45.01474,-606.767,100.1034,-2.774248,-51.19679,112.47,-0.94313,-26.48662,5.328753,-0.05001584,-1.223769,0.3280343
2087,0.016653,1,100,0,0.9880066,0,0,111.0668,0,0,-0.6052669,0.01717296,-0.7958374,0.03344668,0.999433,-0.003871324,0.7953197,-0.0289613,-0.6054981,-436.3595,-45.06169,-607.6345,98.47356,-2.912563,-53.88784,112.2917,-0.8348246,-24.20872,5.170883,-0.04606588,-1.118343,0.3189006
2088,0.016706,1,100,0,9.341006,0,0,111.0313,0,0,-0.6197189,0.01244032,-0.7847252,0.03079632,0.9994898,-0.008475692,0.7842194,-0.0294192,-0.6197858,-434.7232,-45.11118,-608.549,96.88663,-3.064839,-56.43234,112.1652,-0.7169579,-21.88374,4.981711,-0.04107935,-1.010767,0.3077977
2089,0.016681,1,100,0,17.68151,0,0,111.0465,0,0,-0.6325327,0.007864028,-0.7744937,0.02812584,0.9995221,-0.01282159,0.7740227,-0.02989336,-0.6324516,-433.1154,-45.16317,-609.5036,95.36397,-3.224386,-58.817,112.0898,-0.5934225,-19.52678,4.764144,-0.03528633,-0.9017326,0.2949241
2090,0.016689,1,100,0,26.02601,0,0,111.1092,0,0,-0.6437684,0.003461375,-0.7652126,0.02545429,0.9995333,-0.01689322,0.764797,-0.03035327,-0.643556,-431.532,-45.21787,-610.4976,93.91476,-3.38569,-61.04695,112.0633,-0.4673088,-17.13577,4.520081,-0.02889148,-0.7911369,0.2804147
2091,0.016698,1,100,0,34.37501,0,0,111.2156,0,0,-0.6534547,-0.0007649735,-0.7569652,0.02277645,0.9995267,-0.02067201,0.7566227,-0.0307492,-0.653128,-429.9713,-45.27505,-611.5285,92.56351,-3.503525,-63.11827,112.0901,-0.2800821,-14.71301,4.310453,-0.01815605,-0.6790506,0.2681853
2092,0.01666,1,100,0,42.70501,0,0,111.3677,0,0,-0.6615961,-0.004824461,-0.749845,0.02006773,0.9995074,-0.02413674,0.7495921,-0.03101646,-0.6611734,-428.4361,-45.33397,-612.5907,91.30975,-3.605228,-65.03222,112.1591,-0.1057593,-12.26873,4.077971,-0.007843666,-0.5659702,0.2545657
2093,0.016679,1,100,0,51.04451,0,0,111.5545,0,0,-0.6682476,-0.008712013,-0.743888,0.01735054,0.999477,-0.02729163,0.7437367,-0.03114443,-0.667747,-426.9195,-45.39454,-613.6852,90.15878,-3.684992,-66.7965,112.2673,0.05987068,-9.796084,3.82622,0.002300462,-0.4515748,0.2397738
2094,0.01685,1,100,0,59.46951,0,15.165,111.7723,0,0,-0.6734113,-0.01244071,-0.7391634,0.01467404,0.9994364,-0.03019002,0.7391224,-0.03117681,-0.6728492,-425.406,-45.45735,-614.8199,89.1558,-3.814397,-68.43666,112.4584,0.05258089,-6.987028,3.537944,0.001799071,-0.3216391,0.2228529
2095,0.016525,1,100,0,67.73201,0,30.0375,112.0635,0,0,-0.6768115,-0.01588309,-0.735985,0.01222918,0.9993867,-0.03281344,0.7360548,-0.03120901,-0.6762021,-423.9372,-45.52104,-615.959,88.33932,-3.934396,-69.92213,112.7316,0.0452688,-3.962911,3.238691,0.001752956,-0.1817431,0.2053509
2096,0.016684,1,100,0,76.07401,0,45.0531,112.4269,0,0,-0.678451,-0.01913661,-0.7343965,0.009953734,0.9993296,-0.0352356,0.7345785,-0.03121562,-0.6778057,-422.467,-45.58729,-617.1332,87.6825,-4.045586,-71.30662,113.0894,0.03423542,-0.6488468,2.92265,0.001942337,-0.02841958,0.1869381
2097,0.016868,1,100,0,84.50801,0,60.2343,112.868,0,0,-0.6781424,-0.02218545,-0.7345957,0.007857242,0.9992684,-0.03743222,0.7348887,-0.03115627,-0.6774719,-420.9907,-45.65599,-618.3433,87.19213,-4.128733,-72.59732,113.5336,0.06038141,2.949427,2.568096,0.005002759,0.1380719,0.1662114
2098,0.016494,1,100,0,92.75501,0,75.0789,113.3878,0,0,-0.6757864,-0.02491134,-0.7366766,0.006009357,0.9992095,-0.03930176,0.7370732,-0.03098655,-0.6751024,-419.5542,-45.72443,-619.5471,86.88752,-4.190261,-73.74246,114.0392,0.0675908,6.678136,2.213122,0.007261501,0.3106112,0.1455096
2099,0.016683,1,100,0,101.0965,0,90.09361,113.956,0,0,-0.6712108,-0.02740284,-0.7407598,0.004413221,0.9991509,-0.04096033,0.7412532,-0.03076215,-0.6705199,-418.1055,-45.79509,-620.783,86.74273,-4.326046,-74.77147,114.6027,-0.1277464,10.6602,1.82725,-0.003017483,0.4947877,0.1229363
2100,0.016683,1,100,0,85.66473,0,100,114.5672,0,0,-0.664421,-0.02963165,-0.746771,0.003166452,0.9990932,-0.042461,0.747352,-0.0305766,-0.6637247,-416.6581,-45.86776,-622.0353,86.78834,-4.41642,-75.65253,115.2173,-0.2245485,14.07178,1.516703,-0.00699719,0.6526322,0.1048567
2101,0.016684,1,100,0,94.00674,0,100,115.2089,0,0,-0.6555946,-0.03163629,-0.75445,0.002185786,0.9990382,-0.04379197,0.7551098,-0.03035885,-0.6548949,-415.209,-45.94185,-623.3014,86.99242,-4.489913,-76.34692,115.8304,-0.3269489,17.43901,1.204129,-0.01115876,0.8084253,0.08659072
2102,0.016693,1,100,0,102.3532,0,100,115.8243,0,0,-0.6446929,-0.03341271,-0.7637112,0.001474226,0.9989883,-0.04495067,0.7644405,-0.03010526,-0.6439914,-413.7548,-46.01711,-624.5786,87.35959,-4.545594,-76.84275,116.4352,-0.4356513,20.76688,0.8915567,-0.01559098,0.9623961,0.06826442
2103,0.016687,1,100,0,86.91776,0,100,116.4041,0,0,-0.6318126,-0.03494945,-0.774333,0.001036746,0.998944,-0.04593317,0.7751207,-0.02982394,-0.6311092,-412.2941,-46.09317,-625.8625,87.89104,-4.583095,-77.12734,117.0234,-0.5507894,23.38846,0.5814934,-0.02076639,1.083645,0.04968239
2104,0.016672,1,100,0,95.25375,0,100,116.9386,0,0,-0.6171738,-0.03623253,-0.7859923,0.000876952,0.9989071,-0.04673604,0.7868267,-0.02953354,-0.6164675,-410.8249,-46.16969,-627.1488,88.58306,-4.602811,-77.19136,117.5868,-0.6689276,26.02729,0.2761612,-0.02609642,1.205694,0.0313822
2105,0.016845,1,100,0,103.6763,0,100,117.4214,0,0,-0.6005107,-0.03726191,-0.798748,0.001047447,0.9988761,-0.04738545,0.799616,-0.02929212,-0.5997968,-409.328,-46.24762,-628.4482,89.41883,-4.673967,-77.02308,118.1107,-0.9581254,28.71351,-0.07072996,-0.04236408,1.329806,0.01044424
2106,0.016527,1,100,0,88.38878,0,100,117.8358,0,0,-0.582382,-0.03798375,-0.8120274,0.001639925,0.9988509,-0.04789884,0.8129137,-0.02922709,-0.5816505,-407.8449,-46.32527,-629.7189,90.38277,-4.745905,-76.62405,118.5867,-1.219182,30.70554,-0.3995931,-0.05737053,1.421777,-0.009623976
2107,0.016661,1,100,0,96.71928,0,100,118.1805,0,0,-0.5625231,-0.03842923,-0.8258879,0.002634596,0.9988307,-0.04827086,0.8267773,-0.02932936,-0.5617641,-406.3329,-46.40475,-630.9921,91.48466,-4.820024,-75.98592,119.0233,-1.457205,32.78306,-0.717631,-0.07095221,1.517729,-0.02886133
2108,0.016938,1,100,0,105.1883,0,100,118.465,0,0,-0.540606,-0.03861571,-0.8403893,0.004015978,0.9988164,-0.0484788,0.8412667,-0.02958292,-0.5398111,-404.7763,-46.48682,-632.2742,92.72209,-4.896798,-75.09463,119.4176,-1.674332,34.96151,-1.025151,-0.08325369,1.618372,-0.04727009
2109,0.016463,1,100,0,89.96001,0,91.7685,118.6858,0,0,-0.5177045,-0.03857899,-0.8546892,0.005626114,0.9988078,-0.04849208,0.8555411,-0.02991315,-0.5168703,-403.2426,-46.56756,-633.5041,94.04398,-4.91887,-73.92326,119.721,-1.710436,36.31802,-1.234024,-0.08465482,1.681101,-0.05972715
2110,0.016665,1,100,0,98.29251,0,83.436,118.8144,0,0,-0.4932331,-0.03837909,-0.8690502,0.007375421,0.9988059,-0.04829533,0.869866,-0.03023047,-0.4923611,-401.6674,-46.64957,-634.7279,95.46021,-4.925353,-72.44044,119.9355,-1.737669,37.64569,-1.431161,-0.08561917,1.742501,-0.07144056
2111,0.016677,1,100,0,106.631,0,75.0975,118.8533,0,0,-0.4674488,-0.03802919,-0.8832017,0.009220658,0.9988101,-0.04788727,0.8839719,-0.03052855,-0.466542,-400.0672,-46.73166,-635.9263,96.93368,-4.916661,-70.66398,120.0571,-1.752691,38.93011,-1.612763,-0.08594428,1.801908,-0.08218037
2112,0.016671,1,100,0,91.21033,0,66.762,118.8045,0,0,-0.4405418,-0.03754256,-0.8969467,0.01119716,0.9988176,-0.04730603,0.8976622,-0.03088354,-0.4396005,-398.4429,-46.8141,-637.0928,98.42032,-5.002801,-68.58762,120.066,-1.957559,39.5076,-1.766134,-0.09902139,1.828441,-0.09144088
2113,0.016672,1,100,0,99.54633,0,58.426,118.6539,0,0,-0.4128204,-0.03693836,-0.9100631,0.01340068,0.9988229,-0.04661979,0.910714,-0.03144106,-0.4118395,-396.7936,-46.89806,-638.2233,99.91601,-5.101975,-66.24,119.9874,-2.12083,40.10224,-1.900626,-0.1095159,1.85581,-0.09933043
2114,0.016684,1,100,0,107.8883,0,50.084,118.4356,0,0,-0.384261,-0.03624522,-0.9225128,0.01578029,0.9988253,-0.04581659,0.9230897,-0.03216305,-0.3832377,-395.102,-46.98024,-639.1732,101.1377,-4.258689,-31.19257,119.8271,-4.175894,52.65321,2.015015,-0.2336988,2.438314,0.1593727
2115,0.016766,1,100,0,92.37978,0,41.701,105.4503,0,0,-0.3465265,-0.0402168,-0.9371778,0.01841325,0.9985965,-0.04966084,0.9378597,-0.03446529,-0.3452997,-393.4071,-47.05332,-639.7061,101.0196,-4.559678,-32.96408,106.3597,-4.011978,51.56781,1.779386,-0.2202329,2.388197,0.1457134
2116,0.016714,1,100,0,100.7368,0,33.34401,106.2819,0,0,-0.3090983,-0.04400576,-0.9500116,0.02098327,0.9983703,-0.05307298,0.9507989,-0.03633912,-0.3076712,-391.6763,-47.12407,-639.9931,98.17819,-4.439408,-28.19264,106.8697,-4.287094,51.83086,2.142045,-0.2341879,2.400612,0.1708588
2117,0.01669,1,100,0,85.29854,0,24.99901,102.1831,0,0,-0.2712128,-0.0482883,-0.9613075,0.02383482,0.9980978,-0.05686084,0.9622246,-0.03833398,-0.2695459,-390.0301,-47.1987,-640.4299,95.07284,-4.459919,-26.48342,102.7756,-4.576864,50.17247,2.110757,-0.2502192,2.323705,0.1695704
2118,0.016701,1,100,0,93.64904,0,16.64851,98.79089,0,0,-0.2340815,-0.05258176,-0.9707941,0.02707443,0.9977967,-0.0605726,0.9718403,-0.04046262,-0.2321421,-388.4367,-47.27395,-640.8555,92.15713,-4.468664,-25.13963,99.36224,-4.751846,48.42295,1.964114,-0.2592163,2.242571,0.1608266
2119,0.016835,1,100,0,102.0665,0,8.231006,95.57879,0,0,-0.1975927,-0.05678749,-0.9786381,0.03063734,0.9974753,-0.06406642,0.9798055,-0.04264192,-0.195354,-386.8803,-47.35012,-641.2692,89.39516,-4.475071,-24.10998,96.20208,-4.834056,46.58497,1.707231,-0.2626926,2.157312,0.1448614
2120,0.016514,1,100,0,86.79109,0,0,92.49068,0,0,-0.163021,-0.06065773,-0.9847563,0.03434678,0.9971545,-0.06710733,0.9860248,-0.04476311,-0.1604737,-385.3997,-47.42496,-641.6623,90.17862,-4.643586,-23.17175,93.2238,-4.439257,45.10018,1.463632,-0.2357766,2.088918,0.1298206
2121,0.016692,1,100,0,71.35099,0,0,92.84467,0,0,-0.1290906,-0.06431939,-0.9895447,0.037802,0.9968498,-0.06972566,0.9909123,-0.04640769,-0.1262526,-383.8453,-47.49614,-641.7501,84.99711,-4.343233,-16.78693,93.69109,-4.212782,35.53059,2.715468,-0.2293288,1.64634,0.2034635
2122,0.016941,1,100,0,62.88049,0,0,86.54563,0,0,-0.1018719,-0.06896689,-0.992404,0.04112952,0.9964489,-0.07347,0.9939469,-0.04830163,-0.09867353,-382.3875,-47.56852,-641.9434,83.68272,-4.19065,-8.88305,87.39411,-4.033028,30.40461,3.346308,-0.2211833,1.409392,0.2406643
2123,0.016538,1,100,0,54.61149,0,0,84.25511,0,0,-0.07911035,-0.07395988,-0.9941185,0.04427537,0.9959993,-0.07762317,0.9958823,-0.05015576,-0.07551925,-380.9931,-47.63792,-642.049,81.61194,-4.198772,-6.941179,85.00468,-3.955689,27.92229,3.242803,-0.2167762,1.294364,0.2328209
2124,0.0167,1,100,0,46.26149,0,0,82.01067,0,0,-0.05801842,-0.07880229,-0.9952005,0.04746881,0.9955345,-0.08159608,0.9971864,-0.05197506,-0.05401869,-379.625,-47.7089,-642.1594,79.47785,-4.219742,-6.228016,82.80343,-3.870931,25.98857,2.944004,-0.2116218,1.204604,0.2127992
2125,0.01665,1,100,0,37.93649,0,0,79.80998,0,0,-0.03847203,-0.08324714,-0.9957862,0.05065496,0.9950804,-0.08514518,0.9979753,-0.05371721,-0.03406589,-378.2971,-47.78001,-642.2617,80.30474,-4.372878,-5.973165,80.64523,-3.385962,24.83945,2.558007,-0.1801963,1.151757,0.1877514
2126,0.016716,1,100,0,29.57849,0,0,80.58054,0,0,-0.0197442,-0.08726222,-0.9959899,0.05342241,0.994669,-0.08820552,0.9983772,-0.05494973,-0.01497719,-376.9502,-47.85375,-642.3588,81.12936,-4.488763,-5.480829,81.43809,-2.933301,23.54286,2.160326,-0.1514332,1.091975,0.1615264
2127,0.016681,1,100,0,21.23799,0,0,81.32645,0,0,-0.002060265,-0.09079754,-0.9958673,0.05566252,0.994315,-0.09077116,0.9984476,-0.05561949,0.003005467,-375.5922,-47.92881,-642.4465,81.96545,-4.521096,-4.800858,82.23031,-2.187872,22.12048,1.783442,-0.1045273,1.026801,0.1362023
2128,0.016659,1,100,0,12.90849,0,0,82.07525,0,0,0.01450452,-0.09384429,-0.9954813,0.05719004,0.9940342,-0.09287459,0.9982582,-0.05558452,0.01978495,-374.2222,-48.00397,-642.5219,82.78176,-4.493801,-3.98207,82.99922,-1.521507,20.58244,1.400334,-0.06323574,0.9561009,0.1100775
2129,0.016679,1,100,0,4.568989,0,0,82.80857,0,0,0.029898,-0.0963949,-0.994894,0.05819029,0.9938188,-0.09454202,0.9978578,-0.05506655,0.03532244,-372.8372,-48.07887,-642.5832,83.55044,-4.483137,-3.047747,83.72612,-1.228999,18.93452,1.04449,-0.0463787,0.8796748,0.08546411
2130,0.016736,1,100,0,-3.799011,0,0,83.51068,0,0,0.0440559,-0.09846139,-0.9941653,0.05893546,0.9936545,-0.09579911,0.9972894,-0.05437108,0.04957921,-371.4347,-48.15373,-642.6286,84.29657,-4.45188,-2.038022,84.43864,-0.9704605,17.18194,0.6871341,-0.03217451,0.7983013,0.06063165
2131,0.016575,1,100,0,-12.08651,14.9175,0,84.20908,0,0,0.05667616,-0.1000116,-0.9933708,0.05944974,0.9935427,-0.09663706,0.9966211,-0.05357862,0.06225585,-370.0333,-48.22728,-642.6566,85.05342,-4.408242,-1.00263,85.17348,-0.7457328,15.15139,0.335758,-0.02089493,0.703925,0.03593808
2132,0.016676,1,100,0,-20.42451,29.9259,0,84.9398,0,0,0.06774538,-0.1010635,-0.9925708,0.05977611,0.9934803,-0.09707619,0.9959104,-0.05275556,0.07334487,-368.6106,-48.3005,-642.6674,85.83529,-4.355882,0.05081028,85.94576,-0.5456297,12.82922,-0.01249097,-0.01193948,0.5959272,0.0112244
2133,0.016904,1,100,0,-28.87651,45.1395,0,85.71778,0,0,0.07709057,-0.1016094,-0.991833,0.05980572,0.9934734,-0.09712901,0.9952289,-0.05182955,0.08266425,-367.1548,-48.37344,-642.6606,86.6831,-4.231986,1.107205,86.7934,0.01292762,10.20718,-0.3456468,0.01920591,0.4746259,-0.012783
2134,0.016452,1,100,0,-37.10251,59.9463,0,86.5804,0,0,0.08417681,-0.1016395,-0.9912536,0.0593283,0.9935307,-0.0968349,0.9946831,-0.05065814,0.08966234,-365.7241,-48.44221,-642.637,87.53586,-4.077756,2.102506,87.65601,0.4778286,7.426739,-0.660158,0.04395681,0.3458037,-0.03567567
2135,0.016775,1,100,0,-45.49001,75.0438,0,87.46553,0,0,0.08919758,-0.1011666,-0.9908627,0.05840373,0.9936476,-0.09619347,0.9943,-0.04928986,0.09453948,-364.2506,-48.50955,-642.5963,88.44129,-3.887349,3.065911,88.57976,0.9220208,4.359111,-0.9746131,0.06682506,0.2035941,-0.05871337
2136,0.016709,1,100,0,-53.84451,90.0819,0,88.41863,0,0,0.09180398,-0.1001938,-0.9907236,0.05709547,0.9938179,-0.0952161,0.994139,-0.04782461,0.09695706,-362.7676,-48.57333,-642.5401,89.37871,-3.675624,3.958692,89.5418,1.288934,1.092723,-1.272605,0.08443963,0.05203716,-0.08071066
2137,0.016556,1,100,0,-62.12251,100,0,89.41447,0,0,0.09188688,-0.09875282,-0.9908607,0.05550045,0.9940315,-0.09392203,0.9942219,-0.04636301,0.09681928,-361.2826,-48.63295,-642.4702,90.33089,-3.451499,4.76125,90.52211,1.585939,-2.263267,-1.550473,0.09755778,-0.1037608,-0.1013166
2138,0.016693,1,100,0,-70.46901,100,0,90.42995,0,0,0.08939677,-0.0968843,-0.9912728,0.05376143,0.9942762,-0.09232943,0.9945442,-0.04503829,0.09409372,-359.7695,-48.68966,-642.3866,91.26303,-3.289522,5.493725,91.48739,1.563998,-5.61526,-1.704626,0.09049561,-0.2597837,-0.1138083
2139,0.016693,1,100,0,-78.81551,100,0,91.4302,0,0,0.08433078,-0.09470274,-0.9919273,0.05212854,0.9945295,-0.09051936,0.9950734,-0.04407416,0.08880617,-358.2409,-48.74379,-642.2915,92.19387,-3.149485,6.100525,92.44915,1.538966,-8.935297,-1.841548,0.08355754,-0.4142637,-0.1250724
2140,0.016662,1,100,0,-87.14651,100,0,92.42024,0,0,0.07672473,-0.09223737,-0.9927767,0.05061009,0.9947884,-0.08851298,0.995767,-0.04345338,0.08099301,-356.6996,-48.79563,-642.1873,93.1234,-3.034396,6.562086,93.40362,1.513153,-12.21898,-1.960016,0.07694375,-0.5669918,-0.1350886
2141,0.016682,1,100,0,-95.48751,100,0,93.39255,0,0,0.06657697,-0.08950285,-0.993759,0.04920518,0.9950514,-0.08632275,0.9965674,-0.04315098,0.07065151,-355.141,-48.84576,-642.0762,94.05469,-2.945764,6.863317,94.35077,1.48771,-15.4791,-2.059732,0.07074844,-0.7185616,-0.1439018
2142,0.016688,1,100,0,-103.8315,100,0,94.34385,0,0,0.05390973,-0.08649933,-0.9947922,0.04777848,0.9953233,-0.0839563,0.9974021,-0.0430036,0.05779041,-353.566,-48.89391,-641.961,95.02043,-2.763719,6.966934,95.31557,1.853642,-18.71485,-2.199954,0.09003193,-0.8683728,-0.155335
2143,0.016669,1,100,0,-88.41269,100,0,95.29504,0,0,0.03893746,-0.08322534,-0.9957699,0.04607605,0.9956151,-0.0814107,0.998179,-0.04271122,0.04260141,-351.9768,-48.93895,-641.8453,95.98167,-2.579675,6.880013,96.26251,2.147956,-21.25715,-2.316141,0.1062081,-0.9860243,-0.164625
2144,0.016836,1,100,0,-96.83069,100,0,96.21017,0,0,0.02181227,-0.07969268,-0.9965808,0.04414608,0.9959224,-0.0786738,0.9987869,-0.04227908,0.02524145,-350.3554,-48.98136,-641.7311,96.94306,-2.397222,6.5907,97.19641,2.373422,-23.86002,-2.408923,0.1182991,-1.10654,-0.1723702
2145,0.016541,1,100,0,-105.1012,100,0,97.09317,0,0,0.002992403,-0.07602881,-0.9971012,0.04212088,0.9962303,-0.075836,0.9991081,-0.04177185,0.006183523,-348.7468,-49.02007,-641.6248,97.87086,-2.226058,6.102982,98.08622,2.529052,-26.44193,-2.475527,0.1263372,-1.22613,-0.1783435
2146,0.01667,1,100,0,-89.68144,100,0,97.9143,0,0,-0.01781493,-0.07221888,-0.9972296,0.04012401,0.9965328,-0.07288521,0.9990357,-0.0413113,-0.01485545,-347.1103,-49.05676,-641.5267,98.75738,-2.148988,5.433527,98.93008,2.32896,-28.40565,-2.415249,0.1128033,-1.317364,-0.1756925
2147,0.016993,1,100,0,-98.17794,100,0,98.6702,0,0,-0.04060606,-0.0683273,-0.9968363,0.0383844,0.9968161,-0.0698895,0.9984378,-0.0411009,-0.03785407,-345.4272,-49.09304,-641.4394,99.62521,-2.107019,4.536372,99.7507,2.124303,-30.49132,-2.334659,0.09913485,-1.414214,-0.1719326
2148,0.016385,1,100,0,-106.3704,100,0,99.38446,0,0,-0.06414597,-0.06455814,-0.9958503,0.03684199,0.997072,-0.06701045,0.9972605,-0.04098756,-0.0615797,-343.7903,-49.12683,-641.371,100.453,-1.971502,3.441715,100.5313,2.357625,-32.56492,-2.293941,0.1137393,-1.509993,-0.1707821
2149,0.016664,1,100,0,-90.95624,100,0,100.0467,0,0,-0.08950187,-0.06070182,-0.9941353,0.03512416,0.997328,-0.06405899,0.9953675,-0.04065157,-0.08713061,-342.1119,-49.15893,-641.3209,101.2415,-1.833614,2.126822,101.2805,2.512039,-34.0761,-2.231297,0.1242293,-1.579738,-0.1676706
2150,0.01678,1,100,0,-99.34624,100,0,100.6618,0,0,-0.1161787,-0.05684155,-0.9916005,0.03331893,0.9975762,-0.06108784,0.9926694,-0.04013617,-0.1140032,-340.4089,-49.18896,-641.2936,101.9697,-1.699471,0.6011707,101.9857,2.588761,-35.71331,-2.147608,0.1298269,-1.655391,-0.1631656
2151,0.016606,1,100,0,-107.6492,100,0,101.2219,0,0,-0.1437696,-0.05306708,-0.9881874,0.03153474,0.9978085,-0.05817167,0.9891087,-0.03952554,-0.141781,-338.712,-49.2165,-641.293,102.6143,-1.575736,-1.100685,102.6323,2.59567,-37.4341,-2.045608,0.1310418,-1.734968,-0.1574501
2152,0.016665,1,100,0,-92.23412,100,0,101.715,0,0,-0.1725181,-0.04935483,-0.9837692,0.02980862,0.9980251,-0.05529741,0.9845556,-0.03886461,-0.1707062,-336.9988,-49.24215,-641.3218,103.1738,-1.464376,-2.992624,103.2276,2.543755,-38.59003,-1.92554,0.1291712,-1.788386,-0.1501126
2153,0.01668,1,100,0,-100.5741,100,0,102.1481,0,0,-0.202063,-0.04575057,-0.9783035,0.02819098,0.9982228,-0.05250479,0.978967,-0.03818861,-0.2004141,-335.2752,-49.26606,-641.3832,103.6357,-1.369193,-5.062631,103.7683,2.441726,-39.88738,-1.78911,0.1240505,-1.84839,-0.1417835
2154,0.016691,1,100,0,-85.13493,100,0,102.5228,0,0,-0.2322934,-0.04230643,-0.9717252,0.02682432,0.9983948,-0.04987998,0.9722756,-0.03765266,-0.2307856,-333.5434,-49.28908,-641.4799,103.9689,-1.398207,-7.270627,104.2322,1.981062,-40.64635,-1.55226,0.09640203,-1.883646,-0.1267209
2155,0.01667,1,100,0,-93.46993,100,0,102.817,0,0,-0.2628799,-0.03909074,-0.9640364,0.02576594,0.9985383,-0.04751579,0.9644846,-0.03733025,-0.2614885,-331.8087,-49.3117,-641.6143,104.2211,-1.272282,-9.656517,104.6753,1.997563,-41.57634,-1.344605,0.09913384,-1.926498,-0.1137998
2156,0.016662,1,100,0,-101.8009,100,0,103.0923,0,0,-0.2939188,-0.03607909,-0.9551494,0.0247014,0.998667,-0.04532402,0.9555114,-0.03691511,-0.2926358,-330.0714,-49.33227,-641.7892,104.35,-1.157207,-12.17972,105.0648,1.949057,-42.66265,-1.127068,0.09755118,-1.976636,-0.1002653
2157,0.016705,1,100,0,-86.34881,100,0,103.3145,0,0,-0.3254018,-0.03327875,-0.9449901,0.02367569,0.9987805,-0.04332562,0.9452795,-0.03647153,-0.3242171,-328.3281,-49.35106,-642.0075,104.3474,-1.057858,-14.83565,105.4021,1.847191,-43.22781,-0.9010714,0.0928098,-2.002656,-0.08581177
2158,0.016846,1,100,0,-94.7718,100,0,103.4861,0,0,-0.3572526,-0.0306358,-0.9335054,0.0227331,0.9988808,-0.04148125,0.9337314,-0.03604076,-0.3561563,-326.5711,-49.36895,-642.2733,104.185,-1.069438,-17.65452,105.6757,1.714198,-43.98814,-0.8366709,0.0859044,-2.037843,-0.08183877
2159,0.016493,1,100,0,-103.0183,100,0,103.6072,0,0,-0.388611,-0.02810615,-0.9209732,0.02195539,0.9989685,-0.03975063,0.9211405,-0.03566786,-0.387593,-324.8542,-49.3868,-642.5801,103.8865,-1.105133,-20.50771,105.8971,1.572947,-44.89755,-0.7645558,0.07837601,-2.079938,-0.07750026
2160,0.016744,1,100,0,-87.53011,100,0,103.6822,0,0,-0.4205167,-0.02561473,-0.9069231,0.02126905,0.9990484,-0.03807858,0.9070354,-0.03530207,-0.4195717,-323.1171,-49.40529,-642.9401,103.4501,-1.102343,-23.48867,106.0889,1.544017,-45.30774,-0.6610438,0.07832411,-2.098827,-0.07083194
2161,0.016805,1,100,0,-95.9326,100,0,103.727,0,0,-0.4523571,-0.02323887,-0.891534,0.02060728,0.9991211,-0.03649922,0.8915986,-0.03488278,-0.4514807,-321.3817,-49.42385,-643.3519,102.8607,-1.105548,-26.5467,106.2369,1.449882,-45.92037,-0.5240555,0.07395083,-2.127106,-0.06209446
2162,0.01649,1,100,0,-104.1776,100,0,103.7343,0,0,-0.4834984,-0.02104804,-0.8750923,0.02001612,0.9991838,-0.03509187,0.8751166,-0.03448281,-0.4826824,-319.6895,-49.4422,-643.8065,102.1309,-1.125125,-29.60372,106.3408,1.334152,-46.69712,-0.3845049,0.06803069,-2.162998,-0.0533005
2163,0.016721,1,100,0,-88.71068,100,0,103.7045,0,0,-0.5148714,-0.01897413,-0.8570576,0.01948334,0.999238,-0.03382629,0.8570464,-0.03411453,-0.5141094,-317.9866,-49.46122,-644.319,101.2345,-1.162022,-32.74767,106.4058,1.19925,-46.98261,-0.2393978,0.06100953,-2.176136,-0.04386763
2164,0.01666,1,100,0,-97.04068,100,0,103.6382,0,0,-0.5456893,-0.01706695,-0.8378139,0.01901837,0.9992829,-0.03274335,0.8377719,-0.03380156,-0.5449734,-316.3057,-49.4809,-644.8823,100.183,-1.216641,-35.91301,106.4324,1.053035,-47.47324,-0.09258024,0.05308171,-2.198785,-0.03449151
2165,0.016666,1,100,0,-105.3737,100,0,103.5433,0,0,-0.5761478,-0.01530958,-0.8172023,0.01861773,0.9993196,-0.03184735,0.8171338,-0.03356323,-0.5754707,-314.6426,-49.50158,-645.4985,98.97298,-1.289214,-39.09838,106.4237,0.8993983,-48.15296,0.05506361,0.04453215,-2.230193,-0.02523363
2166,0.016686,1,100,0,-89.93913,100,0,103.4174,0,0,-0.60618,-0.01369865,-0.7952096,0.01827376,0.9993479,-0.03114513,0.7951177,-0.03341103,-0.6055344,-312.9986,-49.52361,-646.1688,97.60192,-1.379742,-42.29525,106.381,0.7418626,-48.34024,0.2022809,0.03576805,-2.238796,-0.01577961
2167,0.016679,1,100,0,-98.27863,100,0,103.2623,0,0,-0.635515,-0.01224386,-0.7719914,0.0179153,0.9993712,-0.03059828,0.7718805,-0.03327612,-0.634896,-311.3789,-49.5467,-646.8921,96.08797,-1.392126,-45.50064,106.3257,0.7928048,-48.74134,0.3545433,0.0401974,-2.257253,-0.006144494
2168,0.016692,1,100,0,-106.6246,91.654,0,103.1029,0,0,-0.6642252,-0.01095106,-0.7474524,0.01745261,0.9993929,-0.03015159,0.7473288,-0.03307244,-0.6636308,-309.7846,-49.57021,-647.6697,94.33276,-1.43917,-48.73121,106.186,0.6939373,-49.19553,0.5217348,0.03489158,-2.278192,0.004479224
2169,0.016742,1,100,0,-91.13828,83.283,0,102.8847,0,0,-0.6922089,-0.009832789,-0.7216302,0.01695317,0.9994098,-0.02987974,0.7214981,-0.03291694,-0.6916337,-308.2163,-49.59464,-648.5037,92.34038,-1.49869,-51.97889,105.9754,0.5815603,-49.02879,0.685439,0.02869575,-2.270379,0.0152038
2170,0.016536,1,100,0,-99.40628,75.015,0,102.6231,0,0,-0.7187939,-0.008909656,-0.6951661,0.01642195,0.9994212,-0.02978928,0.6950291,-0.03282834,-0.7182316,-306.7012,-49.61982,-649.3809,90.15472,-1.570824,-55.17018,105.7076,0.463788,-48.96282,0.8418813,0.02196188,-2.267242,0.02534499
2171,0.016692,1,100,0,-107.7523,66.669,0,102.3367,0,0,-0.7445869,-0.008146637,-0.6674759,0.01584537,0.999428,-0.02987408,0.6673375,-0.03282025,-0.7440319,-305.2097,-49.64653,-650.3196,87.74084,-1.657555,-58.35079,105.3851,0.3421786,-48.98911,0.99323,0.01482721,-2.268382,0.03503558
2172,0.016781,1,100,0,-92.22986,58.2785,0,102.022,0,0,-0.7693598,-0.007550024,-0.6387714,0.0151705,0.9994324,-0.0300848,0.638636,-0.03283652,-0.7688085,-303.7517,-49.67456,-651.3165,85.13101,-1.694633,-61.49765,105.0339,0.408927,-48.42826,1.154626,0.01970163,-2.242299,0.04569104
2173,0.016591,1,100,0,-100.5254,49.983,0,101.7033,0,0,-0.7925254,-0.007148368,-0.6097971,0.01431712,0.9994377,-0.03032325,0.609671,-0.03276248,-0.7919774,-302.3544,-49.70286,-652.3537,82.37395,-1.728407,-64.52804,104.6533,0.4412919,-48.00854,1.306976,0.02217532,-2.222761,0.05576198
2174,0.016685,1,100,0,-85.09174,41.6405,0,101.3824,0,0,-0.8144544,-0.006933067,-0.5801862,0.01331337,0.9994422,-0.03063211,0.580075,-0.03267269,-0.8139078,-300.9962,-49.73205,-653.4468,79.4384,-1.790618,-67.46877,104.2387,0.3579562,-47.0455,1.458673,0.01713529,-2.178075,0.06611978
2175,0.016683,1,100,0,-93.43324,33.299,0,101.0521,0,0,-0.8348917,-0.006910105,-0.5503708,0.01220931,0.9994425,-0.03106942,0.5502786,-0.03265924,-0.8343418,-299.6879,-49.76233,-654.5882,76.36398,-1.863315,-70.2934,103.808,0.2709533,-46.25445,1.599778,0.01167417,-2.141365,0.07563309
2176,0.016682,1,100,0,-101.7742,24.958,0,100.731,0,0,-0.8539417,-0.007057716,-0.520321,0.01100994,0.9994392,-0.03162586,0.5202525,-0.03273534,-0.8533851,-298.4316,-49.79388,-655.7759,73.17354,-1.947542,-72.98757,103.3699,0.1839407,-45.62216,1.729273,0.006053739,-2.112018,0.08423705
2177,0.016727,1,100,0,-86.30177,16.5945,0,100.419,0,0,-0.8716521,-0.007362067,-0.4900697,0.009714123,0.9994312,-0.03229176,0.4900287,-0.03290778,-0.8710847,-297.226,-49.82698,-657.011,69.84853,-2.04228,-75.50049,102.8752,0.0996417,-44.46563,1.846628,0.0005536451,-2.058401,0.09229477
2178,0.016632,1,100,0,-70.91717,8.278503,0,100.0623,0,0,-0.8877362,-0.007829267,-0.460286,0.00830028,0.9994206,-0.03300815,0.4602777,-0.03312303,-0.8871568,-296.0828,-49.86126,-658.28,66.49423,-2.098301,-77.88649,102.4314,0.1647755,-42.84388,1.974752,0.00458436,-1.98321,0.1012903
2179,0.016683,1,100,0,-62.57567,0,0,99.77284,0,0,-0.902282,-0.008482166,-0.4310629,0.006700397,0.9994099,-0.03369069,0.4310943,-0.0332868,-0.9016927,-294.9922,-49.89656,-659.5921,63.09324,-2.1535,-80.15132,102.0276,0.2108222,-40.98218,2.090271,0.007317813,-1.896915,0.1096704
2180,0.016685,1,100,0,-54.23317,0,0,99.54268,0,0,-0.9152814,-0.009314621,-0.4027076,0.004948527,0.9993972,-0.03436315,0.4027849,-0.03344476,-0.9146836,-293.958,-49.93294,-660.9412,59.74875,-2.233739,-82.24597,101.6824,0.1773998,-39.0438,2.192908,0.004887759,-1.807087,0.117286
2181,0.016706,1,100,0,-45.88017,0,0,99.36964,0,0,-0.9268351,-0.01031501,-0.3753269,0.003078315,0.9993801,-0.0350673,0.375456,-0.03365698,-0.9262288,-292.978,-49.97074,-662.3262,56.46986,-2.321487,-84.18761,101.3992,0.1450005,-37.03257,2.280646,0.002483156,-1.713896,0.1239654
2182,0.016653,1,100,0,-37.55367,0,0,99.25706,0,0,-0.9369906,-0.01146347,-0.3491663,0.001110399,0.9993587,-0.03578968,0.3493526,-0.0339223,-0.9363769,-292.0552,-50.00992,-663.7382,53.28186,-2.416342,-85.97759,101.1778,0.115979,-34.96444,2.352583,0.0002858077,-1.618079,0.1296488
2183,0.017011,1,100,0,-29.04817,0,0,99.20356,0,0,-0.9460654,-0.01277613,-0.3237242,-0.0009934325,0.9993321,-0.03653646,0.3239748,-0.03424428,-0.9454461,-291.1667,-50.05161,-665.2105,50.11637,-2.520455,-87.66663,101.0121,0.09103959,-32.78707,2.409958,-0.001636849,-1.517211,0.1344518
2184,0.016373,1,100,0,-20.86167,0,0,99.20683,0,0,-0.9536531,-0.01415928,-0.3005749,-0.003095325,0.999301,-0.03725365,0.3008923,-0.03459668,-0.9530303,-290.3622,-50.09345,-666.6541,47.17138,-2.626828,-89.1676,100.9104,0.07269582,-30.64684,2.449189,-0.003082827,-1.418071,0.1380777
2185,0.016669,1,100,0,-12.52717,0,0,99.26382,0,0,-0.9603287,-0.01568104,-0.2784298,-0.005313342,0.9992657,-0.037952,0.2788205,-0.03496701,-0.9597068,-289.5919,-50.13767,-668.1484,44.28546,-2.705666,-90.58609,100.868,0.1198905,-28.41527,2.499109,-0.0002676674,-1.314677,0.1424623
2186,0.016837,1,100,0,-4.108667,0,0,99.37839,0,0,-0.9660946,-0.01734032,-0.2576057,-0.007647361,0.9992263,-0.03858155,0.2580754,-0.03530342,-0.9654797,-288.8619,-50.18366,-669.6811,41.48729,-2.784139,-91.91083,100.8789,0.1622078,-26.1136,2.53298,0.002312939,-1.208041,0.1459077
2187,0.016522,1,100,0,4.152332,0,0,99.54317,0,0,-0.9708906,-0.01915775,-0.2387563,-0.01005706,0.9991779,-0.03927728,0.2393125,-0.03573276,-0.9702851,-288.1906,-50.23051,-671.2061,38.9059,-2.938929,-93.07105,100.9184,-0.1862357,-23.81915,2.785032,-0.02008978,-1.101729,0.1633222
2188,0.016692,1,100,0,12.49833,0,15.0228,99.72115,0,0,-0.9749461,-0.02133005,-0.2214167,-0.01269655,0.9991053,-0.04034254,0.2220791,-0.03652058,-0.9743447,-287.5547,-50.2806,-672.7659,36.48377,-3.125916,-94.19296,101.0601,-0.4776778,-21.21117,3.013254,-0.03870739,-0.980898,0.1793098
2189,0.016671,1,100,0,20.83383,0,30.0267,99.99285,0,0,-0.9782513,-0.02381641,-0.2060512,-0.01553855,0.9990093,-0.0416994,0.2068402,-0.03759076,-0.9776523,-286.9589,-50.33389,-674.3423,34.24244,-3.340173,-95.27641,101.2981,-0.7122089,-18.34249,3.213606,-0.05346955,-0.8479891,0.1936643
2190,0.016682,1,100,0,29.17483,0,45.0405,100.3555,0,0,-0.9808682,-0.02660046,-0.1928474,-0.01857303,0.9988889,-0.04331511,0.1937853,-0.03890466,-0.9802724,-286.3991,-50.39117,-675.9375,32.17073,-3.620949,-96.32328,101.6181,-0.986527,-15.22757,3.379346,-0.07049347,-0.7037107,0.2060139
2191,0.016686,1,100,0,37.51783,0,60.0579,100.7981,0,0,-0.982848,-0.02967707,-0.1820147,-0.02179562,0.9987426,-0.04515005,0.1831258,-0.04040851,-0.982259,-285.8728,-50.45295,-677.5506,30.28331,-3.866526,-97.36905,102.0429,-1.084882,-11.88504,3.563361,-0.07587548,-0.5487772,0.2197987
2192,0.016688,1,100,0,45.86183,0,75.0771,101.3435,0,0,-0.9842362,-0.03306683,-0.1737406,-0.02524003,0.9985729,-0.04706723,0.175049,-0.04194006,-0.9836661,-285.377,-50.51889,-679.1813,28.57047,-4.123062,-98.40791,102.5543,-1.145961,-8.331279,3.717226,-0.07842704,-0.3840323,0.2319826
2193,0.016688,1,100,0,54.20583,0,90.09631,101.9747,0,0,-0.9850681,-0.03675759,-0.1681961,-0.02888392,0.9983801,-0.04902265,0.1697256,-0.04343249,-0.9845341,-284.9087,-50.58915,-680.8293,27.037,-4.38662,-99.44654,103.1497,-1.174457,-4.580615,3.840639,-0.07835986,-0.2101315,0.2425625
2194,0.016673,1,100,0,62.54234,0,100,102.6879,0,0,-0.9853655,-0.04073278,-0.1655162,-0.03269901,0.9981643,-0.05097705,0.1672888,-0.04481881,-0.9848886,-284.4655,-50.66375,-682.493,25.67917,-4.652407,-100.4735,103.8075,-1.175313,-0.7365559,3.93343,-0.07596695,-0.03186534,0.2514537
2195,0.016684,1,100,0,70.88434,0,100,103.4596,0,0,-0.9851451,-0.04497914,-0.1657289,-0.03666293,0.9979265,-0.05290309,0.1677648,-0.04604111,-0.9847515,-284.0436,-50.74283,-684.1749,24.48994,-4.915327,-101.4617,104.4911,-1.153921,3.03136,3.995804,-0.07165223,0.1429113,0.258513
2196,0.016683,1,100,0,79.22584,0,100,104.2494,0,0,-0.9844118,-0.04946597,-0.1687796,-0.04073657,0.9976662,-0.05479905,0.1710964,-0.04706933,-0.9841295,-283.6406,-50.82642,-685.8727,23.49078,-5.201766,-102.4024,105.1909,-1.182075,6.726469,4.024037,-0.06997846,0.3142952,0.2634655
2197,0.016869,1,100,0,87.66034,0,100,105.0412,0,0,-0.9831304,-0.05421556,-0.1746866,-0.04492452,0.9973794,-0.05671194,0.1773035,-0.04790752,-0.9829897,-283.2489,-50.91575,-687.6053,22.69203,-5.484539,-103.3121,105.9169,-1.191715,10.39809,4.022763,-0.06650387,0.4846376,0.2666062
2198,0.016506,1,100,0,95.91334,0,100,105.8408,0,0,-0.9813058,-0.05904993,-0.1831729,-0.04907332,0.9970788,-0.05853212,0.1860941,-0.048449,-0.981337,-282.8774,-51.00753,-689.3152,22.13954,-5.713146,-104.1669,106.6468,-1.104527,13.92439,4.017475,-0.05634091,0.6483923,0.2693948
2199,0.016688,1,100,0,104.2573,0,100,106.6196,0,0,-0.9788252,-0.06410783,-0.1944005,-0.05331568,0.9967583,-0.06025334,0.197633,-0.04861289,-0.9790701,-282.5097,-51.10401,-691.0581,21.81411,-5.916882,-104.984,107.3895,-1.01714,17.43648,3.983029,-0.04550831,0.8115336,0.2702532
2200,0.016674,1,100,0,88.83389,0,100,107.3855,0,0,-0.9756595,-0.06928244,-0.2080588,-0.05756629,0.9964237,-0.06185544,0.2116002,-0.04837267,-0.9761586,-282.1465,-51.20362,-692.8128,21.73466,-6.08799,-105.7463,108.1284,-0.9361657,20.22757,3.920006,-0.03529996,0.9412466,0.2685323
2201,0.016687,1,100,0,97.17739,0,100,108.1187,0,0,-0.9717849,-0.07451791,-0.2237887,-0.06179196,0.9960767,-0.06335026,0.2276314,-0.04773449,-0.972577,-281.7828,-51.30596,-694.5813,21.90611,-6.222616,-106.4476,108.8563,-0.8659784,23.02802,3.82932,-0.02523302,1.071421,0.264861
2202,0.016692,1,100,0,105.5234,0,100,108.8121,0,0,-0.9670997,-0.07977363,-0.2415667,-0.06596418,0.9957198,-0.06473679,0.245697,-0.04667218,-0.9682225,-281.4149,-51.41033,-696.3616,22.32972,-6.312219,-107.0804,109.5658,-0.7938237,25.83515,3.722288,-0.01450251,1.201959,0.2598902
2203,0.016678,1,100,0,90.09624,0,100,109.4586,0,0,-0.9615413,-0.08499495,-0.2611786,-0.07005237,0.9953566,-0.06601624,0.2655769,-0.04518116,-0.9630305,-281.0387,-51.51586,-698.1506,23.00115,-6.357411,-107.6333,110.247,-0.7431834,27.97832,3.589883,-0.005643734,1.301664,0.2524395
2204,0.01668,1,100,0,98.43625,0,100,110.05,0,0,-0.9550858,-0.09012456,-0.2822924,-0.07403063,0.9949901,-0.06719077,0.2869337,-0.04327467,-0.9569728,-280.65,-51.62181,-699.9485,23.91834,-6.338775,-108.1019,110.8976,-0.6566706,30.18078,3.444898,0.005951217,1.404223,0.2438905
2205,0.016688,1,100,0,106.7803,0,100,110.5879,0,0,-0.9476147,-0.09512722,-0.3049214,-0.07788916,0.9946241,-0.06823695,0.3097734,-0.04091227,-0.9499298,-280.2445,-51.7272,-701.7546,25.06908,-6.267354,-108.472,111.5075,-0.6046948,32.43755,3.276879,0.01575555,1.509288,0.2334967
2206,0.016676,1,100,0,91.35495,0,100,111.063,0,0,-0.9390731,-0.09994068,-0.3288673,-0.08158714,0.9942625,-0.0691798,0.3338942,-0.03813355,-0.941839,-279.8188,-51.83104,-703.565,26.44353,-6.144286,-108.7322,112.0701,-0.5895937,34.07462,3.087948,0.02238902,1.585513,0.220902
2207,0.016689,1,100,0,99.69945,0,100,111.4719,0,0,-0.9294491,-0.1045102,-0.3538392,-0.08509001,0.9939079,-0.07005055,0.3590045,-0.03500024,-0.9326795,-278.4749,-51.81923,-704.5197,53.74012,-2.351807,-79.04262,112.5819,-3.397713,48.92898,7.591059,-0.1271543,2.274229,0.5169782
2208,0.016964,1,100,0,108.1814,0,100,93.09669,0,0,-0.9140901,-0.1143987,-0.3890404,-0.09227957,0.9928938,-0.07514373,0.3948722,-0.03278766,-0.918151,-277.4797,-51.84842,-705.7772,54.23872,-1.892451,-73.12286,95.92613,-3.934928,51.13855,8.024972,-0.1484434,2.377113,0.5441434
2209,0.016521,1,100,0,92.89953,0,100,88.61724,0,0,-0.8970534,-0.1244047,-0.4240503,-0.09931643,0.9917651,-0.08085866,0.4306175,-0.03041938,-0.9020218,-276.5633,-51.87717,-706.9647,52.07593,-1.810733,-70.27105,91.43806,-4.171446,51.1813,7.889219,-0.1543543,2.379523,0.5333295
2210,0.016683,1,100,0,101.241,0,100,85.86591,0,0,-0.8783601,-0.134201,-0.4587741,-0.1059688,0.9905671,-0.0868758,0.4661054,-0.02769249,-0.8842958,-275.6697,-51.90425,-708.1138,50.46212,-1.677169,-67.47251,88.11026,-4.323793,51.46124,7.708837,-0.1544919,2.393199,0.5194381
2211,0.016924,1,100,0,85.58633,0,100,83.23277,0,0,-0.8578972,-0.1437536,-0.4933028,-0.1122238,0.9893095,-0.09312816,0.5014167,-0.02453408,-0.8648584,-274.8011,-51.93086,-709.2449,48.59013,-1.598087,-65.48164,85.08778,-4.407511,50.85427,7.335533,-0.1526064,2.365629,0.4923684
2212,0.016448,1,100,0,93.81033,0,100,81.03546,0,0,-0.8368723,-0.1524381,-0.5257447,-0.1176711,0.9880868,-0.09918574,0.5346011,-0.02114084,-0.84484,-273.8538,-51.93859,-710.1803,45.86602,-1.318168,-60.57475,82.49868,-4.061654,50.04842,6.75927,-0.1248493,2.329782,0.4520498
2213,0.016671,1,100,0,102.1458,0,100,75.72386,0,0,-0.8146165,-0.1603881,-0.5573828,-0.1226066,0.9869071,-0.1047948,0.5668929,-0.01702873,-0.8236155,-273.0908,-51.96084,-711.1987,45.56987,-1.367848,-62.12964,77.06216,-3.772098,49.92573,6.113352,-0.0996643,2.325699,0.4069431
2214,0.016685,1,100,0,86.7122,0,100,77.02747,0,0,-0.7912726,-0.1674029,-0.588102,-0.1269189,0.9858122,-0.1098454,0.5981466,-0.01227637,-0.8012928,-272.3138,-51.98144,-712.2267,44.75653,-1.171592,-60.25205,78.17728,-3.209558,49.26454,5.315556,-0.05957581,2.297195,0.3514328
2215,0.016676,1,100,0,95.0502,0,100,75.06489,0,0,-0.7671065,-0.1732789,-0.6176747,-0.1306734,0.9848498,-0.1139973,0.6280702,-0.006734408,-0.7781277,-271.5565,-51.99938,-713.2292,43.65997,-1.016077,-58.88352,76.20302,-2.797669,48.50423,4.597372,-0.0305555,2.26358,0.3004642
2216,0.016691,1,100,0,103.3957,0,91.6545,73.24727,0,0,-0.7422293,-0.178083,-0.6460512,-0.1338995,0.9840153,-0.1174091,0.6566329,-0.0006386042,-0.7542102,-270.8203,-52.01503,-714.2137,42.58672,-0.8507687,-57.65323,74.42239,-2.515352,47.72378,3.915237,-0.01092369,2.228579,0.2514983
2217,0.016677,1,100,0,87.96947,0,83.316,71.44704,0,0,-0.7169032,-0.1818317,-0.6730431,-0.1365554,0.983313,-0.120201,0.6836684,0.005735233,-0.7297703,-270.0966,-52.02707,-715.1703,42.31578,-0.5865375,-55.71242,72.72883,-2.456136,46.80354,3.132097,-0.006940458,2.186278,0.1960135
2218,0.016692,1,100,0,96.31548,0,74.97,69.58387,0,0,-0.6911554,-0.1844395,-0.6987749,-0.1385176,0.9827682,-0.1223915,0.7093076,0.01220114,-0.7047936,-269.3473,-52.03082,-716.0665,43.5704,0.1411984,-49.01244,70.9706,-1.112415,35.7801,1.859085,0.04492291,1.674267,0.111475
2219,0.016737,1,100,0,104.684,0,66.6015,65.4502,0,0,-0.6706843,-0.1855748,-0.7181536,-0.1400598,0.9824646,-0.1230721,0.7283996,0.01804194,-0.6849152,-268.4761,-52.0103,-716.7549,48.13452,1.008667,-42.60046,66.68053,-0.8364519,32.28075,0.3239977,0.05170877,1.511644,0.01052151
2220,0.016654,1,100,0,89.27902,0,58.2745,64.25706,0,0,-0.652088,-0.1849712,-0.7352325,-0.1405435,0.9824643,-0.1225203,0.7450025,0.02343814,-0.6666497,-267.6358,-51.98888,-717.4351,48.48315,1.228411,-40.46995,65.39995,-0.8434739,31.01427,-0.6003094,0.04675482,1.452561,-0.05125871
2221,0.016702,1,100,0,97.63002,0,49.9235,63.12814,0,0,-0.6338692,-0.1832547,-0.7514172,-0.14032,0.9826505,-0.1212786,0.7606053,0.02856412,-0.6485863,-266.8129,-51.96698,-718.1069,47.87289,1.30599,-39.35483,64.26812,-0.939697,30.63996,-1.344796,0.03844302,1.434942,-0.1015858
2222,0.016981,1,100,0,106.1205,0,41.433,61.97469,0,0,-0.6152735,-0.1805607,-0.7673567,-0.1394826,0.9829921,-0.1194617,0.7758756,0.03353129,-0.629994,-265.9934,-51.94418,-718.7778,47.08207,1.360829,-38.47083,63.10319,-1.082417,30.66325,-2.016373,0.02793159,1.435772,-0.1473253
2223,0.016389,1,100,0,90.96069,0,33.2385,60.81185,0,0,-0.5971719,-0.1771382,-0.7823092,-0.138136,0.98345,-0.117237,0.7901292,0.03805445,-0.6117578,-265.2177,-51.92146,-719.4125,47.84274,1.437477,-39.22782,61.88551,-1.525066,30.89294,-2.55985,-0.001390393,1.445261,-0.184793
2224,0.01671,1,100,0,99.3157,0,24.8835,61.85457,0,0,-0.5782967,-0.172932,-0.7972878,-0.1360776,0.984032,-0.1147357,0.8043982,0.04214174,-0.5925946,-264.4131,-51.8968,-720.0709,48.77146,1.554234,-39.74716,62.93574,-1.931939,31.26096,-3.076081,-0.02849239,1.461319,-0.2204164
2225,0.016836,1,100,0,107.7337,0,16.4655,62.85112,0,0,-0.5587562,-0.16801,-0.8121356,-0.1333776,0.9847223,-0.1119489,0.8185365,0.04576855,-0.5726284,-263.586,-51.8698,-720.7418,49.83714,1.701659,-40.02743,63.94397,-2.294286,31.7537,-3.554214,-0.05286283,1.483317,-0.2534923
2226,0.016526,1,100,0,92.44714,0,8.202499,63.79224,0,0,-0.539117,-0.162564,-0.8263934,-0.1301467,0.9854901,-0.1089565,0.8321149,0.04881201,-0.5524516,-262.7561,-51.8409,-721.4035,50.96547,1.843913,-40.06301,64.8531,-2.716711,31.68843,-3.99586,-0.08304177,1.478985,-0.2834947
2227,0.01669,1,100,0,77.0089,0,0,64.632,0,0,-0.5191694,-0.1565311,-0.8402149,-0.126296,0.9863434,-0.1057162,0.8452883,0.05123116,-0.5318485,-261.8987,-51.8093,-722.0713,52.20199,1.992878,-39.90036,65.73476,-3.066351,31.1088,-4.394476,-0.1103307,1.450772,-0.309913
2228,0.016669,1,100,0,61.59007,0,0,65.44878,0,0,-0.4994474,-0.1500624,-0.8532488,-0.1219886,0.9872532,-0.1022242,0.8577127,0.05303102,-0.511387,-261.0212,-51.77508,-722.7347,53.50695,2.171568,-39.59327,66.59833,-3.189884,30.14757,-4.760991,-0.1243491,1.405342,-0.3335027
2229,0.01668,1,100,0,46.16107,0,0,66.25623,0,0,-0.4801781,-0.143226,-0.865399,-0.1173875,0.9881978,-0.09841555,0.8692811,0.05433,-0.4913239,-260.1213,-51.73785,-723.3927,54.85583,2.351303,-39.14942,67.43417,-3.260346,28.83578,-5.078327,-0.1358392,1.343675,-0.353278
2230,0.016683,1,100,0,37.81957,0,0,67.04792,0,0,-0.461584,-0.1361107,-0.8765923,-0.112572,0.9891576,-0.09431238,0.8799248,0.05514669,-0.4719016,-259.1985,-51.69764,-724.0427,56.23146,2.526192,-38.59108,68.24683,-3.276813,27.40211,-5.345645,-0.1439953,1.276476,-0.3694269
2231,0.01668,1,100,0,29.47957,0,0,67.82996,0,0,-0.4437835,-0.1287947,-0.8868305,-0.1076253,0.9901153,-0.08993746,0.8896479,0.05553266,-0.4532584,-258.2528,-51.65457,-724.6828,57.61923,2.691648,-37.94044,69.04128,-3.242492,25.85768,-5.562571,-0.1488897,1.204255,-0.381992
2232,0.016683,1,100,0,21.13807,0,0,68.60712,0,0,-0.4268751,-0.1213472,-0.8961321,-0.1026222,0.991055,-0.08531654,0.8984691,0.05554356,-0.4355096,-257.2838,-51.6088,-725.3118,59.00816,2.844513,-37.2178,69.82277,-3.161688,24.21147,-5.729382,-0.1506854,1.127424,-0.3910584
2233,0.016829,1,100,0,12.72357,0,0,69.38371,0,0,-0.4108248,-0.1137718,-0.9045877,-0.09759124,0.9919704,-0.0804403,0.9064761,0.05523296,-0.4186292,-256.2829,-51.56014,-725.9338,60.40082,2.983829,-36.4355,70.60246,-3.038447,22.45525,-5.847691,-0.1496015,1.045589,-0.3967764
2234,0.016521,1,100,0,4.463073,0,0,70.16967,0,0,-0.3961498,-0.106332,-0.9120082,-0.09267603,0.99283,-0.07549937,0.9134971,0.05461224,-0.4031639,-255.2776,-51.51035,-726.5312,61.73967,3.070611,-35.62627,71.34737,-3.044983,20.65164,-5.927736,-0.1563709,0.9613478,-0.3999174
2235,0.016678,1,100,0,-3.875927,0,0,70.92993,0,0,-0.3825026,-0.09887281,-0.918649,-0.08769161,0.9936545,-0.07043295,0.9197837,0.05361702,-0.3887457,-254.2405,-51.4588,-727.1208,63.07137,3.129618,-34.79036,72.09827,-2.998982,18.75167,-5.960183,-0.1594797,0.8727646,-0.3998264
2236,0.016995,1,100,0,-12.37343,0,0,71.70442,0,0,-0.3698817,-0.09138507,-0.9245737,-0.08266007,0.9944414,-0.06522211,0.9253947,0.05230086,-0.3753796,-253.1611,-51.40541,-727.7073,64.40316,3.162409,-33.93526,72.86543,-2.906458,16.73874,-5.945173,-0.1592993,0.7790487,-0.3965576
2237,0.016358,1,100,0,-20.55243,0,0,72.50234,0,0,-0.3590432,-0.08433795,-0.9295026,-0.07792283,0.9951406,-0.06019397,0.9300624,0.05081724,-0.3638703,-252.1007,-51.35361,-728.2581,65.65752,3.173283,-33.12608,73.60921,-2.769924,14.74541,-5.887858,-0.1556218,0.6863655,-0.3906434
2238,0.01673,1,100,0,-28.91743,0,0,73.28044,0,0,-0.3493351,-0.07733828,-0.9338008,-0.07324256,0.9957925,-0.05507243,0.934131,0.04915522,-0.3535298,-250.9953,-51.30056,-728.8078,66.90953,3.164468,-32.32398,74.37566,-2.602218,12.64271,-5.786997,-0.1495865,0.5886766,-0.3819063
2239,0.016626,1,100,0,-37.23042,0,0,74.08531,0,0,-0.3411359,-0.07063311,-0.9373567,-0.0687959,0.996375,-0.0500432,0.9374934,0.04741476,-0.3447585,-249.8761,-51.24808,-729.341,68.12028,3.138833,-31.56607,75.14413,-2.413422,10.50013,-5.64624,-0.1416707,0.4891954,-0.3706884
2240,0.016685,1,100,0,-45.57292,0,0,74.89381,0,0,-0.334411,-0.06419386,-0.9402385,-0.06457072,0.9968936,-0.04509631,0.9402127,0.04563118,-0.3375173,-248.733,-51.19591,-729.8637,69.30003,3.099615,-30.85658,75.92253,-2.208022,8.299258,-5.467162,-0.1322061,0.3870541,-0.3570937
2241,0.016679,1,100,0,-53.91242,0,0,75.71284,0,0,-0.3292459,-0.0580498,-0.9424583,-0.06064986,0.9973477,-0.04024276,0.9422947,0.0439102,-0.3318934,-247.5707,-51.14422,-730.3749,70.44707,3.096521,-30.23359,76.72318,-1.841086,6.052724,-5.341676,-0.1119105,0.2830572,-0.3470352
2242,0.016672,1,100,0,-62.24842,0,0,76.55219,0,0,-0.3256855,-0.05216882,-0.9440378,-0.05712695,0.9977381,-0.03542803,0.9437507,0.04239161,-0.3279291,-246.3901,-51.09257,-730.8759,71.55527,3.099303,-29.68126,77.52896,-1.486197,3.765304,-5.181028,-0.09191126,0.1771471,-0.3348458
2243,0.01668,1,100,0,-70.58842,0,0,77.39507,0,0,-0.3237659,-0.04657631,-0.9449902,-0.05399526,0.9980695,-0.03069298,0.9445955,0.04108765,-0.3256558,-245.1906,-51.04081,-731.3684,72.62392,3.109374,-29.20902,78.33945,-1.148841,1.4382,-4.98745,-0.07257875,0.06937291,-0.3206478
2244,0.016681,1,100,0,-78.92892,0,0,78.24008,0,0,-0.3235233,-0.04130415,-0.9453182,-0.05124603,0.9983454,-0.02608277,0.9448314,0.04000542,-0.3251047,-243.9734,-50.98884,-731.8535,73.65063,3.127917,-28.82653,79.15282,-0.8345317,-0.9243901,-4.763405,-0.05428915,-0.04007557,-0.304578
2245,0.016681,1,100,0,-87.26942,0,0,79.08421,0,0,-0.3249865,-0.03638071,-0.9450188,-0.04886318,0.9985712,-0.02163857,0.9444557,0.03914438,-0.3262998,-242.7394,-50.9365,-732.3328,74.63311,3.15578,-28.54259,79.96712,-0.548044,-3.319446,-4.511562,-0.03737977,-0.1510614,-0.286783
2246,0.016685,1,100,0,-95.61192,0,0,79.92464,0,0,-0.3281792,-0.03182604,-0.9440792,-0.04685461,0.9987505,-0.01738156,0.9434528,0.0385302,-0.3292603,-241.4889,-50.88351,-732.808,75.57374,3.21755,-28.37117,80.78778,-0.1994091,-5.745301,-4.249784,-0.01612361,-0.2634426,-0.2683771
2247,0.016915,1,100,0,-104.0694,0,0,80.76572,0,0,-0.3331966,-0.02760094,-0.9424534,-0.04522995,0.9988887,-0.01326305,0.9417722,0.03820791,-0.3340747,-240.2055,-50.82863,-733.2876,76.47649,3.297584,-28.31294,81.61587,0.104055,-8.235685,-3.960918,0.002551355,-0.3788649,-0.2482029
2248,0.016435,1,100,0,-88.86704,0,0,81.60805,0,0,-0.3396587,-0.0238932,-0.9402453,-0.04401024,0.9989861,-0.009487431,0.9395186,0.03815793,-0.3403659,-238.9441,-50.77392,-733.7532,77.29984,3.391027,-28.37702,82.41371,0.3470627,-10.02717,-3.660001,0.01792299,-0.4619509,-0.2277083
2249,0.016681,1,100,0,-97.20754,0,0,82.41261,0,0,-0.347508,-0.02052849,-0.9374524,-0.04296989,0.9990588,-0.005948876,0.9366922,0.03821494,-0.3480631,-237.6505,-50.71733,-734.2276,78.05529,3.393859,-28.55654,83.18427,0.1933582,-11.92535,-3.353249,0.007991413,-0.5501491,-0.2067541
2250,0.016865,1,100,0,-105.64,0,0,83.18296,0,0,-0.3568127,-0.01754324,-0.9340111,-0.04185856,0.9991195,-0.002775263,0.9332374,0.03810611,-0.3572328,-236.3301,-50.66016,-734.7109,78.76068,3.38185,-28.86361,83.95112,0.04820839,-13.92001,-3.029083,-0.001290564,-0.6428124,-0.1846551
2251,0.016502,1,100,0,-90.37569,0,0,83.94231,0,0,-0.3671364,-0.01503516,-0.9300456,-0.04073253,0.9991701,-7.342268e-05,0.9292749,0.03785615,-0.3674442,-235.0269,-50.60449,-735.1896,79.39027,3.357239,-29.2889,84.68723,-0.08535133,-15.28097,-2.701007,-0.009585919,-0.7061077,-0.1627804
2252,0.016681,1,100,0,-98.71619,0,0,84.66452,0,0,-0.3785172,-0.01290594,-0.9255043,-0.03957422,0.9992141,0.002251452,0.9247479,0.03747832,-0.3787305,-233.6994,-50.54868,-735.6812,79.96394,3.321285,-29.84126,85.41524,-0.2117723,-16.77418,-2.361449,-0.01744665,-0.7755256,-0.1401311
2253,0.016686,1,100,0,-107.0592,0,0,85.37276,0,0,-0.3909188,-0.01117505,-0.9203575,-0.03854059,0.9992483,0.004237044,0.9196184,0.03712746,-0.3910556,-232.3621,-50.49303,-736.1829,80.49517,3.363748,-30.53606,86.15822,0.07975328,-18.37523,-2.071528,0.00144342,-0.8498127,-0.1205989
2254,0.016672,1,100,0,-91.6376,0,0,86.09102,0,0,-0.4042244,-0.009810219,-0.9146073,-0.0378809,0.9992642,0.006023769,0.9138753,0.0370811,-0.4042986,-231.0175,-50.43657,-736.6965,80.95695,3.432928,-31.34406,86.88074,0.3138249,-19.4072,-1.775327,0.01671749,-0.8977641,-0.1009518
2255,0.016684,1,100,0,-99.9796,0,0,86.78421,0,0,-0.4182028,-0.008795464,-0.9083111,-0.03740242,0.9992719,0.007544481,0.9075834,0.03712816,-0.4182273,-229.6648,-50.37947,-737.2244,81.31664,3.40162,-32.25366,87.54578,0.06908799,-20.5851,-1.50678,0.001198187,-0.9525415,-0.08295095
2256,0.016679,1,100,0,-108.3191,0,0,87.41728,0,0,-0.4329213,-0.008114407,-0.9013952,-0.0368015,0.9992849,0.008679375,0.9006801,0.03693018,-0.4329103,-228.3069,-50.323,-737.768,81.60506,3.353747,-33.26579,88.1887,-0.1513171,-21.8963,-1.237856,-0.01286781,-1.013484,-0.0649312
2257,0.016687,1,100,0,-92.88362,0,0,88.02502,0,0,-0.4483046,-0.007756888,-0.8938473,-0.03610939,0.9993035,0.009438436,0.8931515,0.03650758,-0.4482724,-226.944,-50.26738,-738.3293,81.81998,3.290674,-34.37702,88.80945,-0.3491516,-22.66448,-0.9704837,-0.02551438,-1.049262,-0.0474655
2258,0.016676,1,100,0,-101.2216,0,0,88.60805,0,0,-0.4641021,-0.007702862,-0.8857483,-0.03535639,0.9993265,0.009834964,0.885076,0.0358813,-0.4640618,-225.5787,-50.21293,-738.9092,81.95917,3.213815,-35.58105,89.40719,-0.5238451,-23.60037,-0.7069319,-0.03681763,-1.092796,-0.03023367
2259,0.016687,1,100,0,-85.78614,0,0,89.16722,0,0,-0.480275,-0.007939574,-0.8770821,-0.03457037,0.9993535,0.009883726,0.8764366,0.03506796,-0.480239,-224.2107,-50.1598,-739.5102,82.02224,3.124402,-36.87176,89.98298,-0.6770656,-24.02501,-0.4487379,-0.04679749,-1.112638,-0.01376636
2260,0.016672,1,100,0,-94.12214,0,0,89.70412,0,0,-0.4965938,-0.008444153,-0.8679421,-0.03377869,0.9993833,0.009603571,0.8673257,0.03408702,-0.4965727,-222.8432,-50.10827,-740.1325,82.00884,3.023862,-38.23964,90.53653,-0.8081188,-24.64649,-0.1979557,-0.05550604,-1.141584,0.002260726
2261,0.016956,1,100,0,-78.43784,0,0,90.22021,0,0,-0.5133156,-0.009181182,-0.858151,-0.03297922,0.9994155,0.009034467,0.8575664,0.03293869,-0.5133184,-221.4532,-50.05752,-740.7892,81.90643,2.931027,-39.71689,91.07516,-0.9066963,-24.77854,-0.04889999,-0.06216897,-1.147791,0.01138562
2262,0.016382,1,100,0,-63.28448,0,0,90.72415,0,0,-0.5292774,-0.0100142,-0.8483899,-0.03220741,0.999447,0.008295712,0.8478376,0.03171518,-0.5293072,-220.1123,-50.01005,-741.448,81.73631,2.829397,-41.20139,91.5772,-0.9790373,-24.47796,0.08830137,-0.06711895,-1.133945,0.01946859
2263,0.016686,1,100,0,-47.84993,0,0,91.19705,0,0,-0.5450584,-0.01095913,-0.8383264,-0.03144291,0.9994782,0.007377565,0.8378081,0.03038063,-0.5451186,-218.7498,-49.96347,-742.1442,81.49632,2.715869,-42.75848,92.07233,-1.031523,-23.76414,0.2206276,-0.07075468,-1.100954,0.02698145
2264,0.016687,1,100,0,-39.50643,0,0,91.66924,0,0,-0.5601536,-0.01198274,-0.8283021,-0.03071867,0.9995083,0.006314514,0.8278192,0.02898143,-0.5602463,-217.3914,-49.91882,-742.8665,81.19609,2.594109,-44.3475,92.55396,-1.06367,-22.87609,0.3449737,-0.0730577,-1.059884,0.03390087
2265,0.016619,1,100,0,-31.19693,0,0,92.13638,0,0,-0.5744109,-0.01306767,-0.8184628,-0.03005387,0.9995351,0.005133613,0.8180152,0.02754678,-0.5745366,-216.0439,-49.87642,-743.6124,80.84641,2.466674,-45.94693,93.02337,-1.076998,-21.83384,0.4603625,-0.07411019,-1.011664,0.0402014
2266,0.016633,1,100,0,-22.88043,0,0,92.59974,0,0,-0.5878268,-0.01420759,-0.808862,-0.0294587,0.9995587,0.003851456,0.8084503,0.02609201,-0.587986,-214.7014,-49.83611,-744.3855,80.45553,2.335005,-47.55089,93.48599,-1.073412,-20.64558,0.5671406,-0.07402159,-0.9566734,0.04592843
2267,0.016679,1,100,0,-14.54093,0,0,93.06448,0,0,-0.6003562,-0.01539465,-0.7995847,-0.02894888,0.999578,0.002490646,0.799209,0.02464236,-0.6005484,-213.3617,-49.79788,-745.1875,80.03374,2.206745,-49.15113,93.94734,-1.03507,-19.32022,0.6643505,-0.07163558,-0.8953205,0.05104579
2268,0.01668,1,100,0,-6.20093,0,0,93.5357,0,0,-0.6119062,-0.01655832,-0.7907572,-0.02851061,0.999593,0.001130854,0.7904167,0.02323694,-0.6121292,-212.0293,-49.76193,-746.0162,79.57,2.050908,-50.75498,94.40158,-0.9796938,-17.87272,0.5883548,-0.06805953,-0.8282325,0.04509428
2269,0.016687,1,100,0,2.14257,0,0,94.00972,0,0,-0.622437,-0.01757664,-0.7824728,-0.02807928,0.999606,-0.0001177499,0.7821666,0.02189798,-0.6226853,-210.7041,-49.72856,-746.8719,79.09966,1.897394,-52.32335,94.85826,-0.9150652,-16.31263,0.5087944,-0.0637529,-0.7559283,0.03896219
2270,0.016684,1,100,0,10.48457,0,0,94.49164,0,0,-0.6319031,-0.01844869,-0.7748278,-0.02765782,0.9996166,-0.001244863,0.7745537,0.02064342,-0.6321712,-209.387,-49.69772,-747.7534,78.63316,1.749245,-53.84634,95.31873,-0.8435246,-14.65037,0.4266768,-0.05887489,-0.6788914,0.03272501
2271,0.016683,1,100,0,18.82607,0,0,94.98181,0,0,-0.6402737,-0.01917583,-0.7679074,-0.02724759,0.9996262,-0.002243432,0.7676634,0.01948722,-0.6405569,-208.0776,-49.66932,-748.6599,78.18052,1.609147,-55.316,95.78436,-0.7672158,-12.89433,0.3428261,-0.05357432,-0.5975125,0.02644105
2272,0.01678,1,100,0,27.21607,0,15.102,95.48072,0,0,-0.6475138,-0.01976194,-0.7617975,-0.02684664,0.9996348,-0.003112579,0.7615808,0.01843626,-0.6478079,-206.7679,-49.64304,-749.5961,77.79568,1.480007,-56.75323,96.30829,-0.6877472,-10.79829,0.2575955,-0.04787829,-0.500388,0.02005001
2273,0.01658,1,100,0,35.50607,0,30.024,96.04018,0,0,-0.6533437,-0.02019656,-0.7567919,-0.02646148,0.9996425,-0.003833151,0.7565988,0.01752147,-0.6536446,-205.4797,-49.61913,-750.5446,77.49008,1.365973,-58.13062,96.88007,-0.6089142,-8.432473,0.1733423,-0.04205891,-0.3907728,0.01373679
2274,0.016678,1,100,0,43.84507,0,45.0342,96.6496,0,0,-0.6577406,-0.02047108,-0.7529663,-0.02607853,0.9996502,-0.004397294,0.752793,0.01674398,-0.6580444,-204.1886,-49.59693,-751.5217,77.25929,1.26057,-59.47972,97.51115,-0.5046386,-5.772809,0.03684543,-0.03444818,-0.2675265,0.004079153
2275,0.016909,1,100,0,52.29957,0,60.2523,97.32166,0,0,-0.6605577,-0.02054731,-0.750494,-0.02568125,0.9996588,-0.004765334,0.7503359,0.01612585,-0.6608601,-202.883,-49.5761,-752.5349,77.11847,1.173595,-60.79486,98.20718,-0.4075318,-2.807097,-0.09821489,-0.02714804,-0.1301132,-0.005492021
2276,0.016461,1,100,0,60.53007,0,75.0672,98.06058,0,0,-0.6615736,-0.0204287,-0.749602,-0.02528027,0.9996683,-0.004932164,0.749454,0.01568715,-0.6618706,-201.6138,-49.55714,-753.5423,77.08061,1.10944,-62.016,98.93754,-0.3235931,0.3083048,-0.2254099,-0.02062992,0.01422229,-0.01453631
2277,0.016679,1,100,0,68.86957,0,90.0783,98.83234,0,0,-0.6607491,-0.02011994,-0.7503372,-0.0248541,0.9996791,-0.004919328,0.7501954,0.01539851,-0.6610372,-200.3278,-49.53888,-754.5832,77.15034,1.065078,-63.18942,99.73071,-0.2505135,3.694109,-0.3491746,-0.01473564,0.1710718,-0.02339546
2278,0.01668,1,100,0,77.20956,0,100,99.66479,0,0,-0.6579358,-0.01962523,-0.7528183,-0.02440239,0.999691,-0.004734159,0.7526786,0.01525579,-0.6582114,-199.0399,-49.52125,-755.6432,77.32664,1.041337,-64.27726,100.5587,-0.1907336,7.206899,-0.4669291,-0.009710003,0.3337922,-0.03188753
2279,0.016684,1,100,0,85.55157,0,100,100.526,0,0,-0.6530722,-0.01895032,-0.7570586,-0.02391972,0.9997044,-0.0043899,0.7569181,0.0152417,-0.6533325,-197.7483,-49.5039,-756.7209,77.60008,1.037344,-65.24084,101.3865,-0.1446564,10.67356,-0.5779449,-0.005674329,0.4943668,-0.03994192
2280,0.016686,1,100,0,93.89457,0,100,101.3767,0,0,-0.6461507,-0.01805935,-0.7629963,-0.02350861,0.9997166,-0.003753782,0.7628478,0.01551148,-0.6463922,-196.4513,-49.48582,-757.8144,77.99246,1.176673,-66.1063,102.246,0.3847408,14.09702,-0.8011303,0.02918861,0.6531271,-0.05524142
2281,0.01668,1,100,0,102.2346,0,100,102.2452,0,0,-0.6371542,-0.01686795,-0.7705519,-0.02335891,0.9997239,-0.002569675,0.7703825,0.01636197,-0.6373724,-195.1476,-49.46501,-758.921,78.50404,1.388393,-66.81339,103.0963,0.8107631,17.47964,-1.013883,0.05721163,0.8099536,-0.07007442
2282,0.016693,1,100,0,86.79355,0,100,103.0859,0,0,-0.6261709,-0.01537639,-0.7795343,-0.02340199,0.9997258,-0.0009217439,0.7793347,0.01766548,-0.6263591,-193.8335,-49.44032,-760.0394,79.14146,1.662039,-67.34798,103.9321,1.131902,20.16137,-1.215143,0.07806583,0.9342857,-0.08422088
2283,0.01668,1,100,0,95.13354,0,100,103.8911,0,0,-0.6134365,-0.01359274,-0.7896272,-0.02356978,0.9997216,0.001101281,0.7893924,0.0192869,-0.6135861,-192.5092,-49.4108,-761.1647,79.90556,1.984895,-67.69686,104.7459,1.353655,22.86239,-1.403354,0.09229368,1.05948,-0.09779108
2284,0.016682,1,100,0,103.4745,0,100,104.653,0,0,-0.5988698,-0.0115145,-0.8007637,-0.02379926,0.999711,0.003423588,0.8004929,0.02110787,-0.5989708,-191.1713,-49.37569,-762.2949,80.79356,2.343833,-67.85237,105.5322,1.484594,25.58294,-1.5776,0.1003995,1.185556,-0.11072
2285,0.016679,1,100,0,88.04647,0,100,105.3657,0,0,-0.5825384,-0.009148678,-0.8127517,-0.02403402,0.9996933,0.00597337,0.8124478,0.02301341,-0.5825796,-189.8182,-49.33448,-763.4265,81.80087,2.725225,-67.8057,106.2846,1.536375,27.65391,-1.736708,0.1029801,1.281537,-0.1226314
2286,0.016867,1,100,0,96.47997,0,100,106.0239,0,0,-0.564429,-0.006474891,-0.8254563,-0.0245304,0.9996594,0.008932008,0.8251173,0.02529026,-0.5643956,-188.4318,-49.28432,-764.5688,82.97265,3.471532,-67.57771,107.0666,2.547456,29.82059,-1.889752,0.1667289,1.382089,-0.13453
2287,0.016488,1,100,0,104.724,0,100,106.6905,0,0,-0.5450758,-0.003559246,-0.8383791,-0.02575148,0.9995903,0.01249878,0.8379912,0.02840229,-0.5449442,-187.0569,-49.22259,-765.6807,84.21637,4.287904,-67.14103,107.7901,3.24247,31.99819,-2.026223,0.209874,1.483095,-0.1460233
2288,0.016764,1,100,0,89.21728,0,100,107.2825,0,0,-0.523791,-0.0002724649,-0.8518468,-0.02750834,0.9994838,0.01659488,0.8514025,0.03212514,-0.523528,-185.6376,-49.14581,-766.8026,85.56689,5.165452,-66.47771,108.4788,3.679317,33.60199,-2.151404,0.2360166,1.557514,-0.1570768
2289,0.016773,1,100,0,97.60378,0,100,107.8207,0,0,-0.5010689,0.003342682,-0.865401,-0.02957965,0.9993422,0.02098672,0.8649019,0.03611405,-0.5006404,-184.1944,-49.05419,-767.9127,86.99297,6.055359,-65.58791,109.1156,3.882561,35.31678,-2.261539,0.2467856,1.637087,-0.1676161
2290,0.016516,1,100,0,105.8618,0,100,108.295,0,0,-0.4771942,0.007227632,-0.8787682,-0.0317477,0.9991717,0.02545775,0.8782244,0.04004716,-0.4765695,-182.7495,-48.94946,-768.9901,88.45658,6.911415,-64.4904,109.6875,3.899827,37.10015,-2.354278,0.2452265,1.719871,-0.177295
2291,0.016698,1,100,0,90.41613,0,100,108.6957,0,0,-0.451606,0.01165953,-0.8921414,-0.03410242,0.9989585,0.03031834,0.8915657,0.04411612,-0.450738,-181.264,-48.82686,-770.0601,89.96331,8.203237,-63.26171,110.2848,4.601929,38.32717,-2.957711,0.287064,1.777194,-0.219605
2292,0.016678,1,100,0,98.75513,0,100,109.0846,0,0,-0.4248097,0.01695581,-0.9051239,-0.03676461,0.9986767,0.0359634,0.904536,0.04855413,-0.4236242,-179.755,-48.6828,-771.1071,91.502,9.506361,-61.79425,110.822,4.837403,39.69109,-3.525998,0.2981498,1.841007,-0.2602082
2293,0.016683,1,100,0,107.0966,0,100,109.406,0,0,-0.396658,0.02310677,-0.9176757,-0.03937447,0.998335,0.04215704,0.9171219,0.05285493,-0.3950878,-178.2197,-48.51723,-772.1286,93.05862,10.7581,-60.09153,111.2953,4.715947,41.18184,-4.056788,0.285432,1.910883,-0.298632
2294,0.016687,1,100,0,91.66115,0,100,109.6562,0,0,-0.3672064,0.03006145,-0.9296536,-0.04166442,0.9979428,0.0487268,0.9292059,0.05662628,-0.3651985,-176.6581,-48.3313,-773.1207,94.61897,11.90691,-58.15807,111.7,4.352259,42.12142,-4.547261,0.2565582,1.9554,-0.3337316
2295,0.016682,1,100,0,100.0022,0,100,109.834,0,0,-0.3366874,0.03773184,-0.9408603,-0.0434696,0.9975088,0.05555927,0.9406127,0.05960492,-0.3342084,-175.071,-48.12704,-774.079,96.16888,12.91513,-56.00201,112.0334,3.858183,43.22071,-4.995012,0.2184555,2.007491,-0.3657708
2296,0.016679,1,100,0,84.57407,0,100,109.9438,0,0,-0.3051661,0.04618477,-0.9511786,-0.04561401,0.9969679,0.0630424,0.9512061,0.06262547,-0.3021341,-173.4582,-47.90103,-775.0002,97.74094,14.81818,-53.68095,112.4923,6.093421,43.78919,-5.801455,0.3547772,2.033452,-0.4204589
2297,0.016853,1,100,0,93.00057,0,100,110.1186,0,0,-0.2725526,0.05578858,-0.960522,-0.04897124,0.996219,0.07175773,0.9608936,0.0665957,-0.2687901,-171.8024,-47.64414,-775.8906,99.2407,16.0862,-51.12046,112.7865,5.443992,44.57233,-6.512558,0.3049931,2.07183,-0.469948
2298,0.016605,1,100,0,101.3031,0,100,110.1717,0,0,-0.2395122,0.0661891,-0.9686345,-0.05152125,0.9954013,0.08075769,0.9695254,0.06924772,-0.2350007,-170.1465,-47.37117,-776.7244,100.6625,17.13767,-48.39415,112.9984,4.654658,45.51478,-7.152109,0.2452003,2.11792,-0.5140737
2299,0.016679,1,100,0,85.87499,0,100,110.1543,0,0,-0.2054708,0.07743791,-0.9755948,-0.05326031,0.9945025,0.09015591,0.9772129,0.07048488,-0.2002168,-168.4599,-47.08066,-777.5154,102.0239,17.97026,-45.46743,113.1331,3.835684,45.95372,-7.731281,0.1832037,2.140847,-0.5526107
2300,0.016945,1,100,0,94.3475,0,100,110.0691,0,0,-0.1702349,0.08952478,-0.9813284,-0.05423529,0.9935038,0.1000439,0.98391,0.07025361,-0.1642737,-166.7236,-46.77268,-778.2681,103.3279,18.57631,-42.31628,113.1919,3.06887,46.60585,-8.252732,0.1233988,2.17382,-0.5865279
2301,0.016431,1,100,0,102.563,0,100,109.9218,0,0,-0.1353397,0.1018665,-0.9855489,-0.05515058,0.9923842,0.1101465,0.9892633,0.06926079,-0.128691,-165.019,-46.4603,-778.9457,104.5435,19.8738,-39.07767,113.3639,4.301597,47.40094,-8.993676,0.1907638,2.210556,-0.6342672
2302,0.016661,1,100,0,87.15157,0,100,109.8265,0,0,-0.09933776,0.11513,-0.988371,-0.05683077,0.9910062,0.1211488,0.9934296,0.06820453,-0.09190141,-163.271,-46.12529,-779.578,105.6432,20.5626,-35.66935,113.3825,3.707903,47.72498,-9.634475,0.1412043,2.228768,-0.6747146
2303,0.016669,1,100,0,95.48607,0,100,109.6296,0,0,-0.06288205,0.1289741,-0.9896523,-0.05804085,0.989464,0.1326375,0.9963321,0.06578077,-0.05473376,-161.5043,-45.78007,-780.1529,106.6328,20.99469,-32.11923,113.3268,3.119411,48.25736,-10.19691,0.09092639,2.256876,-0.7092198
2304,0.016605,1,100,0,103.7886,0,100,109.3807,0,0,-0.02601003,0.1431905,-0.9893533,-0.05883605,0.9877533,0.1445058,0.9979289,0.06196824,-0.01726672,-159.7287,-45.43041,-780.6661,107.5,21.16959,-28.46182,113.201,2.601267,48.97593,-10.67688,0.04414767,2.293716,-0.7374297
2305,0.017182,1,100,0,87.89522,0,100,109.0806,0,0,0.01264612,0.1581675,-0.9873313,-0.05936182,0.9857876,0.1571599,0.9981565,0.05662232,0.0218555,-157.8771,-45.06701,-781.1329,108.2622,21.09534,-24.56699,113.0012,2.169557,49.19913,-11.08907,0.003291115,2.307457,-0.7593988
2306,0.016307,1,100,0,96.04872,0,100,108.7202,0,0,0.04956404,0.1724627,-0.9837682,-0.05971188,0.9837286,0.1694474,0.9969843,0.05034415,0.05905564,-156.1083,-44.72458,-781.5129,108.8532,20.79327,-20.78017,112.7528,1.882715,49.61541,-11.39709,-0.02842439,2.329887,-0.7740659
2307,0.016683,1,100,0,104.3902,0,100,108.3445,0,0,0.08764435,0.1871012,-0.9784231,-0.0604378,0.9813921,0.1822551,0.9943168,0.0431601,0.09732146,-154.2894,-44.3762,-781.8372,109.3418,21.04521,-16.73813,112.5997,2.723996,50.23055,-11.85829,0.0104054,2.3585,-0.7979788
2308,0.016715,1,100,0,88.92885,0,100,107.9997,0,0,0.1259717,0.2018344,-0.9712847,-0.0623311,0.9787601,0.1953037,0.9900737,0.0359385,0.1358767,-152.4597,-44.02356,-782.0939,109.6817,21.18671,-12.59535,112.4171,3.487976,50.36243,-12.24479,0.04550275,2.364681,-0.8165822
2309,0.016624,1,100,0,97.24084,0,100,107.643,0,0,0.1640244,0.2164614,-0.9624139,-0.06496654,0.9758799,0.2084179,0.9843149,0.02833909,0.1741308,-150.6353,-43.67348,-782.2806,109.8384,20.78736,-8.502355,112.111,3.178508,50.72485,-12.59316,0.0116916,2.385663,-0.8323465
2310,0.016679,1,100,0,105.5803,0,100,107.2241,0,0,0.2022894,0.2309974,-0.9516927,-0.06764437,0.9727583,0.2217322,0.9769865,0.01952258,0.2124044,-148.8031,-43.33017,-782.3994,109.8322,20.15969,-4.364358,111.7522,2.955528,51.29062,-12.85568,-0.01752447,2.416167,-0.8415207
2311,0.017108,1,100,0,89.75545,0,100,106.7711,0,0,0.2415333,0.2455881,-0.9388013,-0.07052898,0.9693291,0.2354285,0.9678258,0.009348895,0.2514463,-146.9249,-42.99008,-782.4498,109.6506,19.29964,-0.1019197,111.3362,2.824629,51.36581,-13.03611,-0.03914938,2.423421,-0.8439741
2312,0.016428,1,100,0,97.96944,0,100,106.2775,0,0,0.2789562,0.2591394,-0.9246784,-0.07352012,0.9658389,0.248495,0.9574852,-0.001336768,0.2884788,-145.1252,-42.6785,-782.429,109.3086,18.28397,3.994953,110.8992,2.794731,51.65622,-13.12312,-0.05446895,2.440505,-0.8399667
2313,0.016625,1,100,0,106.2819,0,100,105.7894,0,0,0.3166619,0.2722496,-0.9086283,-0.07683166,0.9621389,0.2615066,0.9454218,-0.01299774,0.3255901,-143.3106,-42.38107,-782.3397,108.7922,17.08953,8.129286,110.4259,2.847956,52.15555,-13.12943,-0.06526717,2.467395,-0.8297431
2314,0.016945,1,100,0,90.60782,0,100,105.2792,0,0,0.3548003,0.2848723,-0.8904855,-0.0808311,0.95823,0.2743383,0.9314414,-0.02535642,0.3630069,-141.4707,-42.09664,-782.1775,108.1097,16.16131,12.44949,110.0177,3.789786,52.16538,-13.12129,-0.01775743,2.466943,-0.8178465
2315,0.016391,1,100,0,98.80331,0,100,104.8074,0,0,0.3911147,0.2963395,-0.8713278,-0.08573452,0.9543582,0.2860944,0.9163399,-0.03719284,0.39867,-139.703,-41.83755,-781.9509,107.2715,15.08444,16.58099,109.5885,4.367275,52.40117,-13.04989,0.006704829,2.478969,-0.8021824
2316,0.016651,1,100,0,107.1288,0,100,104.3464,0,0,0.4275341,0.3071573,-0.8502171,-0.09143814,0.9503764,0.2973619,0.8993632,-0.04939007,0.4344042,-137.9223,-41.59305,-781.6517,106.2447,13.86848,20.73438,109.1338,4.883329,52.85227,-12.90946,0.02664982,2.501775,-0.7814239
2317,0.016695,1,100,0,91.68594,0,100,103.8747,0,0,0.4634924,0.3170767,-0.8274281,-0.0977628,0.9463832,0.3078984,0.8806915,-0.06181688,0.4696397,-136.1551,-41.36885,-781.2826,105.0387,12.53708,24.84311,108.6622,5.350061,52.83158,-12.70353,0.04667974,2.50226,-0.7565128
2318,0.016678,1,100,0,100.0249,0,100,103.399,0,0,0.4986241,0.3259965,-0.8031814,-0.1045904,0.9424425,0.3175892,0.8604853,-0.07435262,0.5040207,-134.4107,-41.16764,-780.8457,103.6593,11.10723,28.8816,108.1794,5.77606,53.04359,-12.43678,0.06380912,2.514202,-0.7272807
2319,0.016681,1,100,0,84.59502,0,100,102.9284,0,0,0.5329186,0.333863,-0.7775174,-0.1118197,0.9385986,0.3263882,0.8387458,-0.08699659,0.5375292,-132.69,-40.99073,-780.3419,102.1088,9.591077,32.84328,107.6888,6.174332,52.80242,-12.11378,0.08267386,2.504407,-0.6948826
2320,0.01668,1,100,0,92.93501,0,100,102.4632,0,0,0.5661339,0.3406725,-0.750623,-0.1196813,0.9349253,0.3340527,0.8155791,-0.09928305,0.5700651,-130.996,-40.83767,-779.7717,100.4084,8.33658,36.85801,107.284,7.609293,52.80353,-11.823,0.165499,2.500298,-0.6639119
2321,0.016623,1,100,0,101.2465,0,100,102.0748,0,0,0.5982091,0.3464459,-0.7225796,-0.1285664,0.9315268,0.3401895,0.7909595,-0.110605,0.6017891,-129.3371,-40.70602,-779.1371,98.54369,7.077304,40.78391,106.8844,8.770132,53.03575,-11.49121,0.2308702,2.508775,-0.6307907
2322,0.016761,1,100,0,85.74259,0,100,101.7046,0,0,0.6294708,0.3512522,-0.6931007,-0.138263,0.9283916,0.344924,0.7646242,-0.1212894,0.6329606,-127.6966,-40.59446,-778.4318,96.49516,5.805753,44.6586,106.4867,9.736417,52.81211,-11.11778,0.2876825,2.496028,-0.5964535
2323,0.016641,1,100,0,94.0631,0,100,101.3455,0,0,0.6592625,0.3550496,-0.6628069,-0.1483628,0.9255883,0.3482457,0.7371307,-0.1312495,0.6628817,-126.1028,-40.50486,-777.6677,94.29955,4.535198,48.40741,106.0955,10.45589,52.83962,-10.7132,0.3287252,2.496728,-0.560449
2324,0.016657,1,100,0,102.3916,0,100,101.0042,0,0,0.68796,0.3578488,-0.6313916,-0.1586454,0.9230976,0.3503177,0.7081969,-0.1408372,0.6918253,-124.5449,-40.4364,-776.8411,91.9471,3.255509,52.05,105.7075,10.96937,53.0957,-10.27924,0.356658,2.509632,-0.5225099
2325,0.017123,1,100,0,86.55282,0,100,100.6677,0,0,0.7162473,0.3596789,-0.598014,-0.1691547,0.9208692,0.3512637,0.6770348,-0.1504348,0.7204115,-122.985,-40.38819,-775.9291,89.37197,1.931255,55.67065,105.3105,11.31832,52.8783,-9.808495,0.3781848,2.500232,-0.4834307
2326,0.016266,1,100,0,94.68582,0,100,100.3232,0,0,0.7418274,0.3604552,-0.5654771,-0.1789038,0.9190688,0.3511501,0.6462862,-0.1593267,0.7462773,-121.5451,-40.36362,-775.0054,86.78726,0.6655577,58.98663,104.9376,11.49621,52.90842,-9.339224,0.3887196,2.50361,-0.4447164
2327,0.016663,1,100,0,103.0173,0,100,100.0038,0,0,0.7667807,0.3602903,-0.5312611,-0.188905,0.9176314,0.349668,0.6134839,-0.1677608,0.7716827,-120.1144,-40.35702,-774.0029,83.97272,-0.1454015,62.49585,104.6765,13.45512,53.15704,-8.969734,0.5088605,2.506672,-0.4102779
2328,0.016852,1,100,0,87.42921,0,100,99.76727,0,0,0.7905906,0.3592986,-0.4958537,-0.1996116,0.9167473,0.3460194,0.5788969,-0.1745816,0.796492,-118.716,-40.3635,-772.9302,80.96361,-0.8643984,65.94231,104.4234,14.78326,52.94549,-8.584538,0.5935823,2.490439,-0.378219
2329,0.016526,1,100,0,95.69221,0,100,99.54301,0,0,0.812432,0.3576303,-0.4604942,-0.2102027,0.9163368,0.3407957,0.5438467,-0.1800762,0.8196362,-117.3949,-40.38131,-771.8223,77.86576,-1.504595,69.19871,104.1816,15.48348,52.98385,-8.195866,0.6387302,2.489773,-0.3471987
2330,0.016802,1,100,0,104.0932,0,100,99.33574,0,0,0.8332154,0.3552293,-0.4237503,-0.2206169,0.9162756,0.3343162,0.507031,-0.1850709,0.8418245,-116.1049,-40.41006,-770.6418,74.58047,-2.123528,72.36112,103.9369,15.69082,53.25469,-7.794573,0.652827,2.503147,-0.315718
2331,0.016664,1,100,0,88.67902,0,100,99.12297,0,0,0.8523905,0.3521638,-0.3865374,-0.2303072,0.9164897,0.3271165,0.4694561,-0.1898087,0.8623129,-114.8807,-40.44862,-769.4193,71.19547,-2.694058,75.35008,103.7,15.61099,53.06603,-7.411997,0.6524688,2.495303,-0.2874128
2332,0.016651,1,100,0,97.00452,0,100,98.90984,0,0,0.870009,0.3484844,-0.3487738,-0.2392072,0.9169127,0.3194546,0.4311201,-0.1944991,0.8810823,-113.7144,-40.49677,-768.1488,67.70274,-3.282965,78.16032,103.4576,15.19444,53.12248,-7.028656,0.6304467,2.50125,-0.2587862
2333,0.016664,1,100,0,105.3365,0,100,98.69221,0,0,0.8861742,0.3441287,-0.3102752,-0.2471676,0.9174848,0.3116565,0.3919227,-0.1994919,0.8981088,-112.606,-40.55498,-766.8316,64.11187,-3.911946,80.78431,103.2073,14.5547,53.40302,-6.647042,0.5939736,2.519315,-0.2295441
2334,0.016706,1,100,0,89.88347,0,100,98.4604,0,0,0.9008529,0.3391002,-0.2710628,-0.2543477,0.9182707,0.3034573,0.3518115,-0.2044262,0.9134762,-111.556,-40.62135,-765.467,60.32297,-4.091039,83.45319,103.0535,15.35557,53.21813,-6.357278,0.6500053,2.505966,-0.2059506
2335,0.016672,1,100,0,98.21947,0,100,98.29112,0,0,0.9138326,0.3335803,-0.231591,-0.2610414,0.919392,0.2942383,0.3110751,-0.2084297,0.9272487,-110.5717,-40.6906,-764.0617,56.44672,-4.275522,85.93011,102.9004,15.5014,53.27907,-6.07211,0.6645221,2.508021,-0.1835561
2336,0.016822,1,100,0,106.6305,0,100,98.12889,0,0,0.925296,0.3274873,-0.1912576,-0.267074,0.920734,0.2844652,0.2692561,-0.2121346,0.9394149,-109.6444,-40.76367,-762.6031,52.45149,-4.475524,88.23775,102.7477,15.31173,53.56855,-5.787603,0.6575377,2.522899,-0.161122
2337,0.016563,1,100,0,91.30968,0,100,97.96415,0,0,0.9349561,0.3209844,-0.1510837,-0.272199,0.9221802,0.2747571,0.2275192,-0.2157609,0.9495696,-108.7976,-40.83929,-761.1301,48.45949,-4.740861,90.29517,102.5866,14.74695,53.39856,-5.517975,0.630036,2.517097,-0.1417786
2338,0.016819,1,100,0,99.71918,0,100,97.7899,0,0,0.943049,0.313929,-0.1100335,-0.2765443,0.9236906,0.2651776,0.1848839,-0.2196463,0.9579007,-108.0054,-40.92106,-759.6007,44.36047,-5.10003,92.16005,102.4077,13.932,53.47226,-5.257322,0.5861052,2.5244,-0.1222214
2339,0.016939,1,100,0,108.1887,0,100,97.60191,0,0,0.9494823,0.3062973,-0.06830394,-0.2800412,0.9251997,0.2560906,0.1416346,-0.2240255,0.9642366,-107.2774,-41.01011,-758.0301,40.20082,-5.564484,93.80695,102.2096,12.98718,53.77484,-5.010044,0.5333701,2.543432,-0.1023587
2340,0.016438,1,100,0,92.98354,0,100,97.3925,0,0,0.9540553,0.2983657,-0.02750468,-0.282639,0.926625,0.2479549,0.09946775,-0.2287888,0.9683813,-106.6387,-41.10464,-756.4804,36.14427,-6.11941,95.18376,101.999,12.03753,53.61669,-4.786629,0.4828086,2.53988,-0.08535574
2341,0.016694,1,100,0,101.3305,0,100,97.16941,0,0,0.9569758,0.289831,0.0139834,-0.2845753,0.9280239,0.2403931,0.05669645,-0.2340297,0.9705751,-106.0583,-41.21029,-754.8846,31.99791,-6.740761,96.37813,101.7745,11.16274,53.69572,-4.582458,0.4361851,2.547403,-0.068157
2342,0.01673,1,100,0,85.85529,0,91.635,96.93392,0,0,0.9581599,0.2808011,0.05550324,-0.2858922,0.9293799,0.233493,0.0139815,-0.2395916,0.9707734,-105.5466,-41.32722,-753.2667,27.74122,-7.478974,97.32645,101.4788,10.30691,53.1896,-4.394996,0.3938193,2.526198,-0.05401431
2343,0.01663,1,100,0,94.17029,0,83.32,96.66169,0,0,0.9576169,0.2714447,0.09637276,-0.2866813,0.9306746,0.2272857,-0.02799616,-0.2452809,0.9690478,-105.1091,-41.45626,-751.6442,23.43464,-8.312932,98.02175,101.1264,9.494203,52.8189,-4.225585,0.353561,2.51131,-0.04041044
2344,0.016722,1,100,0,102.5313,0,74.959,96.37069,0,0,0.9553852,0.2616324,0.1370678,-0.2869926,0.9319923,0.221417,-0.06981623,-0.250876,0.9654982,-104.7422,-41.59845,-750.0016,18.93077,-8.876395,98.61044,100.8027,9.541215,52.56855,-4.058664,0.3670217,2.498385,-0.02562836
2345,0.016668,1,100,0,87.11339,0,66.625,96.1134,0,0,0.9515202,0.2515197,0.1770508,-0.2868292,0.9334407,0.2154466,-0.1110774,-0.2557851,0.9603308,-104.4518,-41.74993,-748.3558,14.41514,-9.503412,98.9516,100.4467,9.372435,51.7674,-3.912023,0.3693643,2.459441,-0.01541103
2346,0.01667,1,100,0,95.44839,0,58.29,95.85591,0,0,0.9460869,0.2412191,0.2161782,-0.2862623,0.9349566,0.2095476,-0.1515703,-0.260134,0.9536021,-104.2365,-41.91221,-746.7056,9.897761,-10.18978,99.05071,100.0642,9.04773,51.12624,-3.785434,0.3610835,2.428797,-0.006591722
2347,0.01669,1,100,0,103.7934,0,49.945,95.60547,0,0,0.9391271,0.2307271,0.2545685,-0.2853446,0.9364889,0.2038802,-0.1913599,-0.2641092,0.9453188,-104.0963,-42.08644,-745.053,5.399109,-10.92788,98.91415,99.66232,8.623221,50.6321,-3.678627,0.3458173,2.405578,0.001085684
2348,0.016675,1,100,0,88.36901,0,41.6075,95.35839,0,0,0.9307344,0.2200942,0.2920481,-0.2841667,0.9379469,0.1987584,-0.23018,-0.2679816,0.9355229,-104.0302,-42.27566,-743.4062,1.09076,-12.17795,98.38873,99.14552,7.523561,49.60846,-3.491003,0.289783,2.359631,0.01059355
2349,0.016658,1,100,0,96.69801,0,33.2785,95.05731,0,0,0.9210571,0.2093521,0.3283682,-0.2828453,0.9392255,0.1945617,-0.2676799,-0.2720799,0.9242945,-104.0356,-42.4855,-741.7711,-3.158631,-13.42664,97.66045,98.62968,6.621855,48.76617,-3.319782,0.2452141,2.321738,0.0201664
2350,0.017088,1,100,0,105.242,0,24.7345,94.76563,0,0,0.9098612,0.1981766,0.364525,-0.2812045,0.9405371,0.1905619,-0.3050844,-0.2758909,0.9114863,-104.1152,-42.71915,-740.1063,-7.650834,-14.15742,96.92531,98.25214,7.304358,48.07553,-3.160918,0.3004995,2.285645,0.03088337
2351,0.016274,1,100,0,90.18856,0,16.5975,94.58615,0,0,0.8981067,0.1874818,0.3978128,-0.2791076,0.9420445,0.1861484,-0.339858,-0.2782137,0.8983841,-104.2624,-42.95316,-738.5334,-11.84205,-14.81514,96.0564,97.91096,7.689241,46.93248,-3.032565,0.3376876,2.228521,0.03593387
2352,0.016676,1,100,0,74.76326,0,8.259497,94.44194,0,0,0.885156,0.1767064,0.4304343,-0.2765404,0.9437564,0.181244,-0.3741982,-0.2794617,0.8842381,-104.4832,-43.20378,-736.9374,-16.03324,-15.44666,94.97642,97.55093,7.861634,45.28883,-2.924206,0.3625348,2.147785,0.0362017
2353,0.017051,1,100,0,58.99109,0,0,94.29813,0,0,0.8712242,0.166103,0.4619291,-0.2736042,0.9456015,0.1760082,-0.4075653,-0.2797284,0.8692774,-104.7803,-43.47074,-735.3248,-20.20679,-16.06608,93.74065,97.23035,7.843396,43.15981,-2.835833,0.3758839,2.044182,0.0319203
2354,0.016384,1,100,0,43.83588,0,0,94.21635,0,0,0.8574479,0.1564845,0.4901996,-0.2706051,0.9473991,0.1709026,-0.4376711,-0.2791906,0.854691,-105.1323,-43.73708,-733.7957,-24.02342,-16.62753,92.48564,96.99068,7.673669,40.868,-2.77038,0.3785232,1.933272,0.02469507
2355,0.016629,1,100,0,35.52139,0,0,94.20325,0,0,0.8432907,0.1474213,0.5168441,-0.26743,0.949243,0.1655869,-0.4661996,-0.2778575,0.8399127,-105.5525,-44.01557,-732.2646,-27.76773,-16.97883,91.22727,96.85939,7.927546,38.49776,-2.803854,0.4071422,1.817203,0.01069498
2356,0.016691,1,100,0,27.17588,0,0,94.28595,0,0,0.8290757,0.1391522,0.5415444,-0.2640892,0.9511508,0.1599042,-0.4928394,-0.2755887,0.8253246,-106.0359,-44.30072,-730.749,-31.34241,-17.28902,89.9269,96.78896,7.932847,36.07985,-2.850373,0.4188088,1.699597,-0.005051345
2357,0.016659,1,100,0,18.84638,0,0,94.43031,0,0,0.8150511,0.1317685,0.5642065,-0.2607396,0.9530334,0.1540859,-0.517404,-0.2726988,0.8111283,-106.5768,-44.59033,-729.2582,-34.72494,-17.56953,88.60628,96.77594,7.744031,33.63268,-2.906516,0.4169561,1.581235,-0.02187714
2358,0.01666,1,100,0,10.51638,0,0,94.62907,0,0,0.8013476,0.1252751,0.5849346,-0.257496,0.9548367,0.1482671,-0.5399428,-0.2694317,0.7974139,-107.1731,-44.88453,-727.7893,-37.92294,-17.83246,87.27692,96.81635,7.41361,31.15438,-2.969146,0.4050212,1.461918,-0.03932643
2359,0.016722,1,100,0,2.155384,0,0,94.87668,0,0,0.7880664,0.1196593,0.6038485,-0.254447,0.9565266,0.1425255,-0.5605426,-0.265967,0.7842534,-107.8241,-45.18418,-726.3372,-40.94891,-18.08821,85.94775,96.90723,6.98541,28.63799,-3.035193,0.3859181,1.341221,-0.05705592
2360,0.016791,1,100,0,-6.240115,0,0,95.16929,0,0,0.7753908,0.1147105,0.6209755,-0.2516342,0.9580437,0.1372312,-0.5791798,-0.2626665,0.7717234,-108.5268,-45.49361,-724.9028,-43.6363,-19.10545,84.36156,96.88146,5.857471,26.0827,-2.482408,0.3217351,1.223102,-0.03606524
2361,0.016581,1,100,0,-14.53062,0,0,95.39542,0,0,0.7637349,0.1100616,0.6360782,-0.2490794,0.9592963,0.1330796,-0.5955405,-0.2600715,0.7600622,-109.264,-45.81586,-723.5123,-46.10465,-20.09121,82.8512,96.92068,4.816216,23.54018,-1.94623,0.2624456,1.105552,-0.01538628
2362,0.016694,1,100,0,-22.87762,0,0,95.6544,0,0,0.7529517,0.1057668,0.6495206,-0.2464055,0.9605116,0.1292357,-0.6102033,-0.2573537,0.7492804,-110.048,-46.15176,-722.1354,-48.68499,-20.17579,81.7095,97.23031,5.964457,20.95936,-1.887515,0.3423218,0.980136,-0.02362566
2363,0.016668,1,100,0,-31.21162,0,0,96.12338,0,0,0.7431933,0.1022131,0.6612232,-0.2430333,0.962001,0.1244535,-0.6233766,-0.2531922,0.7397938,-110.873,-46.48786,-720.7794,-51.12383,-20.13967,80.64461,97.58486,6.753459,18.36419,-1.834052,0.3986605,0.8547942,-0.03271572
2364,0.017014,1,100,0,-39.71862,0,0,96.629,0,0,0.7343482,0.0993542,0.6714621,-0.2390997,0.9636878,0.1188988,-0.6352667,-0.2478595,0.731438,-111.7562,-46.82976,-719.413,-53.46845,-20.00229,79.63892,97.98634,7.2167,15.69313,-1.782834,0.4338047,0.7265734,-0.04242435
2365,0.016363,1,100,0,-47.90012,0,0,97.17542,0,0,0.7269871,0.09733659,0.6797171,-0.2350566,0.965372,0.1131605,-0.6451653,-0.2420382,0.7246926,-112.6426,-47.15594,-718.1146,-55.57658,-19.79504,78.75795,98.40434,7.365557,13.1187,-1.734549,0.4482315,0.6037052,-0.05170916
2366,0.016653,1,100,0,-56.22662,0,0,97.72254,0,0,0.7206955,0.095993,0.6865737,-0.2308792,0.9670652,0.1071438,-0.6536765,-0.2357336,0.7191224,-113.5792,-47.48414,-716.8074,-57.5747,-19.53223,77.94935,98.85573,7.276883,10.48127,-1.684979,0.4472691,0.4784673,-0.06086588
2367,0.016752,1,100,0,-64.60262,0,0,98.29475,0,0,0.7156456,0.09533568,0.6919268,-0.2267769,0.9686872,0.1010821,-0.6606239,-0.229252,0.7148566,-114.554,-47.8097,-715.5056,-59.43034,-19.23531,77.23153,99.33112,6.995313,7.81497,-1.633128,0.4337991,0.3524219,-0.06953448
2368,0.016623,1,100,0,-72.91412,14.9607,0,98.88031,0,0,0.7120188,0.09527744,0.6956664,-0.2224321,0.9703318,0.09476543,-0.6659982,-0.2222133,0.7120873,-115.5522,-48.12643,-714.2246,-61.28654,-18.68771,76.7256,99.96043,8.465379,4.912189,-1.345977,0.5326908,0.213426,-0.06304608
2369,0.016647,1,100,0,-81.23762,29.943,0,99.60471,0,0,0.7099966,0.09558432,0.697688,-0.2167958,0.9722955,0.08741453,-0.6700035,-0.2133198,0.7110488,-116.5826,-48.43335,-712.9493,-63.1118,-17.93278,76.36892,100.6822,9.946836,1.764388,-0.7975402,0.6327903,0.06399518,-0.04035048
2370,0.016705,1,100,0,-89.59012,44.9775,0,100.4126,0,0,0.7097568,0.09608294,0.6978635,-0.2098878,0.9745048,0.07929349,-0.6724526,-0.2027521,0.7118281,-117.6465,-48.72786,-711.6747,-64.83676,-17.02102,76.17531,101.4702,10.70835,-1.619213,-0.2582406,0.6872824,-0.09517791,-0.01834696
2371,0.016667,1,100,0,-97.92361,59.9778,0,101.2744,0,0,0.7114121,0.09675512,0.6960829,-0.2022593,0.9767591,0.07094456,-0.673041,-0.1912601,0.7144479,-118.736,-49.00595,-710.4053,-66.43814,-16.01126,76.13773,102.31,10.82372,-5.203103,0.2666637,0.7008674,-0.2624696,0.003178906
2372,0.016693,1,100,0,-106.2701,75.0015,0,102.1744,0,0,0.7150508,0.09756953,0.6922302,-0.1943353,0.9789253,0.06276287,-0.671518,-0.1794034,0.7189425,-119.8532,-49.26736,-709.1337,-67.9094,-14.95227,76.25117,103.1964,10.41842,-8.989567,0.7771401,0.6816126,-0.4381508,0.024507
2373,0.01669,1,100,0,-90.83186,90.02249,0,103.1051,0,0,0.720619,0.09844249,0.686307,-0.1864845,0.9809111,0.05510783,-0.6677812,-0.1676973,0.7252211,-120.994,-49.51104,-707.8597,-69.23533,-13.89233,76.5147,104.1203,9.630115,-12.29324,1.2705,0.6371634,-0.5902486,0.04762975
2374,0.016682,1,100,0,-99.17287,100,0,104.0538,0,0,0.7279449,0.09924365,0.6784151,-0.1781326,0.9828663,0.04735667,-0.6620915,-0.1553209,0.7331511,-122.1569,-49.73214,-706.5803,-70.64915,-11.97231,77.06202,105.2292,12.03673,-15.73573,1.771682,0.7972913,-0.7541198,0.07333829
2375,0.016911,1,100,0,-107.6284,100,0,105.1339,0,0,0.7371778,0.09983703,0.6682824,-0.1683009,0.9849834,0.03850156,-0.6544032,-0.1408551,0.7429106,-123.3581,-49.92528,-705.2736,-71.78867,-10.31351,77.67252,106.2685,11.47729,-19.19254,2.347604,0.7678793,-0.9130343,0.1051188
2376,0.016434,1,100,0,-92.42691,100,0,106.1352,0,0,0.7476701,0.1000245,0.6564943,-0.1588832,0.9868234,0.03059544,-0.6447836,-0.1271812,0.7537106,-124.5426,-50.08617,-703.9932,-72.65795,-8.739459,78.39129,107.2415,10.41822,-21.86121,2.882634,0.7050526,-1.034159,0.1374592
2377,0.01668,1,100,0,-100.7669,100,0,107.0445,0,0,0.7595134,0.09971114,0.6428041,-0.1497633,0.9884396,0.02362894,-0.6330169,-0.1142149,0.7656662,-125.7581,-50.22359,-702.6809,-73.28891,-7.232573,79.24522,108.1822,9.066027,-24.59305,3.399742,0.6233969,-1.157716,0.169543
2378,0.016973,1,100,0,-85.06688,91.5135,0,107.8946,0,0,0.7725712,0.0988211,0.6271908,-0.1410795,0.989838,0.01782092,-0.6190562,-0.1022517,0.778662,-127.0039,-50.3384,-701.3303,-73.61977,-5.824314,80.23641,109.049,7.580073,-26.54938,3.897098,0.5315245,-1.244882,0.2026033
2379,0.016486,1,100,0,-93.30988,83.27051,0,108.6474,0,0,0.7858862,0.09732252,0.6106647,-0.1329596,0.9910342,0.01316793,-0.6039081,-0.09154225,0.7917801,-128.2185,-50.42429,-700.0013,-73.76572,-3.979275,81.36867,109.9003,7.421838,-28.37484,4.420233,0.5239377,-1.32828,0.2380268
2380,0.016617,1,100,0,-101.6184,74.96201,0,109.3381,0,0,0.7998287,0.09511711,0.5926439,-0.1246628,0.9921583,0.00900656,-0.5871399,-0.08108437,0.8054143,-129.4432,-50.48196,-698.6425,-73.56677,-2.451559,82.59218,110.6325,6.368742,-30.15385,4.925988,0.4585703,-1.40805,0.2728678
2381,0.016683,1,100,0,-86.1866,66.62051,0,109.9137,0,0,0.8141268,0.09219222,0.5733218,-0.1166048,0.9931609,0.005876951,-0.568859,-0.07163665,0.819309,-130.6677,-50.51534,-697.2573,-73.05129,-1.096219,83.91431,111.2623,5.256175,-31.21177,5.397741,0.3876569,-1.4543,0.3065882
2382,0.016708,1,100,0,-94.5406,58.26651,0,110.3862,0,0,0.828454,0.08855812,0.5530111,-0.1088081,0.9940554,0.003816932,-0.5493857,-0.06333422,0.833165,-131.8837,-50.52714,-695.8474,-72.22492,0.07384147,85.31898,111.7845,4.197824,-32.26732,5.832178,0.3196634,-1.500713,0.3376808
2383,0.01666,1,100,0,-102.8706,49.93651,0,110.7595,0,0,0.8426784,0.08429221,0.5317782,-0.1012541,0.994857,0.002756707,-0.5288108,-0.05616774,0.8468794,-133.0808,-50.52046,-694.4178,-71.10577,1.055556,86.78247,112.1978,3.251425,-33.31413,6.224947,0.2582794,-1.54707,0.365804
2384,0.016691,1,100,0,-87.43143,41.59101,0,111.0365,0,0,0.8567106,0.07941213,0.5096476,-0.0937741,0.9955904,0.002502356,-0.5072016,-0.04993553,0.8603797,-134.2602,-50.49701,-692.9608,-69.74522,2.102283,88.30712,112.5476,2.699826,-33.68899,6.618065,0.2206543,-1.562898,0.3942996
2385,0.016681,1,100,0,-95.77193,33.25051,0,111.2476,0,0,0.8702973,0.07394166,0.4869452,-0.08626076,0.9962686,0.002888918,-0.4849145,-0.04451847,0.8734281,-135.4145,-50.45818,-691.4791,-68.09067,2.779356,89.84224,112.7639,1.932812,-34.11452,6.960192,0.1688632,-1.580941,0.4190815
2386,0.016673,1,100,0,-104.1084,24.91401,0,111.3652,0,0,0.8834159,0.06796543,0.4636345,-0.07877929,0.9968841,0.00397126,-0.4619199,-0.04003307,0.8860176,-136.5393,-50.40894,-689.9725,-66.19447,3.29828,91.38345,112.8872,1.326013,-34.58439,7.253996,0.1269643,-1.601407,0.4402689
2387,0.016678,1,100,0,-88.68128,16.57501,0,111.4118,0,0,0.8959759,0.0615508,0.4398166,-0.07126375,0.9974418,0.005587004,-0.4383475,-0.0363488,0.8980702,-137.6316,-50.35182,-688.4399,-64.07664,3.675047,92.91373,112.926,0.8585073,-34.42952,7.497778,0.09290873,-1.593191,0.4582457
2388,0.016693,1,100,0,-97.02778,8.228509,0,111.3973,0,0,0.9078292,0.05475815,0.4157494,-0.06367112,0.997942,0.007593637,-0.414478,-0.03336496,0.9094474,-138.6884,-50.28907,-686.8804,-61.75874,3.92429,94.41682,112.8897,0.5173821,-34.36809,7.690291,0.06682724,-1.589576,0.4724428
2389,0.017022,1,100,0,-105.5388,0,0,111.3338,0,0,0.9191982,0.04751429,0.3909186,-0.05579831,0.9983936,0.009853065,-0.3898225,-0.03086952,0.9203728,-139.7255,-50.22044,-685.2647,-59.24817,4.242514,95.91394,112.8177,0.4147667,-34.39977,7.887257,0.05583262,-1.590571,0.4865784
2390,0.016346,1,100,0,-90.41873,0,0,111.2419,0,0,0.9294009,0.04029216,0.3668662,-0.04807668,0.9987705,0.01210219,-0.3659275,-0.02888549,0.9301952,-140.6803,-50.15084,-683.6894,-56.73911,4.284266,97.28435,112.7028,0.2009761,-34.01623,8.004668,0.03741678,-1.572347,0.4955178
2391,0.016683,1,100,0,-74.98695,0,0,111.1321,0,0,0.9389746,0.03273152,0.3424259,-0.04011474,0.99909,0.01449944,-0.3416397,-0.02735094,0.9394331,-141.6124,-50.07965,-682.0588,-54.11091,4.229522,98.62402,112.5725,0.06542844,-33.22737,8.071254,0.02366863,-1.535492,0.5011008
2392,0.016743,1,100,0,-59.49968,0,0,111.0214,0,0,0.9476541,0.02501543,0.3183175,-0.03206224,0.9993428,0.01691683,-0.3176851,-0.02623728,0.9478334,-142.5034,-50.00961,-680.4003,-51.42237,4.086147,99.90372,112.4354,-0.001518483,-32.0696,8.083867,0.01427184,-1.48168,0.5031126
2393,0.016601,1,100,0,-51.19918,0,0,110.921,0,0,0.955318,0.01730303,0.2950729,-0.02404879,0.9995254,0.01924753,-0.2945998,-0.02548366,0.9552808,-143.3422,-49.94297,-678.7351,-48.72747,3.86591,101.1042,112.3003,-0.01379421,-30.79011,8.043176,0.008660552,-1.422336,0.5015187
2394,0.016688,1,100,0,-42.85518,0,0,110.8394,0,0,0.9621094,0.009533374,0.2724972,-0.01597585,0.9996428,0.02143341,-0.2721955,-0.02497466,0.9619181,-144.1404,-49.87948,-677.0414,-46.02803,3.677993,102.2493,112.1919,0.1065433,-29.38038,8.009181,0.01184909,-1.357035,0.5002491
2395,0.016678,1,100,0,-34.51618,0,0,110.7922,0,0,0.968024,0.001769209,0.2508514,-0.007882218,0.9996959,0.02336644,-0.2507338,-0.02459654,0.9677435,-144.8932,-49.81953,-675.3301,-43.34062,3.424675,103.3209,112.0953,0.2374222,-27.85989,7.923799,0.016103,-1.28665,0.4956432
2396,0.016691,1,100,0,-26.17068,0,0,110.7709,0,0,0.9731203,-0.005942643,0.2302205,0.0001828335,0.9996866,0.02503192,-0.2302971,-0.02431698,0.9728164,-145.6019,-49.7641,-673.6,-40.68059,3.107661,104.3197,112.0141,0.3670275,-26.23582,7.78668,0.02073199,-1.211505,0.4876985
2397,0.016675,1,100,0,-17.83318,0,0,110.7769,0,0,0.9774472,-0.01353298,0.2107457,0.008133225,0.9996166,0.0264679,-0.2110231,-0.02415693,0.9771825,-146.2657,-49.71478,-671.8553,-38.06851,2.653422,105.2295,111.9352,0.3609929,-24.52073,7.601095,0.0171887,-1.132199,0.4766184
2398,0.016683,1,100,0,-9.491678,0,0,110.7976,0,0,0.9810746,-0.02095809,0.1924931,0.01590489,0.9994883,0.02775932,-0.1929764,-0.02417239,0.9809059,-146.8867,-49.67327,-670.095,-35.52161,2.154709,106.0711,111.8817,0.378,-22.71892,7.368811,0.01568747,-1.048905,0.4625001
2399,0.016671,1,100,0,-1.156178,0,0,110.8485,0,0,0.9840639,-0.02815832,0.1755717,0.02344141,0.999308,0.02888273,-0.1762635,-0.0243068,0.9840431,-147.4792,-49.6403,-668.3035,-35.56828,1.619748,110.2435,115.8505,0.410438,-20.84007,7.092793,0.0157762,-0.9620586,0.4455682
2400,0.016716,1,100,0,7.201821,0,0,114.7143,0,0,0.9864912,-0.03511181,0.1600074,0.0307218,0.9990828,0.02982873,-0.160908,-0.02451007,0.9866651,-148.0727,-49.61642,-666.4377,-35.36756,1.040456,114.3505,119.6995,0.452369,-18.88031,6.775037,0.01709112,-0.8714687,0.4259818
2401,0.016666,1,100,0,15.53482,0,0,118.491,0,0,0.9884092,-0.04173885,0.1459638,0.03766207,0.9988226,0.03058412,-0.1470685,-0.02473232,0.9888173,-148.6599,-49.60245,-664.5096,-34.97336,0.4311356,118.3598,123.4195,0.5073805,-16.85859,6.423057,0.01987598,-0.7779949,0.4042366
2402,0.016691,1,100,0,23.88032,0,15.0219,122.1691,0,0,0.9898816,-0.04803831,0.1335179,0.04425708,0.9985347,0.03114676,-0.1348185,-0.0249225,0.9905571,-149.2411,-49.59877,-662.512,-34.49564,-0.2053982,122.3337,127.1044,0.5627578,-14.46478,6.036251,0.02356775,-0.6672647,0.3804488
2403,0.01687,1,100,0,32.31532,0,30.2049,125.8343,0,0,0.990949,-0.0540385,0.1228819,0.05052649,0.9982252,0.03152144,-0.1243672,-0.02502734,0.9919207,-149.82,-49.60593,-660.4258,-33.96632,-0.8657113,126.3074,130.7977,0.6148934,-11.67937,5.614175,0.02803097,-0.5383611,0.3546091
2404,0.016489,1,100,0,40.55982,0,45.045,129.5329,0,0,0.9916156,-0.05959553,0.1146599,0.056296,0.9979073,0.03180553,-0.1163155,-0.02508396,0.9928954,-150.3766,-49.6241,-658.3234,-33.32009,-1.579272,129.9027,134.1173,0.39611,-8.626813,5.3752,0.01608816,-0.3972164,0.3406478
2405,0.016796,1,100,0,48.95782,0,60.1614,132.8951,0,0,0.9919382,-0.06506931,0.1087409,0.06190651,0.9975618,0.03221629,-0.1105721,-0.02522479,0.9935479,-150.9319,-49.65479,-656.1225,-32.54533,-2.326161,133.3088,137.2437,0.1909974,-5.177341,5.100668,0.006095887,-0.2376344,0.3245828
2406,0.016796,1,100,0,57.35582,0,75.2778,136.1059,0,0,0.9919229,-0.07031177,0.1055715,0.06719797,0.9972014,0.03277199,-0.1075803,-0.02541309,0.9938717,-151.4738,-49.69854,-653.8659,-31.7047,-3.163936,136.4472,140.1179,-0.1243595,-1.407054,4.742458,-0.009868409,-0.06329655,0.3033183
2407,0.016518,1,100,0,65.61482,0,90.144,139.1022,0,0,0.9915829,-0.07522006,0.1053828,0.07205828,0.9968378,0.03350108,-0.1075695,-0.02562539,0.9938675,-151.9931,-49.755,-651.5963,-30.89585,-3.929644,139.3111,142.75,-0.3430929,2.593189,4.468617,-0.01864965,0.1219213,0.2875889
2408,0.016762,1,100,0,73.99582,0,100,141.8809,0,0,0.990889,-0.08000858,0.1083413,0.07670174,0.996462,0.03435994,-0.110707,-0.02573693,0.99352,-152.5065,-49.82513,-649.2463,-30.09892,-4.69358,141.9649,145.1965,-0.5569939,6.824544,4.167435,-0.02610586,0.3179223,0.2702308
2409,0.016641,1,100,0,82.31632,0,100,144.4979,0,0,0.9898196,-0.08454971,0.1144937,0.08099954,0.9960883,0.03532108,-0.1170322,-0.02568756,0.9927962,-153.0032,-49.90728,-646.8709,-29.35907,-5.424701,144.3109,147.367,-0.7643288,10.94373,3.84795,-0.0326355,0.508783,0.251633
2410,0.016751,1,100,0,90.69183,0,100,146.8466,0,0,0.9883125,-0.0888824,0.1238476,0.08498808,0.9957172,0.03639111,-0.1265518,-0.02544021,0.9916338,-153.4983,-50.00203,-644.4335,-29.95065,-6.121009,147.9094,151.0355,-0.9699841,15.01389,3.508961,-0.03852325,0.6974273,0.2317026
2411,0.01657,1,100,0,98.97682,0,100,150.618,0,0,0.9863211,-0.09289339,0.136168,0.08855572,0.9953619,0.03758721,-0.1390281,-0.02501461,0.9899727,-153.9987,-50.10738,-641.9635,-30.70492,-6.831307,151.3748,154.6086,-1.302122,18.99062,3.115287,-0.05213217,0.8815621,0.2081341
2412,0.016634,1,100,0,107.2938,0,100,154.2967,0,0,0.9837196,-0.09659464,0.1515433,0.09169629,0.9950231,0.0390017,-0.1545565,-0.02447077,0.9876811,-154.514,-50.22477,-639.428,-31.51981,-7.510288,154.545,157.9052,-1.628931,22.94009,2.711766,-0.06500246,1.064486,0.1838137
2413,0.016689,1,100,0,91.8565,0,100,157.6965,0,0,0.9803978,-0.09998913,0.1697717,0.0944193,0.9947047,0.04059092,-0.1729314,-0.02376552,0.9846472,-155.0453,-50.35334,-636.8329,-32.4763,-8.091161,157.4152,160.9339,-1.842533,26.19122,2.386327,-0.07150022,1.215224,0.1640448
2414,0.016906,1,100,0,100.3095,0,100,160.8069,0,0,0.9762156,-0.103135,0.1906992,0.09679375,0.9944052,0.0422991,-0.1939948,-0.02283455,0.9807367,-155.6007,-50.49292,-634.1572,-33.61967,-8.587264,159.984,163.7037,-2.051881,29.49589,2.050704,-0.07736502,1.368494,0.1434441
2415,0.016467,1,100,0,85.07753,0,100,163.6203,0,0,0.9712338,-0.1058921,0.2132883,0.09871822,0.9941406,0.0440397,-0.216702,-0.0217174,0.9759964,-156.1616,-50.63639,-631.5109,-34.94934,-8.963607,162.1461,166.1119,-2.242451,32.0609,1.721937,-0.08327353,1.48743,0.1227792
2416,0.01676,1,100,0,93.45753,0,100,166.0222,0,0,0.9651687,-0.1083647,0.2381314,0.1002729,0.993902,0.04587221,-0.2416502,-0.0203963,0.9701491,-156.7561,-50.78812,-628.783,-36.53523,-9.231641,163.9823,168.2565,-2.42778,34.72596,1.386546,-0.08857883,1.611046,0.1014969
2417,0.016944,1,100,0,101.9295,0,100,168.1043,0,0,0.9578577,-0.1105114,0.2651341,0.1014106,0.9936951,0.04781619,-0.2687466,-0.01891371,0.9630256,-157.3857,-50.94603,-625.9963,-38.40024,-9.49546,165.4245,170.0882,-2.771797,37.46365,1.054798,-0.1038635,1.737747,0.08024473
2418,0.016378,1,100,0,86.77988,0,100,169.8075,0,0,0.9495451,-0.1122403,0.2928585,0.10206,0.9935277,0.04986453,-0.2965598,-0.01745949,0.9548546,-158.0259,-51.10248,-623.2814,-40.46934,-9.665751,166.4236,171.546,-3.078847,39.48994,0.7401043,-0.1182882,1.831425,0.05973963
2419,0.016762,1,100,0,95.16087,0,100,171.0807,0,0,0.9397191,-0.1136554,0.3225068,0.102272,0.9933921,0.05208398,-0.3262953,-0.01596089,0.9451333,-159.4924,-51.18185,-621.1601,-80.71356,-5.147403,126.7203,172.7061,-7.406608,60.26316,7.171127,-0.352183,2.791229,0.4769509
2420,0.016764,1,100,0,103.5429,0,100,146.1862,0,0,0.9225619,-0.1222088,0.3659845,0.107555,0.9923719,0.06024973,-0.3705557,-0.01622065,0.9286686,-160.9813,-51.25583,-619.1547,-82.13698,-4.825445,118.0192,151.0797,-8.458791,63.25887,7.904522,-0.403683,2.929764,0.5250577
2421,0.016608,1,100,0,88.18048,0,100,140.1153,0,0,0.9025387,-0.1315012,0.4100381,0.1127822,0.991177,0.06962933,-0.4155767,-0.01659815,0.9094067,-162.3868,-51.33335,-617.2287,-79.62518,-4.89307,113.5228,144.7935,-8.960484,63.37164,7.836454,-0.4248874,2.935192,0.5211623
2422,0.016692,1,100,0,96.52648,0,100,136.41,0,0,0.8801436,-0.1407664,0.4533564,0.1173467,0.9899002,0.07954603,-0.459975,-0.01681204,0.8877728,-163.741,-51.41414,-615.3493,-76.82758,-4.979181,110.2815,140.1076,-9.237875,63.05401,7.508004,-0.4328088,2.92103,0.5002671
2423,0.0167,1,100,0,104.8765,0,100,133.3274,0,0,0.8556908,-0.1496751,0.495369,0.1210624,0.9885944,0.08958174,-0.5031272,-0.01668372,0.8640511,-165.0459,-51.4963,-613.5168,-74.394,-4.957677,107.5736,136.2037,-9.326518,62.65083,7.066963,-0.429408,2.9033,0.4717391
2424,0.016687,1,100,0,89.441,0,100,130.4614,0,0,0.8294449,-0.1580547,0.5357609,0.1238906,0.9872986,0.09945994,-0.5446762,-0.01612081,0.8384913,-166.308,-51.57778,-611.7271,-72.4171,-4.828291,105.1299,132.8217,-9.317947,61.59095,6.517486,-0.4223478,2.855066,0.4355886
2425,0.01667,1,100,0,97.776,0,100,127.6722,0,0,0.8017417,-0.1657583,0.574225,0.1258002,0.9860499,0.1089934,-0.5842811,-0.0151469,0.8114097,-167.5362,-51.65642,-609.9785,-70.88513,-4.583265,102.7863,129.8077,-9.239701,60.64474,5.883676,-0.4115626,2.812214,0.3936336
2426,0.0167,1,100,0,106.126,0,100,124.8881,0,0,0.7726177,-0.1726973,0.6109318,0.1268022,0.9848792,0.1180431,-0.6220797,-0.01373472,0.7828335,-168.7361,-51.73125,-608.2603,-69.495,-4.267523,100.6735,127.0463,-9.104541,59.67287,5.13297,-0.3983105,2.76818,0.3437382
2427,0.016679,1,100,0,90.69792,0,91.6605,122.1006,0,0,0.742475,-0.1787105,0.6455954,0.1269039,0.9838295,0.1263914,-0.6577433,-0.01191392,0.7531479,-170.1705,-51.76933,-606.8055,-69.17371,-3.260107,91.9547,124.4477,-7.420995,54.62592,5.533631,-0.300689,2.538098,0.3663802
2428,0.017033,1,100,0,99.21442,0,83.144,114.7929,0,0,0.7126312,-0.185027,0.6766991,0.1279302,0.982693,0.1339705,-0.6897756,-0.008901268,0.7239683,-171.5369,-51.8023,-605.399,-77.29452,-1.705379,79.97304,115.5852,-5.741148,47.14957,3.256902,-0.2119766,2.193578,0.2162453
2429,0.016409,1,100,0,107.4189,0,74.9395,111.229,0,0,0.6868474,-0.1885222,0.701926,0.127887,0.9820539,0.1386187,-0.7154619,-0.005442664,0.6986308,-172.87,-51.82249,-604.1387,-77.40282,-1.213213,75.2366,111.8215,-4.698406,44.84699,2.080449,-0.1504066,2.089363,0.1377
2430,0.016664,1,100,0,92.00472,0,66.6075,107.948,0,0,0.6612715,-0.19063,0.7255207,0.1274873,0.9816613,0.1417332,-0.7392341,-0.001229443,0.6734475,-174.1751,-51.84044,-602.8936,-75.59408,-0.9367466,72.37778,108.5682,-3.934408,43.39539,1.202676,-0.1050701,2.024042,0.07803534
2431,0.017018,1,100,0,100.5137,0,58.0985,104.6255,0,0,0.6352619,-0.1916187,0.7481475,0.1268514,0.9814628,0.1436652,-0.7618079,0.003638543,0.647793,-175.4648,-51.85514,-601.66,-76.1835,-0.7158491,72.68673,105.2986,-3.854089,43.50082,0.4672606,-0.09886686,2.029441,0.02713425
2432,0.016401,1,100,0,85.3428,0,49.898,105.1205,0,0,0.6096228,-0.1916097,0.7691854,0.1257474,0.9814352,0.1448208,-0.7826546,0.008437037,0.6223997,-176.7192,-51.86499,-600.4688,-77.0779,-0.3699029,72.52367,105.8339,-3.738231,43.0332,-0.2146854,-0.09310393,2.007977,-0.02021547
2433,0.016694,1,100,0,93.6898,0,41.551,105.461,0,0,0.5831934,-0.1906671,0.7896402,0.124181,0.9815644,0.1452947,-0.8027856,0.01332336,0.5961191,-178.0124,-51.86872,-599.2612,-78.23523,0.07101797,71.92973,106.2763,-3.668061,42.6818,-0.8878947,-0.09057043,1.991755,-0.06701753
2434,0.016714,1,100,0,78.22935,0,33.194,105.6858,0,0,0.55651,-0.1888111,0.8091026,0.1221664,0.9818467,0.1450949,-0.8218102,0.0180984,0.5694739,-179.327,-51.86481,-598.0648,-79.48892,0.5620753,70.86237,106.4908,-3.662796,41.77604,-1.532671,-0.09466911,1.949232,-0.1116774
2435,0.016782,1,100,0,62.70601,0,24.803,105.6893,0,0,0.5298995,-0.1860875,0.8273923,0.1196847,0.9822738,0.1442702,-0.8395727,0.02257746,0.5427782,-180.669,-51.8524,-596.8834,-80.90531,1.093736,69.44991,106.6309,-3.66655,40.35427,-2.149478,-0.1015986,1.882416,-0.1539724
2436,0.016681,1,100,0,54.36551,0,16.4625,105.6465,0,0,0.5039797,-0.1825956,0.8441939,0.1167911,0.9828284,0.1428579,-0.8557829,0.02659685,0.5166511,-182.0273,-51.83112,-595.7341,-82.46871,1.63967,67.78249,106.7626,-3.660943,38.67807,-2.728295,-0.1091488,1.803671,-0.1931696
2437,0.016673,1,100,0,46.02901,0,8.125999,105.6388,0,0,0.4788447,-0.1784006,0.8595818,0.1135252,0.9834967,0.1408771,-0.8705284,0.03012597,0.4911952,-183.4112,-51.80076,-594.6146,-84.06882,2.180992,65.85261,106.8124,-3.635077,36.76248,-3.26921,-0.1164222,1.713762,-0.229248
2438,0.016687,1,100,0,37.68551,0,0,105.5965,0,0,0.4546916,-0.1735784,0.873571,0.1099564,0.9842621,0.1383406,-0.8838358,0.03315241,0.4666217,-184.823,-51.76134,-593.5276,-85.67185,2.723108,63.71412,106.8015,-3.537052,34.62925,-3.767902,-0.1198803,1.613891,-0.2619343
2439,0.016797,1,100,0,29.28701,0,0,105.5405,0,0,0.4315732,-0.1681763,0.8862627,0.1061575,0.9851098,0.1352391,-0.89581,0.03571781,0.4430001,-186.271,-51.71273,-592.4698,-87.25473,3.231871,61.46556,106.7794,-3.405534,32.4264,-4.228716,-0.1213866,1.510892,-0.2916486
2440,0.016564,1,100,0,21.00501,0,0,105.5083,0,0,0.4100537,-0.1623822,0.89749,0.1022758,0.9860038,0.1316682,-0.9063091,0.03780044,0.4209222,-187.7247,-51.65668,-591.4642,-88.76926,3.684741,59.19087,106.7573,-3.25314,30.20901,-4.638241,-0.1213927,1.40732,-0.3176025
2441,0.01662,1,100,0,12.69501,0,0,105.5064,0,0,0.3898198,-0.1561768,0.9075512,0.09830731,0.98694,0.1276126,-0.9156287,0.03947299,0.4000821,-189.2082,-51.59321,-590.4932,-90.23153,4.085237,56.88479,106.7441,-3.078475,27.93982,-5.002956,-0.1198686,1.301441,-0.3402766
2442,0.017078,1,100,0,4.156009,0,0,105.5384,0,0,0.3705234,-0.1494689,0.9167177,0.09421103,0.9879246,0.1230003,-0.9240327,0.04079041,0.3801309,-190.7574,-51.52144,-589.535,-91.66734,4.433431,54.51887,106.7467,-2.883885,25.56093,-5.324207,-0.1170885,1.19054,-0.3597863
2443,0.016297,1,100,0,-3.992491,0,0,105.6088,0,0,0.3536121,-0.1428209,0.9244246,0.09032997,0.9888699,0.1182244,-0.9310206,0.04169769,0.3625773,-192.2584,-51.44769,-588.6586,-92.96954,4.707676,52.29606,106.7725,-2.679174,23.26597,-5.582032,-0.1128526,1.08366,-0.3750114
2444,0.016631,1,100,0,-12.30799,0,0,105.7142,0,0,0.3379051,-0.135857,0.9313233,0.08644599,0.9898245,0.1130263,-0.937202,0.04231701,0.3462111,-193.8116,-51.36813,-587.8011,-94.22909,4.931596,50.08266,106.8256,-2.455568,20.88705,-5.797356,-0.1071816,0.9729674,-0.3872662
2445,0.016812,1,100,0,-20.71399,15.1308,0,105.8596,0,0,0.3237464,-0.1286966,0.9373502,0.08264239,0.9907657,0.1074871,-0.9425277,0.04266632,0.3313926,-195.4028,-51.28419,-586.9708,-95.46802,5.112819,47.98786,106.9725,-2.189665,18.1804,-5.973741,-0.09902438,0.8471609,-0.396634
2446,0.01654,1,100,0,-28.98399,30.0168,0,106.1022,0,0,0.3117482,-0.1215991,0.9423517,0.07906036,0.9916576,0.1018067,-0.9468699,0.0427646,0.3187611,-196.9884,-51.19889,-586.1876,-96.65793,5.241799,46.06819,107.2031,-1.921537,15.25494,-6.098486,-0.09047969,0.7112392,-0.4024253
2447,0.016734,1,100,0,-37.35099,45.0774,0,106.4314,0,0,0.3017678,-0.1144341,0.9464889,0.0756156,0.9925157,0.09589047,-0.9503782,0.04263267,0.3081623,-198.6125,-51.11068,-585.4267,-97.83911,5.328463,44.27461,107.5227,-1.645776,12.04018,-6.176781,-0.08130144,0.5619382,-0.404961
2448,0.016626,1,100,0,-45.66399,60.0408,0,106.8551,0,0,0.2942109,-0.1073953,0.9496875,0.07237931,0.9933168,0.08990614,-0.952996,0.04228636,0.3000178,-200.2455,-51.02185,-584.6996,-98.99297,5.368781,42.6489,107.9229,-1.386174,8.617866,-6.206896,-0.07270474,0.4030286,-0.4042377
2449,0.016686,1,100,0,-54.00699,75.0582,0,107.3624,0,0,0.2891703,-0.1004718,0.9519906,0.06931633,0.9940641,0.08385708,-0.954765,0.04173952,0.2944181,-201.9037,-50.93221,-583.996,-100.1361,5.375192,41.18461,108.4081,-1.124628,4.966468,-6.191332,-0.06351933,0.2335498,-0.4004415
2450,0.016699,1,100,0,-62.35649,90.0873,0,107.9563,0,0,0.2868464,-0.09373964,0.9533793,0.06644252,0.9947512,0.07781669,-0.9556697,0.04102348,0.2915691,-203.5822,-50.84256,-583.3154,-101.2677,5.353175,39.89759,108.9753,-0.8656004,1.110413,-6.131282,-0.05392788,0.05463274,-0.3937133
2451,0.016643,1,100,0,-70.67799,100,0,108.631,0,0,0.2873684,-0.08727539,0.9538357,0.0637711,0.9953739,0.07186336,-0.9556951,0.04017589,0.2916046,-205.2737,-50.75371,-582.6576,-102.3681,5.308264,38.79308,109.6006,-0.6142355,-2.827748,-6.028957,-0.04404131,-0.1280365,-0.3843232
2452,0.016693,1,100,0,-79.02448,100,0,109.3582,0,0,0.2907581,-0.08107318,0.9533556,0.06129836,0.9959351,0.06599912,-0.9548311,0.03924936,0.2945458,-206.9883,-50.66534,-582.0152,-103.4117,5.263617,37.86753,110.2526,-0.3296342,-6.689231,-5.897172,-0.03104329,-0.3070225,-0.3732242
2453,0.016902,1,100,0,-87.47548,100,0,110.101,0,0,0.297037,-0.07510483,0.9519079,0.05901212,0.9964404,0.06020405,-0.9530411,0.03829127,0.3004118,-208.7417,-50.57679,-581.3793,-104.3976,5.187517,37.13159,110.9258,-0.1118022,-10.51862,-5.723433,-0.02146545,-0.4845652,-0.3595957
2454,0.016407,1,100,0,-95.67898,100,0,110.8486,0,0,0.3058175,-0.06964315,0.9495397,0.05696179,0.9968731,0.05476914,-0.9503849,0.03733812,0.3088282,-210.4594,-50.49215,-580.7729,-105.2811,5.102325,36.63648,111.5902,0.07925728,-14.15373,-5.518927,-0.01267858,-0.6530837,-0.3442542
2455,0.016671,1,100,0,-104.0145,100,0,111.5624,0,0,0.3173477,-0.06445322,0.9461164,0.05503595,0.9972578,0.04947694,-0.9467109,0.03636902,0.3200247,-212.2191,-50.4076,-580.1636,-106.0988,5.008525,36.36516,112.2696,0.2490361,-17.78341,-5.278319,-0.004628184,-0.8213471,-0.3267312
2456,0.016894,1,100,0,-88.38753,100,0,112.2647,0,0,0.3314735,-0.05947226,0.9415883,0.05309733,0.9976054,0.04431819,-0.9419693,0.03530552,0.3338376,-214.0154,-50.32438,-579.5493,-106.7921,4.760741,36.37904,112.9188,0.09223471,-20.71597,-5.302541,-0.01617663,-0.9574147,-0.3267898
2457,0.016427,1,100,0,-96.60103,100,0,112.9077,0,0,0.3472013,-0.05469709,0.9361943,0.05096921,0.997923,0.03940091,-0.9364049,0.03403704,0.349268,-215.7729,-50.24767,-578.9503,-107.3714,4.48708,36.63721,113.5387,-0.03474857,-23.55797,-5.290433,-0.02529734,-1.089222,-0.3247698
2458,0.016679,1,100,0,-104.9405,100,0,113.492,0,0,0.3651149,-0.04994106,0.929622,0.04860108,0.998221,0.03453795,-0.9296931,0.03257032,0.3668926,-217.5665,-50.17449,-578.3364,-107.857,4.187725,37.14229,114.15,-0.1370443,-26.4442,-5.24626,-0.03240433,-1.223027,-0.3208886
2459,0.016745,1,100,0,-89.4514,100,0,114.0375,0,0,0.3848596,-0.04527423,0.921864,0.04605063,0.9984941,0.02981245,-0.9218256,0.03097881,0.386365,-219.3746,-50.10615,-577.7103,-108.2291,3.869052,37.89539,114.737,-0.2246318,-28.66776,-5.168895,-0.03759596,-1.326082,-0.3154604
2460,0.016605,1,100,0,-97.7539,100,0,114.5297,0,0,0.4058229,-0.04076279,0.9130422,0.04338294,0.9987379,0.02530611,-0.9129214,0.02934066,0.4070791,-221.1732,-50.04372,-577.0756,-108.4729,3.541885,38.88219,115.2855,-0.3014015,-30.92218,-5.060949,-0.04183486,-1.43055,-0.3082066
2461,0.016682,1,100,0,-106.0949,100,0,114.9593,0,0,0.4282428,-0.03637195,0.9029316,0.04058893,0.9989556,0.02098946,-0.902752,0.02766044,0.4292719,-222.9834,-49.98649,-576.4203,-108.5837,3.208811,40.10248,115.7969,-0.3709045,-33.23436,-4.923154,-0.04535634,-1.537682,-0.2991663
2462,0.016656,1,100,0,-90.6881,100,0,115.3277,0,0,0.4517997,-0.03214629,0.8915401,0.03770283,0.9991458,0.01691983,-0.8913224,0.02596921,0.4526258,-224.7918,-49.93494,-575.7444,-108.5473,2.86729,41.53928,116.2594,-0.460837,-34.91991,-4.758889,-0.04957364,-1.61579,-0.2888642
2463,0.016679,1,100,0,-99.0276,100,0,115.6269,0,0,0.4762283,-0.02808307,0.8788732,0.03472743,0.999311,0.01311399,-0.8786359,0.02427575,0.4768754,-226.6013,-49.889,-575.0424,-108.3566,2.529828,43.18536,116.6727,-0.5451722,-36.70065,-4.569109,-0.05333368,-1.698304,-0.2769875
2464,0.016676,1,100,0,-107.3656,100,0,115.8614,0,0,0.5014832,-0.02421009,0.8648286,0.03170289,0.9994513,0.009595355,-0.8645863,0.02260566,0.5019755,-228.4064,-49.84857,-574.312,-108.0052,2.216084,45.02456,117.0352,-0.5925812,-38.56516,-4.360882,-0.05463745,-1.78468,-0.263985
2465,0.016673,1,100,0,-91.94308,100,0,116.0312,0,0,0.5273926,-0.02054055,0.8493735,0.02867341,0.9995687,0.006368871,-0.849138,0.02099554,0.5277541,-230.2043,-49.81327,-573.55,-107.4832,1.920828,47.03884,117.3413,-0.6407747,-39.83994,-4.130998,-0.05566663,-1.843745,-0.2498821
2466,0.016683,1,100,0,-100.2846,100,0,116.1333,0,0,0.5536681,-0.0170836,0.8325621,0.02566049,0.9996647,0.003447766,-0.8323418,0.01945503,0.5539209,-231.9937,-49.78275,-572.7532,-106.7828,1.647606,49.21313,117.5892,-0.6912003,-41.24007,-3.881459,-0.05686722,-1.908621,-0.2344974
2467,0.016988,1,100,0,-84.57068,100,0,116.172,0,0,0.5806357,-0.01379906,0.8140467,0.02262183,0.9997441,0.0008113617,-0.8138496,0.01794412,0.5807993,-233.8027,-49.75629,-571.9037,-105.8797,1.379028,51.56708,117.7777,-0.78366,-42.0946,-3.613802,-0.06058779,-1.948247,-0.2181798
2468,0.016366,1,100,0,-92.75368,100,0,116.145,0,0,0.6065543,-0.01086879,0.7949679,0.01972591,0.9998046,-0.001381396,-0.7947975,0.01651935,0.6066501,-235.5299,-49.73502,-571.0468,-104.8267,1.142352,53.9539,117.9024,-0.8713768,-43.06853,-3.341254,-0.06419948,-1.993399,-0.2014939
2469,0.016682,1,100,0,-101.0947,100,0,116.066,0,0,0.6329303,-0.008130646,0.7741662,0.0168425,0.999853,-0.003268908,-0.7740257,0.01510788,0.6329742,-237.2717,-49.7171,-570.1326,-103.5722,0.9389098,56.48432,117.977,-0.9160757,-44.20892,-3.0543,-0.06512742,-2.046253,-0.1838773
2470,0.016835,1,100,0,-85.52231,91.5825,0,115.9349,0,0,0.6593459,-0.00563067,0.7518187,0.01405048,0.9998897,-0.004833716,-0.7517086,0.01375051,0.6593523,-239.0069,-49.70229,-569.1667,-102.0404,0.7626776,59.15522,117.9498,-0.9670756,-44.65344,-2.754024,-0.06647155,-2.066888,-0.1655912
2471,0.016461,1,100,0,-93.75281,83.352,0,115.7193,0,0,0.6846532,-0.003448039,0.728861,0.01145559,0.9999164,-0.006030449,-0.7287793,0.0124783,0.6846355,-240.6771,-49.69053,-568.1782,-100.2877,0.6183716,61.85395,117.83,-1.021361,-45.11616,-2.452108,-0.06824314,-2.088364,-0.1471488
2472,0.016683,1,100,0,-102.0943,75.0105,0,115.4427,0,0,0.7097367,-0.001504492,0.7044656,0.008967267,0.9999362,-0.006898848,-0.7044103,0.0112135,0.7097049,-242.3391,-49.68102,-567.1306,-98.25777,0.4756774,64.64375,117.6165,-1.123198,-45.61327,-2.148521,-0.07322247,-2.111432,-0.1286069
2473,0.016679,1,100,0,-86.66623,66.671,0,115.0971,0,0,0.7340883,0.0001717415,0.6790541,0.006617722,0.9999508,-0.007406957,-0.6790219,0.009931151,0.734051,-243.9654,-49.67378,-566.0367,-95.98666,0.3514477,67.46127,117.3226,-1.22111,-45.47009,-1.841622,-0.07813743,-2.104848,-0.1100027
2474,0.016695,1,100,0,-95.01373,58.3235,0,114.7005,0,0,0.7574893,0.001585386,0.6528456,0.004428333,0.9999616,-0.007566474,-0.6528326,0.008622541,0.7574532,-245.5542,-49.66852,-564.8947,-93.48444,0.2431224,70.28229,116.9573,-1.313284,-45.40701,-1.533153,-0.08290301,-2.101967,-0.09129991
2475,0.016652,1,100,0,-103.3397,49.9975,0,114.2673,0,0,0.7798771,0.002731604,0.625927,0.002430375,0.9999699,-0.0073921,-0.6259283,0.007286166,0.779847,-247.096,-49.66499,-563.7088,-90.77858,0.1485838,73.06879,116.5325,-1.397631,-45.41848,-1.226281,-0.08738239,-2.10253,-0.07270916
2476,0.016637,1,100,0,-87.95051,41.679,0,113.8044,0,0,0.8012016,0.003617793,0.5983835,0.0006409134,0.999976,-0.006903945,-0.5983941,0.005914965,0.8011801,-248.5904,-49.66299,-562.4779,-87.88265,0.06466666,75.80176,116.0572,-1.473539,-44.83679,-0.9225004,-0.09156913,-2.075624,-0.05440772
2477,0.016686,1,100,0,-96.29351,33.336,0,113.3197,0,0,0.8213729,0.004253749,0.5703759,-0.0009275386,0.9999809,-0.006121951,-0.570391,0.004499359,0.8213611,-250.0398,-49.66234,-561.1981,-84.80437,-0.01199139,78.47027,115.5394,-1.538494,-44.37434,-0.6224676,-0.09526016,-2.054232,-0.03634332
2478,0.016975,1,100,0,-104.781,24.8485,0,112.824,0,0,0.8407073,0.004649585,0.5414698,-0.00226341,0.9999845,-0.005072577,-0.541485,0.003038984,0.8407048,-251.4609,-49.66283,-559.851,-81.51814,-0.06279395,81.09408,114.9846,-1.534115,-44.01986,-0.3306944,-0.09469587,-2.037836,-0.01881404
2479,0.016385,1,100,0,-89.62489,16.656,0,112.3168,0,0,0.8581996,0.004798551,0.5132937,-0.003272648,0.9999871,-0.003876737,-0.5133057,0.001647184,0.8582042,-252.7787,-49.66408,-558.5089,-78.22284,-0.1042495,83.51821,114.4295,-1.526566,-43.13711,-0.0562486,-0.0941707,-1.996976,-0.002339319
2480,0.016728,1,100,0,-74.15148,8.291998,0,111.8277,0,0,0.8746868,0.004723908,0.4846657,-0.00401736,0.9999889,-0.00249641,-0.4846721,0.0002365006,0.874696,-254.0679,-49.66602,-557.0987,-74.7338,-0.1403386,85.84553,113.8183,-1.508345,-41.71778,0.215784,-0.09317946,-1.93127,0.01400829
2481,0.016928,1,100,0,-58.49308,0,0,111.3101,0,0,0.889834,0.004420205,0.456263,-0.004473207,0.9999896,-0.0009638026,-0.4562625,-0.001183335,0.8898445,-255.3128,-49.6686,-555.6327,-71.13952,-0.1759166,88.09041,113.2289,-1.482817,-39.80052,0.4807234,-0.09191955,-1.842505,0.02997647
2482,0.016401,1,100,0,-50.29258,0,0,110.8453,0,0,0.9030063,0.003916847,0.4296095,-0.004639953,0.999989,0.0006356996,-0.4296023,-0.002567409,0.9030146,-256.4608,-49.67183,-554.1768,-67.69453,-0.2403685,90.11289,112.7073,-1.487693,-37.87581,0.7077515,-0.09272313,-1.753389,0.04363602
2483,0.016695,1,100,0,-41.94508,0,0,110.4556,0,0,0.9149856,0.003216648,0.4034738,-0.004559985,0.9999868,0.002368716,-0.4034608,-0.004007176,0.9149882,-257.5719,-49.67625,-552.6616,-64.24475,-0.3153365,92.02482,112.2321,-1.476447,-35.84488,0.9264242,-0.09259079,-1.659352,0.05682684
2484,0.016684,1,100,0,-33.60308,0,0,110.1231,0,0,0.9256037,0.002334923,0.3784872,-0.004229599,0.9999826,0.004174645,-0.3784709,-0.005464916,0.9255975,-258.6251,-49.68198,-551.1164,-60.87261,-0.4001064,93.79306,111.8158,-1.449322,-33.75287,1.131422,-0.09150176,-1.562484,0.06924033
2485,0.016683,1,100,0,-25.26158,0,0,109.8553,0,0,0.9349622,0.001276146,0.3547454,-0.003644017,0.9999754,0.006006851,-0.354729,-0.006908876,0.9349438,-259.6225,-49.68903,-549.5424,-57.59454,-0.4684302,95.43004,111.4641,-1.353654,-31.6038,1.331832,-0.08605434,-1.462972,0.08148322
2486,0.01676,1,100,0,-16.88158,0,0,109.6554,0,0,0.9431924,3.426219e-05,0.3322471,-0.002788782,0.9999656,0.007813754,-0.3322354,-0.008296438,0.9431601,-260.57,-49.69728,-547.9344,-54.40493,-0.5406527,96.94632,111.17,-1.252324,-29.39128,1.518142,-0.08025926,-1.36052,0.0929717
2487,0.016641,1,100,0,-8.561082,0,0,109.5156,0,0,0.9502964,-0.001368769,0.311344,-0.001690233,0.999953,0.009555111,-0.3113424,-0.009606431,0.9502494,-261.4585,-49.70668,-546.3134,-51.35401,-0.6163156,98.33259,110.9365,-1.14728,-27.14843,1.68734,-0.07420562,-1.256657,0.1035152
2488,0.016665,1,100,0,-0.2285814,0,0,109.4351,0,0,0.9564377,-0.002926559,0.291922,-0.0003709295,0.9999369,0.0112398,-0.2919365,-0.01085845,0.9563763,-262.2981,-49.71753,-544.6675,-48.419,-0.7224123,99.60772,110.7548,-1.076605,-24.85863,1.817068,-0.07030937,-1.150624,0.1116682
2489,0.016682,1,100,0,8.112419,0,0,109.4056,0,0,0.9616998,-0.004612668,0.2740667,0.001127731,0.9999167,0.01287185,-0.2741032,-0.01206978,0.9616249,-263.0903,-49.73021,-542.9993,-45.6181,-0.8362676,100.7816,110.6284,-0.9973871,-22.52648,1.930556,-0.06578666,-1.042627,0.1189074
2490,0.016672,1,100,0,16.44842,0,0,109.4283,0,0,0.966158,-0.006414614,0.2578714,0.002786692,0.9998921,0.01443175,-0.2579362,-0.01322474,0.9660717,-263.8361,-49.74481,-541.313,-42.96502,-0.9560403,101.8607,110.5555,-0.9113831,-20.15954,2.027328,-0.06072676,-0.9330164,0.1252043
2491,0.016674,1,100,0,24.78542,0,0,109.4996,0,0,0.9698957,-0.008323371,0.2433786,0.004588963,0.999863,0.01590697,-0.2434777,-0.01431124,0.969801,-264.5387,-49.76143,-539.6091,-40.4657,-1.080403,102.854,110.5332,-0.8209859,-17.75908,2.107105,-0.05526242,-0.8218514,0.1305392
2492,0.016886,1,100,0,33.22842,0,15.1974,109.6159,0,0,0.973004,-0.01035552,0.2305562,0.006540879,0.9998291,0.01730356,-0.2306959,-0.0153284,0.9729053,-265.209,-49.78039,-537.8668,-38.15534,-1.208987,103.8248,110.6204,-0.7258162,-15.01312,2.170846,-0.04929927,-0.694685,0.1350522
2493,0.016482,1,100,0,41.46942,0,30.0312,109.8325,0,0,0.9753997,-0.01243087,0.2200931,0.008558815,0.9997916,0.01853767,-0.2202777,-0.0161979,0.9753029,-265.8267,-49.80082,-536.1504,-36.10791,-1.302575,104.7552,110.8112,-0.5554386,-12.06496,2.218424,-0.03828144,-0.5581359,0.1387189
2494,0.016671,1,100,0,49.80492,0,45.0351,110.1429,0,0,0.9772081,-0.01461764,0.21178,0.0107068,0.9997506,0.01960155,-0.2120138,-0.01688731,0.9771209,-266.4182,-49.82301,-534.3988,-34.23682,-1.388373,105.6829,111.0989,-0.3937314,-8.821521,2.250143,-0.02754312,-0.4079083,0.1415782
2495,0.016802,1,100,0,58.20592,0,60.1569,110.5471,0,0,0.9784225,-0.01690455,0.2059221,0.01295906,0.9997061,0.02049388,-0.206208,-0.01738311,0.9783539,-266.9841,-49.84676,-532.6179,-32.55418,-1.464984,106.6114,111.4805,-0.24315,-5.307536,2.265469,-0.0171943,-0.245147,0.1435691
2496,0.016558,1,100,0,66.48492,0,75.0591,111.0421,0,0,0.9790273,-0.01923194,0.2028198,0.01524409,0.999659,0.02120602,-0.2031585,-0.01766947,0.9789866,-267.5151,-49.87137,-530.8476,-31.09973,-1.529883,107.5243,111.942,-0.1088518,-1.629992,2.264234,-0.00754866,-0.07480743,0.1446186
2497,0.016682,1,100,0,74.82593,0,90.0729,111.61,0,0,0.9790363,-0.02164029,0.2025334,0.0175919,0.9996085,0.02176776,-0.2029252,-0.01774848,0.9790337,-268.0269,-49.89718,-529.0488,-29.84219,-1.582843,108.4469,112.4891,0.01340764,2.284834,2.247649,0.001724055,0.1065265,0.1447891
2498,0.016688,1,100,0,83.16993,0,100,112.257,0,0,0.9784164,-0.0241007,0.2052328,0.01996765,0.9995545,0.02218596,-0.2056761,-0.01760909,0.9784617,-268.5191,-49.92382,-527.2339,-28.79282,-1.623402,109.3562,113.0949,0.117812,6.299823,2.215292,0.01023643,0.2925034,0.1439671
2499,0.016683,1,100,0,91.51143,0,100,112.9515,0,0,0.9771375,-0.02659345,0.2109386,0.02234966,0.9994975,0.0224776,-0.2114304,-0.0172493,0.9772409,-268.9948,-49.95105,-525.4047,-27.95657,-1.650257,110.2143,113.7167,0.2025579,10.21961,2.167653,0.01780108,0.4740744,0.1420759
2500,0.016679,1,100,0,99.85093,0,100,113.6452,0,0,0.9751631,-0.02909597,0.2195688,0.02471763,0.9994377,0.02266207,-0.2201048,-0.01667199,0.9753339,-269.4577,-49.97864,-523.562,-27.35408,-1.662621,111.0167,114.3491,0.2663544,14.05212,2.105327,0.02432794,0.6516051,0.1391126
2501,0.016694,1,100,0,108.1979,0,100,114.3268,0,0,0.9724278,-0.03158671,0.2310552,0.02705422,0.9993749,0.02275948,-0.2316296,-0.01588094,0.9726745,-269.9124,-50.00638,-521.7045,-27.00175,-1.659812,111.758,114.9856,0.3081804,17.80877,2.02894,0.0297416,0.8256234,0.1350799
2502,0.016677,1,100,0,92.77171,0,100,114.9849,0,0,0.9688936,-0.03402711,0.2451274,0.02933095,0.9993103,0.02278435,-0.2457336,-0.01488579,0.9692234,-270.3622,-50.03392,-519.837,-26.91171,-1.634579,112.431,115.6185,0.3446398,20.82223,1.926983,0.03467505,0.965223,0.1290276
2503,0.016667,1,100,0,101.1052,0,100,115.6082,0,0,0.9645475,-0.03643411,0.2613827,0.03156272,0.9992416,0.02281226,-0.2620156,-0.01375356,0.9649659,-270.8119,-50.06149,-517.96,-27.12267,-1.692088,112.9986,116.2205,0.2077675,23.82125,1.973675,0.02873798,1.104097,0.1323366
2504,0.016702,1,100,0,85.65586,0,100,116.1697,0,0,0.9593117,-0.03890324,0.2796566,0.03381847,0.9991639,0.02298624,-0.2803171,-0.01259341,0.9598253,-271.2675,-50.09008,-516.0699,-27.60181,-1.749083,113.4802,116.8019,0.08362941,26.14722,2.005226,0.02343821,1.211805,0.1343896
2505,0.016669,1,100,0,93.99036,0,100,116.6805,0,0,0.9531934,-0.04139508,0.2995149,0.03606853,0.999078,0.02329313,-0.3002029,-0.01139979,0.9538075,-271.7317,-50.11953,-514.1761,-28.34392,-1.801938,113.8642,117.3528,-0.029884,28.51188,2.021762,0.01906414,1.321319,0.135375
2506,0.016936,1,100,0,102.4584,0,100,117.134,0,0,0.9459466,-0.04393161,0.3213338,0.03833529,0.9989834,0.02372553,-0.3220494,-0.01012466,0.9466691,-272.2174,-50.15032,-512.2461,-29.35626,-1.848387,114.1468,117.8757,-0.1368164,30.95803,2.023862,0.01541007,1.43462,0.135304
2507,0.016437,1,100,0,87.25414,0,100,117.5321,0,0,0.9378494,-0.04637301,0.3439303,0.04049791,0.9988853,0.02425017,-0.3446715,-0.008814554,0.938682,-272.7067,-50.1809,-510.369,-30.58422,-1.883477,114.3053,118.3412,-0.2343614,32.71318,2.011842,0.01195234,1.515919,0.1340881
2508,0.016676,1,100,0,95.59213,0,100,117.8544,0,0,0.9285682,-0.04880261,0.3679397,0.04263485,0.9987811,0.02487843,-0.3687053,-0.00741427,0.929517,-273.2249,-50.21243,-508.4626,-32.06117,-1.904897,114.3417,118.7668,-0.3246765,34.58208,1.987064,0.009202059,1.602503,0.1319317
2509,0.01684,1,100,0,104.0121,0,100,118.1178,0,0,0.9179838,-0.0511863,0.393301,0.04471932,0.9986716,0.02559539,-0.3940887,-0.005908001,0.9190534,-273.7744,-50.24455,-506.5375,-33.77369,-1.911145,114.2416,119.1447,-0.4127617,36.55027,1.949179,0.006817168,1.693699,0.1287835
2510,0.016539,1,100,0,88.71355,0,100,118.3152,0,0,0.9063459,-0.05343553,0.4191442,0.04667705,0.998562,0.02637072,-0.4199506,-0.004336577,0.9075367,-274.3434,-50.27611,-504.6493,-35.66053,-1.900263,113.9987,119.4613,-0.4975181,37.89458,1.899991,0.004127896,1.755993,0.1247128
2511,0.016673,1,100,0,97.05006,0,100,118.4419,0,0,0.8933973,-0.05558794,0.4458155,0.04854279,0.9984503,0.02721709,-0.4466375,-0.002674542,0.8947112,-274.9495,-50.30764,-502.7507,-37.75023,-1.870897,113.6012,119.7239,-0.5812663,39.36941,1.839403,0.001672395,1.824342,0.1197787
2512,0.016648,1,100,0,105.3741,0,100,118.506,0,0,0.8791332,-0.05759467,0.4730834,0.0503072,0.9983398,0.02805492,-0.4739138,-0.0008645095,0.8805711,-275.5905,-50.338,-500.8624,-40.00601,-1.72714,113.0621,119.9437,-0.4880963,40.94961,1.748674,0.01066309,1.897762,0.112719
2513,0.016696,1,100,0,89.93025,0,100,118.5201,0,0,0.8634532,-0.05942276,0.5009165,0.05200737,0.9982321,0.02877081,-0.5017406,0.001209103,0.8650172,-276.2719,-50.36582,-498.9785,-42.42064,-1.543516,112.353,120.1045,-0.4253805,41.96593,1.647183,0.01708412,1.945022,0.104681
2514,0.016666,1,100,0,98.26325,0,100,118.4696,0,0,0.8464921,-0.06103426,0.5288916,0.0535776,0.99813,0.02943347,-0.529699,0.003421547,0.8481792,-276.993,-50.39079,-497.1109,-44.96097,-1.405802,111.4579,120.1929,-0.5588816,43.12468,1.526852,0.01099383,1.998684,0.09524536
2515,0.016689,1,100,0,106.6077,0,100,118.3472,0,0,0.8280876,-0.06241159,0.5571136,0.05493865,0.9980345,0.03014627,-0.5579001,0.005643316,0.8298888,-277.7581,-50.41341,-495.2567,-47.62067,-1.25346,110.382,120.2227,-0.6910074,44.4172,1.400659,0.005022538,2.058551,0.0853215
2516,0.016698,1,100,0,91.1621,0,100,118.1653,0,0,0.8082377,-0.06353082,0.5854194,0.05610565,0.9979485,0.03083906,-0.5861776,0.007920044,0.810144,-278.5687,-50.43296,-493.4203,-50.3793,-1.00449,109.1394,120.2102,-0.6537631,45.16356,1.23943,0.009133272,2.09329,0.07308308
2517,0.016906,1,100,0,99.6151,0,100,117.9419,0,0,0.786778,-0.06436511,0.6138712,0.05712977,0.9978728,0.03140683,-0.6145868,0.01036012,0.7887815,-279.4366,-50.44835,-491.5832,-53.25223,-0.720293,107.6906,120.1398,-0.6449692,46.08984,1.072208,0.01142376,2.136342,0.06023367
2518,0.016443,1,100,0,107.8366,0,91.7785,117.665,0,0,0.7645114,-0.06487239,0.6413376,0.05795935,0.9978111,0.03183941,-0.6419992,0.01282992,0.7665979,-280.3281,-50.45852,-489.8214,-56.14929,-0.4139586,106.0199,119.9714,-0.6619925,46.97583,0.9073021,0.0117685,2.177496,0.04743697
2519,0.016694,1,100,0,92.39465,0,83.4315,117.3171,0,0,0.7405957,-0.0650772,0.6687922,0.05858169,0.9977626,0.03221666,-0.6693925,0.01531946,0.742751,-281.2823,-50.46406,-488.0623,-59.16048,-0.1656289,104.0468,119.6902,-0.863107,47.1977,0.7420113,-0.0006842896,2.187636,0.03469864
2520,0.016941,1,100,0,100.8652,0,74.96101,116.8799,0,0,0.7152064,-0.06497953,0.6958861,0.0589027,0.9977304,0.0326267,-0.6964267,0.01765475,0.7174106,-282.3021,-50.46544,-486.3123,-62.26375,0.086054,101.7791,119.3137,-1.049698,47.46994,0.5772301,-0.01240234,2.200121,0.02208721
2521,0.016408,1,100,0,85.68775,0,66.757,116.381,0,0,0.6896516,-0.06458965,0.7212552,0.05894788,0.9977163,0.03298229,-0.7217384,0.01977017,0.6918841,-283.3403,-50.46222,-484.6554,-65.28251,0.4178088,99.36062,118.8887,-1.079977,47.12939,0.3791199,-0.01506473,2.184373,0.007721983
2522,0.016705,1,100,0,94.04025,0,58.4045,115.8712,0,0,0.6629085,-0.0638824,0.74597,0.05878462,0.9977183,0.03320215,-0.746389,0.02184158,0.6651513,-284.448,-50.45332,-483.0104,-68.34106,0.7636771,96.66794,118.3882,-1.118477,46.87787,0.1824593,-0.01841329,2.172737,-0.0065225
2523,0.016738,1,100,0,102.4093,0,50.0355,115.3245,0,0,0.6353762,-0.06286881,0.7696393,0.0584171,0.9977375,0.03327499,-0.76999,0.02381796,0.6376113,-285.6088,-50.43859,-481.4084,-71.36103,1.11068,93.75797,117.8312,-1.161148,46.71552,-0.007907687,-0.02217729,2.165222,-0.02030378
2524,0.016627,1,100,0,87.02928,0,41.722,114.7549,0,0,0.6074256,-0.06158287,0.791986,0.05782259,0.9977736,0.03323649,-0.7922696,0.02560599,0.6096341,-286.8116,-50.41873,-479.8665,-74.2881,1.361296,90.66383,117.2199,-1.34657,45.97541,-0.1735261,-0.03593414,2.130738,-0.03207249
2525,0.016684,1,100,0,95.37128,0,33.38,114.1628,0,0,0.5790462,-0.06005815,0.8130797,0.0569408,0.9978269,0.03315332,-0.8133039,0.0271001,0.5812076,-288.067,-50.39476,-478.3719,-77.1357,1.587028,87.38988,116.5737,-1.499523,45.36632,-0.3290859,-0.04763057,2.102358,-0.04297537
2526,0.016674,1,100,0,103.7083,0,25.043,113.5694,0,0,0.5503348,-0.05830421,0.8329058,0.05583116,0.9978957,0.03296374,-0.833075,0.02836101,0.5524319,-289.3685,-50.36672,-476.9335,-79.87039,1.868633,83.99241,115.9202,-1.525354,44.882,-0.5260526,-0.05120803,2.079916,-0.05637303
2527,0.016689,1,100,0,88.27096,0,16.6985,112.9911,0,0,0.5213748,-0.05630609,0.8514681,0.0545615,0.9979786,0.03258523,-0.8515817,0.02946827,0.523393,-290.7158,-50.33406,-475.5514,-82.4296,2.131575,80.43459,115.1907,-1.542769,43.84678,-0.7105432,-0.05496045,2.031925,-0.06853893
2528,0.016702,1,100,0,72.82161,0,8.347502,112.3573,0,0,0.4925898,-0.05410395,0.8685782,0.05315302,0.9980727,0.03202595,-0.8686369,0.03039189,0.4945162,-292.1063,-50.2971,-474.2281,-84.87985,2.374873,76.79443,114.4885,-1.547964,42.30728,-0.8815387,-0.05849646,1.960559,-0.07938655
2529,0.016711,1,100,0,57.36393,0,0,111.778,0,0,0.4644002,-0.05174993,0.8841122,0.05159763,0.9981766,0.03132365,-0.8841211,0.03107138,0.4662235,-293.5378,-50.25661,-472.9653,-87.20483,2.516443,73.08716,113.8101,-1.658894,40.30747,-1.011408,-0.06921728,1.867734,-0.08711961
2530,0.016672,1,100,0,49.02793,0,0,111.2528,0,0,0.4372008,-0.04931291,0.8980111,0.04986719,0.9982889,0.03054145,-0.8979806,0.03142855,0.4389118,-295.0038,-50.21409,-471.7669,-89.35738,2.61728,69.44328,113.1988,-1.732128,38.24833,-1.125299,-0.0774644,1.772195,-0.09352651
2531,0.017131,1,100,0,40.46243,0,0,110.8029,0,0,0.410347,-0.04675178,0.9107303,0.04795358,0.9984096,0.02964634,-0.910668,0.03150749,0.4119363,-296.5463,-50.16887,-470.5981,-91.40291,2.682692,65.77179,112.6393,-1.773131,36.06536,-1.225999,-0.08365143,1.670947,-0.09881206
2532,0.016233,1,100,0,32.34593,0,0,110.416,0,0,0.3860615,-0.0442785,0.92141,0.04606584,0.9985268,0.02868323,-0.9213226,0.03137204,0.3875325,-298.0398,-50.1248,-469.5486,-93.19166,2.775791,62.40064,112.1884,-1.716717,33.95556,-1.364747,-0.08328861,1.573207,-0.1064393
2533,0.016725,1,100,0,23.98343,0,0,110.1289,0,0,0.362306,-0.04166511,0.9311275,0.044113,0.9986475,0.02752185,-0.9310149,0.0311035,0.3636539,-299.608,-50.07795,-468.5237,-94.89295,2.849888,59.02435,111.7885,-1.643185,31.72634,-1.491397,-0.08181094,1.469947,-0.1131589
2534,0.016836,1,100,0,15.56543,0,0,109.8998,0,0,0.3397989,-0.03898965,0.9396898,0.04216788,0.9987674,0.02619268,-0.9395527,0.03072448,0.3410241,-301.2145,-50.02966,-467.5483,-96.4687,2.903711,55.74092,111.4526,-1.554947,29.43515,-1.601831,-0.07925843,1.363828,-0.1187687
2535,0.016491,1,100,0,7.319933,0,0,109.7356,0,0,0.319214,-0.03634632,0.9469855,0.04030652,0.9988809,0.02475142,-0.9468253,0.0302687,0.3203217,-302.8133,-49.98159,-466.6461,-97.88731,2.934351,52.65063,111.1873,-1.462439,27.1547,-1.691313,-0.07619069,1.258209,-0.1230353
2536,0.016689,1,100,0,-1.024568,0,0,109.6361,0,0,0.2999211,-0.03367278,0.9533696,0.03843951,0.9989917,0.02319143,-0.9531893,0.02969146,0.3009131,-304.4543,-49.93288,-465.784,-99.19692,2.886205,49.65028,110.9663,-1.499631,24.80674,-1.756648,-0.08127291,1.149381,-0.1257047
2537,0.016687,1,100,0,-9.368068,0,0,109.5796,0,0,0.282252,-0.03102842,0.9588384,0.03652125,0.9990999,0.02158059,-0.958645,0.02892681,0.2831311,-306.1163,-49.88514,-464.9713,-100.3999,2.809428,46.79644,110.8058,-1.508714,22.42448,-1.804628,-0.08433741,1.038985,-0.1272168
2538,0.016678,1,100,0,-17.70707,15.0102,0,109.5786,0,0,0.2663402,-0.02843684,0.9634596,0.03458631,0.9992031,0.01993074,-0.9632586,0.02801416,0.2671115,-307.7971,-49.83883,-464.2054,-101.5428,2.708988,44.1674,110.7657,-1.493573,19.73765,-1.835756,-0.0857604,0.9144997,-0.1275087
2539,0.016697,1,100,0,-26.05557,30.0375,0,109.6855,0,0,0.252413,-0.02591846,0.9672725,0.03265954,0.9992998,0.01825403,-0.9670683,0.02698312,0.2530827,-309.4987,-49.79425,-463.4814,-102.6426,2.590244,41.74723,110.838,-1.457057,16.76587,-1.850734,-0.08567466,0.7768319,-0.1266798
2540,0.016684,1,100,0,-34.39757,45.0531,0,109.8978,0,0,0.240731,-0.0234988,0.9703075,0.0307691,0.9993894,0.01656936,-0.9701043,0.02586672,0.241307,-311.2172,-49.75176,-462.7971,-103.7092,2.458545,39.53539,111.0166,-1.402039,13.53758,-1.850306,-0.08421966,0.6272998,-0.1248334
2541,0.016681,1,100,0,-42.73807,60.066,0,110.2125,0,0,0.2314964,-0.0211851,0.9726052,0.02891912,0.9994711,0.01488705,-0.9724061,0.02468058,0.2319866,-312.9529,-49.71152,-462.1488,-104.7484,2.31829,37.53272,111.2938,-1.370977,10.07061,-1.858063,-0.08409272,0.466721,-0.1235224
2542,0.016789,1,100,0,-51.13257,75.1761,0,110.6223,0,0,0.2248652,-0.01896091,0.9742056,0.02708577,0.9995462,0.0132022,-0.9740137,0.02341839,0.2252767,-314.7173,-49.67344,-461.5287,-105.7802,2.168212,35.72516,111.6711,-1.321318,6.354346,-1.85119,-0.08256172,0.2946111,-0.1213068
2543,0.01659,1,100,0,-59.42757,90.1071,0,111.1302,0,0,0.2211208,-0.01687785,0.9751004,0.02532218,0.9996125,0.01155989,-0.9749176,0.02213554,0.2214624,-316.4778,-49.63831,-460.9447,-106.7911,2.015495,34.14964,112.1365,-1.256918,2.481369,-1.830649,-0.07983204,0.1152561,-0.1183193
2544,0.016669,1,100,0,-67.76207,100,0,111.72,0,0,0.2202966,-0.01488906,0.9753194,0.02358226,0.9996727,0.009934277,-0.9751481,0.02081175,0.2205756,-318.2634,-49.60574,-460.3831,-107.7773,1.82998,32.77906,112.6665,-1.261966,-1.509786,-1.849392,-0.08130067,-0.06956451,-0.1179842
2545,0.016954,1,100,0,-76.23907,100,0,112.3671,0,0,0.222504,-0.01293906,0.9748459,0.0217971,0.9997281,0.008294233,-0.9746882,0.01940331,0.2227255,-320.096,-49.57581,-459.8341,-108.7267,1.634821,31.5879,113.2341,-1.245744,-5.479138,-1.854504,-0.081122,-0.2533633,-0.116979
2546,0.016438,1,100,0,-84.45807,100,0,113.0418,0,0,0.227529,-0.01111991,0.9737078,0.02007406,0.9997759,0.006726852,-0.9735644,0.01801572,0.2277012,-321.888,-49.54998,-459.3199,-109.592,1.443723,30.65528,113.8079,-1.212306,-9.235265,-1.846357,-0.07954402,-0.4272802,-0.1153877
2547,0.016662,1,100,0,-92.78907,100,0,113.7011,0,0,0.235424,-0.009348348,0.9718479,0.01835378,0.9998183,0.005171314,-0.9717197,0.01661963,0.2355528,-323.7186,-49.52699,-458.8131,-110.4109,1.250701,29.94598,114.4067,-1.167466,-12.96951,-1.824733,-0.07699925,-0.6001789,-0.1131264
2548,0.016751,1,100,0,-101.1646,100,0,114.3631,0,0,0.2461368,-0.007642404,0.969205,0.01666512,0.9998545,0.003651852,-0.9690918,0.01525306,0.2462284,-325.5723,-49.50709,-458.3141,-111.1698,1.062629,29.48853,115.0193,-1.110394,-16.65321,-1.791316,-0.07344746,-0.7707332,-0.1102996
2549,0.016601,1,100,0,-85.80865,100,0,115.0109,0,0,0.2592676,-0.006024077,0.9657869,0.01504617,0.9998845,0.002197582,-0.9656886,0.01396164,0.2593283,-327.4216,-49.49043,-457.8256,-111.8506,0.8860526,29.3014,115.6284,-1.044726,-19.57613,-1.747243,-0.06907104,-0.906061,-0.107131
2550,0.016678,1,100,0,-94.14764,100,0,115.6239,0,0,0.2745809,-0.004467018,0.9615537,0.01348601,0.9999088,0.0007941425,-0.9614696,0.01274946,0.2746161,-329.2904,-49.47656,-457.3365,-112.4554,0.721879,29.38429,116.2333,-0.9726809,-22.50825,-1.692752,-0.06414272,-1.041815,-0.1033951
2551,0.016674,1,100,0,-102.4846,100,0,116.2011,0,0,0.291982,-0.002985703,0.9564193,0.01197909,0.9999283,-0.0005355284,-0.9563491,0.0116134,0.2919968,-331.1683,-49.4655,-456.8446,-112.9672,0.5463272,29.73534,116.8164,-0.9632372,-25.43384,-1.624868,-0.06309878,-1.177274,-0.09889418
2552,0.016709,1,100,0,-87.02882,100,0,116.725,0,0,0.3113078,-0.001580705,0.9503078,0.01048679,0.9999434,-0.001772061,-0.9502512,0.01051733,0.3113068,-333.0582,-49.45728,-456.3443,-113.3822,0.3814941,30.35658,117.3762,-0.9450766,-27.69167,-1.548661,-0.06136151,-1.281815,-0.09408286
2553,0.016652,1,100,0,-95.35481,100,0,117.1958,0,0,0.3320901,-0.0002543412,0.9432477,0.009045975,0.9999549,-0.002915194,-0.9432045,0.009500702,0.3320775,-334.948,-49.45166,-455.834,-113.691,0.2491888,31.24278,117.906,-0.8690057,-29.99039,-1.477749,-0.05584119,-1.388247,-0.08964984
2554,0.016681,1,100,0,-103.6953,100,0,117.6113,0,0,0.3544181,0.001002518,0.9350866,0.007689652,0.9999626,-0.003986618,-0.9350557,0.00860342,0.3543972,-336.8456,-49.44812,-455.3065,-113.8833,0.1387232,32.38181,118.3977,-0.7936991,-32.33794,-1.399157,-0.05030049,-1.496942,-0.08473143
2555,0.016692,1,100,0,-88.25521,100,0,117.9645,0,0,0.3780892,0.002182293,0.9257667,0.006422471,0.9999672,-0.004980184,-0.9257472,0.007828664,0.3780628,-338.7469,-49.44629,-454.7584,-113.9477,0.05146013,33.76312,118.8445,-0.7215323,-34.06007,-1.313626,-0.044928,-1.576685,-0.07945496
2556,0.016825,1,100,0,-96.66771,100,0,118.2517,0,0,0.402953,0.003288104,0.9152148,0.00521575,0.9999692,-0.005889005,-0.915206,0.007146524,0.4029234,-340.6638,-49.44596,-454.1812,-113.8679,-0.04314068,35.38413,119.239,-0.7186807,-35.88977,-1.221237,-0.0439674,-1.661406,-0.07371353
2557,0.016535,1,100,0,-104.9352,100,0,118.4694,0,0,0.4283773,0.004286491,0.9035898,0.004061176,0.9999695,-0.00666904,-0.9035909,0.006526503,0.4283468,-342.5454,-49.44709,-453.5862,-113.6434,-0.1199359,37.18876,119.5736,-0.7132591,-37.7663,-1.125749,-0.04283849,-1.748296,-0.06777083
2558,0.016703,1,100,0,-89.48494,100,0,118.6161,0,0,0.4548798,0.005203226,0.8905375,0.002934405,0.9999685,-0.007341481,-0.8905477,0.005952689,0.4548502,-344.4415,-49.44944,-452.9538,-113.2612,-0.1810866,39.20666,119.8553,-0.706534,-39.0707,-1.025388,-0.04167005,-1.808698,-0.0615853
2559,0.016913,1,100,0,-97.94144,100,0,118.6966,0,0,0.4822378,0.006035693,0.8760196,0.001841297,0.9999671,-0.007903291,-0.8760384,0.005424278,0.4822108,-346.3541,-49.45275,-452.2781,-112.7066,-0.2261779,41.43248,120.0811,-0.6986681,-40.51954,-0.920588,-0.04043096,-1.875789,-0.05509518
2560,0.016431,1,100,0,-106.1569,100,0,118.7133,0,0,0.5093353,0.006746863,0.8605418,0.0008335747,0.9999651,-0.00833335,-0.860568,0.004961796,0.509312,-348.2022,-49.45663,-451.5846,-111.9989,-0.2541167,43.7542,120.2425,-0.6912866,-42.03207,-0.8163517,-0.03926299,-1.945827,-0.04861374
2561,0.016694,1,100,0,-90.71499,100,0,118.666,0,0,0.537227,0.00736944,0.8434057,-0.0001304371,0.9999627,-0.008654306,-0.843438,0.004539315,0.5372079,-350.067,-49.46095,-450.8403,-111.1041,-0.2677856,46.25262,120.3474,-0.684897,-43.00592,-0.7088557,-0.03825973,-1.990925,-0.04196069
2562,0.016718,1,100,0,-99.07399,100,0,118.5555,0,0,0.5652351,0.007890893,0.8248921,-0.001030347,0.9999602,-0.008859571,-0.8249292,0.004157816,0.5652207,-351.7568,-49.46627,-449.9171,-82.37478,-0.3782424,66.76553,120.3933,-2.491198,-56.3224,-4.649423,-0.151787,-2.606904,-0.2938966
2563,0.016701,1,100,0,-107.4245,100,0,105.6891,0,0,0.6005992,0.01260308,0.7994509,-0.005844849,0.9999182,-0.01137236,-0.7995288,0.002157561,0.6006238,-353.0193,-49.4734,-448.7046,-75.64211,-0.3879319,67.77647,106.726,-2.967587,-58.31261,-5.230222,-0.1771428,-2.69896,-0.3330132
2564,0.016722,1,100,0,-91.95664,100,0,101.1854,0,0,0.6358881,0.01805584,0.77157,-0.01147008,0.9998369,-0.01394457,-0.7716959,1.721643e-05,0.6359915,-354.2519,-49.48016,-447.5407,-72.49817,-0.3600238,66.11712,102.3192,-3.132619,-57.87825,-5.223376,-0.1821934,-2.678876,-0.3347892
2565,0.01671,1,100,0,-100.3116,100,0,97.99646,0,0,0.6696252,0.0236114,0.7423238,-0.01728075,0.9997193,-0.01621011,-0.7424982,-0.001973215,0.6698452,-355.4519,-49.48639,-446.4213,-70.34081,-0.3342425,64.0614,98.97274,-3.258567,-57.09024,-4.996532,-0.1848665,-2.642444,-0.3222716
2566,0.016674,1,100,0,-84.8882,100,0,95.1398,0,0,0.7014192,0.02901606,0.7121582,-0.02304977,0.9995719,-0.01802421,-0.7123763,-0.003772556,0.7017877,-356.6198,-49.49203,-445.3427,-68.40309,-0.2933673,62.18326,96.05207,-3.33633,-55.66973,-4.670623,-0.1850839,-2.576741,-0.3031169
2567,0.016625,1,100,0,-93.2007,100,0,92.36929,0,0,0.7310613,0.03414478,0.681457,-0.02863748,0.9994026,-0.01935357,-0.6817108,-0.005366568,0.7316024,-357.7551,-49.49684,-444.3004,-66.54709,-0.2363673,60.50325,93.35943,-3.382436,-54.38895,-4.268552,-0.1837261,-2.517516,-0.2788048
2568,0.016713,1,100,0,-101.5572,91.6435,0,89.63146,0,0,0.7588828,0.03894222,0.650062,-0.03397777,0.9992187,-0.02019292,-0.6503405,-0.006763596,0.759613,-358.8672,-49.50059,-443.282,-66.50835,-0.1995535,61.81199,90.79715,-2.984309,-54.02988,-3.863549,-0.1538053,-2.501284,-0.2541545
2569,0.016673,1,100,0,-86.13467,83.307,0,90.20761,0,0,0.7850435,0.04334486,0.6179224,-0.03870745,0.999032,-0.02090208,-0.6182302,-0.007509153,0.7859613,-359.8712,-49.50414,-442.1576,-56.74209,-0.1530967,66.73923,91.53529,-2.712236,-53.64844,-3.534021,-0.1324276,-2.483954,-0.2336997
2570,0.017063,1,100,0,-94.66618,74.7755,0,87.53528,0,0,0.8102528,0.04750733,0.5841521,-0.04306494,0.9988412,-0.02149916,-0.5844966,-0.007736724,0.8113598,-360.6013,-49.50784,-440.8141,-49.00125,-0.1320159,70.10069,88.53411,-2.550757,-48.44112,-4.214499,-0.1225122,-2.243066,-0.2768385
2571,0.016484,1,100,0,-102.9082,66.5335,0,85.51897,0,0,0.83107,0.05219935,0.5537129,-0.04778583,0.9986061,-0.02241815,-0.5541113,-0.00782858,0.832406,-361.374,-49.51029,-439.6227,-46.14535,-0.1263223,69.53333,86.45531,-2.627001,-46.41918,-4.084399,-0.1252208,-2.149469,-0.2682853
2572,0.016642,1,100,0,-87.51432,58.2125,0,83.45061,0,0,0.8500515,0.05677112,0.5236313,-0.05247716,0.9983562,-0.02304965,-0.5240791,-0.007885298,0.8516334,-362.1384,-49.51245,-438.4557,-44.56482,-0.1071663,68.00444,84.38914,-2.757497,-44.79381,-3.683532,-0.1314333,-2.074142,-0.2424079
2573,0.016932,1,100,0,-95.98032,49.7465,0,81.27119,0,0,0.8676577,0.060968,0.4934096,-0.05693563,0.998108,-0.02320994,-0.4938912,-0.007954309,0.8694873,-362.8947,-49.51418,-437.299,-44.85419,-0.09069075,68.93934,82.24682,-2.495061,-44.37586,-3.153013,-0.1117205,-2.055167,-0.2083942
2574,0.016409,1,100,0,-104.1848,41.542,0,82.0957,0,0,0.883594,0.06446892,0.4637944,-0.06062388,0.9978907,-0.02321295,-0.4643126,-0.007606184,0.8856385,-363.63,-49.51545,-436.1619,-44.71453,-0.04900158,70.02866,83.08673,-2.299961,-44.12109,-2.630104,-0.09674671,-2.043674,-0.1745661
2575,0.016702,1,100,0,-88.73547,33.191,0,82.78197,0,0,0.898665,0.06743962,0.4334202,-0.06376128,0.9976992,-0.02303635,-0.4339766,-0.006933464,0.9008974,-364.3738,-49.51591,-434.9858,-44.14882,0.01576917,71.18564,83.76463,-2.155136,-43.33357,-2.09313,-0.08607826,-2.007406,-0.1395197
2576,0.016669,1,100,0,-73.31664,24.8565,0,83.29041,0,0,0.912408,0.06978785,0.4032885,-0.0662864,0.9975437,-0.02265423,-0.4038788,-0.006062644,0.9147928,-365.1048,-49.51521,-433.7922,-43.24886,0.09722045,72.44757,84.37489,-2.053924,-42.06424,-1.556363,-0.07935518,-1.948716,-0.1043044
2577,0.016678,1,100,0,-57.88949,16.5175,0,83.74123,0,0,0.9247788,0.0715149,0.3737246,-0.06821568,0.9974266,-0.02206559,-0.3743409,-0.005088082,0.9272774,-365.8195,-49.51301,-432.5764,-42.05581,0.2006942,73.78116,84.92579,-1.942194,-40.34998,-1.024523,-0.07308219,-1.869374,-0.06932823
2578,0.016677,1,100,0,-49.55099,8.179002,0,84.15779,0,0,0.9357581,0.07262311,0.3450837,-0.06955042,0.9973512,-0.02129447,-0.3457161,-0.004074244,0.9383305,-366.513,-49.50905,-431.3382,-40.62163,0.3119665,75.17001,85.4444,-1.858845,-38.42693,-0.4991553,-0.06942727,-1.780283,-0.03478415
2579,0.01663,1,100,0,-41.23599,0,0,84.5766,0,0,0.9453803,0.07312515,0.3176615,-0.07030906,0.9973179,-0.02033684,-0.3182967,-0.003108433,0.9479861,-367.1795,-49.50331,-430.0805,-38.97702,0.4123151,76.53741,85.89153,-1.826186,-36.32097,0.009046277,-0.06972538,-1.682619,-0.001430963
2580,0.016685,1,100,0,-32.89349,0,0,84.96138,0,0,0.9537885,0.07304777,0.2914648,-0.07052089,0.997326,-0.01918045,-0.2920865,-0.002260258,0.9563894,-367.8201,-49.49593,-428.7959,-37.21104,0.5021249,77.87988,86.31448,-1.797856,-34.14926,0.5051287,-0.07077736,-1.581879,0.03100435
2581,0.016937,1,100,0,-24.42499,0,0,85.3512,0,0,0.9611608,0.07240047,0.2663234,-0.07018722,0.9973745,-0.01783237,-0.2669152,-0.001552718,0.963719,-368.4398,-49.487,-427.4694,-35.33681,0.5779036,79.20022,86.72773,-1.768048,-31.88769,0.9912605,-0.07217,-1.476959,0.06265891
2582,0.016406,1,100,0,-16.22199,0,0,85.75778,0,0,0.9672893,0.07125056,0.2434646,-0.06934849,0.997458,-0.01638591,-0.2440133,-0.001033988,0.9697716,-369.0094,-49.47722,-426.1632,-33.47485,0.6329534,80.43126,87.12148,-1.733329,-29.65704,1.441974,-0.07342312,-1.373473,0.09188623
2583,0.016681,1,100,0,-7.881493,0,0,86.1676,0,0,0.9726077,0.06958883,0.2217925,-0.06799894,0.9975756,-0.0148059,-0.2222851,-0.0006813258,0.9749817,-369.5572,-49.46646,-424.8148,-31.56237,0.6686013,81.63049,87.52238,-1.689555,-27.34239,1.877552,-0.07436027,-1.266099,0.1200221
2584,0.016958,1,100,0,0.5975075,0,0,86.60361,0,0,0.9771745,0.06742315,0.2014551,-0.06613434,0.9977244,-0.01312912,-0.2018818,-0.0004936578,0.9794098,-370.0815,-49.45498,-423.4239,-29.62467,0.692665,82.79645,87.93948,-1.604813,-24.94556,2.294807,-0.07286181,-1.154964,0.1468816
2585,0.0164,1,100,0,8.797507,0,0,87.07199,0,0,0.9808782,0.06490005,0.1834837,-0.06387688,0.9978919,-0.01148762,-0.1838425,-0.0004524123,0.982956,-370.5573,-49.4436,-422.0602,-27.77939,0.6958342,83.87097,88.35451,-1.515086,-22.60021,2.670672,-0.07094408,-1.046232,0.1710128
2586,0.016684,1,100,0,17.13951,0,0,87.54819,0,0,0.9840185,0.06194051,0.1669455,-0.06116004,0.9980796,-0.00981722,-0.167233,-0.0005500671,0.9859171,-371.0107,-49.43211,-420.6551,-25.94637,0.6718761,84.911,88.78931,-1.436523,-20.17845,3.018302,-0.06977257,-0.9339552,0.1932812
2587,0.016759,1,100,0,25.51901,0,15.0831,88.05392,0,0,0.986609,0.05860669,0.1522107,-0.058043,0.9982809,-0.008147873,-0.1524266,-0.0007960023,0.9883146,-371.4358,-49.42111,-419.2262,-24.21178,0.6243736,85.94499,89.29245,-1.345362,-17.49296,3.336056,-0.06793269,-0.8094806,0.2135998
2588,0.01661,1,100,0,33.82401,0,30.0321,88.63071,0,0,0.9886708,0.05497961,0.139669,-0.05460402,0.9984868,-0.006522737,-0.1398163,-0.001177649,0.9901769,-371.8291,-49.4111,-417.793,-22.602,0.5567325,86.96513,89.85596,-1.242001,-14.60414,3.618319,-0.06526906,-0.6756143,0.2316353
2589,0.01668,1,100,0,42.16401,0,45.0441,89.27032,0,0,0.9902881,0.05104944,0.12932,-0.05083769,0.9986949,-0.004940093,-0.1294034,-0.001682212,0.991591,-372.1978,-49.40229,-416.3367,-21.10022,0.4711407,87.99098,90.48676,-1.125401,-11.48692,3.868137,-0.06165505,-0.5311984,0.2476115
2590,0.016677,1,100,0,50.50251,0,60.0534,89.98071,0,0,0.9914973,0.04686523,0.1213953,-0.04679501,0.9988987,-0.003430786,-0.1214224,-0.002279082,0.9925984,-372.542,-49.39494,-414.8635,-19.72151,0.3767737,89.02467,91.18373,-0.9788437,-8.16957,4.08409,-0.05589043,-0.3775594,0.261467
2591,0.016681,1,100,0,58.84301,0,75.0663,90.75953,0,0,0.9923356,0.04245806,0.1160497,-0.04251094,0.9990941,-0.002020512,-0.1160303,-0.002928353,0.9932415,-372.8641,-49.38923,-413.3727,-18.47268,0.2725281,90.06973,91.94494,-0.8243386,-4.663203,4.264864,-0.04928407,-0.2151945,0.2731435
2592,0.016757,1,100,0,67.22151,0,90.1476,91.60359,0,0,0.9928258,0.03784051,0.1134243,-0.038005,0.9992773,-0.0007125221,-0.1133692,-0.003603279,0.9935464,-373.1674,-49.38528,-411.8574,-17.35773,0.1611227,91.13478,92.77319,-0.6632794,-0.9609087,4.410722,-0.04184332,-0.04378172,0.2826746
2593,0.016622,1,100,0,75.53251,0,100,92.51389,0,0,0.9929682,0.03310373,0.1136588,-0.03337358,0.9994429,0.0004717153,-0.1135798,-0.004261598,0.9935198,-373.4506,-49.38322,-410.3367,-16.39399,0.04749328,92.19371,93.63998,-0.5003833,2.796549,4.519619,-0.03370225,0.1301631,0.2899287
2594,0.016686,1,100,0,83.87551,0,100,93.4581,0,0,0.9927593,0.02822675,0.1167579,-0.02860319,0.9995897,0.001549486,-0.1166663,-0.004877916,0.9931594,-373.7195,-49.38309,-408.7926,-15.57325,-0.07159286,93.22955,94.52132,-0.3516529,6.49976,4.589755,-0.02579111,0.3015851,0.2947763
2595,0.01683,1,100,0,92.29051,0,100,94.40902,0,0,0.9921679,0.02322078,0.1227333,-0.02371088,0.9997156,0.002533996,-0.1226395,-0.005424264,0.9924363,-373.9779,-49.38495,-407.2178,-14.91568,-0.1897566,94.24687,95.42005,-0.2046968,10.1721,4.625028,-0.01731392,0.4715648,0.2974547
2596,0.01652,1,100,0,100.5505,0,100,95.3643,0,0,0.9911692,0.01825585,0.1313407,-0.01886573,0.9998163,0.00340053,-0.1312545,-0.005848339,0.9913315,-374.2218,-49.38868,-405.6555,-14.45655,-0.2982578,95.21635,96.30801,-0.06136632,13.71318,4.625371,-0.008381418,0.6354614,0.2979217
2597,0.016658,1,100,0,85.14186,0,100,96.2902,0,0,0.9897016,0.0132352,0.1425341,-0.01397304,0.9998939,0.004176827,-0.1424637,-0.006125447,0.9897815,-374.4611,-49.39421,-404.0642,-14.19292,-0.3986712,96.16065,97.20323,0.07044115,16.56775,4.592407,0.0006178595,0.7675728,0.2961868
2598,0.016898,1,100,0,93.59086,0,100,97.20245,0,0,0.9877099,0.008167632,0.1560849,-0.009039124,0.9999472,0.004874474,-0.1560369,-0.006225437,0.9877316,-374.7007,-49.40145,-402.4341,-14.13987,-0.4882568,97.07914,98.10471,0.1858757,19.47195,4.526032,0.009087337,0.9019905,0.2922826
2599,0.016462,1,100,0,101.8219,0,100,98.09752,0,0,0.9851933,0.003292376,0.1714163,-0.004295542,0.9999759,0.005481644,-0.1713941,-0.006136804,0.9851836,-374.9343,-49.40989,-400.8313,-14.30392,-0.5606336,97.92887,98.96959,0.2769559,22.29898,4.430174,0.01644796,1.032848,0.2864155
2600,0.016691,1,100,0,86.38269,0,100,98.93297,0,0,0.9819944,-0.001549875,0.1889044,0.0004157046,0.9999819,0.006043415,-0.1889104,-0.005856071,0.9819772,-375.1752,-49.41956,-399.1922,-14.68736,-0.6170607,98.73835,99.82666,0.3454005,24.505,4.303713,0.02281667,1.134966,0.2784271
2601,0.016665,1,100,0,94.71519,0,100,99.73701,0,0,0.9781127,-0.006243173,0.2079825,0.00498576,0.9999661,0.006569429,-0.2080165,-0.005388692,0.9781107,-375.4232,-49.43007,-397.5426,-15.29006,-0.6564863,99.48531,100.6556,0.381438,26.765,4.148541,0.02742368,1.239594,0.2684924
2602,0.016675,1,100,0,103.0527,0,100,100.4918,0,0,0.9734365,-0.01076131,0.2287041,0.009389938,0.9999309,0.00708364,-0.2287645,-0.004747958,0.9734703,-375.6827,-49.44113,-395.8799,-16.1089,-0.6765071,100.1635,101.4528,0.3904985,29.07877,3.967484,0.03059907,1.346722,0.2567762
2603,0.016673,1,100,0,87.63017,0,100,101.1945,0,0,0.9678973,-0.01506532,0.2508942,0.01359215,0.9998786,0.007603559,-0.2509783,-0.003949272,0.9679846,-375.957,-49.45242,-394.2065,-17.13997,-0.6765876,100.7628,102.2124,0.3717754,30.77396,3.76275,0.03208036,1.425218,0.2433579
2604,0.016685,1,100,0,95.97267,0,100,101.8412,0,0,0.9614676,-0.0191245,0.2742527,0.01756361,0.9998127,0.008146045,-0.2743571,-0.003015291,0.9616234,-376.2499,-49.46361,-392.5224,-18.37846,-0.6568787,101.2743,102.9304,0.3261755,32.56863,3.536455,0.03199122,1.508325,0.2284364
2605,0.016676,1,100,0,104.3107,0,100,102.4319,0,0,0.9540467,-0.02290431,0.2987819,0.02126947,0.9997359,0.008722745,-0.2989028,-0.001966973,0.9542819,-376.5643,-49.47435,-390.8312,-19.81329,-0.6182529,101.6883,103.6024,0.2546354,34.45138,3.291296,0.0303641,1.595515,0.2121792
2606,0.016799,1,100,0,88.77159,0,100,102.9627,0,0,0.9455042,-0.02640469,0.3245375,0.02470763,0.9996511,0.009349639,-0.3246711,-0.0008215718,0.9458267,-376.9063,-49.48443,-389.1211,-21.44882,-0.5616565,101.9975,104.2298,0.1577868,35.75571,3.027769,0.02691594,1.65592,0.1946034
2607,0.016562,1,100,0,97.05259,0,100,103.4362,0,0,0.9360375,-0.02952958,0.3506593,0.02777993,0.9995639,0.01002013,-0.3508023,0.0003620721,0.9364496,-377.2714,-49.49335,-387.4307,-23.23997,-0.4903011,102.187,104.7975,0.04166163,37.16768,2.754055,0.02220414,1.721308,0.1762956
2608,0.016678,1,100,0,105.3916,0,100,103.8454,0,0,0.9253503,-0.03233112,0.3777319,0.03053346,0.9994758,0.01074844,-0.3778814,0.001587388,0.9258524,-377.6699,-49.50106,-385.726,-25.20815,-0.4053353,102.2547,105.3168,-0.09337874,38.70831,2.467283,0.01628943,1.79265,0.1570585
2609,0.016933,1,100,0,89.72856,0,100,104.1978,0,0,0.91327,-0.03480601,0.4058652,0.03295938,0.9993901,0.01154071,-0.4060193,0.002837282,0.9138602,-378.1089,-49.50739,-383.9948,-27.36328,-0.3083326,102.1885,105.7891,-0.2462835,39.69874,2.167518,0.008809023,1.838505,0.1369317
2610,0.016417,1,100,0,97.93706,0,91.7915,104.4952,0,0,0.9004229,-0.03683816,0.4334531,0.03493642,0.9993132,0.01235499,-0.4336106,0.004018581,0.9010915,-378.5706,-49.51189,-382.3184,-29.63611,-0.2048332,101.9362,106.1571,-0.4042285,40.66484,1.870856,0.0007567078,1.883227,0.1170116
2611,0.016681,1,100,0,106.2776,0,83.451,104.7036,0,0,0.8861766,-0.03852893,0.461743,0.03655817,0.9992441,0.01321692,-0.4619032,0.00516795,0.8869153,-379.0787,-49.51469,-380.6204,-32.10719,-0.09330977,101.4836,106.4415,-0.5709148,41.65428,1.566233,-0.008022812,1.929025,0.09656145
2612,0.01681,1,100,0,90.72831,0,75.04601,104.8373,0,0,0.8706384,-0.03985025,0.4903069,0.03778966,0.9991862,0.01410686,-0.49047,0.006246555,0.8714357,-379.6331,-49.51562,-378.9181,-34.7413,0.02215493,100.8221,106.6398,-0.74166,41.98037,1.258533,-0.01775353,1.944087,0.0760012
2613,0.016559,1,100,0,99.00781,0,66.7665,104.8997,0,0,0.8543072,-0.04078078,0.5181663,0.03860313,0.9991423,0.01498914,-0.5183331,0.007197513,0.8551488,-380.2234,-49.51463,-377.2531,-37.45469,0.1353265,99.96772,106.754,-0.9059922,42.35991,0.9569992,-0.02731335,1.96162,0.05591297
2614,0.016676,1,100,0,107.3458,0,58.4285,104.9023,0,0,0.8368046,-0.04135361,0.5459377,0.03902774,0.9991122,0.01585951,-0.5461088,0.008035406,0.8376757,-380.8637,-49.51177,-375.5919,-40.27943,0.2453911,98.9054,106.7931,-1.065004,42.79669,0.6573445,-0.03674991,1.981804,0.03601007
2615,0.016729,1,100,0,91.87148,0,50.06401,104.8496,0,0,0.8182507,-0.04157244,0.5733565,0.03906429,0.9990973,0.01669213,-0.5735329,0.008739419,0.819136,-381.5538,-49.50709,-373.9442,-43.18182,0.3486154,97.63915,106.7623,-1.215531,42.6151,0.3630098,-0.04636385,1.973336,0.01663444
2616,0.01654,1,100,0,100.1415,0,41.79401,104.749,0,0,0.7991044,-0.04145481,0.5997615,0.03872906,0.9990975,0.01745501,-0.5999438,0.009279825,0.7999887,-382.2841,-49.50082,-372.337,-46.09509,0.4405786,96.19635,106.6709,-1.350168,42.53562,0.0801241,-0.05514002,1.9696,-0.001895901
2617,0.016682,1,100,0,84.71063,0,33.45301,104.6145,0,0,0.7790748,-0.04101879,0.6255878,0.03803784,0.9991117,0.01813979,-0.6257761,0.00966375,0.779943,-383.0695,-49.49302,-370.7413,-49.05201,0.5207143,94.55807,106.5251,-1.470754,41.88292,-0.1950937,-0.06367484,1.939309,-0.01971633
2618,0.016628,1,100,0,69.32973,0,25.13901,104.4505,0,0,0.7587054,-0.04029124,0.6501868,0.03701704,0.9991394,0.01872007,-0.6503815,0.009864971,0.759544,-383.9012,-49.484,-369.1792,-51.93959,0.5848383,92.68748,106.2499,-1.571698,40.71188,-0.4576772,-0.07152663,1.885011,-0.03649279
2619,0.01668,1,100,0,53.90073,0,16.79901,104.1865,0,0,0.7381968,-0.03929483,0.67344,0.03568783,0.999179,0.019182,-0.6736409,0.009873517,0.7389931,-384.7836,-49.47398,-367.6441,-54.82311,0.632727,90.68532,105.9708,-1.650873,39.0572,-0.7078851,-0.07848083,1.808316,-0.05224688
2620,0.016809,1,100,0,38.35241,0,8.394507,103.9532,0,0,0.7177979,-0.03804884,0.6952112,0.03407134,0.9992291,0.01950943,-0.6954175,0.009682951,0.718541,-385.7213,-49.46317,-366.1316,-57.69096,0.6628808,88.56354,105.6986,-1.706352,36.94347,-0.9453951,-0.08433507,1.710368,-0.06697468
2621,0.016567,1,100,0,30.06891,0,0.1110077,103.7623,0,0,0.6982632,-0.03660862,0.7149044,0.03224,0.9992864,0.01968163,-0.7151148,0.009305562,0.6989452,-386.6924,-49.45212,-364.6762,-60.45568,0.6736455,86.39966,105.4526,-1.735692,34.66378,-1.163924,-0.08864924,1.604748,-0.0803568
2622,0.016709,1,100,0,21.71441,0,0,103.6276,0,0,0.6793265,-0.0349673,0.7330026,0.03019305,0.9993501,0.01969112,-0.7332147,0.00875489,0.6799408,-387.7174,-49.44091,-363.2445,-63.11477,0.6628379,84.2211,105.2478,-1.740827,32.32067,-1.367873,-0.09145101,1.496206,-0.09272495
2623,0.016982,1,100,0,13.22341,0,0,103.5478,0,0,0.6610028,-0.033127,0.749652,0.02794706,0.9994189,0.01952195,-0.7498631,0.008046505,0.6615444,-388.8037,-49.42983,-361.8266,-65.68026,0.6308677,82.03189,105.0882,-1.722638,29.8984,-1.557511,-0.09277413,1.384012,-0.104126
2624,0.01639,1,100,0,5.028409,0,0,103.524,0,0,0.6443278,-0.03120393,0.7641128,0.02565639,0.999487,0.01918146,-0.7643193,0.007245226,0.6447978,-389.8931,-49.41975,-360.4933,-68.0214,0.5814422,79.9644,104.9836,-1.68379,27.53599,-1.722687,-0.09262171,1.274605,-0.1139826
2625,0.016687,1,100,0,-3.315091,0,0,103.5552,0,0,0.6284624,-0.02911822,0.7772949,0.02323803,0.9995561,0.01865582,-0.7774931,0.006338323,0.6288601,-391.0407,-49.41041,-359.1703,-70.27171,0.5147648,77.91763,104.9263,-1.625602,25.09667,-1.87281,-0.09118076,1.161648,-0.1228854
2626,0.016676,1,100,0,-11.65309,0,0,103.6383,0,0,0.6138303,-0.02692173,0.7889789,0.02076726,0.9996232,0.01795233,-0.789165,0.005365246,0.6141582,-392.2243,-49.40226,-357.8818,-72.38667,0.4339949,75.94723,104.919,-1.550479,22.63164,-2.004146,-0.08853017,1.047513,-0.1306337
2627,0.016682,1,100,0,-19.99409,0,0,103.771,0,0,0.6005023,-0.02462876,0.7992437,0.01827301,0.9996873,0.01707623,-0.7994143,0.004350275,0.6007646,-393.443,-49.39553,-356.6253,-74.37077,0.3417495,74.06467,104.9605,-1.460579,20.14061,-2.116715,-0.08478548,0.9321839,-0.1372474
2628,0.016679,1,100,0,-28.33359,0,0,103.95,0,0,0.588563,-0.02225612,0.808145,0.01578521,0.9997468,0.0160366,-0.8082973,0.00331819,0.5887653,-394.6937,-49.39038,-355.3998,-76.22562,0.2409025,72.28337,105.049,-1.358227,17.62722,-2.210341,-0.080073,0.8158264,-0.1427301
2629,0.01674,1,100,0,-36.70359,15.066,0,104.1717,0,0,0.5780959,-0.0198096,0.8157284,0.01331969,0.9998012,0.01484024,-0.8158602,0.002286163,0.5782448,-395.9796,-49.38694,-354.1987,-77.97911,0.1333061,70.6732,105.24,-1.245281,14.82018,-2.285373,-0.07459238,0.6858782,-0.1471015
2630,0.016659,1,100,0,-45.03309,30.0591,0,104.4868,0,0,0.5694107,-0.01732466,0.8218708,0.01091869,0.9998494,0.01351164,-0.8219811,0.001280081,0.5695142,-397.2878,-49.38532,-353.0293,-79.6295,0.02330299,69.2441,105.5254,-1.124503,11.76899,-2.341264,-0.06844845,0.5446305,-0.1503492
2631,0.016675,1,100,0,-53.37059,45.0666,0,104.8895,0,0,0.5626473,-0.0148008,0.8265646,0.008586744,0.9998904,0.0120594,-0.8266525,0.0003123106,0.5627128,-398.6244,-49.38554,-351.8816,-81.19666,-0.08662313,67.98667,105.9013,-0.9973539,8.474643,-2.378741,-0.06169606,0.3921281,-0.1525304
2632,0.016688,1,100,0,-61.71459,60.0858,0,105.3784,0,0,0.5579969,-0.01225104,0.8297526,0.006340282,0.9999248,0.01049983,-0.8298188,-0.0005980087,0.5580326,-399.9876,-49.38757,-350.7531,-82.68631,-0.1935798,66.90451,106.3639,-0.8662003,4.954478,-2.398065,-0.05444234,0.2291728,-0.1536693
2633,0.01668,1,100,0,-70.0546,75.0978,0,105.9497,0,0,0.5556317,-0.009690655,0.8313723,0.004194952,0.9999523,0.008852045,-0.8314184,-0.00143091,0.5556458,-401.3747,-49.39136,-349.6421,-84.10014,-0.2947803,66.00391,106.9085,-0.7337999,1.228633,-2.399596,-0.04682465,0.05669545,-0.1537887
2634,0.016965,1,100,0,-78.53709,90.3663,0,106.5976,0,0,0.5557096,-0.007086555,0.8313463,0.00212509,0.9999726,0.007103451,-0.8313739,-0.00218077,0.5557094,-402.8092,-49.39689,-348.5264,-85.46397,-0.3895257,65.27871,107.5433,-0.6006523,-2.766909,-2.383545,-0.0388513,-0.1282688,-0.1528985
2635,0.016399,1,100,0,-86.7366,100,0,107.3294,0,0,0.5582867,-0.004581182,0.8296355,0.0002390195,0.9999857,0.005360999,-0.8296482,-0.002794675,0.5582798,-404.2174,-49.40371,-347.4588,-86.6933,-0.470757,64.75768,108.2105,-0.4764153,-6.703647,-2.351296,-0.03108556,-0.3105134,-0.151057
2636,0.016695,1,100,0,-95.08409,100,0,108.0792,0,0,0.5634134,-0.002055561,0.8261728,-0.001562714,0.9999927,0.003553737,-0.8261741,-0.003293295,0.5634061,-405.6711,-49.41196,-346.3796,-87.82407,-0.5415576,64.39652,108.9049,-0.3573574,-10.62512,-2.302634,-0.02329609,-0.4920551,-0.1482268
2637,0.01682,1,100,0,-103.4941,100,0,108.8411,0,0,0.5710497,0.0004491777,0.8209153,-0.003256237,0.9999932,0.001717958,-0.820909,-0.003654134,0.5710473,-407.1539,-49.42139,-345.2975,-88.82757,-0.5991025,64.22324,109.6144,-0.2480837,-14.49199,-2.23808,-0.0157869,-0.6710728,-0.1444083
2638,0.016528,1,100,0,-88.2057,100,0,109.5961,0,0,0.5807462,0.002855168,0.8140798,-0.004802501,0.9999886,-8.119643e-05,-0.8140707,-0.003862465,0.5807533,-408.6267,-49.43152,-344.2358,-89.6673,-0.6407161,64.25434,110.3143,-0.1541122,-17.55546,-2.160133,-0.008986841,-0.8129008,-0.1396757
2639,0.016687,1,100,0,-96.54919,100,0,110.3139,0,0,0.5923613,0.005210796,0.8056556,-0.006249601,0.9999787,-0.001872591,-0.8056482,-0.003925776,0.5923812,-410.1268,-49.44236,-343.1623,-90.35934,-0.6670589,64.49231,111.0158,-0.07469946,-20.634,-2.067963,-0.002874625,-0.9554311,-0.1340019
2640,0.016653,1,100,0,-104.8757,100,0,111.0045,0,0,0.605714,0.007471255,0.7956474,-0.007584694,0.9999647,-0.003615717,-0.7956464,-0.003844652,0.6057492,-411.6345,-49.45353,-342.0858,-90.88477,-0.6770801,64.93768,111.7023,-0.01272238,-23.68967,-1.96341,0.002334931,-1.096906,-0.1274788
2641,0.016689,1,100,0,-89.43837,100,0,111.6507,0,0,0.6206405,0.009628288,0.7840363,-0.008820096,0.9999473,-0.005297804,-0.784046,-0.003627243,0.6206927,-413.1533,-49.4648,-340.9985,-91.23677,-0.6708139,65.59011,112.3684,0.03090272,-26.0703,-1.847154,0.006449053,-1.207132,-0.1200883
2642,0.016688,1,100,0,-97.78237,100,0,112.2476,0,0,0.6367701,0.01165857,0.7709655,-0.009959528,0.9999266,-0.006894964,-0.7709893,-0.003287946,0.6368394,-414.6768,-49.47587,-339.8992,-91.40547,-0.6486445,66.44331,113.0048,0.05590253,-28.4915,-1.720556,0.009496352,-1.319239,-0.111957
2643,0.016676,1,100,0,-106.1204,100,0,112.7885,0,0,0.654035,0.0135454,0.756343,-0.01100822,0.9999042,-0.008388185,-0.7563842,-0.002839822,0.6541215,-416.201,-49.48648,-338.7854,-91.38502,-0.6114849,67.48574,113.6042,0.06225941,-30.94729,-1.584978,0.01145305,-1.432946,-0.1031628
2644,0.016672,1,100,0,-90.69877,100,0,113.2678,0,0,0.6722445,0.01527477,0.7401717,-0.01197249,0.9998808,-0.009760585,-0.7402325,-0.002300202,0.6723472,-417.7234,-49.4964,-337.6536,-91.16847,-0.5606136,68.70684,114.1606,0.05039149,-32.76961,-1.441664,0.01214064,-1.517324,-0.09375325
2645,0.016795,1,100,0,-99.09627,100,0,113.682,0,0,0.6912288,0.0168443,0.7224397,-0.01286381,0.9998568,-0.01100445,-0.7225217,-0.001686736,0.6913465,-419.2523,-49.50547,-336.4918,-90.74664,-0.4971758,70.10397,114.6724,0.02204142,-34.69217,-1.290822,0.01181559,-1.606341,-0.08378366
2646,0.016578,1,100,0,-107.3853,100,0,114.0334,0,0,0.710559,0.01821239,0.7034021,-0.01366612,0.9998337,-0.0120824,-0.7035052,-0.001027517,0.7106897,-420.7533,-49.51331,-335.3212,-90.12515,-0.4244587,71.63241,115.1257,-0.02089525,-36.66336,-1.136851,0.01054751,-1.697609,-0.0735428
2647,0.016678,1,100,0,-91.95812,100,0,114.3124,0,0,0.7304167,0.01939829,0.6827264,-0.01439715,0.9998119,-0.01300481,-0.6828502,-0.0003303848,0.7305586,-422.2519,-49.51994,-334.1172,-89.29112,-0.3433712,73.3026,115.5262,-0.0774413,-38.05088,-0.9783447,0.008176245,-1.76185,-0.06293541
2648,0.016861,1,100,0,-100.3886,100,0,114.5244,0,0,0.7506233,0.02039623,0.6604155,-0.01505872,0.9997919,-0.01376188,-0.6605588,0.0003849771,0.7507742,-423.7516,-49.52524,-332.8711,-88.23238,-0.2556236,75.10882,115.8721,-0.1448838,-39.57562,-0.8157718,0.005083016,-1.83244,-0.05201912
2649,0.016497,1,100,0,-85.1289,100,0,114.6723,0,0,0.7703859,0.02117211,0.6372264,-0.01562723,0.9997754,-0.01432513,-0.6373866,0.001077795,0.7705438,-425.2003,-49.52897,-331.6218,-86.98502,-0.1665492,76.9734,116.1522,-0.2190683,-40.51812,-0.6557573,0.001229975,-1.876068,-0.04125603
2650,0.016677,1,100,0,-93.4674,100,0,114.7543,0,0,0.7901113,0.02175462,0.6125771,-0.0161201,0.9997617,-0.01471286,-0.6127512,0.001749994,0.7902737,-426.6429,-49.53125,-330.3271,-85.51501,-0.0756642,78.93504,116.3768,-0.2986778,-41.62451,-0.4944433,-0.003024041,-1.927283,-0.03039626
2651,0.016755,1,100,0,-101.8449,100,0,114.7796,0,0,0.8096647,0.02213595,0.5864753,-0.01652562,0.9997522,-0.01492007,-0.5866601,0.002388392,0.8098298,-428.0664,-49.53201,-328.9932,-83.83033,0.01413738,80.96327,116.5443,-0.3815053,-42.87704,-0.3340955,-0.007556849,-1.985262,-0.01959152
2652,0.016614,1,100,0,-86.47695,100,0,114.7464,0,0,0.8286668,0.02231477,0.5592975,-0.01683282,0.9997468,-0.01494789,-0.5594894,0.002972269,0.8288326,-429.4489,-49.5313,-327.6367,-81.95608,0.09949756,83.01367,116.6537,-0.4647641,-43.5832,-0.1780873,-0.01247643,-2.01794,-0.00910832
2653,0.016685,1,100,0,-94.81945,100,0,114.6583,0,0,0.8471491,0.022301,0.5308871,-0.01704119,0.9997452,-0.01480332,-0.531082,0.00349367,0.8473133,-430.8049,-49.5292,-326.24,-79.87412,0.1795749,85.09394,116.7086,-0.5461823,-44.46379,-0.02553217,-0.0173562,-2.058695,0.001129813
2654,0.016688,1,100,0,-103.1635,100,0,114.5216,0,0,0.8650256,0.0220997,0.5012409,-0.01714157,0.999748,-0.0144965,-0.501435,0.003947786,0.8651865,-432.1253,-49.52579,-324.8083,-77.59824,0.2522194,87.17719,116.7108,-0.6241416,-45.5009,0.121788,-0.02210455,-2.106695,0.01100537
2655,0.01665,1,100,0,-87.7622,100,0,114.336,0,0,0.8821436,0.02172061,0.4704795,-0.01712832,0.9997548,-0.01404024,-0.4706691,0.004326985,0.8822993,-433.4037,-49.52124,-323.3452,-75.13921,0.3157952,89.24198,116.6625,-0.6973631,-46.01384,0.2624851,-0.02690672,-2.130423,0.02037067
2656,0.016678,1,100,0,-96.1012,100,0,114.1052,0,0,0.8983915,0.0211741,0.438685,-0.01699776,0.9997653,-0.01344582,-0.4388667,0.004622948,0.8985406,-434.6423,-49.51567,-321.8454,-72.49372,0.3693847,91.28087,116.5662,-0.7635087,-46.7133,0.3962152,-0.03133068,-2.162789,0.02924269
2657,0.016681,1,100,0,-104.4417,100,0,113.8363,0,0,0.9137356,0.02047126,0.4057934,-0.01674489,0.9997787,-0.01273141,-0.4059642,0.004838172,0.9138761,-435.836,-49.50928,-320.3116,-69.67413,0.4119263,93.27454,116.4251,-0.8219572,-47.58263,0.5218949,-0.03534499,-2.20302,0.03755244
2658,0.016678,1,100,0,-89.01455,100,0,113.5286,0,0,0.928076,0.01962521,0.3718738,-0.01636765,0.9997953,-0.0119147,-0.3720315,0.004971047,0.9282072,-436.9816,-49.50223,-318.7451,-66.68803,0.4428031,95.20816,116.2415,-0.8722367,-47.94098,0.6387405,-0.03915957,-2.219591,0.04518635
2659,0.017014,1,100,0,-97.52155,100,0,113.1851,0,0,0.941523,0.01863067,0.3364336,-0.01585543,0.999814,-0.01099462,-0.3365759,0.005017383,0.9416432,-438.0981,-49.49459,-317.1143,-63.47817,0.4620243,97.10517,116.0134,-0.913468,-48.51257,0.7482988,-0.04246201,-2.246039,0.05229933
2660,0.016365,1,100,0,-105.704,100,0,112.806,0,0,0.9533235,0.01756061,0.3014401,-0.01524076,0.9998335,-0.01004614,-0.3015663,0.004983042,0.9534323,-439.1194,-49.48698,-315.5156,-60.24455,0.4685113,98.84636,115.7594,-0.9431229,-49.23374,0.8438153,-0.04506173,-2.279412,0.05845616
2661,0.016674,1,100,0,-90.28059,100,0,112.4134,0,0,0.964124,0.0163723,0.264947,-0.01449571,0.9998541,-0.009036724,-0.2650563,0.00487193,0.9642207,-440.1049,-49.47919,-313.858,-56.81105,0.4634383,100.5231,115.4669,-0.9638458,-49.46937,0.9309276,-0.04736333,-2.290306,0.06396279
2662,0.016746,1,100,0,-98.65359,100,0,111.9869,0,0,0.9736192,0.01509556,0.2276791,-0.01363247,0.999875,-0.007997416,-0.2277714,0.004682608,0.9737033,-441.0364,-49.47152,-312.1657,-53.23058,0.4468763,102.0984,115.1424,-0.9738311,-49.91439,1.007759,-0.04900848,-2.310896,0.06875775
2663,0.016616,1,100,0,-106.9616,100,0,111.5401,0,0,0.9816907,0.01376032,0.1899846,-0.01266828,0.9998956,-0.006961358,-0.1900606,0.004427122,0.9817625,-441.9007,-49.46424,-310.461,-49.55873,0.4197102,103.5438,114.7936,-0.9734363,-50.54329,1.073199,-0.05001591,-2.340003,0.07277472
2664,0.016682,1,100,0,-91.53075,100,0,111.0764,0,0,0.98838,0.01236685,0.1515002,-0.01160144,0.9999152,-0.005935109,-0.1515608,0.004108522,0.9884397,-442.7064,-49.45743,-308.7262,-45.76175,0.3825895,104.8677,114.4181,-0.9632875,-50.68199,1.128025,-0.05058899,-2.346412,0.07601224
2665,0.016715,1,100,0,-99.88824,100,0,110.5926,0,0,0.9935865,0.01093372,0.112545,-0.0104443,0.9999334,-0.004937348,-0.1125914,0.003730229,0.9936345,-443.4496,-49.45129,-306.9665,-41.85591,0.3365416,106.0587,114.0196,-0.9428402,-51.03601,1.172084,-0.05050268,-2.362794,0.07851832
2666,0.016666,1,100,0,-108.2212,100,0,110.0974,0,0,0.9972717,0.009481777,0.07320733,-0.009214325,0.9999495,-0.00399023,-0.07324146,0.003304787,0.9973087,-444.1252,-49.44597,-305.1929,-37.87286,0.2830131,107.1039,113.6031,-0.9129316,-51.58466,1.205248,-0.04981229,-2.388189,0.08028958
2667,0.016668,1,100,0,-92.80334,100,0,109.5904,0,0,0.9994083,0.008020961,0.03345129,-0.007921482,0.9999641,-0.003105348,-0.03347499,0.002838527,0.9994359,-444.7339,-49.44158,-303.4025,-33.81004,0.2232063,108.0004,113.1692,-0.8742575,-51.6477,1.227878,-0.048666,-2.391101,0.08131502
2668,0.016683,1,100,0,-101.1448,100,0,109.0719,0,0,0.9999574,0.00656444,-0.006500108,-0.006579474,0.9999758,-0.00229422,0.00648489,0.00233689,0.9999764,-445.2751,-49.43821,-301.5964,-29.674,0.1584782,108.7436,112.7198,-0.8268358,-51.93095,1.240315,-0.04693246,-2.40421,0.08166254
2669,0.016683,1,100,0,-85.71307,100,0,108.549,0,0,0.9989032,0.00512608,-0.04654121,-0.005204731,0.9999852,-0.001568904,0.04653247,0.001809418,0.9989151,-445.7469,-49.43593,-299.7788,-25.48086,0.09035224,109.3283,112.2584,-0.771615,-51.74972,1.242888,-0.04473921,-2.395818,0.08133399
2670,0.016683,1,100,0,-94.05457,100,0,108.0241,0,0,0.996251,0.003718006,-0.08643086,-0.003813333,0.9999924,-0.0009378485,0.08642671,0.001263922,0.9962575,-446.1484,-49.4348,-297.9523,-21.24274,0.02033575,109.7516,111.7885,-0.7090671,-51.8091,1.236056,-0.04202316,-2.398565,0.08039469
2671,0.016683,1,100,0,-102.3961,100,0,107.5049,0,0,0.9919913,0.002350429,-0.126285,-0.002421381,0.9999971,-0.0004083406,0.1262837,0.0007108544,0.9919941,-446.4791,-49.43485,-296.1197,-16.97351,-0.05005082,110.0114,111.3132,-0.6402529,-52.08914,1.220295,-0.03886177,-2.411529,0.07887775
2672,0.016694,1,100,0,-86.95412,91.653,0,106.9872,0,0,0.9861219,0.001032139,-0.1660204,-0.001044085,0.9999996,1.532192e-05,0.1660204,0.0001582301,0.9861225,-446.7381,-49.43606,-294.2827,-12.58481,-0.1192341,110.0615,110.7787,-0.5660706,-51.75574,1.196149,-0.03533527,-2.396094,0.07681671
2673,0.016865,1,100,0,-95.38663,83.2205,0,106.4448,0,0,0.9786227,-0.0002400227,-0.205663,0.0003153675,0.9999997,0.0003335708,0.2056629,-0.0003912994,0.9786225,-446.9249,-49.43845,-292.4272,-8.061291,-0.186704,109.8942,110.1897,-0.4866385,-51.52699,1.163915,-0.03141476,-2.385504,0.07424565
2674,0.016583,1,100,0,-103.6781,74.929,0,105.8871,0,0,0.9697309,-0.001425358,-0.2441721,0.001605525,0.9999986,0.0005388486,0.244171,-0.0009145626,0.9697319,-447.0338,-49.44188,-290.6067,-3.558749,-0.2493297,109.5173,109.5754,-0.4051685,-51.39973,1.125014,-0.02727654,-2.379612,0.07127437
2675,0.016648,1,100,0,-88.27873,66.605,0,105.3337,0,0,0.9593484,-0.002544142,-0.2822133,0.002840109,0.9999958,0.0006396676,0.2822105,-0.001415181,0.9593516,-447.0678,-49.44635,-288.7865,0.9903599,-0.3074842,108.927,108.9319,-0.3211401,-50.70015,1.079553,-0.02288231,-2.347225,0.06791996
2676,0.016742,1,100,0,-96.64973,58.234,0,104.7792,0,0,0.9475638,-0.00359313,-0.3195469,0.004007398,0.9999919,0.0006389185,0.319542,-0.001885968,0.9475705,-447.0257,-49.45179,-286.9671,5.567765,-0.360158,108.124,108.2678,-0.2355955,-50.13895,1.02798,-0.0183097,-2.321244,0.06420814
2677,0.016608,1,100,0,-104.9537,49.93,0,104.2349,0,0,0.9345788,-0.004554485,-0.355727,0.005080024,0.9999869,0.0005432747,0.3557199,-0.002314835,0.9345896,-446.9082,-49.45802,-285.1767,10.0822,-0.4056121,107.1289,107.603,-0.1508714,-49.71297,0.9716386,-0.01370238,-2.301523,0.06023155
2678,0.01674,1,100,0,-89.46924,41.56,0,103.7089,0,0,0.9202778,-0.005441358,-0.3912278,0.006065265,0.9999816,0.0003590493,0.3912186,-0.002703325,0.920294,-446.7143,-49.46501,-283.3898,14.58474,-0.4438834,105.933,106.9332,-0.06659696,-48.73569,0.9103881,-0.008990547,-2.256277,0.05600875
2679,0.016633,1,100,0,-97.78574,33.2435,0,103.1965,0,0,0.9050339,-0.006240124,-0.4252938,0.006940594,0.999976,9.757536e-05,0.425283,-0.0030401,0.9050556,-446.4472,-49.47255,-281.6352,18.98867,-0.4736659,104.5657,106.2769,0.01461808,-47.93372,0.8456817,-0.004388547,-2.219147,0.05161241
2680,0.016683,1,100,0,-106.1272,24.902,0,102.7147,0,0,0.8887437,-0.00695763,-0.4583519,0.007708651,0.9999704,-0.0002321557,0.4583399,-0.003326948,0.8887711,-446.1064,-49.48057,-279.899,23.31571,-0.4949046,103.0273,105.6338,0.09265215,-47.28616,0.7775999,8.14239e-05,-2.189167,0.04704203
2681,0.016684,1,100,0,-90.69453,16.56,0,102.2559,0,0,0.8715566,-0.007591525,-0.4902363,0.008362281,0.999965,-0.0006181875,0.4902239,-0.003560709,0.8715895,-445.6938,-49.4889,-278.1894,27.53642,-0.5072269,101.335,105.0109,0.1664581,-46.11763,0.7069761,0.004436734,-2.135067,0.04239251
2682,0.016683,1,100,0,-99.03603,8.218502,0,101.8233,0,0,0.8536721,-0.008143462,-0.5207472,0.008899082,0.9999599,-0.001048949,0.5207348,-0.003738714,0.8537104,-445.2116,-49.49737,-276.5088,31.63655,-0.5105953,99.50322,104.4128,0.2348207,-45.1394,0.6344309,0.00850747,-2.089776,0.03766143
2683,0.016683,1,100,0,-83.60426,0,0,101.4231,0,0,0.8352054,-0.00861487,-0.5498707,0.009318783,0.9999555,-0.001511972,0.5498593,-0.003861319,0.8352486,-444.6617,-49.50586,-274.8595,35.60154,-0.5051425,97.54941,103.8442,0.2971941,-43.6726,0.5605342,0.01235178,-2.021866,0.03292711
2684,0.016881,1,100,0,-67.98933,0,0,101.0558,0,0,0.8162222,-0.009013623,-0.5776679,0.009625955,0.9999518,-0.002001619,0.5776581,-0.003926839,0.8162696,-444.0392,-49.5143,-273.2239,39.41494,-0.4904731,95.53414,103.3467,0.3532842,-41.87141,0.484941,0.01592621,-1.938474,0.02815669
2685,0.016486,1,100,0,-52.73978,0,0,100.7519,0,0,0.797656,-0.009329969,-0.6030406,0.009814695,0.9999489,-0.002488624,0.6030331,-0.003933594,0.7977068,-443.37,-49.52226,-271.6597,42.9514,-0.4677258,93.54355,102.9341,0.4003024,-39.84047,0.4108047,0.01904159,-1.844445,0.02354192
2686,0.01668,1,100,0,-37.31078,0,0,100.5233,0,0,0.7790997,-0.009580463,-0.6268269,0.009899552,0.9999466,-0.002978835,0.626822,-0.003884497,0.7791529,-442.6346,-49.52989,-270.1105,46.34837,-0.4372311,91.51828,102.5863,0.4396991,-37.52463,0.3359899,0.02178427,-1.737224,0.01894131
2687,0.016941,1,100,0,-28.84028,0,0,100.3606,0,0,0.7607214,-0.009766533,-0.649005,0.009883426,0.9999452,-0.003462936,0.6490032,-0.003780063,0.7607762,-441.831,-49.53709,-268.5715,49.61548,-0.399466,89.46583,102.3034,0.4709477,-35.12968,0.2606784,0.02407947,-1.626344,0.01434485
2688,0.016419,1,100,0,-20.63078,0,0,100.2656,0,0,0.7435184,-0.009882955,-0.6686425,0.00977664,0.9999446,-0.003908361,0.6686441,-0.003631138,0.7435738,-440.9999,-49.54342,-267.1132,52.60538,-0.3571639,87.50056,102.097,0.4925718,-32.7807,0.1887417,0.02580605,-1.517591,0.009978767
2689,0.016681,1,100,0,-12.29028,0,0,100.2387,0,0,0.7267827,-0.00993967,-0.6867956,0.009585737,0.9999447,-0.004327885,0.6868007,-0.00343801,0.7268378,-440.1064,-49.54911,-265.6644,55.47205,-0.309653,85.53923,101.952,0.506296,-30.35843,0.1171151,0.02708136,-1.405446,0.005648465
2690,0.016696,1,100,0,-3.942283,0,0,100.2724,0,0,0.7109126,-0.00993625,-0.7032104,0.00932046,0.9999457,-0.004706525,0.7032189,-0.003208316,0.7109666,-439.1652,-49.554,-264.2468,58.17188,-0.2585738,83.62703,101.8701,0.5120051,-27.90408,0.04727544,0.02788339,-1.291817,0.001436073
2691,0.016644,1,100,0,4.379717,0,0,100.3644,0,0,0.6960859,-0.009874898,-0.7178908,0.00899152,0.9999471,-0.005036289,0.7179025,-0.00294924,0.6961378,-438.183,-49.558,-262.8651,60.69903,-0.2052491,81.78474,101.8487,0.5101364,-25.43096,-0.0201156,0.02822891,-1.177319,-0.002625169
2692,0.016693,1,100,0,12.72622,0,0,100.51,0,0,0.6823161,-0.00975731,-0.7309923,0.008606477,0.999949,-0.005313975,0.7310068,-0.002665457,0.6823653,-437.1565,-49.56112,-261.5096,63.07421,-0.1504773,80.01271,101.8843,0.5013141,-22.92496,-0.08517016,0.02815202,-1.061299,-0.006547816
2693,0.016673,1,100,0,21.06272,0,0,100.706,0,0,0.6697586,-0.009585718,-0.7425171,0.008175952,0.9999515,-0.005534334,0.7425342,-0.002364117,0.6698045,-436.0925,-49.56333,-260.1849,65.29181,-0.09552965,78.32985,101.9735,0.4861653,-20.3994,-0.1472516,0.02768207,-0.9443755,-0.01029802
2694,0.017572,1,100,0,29.84872,0,0,100.9473,0,0,0.6578976,-0.009349082,-0.7530495,0.00768258,0.9999544,-0.005702553,0.7530684,-0.002033667,0.6579394,-434.9324,-49.56467,-258.8182,67.47063,-0.03837311,76.65711,102.1205,0.4643632,-17.70235,-0.2093688,0.02681948,-0.8195128,-0.01406216
2695,0.016082,1,100,0,37.88972,0,0,101.2458,0,0,0.6483837,-0.009082798,-0.7612597,0.007202505,0.9999575,-0.005796215,0.7612799,-0.001724805,0.6484216,-433.8375,-49.56502,-257.593,69.31733,0.01215879,75.23728,102.3012,0.4394248,-15.23567,-0.2627423,0.02570376,-0.7053155,-0.01731041
2696,0.016659,1,100,0,46.21922,0,0,101.5554,0,0,0.6399063,-0.008760281,-0.768403,0.006684925,0.9999607,-0.00583315,0.7684239,-0.001404047,0.6399398,-432.6728,-49.56454,-256.3472,71.09438,0.06206975,73.87666,102.5289,0.4097616,-12.6548,-0.3145144,0.02429239,-0.5858324,-0.02047758
2697,0.01666,1,100,0,54.54922,0,0,101.9071,0,0,0.6328956,-0.008392036,-0.7741916,0.006153124,0.9999642,-0.005809221,0.7742127,-0.001087066,0.6329246,-431.4793,-49.56325,-255.1232,72.73424,0.1087317,72.63873,102.7943,0.3768353,-10.05765,-0.3624279,0.02265285,-0.4655953,-0.02342726
2698,0.016951,1,100,0,63.02472,0,0,102.2865,0,0,0.6273105,-0.007973061,-0.7787285,0.00560376,0.9999679,-0.005724084,0.7787492,-0.0007730301,0.6273351,-430.2377,-49.56116,-253.8983,74.266,0.1522731,71.51117,103.0985,0.3408204,-7.39596,-0.4070469,0.02079716,-0.3423714,-0.02619457
2699,0.01642,1,100,0,71.23472,0,0,102.6959,0,0,0.6234372,-0.007526775,-0.7818372,0.005068764,0.9999715,-0.005584928,0.781857,-0.0004810961,0.6234576,-429.0109,-49.55846,-252.7293,75.61728,0.1900036,70.55607,103.4223,0.3041978,-4.811734,-0.4460348,0.01885472,-0.2227334,-0.02863321
2700,0.016681,1,100,0,79.57522,0,0,103.1105,0,0,0.6210634,-0.007035876,-0.7837288,0.004526988,0.9999753,-0.005389818,0.7837474,-0.0002005131,0.6210798,-427.7426,-49.55511,-251.557,76.86138,0.2235757,69.72576,103.7757,0.2660148,-2.170247,-0.4813505,0.01678013,-0.1004447,-0.03086356
2701,0.016759,1,100,0,87.95472,0,0,103.5451,0,0,0.6202864,-0.006507565,-0.7843485,0.00398814,0.9999789,-0.005142662,0.7843654,6.18319e-05,0.6202992,-426.4482,-49.55121,-250.3923,77.98067,0.2521189,69.03968,104.1515,0.2272934,0.4961146,-0.5123203,0.01462741,0.02299555,-0.03284161
2702,0.016622,1,100,0,96.26572,0,0,103.9906,0,0,0.6211218,-0.005952064,-0.7836915,0.003462154,0.9999823,-0.004850812,0.7837064,0.0002996849,0.6211315,-425.1465,-49.54689,-249.2476,78.96055,0.2750287,68.5112,104.5401,0.1892321,3.149106,-0.5384552,0.01246388,0.1458169,-0.03453315
2703,0.01668,1,100,0,104.6057,0,0,104.4364,0,0,0.623566,-0.005366766,-0.7817523,0.002945137,0.9999855,-0.004515753,0.7817652,0.0005135026,0.6235728,-423.8247,-49.54221,-248.1069,79.81328,0.29252,68.13571,104.9415,0.1519861,5.821744,-0.5600551,0.01029892,0.2695479,-0.03595417
2704,0.01665,1,100,0,89.20446,0,0,104.883,0,0,0.6274727,-0.004758683,-0.778624,0.002441921,0.9999884,-0.004143707,0.7786347,0.0006987245,0.627477,-423.1582,-49.53727,-246.7727,28.85493,0.2894081,80.22015,105.3491,-4.245485,21.60415,4.975706,-0.2703149,0.9997795,0.3186881
2705,0.016731,1,100,0,97.56996,0,0,72.80396,0,0,0.6405745,-0.01006422,-0.7678302,0.009104786,0.9999436,-0.005510804,0.7678424,-0.003460849,0.64063,-422.6968,-49.53269,-245.4448,26.7076,0.2844532,74.03479,82.40068,-4.434091,23.39266,5.34506,-0.2800411,1.082576,0.3440716
2706,0.016705,1,100,0,105.9225,0,0,67.93515,0,0,0.65449,-0.0158493,-0.7559046,0.01614757,0.9998453,-0.006982924,0.7558984,-0.007635771,0.6546447,-422.2606,-49.52838,-244.2221,25.43378,0.248327,68.43862,76.41616,-4.438359,25.03321,5.560994,-0.2774397,1.158587,0.3598763
2707,0.016718,1,100,0,90.45831,0,0,64.02644,0,0,0.6689821,-0.02197217,-0.7429537,0.02334132,0.999691,-0.008547578,0.7429119,-0.01162334,0.6692883,-421.8456,-49.52481,-243.0885,24.31404,0.1885968,63.58955,71.29761,-4.346334,26.06801,5.702101,-0.2684051,1.206619,0.3709134
2708,0.016683,1,100,0,98.79981,0,0,60.62074,0,0,0.683752,-0.028335,-0.7291642,0.0305442,0.9994815,-0.0101975,0.7290751,-0.01529918,0.6842629,-421.4502,-49.52234,-242.0352,23.38344,0.1128625,59.37751,66.86096,-4.179129,27.18936,5.762596,-0.2541678,1.258731,0.3768024
2709,0.016784,1,100,0,107.1918,0,0,57.67638,0,0,0.6989287,-0.03490314,-0.7143394,0.03770218,0.9992179,-0.01193369,0.7141972,-0.01859136,0.699698,-421.0679,-49.52119,-241.0436,22.6256,0.0264064,55.70633,63.02205,-3.95552,28.4051,5.745428,-0.235901,1.315287,0.3776958
2710,0.016569,1,100,0,91.86549,0,0,55.13625,0,0,0.714111,-0.0414639,-0.6988034,0.04459317,0.9989113,-0.01370098,0.6986107,-0.02137784,0.7151825,-420.6725,-49.52148,-240.1325,26.35239,-0.1132187,53.58116,59.71099,-3.146815,28.62864,5.313783,-0.1805919,1.326209,0.3515112
2711,0.016689,1,100,0,100.21,0,0,56.7328,0,0,0.7291986,-0.0476723,-0.6826397,0.05062879,0.9985951,-0.01565523,0.682427,-0.02314545,0.7305878,-420.2153,-49.52397,-239.2463,29.48373,-0.2259509,52.14268,59.9016,-2.441201,29.05643,4.850589,-0.1318532,1.346586,0.3228873
2712,0.017012,1,100,0,84.47388,0,0,58.22053,0,0,0.7443435,-0.05352845,-0.665648,0.05591567,0.9982775,-0.0177508,0.6654516,-0.02400745,0.7460545,-419.6988,-49.52826,-238.3643,32.11811,-0.3078899,51.26763,60.49825,-1.832541,28.99515,4.352905,-0.08988778,1.344259,0.2913957
2713,0.016354,1,100,0,92.65089,0,0,59.62889,0,0,0.7585509,-0.05864777,-0.6489693,0.06022604,0.9979887,-0.01979337,0.6488249,-0.02407057,0.7605574,-419.1623,-49.53353,-237.528,34.173,-0.3522677,50.89672,61.30574,-1.348981,29.15635,3.853868,-0.05610092,1.352161,0.2595021
2714,0.016646,1,100,0,100.9739,0,0,60.89065,0,0,0.7727656,-0.06331342,-0.6315259,0.0638998,0.9977176,-0.02183497,0.631467,-0.02348107,0.7750475,-418.5841,-49.53946,-236.6808,35.85858,-0.3652104,50.89292,62.25801,-0.9525865,29.53176,3.329474,-0.0278664,1.369926,0.2257335
2715,0.01673,1,100,0,85.49863,0,0,62.09652,0,0,0.7867844,-0.06741217,-0.6135357,0.06691604,0.997475,-0.02378584,0.61359,-0.02234105,0.7893087,-418.0656,-49.54547,-235.7876,31.87511,-0.3345897,51.04886,63.28059,-1.256311,30.73114,3.396225,-0.04372974,1.425342,0.2299008
2716,0.016638,1,100,0,93.81763,0,0,59.85903,0,0,0.8008702,-0.07154492,-0.5945488,0.07016577,0.9972098,-0.02548423,0.5947131,-0.02130741,0.8036557,-417.5584,-49.55105,-234.923,30.62337,-0.3254661,49.99919,61.17106,-1.369949,30.97486,3.064893,-0.04842779,1.436515,0.208194
2717,0.01679,1,100,0,78.28688,0,0,58.40119,0,0,0.8146809,-0.07531902,-0.5749977,0.07323353,0.9969541,-0.02683079,0.5752671,-0.02025058,0.8177153,-417.0361,-49.55647,-234.0818,32.07792,-0.3173211,50.31399,59.67068,-1.071876,30.55056,2.477305,-0.02782177,1.417145,0.1697897
2718,0.016629,1,100,0,62.90506,0,0,59.60232,0,0,0.8276983,-0.07837898,-0.5556729,0.0755985,0.9967456,-0.02798615,0.556058,-0.01884395,0.83093,-416.4966,-49.56152,-233.2421,33.16759,-0.27734,50.87767,60.7347,-0.8523738,29.73001,1.890908,-0.01323952,1.379277,0.1311616
2719,0.017134,1,100,0,47.05611,0,0,60.72411,0,0,0.8402767,-0.08081194,-0.5361013,0.07737919,0.9965817,-0.02894186,0.5366076,-0.01716392,0.8436576,-415.9237,-49.56589,-232.3659,33.97988,-0.2095669,51.66051,61.83433,-0.690577,28.49378,1.286774,-0.00335903,1.322022,0.09117123
2720,0.016258,1,100,0,38.92711,0,0,61.82124,0,0,0.8513462,-0.08243126,-0.5180877,0.07847445,0.9964768,-0.02959327,0.5187018,-0.01546253,0.8548155,-415.3684,-49.56885,-231.5211,34.49181,-0.1257597,52.55414,62.86206,-0.5860068,27.19549,0.7181895,0.002265897,1.261797,0.05350747
2721,0.016685,1,100,0,30.58461,0,0,62.81701,0,0,0.8618343,-0.08341125,-0.5002841,0.07903065,0.996421,-0.02998577,0.5009948,-0.01369501,0.8653418,-414.7912,-49.5704,-230.6386,34.80404,-0.02718251,53.5812,63.89262,-0.5162975,25.73483,0.1434055,0.005049895,1.193973,0.01545467
2722,0.016653,1,100,0,22.25811,0,0,63.80307,0,0,0.8714246,-0.0837124,-0.483334,0.07903147,0.9964181,-0.03008808,0.4841215,-0.0119791,0.8749192,-414.2108,-49.57027,-229.7402,34.93287,0.07793766,54.68861,64.89342,-0.474961,24.16368,-0.4172043,0.005509246,1.120971,-0.02159907
2723,0.017074,1,100,0,13.72111,0,0,64.75894,0,0,0.8803626,-0.08334439,-0.4669214,0.07848153,0.9964675,-0.02989318,0.4677635,-0.01032788,0.8837937,-413.6145,-49.56833,-228.7996,34.91066,0.1867426,55.88269,65.8913,-0.4522038,22.4408,-0.9745745,0.004268487,1.040897,-0.05835161
2724,0.016319,1,100,0,5.561611,0,0,65.71677,0,0,0.8880711,-0.08237167,-0.4522662,0.07744852,0.9965621,-0.02942667,0.4531353,-0.008894371,0.8913976,-413.0455,-49.56474,-227.8812,34.76907,0.2865267,57.06111,66.82021,-0.4410567,20.71042,-1.48649,0.002071554,0.9604678,-0.09201081
2725,0.016649,1,100,0,-2.762889,0,0,66.61668,0,0,0.8951246,-0.08079179,-0.4384343,0.07590947,0.996702,-0.02868595,0.439306,-0.007603817,0.8983054,-412.6298,-49.55945,-226.8214,32.08589,0.3705977,56.93684,67.74669,-0.6575305,17.60565,-1.742973,-0.0168107,0.8159627,-0.1093434
2726,0.016998,1,100,0,-11.26189,0,0,65.23937,0,0,0.9010745,-0.07885602,-0.426435,0.07419858,0.9968629,-0.0275545,0.42727,-0.006812211,0.9040987,-412.0855,-49.5528,-225.8465,31.10729,0.4156054,55.86049,66.34542,-0.9052542,15.29405,-2.242706,-0.03650056,0.7082259,-0.1419029
2727,0.016461,1,100,0,-19.49239,0,0,63.79178,0,0,0.9059807,-0.07644508,-0.4163597,0.07218839,0.9970527,-0.02598351,0.4171189,-0.006515773,0.908829,-411.5741,-49.54566,-224.9205,30.9838,0.469685,57.0275,64.90264,-0.7960013,13.44778,-2.688162,-0.032668,0.6226006,-0.1707528
2728,0.016687,1,100,0,-27.83589,15.0183,0,64.74911,0,0,0.9102556,-0.07351658,-0.4074678,0.06967838,0.9972742,-0.02427442,0.4081416,-0.006295769,0.9128969,-411.0579,-49.53759,-223.9622,30.83818,0.511637,58.23673,65.89971,-0.6868242,11.33538,-3.108685,-0.02913736,0.5246408,-0.1979991
2729,0.016662,1,100,0,-36.16689,30.0141,0,65.74726,0,0,0.9137827,-0.07013875,-0.4001023,0.06672959,0.9975182,-0.02246508,0.400685,-0.006170463,0.9161952,-410.5449,-49.5289,-222.9851,30.6891,0.5393806,59.46397,66.91843,-0.5762888,9.003966,-3.494917,-0.02564699,0.4165441,-0.2230392
2730,0.016692,1,100,0,-44.51289,45.0369,0,66.77394,0,0,0.9165378,-0.06633711,-0.3944082,0.06336697,0.9977782,-0.02056626,0.3948962,-0.006142696,0.918705,-410.0334,-49.51982,-221.9856,30.55221,0.5524764,60.7082,67.9649,-0.462069,6.458538,-3.846292,-0.02194372,0.2985523,-0.2458463
2731,0.016656,1,100,0,-52.84089,60.0273,0,67.83449,0,0,0.9184741,-0.06216449,-0.3905651,0.05963971,0.9980468,-0.01860265,0.3909586,-0.006207129,0.9203877,-409.5251,-49.51063,-220.9675,30.4431,0.5509002,61.96009,69.03723,-0.3436936,3.722867,-4.159739,-0.01786655,0.1717751,-0.2662341
2732,0.016665,1,100,0,-61.17339,75.0258,0,68.92589,0,0,0.9195586,-0.05764951,-0.3887014,0.05557608,0.9983169,-0.01658603,0.3890034,-0.006350676,0.9212148,-409.0182,-49.50153,-219.9279,30.3756,0.5352422,63.21932,70.14019,-0.2209095,0.8002092,-4.434927,-0.01329884,0.03636748,-0.2841953
2733,0.016682,1,100,0,-69.51439,90.0396,0,70.05139,0,0,0.9197415,-0.05282866,-0.3889534,0.0512121,0.9985821,-0.01453093,0.3891695,-0.006554416,0.9211428,-408.5115,-49.49276,-218.8662,30.36318,0.5064451,64.48304,71.27582,-0.09458332,-2.301543,-4.670873,-0.008191468,-0.1073024,-0.299679
2734,0.016644,1,100,0,-77.83639,100,0,71.2112,0,0,0.9189709,-0.04775821,-0.3914229,0.04660233,0.9988361,-0.01245824,0.3915623,-0.006792461,0.920127,-408.0059,-49.48455,-217.786,30.41501,0.465973,65.73212,72.42928,0.03320152,-5.502473,-4.866109,-0.002518753,-0.255532,-0.3125907
2735,0.016682,1,100,0,-86.17739,100,0,72.3881,0,0,0.9172012,-0.04245622,-0.3961561,0.04176647,0.9990737,-0.01037126,0.3962294,-0.007033506,0.9181249,-407.4978,-49.47706,-216.6828,30.53966,0.4151897,66.94372,73.58196,0.160362,-8.693027,-5.021194,0.003735474,-0.403249,-0.322955
2736,0.016691,1,100,0,-94.52289,100,0,73.56049,0,0,0.9143975,-0.03697312,-0.4031259,0.03675344,0.9992902,-0.00828431,0.403146,-0.00724111,0.9151074,-406.9869,-49.47046,-215.5589,30.75329,0.3559683,68.1084,74.73048,0.283016,-11.86822,-5.135554,0.01035177,-0.5502303,-0.3307267
2737,0.016871,1,100,0,-102.9584,100,0,74.72198,0,0,0.9104646,-0.03129371,-0.4124018,0.03155275,0.9994832,-0.006182994,0.4123822,-0.007383015,0.9109815,-406.4663,-49.46482,-214.4035,31.07371,0.2897719,69.22986,75.88434,0.3985683,-15.06379,-5.210052,0.01717424,-0.6981376,-0.3359514
2738,0.01648,1,100,0,-87.71439,100,0,75.87923,0,0,0.9055567,-0.02565693,-0.4234486,0.02638452,0.9996432,-0.00414477,0.4234038,-0.007419163,0.9059106,-405.9518,-49.46043,-213.2569,31.50224,0.2212479,70.26228,77.00148,0.4993402,-17.5142,-5.242813,0.02402243,-0.8115295,-0.3383845
2739,0.016686,1,100,0,-96.05739,100,0,76.98787,0,0,0.8995911,-0.01990882,-0.436279,0.02110768,0.999775,-0.002099702,0.4362226,-0.007319963,0.8998089,-405.4231,-49.45713,-212.0791,32.05955,0.15059,71.23742,78.11919,0.5840489,-20.03828,-5.23721,0.03034662,-0.9283347,-0.3383228
2740,0.016777,1,100,0,-104.4459,100,0,78.08406,0,0,0.8924922,-0.01413252,-0.4508413,0.01580283,0.9998752,-5.956879e-05,0.4507859,-0.007071404,0.8926042,-404.8814,-49.45499,-210.8789,32.75004,0.08084817,72.13947,79.22546,0.6491475,-22.61415,-5.193218,0.03592899,-1.047543,-0.3357375
2741,0.016581,1,100,0,-89.10846,100,0,79.15468,0,0,0.8843722,-0.008473077,-0.4667054,0.01060567,0.9999418,0.001942935,0.4666618,-0.006668003,0.8844107,-404.3339,-49.45402,-209.6783,33.56561,0.01567015,72.94539,80.29745,0.6913043,-24.53184,-5.11301,0.04061774,-1.136288,-0.3306612
2742,0.016647,1,100,0,-97.43196,100,0,80.17737,0,0,0.8751813,-0.002887892,-0.4837865,0.005478703,0.9999773,0.003941888,0.4837641,-0.00610039,0.8751773,-403.7699,-49.45409,-208.46,34.51808,-0.04376062,73.66198,81.34856,0.7090166,-26.54236,-4.997694,0.04408645,-1.229341,-0.3232389
2743,0.016666,1,100,0,-105.765,100,0,81.16617,0,0,0.8648329,0.00256366,-0.5020533,0.0004815559,0.9999824,0.005935784,0.5020597,-0.005375228,0.8648165,-403.1886,-49.45512,-207.2288,35.6038,-0.09523389,74.27989,82.37197,0.7012172,-28.63243,-4.849159,0.04625556,-1.32609,-0.3135743
2744,0.016687,1,100,0,-90.32948,100,0,82.11421,0,0,0.8533014,0.007838647,-0.5213593,-0.00434205,0.9999592,0.007927835,0.5214002,-0.004501065,0.8533006,-402.5877,-49.45694,-205.9865,36.82145,-0.13707,74.79134,83.36416,0.667217,-30.12897,-4.669407,0.04697165,-1.395371,-0.3017261
2745,0.01676,1,100,0,-98.70948,100,0,83.01882,0,0,0.8406149,0.01290987,-0.5414794,-0.008962932,0.9999106,0.0099253,0.5415592,-0.003490113,0.8406554,-401.9631,-49.45942,-204.7307,38.172,-0.1680912,75.19015,84.32489,0.6070186,-31.75298,-4.459985,0.04620438,-1.470563,-0.28786
2746,0.016728,1,100,0,-107.0735,100,0,83.88199,0,0,0.8267361,0.01770744,-0.5623112,-0.01331137,0.9998405,0.01191444,0.5624325,-0.002364963,0.82684,-401.3163,-49.46235,-203.4713,39.64102,-0.1872513,75.46745,85.24541,0.5216058,-33.48288,-4.224563,0.0439853,-1.550666,-0.2722058
2747,0.016599,1,100,0,-91.71941,100,0,84.69534,0,0,0.811747,0.02217243,-0.5835883,-0.0173283,0.9997536,0.01388098,0.5837523,-0.001155252,0.8119312,-400.6497,-49.46551,-202.2177,41.21264,-0.1942506,75.6166,86.11846,0.412778,-34.63681,-3.967483,0.04012555,-1.604105,-0.2550294
2748,0.016918,1,100,0,-100.1784,100,0,85.45367,0,0,0.7953176,0.0263896,-0.6056183,-0.02108224,0.9996518,0.01587358,0.6058263,0.0001432458,0.7955971,-399.9428,-49.46878,-200.9383,42.92263,-0.1891889,75.63444,86.96526,0.2804565,-35.96431,-3.68456,0.03486754,-1.665583,-0.236089
2749,0.016548,1,100,0,-84.87151,100,0,86.17817,0,0,0.7781104,0.03016085,-0.6274031,-0.02439085,0.999544,0.01780088,0.6276539,0.001451849,0.7784912,-399.2227,-49.47183,-199.6873,44.69328,-0.1728545,75.51545,87.75023,0.1318358,-36.73545,-3.389798,0.02817032,-1.701295,-0.2163373
2750,0.016703,1,100,0,-93.22301,100,0,86.83977,0,0,0.7597129,0.03359278,-0.6493905,-0.02734104,0.9994318,0.01971441,0.6496838,0.002777725,0.7601997,-398.4658,-49.47457,-198.4273,46.5674,-0.1459245,75.25634,88.49893,-0.03276463,-37.69118,-3.077478,0.02043678,-1.745554,-0.1954027
2751,0.016938,1,100,0,-101.692,100,0,87.46352,0,0,0.7398848,0.036671,-0.6717334,-0.02991478,0.999319,0.02160461,0.6720682,0.004109833,0.740478,-397.6659,-49.47684,-197.1548,48.545,-0.1092713,74.84937,89.21354,-0.2120339,-38.82753,-2.748692,0.01175502,-1.798173,-0.1733495
2752,0.016379,1,100,0,-86.54144,100,0,88.04941,0,0,0.7195851,0.03924718,-0.6932943,-0.03198649,0.9992151,0.0233658,0.6936671,0.005362369,0.7202756,-396.86,-49.47841,-195.9317,50.52322,-0.06641324,74.31359,89.86162,-0.3947353,-39.42294,-2.42173,0.002243607,-1.825731,-0.1514685
2753,0.016722,1,100,0,-94.90244,100,0,88.57221,0,0,0.6978499,0.0414672,-0.7150427,-0.03367084,0.9991182,0.02508025,0.7154522,0.006573845,0.6986308,-396.0035,-49.47925,-194.6928,52.59767,-0.01682237,73.62196,90.48042,-0.5853492,-40.22191,-2.082115,-0.007823584,-1.862713,-0.1287542
2754,0.016675,1,100,0,-103.2399,100,0,89.06557,0,0,0.675042,0.04326182,-0.7365098,-0.03491512,0.999034,0.02668105,0.7369526,0.007704496,0.6759005,-395.1147,-49.47924,-193.4697,54.71079,0.03653515,72.78595,91.05529,-0.7770437,-41.19127,-1.740336,-0.01807612,-1.907583,-0.1059026
2755,0.016771,1,100,0,-87.72676,100,0,89.51559,0,0,0.650976,0.04464508,-0.7577843,-0.03573104,0.9989647,0.02815947,0.7582569,0.008745277,0.6518973,-394.185,-49.47832,-192.2545,56.87062,0.09222984,71.79638,91.59146,-0.9691758,-41.65315,-1.396368,-0.02900649,-1.928936,-0.08301808
2756,0.016683,1,100,0,-96.06826,100,0,89.92722,0,0,0.6260654,0.0456074,-0.7784358,-0.03611555,0.9989128,0.02947851,0.7789339,0.009658162,0.6270319,-393.2241,-49.47648,-191.0629,59.0439,0.1476638,70.66338,92.08429,-1.154009,-42.31279,-1.056626,-0.03960159,-1.959446,-0.06044923
2757,0.01666,1,100,0,-104.3983,100,0,90.30091,0,0,0.6001045,0.04616287,-0.7985886,-0.03609173,0.9988794,0.03061944,0.7991072,0.01044758,0.6010981,-392.2283,-49.47373,-189.8926,61.22742,0.201117,69.3857,92.53764,-1.330635,-43.15427,-0.7224211,-0.04981041,-1.998377,-0.03827455
2758,0.016695,1,100,0,-88.95538,100,0,90.63699,0,0,0.5730245,0.04632461,-0.818228,-0.03567849,0.9988648,0.031565,0.8187613,0.01110562,0.5740267,-391.1938,-49.4701,-188.7421,63.41904,0.2510431,67.95876,92.95391,-1.498177,-43.49836,-0.3950991,-0.0601391,-2.014258,-0.01671874
2759,0.016647,1,100,0,-97.27888,100,0,90.93799,0,0,0.5451295,0.04610967,-0.837083,-0.03490029,0.9988689,0.0322935,0.8376253,0.0116103,0.5461222,-390.126,-49.46567,-187.6193,65.59853,0.2955629,66.39082,93.33271,-1.650985,-44.04948,-0.07850541,-0.06964626,-2.039731,0.004080276
2760,0.016718,1,100,0,-105.6379,100,0,91.20792,0,0,0.5160969,0.04553139,-0.8553193,-0.03378335,0.9988914,0.03278943,0.855864,0.01197303,0.517063,-389.0171,-49.46052,-186.5189,67.77062,0.3334896,64.67367,93.67845,-1.789514,-44.79527,0.2274458,-0.07837412,-2.074222,0.02413552
2761,0.016658,1,100,0,-90.22923,100,0,91.44678,0,0,0.486183,0.0446136,-0.8727176,-0.03236787,0.9989302,0.03303379,0.8732577,0.01218754,0.4871069,-387.8763,-49.4548,-185.4517,69.90929,0.3633132,62.82191,93.98954,-1.91198,-45.04839,0.5183427,-0.08675461,-2.085885,0.04300822
2762,0.017017,1,100,0,-98.73773,100,0,91.65425,0,0,0.4548002,0.04335229,-0.8895377,-0.03064611,0.9989848,0.03301762,0.890066,0.01224445,0.4556671,-386.6743,-49.44849,-184.3941,72.05798,0.384607,60.78795,94.27447,-2.017687,-45.53177,0.7994876,-0.09416952,-2.108216,0.06118038
2763,0.016355,1,100,0,-106.9152,100,0,91.84013,0,0,0.42373,0.04184943,-0.9048213,-0.02876624,0.9990501,0.03273636,0.9053319,0.01215693,0.4245314,-385.4847,-49.44213,-183.4112,74.08042,0.3954073,58.70157,94.51952,-2.100021,-46.18433,1.052646,-0.1001803,-2.13839,0.0774778
2764,0.016673,1,100,0,-91.49271,100,0,91.99283,0,0,0.391185,0.04005357,-0.9194402,-0.02666547,0.9991265,0.03217985,0.919926,0.01192904,0.3919113,-384.2383,-49.43553,-182.4449,76.08952,0.396354,56.44501,94.74076,-2.1658,-46.36573,1.292417,-0.1057457,-2.146734,0.09269764
2765,0.016751,1,100,0,-99.86821,100,0,92.12289,0,0,0.3578028,0.03801077,-0.9330233,-0.02440529,0.9992107,0.03134808,0.9334785,0.01155428,0.3584481,-382.9527,-49.42894,-181.5126,78.04686,0.3868033,54.04964,94.93591,-2.210599,-46.77083,1.513594,-0.1100316,-2.165446,0.1066481
2766,0.016615,1,100,0,-108.1757,91.6925,0,92.23353,0,0,0.3239208,0.03577371,-0.9454076,-0.02205902,0.9992988,0.03025493,0.945827,0.01105456,0.3244828,-381.6455,-49.4226,-180.6288,79.92099,0.3693679,51.47316,95.06306,-2.234669,-47.24574,1.712431,-0.1131372,-2.187396,0.11907
2767,0.016664,1,100,0,-92.76151,83.3605,0,92.29767,0,0,0.2893099,0.03335007,-0.9566545,-0.01964197,0.9993895,0.02889977,0.9570343,0.01042959,0.2897884,-380.3036,-49.41657,-179.7863,81.71734,0.3433841,48.70112,95.1296,-2.239028,-47.12444,1.890703,-0.1155298,-2.181734,0.1299481
2768,0.01672,1,100,0,-101.1215,75.0005,0,92.3229,0,0,0.2542564,0.03077049,-0.9666472,-0.01719032,0.9994796,0.02729406,0.966984,0.009677289,0.254653,-378.9276,-49.41101,-178.9884,83.42167,0.3084519,45.74623,95.14194,-2.221556,-47.11993,2.047887,-0.1165789,-2.181488,0.1393906
2769,0.016672,1,100,0,-85.69991,66.6645,0,92.31982,0,0,0.2191066,0.02808052,-0.9752968,-0.01475905,0.9995669,0.02546358,0.9755894,0.00881522,0.2194261,-377.5279,-49.4061,-178.2429,85.01025,0.2647606,42.64654,95.10805,-2.183493,-46.55677,2.182687,-0.1166795,-2.155376,0.1472191
2770,0.016673,1,100,0,-94.03642,58.328,0,92.2952,0,0,0.1840511,0.02530417,-0.982591,-0.01237688,0.999649,0.02342512,0.9828389,0.007849988,0.1842997,-376.1022,-49.40196,-177.5497,86.47767,0.2125233,39.41392,95.03625,-2.124096,-46.14696,2.295605,-0.1153601,-2.136374,0.153599
2771,0.016678,1,100,0,-102.3754,49.98899,0,92.25927,0,0,0.1490207,0.0224663,-0.9885789,-0.01008086,0.9997244,0.02119998,0.9887828,0.006806493,0.1492061,-374.6523,-49.39874,-176.9108,87.81516,0.1523539,36.07046,94.93474,-2.045287,-45.87786,2.386793,-0.1127495,-2.123897,0.1585534
2772,0.016687,1,100,0,-86.93993,41.64549,0,92.21309,0,0,0.1141212,0.01959228,-0.9932737,-0.007902433,0.9997919,0.01881291,0.9934356,0.005702327,0.1142523,-373.1801,-49.39656,-176.328,89.01634,0.08523835,32.63512,94.81017,-1.948887,-45.07151,2.456537,-0.1092006,-2.086548,0.1620399
2773,0.016656,1,100,0,-95.26794,33.31749,0,92.16113,0,0,0.07971455,0.01671496,-0.9966775,-0.005872921,0.9998498,0.01629844,0.9968002,0.004554185,0.07980075,-371.6915,-49.39553,-175.8037,90.07476,0.01262687,29.13651,94.66994,-1.835631,-44.44071,2.505177,-0.1044387,-2.057336,0.164185
2774,0.016684,1,100,0,-103.6099,24.97549,0,92.11172,0,0,0.04559493,0.01384551,-0.9988641,-0.004011001,0.9998984,0.01367676,0.998952,0.003382854,0.04564583,-370.1834,-49.39573,-175.3373,90.99159,-0.06428877,25.58364,94.51982,-1.70748,-43.96899,2.533527,-0.09861178,-2.035492,0.1650465
2775,0.016678,1,100,0,-88.18279,16.63649,0,92.0638,0,0,0.01192696,0.01101046,-0.9998683,-0.002340611,0.9999371,0.0109833,0.9999264,0.002209306,0.01195198,-368.6614,-49.39723,-174.9305,91.76404,-0.1436615,22.00162,94.36488,-1.566932,-42.9786,2.542183,-0.0920168,-1.98964,0.1646439
2776,0.016888,1,100,0,-72.56139,8.192493,0,92.01993,0,0,-0.02127847,0.008193991,-0.9997401,-0.0008571552,0.999966,0.008214086,0.9997734,0.001031716,-0.02127072,-367.1081,-49.4001,-174.5794,92.37542,-0.224881,18.35957,94.1825,-1.41343,-41.48732,2.53189,-0.0845504,-1.9206,0.1630556
2777,0.016483,1,100,0,-57.31462,0,0,91.96374,0,0,-0.05243485,0.005513597,-0.9986092,0.0003792295,0.9999849,0.00550128,0.9986244,-9.024327e-05,-0.05243614,-365.5827,-49.40422,-174.2962,92.86212,-0.302798,14.8171,94.03729,-1.254435,-39.61087,2.503867,-0.07652306,-1.833732,0.1604344
2778,0.016676,1,100,0,-41.88932,0,0,91.95746,0,0,-0.08238791,0.002883999,-0.9965962,0.001411976,0.9999952,0.002777109,0.9965994,-0.00117837,-0.08239159,-364.0318,-49.40968,-174.0684,93.25471,-0.3790565,11.33113,93.94136,-1.086995,-37.43954,2.458801,-0.06775618,-1.733211,0.1568242
2779,0.01669,1,100,0,-33.54432,0,0,92.00446,0,0,-0.1106136,0.0003452384,-0.9938634,0.002224394,0.9999975,9.980166e-05,0.993861,-0.002199705,-0.1106141,-362.4736,-49.4164,-173.8981,93.55901,-0.450547,7.94993,93.89725,-0.9155652,-35.21643,2.397786,-0.05847341,-1.630294,0.15232
2780,0.016687,1,100,0,-25.20082,0,0,92.10627,0,0,-0.1370345,-0.00209122,-0.9905641,0.002818236,0.999993,-0.002501001,0.9905624,-0.003134367,-0.1370277,-360.911,-49.42426,-173.7835,93.7867,-0.5152397,4.685853,93.9051,-0.7433397,-32.94817,2.321912,-0.04887687,-1.525284,0.1469973
2781,0.016719,1,100,0,-16.84132,0,0,92.26111,0,0,-0.1616654,-0.004422737,-0.9868358,0.003201385,0.9999824,-0.005006114,0.9868405,-0.003968557,-0.1616484,-359.342,-49.43318,-173.7227,93.95003,-0.5715649,1.539638,93.96438,-0.5729465,-30.63324,2.232119,-0.03914002,-1.418112,0.1409161
2782,0.016631,1,100,0,-8.52582,0,0,92.46708,0,0,-0.1843098,-0.006626647,-0.9828458,0.003383033,0.9999671,-0.007376493,0.9828624,-0.00468456,-0.1842813,-357.7788,-49.44294,-173.7137,94.06007,-0.6176714,-1.459891,94.07343,-0.4084472,-28.29354,2.130175,-0.02952156,-1.30979,0.1341864
2783,0.016749,1,100,0,-0.1513195,0,0,92.72002,0,0,-0.2052274,-0.008724418,-0.9786755,0.003379578,0.9999481,-0.009622746,0.9787087,-0.005282361,-0.2051872,-356.2029,-49.45347,-173.7542,94.12929,-0.6531178,-4.34518,94.2318,-0.250478,-25.90039,2.016038,-0.02008079,-1.19899,0.1267942
2784,0.016688,1,100,0,8.19268,0,0,93.02018,0,0,-0.2241681,-0.01068782,-0.9744919,0.003207203,0.9999263,-0.01170454,0.9745452,-0.005749178,-0.2241173,-354.6318,-49.46449,-173.8419,94.16809,-0.676573,-7.079133,94.43623,-0.1032407,-23.48459,1.891942,-0.01108869,-1.087137,0.1188717
2785,0.016671,1,100,0,16.52818,0,0,93.36151,0,0,-0.2411886,-0.01251828,-0.9703977,0.002886222,0.9999033,-0.01361626,0.9704742,-0.00608487,-0.2411291,-353.0618,-49.47583,-173.9743,94.1873,-0.6877636,-9.666155,94.6845,0.03154217,-21.04198,1.75881,-0.002670262,-0.9740412,0.1104622
2786,0.016702,1,100,0,24.87918,0,0,93.74133,0,0,-0.2563321,-0.01421658,-0.9664842,0.002436815,0.9998792,-0.0153541,0.9665858,-0.006290893,-0.2562665,-351.4886,-49.48731,-174.1494,94.19692,-0.6866118,-12.11017,94.97467,0.15246,-18.5673,1.617439,0.005070442,-0.8594576,0.1016001
2787,0.01709,1,100,0,33.42418,0,0,94.15716,0,0,-0.2698538,-0.0158101,-0.9627715,0.001868004,0.9998548,-0.01694264,0.9628996,-0.006370497,-0.2697851,-349.8787,-49.49896,-174.3697,94.20606,-0.6730039,-14.45621,95.31116,0.2602097,-16.0041,1.465803,0.01217163,-0.7407742,0.09214443
2788,0.016262,1,100,0,41.55518,0,0,94.61534,0,0,-0.2808456,-0.01718541,-0.9595993,0.001246009,0.9998325,-0.01827062,0.9597526,-0.006326891,-0.2807772,-348.3466,-49.50977,-174.616,94.22441,-0.6482602,-16.53407,95.66627,0.3459881,-13.55409,1.315824,0.01802747,-0.6273311,0.08281904
2789,0.016678,1,100,0,49.89418,0,0,95.07861,0,0,-0.2902472,-0.01845089,-0.9567739,0.0005499423,0.9998109,-0.01944767,0.9569519,-0.006170802,-0.2901822,-346.7749,-49.52037,-174.9028,94.259,-0.6122783,-18.51235,96.06165,0.4170977,-11.01469,1.157675,0.02311411,-0.5097495,0.07299802
2790,0.016868,1,100,0,58.32818,0,0,95.57705,0,0,-0.2978211,-0.0195775,-0.9544209,-0.0001917286,0.9997908,-0.02044832,0.9546216,-0.005906952,-0.2977626,-345.1845,-49.53044,-175.2254,94.31805,-0.5657917,-20.35141,96.49039,0.4711523,-8.424216,0.9943622,0.02726076,-0.3898041,0.06285362
2791,0.016495,1,100,0,66.57568,0,0,96.10128,0,0,-0.3033349,-0.02052589,-0.9526629,-0.0009324728,0.999774,-0.02124403,0.9528837,-0.005555723,-0.3032855,-343.6283,-49.53947,-175.5701,94.40652,-0.5114683,-21.98652,96.9343,0.5064127,-5.878733,0.8324744,0.03030876,-0.2719435,0.05278078
2792,0.016632,1,100,0,74.89168,0,0,96.62946,0,0,-0.3070091,-0.02132641,-0.9514676,-0.001674663,0.9997595,-0.02186847,0.9517052,-0.005120433,-0.306971,-342.0574,-49.54763,-175.944,94.53136,-0.4492597,-23.47141,97.4027,0.5250927,-3.293957,0.6682381,0.0324037,-0.152266,0.04253419
2793,0.016678,1,100,0,83.23067,0,15.0102,97.17332,0,0,-0.3087258,-0.02196978,-0.9508974,-0.002396353,0.9997481,-0.02232043,0.9511482,-0.004612206,-0.3087007,-340.4796,-49.55474,-176.3428,94.74669,-0.380779,-24.7976,97.93876,0.5274873,-0.4431986,0.5036265,0.03363452,-0.02027478,0.03224624
2794,0.016684,1,100,0,91.57268,0,30.0258,97.77493,0,0,-0.308289,-0.02245256,-0.9510279,-0.003080421,0.9997399,-0.02260402,0.951288,-0.004039004,-0.3082779,-338.8737,-49.56076,-176.7612,99.26595,-0.3206696,-25.63961,102.5242,0.5139055,2.648519,0.3401393,0.03399609,0.122871,0.02199331
2795,0.016713,1,100,0,99.92918,0,45.0675,102.3359,0,0,-0.3055102,-0.02277392,-0.9519166,-0.003713881,0.999735,-0.022726,0.9521819,-0.003407719,-0.3055138,-337.1897,-49.56579,-177.1948,103.7465,-0.261761,-26.56091,107.0929,0.4848848,6.002162,0.1786384,0.03351097,0.2781421,0.01181456
2796,0.016672,1,100,0,108.2652,0,60.0723,106.9012,0,0,-0.3002073,-0.02293176,-0.9535983,-0.004282116,0.9997333,-0.02269312,0.9538645,-0.002729222,-0.3002254,-335.4353,-49.56983,-177.6429,108.1929,-0.2039757,-27.50155,111.6337,0.4413425,9.602801,0.02086547,0.03220706,0.4448465,0.001803549
2797,0.016685,1,100,0,92.83155,0,75.0888,111.4586,0,0,-0.2923329,-0.02292588,-0.9560418,-0.004775553,0.9997351,-0.02251341,0.9563046,-0.002015782,-0.292365,-333.6069,-49.57291,-178.1069,112.3617,-0.1460148,-28.43558,115.9041,0.3842013,12.79729,-0.1326772,0.02984754,0.5927402,-0.00804605
2798,0.016689,1,100,0,101.176,0,90.1089,115.7658,0,0,-0.2819937,-0.02275521,-0.9591464,-0.005183403,0.9997404,-0.02219434,0.9594025,-0.001287021,-0.2820385,-331.71,-49.57502,-178.5864,116.2753,-0.08756568,-29.30497,119.9113,0.3165061,16.30256,-0.2809142,0.02688984,0.7550213,-0.01763393
2799,0.016677,1,100,0,85.74982,0,100,119.82,0,0,-0.2691413,-0.02242093,-0.9628397,-0.005499597,0.9997485,-0.0217431,0.9630851,-0.0005567349,-0.2691969,-329.7505,-49.57616,-179.0793,119.9307,-0.02860964,-30.05512,123.6394,0.2394719,19.33731,-0.4227445,0.02306672,0.8955108,-0.02690724
2800,0.016787,1,100,0,94.14333,0,100,123.5942,0,0,-0.2538604,-0.02192135,-0.9669926,-0.005720208,0.9997599,-0.02116247,0.9672243,0.0001590839,-0.2539249,-327.7183,-49.57631,-179.5871,123.3294,0.03132269,-30.62778,127.0756,0.1559293,22.43484,-0.5582874,0.01874895,1.038905,-0.03585083
2801,0.016913,1,100,0,102.5998,0,100,127.0644,0,0,-0.2360311,-0.02125658,-0.9715131,-0.005843624,0.9997739,-0.0204552,0.9717282,0.0008490938,-0.2361019,-325.6147,-49.57544,-180.1071,126.4785,0.09187503,-30.97594,130.2165,0.06772521,25.58959,-0.6866308,0.01402378,1.184946,-0.04440094
2802,0.016416,1,100,0,87.41502,0,100,130.2163,0,0,-0.2164888,-0.0204611,-0.9760708,-0.005868989,0.9997897,-0.01965659,0.9762677,0.001473116,-0.2165634,-323.5231,-49.57361,-180.616,129.2817,0.1501225,-31.0508,132.9584,-0.01974969,28.02237,-0.8024423,0.008940774,1.297556,-0.0521726
2803,0.016764,1,100,0,95.79703,0,91.618,132.9382,0,0,-0.1946073,-0.01950549,-0.9806873,-0.005802317,0.9998077,-0.01873438,0.9808642,0.002044412,-0.1946831,-321.3415,-49.57077,-181.1352,131.8486,0.2087098,-30.80359,135.3993,-0.1073824,30.39423,-0.9113061,0.003670661,1.407345,-0.05952204
2804,0.016703,1,100,0,104.1485,0,83.26649,135.323,0,0,-0.1709354,-0.01841868,-0.9851101,-0.005650101,0.9998273,-0.01771345,0.9852662,0.002538116,-0.1710099,-319.1266,-49.56697,-181.6464,134.1081,0.2649941,-30.2002,137.4667,-0.1908642,32.63781,-1.009616,-0.001532748,1.511194,-0.06619211
2805,0.016681,1,100,0,88.71861,0,74.92599,137.2974,0,0,-0.1456837,-0.01721148,-0.9891817,-0.005421361,0.9998478,-0.01659862,0.9893169,0.002944563,-0.1457548,-316.8787,-49.56226,-182.1447,136.0581,0.3178122,-29.22145,139.161,-0.2685429,34.09177,-1.097187,-0.006767791,1.578483,-0.07211774
2806,0.016645,1,100,0,97.04111,0,66.60349,138.8647,0,0,-0.1192969,-0.0159003,-0.9927315,-0.00512629,0.9998685,-0.01539859,0.9928458,0.003252025,-0.1193627,-314.6037,-49.55671,-182.6235,137.9121,0.3649715,-27.84335,140.6952,-0.3373807,35.4781,-1.173622,-0.01158364,1.642644,-0.07728404
2807,0.016761,1,100,0,105.4216,0,58.22299,140.2501,0,0,-0.09158431,-0.01448741,-0.9956919,-0.004776355,0.999889,-0.01410914,0.9957858,0.003463601,-0.09164334,-312.282,-49.55036,-183.0803,139.7153,0.4051168,-26.05947,142.1254,-0.3970133,36.80925,-1.239272,-0.01595523,1.704253,-0.08170778
2808,0.016626,1,100,0,90.04256,0,49.90999,141.5161,0,0,-0.06319088,-0.01301013,-0.9979166,-0.00439038,0.9999089,-0.01275809,0.9979917,0.003575039,-0.06324225,-309.9496,-49.54345,-183.5017,141.4187,0.4362453,-23.91099,143.4266,-0.4457389,37.40342,-1.292908,-0.01990909,1.731741,-0.08525663
2809,0.016684,1,100,0,98.38456,0,41.56799,142.6485,0,0,-0.03418951,-0.01146982,-0.9993496,-0.003977761,0.9999278,-0.01134037,0.9994075,0.003587452,-0.03423266,-307.5812,-49.53605,-183.8867,143.0213,0.457691,-21.39823,144.6139,-0.4827664,37.99249,-1.335225,-0.02318805,1.758996,-0.08801492
2810,0.016746,1,100,0,106.7576,0,33.19499,143.6707,0,0,-0.004596538,-0.009881699,-0.9999407,-0.003553891,0.9999452,-0.009865408,0.9999834,0.003508333,-0.004631405,-305.1778,-49.52832,-184.2292,144.5016,0.4684717,-18.54646,145.6877,-0.5081149,38.57369,-1.366141,-0.02578493,1.78589,-0.08997921
2811,0.016635,1,100,0,91.37019,0,24.87749,144.5867,0,0,0.02507795,-0.008278949,-0.9996513,-0.00313698,0.9999603,-0.008360204,0.9996808,0.003345543,0.02505098,-302.7665,-49.52052,-184.5204,145.8272,0.4680095,-15.41478,146.6404,-0.5217811,38.47612,-1.385441,-0.02777609,1.781363,-0.09109887
2812,0.016852,1,100,0,99.79619,0,16.45149,145.3961,0,0,0.05505205,-0.006647203,-0.9984614,-0.002731577,0.9999731,-0.006807877,0.9984797,0.003102161,0.05503241,-300.3023,-49.5127,-184.7609,147.0072,0.456123,-11.97221,147.4946,-0.5238425,38.41981,-1.393748,-0.02903271,1.778748,-0.09146142
2813,0.016557,1,100,0,108.0747,0,8.17299,146.1262,0,0,0.08442024,-0.005050384,-0.9964176,-0.002361954,0.9999837,-0.005268572,0.996428,0.002798267,0.08440693,-297.8718,-49.50523,-184.9399,146.3451,0.4384232,-8.491326,146.5919,-0.5150049,38.40029,-1.391047,-0.02956022,1.777838,-0.09107954
2814,0.016682,1,100,0,92.64384,0,0,145.1068,0,0,0.1137603,-0.003462315,-0.9935023,-0.002028828,0.9999912,-0.003717238,0.9935064,0.002438519,0.1137523,-295.4348,-49.49807,-185.0611,145.5388,0.4096681,-4.794493,145.6184,-0.496294,37.75016,-1.37796,-0.02948664,1.747734,-0.08996648
2815,0.016967,1,100,0,76.94937,0,0,144.0494,0,0,0.1428905,-0.001882918,-0.9897367,-0.001738337,0.9999962,-0.002153403,0.989737,0.002028197,0.1428867,-292.9705,-49.49134,-185.1208,144.6228,0.3699162,-0.9656427,144.6265,-0.4679077,36.6968,-1.35452,-0.02876385,1.698964,-0.08815023
2816,0.016439,1,100,0,61.7433,0,0,143.0013,0,0,0.1701325,-0.0003989649,-0.9854211,-0.001509268,0.9999986,-0.0006654414,0.98542,0.001600478,0.1701317,-290.5983,-49.48551,-185.1162,143.6476,0.3226767,2.772011,143.6747,-0.432293,35.34333,-1.322365,-0.02746002,1.636301,-0.0857714
2817,0.01675,1,100,0,46.24955,0,0,142.0254,0,0,0.19664,0.001056057,-0.9804752,-0.001333592,0.9999989,0.0008096259,0.980475,0.001148349,0.1966413,-288.1981,-49.48041,-185.0486,142.5716,0.2673819,6.571007,142.7232,-0.3893535,33.64248,-1.280898,-0.02559111,1.557557,-0.08279427
2818,0.01671,1,100,0,37.89455,0,0,141.0804,0,0,0.2216373,0.002441885,-0.9751261,-0.001218579,0.9999967,0.002227194,0.9751283,0.0006946388,0.2216396,-285.822,-49.47628,-184.9179,141.4269,0.2068581,10.31482,141.8027,-0.341269,31.85445,-1.231306,-0.02326113,1.474777,-0.07932177
2819,0.016607,1,100,0,29.59105,0,0,140.1957,0,0,0.2449871,0.003747363,-0.9695191,-0.001164219,0.999993,0.003570965,0.9695257,0.0002538919,0.2449898,-283.4798,-49.47319,-184.7265,140.2321,0.1433417,13.95698,140.925,-0.2897789,29.99575,-1.174527,-0.02057689,1.388725,-0.07542404
2820,0.016682,1,100,0,21.25005,0,0,139.378,0,0,0.266896,0.00498121,-0.9637126,-0.001168267,0.9999878,0.004845162,0.963725,-0.0001672808,0.2668986,-281.1472,-49.47115,-184.4739,138.9883,0.07807841,17.51041,140.087,-0.2357827,28.05167,-1.110741,-0.01760215,1.298718,-0.07111631
2821,0.016687,1,100,0,12.90655,0,0,138.62,0,0,0.2872187,0.006133216,-0.9578456,-0.001227986,0.9999813,0.006034794,0.9578646,-0.0005570848,0.2872209,-278.8349,-49.4702,-184.1627,137.7153,0.01326405,20.93711,139.2978,-0.1809342,26.03727,-1.040851,-0.01444166,1.205457,-0.06646179
2822,0.016699,1,100,0,4.557046,0,0,137.9262,0,0,0.305929,0.007200201,-0.9520271,-0.001338893,0.9999737,0.007132575,0.9520534,-0.0009073996,0.3059306,-276.5423,-49.47033,-183.7948,136.4273,-0.04932702,24.22037,138.5606,-0.1265434,23.95751,-0.9655426,-0.01118314,1.109167,-0.06150576
2823,0.016627,1,100,0,-3.756454,0,0,137.2959,0,0,0.3229156,0.008174472,-0.9463925,-0.001494439,0.9999659,0.008127299,0.9464267,-0.001210106,0.3229168,-274.2809,-49.47147,-183.3748,135.1455,-0.1077264,27.32964,137.8812,-0.07411989,21.82963,-0.885932,-0.007928606,1.010649,-0.05631943
2824,0.016714,1,100,0,-12.11345,0,0,136.7307,0,0,0.3383218,0.009063277,-0.940987,-0.001689462,0.9999581,0.00902384,0.9410293,-0.0014632,0.3383229,-272.0292,-49.47356,-182.9016,133.8711,-0.1610812,30.28374,137.2538,-0.02427805,19.63615,-0.8020235,-0.004725184,0.9090936,-0.05089962
2825,0.016636,1,100,0,-20.43145,0,0,136.2225,0,0,0.3519767,0.009856163,-0.935957,-0.00191475,0.9999502,0.009809986,0.9360071,-0.001660763,0.3519781,-269.8089,-49.47649,-182.3825,132.6304,-0.2075838,33.04323,136.6847,0.0214491,17.40534,-0.7153442,-0.001679759,0.8058087,-0.04534031
2826,0.016912,1,100,0,-28.88745,0,0,135.7738,0,0,0.3641346,0.01056763,-0.9312864,-0.002167584,0.9999426,0.01049917,0.9313439,-0.001804469,0.3641367,-267.5727,-49.48022,-181.8089,131.409,-0.2472337,35.65822,136.1613,0.06310538,15.08844,-0.6247399,0.001205889,0.6985381,-0.03956236
2827,0.01646,1,100,0,-37.11745,0,0,135.3719,0,0,0.3742782,0.01116726,-0.9272493,-0.002428739,0.999936,0.01106232,0.9273134,-0.001888339,0.3742814,-265.4159,-49.48446,-181.2091,130.2725,-0.2774839,38.00886,135.7043,0.09811813,12.79913,-0.5347841,0.003744323,0.5925442,-0.03385049
2828,0.016648,1,100,0,-45.44146,14.9832,0,135.0299,0,0,0.3827672,0.01168109,-0.923771,-0.002700153,0.99993,0.0115253,0.923841,-0.001917186,0.382772,-263.2527,-49.4892,-180.5642,129.2591,-0.2992047,40.1848,135.3618,0.1275298,10.10721,-0.4427563,0.006072403,0.4679102,-0.02803666
2829,0.016858,1,100,0,-53.87046,30.1554,0,134.797,0,0,0.3893035,0.01210718,-0.92103,-0.00297529,0.9999251,0.01188668,0.9211049,-0.001887193,0.3893104,-261.0786,-49.49432,-179.8755,128.3746,-0.3120966,42.19302,135.131,0.1502837,7.028046,-0.3491447,0.008118028,0.3253471,-0.02214481
2830,0.016472,1,100,0,-62.10646,44.9802,0,134.6733,0,0,0.3934601,0.01243219,-0.9192577,-0.003237205,0.9999212,0.01213751,0.9193362,-0.0017998,0.3934694,-258.968,-49.49948,-179.1708,127.6525,-0.3158383,43.96611,135.0122,0.1648233,3.719606,-0.2578941,0.009741696,0.1721697,-0.01641239
2831,0.016699,1,100,0,-70.45596,60.0093,0,134.6555,0,0,0.3952377,0.01267088,-0.9184915,-0.003488526,0.9999185,0.01229304,0.9185724,-0.001654489,0.3952497,-256.8396,-49.50473,-178.4276,127.0685,-0.3111857,45.576,134.9951,0.1714892,0.07269399,-0.1662355,0.01097595,0.003322089,-0.01065391
2832,0.016623,1,100,0,-78.76746,74.97,0,134.736,0,0,0.3943705,0.01281806,-0.9188622,-0.003717613,0.9999168,0.01235319,0.9189441,-0.001455759,0.3943853,-254.7297,-49.50983,-177.6622,126.6407,-0.2985102,46.98478,135.076,0.1696351,-3.81934,-0.07643472,0.01174518,-0.1768734,-0.004998598
2833,0.016686,1,100,0,-87.11046,89.9874,0,134.9063,0,0,0.3906724,0.01287568,-0.9204398,-0.003919892,0.9999165,0.01232369,0.9205216,-0.001206499,0.3906902,-252.6181,-49.5147,-176.8715,126.3701,-0.2783884,48.19876,135.2502,0.1592164,-7.97206,0.0116624,0.01203328,-0.3691369,0.00057639
2834,0.016704,1,100,0,-95.46246,100,0,135.1576,0,0,0.3839728,0.01284313,-0.9232552,-0.004088558,0.9999173,0.01220916,0.9233357,-0.0009132037,0.3839935,-250.5079,-49.5192,-176.0608,126.2428,-0.2515347,49.1927,135.4888,0.1403682,-12.24295,0.09723917,0.01179714,-0.5668699,0.006034245
2835,0.016622,1,100,0,-103.7735,100,0,135.4544,0,0,0.3742745,0.01272108,-0.9272308,-0.004217026,0.9999191,0.01201613,0.9273086,-0.0005871747,0.3742978,-248.4096,-49.5232,-175.2391,126.2264,-0.2187876,49.91776,135.7384,0.1137642,-16.37102,0.1792447,0.01100021,-0.7579888,0.01131886
2836,0.016699,1,100,0,-88.32688,100,0,135.735,0,0,0.3616988,0.01250868,-0.9322112,-0.004300716,0.9999219,0.01174856,0.9322854,-0.0002402663,0.3617244,-246.3012,-49.52664,-174.403,126.3255,-0.180757,50.35845,135.9932,0.08031631,-19.74084,0.2579518,0.009544783,-0.9139994,0.0164508
2837,0.016633,1,100,0,-96.64338,100,0,135.9874,0,0,0.3466895,0.01220859,-0.9379005,-0.004334104,0.9999254,0.01141388,0.93797,0.0001078853,0.3467165,-244.1989,-49.52942,-173.5646,126.539,-0.1388617,50.49266,136.2411,0.04255525,-23.04955,0.3321975,0.007738023,-1.06718,0.02133876
2838,0.016682,1,100,0,-104.9844,100,0,136.1964,0,0,0.3291427,0.01182115,-0.9442062,-0.004316758,0.9999301,0.01101401,0.9442704,0.0004507282,0.3291707,-242.0861,-49.53148,-172.7233,126.8605,-0.09410942,50.31425,136.4739,0.001406013,-26.32516,0.4020467,0.005630739,-1.218826,0.0259831
2839,0.01667,1,100,0,-89.56464,100,0,136.3526,0,0,0.309265,0.01135066,-0.9509081,-0.00424841,0.9999352,0.01055417,0.9509663,0.0007758134,0.3092932,-239.969,-49.53279,-171.8873,127.2794,-0.04798263,49.8146,136.6805,-0.04174556,-28.89211,0.4668034,0.003162913,-1.337662,0.03032183
2840,0.016913,1,100,0,-98.02113,100,0,136.4457,0,0,0.2870196,0.01079307,-0.9578639,-0.004128026,0.9999412,0.01003024,0.9579159,0.001075211,0.2870473,-237.8135,-49.53334,-171.0494,127.7894,-0.00113474,48.97816,136.8539,-0.08543031,-31.51724,0.5270234,0.0005802708,-1.459191,0.03438611
2841,0.016418,1,100,0,-106.2301,100,0,136.4706,0,0,0.263369,0.01017916,-0.9646415,-0.003965666,0.9999474,0.009469003,0.9646871,0.001331605,0.2633955,-235.7123,-49.53312,-170.2514,128.3511,0.04302188,47.84583,136.979,-0.1266766,-34.07307,0.5797793,-0.001944964,-1.577512,0.03797219
2842,0.016676,1,100,0,-90.80483,100,0,136.4211,0,0,0.2374199,0.00948932,-0.9713609,-0.003760084,0.999954,0.008849609,0.9714002,0.001551325,0.2374446,-233.5684,-49.53217,-169.4616,128.9686,0.08531586,46.38144,137.0553,-0.1664807,-36.01941,0.6274222,-0.004586164,-1.667614,0.04121299
2843,0.016784,1,100,0,-99.19683,100,0,136.2933,0,0,0.2096318,0.00873523,-0.9777414,-0.003516892,0.9999604,0.008179701,0.9777742,0.001723885,0.2096543,-231.4001,-49.53052,-168.6931,129.6185,0.124124,44.59211,137.0745,-0.2027354,-38.04602,0.6691233,-0.007078599,-1.761433,0.04405875
2844,0.016589,1,100,0,-107.4913,100,0,136.0867,0,0,0.1804604,0.007938529,-0.9835503,-0.003248284,0.9999669,0.007475042,0.9835771,0.001845902,0.1804802,-229.2462,-49.52827,-167.9647,130.268,0.1577255,42.52166,137.0324,-0.2341308,-40.10545,0.7039533,-0.009339718,-1.856771,0.0464415
2845,0.01668,1,100,0,-92.06233,100,0,135.8032,0,0,0.1495487,0.007094817,-0.9887289,-0.002957773,0.999973,0.006728128,0.98875,0.001918254,0.1495656,-227.0697,-49.52548,-167.2686,130.9066,0.1859354,40.14893,136.9252,-0.2607687,-41.5643,0.7325273,-0.01146548,-1.924305,0.0483744
2846,0.016696,1,100,0,-100.4103,100,0,135.4391,0,0,0.1173137,0.006217085,-0.9930755,-0.002653959,0.9999789,0.005946787,0.9930915,0.001937943,0.1173277,-224.8806,-49.52225,-166.613,131.5105,0.207924,37.49344,136.7509,-0.2814495,-43.128,0.7546032,-0.01326765,-1.996695,0.04985782
2847,0.016679,1,100,0,-84.98225,100,0,135.0014,0,0,0.08393161,0.005316513,-0.9964575,-0.002346048,0.9999843,0.005137722,0.9964691,0.00190652,0.08394276,-222.687,-49.5187,-166.3015,127.0967,0.2121147,17.15149,136.5097,-1.180158,-51.05828,-1.472606,-0.070824,-2.363678,-0.0926865
2848,0.016728,1,100,0,-93.34625,91.636,0,128.0881,0,0,0.04440001,0.006790853,-0.9989908,-0.001306707,0.9999765,0.006739477,0.9990131,0.001006156,0.04440784,-220.5598,-49.51515,-166.1338,122.8117,0.2179624,12.40706,128.5496,-1.694793,-52.19385,-1.88498,-0.1023348,-2.416186,-0.1198956
2849,0.016746,1,100,0,-101.7193,83.263,0,123.2417,0,0,0.003906793,0.008763801,-0.999954,0.0002828956,0.9999617,0.008764973,0.9999925,-0.0003171255,0.003904164,-218.501,-49.51152,-165.9569,118.7499,0.2263817,11.03777,123.779,-2.063931,-51.68285,-1.832955,-0.1242426,-2.392484,-0.1177816
2850,0.016696,1,100,0,-86.27545,74.915,0,118.7921,0,0,-0.03591204,0.01075301,-0.9992971,0.002288719,0.9999405,0.01067768,0.9993525,-0.001903653,-0.03593451,-216.5194,-49.50775,-166.1409,110.594,0.2284865,3.264978,119.5602,-2.204234,-41.57083,-3.587795,-0.133343,-1.924361,-0.2314146
2851,0.017007,1,100,0,-94.77895,66.4115,0,110.4046,0,0,-0.06868125,0.01472725,-0.99753,0.004636514,0.9998851,0.01444279,0.9976282,-0.003633114,-0.06874165,-214.6367,-49.50391,-166.2039,106.9971,0.2162305,-5.694942,111.14,-2.266426,-37.24533,-4.488659,-0.1355176,-1.724169,-0.2901465
2852,0.016448,1,100,0,-103.003,58.1875,0,107.134,0,0,-0.09711243,0.01955561,-0.9950814,0.007126827,0.9997951,0.01895273,0.9952481,-0.005251227,-0.09723191,-212.8741,-49.50046,-166.3499,103.6372,0.1967379,-7.865027,107.732,-2.37251,-36.1287,-4.558449,-0.1395013,-1.672489,-0.2955808
2853,0.016732,1,100,0,-87.52586,49.8215,0,103.9084,0,0,-0.1249518,0.02458389,-0.9918582,0.009853487,0.9996744,0.0235363,0.9921138,-0.006832358,-0.1251533,-211.1369,-49.49727,-166.4912,100.4272,0.1795703,-8.324041,104.5484,-2.465847,-35.34481,-4.355475,-0.1425895,-1.636194,-0.2834905
2854,0.016952,1,100,0,-96.00185,41.3455,0,100.6758,0,0,-0.1524716,0.02950114,-0.9878675,0.01275593,0.9995299,0.02788062,0.9882256,-0.008350167,-0.1527763,-209.4312,-49.49429,-166.6363,100.9891,0.1683234,-9.025963,101.3918,-2.059286,-35.7635,-4.034014,-0.1132133,-1.655836,-0.2639
2855,0.016404,1,100,0,-104.2039,33.1435,0,101.1775,0,0,-0.1793086,0.03396435,-0.9832065,0.01517419,0.9993805,0.03175573,0.983676,-0.009225287,-0.1797129,-207.7722,-49.49153,-166.79,101.4185,0.1694467,-10.08175,101.9185,-1.727474,-36.22136,-3.702131,-0.08882856,-1.677278,-0.2432575
2856,0.016688,1,100,0,-88.76746,24.7995,0,101.5732,0,0,-0.2066657,0.03816654,-0.9776671,0.01729409,0.9992255,0.03535241,0.9782591,-0.009601733,-0.2071657,-206.0779,-49.48864,-166.966,101.7285,0.182768,-11.48134,102.3745,-1.449368,-36.07155,-3.346531,-0.0683976,-1.670562,-0.2206792
2857,0.016844,1,100,0,-97.18945,16.3775,0,101.8936,0,0,-0.2340291,0.04202175,-0.9713211,0.01913609,0.9990711,0.03861165,0.9720414,-0.009551032,-0.2346159,-204.3634,-49.48545,-167.1689,101.9014,0.2023978,-13.18227,102.7507,-1.239467,-36.02325,-2.973706,-0.05250663,-1.668513,-0.1967391
2858,0.016473,1,100,0,-81.95193,8.140998,0,102.1432,0,0,-0.2604428,0.04538532,-0.9644221,0.02069288,0.9989277,0.04142101,0.9652678,-0.009168866,-0.2611027,-202.6847,-49.48198,-167.3965,101.9049,0.2302462,-15.07535,103.0142,-1.082862,-35.4164,-2.596986,-0.04080381,-1.64055,-0.1722472
2859,0.016708,1,100,0,-66.49702,0,0,102.2996,0,0,-0.2864591,0.04835897,-0.9568713,0.02205766,0.9987937,0.04387426,0.9578387,-0.008538158,-0.2871802,-200.9826,-49.47791,-167.6601,101.7971,0.2712149,-17.1926,103.2391,-0.9532879,-34.27568,-2.200739,-0.03160673,-1.587824,-0.1462766
2860,0.016643,1,100,0,-51.10225,0,0,102.4403,0,0,-0.3112558,0.05085879,-0.9489644,0.02321906,0.9986759,0.04590729,0.9500427,-0.00774515,-0.3120246,-199.2894,-49.47317,-167.9585,101.5946,0.3138524,-19.41078,103.4328,-0.8597695,-32.80142,-1.800077,-0.02542162,-1.5196,-0.1199071
2861,0.016703,1,100,0,-42.75075,0,0,102.5734,0,0,-0.3348353,0.05289471,-0.940791,0.02420534,0.9985766,0.04752875,0.9419659,-0.006857861,-0.335639,-197.594,-49.4677,-168.2955,101.3047,0.3553464,-21.70791,103.605,-0.7938079,-31.20877,-1.395165,-0.02150315,-1.445855,-0.09324002
2862,0.016633,1,100,0,-34.43425,0,0,102.7092,0,0,-0.3569497,0.05444898,-0.9325355,0.0250197,0.998499,0.04872359,0.9337887,-0.005939886,-0.3577762,-195.9109,-49.46159,-168.6695,100.9406,0.3922592,-24.03185,103.7626,-0.7496399,-29.5216,-0.9922835,-0.01944163,-1.367697,-0.06672711
2863,0.016716,1,100,0,-26.07625,0,0,102.8529,0,0,-0.3777504,0.05553987,-0.9242403,0.02567637,0.9984439,0.04950465,0.9255516,-0.005030736,-0.3785886,-194.226,-49.45487,-169.0842,100.5109,0.4223477,-26.37458,103.9145,-0.7206628,-27.73163,-0.5907276,-0.01877771,-1.284749,-0.04034931
2864,0.016645,1,100,0,-17.75375,0,0,103.011,0,0,-0.3970007,0.05616474,-0.9160983,0.02617169,0.9984128,0.04986956,0.9174452,-0.004177589,-0.3978405,-192.5556,-49.44773,-169.5361,100.032,0.4428983,-28.68962,104.0658,-0.7022358,-25.86531,-0.1971968,-0.0191507,-1.198243,-0.01456388
2865,0.016934,1,100,0,-9.28675,0,0,103.1859,0,0,-0.415059,0.05634268,-0.9080482,0.02651437,0.9984057,0.04982976,0.909408,-0.00339403,-0.4158912,-190.8645,-49.44017,-170.0349,99.50565,0.4524725,-31.00564,104.2254,-0.6894556,-23.88402,0.1939172,-0.02023327,-1.106394,0.01098741
2866,0.016425,1,100,0,-1.074249,0,0,103.3847,0,0,-0.4310695,0.05608659,-0.9005738,0.02668888,0.998422,0.04940553,0.9019237,-0.00273809,-0.4318861,-189.233,-49.43276,-170.5562,98.97103,0.4492698,-33.19516,104.3905,-0.6787345,-21.89909,0.561522,-0.02163351,-1.014372,0.03492704
2867,0.016673,1,100,0,7.262251,0,0,103.5996,0,0,-0.4457999,0.05541704,-0.8934156,0.02671458,0.9984609,0.04860267,0.8947339,-0.00220016,-0.4465941,-187.5859,-49.42542,-171.1216,98.41346,0.422821,-35.34655,104.5694,-0.6933907,-19.81726,0.9204749,-0.02488354,-0.9178323,0.05822784
2868,0.016858,1,100,0,15.69125,0,0,103.8385,0,0,-0.4591181,0.05434198,-0.8867116,0.02659883,0.9985207,0.04742194,0.8879769,-0.001813216,-0.4598844,-185.93,-49.41853,-171.7292,97.84959,0.3801397,-37.43655,104.7673,-0.6997696,-17.65057,1.266641,-0.02776434,-0.8173684,0.08062427
2869,0.016496,1,100,0,23.93925,0,0,104.104,0,0,-0.4705996,0.05292384,-0.8807583,0.02634306,0.9985974,0.04592926,0.8819538,-0.001587579,-0.4713337,-184.3188,-49.41257,-172.3575,97.30991,0.3210775,-39.38622,104.979,-0.7021366,-15.48236,1.585221,-0.0304018,-0.7168435,0.1011782
2870,0.016691,1,100,0,32.28475,0,0,104.3864,0,0,-0.4806576,0.05114773,-0.8754154,0.02594079,0.9986899,0.04410715,0.8765244,-0.001508532,-0.4813547,-182.6974,-49.40762,-173.0253,96.78712,0.2469392,-41.25517,105.2131,-0.6930444,-13.23755,1.887331,-0.03235085,-0.6127862,0.1206263
2871,0.016666,1,100,0,40.61775,0,0,104.6943,0,0,-0.4891254,0.04905573,-0.870833,0.02539132,0.998795,0.0420024,0.8718441,-0.001567153,-0.4897816,-181.0871,-49.40398,-173.7226,96.29965,0.1600829,-43.00826,105.4673,-0.6720337,-10.95226,2.166945,-0.03349213,-0.5068726,0.1386003
2872,0.016696,1,100,0,48.96575,0,15.0264,105.0227,0,0,-0.4959659,0.04666616,-0.8670872,0.02469242,0.9989092,0.03963691,0.8679911,-0.001751922,-0.4965772,-179.4814,-49.40186,-174.4498,95.91279,0.06117369,-44.65091,105.7968,-0.6392196,-8.358701,2.423638,-0.03400927,-0.3866954,0.1550997
2873,0.016678,1,100,0,57.30475,0,30.0366,105.424,0,0,-0.5009792,0.04400598,-0.8643398,0.02384149,0.9990293,0.03704465,0.865131,-0.002048552,-0.5015421,-177.8833,-49.40139,-175.203,95.63426,-0.03834946,-46.1798,106.2002,-0.5749884,-5.488559,2.668287,-0.03253759,-0.2537424,0.170843
2874,0.016679,1,100,0,65.64426,0,45.0477,105.8974,0,0,-0.5040092,0.04108861,-0.8627204,0.02282715,0.9991527,0.03425061,0.8633968,-0.002430825,-0.5045201,-176.2892,-49.4026,-175.9811,95.46536,-0.1417731,-47.59851,106.6737,-0.5005867,-2.359658,2.886954,-0.03034377,-0.1088238,0.184958
2875,0.016681,1,100,0,73.98476,0,60.0606,106.4392,0,0,-0.5048976,0.03793915,-0.862345,0.02165785,0.9992759,0.03128293,0.8629074,-0.002881866,-0.5053537,-174.697,-49.40554,-176.7824,95.41199,-0.2465029,-48.90396,107.2152,-0.4163899,1.00946,3.078763,-0.02735645,0.04719931,0.1974071
2876,0.016789,1,100,0,82.37926,0,75.1707,107.0462,0,0,-0.503475,0.03456096,-0.8633182,0.02033496,0.9993968,0.02814949,0.8637703,-0.003382973,-0.5038741,-173.0947,-49.41026,-177.6101,95.48106,-0.350538,-50.09861,107.8268,-0.3226494,4.628105,3.244112,-0.02351545,0.2147574,0.2082331
2877,0.016618,1,100,0,90.68826,0,90.1269,107.7183,0,0,-0.4996178,0.0310362,-0.8656899,0.01890593,0.9995106,0.02492264,0.8660398,-0.003914878,-0.4999601,-171.507,-49.41671,-178.4485,95.67313,-0.4642352,-51.15379,108.4909,-0.2657759,8.412971,3.378417,-0.02167209,0.3900183,0.2171495
2878,0.016673,1,100,0,99.02476,0,100,108.4334,0,0,-0.4931696,0.02734505,-0.8695035,0.01739174,0.9996163,0.02157263,0.8697598,-0.004483214,-0.493456,-169.9101,-49.42508,-179.3065,95.9837,-0.5766866,-52.06756,109.1982,-0.1981587,12.31304,3.485143,-0.01868526,0.5705912,0.2243865
2879,0.016906,1,100,0,107.4778,0,100,109.1784,0,0,-0.4839366,0.02346998,-0.8747883,0.01578422,0.9997118,0.0180897,0.8749607,-0.005053581,-0.4841676,-168.2851,-49.43544,-180.1909,96.39842,-0.6863363,-52.80594,109.9163,-0.1222506,16.18565,3.564783,-0.01459,0.7498738,0.2299642
2880,0.016453,1,100,0,92.25874,0,100,109.9152,0,0,-0.472483,0.01959731,-0.8811219,0.01415929,0.9997926,0.01464408,0.8812261,-0.005556975,-0.4726625,-166.6963,-49.44728,-181.0626,96.90752,-0.7858675,-53.31947,110.6104,-0.04541685,19.22227,3.614267,-0.009610211,0.8904356,0.2335812
2881,0.016683,1,100,0,100.6002,0,100,110.6039,0,0,-0.4586918,0.01559964,-0.8884584,0.01246443,0.9998604,0.01112053,0.8885078,-0.005973237,-0.4588222,-165.0761,-49.4609,-181.9538,97.53005,-0.8769158,-53.62261,111.3026,0.02971898,22.28811,3.637151,-0.004279003,1.032347,0.2355156
2882,0.016849,1,100,0,85.01491,0,100,111.2647,0,0,-0.4426549,0.01152087,-0.8966181,0.01072448,0.9999141,0.007553528,0.896628,-0.006272161,-0.4427404,-163.4287,-49.47613,-182.8577,98.26379,-0.9579158,-53.69638,111.9821,0.09411401,24.69077,3.631911,0.0009728587,1.143553,0.2355657
2883,0.016508,1,100,0,93.26891,0,100,111.8856,0,0,-0.4251384,0.007517704,-0.9050972,0.009014047,0.9999511,0.004071519,0.9050836,-0.00642763,-0.4251854,-161.8021,-49.4923,-183.7433,99.08031,-1.022652,-53.53255,112.6219,0.1469618,27.08033,3.600548,0.005798874,1.254159,0.2338965
2884,0.01666,1,100,0,101.5989,0,100,112.4438,0,0,-0.4055924,0.00349836,-0.9140475,0.007306726,0.9999734,0.0005849963,0.9140252,-0.006441425,-0.4056071,-160.1463,-49.50964,-184.6329,99.99058,-1.076196,-53.12962,113.2344,0.1809345,29.53003,3.552315,0.0097604,1.367555,0.2310914
2885,0.016679,1,100,0,86.17083,0,100,112.9506,0,0,-0.3842331,-0.0004787496,-0.9232361,0.005641165,0.9999801,-0.00286629,0.9232191,-0.006309451,-0.3842227,-158.4731,-49.5278,-185.5156,100.978,-1.112541,-52.4853,113.809,0.2014348,31.34918,3.479614,0.0131796,1.451767,0.2265657
2886,0.016681,1,100,0,94.51133,0,100,113.3978,0,0,-0.3613267,-0.004375817,-0.932429,0.004041741,0.9999723,-0.006259013,0.9324305,-0.006030185,-0.361299,-156.7828,-49.54646,-186.3862,102.0288,-1.130474,-51.5989,114.3399,0.2060792,33.25293,3.38372,0.0157994,1.5399,0.2204667
2887,0.016645,1,100,0,102.8338,0,100,113.7843,0,0,-0.3368457,-0.008154441,-0.9415247,0.002534746,0.9999513,-0.009567313,0.9415569,-0.005609234,-0.3368086,-155.0784,-49.56528,-187.2389,103.1257,-1.129466,-50.47626,114.8218,0.1936475,35.22832,3.266308,0.01752515,1.631357,0.2128879
2888,0.01672,1,100,0,87.36783,0,100,114.1059,0,0,-0.3107085,-0.011809,-0.9504318,0.001134722,0.9999174,-0.0127948,0.9505044,-0.00505393,-0.3106695,-153.3478,-49.58407,-188.0753,104.2606,-1.111238,-49.11135,115.2538,0.159076,36.61363,3.127641,0.01789139,1.695498,0.2037753
2889,0.016662,1,100,0,95.69883,0,100,114.3632,0,0,-0.2833689,-0.0152802,-0.9588893,-0.0001230165,0.9998738,-0.01589695,0.9590111,-0.004386742,-0.283335,-151.6042,-49.6024,-188.8848,105.4098,-1.075235,-47.5176,115.63,0.1074866,38.11161,2.970932,0.01725388,1.76486,0.1934121
2890,0.016818,1,100,0,104.1078,0,100,114.5573,0,0,-0.2543748,-0.01858621,-0.9669271,-0.001235727,0.9998208,-0.01889339,0.9671049,-0.003611146,-0.2543522,-149.8248,-49.62019,-189.6738,106.571,-1.022034,-45.6811,115.9534,0.03857615,39.73407,2.795978,0.01561616,1.839986,0.1817748
2891,0.016514,1,100,0,88.83238,0,100,114.6881,0,0,-0.2246152,-0.02161492,-0.9742079,-0.002159487,0.9997627,-0.02168402,0.9744453,-0.00276677,-0.2246085,-148.0586,-49.63671,-190.4171,107.6977,-0.9548285,-43.65844,116.2143,-0.0450173,40.76748,2.609405,0.01279782,1.88784,0.1692695
2892,0.016678,1,100,0,97.17138,0,100,114.7542,0,0,-0.1935222,-0.02443671,-0.9807915,-0.002892395,0.9996996,-0.0243371,0.9810916,-0.001872933,-0.1935347,-146.2562,-49.65235,-191.1327,108.8016,-0.9011915,-41.40165,116.4161,-0.191962,41.95577,2.414593,0.005944077,1.942843,0.1561726
2893,0.017017,1,100,0,105.6799,0,91.4915,114.7587,0,0,-0.1606723,-0.02705989,-0.986637,-0.003392934,0.9996336,-0.0268638,0.9870024,-0.0009686749,-0.1607052,-144.3986,-49.66735,-191.8227,109.8607,-0.8408328,-38.81291,116.5183,-0.3499975,43.14055,2.204913,-0.001654804,1.99768,0.1420766
2894,0.016359,1,100,0,90.54781,0,83.312,114.671,0,0,-0.1282132,-0.02932386,-0.991313,-0.003637923,0.99957,-0.02909759,0.99174,-0.0001243739,-0.1282647,-142.5962,-49.68077,-192.4427,110.7978,-0.777324,-36.06559,116.5224,-0.5017643,43.6088,1.994832,-0.009398034,2.019337,0.1279637
2895,0.016665,1,100,0,98.88031,0,74.97951,114.5086,0,0,-0.09463659,-0.03136838,-0.9950177,-0.00367661,0.9995079,-0.03116025,0.9955055,0.0007093928,-0.09470534,-140.7449,-49.69326,-193.0269,111.6554,-0.691844,-33.02427,116.4389,-0.5999832,44.11618,1.78668,-0.01382188,2.042832,0.1139671
2896,0.016761,1,100,0,107.2608,0,66.59901,114.2807,0,0,-0.06035776,-0.03315901,-0.997626,-0.003551326,0.999449,-0.03300475,0.9981707,0.001550803,-0.06044226,-138.8691,-49.70435,-193.5622,112.3981,-0.5982537,-29.74573,116.2691,-0.7026571,44.65419,1.571797,-0.01867788,2.067743,0.09951723
2897,0.016597,1,100,0,91.90858,0,58.30051,113.9895,0,0,-0.02609577,-0.03466363,-0.9990582,-0.003271499,0.9993961,-0.03458991,0.999654,0.002365768,-0.02619342,-137.0002,-49.71374,-194.0369,113.0011,-0.500718,-26.30653,116.0239,-0.8063511,44.5521,1.355317,-0.02418972,2.063,0.08499736
2898,0.016649,1,100,0,100.2331,0,49.97601,113.6499,0,0,0.008244347,-0.03590393,-0.9993212,-0.002843518,0.9993502,-0.03592844,0.9999619,0.003137795,0.008136896,-135.1161,-49.72153,-194.4549,113.4617,-0.4006759,-22.68988,115.7089,-0.9084558,44.52876,1.136253,-0.02976392,2.061903,0.07034419
2899,0.016656,1,100,0,84.82629,0,41.64801,113.2715,0,0,0.04241796,-0.0368768,-0.9984193,-0.002281847,0.9993126,-0.03700674,0.9990976,0.00384799,0.04230465,-133.2245,-49.72766,-194.812,113.7691,-0.3019972,-18.93518,115.3345,-1.00858,43.91496,0.9169826,-0.03581155,2.033451,0.05576789
2900,0.016672,1,100,0,93.16228,0,33.312,112.8643,0,0,0.0761325,-0.03758807,-0.996389,-0.001600247,0.9992834,-0.03781954,0.9970966,0.004473764,0.0760178,-131.3267,-49.73217,-195.1063,113.9183,-0.2066617,-15.07073,114.911,-1.10125,43.42496,0.6989597,-0.04152162,2.01073,0.04134218
2901,0.016699,1,100,0,101.5118,0,24.96251,112.441,0,0,0.1094661,-0.03804353,-0.9932622,-0.0008214093,0.9992635,-0.03836391,0.9939901,0.005015423,0.1093542,-129.4243,-49.73512,-195.336,113.9066,-0.1171479,-11.12648,114.4488,-1.185517,43.04998,0.4836621,-0.04682342,1.993339,0.02715612
2902,0.016663,1,100,0,86.09851,0,16.631,112.0047,0,0,0.1421764,-0.03825566,-0.9891019,4.404038e-05,0.9992533,-0.03864196,0.9898416,0.005450414,0.1420719,-127.5271,-49.73679,-195.4993,113.7299,-0.0652514,-7.142101,113.954,-1.297498,42.11846,0.287755,-0.05447091,1.950138,0.01435518
2903,0.016762,1,100,0,70.59366,0,8.250005,111.5595,0,0,0.1740789,-0.03825083,-0.9839886,0.001011684,0.9992518,-0.03866518,0.9847313,0.005735306,0.1739873,-125.6226,-49.73767,-195.5966,113.3633,-0.02669685,-3.119317,113.4063,-1.390953,40.6655,0.09669113,-0.06145225,1.882789,0.002042351
2904,0.016972,1,100,0,54.89456,0,0,111.0896,0,0,0.2049498,-0.03804113,-0.978033,0.002063931,0.9992591,-0.03843423,0.9787705,0.005858497,0.2048765,-123.7012,-49.73798,-195.6266,112.8715,-0.002155964,0.9439585,112.8754,-1.465376,38.71484,-0.08944888,-0.06769383,1.792393,-0.009775301
2905,0.016331,1,100,0,39.78838,0,0,110.6687,0,0,0.2329851,-0.03766023,-0.9717509,0.003119984,0.9992738,-0.03797884,0.9724754,0.005816658,0.2329334,-121.8609,-49.73798,-195.5905,112.3132,0.00449507,4.737809,112.4131,-1.515436,36.5841,-0.2607046,-0.07259242,1.693666,-0.02050358
2906,0.016684,1,100,0,31.44638,0,0,110.3255,0,0,0.2598137,-0.03710922,-0.9649456,0.004195946,0.9992955,-0.03730045,0.96565,0.005642308,0.2597863,-119.9904,-49.73784,-195.4906,111.6742,0.01529829,8.48845,111.9964,-1.49139,34.35286,-0.4226823,-0.07288444,1.59033,-0.03054863
2907,0.01686,1,100,0,23.01638,0,0,110.0435,0,0,0.2850366,-0.03640153,-0.9578252,0.005219265,0.9993228,-0.03642543,0.9585026,0.005383436,0.2850335,-118.1115,-49.73757,-195.327,110.9696,0.01675776,12.13414,111.6311,-1.454672,32.04931,-0.5773885,-0.07245731,1.483651,-0.04008619
2908,0.016511,1,100,0,14.76088,0,0,109.8234,0,0,0.3078764,-0.03557192,-0.9507612,0.006143414,0.9993544,-0.03540063,0.9514066,0.005058097,0.3078961,-116.2832,-49.73733,-195.1079,110.2389,0.009570507,15.55079,111.3303,-1.406931,29.7567,-0.7193553,-0.07132331,1.377483,-0.04879414
2909,0.016655,1,100,0,6.433383,0,0,109.6701,0,0,0.3290549,-0.0346102,-0.9436765,0.006984188,0.9993902,-0.0342182,0.9442853,0.004668853,0.329096,-114.4513,-49.73725,-194.8306,109.4748,-0.005046497,18.83816,111.0837,-1.347382,27.40423,-0.8526579,-0.06946659,1.268551,-0.05693709
2910,0.016679,1,100,0,-1.906117,0,0,109.5749,0,0,0.3483893,-0.03353198,-0.9367502,0.007723042,0.9994289,-0.03290334,0.9373186,0.004228608,0.3484493,-112.6296,-49.73745,-194.4991,108.6971,-0.02620991,21.96348,110.8939,-1.277857,25.01327,-0.9755509,-0.06696483,1.157842,-0.06441972
2911,0.016684,1,100,0,-10.24812,0,0,109.5368,0,0,0.3658578,-0.03234884,-0.9301084,0.00835066,0.9994695,-0.03147646,0.9306332,0.003748889,0.3659338,-110.8203,-49.73802,-194.1162,107.9204,-0.05267591,24.91816,110.7598,-1.199443,22.58976,-1.087425,-0.06386257,1.045631,-0.07121547
2912,0.016693,1,100,0,-18.59462,0,0,109.5526,0,0,0.3814714,-0.03107087,-0.9238585,0.008861264,0.9995122,-0.02995631,0.9243386,0.003240922,0.3815606,-109.023,-49.73907,-193.6848,107.1577,-0.0831017,27.69937,110.6799,-1.113264,20.1358,-1.187961,-0.06021144,0.932016,-0.07731395
2913,0.016673,1,100,0,-26.93112,0,0,109.6188,0,0,0.3952148,-0.02971744,-0.9181079,0.009263924,0.9995547,-0.02836591,0.9185421,0.002705344,0.3953141,-107.2404,-49.74073,-193.2085,106.4177,-0.1335844,30.30254,110.648,-1.053195,17.65862,-1.257584,-0.05815791,0.8173124,-0.08146548
2914,0.016687,1,100,0,-35.27462,0,0,109.7278,0,0,0.4071295,-0.02830997,-0.9129318,0.00958357,0.9995972,-0.02672358,0.9133206,0.002130812,0.4072368,-105.4685,-49.74326,-192.6893,105.7147,-0.1889144,32.72818,110.6652,-0.9835383,15.15499,-1.315909,-0.05539834,0.7013919,-0.08492846
2915,0.016767,1,100,0,-43.65812,0,0,109.8792,0,0,0.4172592,-0.0268486,-0.908391,0.009800368,0.9996385,-0.02504384,0.908735,0.001547205,0.4173715,-103.6996,-49.74663,-192.1279,105.0615,-0.2263321,34.98271,110.7329,-0.8584241,12.61598,-1.373178,-0.04898806,0.5838633,-0.08837195
2916,0.016589,1,100,0,-51.95261,0,0,110.0735,0,0,0.42547,-0.02535771,-0.9046172,0.009879293,0.999678,-0.02337586,0.9049187,0.001008745,0.4255835,-101.9599,-49.75056,-191.5363,104.4725,-0.2589242,37.03115,110.8417,-0.7348443,10.08633,-1.418354,-0.04254489,0.4667691,-0.09110134
2917,0.016694,1,100,0,-60.29961,15.0246,0,110.2987,0,0,0.4318633,-0.02382131,-0.9016244,0.009830649,0.9997162,-0.02170422,0.9018855,0.0005097035,0.4319749,-100.2185,-49.75504,-190.9077,104.0064,-0.2868651,38.90915,111.0465,-0.6122992,7.244128,-1.452424,-0.03617223,0.335203,-0.09316982
2918,0.016825,1,100,0,-68.71211,30.1671,0,110.6095,0,0,0.4362244,-0.02224543,-0.899563,0.009662349,0.9997528,-0.02003748,0.8997864,4.894659e-05,0.4363315,-98.47045,-49.75998,-190.2434,103.6656,-0.3087966,40.62852,111.3433,-0.491769,4.101516,-1.475285,-0.02989513,0.1897277,-0.09457314
2919,0.016527,1,100,0,-76.97562,45.0414,0,111.0043,0,0,0.438296,-0.0206794,-0.8985929,0.009391352,0.9997863,-0.01842746,0.8987819,-0.0003623189,0.4383965,-96.75831,-49.76516,-189.5635,103.4591,-0.3232275,42.15205,111.7169,-0.3775624,0.7732166,-1.486515,-0.023915,0.03565438,-0.09528447
2920,0.016698,1,100,0,-85.32462,60.0696,0,111.4665,0,0,0.4380122,-0.01909485,-0.8987662,0.009038273,0.9998174,-0.01683695,0.8989236,-0.0007485035,0.4381048,-95.03121,-49.77068,-188.852,103.3776,-0.3455239,43.53192,112.1699,-0.3029575,-2.825612,-1.467865,-0.02037857,-0.1309563,-0.09413145
2921,0.01675,1,100,0,-93.69962,75.1446,0,112.0004,0,0,0.4351625,-0.01752137,-0.9001815,0.008626283,0.9998459,-0.01529118,0.9003106,-0.001111073,0.4352466,-93.29931,-49.77644,-188.116,103.4374,-0.3413355,44.74968,112.703,-0.1800646,-6.654527,-1.449226,-0.01361693,-0.3082013,-0.09303053
2922,0.016606,1,100,0,-102.0026,90.09,0,112.6034,0,0,0.4296383,-0.01597809,-0.9028597,0.008136785,0.9998715,-0.01382292,0.9029645,-0.001407519,0.4297131,-91.58054,-49.78202,-187.3671,103.6349,-0.3272911,45.7878,113.2997,-0.06938292,-10.64742,-1.420648,-0.007475618,-0.4930402,-0.09133364
2923,0.016699,1,100,0,-86.55605,100,0,113.2547,0,0,0.4213974,-0.01445499,-0.9067611,0.007577528,0.9998944,-0.01241817,0.9068448,-0.001638025,0.4214624,-89.84814,-49.78734,-186.5977,103.9582,-0.300435,46.64719,113.9446,0.03880375,-14.0892,-1.373345,-0.001138128,-0.6523609,-0.08844526
2924,0.01668,1,100,0,-94.89604,100,0,113.9345,0,0,0.4107197,-0.01297877,-0.9116693,0.00696373,0.9999142,-0.01109779,0.9117351,-0.001790539,0.4107748,-88.11179,-49.79214,-185.8161,104.3795,-0.2639704,47.28057,114.5888,0.1305917,-17.48092,-1.317167,0.004331929,-0.8093675,-0.0849903
2925,0.016674,1,100,0,-103.233,100,0,114.5886,0,0,0.3975976,-0.01155773,-0.9174873,0.006313717,0.9999317,-0.009860217,0.9175386,-0.001872357,0.3976434,-86.36848,-49.7963,-185.0255,104.8992,-0.2190412,47.67641,115.2256,0.2053136,-20.82889,-1.252669,0.008874916,-0.9643507,-0.08099269
2926,0.016696,1,100,0,-87.78924,100,0,115.2077,0,0,0.3821517,-0.01019953,-0.9240434,0.005644276,0.9999464,-0.008703073,0.9240826,-0.001889662,0.3821888,-84.61366,-49.79967,-184.2287,105.5162,-0.166893,47.82336,115.848,0.2626861,-23.47471,-1.180407,0.01257573,-1.08683,-0.07645576
2927,0.016655,1,100,0,-96.11674,100,0,115.7835,0,0,0.364734,-0.00892212,-0.9310691,0.004972146,0.9999586,-0.007634492,0.9310988,-0.001844853,0.3647633,-82.85237,-49.80207,-183.4327,106.2225,-0.09873234,47.71441,116.447,0.313106,-26.13213,-1.093794,0.01591946,-1.209846,-0.07097203
2928,0.016681,1,100,0,-104.4572,100,0,116.3083,0,0,0.3452287,-0.007734499,-0.9384868,0.004307683,0.9999686,-0.006656589,0.9385087,-0.001744658,0.3452512,-81.07609,-49.80331,-182.6388,107.0104,-0.02552804,47.34522,117.0162,0.3442652,-28.81041,-1.001051,0.01810055,-1.333832,-0.06506339
2929,0.016987,1,100,0,-88.74426,100,0,116.7762,0,0,0.3233722,-0.006627877,-0.9462487,0.003658237,0.9999768,-0.005754038,0.9462648,-0.001600905,0.323389,-79.25335,-49.80331,-181.8382,107.8834,0.0520111,46.70004,117.5573,0.3573202,-30.86581,-0.9013606,0.01926251,-1.428981,-0.05865763
2930,0.01639,1,100,0,-96.93926,100,0,117.1885,0,0,0.3006338,-0.005666784,-0.9537228,0.003072496,0.9999829,-0.004973134,0.9537347,-0.001435218,0.300646,-77.48021,-49.80205,-181.0775,108.7824,0.1276368,45.81351,118.0361,0.3534483,-32.90907,-0.8009054,0.01933633,-1.523574,-0.0521795
2931,0.016674,1,100,0,-105.2763,100,0,117.5231,0,0,0.2757834,-0.004801136,-0.9612079,0.002531898,0.9999878,-0.004268403,0.9612167,-0.001256526,0.2757922,-75.66103,-49.7995,-180.32,109.7368,0.2033969,44.65542,118.4749,0.3350135,-35.05285,-0.6954174,0.01847859,-1.62282,-0.04536059
2932,0.016952,1,100,0,-89.59566,100,0,117.7962,0,0,0.2488484,-0.004039848,-0.9685341,0.00203422,0.9999913,-0.003648401,0.9685404,-0.001062313,0.2488544,-73.79508,-49.79553,-179.5711,110.736,0.2968736,43.21531,118.8702,0.349272,-36.60518,-0.5900739,0.01975616,-1.694682,-0.038516
2933,0.016426,1,100,0,-97.80865,100,0,118.0063,0,0,0.2213999,-0.003418937,-0.9751772,0.001581338,0.9999939,-0.003146923,0.9751821,-0.0008453559,0.2214039,-71.97072,-49.79016,-178.8702,111.714,0.3865223,41.56762,119.1975,0.3445875,-38.2086,-0.4859264,0.01976291,-1.768912,-0.0317228
2934,0.016673,1,100,0,-106.1452,100,0,118.1444,0,0,0.1921123,-0.002912172,-0.9813687,0.001179731,0.9999956,-0.002736503,0.9813723,-0.0006320354,0.1921149,-70.10259,-49.78332,-178.1877,112.6947,0.4597233,39.65639,119.4694,0.2854414,-39.93516,-0.368759,0.01622663,-1.848846,-0.02408646
2935,0.016668,1,100,0,-90.72726,100,0,118.2137,0,0,0.1614932,-0.002537323,-0.9868706,0.0008734637,0.9999968,-0.002428137,0.9868736,-0.0004698681,0.1614949,-68.21882,-49.7753,-177.5386,113.6501,0.523575,37.50903,119.681,0.2193478,-41.08381,-0.2520701,0.0122045,-1.902025,-0.01650095
2936,0.016674,1,100,0,-99.06425,91.663,0,118.2155,0,0,0.1298348,-0.002291584,-0.991533,0.0006627971,0.9999974,-0.002224358,0.9915356,-0.0003683861,0.129836,-66.31876,-49.76628,-176.9267,114.5422,0.5762717,35.0603,119.7892,0.149338,-42.20364,-0.136709,0.007850757,-1.953871,-0.009039406
2937,0.016672,1,100,0,-107.4003,83.327,0,118.1245,0,0,0.09719423,-0.002170347,-0.9952631,0.0005319225,0.9999977,-0.002128726,0.9952654,-0.000322503,0.09719516,-64.4045,-49.75636,-176.3573,115.3531,0.6327243,32.32969,119.7996,0.1154714,-43.29557,-0.02492169,0.005728826,-2.004425,-0.001845663
2938,0.016698,1,100,0,-91.95461,74.978,0,117.949,0,0,0.06373306,-0.002168574,-0.9979647,0.0004511778,0.9999976,-0.002144178,0.9979669,-0.0003136044,0.06373389,-62.47427,-49.74554,-175.834,116.0612,0.6789433,29.33162,119.7122,0.07458059,-43.6959,0.08438951,0.003093512,-2.022959,0.005165751
2939,0.016668,1,100,0,-100.2886,66.644,0,117.6945,0,0,0.02994356,-0.002281356,-0.999549,0.000420527,0.9999973,-0.002269782,0.9995515,-0.000352372,0.02994444,-60.53638,-49.73403,-175.363,116.6472,0.7130461,26.09982,119.5335,0.03007295,-44.12725,0.1900843,0.0001351782,-2.042931,0.01190784
2940,0.016687,1,100,0,-84.85313,58.30051,0,117.3761,0,0,-0.004088212,-0.002504531,-0.9999885,0.000448344,0.9999967,-0.002506385,0.9999915,-0.0004585855,-0.004087076,-58.58725,-49.72209,-174.9466,117.0949,0.7202974,22.65588,119.2687,-0.04882652,-43.9223,0.2976604,-0.005088779,-2.033445,0.01872165
2941,0.0167,1,100,0,-93.20312,49.95051,0,117.001,0,0,-0.03800508,-0.002833726,-0.9992735,0.000550521,0.9999958,-0.002856712,0.9992775,-0.0006586906,-0.03800336,-56.62995,-49.71012,-174.5884,117.3952,0.7103217,19.03037,118.9298,-0.1211092,-43.80099,0.3999362,-0.009973584,-2.027832,0.02512239
2942,0.016674,1,100,0,-101.5401,41.61351,0,116.5867,0,0,-0.07175231,-0.0032578,-0.9974172,0.000713461,0.9999943,-0.003317543,0.9974222,-0.0009496596,-0.07174958,-54.67155,-49.69842,-174.2919,117.539,0.6829895,15.26703,118.5283,-0.1858065,-43.75761,0.4960263,-0.01444903,-2.025827,0.03105551
2943,0.016835,1,100,0,-85.96775,33.19601,0,116.1399,0,0,-0.1055524,-0.003772407,-0.9944066,0.0009154147,0.999992,-0.003890764,0.9944133,-0.001320974,-0.1055481,-52.69272,-49.68707,-174.0568,117.5223,0.655207,11.3529,118.0712,-0.2149923,-43.10928,0.5878955,-0.01667722,-1.995814,0.03667028
2944,0.016537,1,100,0,-94.23625,24.92751,0,115.6666,0,0,-0.1381788,-0.004355038,-0.9903979,0.001118861,0.9999892,-0.004553315,0.990407,-0.00173729,-0.1381725,-50.75008,-49.67646,-173.8907,117.3444,0.6136024,7.428447,117.5809,-0.2395572,-42.59529,0.6713987,-0.01865923,-1.972019,0.0417192
2945,0.016673,1,100,0,-102.5728,16.59101,0,115.1913,0,0,-0.1705597,-0.00501089,-0.9853348,0.001328563,0.9999852,-0.005315366,0.9853469,-0.002215666,-0.1705505,-48.79535,-49.66659,-173.7891,117.0008,0.5483685,3.423692,117.0522,-0.2835106,-42.19193,0.751194,-0.02193823,-1.953349,0.04648716
2946,0.016778,1,100,0,-87.0531,8.202007,0,114.7012,0,0,-0.202509,-0.005731912,-0.9792636,0.001550688,0.9999797,-0.006173847,0.9792791,-0.002768791,-0.202496,-46.83498,-49.65784,-173.7543,116.4933,0.4669428,-0.6282866,116.4959,-0.3189417,-41.22046,0.8235896,-0.02465196,-1.908376,0.05076012
2947,0.016609,1,100,0,-71.68977,0,0,114.2054,0,0,-0.2330768,-0.006497352,-0.9724367,0.001768837,0.9999734,-0.0071053,0.9724569,-0.003376162,-0.2330591,-44.90361,-49.65061,-173.7868,115.8389,0.3718794,-4.632934,115.9321,-0.344724,-39.75569,0.8871586,-0.026697,-1.840566,0.05447736
2948,0.016691,1,100,0,-56.2506,0,0,113.7268,0,0,-0.262395,-0.007310739,-0.9649329,0.001971222,0.9999653,-0.008112195,0.9649587,-0.004030696,-0.2623714,-42.97417,-49.64497,-173.886,115.0893,0.2685841,-8.554498,115.4071,-0.3535252,-37.97445,0.9438507,-0.02760509,-1.758102,0.05777599
2949,0.016694,1,100,0,-40.80865,0,0,113.2998,0,0,-0.2900914,-0.008162765,-0.9569641,0.002140933,0.9999555,-0.009178472,0.9569965,-0.004711392,-0.2900611,-41.05735,-49.64111,-174.05,114.2601,0.1552353,-12.3612,114.9269,-0.3546515,-35.91014,0.9922377,-0.02795341,-1.662532,0.06059071
2950,0.016705,1,100,0,-32.45615,0,0,112.9313,0,0,-0.3160361,-0.009049525,-0.9487042,0.002267065,0.9999447,-0.01029351,0.948745,-0.005403896,-0.3159982,-39.15348,-49.63916,-174.2769,113.3668,0.03881365,-16.0411,114.496,-0.3405367,-33.7843,1.036437,-0.02727314,-1.564111,0.06318583
2951,0.016674,1,100,0,-24.11914,0,0,112.6249,0,0,-0.3401444,-0.009966136,-0.9403204,0.002337619,0.9999319,-0.01144353,0.9403704,-0.006090563,-0.3400979,-37.26831,-49.63918,-174.564,112.4266,-0.08282174,-19.57312,114.1177,-0.3213429,-31.60808,1.072149,-0.0262081,-1.463355,0.06529813
2952,0.016659,1,100,0,-15.78964,0,0,112.3799,0,0,-0.3624347,-0.01090819,-0.9319454,0.002350012,0.9999177,-0.01261772,0.9320064,-0.006763181,-0.3623793,-35.40069,-49.64125,-174.9089,111.4544,-0.207969,-22.95154,113.7932,-0.2977169,-29.38408,1.099481,-0.024792,-1.360386,0.06693947
2953,0.016704,1,100,0,-7.437644,0,0,112.1948,0,0,-0.3829784,-0.01187419,-0.9236811,0.002303371,0.9999022,-0.01380906,0.9237548,-0.007416151,-0.3829136,-33.54439,-49.64544,-175.3102,110.4613,-0.3362543,-26.18084,113.522,-0.2722089,-27.10769,1.118216,-0.02318117,-1.25499,0.06809945
2954,0.0169,1,100,0,1.012356,0,0,112.0666,0,0,-0.4019246,-0.01286832,-0.9155825,0.00219723,0.999885,-0.01501772,0.9156704,-0.008047734,-0.4018501,-31.68319,-49.65185,-175.7702,109.4526,-0.4662362,-29.28164,113.3027,-0.2431024,-24.75941,1.128904,-0.02125737,-1.146264,0.06881623
2955,0.016451,1,100,0,9.237856,0,0,111.9931,0,0,-0.418587,-0.01384825,-0.9080712,0.002037759,0.9998671,-0.01618748,0.9081747,-0.0086263,-0.4185032,-29.88784,-49.6602,-176.2675,108.4824,-0.5910086,-32.13175,113.1426,-0.2123271,-22.44177,1.131344,-0.01914538,-1.038956,0.06907361
2956,0.01669,1,100,0,17.58286,0,0,111.9733,0,0,-0.4337188,-0.01485026,-0.900926,0.001821594,0.9998478,-0.01735776,0.9010467,-0.009169508,-0.4336257,-28.08255,-49.67074,-176.8189,107.5208,-0.7142312,-34.8543,113.0312,-0.1795529,-20.05235,1.12617,-0.01681334,-0.9283224,0.06891503
2957,0.016981,1,100,0,26.07336,0,0,112.0016,0,0,-0.4472917,-0.01587409,-0.8942472,0.001548223,0.9998273,-0.01852268,0.8943868,-0.009669537,-0.4471899,-26.26202,-49.68354,-177.4255,106.5784,-0.8336388,-37.44741,112.9689,-0.1443433,-17.58455,1.11398,-0.01422467,-0.8140566,0.06837989
2958,0.016377,1,100,0,34.26186,0,0,112.0765,0,0,-0.4586378,-0.01686242,-0.8884633,0.001236529,0.9998068,-0.01961395,0.8886223,-0.01009431,-0.4585283,-24.52124,-49.69778,-178.0514,105.7174,-0.9419486,-39.77288,112.9555,-0.1107024,-15.18393,1.094997,-0.01165722,-0.7029008,0.06746154
2959,0.016694,1,100,0,42.60886,0,0,112.1894,0,0,-0.4684705,-0.01786657,-0.8832986,0.0008757384,0.9997858,-0.02068723,0.8834791,-0.01046489,-0.4683545,-22.76094,-49.71407,-178.7276,104.8955,-1.044609,-41.97013,112.9852,-0.07796397,-12.70576,1.068785,-0.009042084,-0.5881525,0.06614275
2960,0.016741,1,100,0,50.97935,0,15.0669,112.3408,0,0,-0.4765127,-0.0188674,-0.878965,0.0004721005,0.9997639,-0.02171635,0.8791672,-0.01076308,-0.4763913,-21.00871,-49.73205,-179.4416,104.2045,-1.133478,-43.9938,113.1164,-0.03583994,-9.91203,1.03615,-0.005630176,-0.4587872,0.0645186
2961,0.016604,1,100,0,59.28136,0,30.0105,112.5836,0,0,-0.4825124,-0.01985338,-0.8756642,2.855156e-05,0.9997428,-0.02268227,0.8758894,-0.01096948,-0.4823877,-19.28155,-49.7513,-180.1822,103.6509,-1.210372,-45.83472,113.3393,0.001332426,-6.864358,0.997612,-0.002344483,-0.3176621,0.06260688
2962,0.016704,1,100,0,67.63335,0,45.0441,112.9101,0,0,-0.4864034,-0.02083746,-0.873486,-0.0004539108,0.9997216,-0.02359611,0.8737345,-0.01108074,-0.4862774,-17.55251,-49.77188,-180.9573,103.2287,-1.276044,-47.5281,113.6517,0.03321925,-3.536209,0.9530484,0.0008135647,-0.1635481,0.0603931
2963,0.016669,1,100,0,75.96785,0,60.0462,113.3205,0,0,-0.4879833,-0.02180992,-0.8725805,-0.0009640465,0.9997008,-0.02444813,0.8728527,-0.01108907,-0.4878584,-15.83335,-49.79344,-181.758,102.9462,-1.329501,-49.06121,114.0469,0.05857332,0.02439304,0.9031833,0.003759785,0.001330598,0.05789899
2964,0.016681,1,100,0,84.30835,0,75.0591,113.8066,0,0,-0.4871115,-0.02277193,-0.8730429,-0.001499115,0.9996804,-0.02523864,0.8733386,-0.01098524,-0.4869899,-14.11688,-49.81582,-182.5841,102.8079,-1.366174,-50.43834,114.5223,0.08796228,3.810971,0.8509209,0.007178797,0.1766794,0.05528922
2965,0.016686,1,100,0,92.65135,0,90.07651,114.364,0,0,-0.4836325,-0.02372125,-0.8749496,-0.002057916,0.9996607,-0.02596484,0.8752686,-0.01075687,-0.4835172,-12.40138,-49.83875,-183.4324,102.8172,-1.389301,-51.65522,115.072,0.1074941,7.806751,0.7939915,0.01018231,0.3617156,0.05238949
2966,0.016674,1,100,0,100.9883,0,100,114.9838,0,0,-0.4774183,-0.02465146,-0.8783304,-0.002629314,0.9996421,-0.02662706,0.8786725,-0.01040284,-0.4773123,-10.68621,-49.86196,-184.2995,102.9619,-1.398869,-52.69384,115.6709,0.1165066,11.89595,0.7328879,0.0126836,0.5510771,0.04918061
2967,0.016698,1,100,0,85.5427,0,100,115.6358,0,0,-0.4685529,-0.0255524,-0.8830658,-0.00320203,0.9996242,-0.02722615,0.8834296,-0.009929288,-0.4684587,-8.965543,-49.88528,-185.184,103.2184,-1.392221,-53.51936,116.2768,0.1194604,15.22339,0.6637253,0.01457721,0.705162,0.04523501
2968,0.016908,1,100,0,93.9967,0,100,116.2716,0,0,-0.4572105,-0.0264156,-0.8889661,-0.003768237,0.9996073,-0.02776523,0.8893505,-0.009344717,-0.4571305,-7.218208,-49.90871,-186.0923,103.5966,-1.37119,-54.11922,116.8889,0.1112508,18.55824,0.590561,0.01585307,0.8595881,0.0409414
2969,0.016458,1,100,0,102.2257,0,100,116.886,0,0,-0.4438514,-0.02719901,-0.8956876,-0.004295213,0.9995924,-0.02822579,0.8960902,-0.008680888,-0.4437873,-5.510571,-49.93109,-186.9849,104.0805,-1.337405,-54.46016,117.4753,0.09260552,21.76354,0.5168483,0.01646877,1.008013,0.03649238
2970,0.016664,1,100,0,86.8115,0,100,117.4459,0,0,-0.4281417,-0.02792507,-0.9032802,-0.004797184,0.9995788,-0.02862837,0.9036992,-0.007923798,-0.4280954,-3.772834,-49.95309,-187.893,104.6827,-1.285268,-54.55588,118.0528,0.07728866,24.31579,0.4428121,0.01703708,1.126197,0.0318133
2971,0.016834,1,100,0,95.2285,0,100,117.967,0,0,-0.4103133,-0.02857924,-0.9114967,-0.005268581,0.9995664,-0.02896892,0.9119294,-0.007084041,-0.410286,-2.006595,-49.97436,-188.8105,105.3975,-1.21991,-54.39029,118.6104,0.05134991,26.92211,0.3665434,0.0169837,1.246882,0.02688963
2972,0.016547,1,100,0,103.502,0,100,118.4393,0,0,-0.3908038,-0.0291368,-0.9200127,-0.005688579,0.9995562,-0.02923954,0.9204563,-0.006193358,-0.3907961,-0.2581806,-49.99414,-189.7082,106.1946,-1.144698,-53.96561,119.1255,0.01645771,29.50231,0.2907478,0.01635288,1.366355,0.02188882
2973,0.016678,1,100,0,88.07485,0,100,118.8441,0,0,-0.3692594,-0.02960482,-0.9288548,-0.006059511,0.999548,-0.02944907,0.9293068,-0.005245939,-0.3692718,1.517867,-50.01276,-190.6045,107.0796,-1.059662,-53.27493,119.6051,-0.02690043,31.45861,0.2141642,0.01485083,1.456929,0.016665
2974,0.016674,1,100,0,96.41185,0,100,119.1883,0,0,-0.3460864,-0.02996948,-0.9377239,-0.006382797,0.9995418,-0.02958947,0.938181,-0.004255212,-0.3461191,3.30865,-50.0298,-191.4875,108.0359,-0.9463894,-52.32176,120.0425,-0.03387399,33.48707,0.136037,0.01569019,1.550866,0.01125588
2975,0.016687,1,100,0,104.7553,0,100,119.4708,0,0,-0.3211822,-0.03022417,-0.9465352,-0.006681631,0.9995383,-0.0296494,0.9469943,-0.003198459,-0.3212358,5.11709,-50.0449,-192.3539,109.0448,-0.8229222,-51.10709,120.43,-0.05339694,35.58307,0.05860924,0.01571832,1.647924,0.005782212
2976,0.016675,1,100,0,89.33097,0,100,119.6849,0,0,-0.2946759,-0.03036368,-0.9551147,-0.006956691,0.9995368,-0.02962958,0.955572,-0.002086686,-0.2947507,6.941272,-50.05781,-193.198,110.0911,-0.6764715,-49.63559,120.765,-0.05167256,37.07108,-0.01375721,0.01672135,1.716837,0.0004946669
