tick,dt,grounded,throttle,brake,steer,airbrake_l,airbrake_r,speed_cached,stun_timer,timer_2e0,shield,right_x,right_y,right_z,up_x,up_y,up_z,fwd_x,fwd_y,fwd_z,pos_x,pos_y,pos_z,vel_x,vel_y,vel_z,speed,avel_x,avel_y,avel_z,omega_x,omega_y,omega_z
0,0.016662,1,0,0,0,0,0,0.0008481643,0,0,135,-0.07694265,-0.01935659,-0.9968476,-0.005040362,0.9998063,-0.01902499,0.9970228,0.003560639,-0.07702532,6.07136,-50.06617,-196.077,-0.0002443709,-0.004956484,0.01325717,0.01415553,0.0006540561,-0.1159794,-0.0001448543,1.955407e-06,-0.005369985,-1.932829e-06
1,0.016684,1,0,0,0,0,0,0.00128243,0,0,135,-0.07703198,-0.01935687,-0.9968408,-0.005040389,0.9998065,-0.01902496,0.9970161,0.003558936,-0.07711464,6.071353,-50.06619,-196.0769,-0.0007814409,0.005045791,-0.02144301,0.02204254,0.000644992,-0.1159516,-0.0001465568,1.383453e-06,-0.005368697,-2.047258e-06
2,0.016693,1,0,0,0,0,0,0.0008924187,0,0,135,-0.07712135,-0.01935716,-0.9968339,-0.005040417,0.9998065,-0.01902493,0.9970093,0.003557231,-0.077204,6.071343,-50.06617,-196.0771,-0.0002642702,-0.005034991,0.01332851,0.01425027,0.0006640738,-0.1159837,-0.0001374446,2.594875e-06,-0.005370179,-1.464611e-06
3,0.016673,1,100,0,8.3365,0,15.0057,0.001310405,0,0,135,-0.07715071,-0.01935716,-0.9968316,-0.005040891,0.9998064,-0.01902478,0.9970068,0.003557144,-0.07723335,6.074477,-50.06618,-196.0773,0.5643904,0.007088057,-0.06503509,0.5681692,0.0006436569,0.1175324,-0.000139415,8.175868e-05,0.005442357,-1.637905e-05
4,0.016684,1,100,0,16.6785,0,30.0213,0.5677491,0,0,135,-0.07694446,-0.01935599,-0.9968476,-0.005043211,0.9998065,-0.01902417,0.9970229,0.003563509,-0.07702719,6.086905,-50.06607,-196.0786,1.105929,0.006251093,-0.1039522,1.110822,0.001014188,0.5682616,-0.0001298057,0.000260823,0.02631269,-4.437039e-05
5,0.016704,1,100,0,25.0305,0,45.0549,1.110667,0,0,135,-0.07633825,-0.01935284,-0.9968942,-0.005048936,0.9998064,-0.01902275,0.9970693,0.003581091,-0.07642118,6.108452,-50.06596,-196.0806,1.657949,0.005780017,-0.1451859,1.664304,0.001591886,1.221685,-0.0001269256,0.0005229468,0.0565685,-8.602101e-05
6,0.016663,1,100,0,33.362,0,60.0516,1.664207,0,0,135,-0.07518329,-0.01934694,-0.9969822,-0.00505934,0.9998066,-0.01902022,0.9971574,0.003614069,-0.07526663,6.139196,-50.06587,-196.0832,2.219188,0.005550449,-0.1877463,2.227122,0.002283028,2.060483,-0.0001138448,0.0008560246,0.09540772,-0.0001398674
7,0.016689,1,100,0,41.7065,0,75.0717,2.227031,0,0,135,-0.07333467,-0.01933749,-0.9971199,-0.005075559,0.9998063,-0.01901629,0.9972944,0.003666388,-0.07341861,6.179422,-50.06578,-196.0866,2.792607,0.005568572,-0.2312559,2.802172,0.002951239,3.075617,-9.320584e-05,0.001247979,0.1424119,-0.0002067228
8,0.016927,1,100,0,50.17001,0,90.306,2.802051,0,0,135,-0.07061798,-0.01932343,-0.9973162,-0.005098857,0.9998063,-0.01901064,0.9974904,0.00374268,-0.07070283,6.230043,-50.06569,-196.0908,3.386485,0.005853265,-0.2756341,3.397689,0.003488031,4.274328,-4.264141e-05,0.001693986,0.1979163,-0.0002875281
9,0.016462,1,100,0,58.401,0,100,3.397497,0,0,135,-0.06703592,-0.01930457,-0.9975638,-0.005128876,0.9998062,-0.01900331,0.9977374,0.003842477,-0.06712195,6.289028,-50.06559,-196.0955,3.976363,0.006415495,-0.3178602,3.989052,0.00377588,5.583137,4.870771e-05,0.002160806,0.2585185,-0.0003787976
10,0.016666,1,100,0,66.73401,0,100,3.988726,0,0,135,-0.06236212,-0.01927935,-0.9978674,-0.005167119,0.9998063,-0.01899389,0.9980404,0.003971601,-0.06244966,6.35868,-50.06548,-196.1011,4.58508,0.007315542,-0.3576788,4.599015,0.003730775,7.042019,0.0001763807,0.002656132,0.3260693,-0.000486598
11,0.016776,1,100,0,75.12201,0,100,4.598461,0,0,135,-0.05649016,-0.01924662,-0.9982176,-0.005213938,0.9998062,-0.01898219,0.9983895,0.004132338,-0.05657957,6.439092,-50.06535,-196.1073,5.209774,0.008593267,-0.3932434,5.224601,0.003262741,8.634511,0.0003703137,0.003167687,0.3998067,-0.0006114729
12,0.016587,1,100,0,83.41551,0,100,5.223669,0,0,135,-0.04943762,-0.01920579,-0.9985925,-0.005268655,0.9998061,-0.0189683,0.9987632,0.004323492,-0.04952923,6.528988,-50.0652,-196.114,5.839524,0.01026313,-0.4221718,5.854774,0.002325175,10.31816,0.0006481978,0.003676981,0.4777648,-0.0007526341
13,0.016673,1,100,0,91.75201,0,100,5.853256,0,0,135,-0.04101859,-0.01915488,-0.9989748,-0.005332146,0.9998063,-0.01895189,0.9991443,0.0045493,-0.04111278,6.629936,-50.06501,-196.1211,6.484715,0.01238029,-0.4429774,6.499839,0.0008842379,12.11387,0.001015558,0.004187621,0.5609112,-0.0009159988
14,0.016691,1,100,0,100.0975,0,100,6.497433,0,0,135,-0.03117569,-0.01909238,-0.9993317,-0.005404235,0.9998063,-0.01893285,0.9994996,0.004810378,-0.03127283,6.741835,-50.06479,-196.1286,7.14295,0.01497259,-0.4532051,7.157328,-0.001091153,14.00606,0.001510912,0.004690668,0.6485248,-0.001102592
15,0.016673,1,100,0,84.67499,0,100,7.15362,0,0,135,-0.02002947,-0.01901776,-0.9996186,-0.00548343,0.9998062,-0.01891146,0.9997845,0.005102552,-0.02012987,6.864653,-50.06453,-196.1362,7.812837,0.01807008,-0.4503308,7.825826,-0.003607409,15.3171,0.002154106,0.004954649,0.7092294,-0.001253308
16,0.016684,1,100,0,93.01699,0,100,7.820311,0,0,135,-0.007825657,-0.01893154,-0.9997901,-0.005567468,0.999806,-0.01888827,0.9999538,0.005418486,-0.007929539,6.998799,-50.06421,-196.1436,8.495443,0.02171669,-0.4320312,8.50645,-0.006256418,16.76428,0.002974198,0.00524909,0.7762374,-0.00142649
17,0.016715,1,100,0,101.3745,0,100,8.498594,0,0,135,0.005554841,-0.01883163,-0.9998073,-0.00565703,0.9998062,-0.01886304,0.9999688,0.005760721,0.005447233,7.14468,-50.06382,-196.1506,9.191434,0.02593582,-0.3960469,9.199999,-0.009027597,18.33889,0.003989793,0.00556953,0.8491462,-0.001625014
18,0.016655,1,100,0,85.96861,0,100,9.18914,0,0,135,0.01995726,-0.01871793,-0.9996257,-0.005750878,0.9998062,-0.01883612,0.9997846,0.006124643,0.01984575,7.30168,-50.06336,-196.1569,9.896719,0.03071607,-0.3401898,9.902612,-0.01187991,19.35688,0.005227355,0.005688801,0.8962811,-0.001775494
19,0.017008,1,100,0,94.47261,0,100,9.888024,0,0,135,0.03551148,-0.01858818,-0.9991964,-0.005849617,0.999806,-0.01880741,0.9993521,0.006512795,0.03539586,7.474154,-50.06281,-196.1622,10.6285,0.03622439,-0.260361,10.63175,-0.01449807,20.56446,0.006749189,0.005875874,0.9521951,-0.001951711
20,0.016379,1,100,0,102.6621,0,100,10.61263,0,0,135,0.0514205,-0.01844669,-0.9985068,-0.005946285,0.9998061,-0.01877691,0.9986596,0.006902924,0.05130085,7.652156,-50.06217,-196.166,11.34565,0.04363483,-0.1602941,11.34687,-0.02351246,21.8654,0.004453151,0.005673494,1.01243,-0.002401607
21,0.016674,1,100,0,87.23866,0,100,11.32252,0,0,135,0.06847478,-0.0182828,-0.9974854,-0.006041106,0.9998063,-0.01874004,0.9976348,0.007309135,0.06835107,7.84545,-50.06139,-196.168,12.08567,0.05203853,-0.03215736,12.08583,-0.03300873,22.66083,0.002457744,0.005259894,1.049258,-0.002791155
22,0.016927,1,100,0,95.70216,0,100,12.05527,0,0,135,0.08643974,-0.01809753,-0.9960927,-0.006131905,0.9998063,-0.01869712,0.9962382,0.00772412,0.08631203,8.054321,-50.06046,-196.1676,12.84639,0.06142189,0.1271108,12.84717,-0.04237539,23.65383,0.0008148345,0.004904689,1.095234,-0.003200439
23,0.016457,1,100,0,103.9307,0,100,12.80951,0,0,135,0.1046644,-0.0178972,-0.9943466,-0.006216165,0.9998068,-0.01864979,0.9944882,0.008132991,0.1045329,8.269843,-50.05939,-196.1645,13.59453,0.071345,0.3121488,13.5983,-0.05107141,24.77715,-0.0003579169,0.004620844,1.147245,-0.00361045
24,0.016667,1,100,0,88.51369,0,100,13.55281,0,0,135,0.1238186,-0.0176727,-0.9921476,-0.006293543,0.9998075,-0.01859456,0.9922853,0.008546476,0.1236835,8.500667,-50.05816,-196.1581,14.3572,0.07947631,0.5306475,14.36722,-0.07139175,25.40167,-0.005148827,0.003415779,1.176156,-0.004194998
25,0.017227,1,100,0,97.12719,0,100,14.31275,0,0,135,0.144121,-0.01741754,-0.9894069,-0.006355571,0.9998084,-0.01852643,0.98954,0.008958292,0.1439827,8.752568,-50.05674,-196.1475,15.15173,0.08823938,0.7923591,15.17269,-0.09220703,26.2555,-0.009163041,0.002230904,1.215684,-0.004774748
26,0.016275,1,100,0,105.2647,0,91.8625,15.10812,0,0,135,0.1639049,-0.01715371,-0.9863269,-0.006398491,0.9998092,-0.01845147,0.9864553,0.009335291,0.1637639,9.003244,-50.05526,-196.1331,15.90269,0.09693027,1.080285,15.93964,-0.1113526,27.20782,-0.01201874,0.001171227,1.259775,-0.005292349
27,0.016525,1,100,0,89.97906,0,83.60001,15.86511,0,0,135,0.1845165,-0.01686476,-0.9826849,-0.006427008,0.9998109,-0.01836546,0.9828087,0.009704454,0.1843732,9.270232,-50.0536,-196.1134,16.66278,0.1061638,1.414366,16.72304,-0.1299999,27.66136,-0.0139663,-2.783976e-05,1.280769,-0.005674394
28,0.016687,1,100,0,98.32256,0,75.25651,16.63813,0,0,135,0.2056382,-0.01655528,-0.9784881,-0.006439905,0.9998125,-0.01826947,0.9786071,0.01005827,0.205493,9.552538,-50.05178,-196.0877,17.42568,0.1159196,1.795714,17.51834,-0.1473737,28.30283,-0.01492143,-0.001104833,1.310465,-0.006024761
29,0.01668,1,100,0,106.6626,0,66.9165,17.42307,0,0,135,0.2271796,-0.01622739,-0.9737178,-0.006439308,0.9998145,-0.01816467,0.9738319,0.01039671,0.2270329,9.847412,-50.04979,-196.0554,18.18141,0.1261027,2.221877,18.3171,-0.163156,29.10965,-0.01485073,-0.002048594,1.347817,-0.006340121
30,0.016667,1,100,0,91.24559,0,58.583,18.21138,0,0,135,0.2490679,-0.01588299,-0.9683559,-0.006426517,0.9998165,-0.01805196,0.9684649,0.01071932,0.2489202,10.1546,-50.04762,-196.0157,18.92719,0.1367295,2.693659,19.1184,-0.1772034,29.40027,-0.01374664,-0.003045334,1.361268,-0.006492035
31,0.016712,1,100,0,99.60159,0,50.22701,19.00229,0,0,135,0.2711524,-0.01552532,-0.9624113,-0.006401724,0.9998189,-0.01793241,0.9625155,0.01102351,0.2710039,10.47503,-50.04528,-195.9678,19.66308,0.1478444,3.213422,19.92448,-0.1892013,29.88307,-0.01163627,-0.003868152,1.383619,-0.006610756
32,0.016676,1,100,0,107.9396,0,41.88901,19.7985,0,0,135,0.2934464,-0.01515527,-0.9558555,-0.006367977,0.9998212,-0.01780731,0.9559544,0.01131236,0.2932974,10.80695,-50.04275,-195.9111,20.38312,0.1593997,3.778635,20.73102,-0.1990898,30.53717,-0.008529448,-0.004522392,1.4139,-0.006697029
33,0.017003,1,100,0,92.21181,0,33.38751,20.5954,0,0,135,0.3163741,-0.01476642,-0.9485196,-0.006325935,0.9998239,-0.01767511,0.9486136,0.01159222,0.3162249,11.1576,-50.03997,-195.8434,21.09965,0.1716865,4.403043,21.55485,-0.2071573,30.67504,-0.004366333,-0.005214683,1.42028,-0.006610787
34,0.016346,1,100,0,100.3848,0,25.21451,21.40976,0,0,135,0.338385,-0.01438627,-0.9408978,-0.006278379,0.9998264,-0.01754524,0.9409869,0.01184436,0.3382359,11.50617,-50.03709,-195.7679,21.76976,0.1839959,5.049206,22.3484,-0.212754,30.99654,0.0005496205,-0.005698672,1.435162,-0.006501216
35,0.016699,1,100,0,84.93824,0,16.86501,22.19506,0,0,135,0.3607977,-0.01399332,-0.9325392,-0.006224313,0.9998292,-0.01741122,0.9326236,0.01208634,0.3606489,11.87341,-50.03395,-195.6797,22.43256,0.1970776,5.754555,23.15974,-0.2165131,30.83714,0.006417681,-0.006196181,1.427778,-0.006224318
36,0.016832,1,100,0,69.36864,0,8.44901,22.99889,0,0,135,0.3829551,-0.01360023,-0.923667,-0.006163256,0.9998319,-0.017277,0.9237466,0.01230911,0.3828069,12.2546,-50.03056,-195.5786,23.07036,0.210715,6.50812,23.97168,-0.2182746,30.21942,0.01313711,-0.006674466,1.399173,-0.005780567
37,0.016514,1,100,0,54.09319,0,0.1920099,23.80511,0,0,135,0.4039585,-0.01322411,-0.9146818,-0.006093057,0.9998345,-0.01714614,0.9147572,0.01249954,0.403811,12.63895,-50.02699,-195.4669,23.67876,0.2270728,7.29062,24.77677,-0.2287897,29.20941,0.01808076,-0.007788599,1.352402,-0.005341463
38,0.016698,1,100,0,38.64754,0,0,24.60719,0,0,135,0.4241903,-0.01285901,-0.9054819,-0.006004756,0.9998375,-0.01701202,0.9055536,0.01265353,0.4240442,13.03771,-50.0231,-195.3406,24.27985,0.2443325,8.111456,25.60013,-0.2381536,27.83871,0.02363782,-0.008892464,1.28893,-0.004756614
39,0.016673,1,100,0,30.31104,0,0,25.42941,0,0,135,0.4432076,-0.01251556,-0.8963317,-0.005898897,0.9998403,-0.01687768,0.8963999,0.01276768,0.443063,13.44581,-50.01892,-195.2007,24.8672,0.262208,8.957311,26.43255,-0.2460814,26.35113,0.02964656,-0.009902288,1.220048,-0.004089975
40,0.016688,1,100,0,21.96704,0,0,26.26295,0,0,135,0.4609993,-0.01219642,-0.8873166,-0.005775908,0.9998431,-0.01674397,0.8873816,0.01284402,0.4608565,13.86403,-50.01445,-195.0464,25.44394,0.2806534,9.826372,27.27692,-0.2525635,24.75279,0.03599739,-0.01081455,1.146038,-0.003353275
41,0.0167,1,100,0,13.61704,0,0,27.11064,0,0,135,0.4775118,-0.01190155,-0.8785447,-0.005645555,0.999846,-0.01661332,0.8786071,0.01289293,0.4773711,14.29215,-50.00963,-194.8773,26.01575,0.3049853,10.7146,28.13743,-0.2336362,23.05289,0.03367202,-0.01009143,1.067333,-0.003133688
42,0.01666,1,100,0,5.287038,0,0,27.97639,0,0,135,0.4926586,-0.01162754,-0.8701451,-0.005527676,0.999849,-0.0164904,0.8702055,0.01293402,0.4925199,14.72872,-50.00441,-194.6938,26.57955,0.3305498,11.61572,29.00874,-0.2112861,21.26597,0.0314468,-0.009141149,0.9845991,-0.002881674
43,0.016701,1,100,0,-3.063462,0,0,28.85492,0,0,135,0.5064836,-0.01137468,-0.8621746,-0.005423997,0.9998512,-0.01637737,0.8622326,0.0129713,0.5063466,15.17577,-49.99874,-194.4948,27.14082,0.3572623,12.53025,29.8958,-0.1862812,19.39005,0.02931775,-0.008013959,0.8977456,-0.002599011
44,0.016777,1,100,0,-11.45196,0,0,29.75098,0,0,135,0.5189776,-0.0111441,-0.8547153,-0.005335944,0.9998534,-0.01627642,0.8547713,0.01300781,0.518842,15.63427,-49.99259,-194.2794,27.70376,0.3849856,13.45633,30.80129,-0.1594153,17.42705,0.0272558,-0.006760915,0.806861,-0.002289134
45,0.016568,1,100,0,-19.73596,0,0,30.6671,0,0,135,0.5299224,-0.01094079,-0.8479758,-0.00526558,0.9998553,-0.01619098,0.8480302,0.01304505,0.529788,16.09637,-49.98606,-194.0514,28.26229,0.4130335,14.37421,31.71034,-0.1319185,15.42109,0.02529252,-0.005452176,0.7139874,-0.001960599
46,0.016688,1,100,0,-28.07996,0,0,31.58795,0,0,135,0.5395362,-0.01076157,-0.8418937,-0.005211394,0.9998566,-0.01612052,0.8419464,0.01308505,0.5394028,16.57119,-49.97901,-193.8064,28.83083,0.4417613,15.29827,32.64121,-0.1039312,13.33464,0.02338296,-0.004107135,0.6173875,-0.001607866
47,0.016812,1,100,0,-36.48596,0,0,32.53172,0,0,135,0.5477763,-0.01060809,-0.8365576,-0.005173258,0.9998575,-0.01606628,0.8366088,0.01312845,0.5476434,17.05917,-49.97142,-193.544,29.41339,0.4709825,16.22475,33.59482,-0.0760358,11.1713,0.02150863,-0.002764041,0.5172272,-0.001232608
48,0.01654,1,100,0,-44.75596,0,0,33.49906,0,0,135,0.5544506,-0.01048611,-0.8321506,-0.005148009,0.9998583,-0.01602948,0.8322008,0.01317147,0.5543181,17.54888,-49.96355,-193.2707,29.99513,0.485007,17.12541,34.54306,-0.056954,8.992727,0.02366512,-0.001971862,0.4163593,-0.0005920178
49,0.016678,1,100,0,-53.09496,0,0,34.46128,0,0,135,0.5597367,-0.01039604,-0.8286054,-0.005127262,0.9998589,-0.01600821,0.8286549,0.01320886,0.5596045,18.05251,-49.95539,-192.9801,30.59925,0.4973375,18.02098,35.51502,-0.03952806,6.744697,0.02596942,-0.001285348,0.3122752,7.840211e-05
50,0.016821,1,100,0,-61.50546,15.1389,0,35.4474,0,0,135,0.563566,-0.01034017,-0.8260064,-0.005108923,0.9998589,-0.01600221,0.8260552,0.0132383,0.5634336,18.57085,-49.94697,-192.672,31.2467,0.5083254,18.91544,36.52956,-0.02389608,4.339272,0.02832044,-0.0007328531,0.2009031,0.0007925393
51,0.016542,1,100,0,-69.77646,30.0267,0,36.47582,0,0,135,0.5657846,-0.0103217,-0.8244885,-0.005091058,0.9998588,-0.01601076,0.8245373,0.01325616,0.5656522,19.09147,-49.93851,-192.3543,31.92442,0.5179313,19.78475,37.56159,-0.01045478,1.851218,0.03057317,-0.0003298951,0.08570473,0.001522794
52,0.016684,1,100,0,-78.11846,45.0423,0,37.52103,0,0,135,0.5664045,-0.01034135,-0.8240626,-0.005070977,0.9998587,-0.0160329,0.824112,0.01325991,0.566272,19.62815,-49.92982,-192.0194,32.65278,0.5266714,20.64954,38.63787,0.001296025,-0.7828602,0.0326984,-6.098032e-05,-0.03625496,0.002280768
53,0.016709,1,100,0,-86.47296,60.0804,0,38.60979,0,0,135,0.5653191,-0.0104012,-0.8248069,-0.005046765,0.9998584,-0.01606771,0.8248572,0.01324599,0.5651865,20.17808,-49.92097,-191.6696,33.43153,0.5346731,21.50081,39.7522,0.01134287,-3.539653,0.03457586,7.169626e-05,-0.1638967,0.00305107
54,0.016656,1,100,0,-94.80096,75.0708,0,39.73529,0,0,135,0.5624574,-0.01050213,-0.8267597,-0.005016747,0.9998577,-0.01611392,0.8268113,0.01321104,0.5623247,20.73952,-49.91203,-191.3069,34.26123,0.5420982,22.33129,40.90002,0.01986057,-6.400662,0.03610365,7.638877e-05,-0.2963642,0.003819743
55,0.016685,1,100,0,-103.1435,90.0873,0,40.89217,0,0,135,0.5577263,-0.01064537,-0.8299567,-0.004979276,0.9998568,-0.01617063,0.8300099,0.01315137,0.5575934,21.3161,-49.90294,-190.9297,35.15015,0.5491623,23.14141,42.08752,0.02713725,-9.377731,0.03720037,-3.77262e-05,-0.4342057,0.004580311
56,0.016699,1,100,0,-87.69689,100,0,42.08569,0,0,135,0.5511813,-0.01082817,-0.8343154,-0.004934265,0.9998562,-0.01623641,0.8343713,0.01306594,0.5510486,21.90834,-49.89373,-190.539,36.09766,0.5558879,23.91961,43.30701,0.03342973,-11.76196,0.03776919,-0.0001245221,-0.544598,0.005157137
57,0.016669,1,100,0,-96.03139,100,0,43.30698,0,0,135,0.5430591,-0.0110396,-0.8396221,-0.004873154,0.9998556,-0.0162983,0.8396809,0.01294255,0.5429269,22.51562,-49.88438,-190.1362,37.10057,0.5710872,24.64468,44.54367,-0.001544239,-14.19587,0.02723174,-0.002889047,-0.6572961,0.005016577
58,0.016954,1,100,0,-104.5084,100,0,44.54028,0,0,135,0.5331085,-0.01127526,-0.8459717,-0.004772335,0.9998552,-0.01633364,0.8460333,0.01274486,0.5329775,23.1507,-49.87461,-189.7145,38.17743,0.5872354,25.32335,45.8163,-0.04004759,-16.7263,0.01628745,-0.005924663,-0.7744642,0.00483914
59,0.016454,1,100,0,-89.28844,100,0,45.80364,0,0,135,0.521885,-0.01151941,-0.8529382,-0.004635072,0.9998559,-0.01633967,0.8530035,0.01248086,0.5217564,23.78491,-49.86486,-189.2946,39.28071,0.6033394,25.91726,47.06424,-0.07885798,-18.5729,0.005511655,-0.008863854,-0.8599693,0.004480007
60,0.016666,1,100,0,-97.62144,100,0,47.03661,0,0,135,0.5091707,-0.01177433,-0.860585,-0.004456901,0.9998569,-0.01631677,0.860654,0.01214356,0.5090454,24.44609,-49.85471,-188.8596,40.45672,0.6198015,26.44849,48.33894,-0.1186624,-20.54219,-0.005517285,-0.01191244,-0.9511555,0.004087164
61,0.0168,1,100,0,-106.0214,100,0,48.29025,0,0,135,0.4948863,-0.01203461,-0.8688745,-0.004253149,0.9998587,-0.01627132,0.8689476,0.0117479,0.4947652,25.13271,-49.84426,-188.4127,41.69941,0.6262267,26.90389,49.62915,-0.1076246,-22.61888,-0.02441587,-0.01174506,-1.047302,0.003165425
62,0.016546,1,100,0,-90.71638,100,0,49.55307,0,0,135,0.4794265,-0.012285,-0.8774962,-0.004063743,0.9998604,-0.01621836,0.877573,0.01134143,0.4793097,25.82973,-49.83387,-187.9655,42.98168,0.6306115,27.27041,50.90675,-0.09250572,-24.08672,-0.04286784,-0.01119784,-1.115258,0.00211539
63,0.01668,1,100,0,-99.05638,100,0,50.79768,0,0,135,0.4626523,-0.01252852,-0.8864514,-0.003891692,0.9998618,-0.01616253,0.8865314,0.01092743,0.4625396,26.55407,-49.82333,-187.5091,44.31334,0.6358998,27.5451,52.18054,-0.06109674,-25.69739,-0.05304055,-0.009648212,-1.189824,0.001599208
64,0.016763,1,100,0,-107.4379,100,0,52.03281,0,0,135,0.444477,-0.01276998,-0.8956994,-0.003746091,0.9998633,-0.01611399,0.8957827,0.01051767,0.4443684,27.30457,-49.81265,-187.0463,45.68838,0.6395198,27.71925,53.44337,-0.02559165,-27.43666,-0.06477177,-0.007878236,-1.270344,0.0009855186
65,0.01663,1,100,0,-92.05513,100,0,53.25114,0,0,135,0.4251837,-0.01300304,-0.9050139,-0.003631799,0.9998646,-0.01607208,0.9051003,0.01012042,0.4250789,28.07211,-49.802,-186.5849,47.08545,0.6424971,27.78625,54.67657,0.008142428,-28.60689,-0.07602616,-0.006100656,-1.324516,0.0002809842
66,0.01666,1,100,0,-100.3851,100,0,54.43491,0,0,135,0.4047979,-0.01322607,-0.9143106,-0.003547214,0.9998653,-0.01603414,0.9143996,0.009733844,0.4046965,28.86449,-49.79128,-186.1222,48.51416,0.6448402,27.74445,55.89091,0.03996103,-29.93351,-0.08683917,-0.004487077,-1.38593,-0.0003790567
67,0.01668,1,100,0,-84.95613,100,0,55.59569,0,0,135,0.3833626,-0.01343799,-0.9235002,-0.003490781,0.9998661,-0.01599829,0.9235916,0.009356883,0.3832643,29.6818,-49.78051,-185.6602,49.96914,0.646525,27.59134,57.08428,0.06978993,-30.73704,-0.09712116,-0.002880254,-1.423125,-0.001105112
68,0.016687,1,100,0,-93.29963,100,0,56.7319,0,0,135,0.3610863,-0.01363583,-0.9324327,-0.003461644,0.9998666,-0.01596251,0.932526,0.008991592,0.3609909,30.52385,-49.76971,-185.2012,51.44437,0.6475338,27.32534,58.25475,0.09717889,-31.72567,-0.1067866,-0.001472919,-1.468892,-0.001766259
69,0.016676,1,100,0,-101.6376,100,0,57.84324,0,0,135,0.3378581,-0.01382138,-0.9410957,-0.003456288,0.9998673,-0.01592536,0.941191,0.00863321,0.3377655,31.39002,-49.75891,-184.7476,52.93256,0.6478561,26.9467,59.40034,0.12215,-32.88231,-0.1157563,-0.000261716,-1.522437,-0.002365823
70,0.016683,1,100,0,-86.20586,100,0,58.92691,0,0,135,0.3136893,-0.01399449,-0.9494227,-0.003472246,0.9998679,-0.01588528,0.9495196,0.008279672,0.3135993,32.28143,-49.74811,-184.3008,54.42997,0.6474254,26.45374,60.52141,0.1448273,-33.5275,-0.1239614,0.0009297771,-1.552303,-0.003003605
71,0.016693,1,100,0,-94.55235,91.6535,0,59.98356,0,0,135,0.2887954,-0.01415014,-0.9572864,-0.003477522,0.9998688,-0.01582867,0.9573847,0.007900232,0.2887083,33.19833,-49.73738,-183.8627,55.91727,0.6333193,25.80751,61.58872,0.07293679,-34.28639,-0.1382414,-0.003962595,-1.587456,-0.004038876
72,0.016891,1,100,0,-102.9979,83.208,0,60.99019,0,0,135,0.2628048,-0.01428294,-0.9647434,-0.003411197,0.9998706,-0.01573224,0.9648433,0.007425438,0.2627221,34.15126,-49.7268,-183.4313,57.40975,0.6109604,25.00429,62.62162,0.01391565,-35.15751,-0.1525071,-0.008048357,-1.627802,-0.005128096
73,0.016468,1,100,0,-87.76495,74.974,0,61.96513,0,0,135,0.2367795,-0.01438073,-0.971457,-0.003325379,0.9998727,-0.01561189,0.9715579,0.006927038,0.2367015,35.10464,-49.71682,-183.0245,58.85407,0.5973306,24.07821,63.59181,0.07267863,-35.44217,-0.1762562,-0.004415652,-1.640962,-0.006927179
74,0.016684,1,100,0,-96.10696,66.632,0,62.88362,0,0,135,0.2099892,-0.0144396,-0.9775971,-0.003298751,0.9998748,-0.01547723,0.9776982,0.0064749,0.2099153,36.09458,-49.70692,-182.6287,60.28865,0.5841541,23.00045,64.52971,0.126401,-35.8639,-0.1985052,-0.001117692,-1.66047,-0.008589923
75,0.01677,1,100,0,-104.492,58.24699,0,63.77604,0,0,135,0.1825481,-0.0144624,-0.9830906,-0.003325527,0.9998771,-0.01532686,0.9831915,0.006067182,0.1824775,37.11351,-49.69719,-182.2498,61.69305,0.5716687,21.78184,65.42788,0.1743789,-36.40829,-0.218851,0.001802883,-1.68566,-0.01009554
76,0.016614,1,100,0,-89.12401,49.93999,0,64.63424,0,0,135,0.1549497,-0.01445179,-0.9878167,-0.003398314,0.9998793,-0.01516133,0.9879166,0.005706154,0.1548818,38.14598,-49.68776,-181.8952,63.03951,0.5601161,20.44629,66.27477,0.2159106,-36.39199,-0.2368946,0.004476047,-1.684892,-0.01148776
77,0.016686,1,100,0,-97.46701,41.59699,0,65.44773,0,0,135,0.1270837,-0.01440969,-0.9917874,-0.003511591,0.9998818,-0.01497726,0.991886,0.005386116,0.127018,39.20513,-49.67847,-181.5621,64.33946,0.5493172,18.9831,67.08372,0.2512179,-36.52605,-0.2528111,0.006732065,-1.691087,-0.01270247
78,0.016681,1,100,0,-105.8075,33.25649,0,66.23157,0,0,135,0.09898774,-0.01434076,-0.9949855,-0.003656777,0.9998844,-0.01477517,0.9950824,0.005101001,0.09892386,40.28533,-49.66936,-181.2542,65.57957,0.5393165,17.40759,67.85275,0.2803397,-36.79549,-0.2664229,0.008574752,-1.703551,-0.01373588
79,0.016683,1,100,0,-90.37573,24.91499,0,66.98186,0,0,135,0.07074162,-0.01424811,-0.997393,-0.003826916,0.9998868,-0.01455517,0.9974874,0.004846595,0.07067908,41.38598,-49.66042,-180.9731,66.75414,0.530033,15.72686,68.58375,0.30359,-36.52061,-0.2776795,0.01019548,-1.690815,-0.0146478
80,0.016683,1,100,0,-98.71723,16.57349,0,67.70055,0,0,135,0.04260815,-0.01412623,-0.9989921,-0.003981103,0.9998898,-0.01430872,0.9990841,0.004586759,0.04254721,42.50579,-49.65176,-180.7205,67.84863,0.4973584,13.94582,69.26882,0.2213617,-36.41095,-0.3072044,0.005031333,-1.685755,-0.01671841
81,0.016683,1,100,0,-107.0587,8.231995,0,68.38212,0,0,135,0.01448666,-0.01396126,-0.9997976,-0.004047504,0.9998935,-0.01402125,0.9998869,0.004249806,0.01442861,43.64344,-49.64368,-180.4982,68.86761,0.4578925,12.08036,69.92061,0.151893,-36.45078,-0.3347088,0.0006754951,-1.687612,-0.01869696
82,0.016684,1,100,0,-91.62603,0,0,69.03606,0,0,135,-0.01354249,-0.0137533,-0.9998137,-0.004082579,0.9998978,-0.01369915,0.9998999,0.003896298,-0.01359726,44.79778,-49.63617,-180.3074,69.81844,0.4347667,10.13949,70.5522,0.2189841,-35.96074,-0.3586476,0.005231173,-1.664901,-0.02049478
83,0.017006,1,100,0,-100.129,0,0,69.67528,0,0,135,-0.04178792,-0.01350252,-0.9990352,-0.004181856,0.9999023,-0.01333932,0.9991178,0.003620399,-0.0418403,45.99031,-49.62888,-180.1463,70.72404,0.4166337,8.134233,71.1915,0.2764474,-35.74577,-0.37943,0.009126755,-1.654931,-0.02201738
84,0.016367,1,100,0,-84.98956,0,0,70.32282,0,0,135,-0.06867977,-0.01323092,-0.9975511,-0.004326411,0.9999068,-0.0129643,0.9976297,0.003425431,-0.06873062,47.15234,-49.62212,-180.0238,71.53487,0.4042206,6.182168,71.80265,0.3214402,-35.14015,-0.3958657,0.01232624,-1.626876,-0.02323196
85,0.016683,1,100,0,-69.55779,0,0,70.9418,0,0,135,-0.09547281,-0.0129289,-0.9953481,-0.004512318,0.999911,-0.01255536,0.9954218,0.003292632,-0.09552264,48.35008,-49.61543,-179.9318,72.30009,0.3961575,4.171823,72.42143,0.3572651,-34.14084,-0.4090571,0.01504157,-1.580597,-0.02421919
86,0.016829,1,100,0,-53.99096,0,0,71.57188,0,0,135,-0.1215636,-0.0126036,-0.9925039,-0.004729602,0.9999157,-0.01211843,0.992573,0.00322099,-0.1216129,49.57087,-49.60878,-179.873,73.01073,0.3923371,2.129563,73.04283,0.3833307,-32.77686,-0.4187371,0.01721618,-1.517436,-0.02496146
87,0.016537,1,100,0,-45.72246,0,0,72.21076,0,0,135,-0.1460637,-0.01226867,-0.9891992,-0.004962952,0.9999198,-0.01166881,0.9892631,0.003204959,-0.1461128,50.78184,-49.60229,-179.8488,73.65184,0.392399,0.118591,73.65298,0.3994214,-31.31979,-0.4247362,0.0187613,-1.449969,-0.02543857
88,0.016679,1,100,0,-37.38296,0,0,72.84498,0,0,135,-0.1695434,-0.01192073,-0.9854508,-0.005208798,0.9999239,-0.01119966,0.9855094,0.003234186,-0.1695926,52.01363,-49.59573,-179.858,74.24458,0.3957895,-1.903519,74.27003,0.407004,-29.73832,-0.4273817,0.01977703,-1.376744,-0.02568295
89,0.016774,1,100,0,-28.99596,0,0,73.49284,0,0,135,-0.1918267,-0.01155155,-0.9813608,-0.005420553,0.9999279,-0.01071054,0.9814138,0.003264949,-0.1918755,53.26206,-49.58926,-179.9013,74.77977,0.3648171,-3.925266,74.88361,0.3059074,-28.04448,-0.4637311,0.01384043,-1.298338,-0.02809533
90,0.016593,1,100,0,-20.69946,0,0,74.14426,0,0,135,-0.212484,-0.01114269,-0.9771011,-0.005519373,0.9999329,-0.01020279,0.9771492,0.003225056,-0.2125312,54.50562,-49.5834,-179.9773,75.26551,0.3293368,-5.896935,75.49688,0.2172843,-26.27864,-0.4960313,0.008714155,-1.216595,-0.03028726
91,0.016687,1,100,0,-12.35596,0,0,74.79998,0,0,135,-0.2318124,-0.01069554,-0.9727018,-0.005570151,0.999938,-0.009667549,0.9727449,0.003177039,-0.2318576,55.76419,-49.57791,-180.0865,75.72849,0.3298343,-7.843044,76.13427,0.2780528,-24.41681,-0.5094301,0.01317337,-1.13038,-0.03127392
92,0.016679,1,100,0,-4.016455,0,0,75.48402,0,0,135,-0.2496293,-0.01022943,-0.9682875,-0.00567462,0.9999425,-0.009100901,0.9683249,0.003222812,-0.2496729,57.02971,-49.57236,-180.2278,76.15889,0.3376846,-9.742435,76.78024,0.3249095,-22.47806,-0.5185287,0.01673266,-1.040608,-0.03194851
93,0.016688,1,100,0,4.327545,0,0,76.18007,0,0,135,-0.26591,-0.009750158,-0.9639487,-0.005819677,0.999947,-0.008508887,0.9639805,0.003347272,-0.2659526,58.30293,-49.56665,-180.4007,76.56344,0.3520766,-11.58858,77.43629,0.3588337,-20.46678,-0.523419,0.01944822,-0.9474819,-0.0323321
94,0.016669,1,100,0,12.66204,0,0,76.88885,0,0,135,-0.2805918,-0.009263847,-0.9597825,-0.005993227,0.9999509,-0.007899437,0.9598086,0.003535678,-0.2806336,59.58134,-49.56068,-180.6037,76.94795,0.3721101,-13.37033,78.1018,0.3808617,-18.39278,-0.5242205,0.02137958,-0.8514543,-0.03244541
95,0.016713,1,100,0,21.01855,0,0,77.60878,0,0,135,-0.2936969,-0.008773101,-0.9558584,-0.006185548,0.9999545,-0.007277254,0.9558787,0.003775201,-0.2937378,60.86947,-49.55433,-180.8367,77.32039,0.3969075,-15.08679,78.77951,0.3923097,-16.2528,-0.5210931,0.02260843,-0.752375,-0.03231037
96,0.016665,1,100,0,29.35105,0,0,78.34196,0,0,135,-0.3051262,-0.008284252,-0.9522761,-0.006386742,0.9999577,-0.006652629,0.9522909,0.00405205,-0.3051662,62.16007,-49.54755,-181.0972,77.68536,0.4253898,-16.72101,79.46564,0.394401,-14.0649,-0.5142234,0.02320672,-0.6510789,-0.03194775
97,0.016836,1,100,0,37.76905,0,0,79.08347,0,0,135,-0.3149917,-0.007775693,-0.9490626,-0.00654836,0.9999605,-0.006019315,0.949072,0.00431877,-0.3150302,63.47,-49.54041,-181.3876,78.04121,0.4222449,-18.29322,80.15767,0.2774339,-11.80155,-0.554002,0.01614966,-0.546304,-0.03460502
98,0.016534,1,100,0,46.03605,0,0,79.83147,0,0,135,-0.3230085,-0.00722834,-0.9463685,-0.006581814,0.9999639,-0.005391237,0.9463733,0.004487406,-0.3230444,64.76231,-49.53349,-181.698,78.39801,0.4123048,-19.74455,80.84717,0.1747651,-9.537337,-0.5882418,0.009974885,-0.4414864,-0.03694542
99,0.016681,1,100,0,54.37655,0,15.0129,80.57401,0,0,135,-0.3293583,-0.00664083,-0.9441817,-0.006567008,0.9999673,-0.004742428,0.9441824,0.004638491,-0.3293912,66.07247,-49.52637,-182.035,78.82952,0.4544484,-21.11207,81.60894,0.2582754,-7.007506,-0.5909042,0.01572701,-0.3243503,-0.0372993
100,0.016927,1,100,0,62.84005,0,30.2472,81.38568,0,0,135,-0.3338508,-0.00603174,-0.9426066,-0.006632738,0.9999698,-0.004049635,0.9426026,0.004900089,-0.3338807,67.40964,-49.5184,-182.3996,79.32732,0.5052505,-22.40334,82.43172,0.3244888,-4.203051,-0.5891978,0.02034865,-0.194504,-0.03740195
101,0.016449,1,100,0,71.06455,0,45.0513,82.25666,0,0,135,-0.3361697,-0.005429779,-0.9417859,-0.006759459,0.9999717,-0.003352461,0.9417775,0.005238968,-0.3361969,68.71748,-49.50978,-182.7745,79.87225,0.5608855,-23.5615,83.27686,0.3720978,-1.277785,-0.5833782,0.02372841,-0.05906765,-0.03727638
102,0.016677,1,100,0,79.40305,0,60.0606,83.14613,0,0,135,-0.3363335,-0.004810831,-0.9417307,-0.0069364,0.9999725,-0.002631065,0.9417174,0.005647305,-0.3363576,70.05295,-49.50009,-183.1734,80.49052,0.6219386,-24.6376,84.1791,0.4056453,1.891147,-0.5735668,0.02616446,0.08764739,-0.03695676
103,0.016681,1,100,0,87.74355,0,75.0735,84.08987,0,0,135,-0.3341461,-0.004183243,-0.942512,-0.007150048,0.9999726,-0.00190339,0.9424941,0.006102996,-0.3341669,71.39944,-49.48936,-183.5898,81.1791,0.6862262,-25.60927,85.12551,0.4261395,5.248755,-0.5600196,0.0277072,0.2430957,-0.03646848
104,0.016683,1,100,0,96.08505,0,90.0882,85.07278,0,0,135,-0.3294663,-0.003546487,-0.9441608,-0.00738974,0.9999722,-0.001177466,0.9441386,0.006589167,-0.3294834,72.75799,-49.47755,-184.0218,81.94164,0.7523285,-26.46996,86.11421,0.4355748,8.784159,-0.5429466,0.02847583,0.4067741,-0.0358342
105,0.016683,1,100,0,104.4266,0,100,86.09064,0,0,135,-0.3221717,-0.00289953,-0.946677,-0.007646546,0.999971,-0.0004605004,0.9466509,0.007090449,-0.3221845,74.12962,-49.46463,-184.4675,82.76857,0.8188632,-27.20359,87.1283,0.4359378,12.41418,-0.5225946,0.02858537,0.5748321,-0.03506616
106,0.016677,1,100,0,89.00033,0,100,87.12331,0,0,135,-0.3123755,-0.002232917,-0.9499561,-0.007936723,0.9999685,0.0002593703,0.9499256,0.007620559,-0.3123834,75.51481,-49.45049,-184.9245,83.64335,0.9066792,-27.78672,88.14269,0.5089324,15.32319,-0.5288929,0.03323289,0.7095163,-0.03598166
107,0.016704,1,100,0,97.35233,0,100,88.14198,0,0,135,-0.3003829,-0.001510055,-0.9538176,-0.008302584,0.9999652,0.001031593,0.9537829,0.008229024,-0.3003849,76.91711,-49.43475,-185.391,84.56503,1.012345,-28.2074,89.15114,0.5900847,18.24322,-0.5782647,0.03831631,0.8447174,-0.03974014
108,0.017166,1,100,0,105.9353,0,100,89.13808,0,0,135,-0.2857631,-0.0006743633,-0.9583001,-0.008744885,0.9999601,0.001904026,0.9582605,0.008924325,-0.2857575,78.37443,-49.41672,-185.8766,85.55793,1.126999,-28.45025,90.1712,0.6452489,21.25577,-0.623897,0.04161726,0.9842008,-0.04336951
109,0.01638,1,100,0,90.78383,0,100,90.12672,0,0,135,-0.2697435,0.0002094354,-0.9629322,-0.009207135,0.9999537,0.002796657,0.9628882,0.009620226,-0.2697291,79.78127,-49.39764,-186.3428,86.54699,1.239341,-28.48784,91.12341,0.6738924,23.48075,-0.6621718,0.04311068,1.087222,-0.04646725
110,0.01665,1,100,0,99.10883,0,100,91.031,0,0,135,-0.2517003,0.001187782,-0.9678046,-0.00969715,0.9999461,0.0037492,0.9677569,0.01032862,-0.2516752,81.22807,-49.37638,-186.8163,87.58768,1.353628,-28.33076,92.06556,0.6839356,25.80305,-0.6958277,0.04329641,1.194749,-0.04934754
111,0.016954,1,100,0,107.5858,0,100,91.90771,0,0,135,-0.2314398,0.002264836,-0.9728467,-0.01020083,0.9999369,0.004754676,0.9727961,0.01102426,-0.2314021,82.71918,-49.35278,-187.2946,88.67655,1.467452,-27.96597,92.99344,0.6780136,28.22512,-0.7244661,0.04232443,1.306898,-0.05197795
112,0.016422,1,100,0,92.39548,0,100,92.75176,0,0,135,-0.2100885,0.003380709,-0.9776766,-0.01068063,0.9999264,0.005752759,0.9776241,0.01165079,-0.2100369,84.18134,-49.32811,-187.7509,89.75225,1.572728,-27.40827,93.85709,0.6598954,29.96514,-0.7465121,0.04049764,1.387469,-0.05406667
113,0.016684,1,100,0,100.7375,0,100,93.51903,0,0,135,-0.186942,0.004576238,-0.9823604,-0.01116965,0.9999148,0.006783584,0.9823078,0.01224076,-0.1868749,85.68495,-49.30122,-188.2039,90.8604,1.689665,-26.63845,94.69991,0.6851065,31.83252,-0.7596196,0.04132396,1.473934,-0.05562827
114,0.016771,1,100,0,85.2243,0,100,94.25163,0,0,135,-0.1622864,0.00583197,-0.9867265,-0.01169025,0.9999011,0.007832526,0.9866745,0.01280619,-0.1622021,87.21503,-49.27225,-188.6452,91.97533,1.802311,-25.65982,95.50464,0.6948149,33.12651,-0.7674323,0.04110041,1.533856,-0.05674434
115,0.016585,1,100,0,93.5168,0,100,94.93487,0,0,135,-0.1367904,0.007117322,-0.9905745,-0.01222051,0.9998861,0.008871781,0.9905248,0.0133189,-0.1366878,88.74653,-49.24178,-189.0644,93.06844,1.906474,-24.49267,96.25622,0.692416,34.53961,-0.7698076,0.04000961,1.599292,-0.05753384
116,0.017054,1,100,0,102.0438,0,100,95.55984,0,0,135,-0.1093254,0.008479549,-0.9939699,-0.01277044,0.9998691,0.009934479,0.993924,0.01377953,-0.1092028,90.34003,-49.20871,-189.4742,94.17046,2.004137,-23.09566,96.98196,0.6808369,36.1256,-0.7668369,0.03819039,1.672736,-0.05801533
117,0.016542,1,100,0,86.74245,0,91.729,96.148,0,0,135,-0.08157976,0.009831166,-0.9966184,-0.01330013,0.9998516,0.01095176,0.9965782,0.0141486,-0.0814369,91.90345,-49.1751,-189.8475,95.18608,2.086955,-21.50016,97.60636,0.6633867,36.98436,-0.758584,0.03605234,1.71251,-0.05793994
118,0.016455,1,100,0,94.96995,0,83.5015,96.6408,0,0,135,-0.05325786,0.01121017,-0.9985179,-0.01392324,0.9998316,0.01196754,0.9984839,0.01453997,-0.05309281,93.4751,-49.13977,-190.1915,96.15259,2.267531,-19.69832,98.17579,0.9423319,37.8707,-0.7978691,0.05284878,1.75352,-0.06094589
119,0.016694,1,100,0,103.3169,0,75.1545,97.08562,0,0,135,-0.02378753,0.01268588,-0.9996366,-0.01489466,0.9998041,0.01304244,0.9996062,0.01519949,-0.02359392,95.0854,-49.10062,-190.509,97.06116,2.499434,-17.65347,98.68517,1.310433,38.79993,-0.8337447,0.07523963,1.796494,-0.06394241
120,0.016677,1,100,0,87.89072,0,66.816,97.47744,0,0,135,0.006222309,0.01424353,-0.9998792,-0.01623773,0.9997683,0.0141409,0.9998489,0.01614778,0.006452149,96.70869,-49.05753,-190.791,97.87374,2.750754,-15.40656,99.1171,1.587662,39.08726,-0.8660619,0.0918609,1.809765,-0.06675245
121,0.016682,1,100,0,96.23173,0,58.475,97.80397,0,0,135,0.03647397,0.01590071,-0.9992082,-0.01771684,0.9997268,0.01526225,0.9991779,0.01714614,0.03674572,98.34529,-49.01097,-191.0346,98.55373,2.871138,-12.98488,99.44691,1.372534,39.45201,-0.9411646,0.07681433,1.826765,-0.07237133
122,0.017032,1,100,0,104.7477,0,49.959,98.0448,0,0,135,0.06763147,0.01771524,-0.9975532,-0.01901323,0.9996837,0.01646403,0.9975293,0.01785323,0.0679469,100.0272,-48.96154,-191.2408,99.12853,2.964573,-10.33992,99.71043,1.166228,39.89703,-1.008469,0.06217627,1.847487,-0.07732175
123,0.016334,1,100,0,89.63878,0,41.792,98.23398,0,0,135,0.09763376,0.01954792,-0.9950305,-0.02006865,0.9996426,0.01766937,0.9950203,0.01824379,0.09799118,101.6488,-48.91278,-191.3951,99.56022,3.024116,-7.659654,99.90022,0.9849291,39.74346,-1.063435,0.04930801,1.840483,-0.08107141
124,0.016681,1,100,0,97.97928,0,33.4515,98.36903,0,0,135,0.1280896,0.02148969,-0.9915298,-0.02107454,0.9995985,0.01894207,0.9915387,0.01846975,0.1284911,103.3116,-48.86164,-191.507,99.89281,3.149187,-4.795187,100.0574,1.07889,39.69739,-1.124977,0.05397552,1.838367,-0.08516119
125,0.016874,1,100,0,106.4163,0,25.0145,98.48961,0,0,135,0.1587629,0.02352777,-0.9870364,-0.02220623,0.9995483,0.02025419,0.9870671,0.01870274,0.1592137,104.9984,-48.80783,-191.5711,100.0934,3.266496,-1.7918,100.1627,1.138269,39.75495,-1.178673,0.05631745,1.841062,-0.08878683
126,0.016481,1,100,0,91.17135,0,16.774,98.57475,0,0,135,0.1884753,0.02558903,-0.9817445,-0.02327672,0.9994961,0.02158306,0.9818021,0.01878392,0.1889759,106.6484,-48.75412,-191.5841,100.1341,3.241906,1.208022,100.1939,0.8376813,39.25203,-1.255807,0.03582275,1.817966,-0.09361781
127,0.016678,1,100,0,99.51035,0,8.435004,98.60109,0,0,135,0.2180216,0.02773807,-0.9755498,-0.02409434,0.9994444,0.02303273,0.9756467,0.01848359,0.2185688,108.318,-48.70041,-191.5468,100.0408,3.176598,4.306881,100.1838,0.577566,38.88263,-1.320689,0.01783407,1.801041,-0.09744273
128,0.016683,1,100,0,107.8518,0,0.09350491,98.60454,0,0,135,0.2471333,0.02992509,-0.9685193,-0.02469082,0.9993929,0.02457876,0.9686669,0.0178393,0.2477222,109.9859,-48.64798,-191.4575,99.81475,3.072994,7.446797,100.1393,0.3587317,38.6417,-1.371987,0.002425556,1.790048,-0.1002064
129,0.016674,1,100,0,92.42839,0,0,98.58679,0,0,135,0.2757276,0.03211998,-0.9606991,-0.02510921,0.9993414,0.02620542,0.9609081,0.01689684,0.2763525,111.6485,-48.59749,-191.3161,99.50156,2.936579,10.55345,100.1027,0.1779475,37.9888,-1.409543,-0.01029501,1.759954,-0.1017678
130,0.016684,1,100,0,76.99569,0,0,98.57796,0,0,135,0.3035222,0.03431641,-0.9522063,-0.02554334,0.9992852,0.02787096,0.9524821,0.01586307,0.3041818,113.3067,-48.54854,-191.1229,99.14036,2.927403,13.63089,100.1158,0.4597784,36.95839,-1.494968,0.006912228,1.712119,-0.106257
131,0.016693,1,100,0,61.55466,0,0,98.62213,0,0,135,0.3302341,0.03654644,-0.9431912,-0.02630563,0.9992183,0.02950712,0.9435323,0.01506698,0.3309374,114.9593,-48.49965,-190.8785,98.69928,2.931404,16.67008,100.1401,0.6927021,35.58205,-1.569061,0.0212672,1.648278,-0.1101164
132,0.016673,1,100,0,53.21816,0,0,98.68688,0,0,135,0.3556279,0.03880378,-0.9338219,-0.02720197,0.9991443,0.03115883,0.9342319,0.01432084,0.3563791,116.6021,-48.45164,-190.5841,98.15991,2.77188,19.63406,100.1426,0.4508201,34.09091,-1.64509,0.005368469,1.57943,-0.1141353
133,0.016684,1,100,0,44.87616,0,0,98.74098,0,0,135,0.379686,0.04108161,-0.9242029,-0.0279312,0.9990673,0.03293455,0.9246939,0.01330931,0.3804793,118.2365,-48.40643,-190.2404,97.55965,2.584174,22.53683,100.1622,0.2476497,32.4912,-1.70535,-0.00786079,1.505525,-0.117004
134,0.016684,1,100,0,36.53416,0,0,98.82201,0,0,135,0.4023352,0.04335498,-0.9144655,-0.0285303,0.9989869,0.03480976,0.9150482,0.01208478,0.4031645,119.8607,-48.36449,-189.8486,96.90966,2.372102,25.36569,100.2024,0.07976308,30.7931,-1.749802,-0.01862069,1.427032,-0.1187797
135,0.016678,1,100,0,28.19516,0,0,98.93223,0,0,135,0.4235239,0.04560306,-0.9047363,-0.02903114,0.9989023,0.03675947,0.9054195,0.01069702,0.4243829,121.4732,-48.32621,-189.4103,96.22131,2.139681,28.1102,100.2662,-0.05639673,29.00566,-1.778656,-0.02712448,1.344372,-0.1195285
136,0.016945,1,100,0,19.72266,0,0,99.07304,0,0,135,0.4435333,0.04784484,-0.89498,-0.02946761,0.9988127,0.03879212,0.8957735,0.009167325,0.4444166,123.0996,-48.29137,-188.9188,95.49358,1.886872,30.8056,100.3572,-0.1661194,27.1021,-1.792524,-0.03368936,1.256306,-0.1193178
137,0.016434,1,100,0,11.50566,0,0,99.24844,0,0,135,0.4614431,0.04999186,-0.8857602,-0.0298305,0.998721,0.04082689,0.8866684,0.007583382,0.4623442,124.6651,-48.26167,-188.3988,94.77529,1.646901,33.30499,100.4703,-0.3240112,25.18785,-1.869005,-0.04313537,1.167791,-0.1231989
138,0.016684,1,100,0,3.163664,0,0,99.44511,0,0,135,0.4781128,0.05218619,-0.8767467,-0.03013823,0.9986201,0.04300524,0.8777811,0.005862236,0.4790258,126.2423,-48.23562,-187.8296,94.04001,1.387177,35.74117,100.6125,-0.4512188,23.17265,-1.929632,-0.05039492,1.074566,-0.1261047
139,0.016848,1,100,0,-5.260336,0,0,99.67561,0,0,135,0.4933863,0.05440334,-0.8681074,-0.03041299,0.998511,0.04529046,0.8692787,0.004056046,0.4943061,127.8226,-48.21378,-187.2142,93.30288,1.112583,38.0917,100.7851,-0.549544,21.07143,-1.973709,-0.05557217,0.9773199,-0.1280354
140,0.016512,1,100,0,-13.51634,0,0,99.93967,0,0,135,0.5068215,0.05656642,-0.8601933,-0.03066744,0.9983964,0.04758559,0.8615056,0.002262523,0.5077434,129.3594,-48.19693,-186.5732,92.59765,0.8356291,40.28185,100.9834,-0.6196389,18.9591,-2.00038,-0.0587461,0.879522,-0.1289894
141,0.016677,1,100,0,-21.85484,0,0,100.2281,0,0,135,0.5188558,0.05873148,-0.8528419,-0.03092637,0.9982737,0.04993161,0.8543021,0.0004679952,0.5197764,130.8999,-48.18456,-185.8898,91.91189,0.5521915,42.37745,101.2124,-0.6678406,16.77077,-2.011431,-0.06027659,0.7781687,-0.1290763
142,0.016693,1,100,0,-30.20134,0,0,100.5476,0,0,135,0.5293536,0.06087106,-0.846215,-0.03119972,0.998145,0.05228277,0.8478277,-0.001274396,0.5302708,132.4306,-48.17691,-185.1714,91.26249,0.2689083,44.35357,101.47,-0.696323,14.5316,-2.007043,-0.06031423,0.6744264,-0.1283278
143,0.016682,1,100,0,-38.54234,0,0,100.8939,0,0,135,0.5382994,0.06294248,-0.8403999,-0.03140782,0.9980125,0.05462944,0.8421682,-0.003011866,0.5392064,133.9496,-48.17471,-184.4212,90.63022,-0.1416985,46.19635,101.7249,-0.9435071,12.25005,-1.897178,-0.07412332,0.5689521,-0.1209608
144,0.016675,1,100,0,-46.87984,0,0,101.2357,0,0,135,0.5457011,0.06493492,-0.8354602,-0.0314672,0.997878,0.05700504,0.837389,-0.004818114,0.5465864,135.4578,-48.17883,-183.6415,90.08918,-0.4606561,47.89505,102.0304,-0.999873,9.928563,-1.945607,-0.07548576,0.4613926,-0.123873
145,0.016687,1,100,0,-55.22334,15.0183,0,101.6207,0,0,135,0.5515051,0.0669678,-0.8314791,-0.03155926,0.9977338,0.05942536,0.8335743,-0.006532531,0.5523688,136.9588,-48.18823,-182.8335,89.66389,-0.7702929,49.47777,102.4122,-1.033895,7.313322,-1.978339,-0.07490916,0.3401697,-0.1259743
146,0.016662,1,100,0,-63.55434,30.0141,0,102.0765,0,0,135,0.5555388,0.06903216,-0.8286202,-0.03169816,0.9975817,0.06185665,0.8308864,-0.008098036,0.5563836,138.4511,-48.20271,-182.0009,89.35641,-1.066479,50.94745,102.8657,-1.048608,4.433385,-1.995694,-0.07258569,0.2066294,-0.1272994
147,0.016772,1,100,0,-71.94034,45.1089,0,102.6,0,0,135,0.5576693,0.07114138,-0.827009,-0.03189642,0.9974213,0.06429226,0.8294501,-0.009475198,0.5585004,139.9487,-48.22216,-181.1387,89.16817,-1.34802,52.31808,103.3923,-1.047318,1.280336,-1.998233,-0.0686831,0.06037924,-0.1278858
148,0.016597,1,100,0,-80.23884,60.0462,0,103.193,0,0,135,0.5577204,0.07325601,-0.82679,-0.03215817,0.9972571,0.06666723,0.829406,-0.01059362,0.5585464,141.4283,-48.24596,-180.2635,89.10635,-1.606488,53.56488,103.9794,-1.0334,-2.066584,-1.986395,-0.06348401,-0.09490621,-0.1277321
149,0.016688,1,100,0,-88.58284,75.0654,0,103.8408,0,0,135,0.5555694,0.07540483,-0.8280441,-0.0324915,0.9970877,0.06899868,0.8308355,-0.01142916,0.5564014,142.9156,-48.27408,-179.3633,89.17354,-1.842943,54.70668,104.6333,-1.010383,-5.649848,-1.96077,-0.05713204,-0.2611974,-0.1268476
150,0.01679,1,100,0,-96.97784,90.1764,0,104.5485,0,0,135,0.5510257,0.07758405,-0.830874,-0.03290348,0.9969146,0.07126714,0.8338396,-0.01193138,0.5518785,144.414,-48.30618,-178.439,89.37801,-2.049482,55.7375,105.3532,-0.9705546,-9.461483,-1.925017,-0.0491122,-0.4381408,-0.1254132
151,0.016567,1,100,0,-105.2613,100,0,105.3117,0,0,135,0.544062,0.07974315,-0.8352471,-0.03339109,0.9967427,0.0734113,0.8383805,-0.01205049,0.5449526,145.8965,-48.34108,-177.5107,89.70557,-2.221711,56.61665,106.1012,-0.931046,-13.31618,-1.877076,-0.04076274,-0.6171162,-0.1231839
152,0.01669,1,100,0,-89.8231,100,0,106.0876,0,0,135,0.5346454,0.08190811,-0.8410977,-0.03395012,0.9965701,0.07546792,0.8443942,-0.01179321,0.5355924,147.3961,-48.37893,-176.5618,90.14433,-2.359599,57.32433,106.8534,-0.8948289,-16.45384,-1.816885,-0.03337004,-0.7628378,-0.1199203
153,0.01676,1,100,0,-98.20309,100,0,106.8477,0,0,135,0.5230494,0.08403947,-0.8481491,-0.03443707,0.9963982,0.07749167,0.8516065,-0.0113242,0.5240595,148.9099,-48.42006,-175.5983,90.66955,-2.64238,57.80707,107.5621,-1.251091,-19.58566,-1.726438,-0.05086751,-0.907733,-0.1146201
154,0.016608,1,100,0,-106.5071,100,0,107.5391,0,0,135,0.5094084,0.08608273,-0.8562085,-0.03460823,0.9962284,0.0795698,0.8598288,-0.01090166,0.5104662,150.4192,-48.4655,-174.6367,91.30701,-2.922569,58.07666,108.2516,-1.564242,-22.66798,-1.630145,-0.06547865,-1.050409,-0.1089012
155,0.016688,1,100,0,-91.07069,100,0,108.1864,0,0,135,0.4936572,0.0880554,-0.865187,-0.03449057,0.9960603,0.08169559,0.8689722,-0.01048882,0.4947494,151.9471,-48.5158,-173.6672,92.0617,-3.19813,58.12993,108.9251,-1.844221,-25.08183,-1.528025,-0.07881882,-1.162112,-0.1026417
156,0.016674,1,100,0,-99.40769,100,0,108.7924,0,0,135,0.4761122,0.08996413,-0.8747708,-0.03421663,0.9958953,0.08379784,0.8787189,-0.009965468,0.4772362,153.4871,-48.57,-172.6989,92.95833,-3.354412,57.9666,109.6021,-1.758169,-27.53237,-1.509756,-0.0685509,-1.276125,-0.1016679
157,0.016687,1,100,0,-107.7512,100,0,109.3814,0,0,135,0.4566638,0.09185667,-0.8848845,-0.03404077,0.9957311,0.08579578,0.8889879,-0.009057682,0.4578412,155.0439,-48.62654,-171.7337,93.95145,-3.45488,57.58048,110.2467,-1.670755,-30.02001,-1.481512,-0.05797983,-1.391887,-0.0998099
158,0.01728,1,100,0,-91.76719,100,0,109.9157,0,0,135,0.4346386,0.09376944,-0.8957102,-0.03381739,0.9955628,0.08781303,0.8999699,-0.007876351,0.435881,156.6736,-48.68754,-170.7425,95.03516,-3.679346,56.90948,110.8328,-1.991421,-31.92172,-1.44453,-0.07430191,-1.479782,-0.09707672
159,0.016145,1,100,0,-99.83969,91.9275,0,110.3635,0,0,135,0.4125778,0.09549745,-0.9059029,-0.03332277,0.9954063,0.08975635,0.9103129,-0.006844286,0.4138647,158.2138,-48.74799,-169.8285,96.11498,-3.873604,56.00106,111.3068,-2.252064,-33.62355,-1.40541,-0.08710329,-1.558493,-0.09419158
160,0.016631,1,100,0,-108.1552,83.612,0,110.6981,0,0,135,0.3883964,0.09721133,-0.9163505,-0.03255682,0.9952467,0.09178182,0.920917,-0.005814265,0.3897151,159.8187,-48.81342,-168.9038,97.27396,-4.053386,54.78934,111.7163,-2.486042,-35.31594,-1.361838,-0.09811936,-1.636819,-0.09095725
161,0.016954,1,100,0,-92.47274,75.135,0,110.957,0,0,134.3603,0.3624081,0.09888118,-0.9267594,-0.03152957,0.9950878,0.09384192,0.9314862,-0.004788745,0.3637455,161.4764,-48.85698,-168.2338,95.05325,-0.4703093,17.06794,112.0489,-4.629671,-48.84152,-5.513552,-0.210451,-2.262059,-0.3576307
162,0.016479,1,100,0,-100.7122,66.8955,0,94.75143,0,0,134.2719,0.3273133,0.1048682,-0.9390786,-0.03030686,0.9944762,0.1004912,0.9444297,-0.004431561,0.3286835,163.0415,-48.85383,-168.0744,91.20295,-0.2527077,11.9999,96.88094,-5.277664,-50.51991,-6.137593,-0.243526,-2.339475,-0.3974251
163,0.016699,1,100,0,-85.26567,58.546,0,90.08006,0,0,134.25,0.290224,0.1115713,-0.9504325,-0.02850981,0.9937475,0.1079503,0.9565341,-0.004233124,0.2915903,164.5637,-48.8566,-167.9061,87.62758,-0.4918305,11.33636,92.31447,-5.629642,-49.8853,-6.201697,-0.2612058,-2.309926,-0.4013037
164,0.016951,1,100,0,-93.74117,50.0705,0,87.12643,0,0,134.2486,0.2525904,0.1184136,-0.9603001,-0.02614147,0.9929559,0.1155643,0.96722,-0.004086772,0.2539066,166.0502,-48.86484,-167.7292,84.49158,-0.7987412,11.69296,88.89073,-5.817503,-48.87097,-6.048421,-0.2692103,-2.263016,-0.3912746
165,0.01647,1,100,0,-101.9762,41.8355,0,84.69413,0,0,134.2502,0.2163801,0.1248737,-0.9682904,-0.02340667,0.9921651,0.122722,0.9760288,-0.003890147,0.2176076,167.4442,-48.87813,-167.5491,81.73128,-1.038659,11.65837,85.99203,-5.937131,-48.00551,-5.848143,-0.2730934,-2.223123,-0.3782083
166,0.016669,1,100,0,-86.55735,33.501,0,82.31307,0,0,134.2574,0.1802317,0.1311654,-0.9748396,-0.02027185,0.991354,0.1296394,0.9834154,-0.003603337,0.1813324,168.8102,-48.89555,-167.3672,79.27518,-1.240945,11.4427,83.36966,-5.986146,-46.56227,-5.584022,-0.2741427,-2.156429,-0.3609406
167,0.01667,1,100,0,-94.89235,25.166,0,80.03983,0,0,134.2692,0.1449028,0.1371402,-0.9798959,-0.01683697,0.9905465,0.136141,0.9893028,-0.003228731,0.145842,170.1361,-48.91642,-167.1872,77.05301,-1.408338,11.15465,80.96595,-5.972301,-45.21636,-5.247662,-0.2715192,-2.094352,-0.338991
168,0.016681,1,100,0,-103.2328,16.8255,0,77.86012,0,0,134.2843,0.1103612,0.1427225,-0.9835908,-0.0131808,0.9897592,0.1421386,0.9938045,-0.002722071,0.1111122,171.4263,-48.94023,-167.0095,75.01175,-1.537795,10.80828,78.74571,-5.905718,-43.9626,-4.842718,-0.2658928,-2.036635,-0.3125632
169,0.016684,1,100,0,-87.80015,8.483504,0,75.75214,0,0,134.3017,0.07677011,0.1478678,-0.9860231,-0.009560111,0.9890054,0.1475707,0.9970031,-0.001902529,0.07733969,172.683,-48.96582,-166.8352,73.12472,-1.545274,10.36301,76.67903,-5.279829,-42.1543,-4.484329,-0.2266544,-1.954404,-0.2888811
170,0.016684,1,100,0,-72.36745,0.1415043,0,73.70998,0,0,134.3685,0.04459062,0.1525964,-0.9872822,-0.006209732,0.9882885,0.1524715,0.9989863,-0.00066804,0.04501598,173.9082,-48.9917,-166.6666,74.0583,-1.562669,9.585444,74.69241,-4.816474,-40.57935,-4.218957,-0.1977946,-1.882614,-0.2709196
171,0.016574,1,100,0,-57.0365,0,0,74.41577,0,0,134.2927,0.01385839,0.1569391,-0.9875112,-0.003181385,0.987608,0.1569099,0.9998991,0.0009671354,0.01418594,175.1408,-49.01488,-166.5343,72.26966,-0.5732722,0.9258184,75.46104,-4.415713,-39.06274,-3.986802,-0.173308,-1.813337,-0.2548777
172,0.016742,1,100,0,-48.6655,0,0,72.27495,0,0,134.2554,-0.01599472,0.160992,-0.9868261,-0.0003860607,0.9869512,0.1610186,0.999872,0.002956423,-0.01572386,176.3564,-49.01784,-166.5793,70.54573,-0.01873314,-4.35641,73.19474,-4.239367,-33.92992,-4.426519,-0.1737715,-1.574268,-0.2819501
173,0.016706,1,100,0,-40.3125,0,0,70.60514,0,0,134.2692,-0.0418203,0.1654286,-0.9853348,0.002527236,0.986212,0.1654686,0.9991221,0.004429773,-0.04166175,177.5406,-49.01448,-166.6874,68.89991,0.03433515,-5.357745,71.60266,-4.111909,-30.81216,-4.305326,-0.1720183,-1.429233,-0.2735253
174,0.016726,1,100,0,-31.9495,0,0,69.06279,0,0,134.2911,-0.06522091,0.1696961,-0.9833359,0.005509241,0.9854802,0.1697007,0.9978557,0.005650601,-0.06520882,178.6986,-49.0135,-166.7835,67.33511,-0.008193798,-5.311279,70.05873,-3.985017,-28.27401,-3.996486,-0.1691483,-1.311233,-0.2533063
175,0.016841,1,100,0,-23.529,0,0,67.53702,0,0,134.3584,-0.08674489,0.1736317,-0.9809828,0.008526398,0.9847878,0.1735512,0.9961939,0.006690432,-0.08690576,179.8382,-49.01389,-166.8722,68.33284,-0.05400223,-5.192999,68.5299,-3.507288,-26.47029,-3.594828,-0.1422767,-1.228607,-0.2272523
176,0.016769,1,100,0,-15.1445,0,0,68.5237,0,0,134.4255,-0.1067297,0.1770959,-0.9783894,0.01113562,0.9841611,0.1769258,0.9942257,0.007988273,-0.1070113,180.9894,-49.01465,-166.9603,69.29137,-0.02707925,-5.370121,69.49915,-3.070132,-24.58475,-3.180273,-0.1187121,-1.141967,-0.2003377
177,0.016579,1,100,0,-6.854998,0,0,69.46571,0,0,134.4918,-0.1250019,0.1800608,-0.9756806,0.01335568,0.9836101,0.179813,0.9920665,0.009446095,-0.125358,182.1432,-49.01463,-167.0515,70.20062,0.05890346,-5.77244,70.43758,-2.675201,-22.64235,-2.75933,-0.09845418,-1.052472,-0.1730463
178,0.016793,1,100,0,1.541502,0,0,70.36787,0,0,134.559,-0.1419622,0.1825805,-0.9728882,0.01507583,0.9831272,0.1823022,0.9897577,0.01121292,-0.1423195,183.3273,-49.01239,-167.1516,71.12376,0.2826778,-6.337945,71.40615,-1.762998,-20.59924,-2.291222,-0.04604349,-0.9598576,-0.1427585
179,0.016509,1,100,0,9.796002,0,0,71.30046,0,0,134.625,-0.157071,0.1845918,-0.9701827,0.01609175,0.9827246,0.1843729,0.9874561,0.0133477,-0.1573279,184.506,-49.00646,-167.2601,71.95435,0.5133017,-7.047944,72.30051,-1.451851,-18.5274,-1.95251,-0.03225597,-0.8639047,-0.1207625
180,0.016684,1,100,0,18.138,0,0,72.16745,0,0,134.6918,-0.1707071,0.1862513,-0.9675587,0.01687517,0.9823809,0.1861272,0.9851776,0.01544552,-0.1708425,185.711,-48.99648,-167.3822,72.75919,0.7694108,-7.853108,73.18581,-1.174289,-16.37109,-1.605715,-0.02113069,-0.7638432,-0.09843952
181,0.016672,1,100,0,26.474,0,15.0048,73.03426,0,0,134.7585,-0.1826049,0.187544,-0.9651336,0.01744835,0.9821021,0.18754,0.9830317,0.01740574,-0.182609,186.9286,-48.98215,-167.5179,73.57016,1.038383,-8.715273,74.09185,-0.9290411,-13.9789,-1.257337,-0.01305286,-0.6525719,-0.07628237
182,0.01668,1,100,0,34.814,0,30.0168,73.93136,0,0,134.8252,-0.192609,0.188488,-0.9630027,0.01784907,0.9818891,0.1886146,0.9811136,0.01914017,-0.192485,188.1603,-48.96332,-167.6682,74.39411,1.31177,-9.607752,75.02342,-0.7086247,-11.36348,-0.9096261,-0.007469976,-0.5307107,-0.05445501
183,0.016691,1,100,0,43.1595,0,45.0387,74.86353,0,0,134.892,-0.2005596,0.1891024,-0.9612576,0.01810753,0.981742,0.1893542,0.9795142,0.0205708,-0.200322,189.4067,-48.93992,-167.8335,75.2375,1.581994,-10.50711,75.9841,-0.5060344,-8.538177,-0.5650724,-0.00385192,-0.3989111,-0.03311288
184,0.016677,1,100,0,51.498,0,60.048,75.83355,0,0,134.9587,-0.2062974,0.1894077,-0.9599825,0.0182478,0.9816604,0.1897634,0.9783194,0.02163012,-0.2059702,190.6663,-48.9121,-168.0137,76.10557,1.842094,-11.39145,76.97543,-0.3151437,-5.520491,-0.2266697,-0.001706506,-0.2580218,-0.01241798
185,0.01668,1,100,0,59.83801,0,75.06,76.8417,0,0,135,-0.2096912,0.1894258,-0.9592433,0.0182894,0.9816427,0.189851,0.9775968,0.02226609,-0.2093063,191.9407,-48.88001,-168.2084,77.00562,2.086812,-12.24355,78.0008,-0.1300396,-2.318519,0.1035826,-0.0005838457,-0.1084504,0.007551132
186,0.016938,1,100,0,68.30701,0,90.3042,77.88956,0,0,135,-0.2106157,0.1891547,-0.9590943,0.01805299,0.9816868,0.189646,0.9774026,0.02262791,-0.2101735,193.2507,-48.84269,-168.4203,78.00167,2.435809,-13.03521,79.12086,0.5990694,1.116067,0.4757448,0.03429374,0.05022199,0.03000501
187,0.016424,1,100,0,76.519,0,100,79.03381,0,0,135,-0.2089733,0.1885981,-0.959563,0.01722695,0.9817849,0.189214,0.9777699,0.02301033,-0.2084159,194.5372,-48.80075,-168.6382,78.99687,2.789207,-13.729,80.22949,1.213862,4.532222,0.8217204,0.06203636,0.2084056,0.05074966
188,0.01668,1,100,0,84.85901,0,100,80.16628,0,0,135,-0.2047127,0.1878064,-0.9606361,0.01606263,0.9819331,0.188547,0.9786907,0.02316762,-0.2040308,195.8603,-48.75283,-168.8708,79.97679,3.039867,-14.37878,81.31591,1.28879,7.967208,1.022109,0.05556411,0.3692862,0.06218279
189,0.016939,1,100,0,93.32851,0,100,81.27669,0,0,135,-0.1977085,0.1868777,-0.9622828,0.01495182,0.9821206,0.1876582,0.9801469,0.02271374,-0.1969677,197.2207,-48.70013,-169.1174,80.98599,3.253759,-14.92356,82.41377,1.369268,11.4221,1.211893,0.04950204,0.5310526,0.07303353
190,0.016424,1,100,0,101.5405,0,100,82.39154,0,0,135,-0.1883376,0.1858609,-0.9643573,0.01394304,0.9823366,0.186603,0.9820057,0.02169828,-0.1876024,198.5563,-48.64579,-169.3647,81.98125,3.41779,-15.321,83.4706,1.452711,14.73063,1.38136,0.04424025,0.6859108,0.0828416
191,0.016683,1,100,0,86.10873,0,100,83.45447,0,0,135,-0.1764248,0.1847068,-0.9668286,0.01297336,0.9825869,0.18535,0.9842286,0.02015731,-0.175749,199.9297,-48.58809,-169.6218,83.01004,3.539315,-15.57969,84.53355,1.543027,17.39792,1.538245,0.04164881,0.8106253,0.0923556
192,0.016752,1,100,0,94.48473,0,100,84.51031,0,0,135,-0.1623664,0.1834141,-0.9695341,0.01203398,0.9828674,0.1839211,0.9866571,0.01819526,-0.1617919,201.3262,-48.52838,-169.8834,84.06021,3.614116,-15.67903,85.58629,1.633057,20.10341,1.679538,0.03907455,0.9370971,0.1011531
193,0.016589,1,100,0,102.7792,0,100,85.54111,0,0,135,-0.1463483,0.1819891,-0.9723489,0.01095829,0.9831699,0.182365,0.9891726,0.01603353,-0.1458795,202.7267,-48.46758,-170.143,85.15511,3.767005,-15.58518,86.65149,2.259223,22.80405,1.835687,0.07074185,1.061583,0.1111443
194,0.016681,1,100,0,87.34931,0,100,86.56706,0,0,135,-0.1283034,0.1803938,-0.9751903,0.009380155,0.9834942,0.1806958,0.9916905,0.01403645,-0.1278778,204.1534,-48.40392,-170.4015,86.26472,3.914269,-15.31001,87.70016,2.793774,24.87603,1.971158,0.09879576,1.156859,0.1201069
195,0.016579,1,100,0,95.63881,0,100,87.56065,0,0,135,-0.108737,0.1786575,-0.9778844,0.007401867,0.9838355,0.1789217,0.9940432,0.01221723,-0.1083017,205.5897,-48.33828,-170.6528,87.36932,4.048645,-14.85191,88.7151,3.227119,27.00776,2.083954,0.1204248,1.255234,0.1276733
196,0.016683,1,100,0,103.9803,0,100,88.50682,0,0,135,-0.08733479,0.1768152,-0.9803618,0.005294322,0.9841906,0.1770341,0.9961653,0.01027088,-0.0868902,207.0532,-48.27084,-170.8973,88.43626,4.030068,-14.25061,89.66768,3.059852,29.22077,2.064894,0.1038315,1.359282,0.1269999
197,0.016673,1,100,0,88.55779,0,100,89.37675,0,0,135,-0.06432778,0.1749533,-0.9824731,0.003493738,0.9845458,0.1750936,0.997923,0.007830878,-0.06394488,208.5336,-48.20405,-171.1305,89.48832,3.957332,-13.46442,90.58206,2.903404,30.82726,2.030451,0.0899353,1.434839,0.1258489
198,0.016732,1,100,0,96.92378,0,100,90.19442,0,0,135,-0.03990798,0.1730526,-0.9841036,0.001966961,0.9848999,0.1731128,0.9992011,0.004972889,-0.03964575,210.0367,-48.13853,-171.3504,90.52121,3.831574,-12.48922,91.45901,2.753586,32.55068,1.981205,0.07622847,1.515818,0.1241151
199,0.016641,1,100,0,105.2443,0,100,90.96309,0,0,135,-0.01422422,0.1711221,-0.9851471,0.000725814,0.9852483,0.1711292,0.9998986,0.001719147,-0.0141386,211.5486,-48.07574,-171.5519,91.51638,3.656136,-11.33682,92.28835,2.612855,34.36354,1.918327,0.06295907,1.600922,0.1219158
200,0.01693,1,100,0,89.58404,0,100,91.67367,0,0,135,0.01320134,0.1691054,-0.9855096,-0.0004625614,0.9855964,0.1691141,0.9999129,-0.001776674,0.01308942,213.1037,-48.01422,-171.7361,92.52599,3.588417,-9.951442,93.12877,3.016338,35.61861,1.843814,0.08612646,1.658254,0.1193157
201,0.016368,1,100,0,97.76804,0,100,92.38129,0,0,135,0.04067201,0.1671125,-0.9850987,-0.001898345,0.9859256,0.1671744,0.999171,-0.004929263,0.04041681,214.6233,-47.95588,-171.8907,93.45044,3.516004,-8.430657,93.89581,3.310004,36.96274,1.755568,0.1021244,1.720075,0.1157786
202,0.016684,1,100,0,106.11,0,100,93.01488,0,0,135,0.06971443,0.1650514,-0.9838181,-0.003543703,0.9862522,0.1652087,0.9975607,-0.008031071,0.06934091,216.1874,-47.89768,-172.0218,94.32972,3.431247,-6.70881,94.63021,3.521075,38.462,1.650126,0.1125626,1.789375,0.1112783
203,0.016903,1,100,0,90.47476,0,100,93.60686,0,0,135,0.1001126,0.1629687,-0.981539,-0.0051279,0.9865664,0.1632804,0.9949629,-0.01131319,0.09960341,217.7863,-47.84115,-172.1247,95.10921,3.17027,-4.840353,95.28506,3.124109,39.4166,1.453078,0.08599351,1.834918,0.1010739
204,0.016455,1,100,0,98.70226,0,100,94.11216,0,0,135,0.130392,0.1609886,-0.978305,-0.006209073,0.9868425,0.1615659,0.9914433,-0.01499253,0.1296759,219.3551,-47.79068,-172.1936,95.78559,2.862274,-2.864469,95.87115,2.768366,40.50021,1.254822,0.06167028,1.886361,0.09121627
205,0.016666,1,100,0,107.0353,0,100,94.55161,0,0,135,0.1618229,0.1590052,-0.9739255,-0.006878784,0.9870912,0.1600118,0.986796,-0.01919415,0.1608277,220.9548,-47.74498,-172.2294,96.37894,2.499843,-0.7172382,96.41403,2.438015,41.74526,1.04957,0.03858104,1.945258,0.08148417
206,0.016677,1,100,0,91.60904,0,100,94.94303,0,0,135,0.1939307,0.1570309,-0.9683657,-0.007335119,0.9873102,0.158634,0.9809878,-0.02366094,0.1926216,222.5652,-47.70474,-172.2286,96.9089,2.239166,1.598497,96.94794,2.615483,42.45936,0.8120406,0.04935634,1.977895,0.06987564
207,0.017133,1,100,0,100.1755,0,100,95.32137,0,0,135,0.2272999,0.1550379,-0.9614042,-0.00795285,0.9875081,0.1573672,0.9737923,-0.02812364,0.2256935,224.2281,-47.66795,-172.1868,97.33794,1.96386,4.119685,97.44488,2.724304,43.38211,0.5624384,0.05525389,2.02046,0.05770563
208,0.016295,1,100,0,85.10266,0,91.8525,95.6615,0,0,135,0.2593006,0.1531815,-0.9535716,-0.008627817,0.98767,0.1563129,0.9657583,-0.03230479,0.2574251,225.8157,-47.63747,-172.1057,97.58993,1.681933,6.695408,97.83379,2.764525,43.64791,0.3217215,0.05850802,2.032519,0.04565439
209,0.01668,1,100,0,93.44266,0,83.5125,95.9175,0,0,135,0.2919845,0.1513447,-0.9443728,-0.009212054,0.9878,0.1554562,0.9563789,-0.03669117,0.2898164,227.444,-47.61202,-171.9788,97.64802,1.214012,9.445397,98.11129,2.268972,43.99962,0.03518866,0.02740396,2.050002,0.03087066
210,0.016688,1,100,0,101.7867,0,75.1685,96.0814,0,0,135,0.3246368,0.1495735,-0.9339374,-0.009364691,0.9878771,0.154957,0.9457927,-0.04155871,0.3221019,229.073,-47.5947,-171.8051,97.53223,0.6860099,12.32837,98.31071,1.82716,44.42257,-0.2453102,-0.0005013105,2.070676,0.01695538
211,0.016663,1,100,0,86.37338,0,66.837,96.18775,0,0,135,0.3570317,0.1478468,-0.9223177,-0.009166118,0.9879016,0.1548116,0.9340476,-0.04681857,0.3540674,230.6967,-47.5865,-171.5831,97.23935,0.1038574,15.31657,98.4383,1.436579,44.24426,-0.5173756,-0.02359612,2.063131,0.003467396
212,0.016669,1,100,0,94.70789,0,58.5025,96.24442,0,0,135,0.3889173,0.1461754,-0.9096022,-0.008837391,0.9878788,0.154976,0.9212304,-0.05223435,0.385495,232.3153,-47.58749,-171.3106,96.80453,-0.3860307,18.41832,98.54187,1.483175,44.1796,-0.8411212,-0.01919421,2.059721,-0.01308523
213,0.016696,1,100,0,103.0559,0,50.1545,96.29961,0,0,135,0.4203654,0.1445892,-0.8957606,-0.00867993,0.9878175,0.1553752,0.9073135,-0.0575392,0.4164993,233.9283,-47.59671,-170.9854,96.1907,-0.8857875,21.59421,98.58878,1.492962,44.21948,-1.156989,-0.01747717,2.061298,-0.02912553
214,0.016958,1,100,0,87.36974,0,41.6755,96.32006,0,0,135,0.4516809,0.1430712,-0.8806333,-0.008678641,0.9877162,0.156017,0.8921373,-0.06282719,0.4473742,235.5551,-47.61466,-170.6007,95.38628,-1.404221,24.86742,98.5845,1.471648,43.67044,-1.467483,-0.01631407,2.035442,-0.04547794
215,0.016398,1,100,0,95.56873,0,33.4765,96.31093,0,0,135,0.4811094,0.1417134,-0.8651307,-0.008706227,0.9875717,0.1569283,0.8766175,-0.06796765,0.4763638,237.1141,-47.64136,-170.1757,94.41286,-2.077716,28.01002,98.50211,1.025319,43.28035,-1.759253,-0.04279304,2.0181,-0.06072433
216,0.016663,1,100,0,80.15546,0,25.145,96.24815,0,0,135,0.5100961,0.1404294,-0.8485763,-0.008529324,0.9873593,0.1582692,0.8600753,-0.0734947,0.5048459,238.6806,-47.67998,-169.6915,93.19215,-2.798681,31.16118,98.30376,0.6317946,42.35055,-2.037508,-0.06465106,1.975425,-0.07557608
217,0.016747,1,100,0,64.66448,0,16.7715,96.08954,0,0,135,0.5379422,0.139255,-0.8314001,-0.00823535,0.9870822,0.1600024,0.8429414,-0.07922517,0.53214,240.2339,-47.73111,-169.152,91.83975,-3.561252,34.31492,98.10574,0.2921409,40.92251,-2.297414,-0.08198134,1.909352,-0.08997258
218,0.016614,1,100,0,49.29653,0,8.464499,95.95801,0,0,135,0.5639989,0.1382344,-0.8141232,-0.007909052,0.9867483,0.1620662,0.8257378,-0.08496623,0.5576183,241.7519,-47.79462,-168.5647,90.38966,-4.34862,37.40842,97.92135,0.005737643,39.0629,-2.534625,-0.09503664,1.822984,-0.1038326
219,0.016615,1,100,0,40.98903,0,0.1569996,95.86726,0,0,135,0.5883014,0.1373928,-0.7968844,-0.007627942,0.9863595,0.1644293,0.8086059,-0.09065542,0.5813247,243.2453,-47.87123,-167.9263,88.85602,-5.136146,40.45068,97.76517,-0.1981947,36.99382,-2.764062,-0.1025165,1.726604,-0.1179204
220,0.016689,1,100,0,32.64453,0,0,95.8301,0,0,135,0.6108993,0.1367579,-0.7798074,-0.007464126,0.9859192,0.1670571,0.7916735,-0.09623449,0.6033182,244.7196,-47.96137,-167.2349,87.28677,-5.931079,43.37836,97.65163,-0.3671123,34.85262,-2.972528,-0.1077801,1.626762,-0.1312601
221,0.016669,1,100,0,24.31003,0,0,95.84436,0,0,135,0.6316822,0.1363482,-0.7631427,-0.007449135,0.9854335,0.1698982,0.7751917,-0.1016369,0.6234965,246.166,-48.06463,-166.4963,85.70828,-6.724009,46.16989,97.58473,-0.502612,32.66016,-3.15806,-0.1109679,1.524435,-0.1437354
222,0.016624,1,100,0,15.99803,0,0,95.91052,0,0,135,0.650665,0.1361765,-0.7470549,-0.007605314,0.9849083,0.1729095,0.7593268,-0.1068246,0.6418811,247.5822,-48.18075,-165.714,84.13847,-7.508944,48.82014,97.56573,-0.6072462,30.42503,-3.32002,-0.1122444,1.420026,-0.1553039
223,0.016664,1,100,0,7.666032,0,0,96.02747,0,0,135,0.6679879,0.1362541,-0.7315922,-0.007950485,0.9843459,0.1760685,0.7441298,-0.1117951,0.6586145,248.9757,-48.31018,-164.8865,82.58357,-8.285177,51.34271,97.5949,-0.6840807,28.13902,-3.458931,-0.1117631,1.313153,-0.1660027
224,0.016691,1,100,0,-0.6794682,0,0,96.19419,0,0,134.1803,0.6836706,0.1365945,-0.7168937,-0.008497402,0.9837511,0.1793371,0.7297413,-0.1165157,0.6737224,250.418,-48.31569,-164.6153,83.68633,1.299153,8.126297,97.67233,-3.711171,14.49416,-7.879375,-0.2735853,0.6721399,-0.4746698
225,0.016933,1,100,0,-9.145968,0,0,66.39287,0,0,134.248,0.6915686,0.1431921,-0.7079752,-0.0107759,0.9820893,0.1881071,0.7222304,-0.1224599,0.6807252,251.8042,-48.30312,-164.438,78.20719,-0.3867269,15.1491,79.66184,-3.373065,12.98492,-7.907657,-0.2499744,0.6008746,-0.4780341
226,0.016523,1,100,0,-17.40747,0,0,66.84334,0,0,134.1291,0.6983233,0.149746,-0.6999435,-0.0133999,0.9804354,0.1963856,0.7156574,-0.1277615,0.6866674,253.087,-48.29524,-164.2537,72.71528,0.4353347,10.68982,76.70598,-3.947661,9.782195,-8.713774,-0.2800214,0.4505123,-0.5355691
227,0.016716,1,100,0,-25.76547,0,0,59.32396,0,0,134.078,0.703275,0.1575542,-0.6932394,-0.01645742,0.9784796,0.2056858,0.7107273,-0.1332448,0.6907332,254.283,-48.28862,-164.0778,66.79916,0.3031986,10.13991,70.23209,-4.132724,7.619388,-9.059006,-0.287394,0.3488396,-0.5616975
228,0.016848,1,100,0,-34.18947,15.1632,0,54.43956,0,0,134.0372,0.7069461,0.166017,-0.6875067,-0.01983172,0.9763314,0.215369,0.7069893,-0.1386199,0.6935061,255.3914,-48.28457,-163.9098,61.51483,0.1022507,9.643985,64.76596,-4.193068,5.339221,-9.296972,-0.2859486,0.2413304,-0.5816303
229,0.01653,1,100,0,-42.45447,30.0402,0,50.16431,0,0,134.0001,0.709217,0.1748307,-0.6829682,-0.02343749,0.9740741,0.2250117,0.7046006,-0.1435751,0.6949275,256.3941,-48.2839,-163.7529,56.89494,-0.01270092,8.881704,59.95621,-4.155754,2.975252,-9.44525,-0.2773767,0.1295349,-0.5964463
230,0.016671,1,100,0,-50.78997,45.0441,0,46.26217,0,0,133.9777,0.7101196,0.1841789,-0.6795648,-0.02737636,0.9716725,0.2347401,0.7035486,-0.1480896,0.6950458,257.3299,-48.28565,-163.6063,52.66453,-0.2663525,8.550358,55.56422,-3.999835,0.6303352,-9.455724,-0.2605848,0.01832697,-0.6027715
231,0.016684,1,100,0,-59.13197,60.0597,0,43.03439,0,0,133.9633,0.7096503,0.1938708,-0.6773558,-0.03161252,0.9691898,0.2442789,0.7038448,-0.1519397,0.6939145,258.1978,-48.29185,-163.4653,48.88589,-0.5667771,8.261284,51.67647,-3.691491,-1.764776,-9.368497,-0.2331729,-0.09582406,-0.6032572
232,0.016684,1,100,0,-67.47397,75.07529,0,40.22682,0,0,133.9563,0.7077751,0.2038247,-0.6763948,-0.03615956,0.9666701,0.2534591,0.7055119,-0.1549339,0.6915553,259.0043,-48.30313,-163.3292,45.51799,-0.8884436,8.022285,48.22182,-3.311546,-4.199989,-9.187925,-0.2002601,-0.2122311,-0.598105
233,0.016675,1,100,0,-75.81147,90.08279,0,37.79898,0,0,133.9558,0.7044584,0.2139829,-0.67672,-0.04105678,0.9641582,0.2621329,0.7085571,-0.1568778,0.6879947,259.756,-48.31952,-163.1972,42.53502,-1.176837,7.839274,45.17485,-2.684924,-6.670201,-8.988207,-0.1507899,-0.3315117,-0.5917976
234,0.016708,1,100,0,-84.16547,100,0,35.71648,0,0,133.9807,0.6996453,0.2243382,-0.6783575,-0.04642344,0.9616957,0.2701602,0.7129807,-0.1575246,0.6832604,260.4599,-48.34256,-163.06,39.72798,-1.760019,8.976534,42.45969,-1.86129,-8.8294,-8.56658,-0.08911673,-0.4365404,-0.5703424
235,0.016668,1,100,0,-92.49947,100,0,34.73584,0,0,133.9918,0.6935219,0.2345554,-0.6811839,-0.05213615,0.9593776,0.2772667,0.718547,-0.1567762,0.6775782,261.1182,-48.3732,-162.9128,37.45023,-2.05094,8.885018,40.3136,-1.331519,-11.32711,-8.208528,-0.04403774,-0.5571059,-0.5538013
236,0.016684,1,100,0,-100.8415,100,0,33.25159,0,0,134.0061,0.6858529,0.2447787,-0.6853389,-0.05810446,0.9571479,0.2837112,0.7254171,-0.1547629,0.6706854,261.7401,-48.40842,-162.7676,35.37984,-2.317567,8.797073,38.25853,-0.8561147,-13.80983,-7.788486,-0.001607652,-0.676939,-0.5329407
237,0.016644,1,100,0,-85.44577,100,0,31.92389,0,0,134.0227,0.6767726,0.25485,-0.6906739,-0.06420387,0.9550279,0.2894817,0.7333872,-0.1515693,0.6626991,262.327,-48.44766,-162.6248,33.51814,-2.540666,8.673828,36.40185,-0.4630068,-15.62328,-7.317491,0.03353085,-0.7646134,-0.5066612
238,0.016722,1,100,0,-93.80677,100,0,30.715,0,0,134.0427,0.6664346,0.2646905,-0.6969962,-0.07035127,0.9530125,0.2946483,0.7422367,-0.1473293,0.6537418,262.8862,-48.49059,-162.4834,31.82885,-2.736669,8.600109,34.72447,-0.1516954,-17.48433,-6.787508,0.06428549,-0.8543181,-0.4762878
239,0.016778,1,100,0,-102.1958,100,0,29.64998,0,0,134.0661,0.6547914,0.2742022,-0.7043164,-0.0764442,0.9511181,0.2992173,0.7519341,-0.142084,0.6437451,263.4196,-48.53671,-162.3426,30.30096,-2.900447,8.580521,33.22336,0.06015033,-19.38678,-6.202923,0.08950022,-0.945666,-0.4419982
240,0.016602,1,100,0,-86.83892,100,0,28.7201,0,0,134.0912,0.6421043,0.2831663,-0.7124037,-0.08226859,0.9493678,0.3032044,0.7621903,-0.1360804,0.6328888,263.9229,-48.58456,-162.2039,28.95584,-2.983871,8.545823,31.89397,0.0502345,-20.65555,-5.652266,0.09814336,-1.00582,-0.4079377
241,0.016679,1,100,0,-95.17842,100,0,27.88447,0,0,134.117,0.628408,0.2916442,-0.7211429,-0.08775117,0.9477174,0.3068085,0.7729186,-0.1295197,0.6211453,264.4067,-48.63339,-162.0658,27.76437,-2.972392,8.417268,30.70867,-0.08832231,-22.06691,-5.073064,0.09966196,-1.072283,-0.3719667
242,0.016705,1,100,0,-103.5309,100,0,27.07293,0,0,134.1477,0.6136408,0.2995718,-0.7305491,-0.09277505,0.946178,0.3100649,0.7841161,-0.1224918,0.6084062,264.8718,-48.68206,-161.9287,26.66446,-2.961213,8.486067,29.61302,-0.3277667,-23.51143,-4.43682,0.09527721,-1.139847,-0.3319559
243,0.016667,1,100,0,-88.11395,100,0,26.43373,0,0,134.1799,0.5979708,0.3068124,-0.7404707,-0.0972003,0.9447756,0.3129711,0.7956021,-0.1151736,0.5947704,265.318,-48.73011,-161.7907,25.69866,-2.896088,8.535685,28.67287,-0.6808704,-24.38423,-3.779525,0.08097319,-1.17934,-0.2890535
244,0.016675,1,100,0,-96.45145,100,0,25.85623,0,0,134.1903,0.5815646,0.3133063,-0.7507475,-0.1009238,0.9435186,0.3155743,0.8072157,-0.1077586,0.580337,265.7953,-48.71445,-161.9103,23.83461,-2.691403,8.125025,27.84043,-0.7662679,-25.03754,-2.7704,0.08234203,-1.209067,-0.2227996
245,0.016677,1,100,0,-104.7899,100,0,24.24494,0,0,134.257,0.5645913,0.3186596,-0.7613757,-0.1039439,0.9425721,0.3174174,0.8187996,-0.1000708,0.5652907,266.1934,-48.7605,-161.7663,23.94933,-2.900606,9.640789,25.97939,-1.08643,-26.14034,-1.981091,0.07099911,-1.259644,-0.171156
246,0.0167,1,100,0,-89.34245,100,0,25.34981,0,0,134.2821,0.5468581,0.3231094,-0.7723645,-0.1062442,0.9418527,0.3187886,0.8304572,-0.09227289,0.5493883,266.5999,-48.80271,-161.6263,23.53638,-2.498472,8.772635,26.77517,-1.342507,-27.08898,-1.0282,0.06267881,-1.302901,-0.1083824
247,0.016667,1,100,0,-97.67595,100,0,24.59608,0,0,134.322,0.5283883,0.3264697,-0.7837241,-0.1078074,0.9414392,0.3194838,0.8421303,-0.08432022,0.5326412,266.9957,-48.84236,-161.4831,22.96874,-2.329265,8.885165,26.01155,-1.70659,-27.82758,-0.1919826,0.0460381,-1.335581,-0.05244963
248,0.016685,1,100,0,-106.0184,100,0,24.27168,0,0,134.3651,0.5092443,0.3288362,-0.795322,-0.1086191,0.9412925,0.3196409,0.8537402,-0.07638814,0.5150657,267.3823,-48.87956,-161.3357,22.4556,-2.16899,9.126916,25.55074,-2.164639,-28.6635,0.5994734,0.02365415,-1.372484,0.000700932
249,0.016691,1,100,0,-90.57927,100,0,24.0379,0,0,134.4091,0.4895188,0.3302315,-0.8070431,-0.1086388,0.9414014,0.3193134,0.8651988,-0.06863371,0.4967097,267.7609,-48.91395,-161.1844,22.0287,-1.9819,9.321702,25.19132,-2.674574,-28.98452,1.362074,-0.005261548,-1.384217,0.05277371
250,0.016758,1,100,0,-98.95827,100,0,23.82541,0,0,134.455,0.4693264,0.3306635,-0.8187763,-0.1078352,0.9417627,0.3185201,0.8764159,-0.06119698,0.4776512,268.1342,-48.94532,-161.0289,21.66557,-1.793668,9.545088,24.89068,-3.200157,-29.47411,2.085956,-0.03472815,-1.404005,0.102176
251,0.016606,1,100,0,-107.2613,100,0,23.65704,0,0,134.5214,0.448812,0.3301907,-0.8303868,-0.1062824,0.9423605,0.3172712,0.8872837,-0.05413967,0.4580361,268.4972,-48.97458,-160.8653,22.26047,-1.697865,10.45385,24.65145,-3.805227,-30.24592,2.732417,-0.06809409,-1.437004,0.1463227
252,0.016645,1,100,0,-91.86465,100,0,24.63151,0,0,134.588,0.427691,0.3288935,-0.8419677,-0.1039451,0.9431732,0.3156263,0.8979288,-0.04747212,0.4375735,268.8715,-49.00211,-160.687,22.95032,-1.565689,11.23366,25.60007,-4.370596,-30.53957,3.344439,-0.1021373,-1.447109,0.1886873
253,0.016865,1,100,0,-100.2971,91.5675,0,25.59763,0,0,134.6554,0.4058952,0.3267698,-0.8535049,-0.1008347,0.9442054,0.3135419,0.90834,-0.04120223,0.4161982,269.2629,-49.02761,-160.4938,23.7294,-1.403759,11.88917,26.57833,-4.878848,-31.03024,3.924524,-0.132059,-1.466998,0.2287847
254,0.016541,1,100,0,-84.99673,83.297,0,26.56045,0,0,134.7216,0.3841411,0.3239423,-0.8645791,-0.09718798,0.945412,0.3110474,0.9181449,-0.03545938,0.3946549,269.66,-49.05001,-160.2944,24.55656,-1.253215,12.38308,27.53064,-5.168319,-31.0233,4.44095,-0.1515627,-1.464091,0.2649963
255,0.017139,1,100,0,-93.56622,74.72749,0,27.47796,0,0,134.7902,0.3613856,0.3202909,-0.8756794,-0.09297412,0.9468482,0.3079521,0.9277697,-0.02987394,0.3719561,270.0861,-49.07054,-160.08,25.47694,-1.086271,12.76179,28.51522,-5.384126,-31.23635,4.928338,-0.1657903,-1.472124,0.2991846
256,0.016296,1,100,0,-101.7142,66.57949,0,28.41602,0,0,134.8553,0.3393934,0.3161881,-0.8859105,-0.08867424,0.9483727,0.3045101,0.9364557,-0.02479127,0.3499091,270.5063,-49.08736,-159.8707,26.40581,-0.922199,12.99691,29.44549,-5.514001,-31.61893,5.342901,-0.1740778,-1.488793,0.3284218
257,0.016574,1,100,0,-86.38328,58.29249,0,29.29847,0,0,134.9216,0.3166941,0.3114412,-0.8959405,-0.08411477,0.9500591,0.3005209,0.944791,-0.01981135,0.3270749,270.9495,-49.10172,-159.6546,27.39436,-0.7535441,13.11705,30.38216,-5.582755,-31.52004,5.714921,-0.1815367,-1.48259,0.3551161
258,0.016683,1,100,0,-94.72478,49.95099,0,30.18713,0,0,134.9884,0.2936971,0.3061263,-0.9055544,-0.07941009,0.9518722,0.2960293,0.9525944,-0.01503281,0.3038717,271.4122,-49.11335,-159.4357,28.42669,-0.5853052,13.12043,31.31397,-5.58317,-31.63065,6.037489,-0.1839705,-1.486782,0.3784688
259,0.01667,1,100,0,-103.0598,41.61599,0,31.07483,0,0,135,0.2704151,0.3003375,-0.9146985,-0.07470755,0.9537767,0.2910826,0.9598411,-0.01037824,0.2803531,271.892,-49.1222,-159.2175,29.48808,-0.4214044,13.01101,32.23369,-5.524844,-31.93144,6.306561,-0.1820662,-1.500362,0.3983103
260,0.016683,1,100,0,-87.62801,33.27449,0,31.95592,0,0,135,0.2468414,0.2941194,-0.9233435,-0.07008309,0.9557511,0.2857069,0.9665185,-0.005813509,0.2565317,272.39,-49.12836,-159.0016,30.5731,-0.2632767,12.79316,33.14285,-5.417333,-31.73875,6.521994,-0.1798614,-1.490532,0.4147576
261,0.016687,1,100,0,-95.9715,24.93099,0,32.83284,0,0,135,0.2231928,0.2875304,-0.9314029,-0.06559574,0.9577706,0.2799515,0.9725648,-0.001387086,0.2326282,272.9062,-49.13191,-158.7899,31.67459,-0.112386,12.47183,34.04172,-5.258767,-31.75768,6.683591,-0.1735888,-1.491068,0.4276358
262,0.016683,1,100,0,-80.53973,16.58949,0,33.70705,0,0,135,0.1995024,0.2806322,-0.9388528,-0.06131983,0.9598112,0.2738666,0.9779772,0.002933264,0.2086929,273.4408,-49.13299,-158.5842,32.76755,0.03028192,12.04891,34.9126,-5.058621,-31.30209,6.791501,-0.1671508,-1.469148,0.4369845
263,0.01668,1,100,0,-65.11073,8.249495,0,34.56053,0,0,135,0.1761398,0.2734873,-0.9456105,-0.05728171,0.9618497,0.2675141,0.9826969,0.007046305,0.1850859,273.9935,-49.13174,-158.386,33.87313,0.1640706,11.5376,35.78453,-4.816358,-30.40963,6.846558,-0.160127,-1.426646,0.4427008
264,0.01689,1,100,0,-49.48748,0,0,35.42363,0,0,134.8686,0.1531679,0.2660729,-0.9517063,-0.05346122,0.9638911,0.2608754,0.9867531,0.01092163,0.1618618,274.5912,-49.10073,-158.3042,34.89328,1.961152,3.621374,36.67157,-4.553804,-25.22713,5.819511,-0.1712729,-1.180071,0.3779888
265,0.016515,1,100,0,-41.22998,0,0,35.03864,0,0,134.8889,0.1345,0.2598259,-0.9562429,-0.04987098,0.9655634,0.2553438,0.989658,0.01334502,0.1428261,275.182,-49.05584,-158.2959,34.86848,2.199733,1.779108,36.09497,-4.29626,-22.77838,5.479485,-0.1688223,-1.064073,0.3567182
266,0.01673,1,100,0,-32.86498,0,0,34.79133,0,0,134.9286,0.1174295,0.253829,-0.9600944,-0.04644473,0.9671293,0.2500082,0.9919947,0.01523299,0.1253585,275.7734,-49.01625,-158.2789,34.61902,2.051979,1.485739,35.92456,-4.004785,-20.97676,5.302458,-0.1607964,-0.9791837,0.345654
267,0.016904,1,100,0,-24.41298,0,0,34.55939,0,0,134.9725,0.1015605,0.2479541,-0.9634336,-0.04330165,0.968625,0.2447256,0.9938865,0.01686382,0.1091108,276.365,-48.98132,-158.2558,34.34107,1.849141,1.595566,35.68934,-3.521942,-19.30812,5.13503,-0.1397203,-0.9015616,0.3350176
268,0.016429,1,100,0,-16.19848,0,0,34.33641,0,0,135,0.08736984,0.2424122,-0.9662313,-0.04068041,0.9699996,0.2396792,0.9953452,0.01836595,0.09461013,276.9344,-48.95176,-158.2268,35.29897,1.698242,2.09291,35.40172,-2.930133,-18.04628,5.008079,-0.1096017,-0.843788,0.326955
269,0.016733,1,100,0,-7.831983,0,0,35.36386,0,0,135,0.07387412,0.2368893,-0.9687241,-0.03871538,0.9713273,0.2345735,0.996516,0.02017562,0.08092721,277.5309,-48.92355,-158.1898,36.33451,1.661691,2.450297,36.45493,-1.994466,-16.63164,4.870393,-0.05812967,-0.7802505,0.3181405
270,0.01669,1,100,0,0.5130167,0,0,36.43974,0,0,135,0.06147138,0.2315191,-0.9708864,-0.03769721,0.9725706,0.2295339,0.9973971,0.02248995,0.06851289,278.1432,-48.89575,-158.1477,37.39371,1.675159,2.663717,37.52587,-1.035278,-15.10629,4.704849,-0.005244884,-0.7116008,0.3075283
271,0.016673,1,100,0,8.849517,0,0,37.51655,0,0,135,0.05023145,0.2263234,-0.9727562,-0.03763137,0.9737231,0.2246052,0.9980286,0.0253239,0.05742837,278.7726,-48.86752,-158.1027,38.47159,1.7298,2.761533,38.60935,-0.07240167,-13.47801,4.512877,0.04785309,-0.6381264,0.2951595
272,0.016679,1,100,0,17.18902,0,0,38.59814,0,0,135,0.0402266,0.2213372,-0.9743674,-0.03847135,0.9747768,0.2198419,0.9984499,0.02864174,0.04772709,279.4203,-48.8383,-158.0566,39.55817,1.796854,2.757058,39.69482,0.7740678,-11.75366,4.268263,0.09361763,-0.5596715,0.2792991
273,0.016689,1,100,0,25.53352,0,0,39.6799,0,0,135,0.0315396,0.2166139,-0.9757478,-0.04011536,0.9757212,0.2153113,0.9986973,0.03235164,0.0394634,280.0866,-48.80781,-158.011,40.65644,1.888429,2.682631,40.78859,1.582521,-9.9405,4.000825,0.1370328,-0.4769037,0.261778
274,0.016684,1,100,0,33.87552,0,0,40.77043,0,0,135,0.02425187,0.2121951,-0.9769264,-0.04250918,0.9765489,0.2110578,0.9988019,0.0364098,0.03270337,280.7711,-48.77568,-157.9669,41.76271,1.999847,2.557447,41.88871,2.34166,-8.047694,3.712907,0.1774127,-0.3902118,0.242692
275,0.01668,1,100,0,42.21552,0,15.012,41.86913,0,0,135,0.01845504,0.2081195,-0.9779295,-0.04558696,0.9772541,0.2071155,0.9987903,0.04075851,0.0275228,281.474,-48.74161,-157.9252,42.89617,2.129007,2.394527,43.01567,3.043158,-5.977084,3.406763,0.2138589,-0.2949407,0.2220609
276,0.016682,1,100,0,50.55652,0,30.0258,42.99696,0,0,135,0.01428748,0.2044292,-0.9787771,-0.04927269,0.9778318,0.2035125,0.9986833,0.0453193,0.02404353,282.196,-48.70531,-157.8863,44.05703,2.272523,2.210463,44.17094,3.681736,-3.737107,3.084631,0.2460622,-0.1914708,0.1999615
277,0.016682,1,100,0,58.89752,0,45.0396,44.15515,0,0,135,0.01188244,0.2011701,-0.9794843,-0.05348518,0.978279,0.2002737,0.998498,0.05000815,0.02238396,282.9376,-48.66654,-157.8504,45.24547,2.42744,2.020002,45.35555,4.25382,-1.336245,2.749043,0.2738056,-0.08018687,0.1765004
278,0.016768,1,100,0,67.28152,0,60.1308,45.34412,0,0,135,0.011366,0.1983745,-0.9800605,-0.05816644,0.9785954,0.1974033,0.9982424,0.05476294,0.02266145,283.7031,-48.62493,-157.8176,46.46851,2.591967,1.835482,46.57692,4.760377,1.233222,2.400883,0.2970895,0.03927757,0.1516769
279,0.016512,1,100,0,75.53751,0,74.9916,46.57038,0,0,135,0.01284233,0.1961382,-0.9804922,-0.06313469,0.9787756,0.1949679,0.9979224,0.05939922,0.02495288,284.4772,-48.58121,-157.7882,47.70142,2.760046,1.672972,47.81048,5.191706,3.904483,2.05012,0.3154731,0.1638139,0.12617
280,0.016725,1,100,0,83.90002,0,90.0441,47.808,0,0,135,0.01645021,0.1944419,-0.9807762,-0.0683855,0.9788308,0.1929092,0.9975235,0.06389747,0.02939897,285.2822,-48.53386,-157.761,48.99046,2.974082,1.543696,49.10493,5.385247,6.75532,1.67457,0.3183185,0.2976701,0.09850764
281,0.016733,1,100,0,92.26652,0,100,49.10456,0,0,135,0.02229593,0.1933673,-0.9808731,-0.07365274,0.9787686,0.1912783,0.9970348,0.06797927,0.03606459,286.1093,-48.48287,-157.7356,50.30201,3.195085,1.461576,50.42457,5.49534,9.703439,1.297702,0.3156019,0.4364357,0.07029655
282,0.016585,1,100,0,100.559,0,100,50.42277,0,0,135,0.03034746,0.1929189,-0.9807453,-0.07885497,0.978601,0.1900571,0.996424,0.07156889,0.04491067,286.9509,-48.42731,-157.7111,51.63721,3.65984,1.510649,51.78878,5.684794,12.63189,0.9982432,0.3179331,0.5739785,0.04674774
283,0.016687,1,100,0,85.12354,0,100,51.78233,0,0,135,0.04053352,0.1930307,-0.9803553,-0.08419596,0.9783319,0.1891512,0.9956248,0.074875,0.05590764,287.8201,-48.36377,-157.6852,52.98867,4.105096,1.636152,53.17262,6.032948,14.9225,0.7100528,0.3323627,0.6810342,0.02442832
284,0.016643,1,100,0,93.44505,0,100,53.15568,0,0,135,0.05244617,0.1936785,-0.9796622,-0.08969576,0.9779608,0.1885403,0.9945875,0.07798333,0.06866244,288.7094,-48.29279,-157.6568,54.31042,4.585704,1.856079,54.53526,6.18114,17.27061,0.4243611,0.3337363,0.7915483,0.002041081
285,0.016686,1,100,0,101.788,0,100,54.50151,0,0,135,0.0661962,0.1948823,-0.9785904,-0.09516314,0.9775042,0.1882287,0.9932587,0.08066572,0.08325267,289.6228,-48.21349,-157.6241,55.60403,5.085664,2.173132,55.87839,6.100361,19.68412,0.1291158,0.3201179,0.9060209,-0.02108293
286,0.016682,1,100,0,86.35719,0,100,55.82034,0,0,135,0.08162295,0.196632,-0.977074,-0.1003924,0.976981,0.1882267,0.9915941,0.0827272,0.09948444,290.5574,-48.12587,-157.5855,56.86655,5.587202,2.595443,57.19928,5.8952,21.48446,-0.1588995,0.3003941,0.9921238,-0.0427928
287,0.016684,1,100,0,94.6992,0,100,57.10896,0,0,135,0.09843546,0.1988817,-0.9750676,-0.1052919,0.9764077,0.1885255,0.9895577,0.08410917,0.1170538,291.5131,-48.02994,-157.5393,58.09604,6.075551,3.126895,58.4965,5.597191,23.38957,-0.4374115,0.2741072,1.083556,-0.06385346
288,0.016675,1,100,0,103.0367,0,100,58.36641,0,0,135,0.1166919,0.2016152,-0.9724888,-0.109773,0.9757972,0.1891291,0.9870831,0.08468321,0.1359995,292.4884,-47.92606,-157.4836,59.28911,6.536878,3.768505,59.76731,5.23823,25.38899,-0.7040656,0.2432669,1.179721,-0.08399042
289,0.016886,1,100,0,87.41714,0,100,59.58936,0,0,135,0.1365393,0.2048307,-0.9692273,-0.113847,0.9751523,0.1900448,0.9840711,0.08439502,0.1564659,293.4962,-47.81327,-157.4157,60.45784,6.964419,4.532414,61.0262,4.841439,26.82236,-0.9601747,0.2116314,1.249403,-0.1022216
290,0.016481,1,100,0,95.65765,0,100,60.79175,0,0,135,0.1569599,0.2083355,-0.9653808,-0.1173685,0.9745046,0.1912217,0.9806063,0.08329115,0.1774102,294.4986,-47.69646,-157.3363,61.55666,7.332097,5.391184,62.22578,4.443256,28.3513,-1.194612,0.1792685,1.323638,-0.1187759
291,0.016687,1,100,0,104.0011,0,100,61.93,0,0,135,0.178767,0.2122166,-0.9607323,-0.1204738,0.9738355,0.1926939,0.9764881,0.0812958,0.1996562,295.5318,-47.57236,-157.2409,62.62382,7.647041,6.371852,63.40994,4.04832,30.02494,-1.414943,0.1462091,1.404751,-0.1341007
292,0.016834,1,100,0,88.4297,0,100,63.04527,0,0,135,0.2018069,0.2164049,-0.9552189,-0.1233451,0.9731357,0.1944052,0.9716278,0.07858925,0.223078,296.5919,-47.4417,-157.1273,63.67458,7.988112,7.503348,64.61086,4.204775,31.15049,-1.604847,0.1497109,1.457971,-0.1463872
293,0.016537,1,100,0,96.6982,0,100,64.16961,0,0,135,0.2251758,0.2207133,-0.9489897,-0.1262693,0.9724005,0.196197,0.9661013,0.07564942,0.2468304,297.6503,-47.30796,-156.9965,64.64793,8.283961,8.731068,65.75874,4.267232,32.4122,-1.775124,0.146504,1.517999,-0.1573278
294,0.01675,1,100,0,105.0732,0,100,65.23823,0,0,135,0.2496794,0.2252469,-0.9417665,-0.1292401,0.9716195,0.1981231,0.9596653,0.07224675,0.2717043,298.7384,-47.16779,-156.8428,65.56982,8.534864,10.08607,66.88778,4.262124,33.83891,-1.930713,0.1380572,1.586135,-0.1671094
295,0.016613,1,100,0,89.70617,0,100,66.28213,0,0,135,0.2747279,0.2298631,-0.9336421,-0.1321363,0.9708174,0.200134,0.9523994,0.06838564,0.2970838,299.8324,-47.02493,-156.6672,66.41504,8.726494,11.53841,67.97237,4.209302,34.72483,-2.067322,0.1284695,1.628909,-0.1745701
296,0.016679,1,100,0,98.04567,0,100,67.27829,0,0,135,0.3003687,0.2345494,-0.9245351,-0.1349654,0.9699928,0.2022333,0.944226,0.06403565,0.3230115,300.9445,-46.87865,-156.4661,67.18938,8.855255,13.10065,69.02504,4.123315,35.79171,-2.186288,0.1158697,1.680411,-0.1806689
297,0.016681,1,100,0,106.3862,0,100,68.24068,0,0,135,0.3266037,0.2392487,-0.9143797,-0.137659,0.9691573,0.2044115,0.935083,0.05911105,0.349465,302.0692,-46.73066,-156.2384,67.88213,8.90291,14.75957,70.03635,3.973238,37.02063,-2.277108,0.09837656,1.73987,-0.1845834
298,0.016688,1,100,0,90.94977,0,100,69.15964,0,0,135,0.3533567,0.2438968,-0.9031354,-0.1401759,0.9683204,0.2066558,0.9249271,0.05357461,0.376351,303.2054,-46.58221,-155.9823,68.49097,8.876054,16.51267,71.01032,3.830643,37.73114,-2.349209,0.08337913,1.774766,-0.1862071
299,0.016684,1,100,0,99.29177,0,91.658,70.03925,0,0,135,0.3803401,0.2484189,-0.8908589,-0.1425365,0.9674867,0.2089328,0.9137971,0.0475144,0.4033828,304.3509,-46.43474,-155.6964,68.97707,8.762123,18.38392,71.92065,3.699119,38.53429,-2.402577,0.06865973,1.814023,-0.1862258
300,0.016675,1,100,0,107.6293,0,83.3205,70.86313,0,0,135,0.4075586,0.2527754,-0.8774968,-0.1448831,0.9666529,0.2111662,0.9016125,0.04107186,0.4305906,305.5032,-46.28921,-155.3787,69.35283,8.654597,20.39241,72.80499,4.021248,39.41791,-2.456286,0.08215769,1.855174,-0.1859815
301,0.01668,1,100,0,92.20027,0,74.9805,71.66561,0,0,135,0.4348671,0.256942,-0.8630594,-0.1474852,0.9658085,0.2132186,0.8883349,0.0345667,0.4578935,306.6614,-46.14576,-155.0269,69.59072,8.487462,22.50346,73.62955,4.266905,39.70855,-2.49518,0.09344606,1.868512,-0.1841657
302,0.016681,1,100,0,100.5408,0,66.64,72.41744,0,0,135,0.461972,0.2608787,-0.8476581,-0.1502789,0.9649647,0.2150797,0.8740699,0.02802433,0.4849912,307.8229,-46.00544,-154.6393,69.68689,8.258201,24.70318,74.39561,4.444319,40.11872,-2.519533,0.1000113,1.887817,-0.1813615
303,0.016848,1,100,0,84.95638,0,58.216,73.12347,0,0,135,0.4890316,0.2645956,-0.8311661,-0.1532268,0.964123,0.2167677,0.8587022,0.02135064,0.5120297,308.9968,-45.86794,-154.2102,69.63837,7.963038,26.99883,75.11225,4.56758,39.96291,-2.530075,0.1058357,1.880455,-0.1772628
304,0.016515,1,100,0,93.21387,0,49.9585,73.79285,0,0,135,0.5150037,0.2679605,-0.8142288,-0.1561971,0.9633164,0.2182294,0.8428369,0.01479118,0.5379661,310.146,-45.73834,-153.7516,69.44967,7.612006,29.30552,75.76287,4.639465,39.95939,-2.526701,0.1079911,1.880531,-0.1724163
305,0.016682,1,100,0,101.5549,0,41.6175,74.4127,0,0,135,0.5407659,0.2710545,-0.7963049,-0.1591791,0.9625303,0.2195384,0.8259745,0.008036211,0.5636498,311.3028,-45.61385,-153.2496,69.11346,7.160464,31.66784,76.35964,4.571765,40.09304,-2.475243,0.1009298,1.887757,-0.1643587
306,0.016843,1,100,0,85.97511,0,33.196,74.99307,0,0,135,0.5662206,0.2738209,-0.7774423,-0.1620678,0.9617803,0.2207101,0.8081637,0.001027778,0.5889573,312.4643,-45.49614,-152.7027,68.63512,6.64105,34.0768,76.91627,4.500874,39.67491,-2.411312,0.09648027,1.868706,-0.1552855
307,0.016518,1,100,0,94.23411,0,24.937,75.54501,0,0,135,0.5904285,0.2761684,-0.7583702,-0.1647861,0.961091,0.2216973,0.7900885,-0.005927503,0.6129643,313.5948,-45.38955,-152.1267,68.03517,6.07444,36.4487,77.42216,4.426718,39.42983,-2.337538,0.09134077,1.857868,-0.1457062
308,0.016684,1,100,0,102.5761,0,16.595,76.05956,0,0,135,0.6142023,0.2781813,-0.738492,-0.1675195,0.9604414,0.2224615,0.7711629,-0.01292455,0.6365061,314.726,-45.29103,-151.5051,67.31479,5.56294,38.87877,77.93449,4.770141,39.3334,-2.30682,0.1119429,1.852102,-0.1388617
309,0.016682,1,100,0,87.14526,0,8.254001,76.58534,0,0,135,0.6372114,0.2798765,-0.7180743,-0.1704558,0.959836,0.2228448,0.7516026,-0.01959929,0.659325,315.8442,-45.20118,-150.8431,66.45033,5.028784,41.28536,78.3927,5.025555,38.70873,-2.269012,0.1297711,1.821525,-0.1319721
310,0.016677,1,100,0,71.71904,0,0,77.06615,0,0,135,0.6591482,0.2812773,-0.6974287,-0.1735396,0.9592777,0.2228682,0.7317156,-0.02587166,0.6811188,316.9471,-45.1204,-150.1412,65.48224,4.472421,43.68227,78.84204,5.197957,37.59998,-2.224552,0.1449504,1.768199,-0.1252795
311,0.016685,1,100,0,63.37654,0,0,77.55148,0,0,135,0.6798401,0.2824172,-0.6767998,-0.1767194,0.9587677,0.2225644,0.7117498,-0.03170454,0.7017173,318.034,-45.04889,-149.3993,64.45329,3.909394,46.0244,79.29536,5.293331,36.35061,-2.173783,0.1561981,1.708476,-0.1187839
312,0.016653,1,100,0,55.05004,0,0,78.04678,0,0,135,0.699205,0.2833238,-0.6563843,-0.1799289,0.9583064,0.2219794,0.6919093,-0.03710662,0.7210307,319.1015,-44.98692,-148.6202,63.37471,3.341703,48.30125,79.75294,5.320475,34.97591,-2.117153,0.1639684,1.643041,-0.1125183
313,0.016682,1,100,0,46.70904,0,0,78.55223,0,0,135,0.7173017,0.2840076,-0.6362532,-0.1830846,0.9578948,0.2211738,0.6722786,-0.04216016,0.739097,320.1525,-44.93462,-147.8022,62.24343,2.720605,50.50642,80.20315,5.158996,33.4809,-1.989238,0.1606901,1.572766,-0.1022738
314,0.016683,1,100,0,38.36754,0,0,79.05937,0,0,135,0.7341046,0.2844484,-0.616587,-0.1860574,0.9575413,0.2202211,0.6530491,-0.04694473,0.7558592,321.1845,-44.89273,-146.9477,61.08323,2.089191,52.63953,80.66254,4.979057,31.8778,-1.85734,0.1569566,1.497366,-0.09228617
315,0.01668,1,100,0,30.02754,0,0,79.58034,0,0,135,0.7496096,0.2846853,-0.5975279,-0.1888871,0.9572432,0.2191052,0.6343555,-0.05137802,0.7713321,322.197,-44.86118,-146.0581,59.90945,1.495948,54.71425,81.14819,4.950501,30.1759,-1.756067,0.1633167,1.416438,-0.08476919
316,0.016692,1,100,0,21.68154,0,0,80.1299,0,0,135,0.7638347,0.2847744,-0.5791891,-0.1916562,0.9569958,0.2177774,0.6162989,-0.05534074,0.7855654,323.1905,-44.83946,-145.1336,58.72317,0.9097774,56.71716,81.64603,4.872277,28.3818,-1.652027,0.167102,1.331302,-0.07767586
317,0.016946,1,100,0,13.20854,0,0,80.69571,0,0,135,0.7769759,0.2847501,-0.5614497,-0.1944464,0.9567975,0.216169,0.5987478,-0.05878618,0.7987773,324.1788,-44.82693,-144.1612,57.51705,0.3967745,58.70795,82.18876,5.068248,26.47197,-1.5518,0.1886886,1.23926,-0.07135469
318,0.016415,1,100,0,5.001041,0,0,81.30946,0,0,135,0.7884692,0.2846579,-0.5452396,-0.197226,0.9566615,0.2142446,0.5825961,-0.06138989,0.81044,325.1167,-44.82297,-143.1874,56.35532,-0.06876164,60.56426,82.7282,5.155344,24.55349,-1.453711,0.2035226,1.147291,-0.06580751
319,0.01668,1,100,0,-3.338959,0,0,81.92031,0,0,134.4611,0.7989476,0.2845291,-0.5298358,-0.2000665,0.9565701,0.2120079,0.5671475,-0.06338079,0.8211741,326.1312,-44.77688,-142.3373,65.68201,7.031144,34.4249,83.28978,2.464424,13.78465,-4.845906,0.08606156,0.6418595,-0.2946251
320,0.016734,1,100,0,-11.70596,0,0,65.07458,0,0,134.3898,0.8037953,0.2885107,-0.5202642,-0.2048501,0.9552788,0.2132581,0.5585246,-0.06483967,0.8269501,327.2377,-44.64863,-141.8059,62.10856,7.02303,30.98345,72.54898,1.85618,11.05283,-5.361149,0.06020653,0.5138919,-0.3304534
321,0.016706,1,100,0,-20.05896,15.0354,0,59.85556,0,0,134.3508,0.8072004,0.2931633,-0.5123308,-0.2098751,0.9537748,0.2150964,0.5517066,-0.06610044,0.8314151,328.2694,-44.52932,-141.3033,58.07711,6.58912,29.17353,67.84146,1.460381,8.742247,-5.606297,0.04591843,0.4052277,-0.3486238
322,0.016722,1,100,0,-28.41996,30.0852,0,55.8613,0,0,134.3209,0.8094473,0.2982027,-0.5058364,-0.2150238,0.9521435,0.2172271,0.5464066,-0.06706707,0.8348306,329.2347,-44.41788,-140.827,54.35149,6.153865,27.63643,63.6697,1.139673,6.38566,-5.754776,0.03691744,0.2939494,-0.3607682
323,0.016687,1,100,0,-36.76346,45.1035,0,52.35703,0,0,134.3267,0.810561,0.3035178,-0.5008673,-0.2202213,0.9504207,0.2195528,0.5426728,-0.06765933,0.837215,330.1251,-44.3214,-140.3511,50.29151,5.274606,27.8941,59.89671,0.9576459,4.494061,-5.588996,0.03468886,0.2044781,-0.3523175
324,0.016688,1,100,0,-45.10746,60.1227,0,50.28831,0,0,134.2748,0.8108234,0.3087859,-0.497209,-0.2253492,0.9487181,0.2217023,0.5401697,-0.06771579,0.8388275,331.0309,-44.19316,-140.0276,46.34855,5.092807,24.82686,56.88855,1.301766,2.383752,-5.543494,0.06673792,0.1014687,-0.3516881
325,0.016672,1,100,0,-53.44346,75.12749,0,45.51668,0,0,134.3415,0.8101127,0.3141368,-0.4950107,-0.230722,0.947027,0.2233996,0.5389665,-0.06676898,0.8396769,331.789,-44.11442,-139.5962,43.70879,3.979892,27.97535,52.04726,1.832657,0.2251263,-5.114296,0.1111552,-0.004630587,-0.3264955
326,0.016673,1,100,0,-61.77996,90.13319,0,46.78209,0,0,134.2918,0.8084896,0.319196,-0.4944274,-0.2361499,0.9454886,0.224242,0.5390527,-0.06453833,0.8397959,332.5409,-44.03371,-139.1814,42.90335,4.46253,24.42847,51.88141,2.83234,-3.384878,-4.136388,0.1930947,-0.1828147,-0.2674851
327,0.016692,1,100,0,-70.12596,100,0,43.35409,0,0,134.2921,0.8054751,0.3235005,-0.4965455,-0.2414651,0.9443145,0.2235285,0.5412067,-0.0601482,0.8387359,333.2569,-43.95795,-138.7807,40.71976,4.144756,23.55019,49.16008,3.449537,-6.015777,-3.457989,0.2462213,-0.3123677,-0.226332
328,0.016814,1,100,0,-78.53296,100,0,41.54089,0,0,134.2986,0.8013962,0.3272762,-0.5006542,-0.246696,0.9433711,0.2217932,0.5448903,-0.05423485,0.8367517,333.9404,-43.8876,-138.389,38.6031,3.80952,22.88398,46.92153,3.829625,-8.573286,-2.798076,0.2844326,-0.4373149,-0.185817
329,0.016554,1,100,0,-86.80996,100,0,39.97606,0,0,134.3085,0.7963827,0.3304207,-0.5065538,-0.251617,0.9426532,0.2193028,0.5499668,-0.04719138,0.8338521,334.5788,-43.82375,-138.0139,36.64119,3.50664,22.29981,44.87439,3.991485,-11.03462,-2.163092,0.3087038,-0.5566033,-0.1462058
330,0.016685,1,100,0,-95.15246,100,0,38.5807,0,0,134.3224,0.7903385,0.3329849,-0.5142824,-0.2562488,0.9421219,0.2162023,0.5565088,-0.03908874,0.8299221,335.19,-43.76427,-137.6451,34.81225,3.234874,21.80706,43.007,3.958318,-13.48586,-1.539526,0.3208985,-0.6744597,-0.1065706
331,0.016894,1,100,0,-103.5995,100,0,37.34504,0,0,134.3403,0.7831915,0.3349261,-0.5238663,-0.2605129,0.9417652,0.212631,0.5645747,-0.03005683,0.8248351,335.7785,-43.70843,-137.2796,33.11209,2.996518,21.40696,41.31217,3.746554,-15.94619,-0.9284709,0.3220746,-0.7918695,-0.06686732
332,0.016471,1,100,0,-88.36378,100,0,36.2614,0,0,134.3595,0.775296,0.3361357,-0.5347232,-0.2641757,0.9415867,0.208868,0.5736963,-0.02067368,0.8188074,336.3251,-43.65762,-136.9301,31.59739,2.807916,20.99457,39.77039,3.450928,-17.68134,-0.3398858,0.3138741,-0.8738559,-0.02748576
333,0.016687,1,100,0,-96.70728,100,0,35.25976,0,0,134.3825,0.7665335,0.3366317,-0.5469055,-0.2673228,0.941574,0.2048833,0.5839221,-0.01084964,0.8117373,336.854,-43.60911,-136.5826,30.19709,2.648458,20.6726,38.38461,3.038499,-19.47983,0.2283393,0.2986007,-0.958301,0.01129149
334,0.016683,1,100,0,-105.0488,100,0,34.38474,0,0,134.4202,0.7569425,0.3363837,-0.5602537,-0.2698856,0.9417248,0.2007894,0.5951471,-0.0007816255,0.8036166,337.3573,-43.5647,-136.2344,28.5232,2.297013,21.242,37.14929,2.587748,-20.99007,0.6516178,0.2790668,-1.028645,0.04150745
335,0.016682,1,100,0,-89.61794,100,0,34.04412,0,0,134.4869,0.7466857,0.3354943,-0.5743728,-0.2719153,0.9419966,0.1967348,0.6070606,0.009281665,0.7946014,337.8297,-43.52781,-135.8697,27.90607,2.044549,23.09155,36.27877,1.906641,-22.16585,1.040974,0.2430748,-1.081549,0.07007243
336,0.016682,1,100,0,-97.95894,100,0,35.30824,0,0,134.5536,0.7357782,0.3339748,-0.5891446,-0.2732997,0.942389,0.1929004,0.6196272,0.01908113,0.7846645,338.2932,-43.49457,-135.4751,27.55168,1.891518,24.78065,37.10463,1.248955,-23.49496,1.409768,0.209089,-1.141998,0.0977409
337,0.016687,1,100,0,-106.3024,100,0,36.55236,0,0,134.6204,0.7241033,0.3318226,-0.6046224,-0.2740304,0.9429078,0.1892946,0.6329154,0.02861609,0.7736921,338.7522,-43.46318,-135.053,27.42966,1.86197,26.33827,38.07306,0.4329806,-24.9657,1.754855,0.1656945,-1.208387,0.1243853
338,0.016677,1,100,0,-90.87621,100,0,37.79165,0,0,134.6118,0.7116735,0.3290485,-0.6206834,-0.2740508,0.9435588,0.1859916,0.6468516,0.03773347,0.7616818,339.2316,-43.42043,-134.6441,28.17612,2.713923,23.57839,39.13064,-0.7909737,-26.95748,1.598451,0.09949527,-1.297329,0.1196855
339,0.016686,1,100,0,-99.21922,100,0,36.28741,0,0,134.6409,0.6979358,0.3261078,-0.6376044,-0.2735019,0.9441985,0.1835366,0.6618778,0.04628925,0.748181,339.7123,-43.36951,-134.2617,27.6307,2.862308,23.02687,37.79618,-1.718717,-28.06448,1.754125,0.0464734,-1.345438,0.1346768
340,0.016685,1,100,0,-107.5617,100,0,35.64891,0,0,134.6766,0.6833646,0.3227161,-0.6548795,-0.272276,0.9449396,0.1815349,0.6774058,0.05425342,0.7336062,340.1797,-43.31856,-133.8804,26.95268,2.901049,22.86465,37.05978,-2.493515,-29.11228,1.956206,0.002246291,-1.39155,0.1526445
341,0.016686,1,100,0,-92.12717,100,0,35.18894,0,0,134.7128,0.6680778,0.3188413,-0.6723187,-0.270411,0.9458003,0.1798324,0.6932172,0.06166038,0.7180864,340.6362,-43.26709,-133.5018,26.42934,2.970285,22.60027,36.47838,-3.158542,-29.65455,2.127793,-0.03826944,-1.413832,0.1681485
342,0.016772,1,100,0,-100.5132,100,0,34.73337,0,0,134.7524,0.6521003,0.3145132,-0.6898164,-0.2679672,0.9467751,0.1783544,0.7091959,0.06854326,0.7016715,341.0858,-43.21461,-133.1241,25.90869,3.000398,22.49271,35.94485,-3.689243,-30.28737,2.309431,-0.07029418,-1.441181,0.1842567
343,0.016594,1,100,0,-85.16372,100,0,34.36248,0,0,134.7925,0.6357425,0.3098117,-0.7069995,-0.2650587,0.9478461,0.1770082,0.7249659,0.07486469,0.6847043,341.5218,-43.16244,-132.7516,25.4747,3.03556,22.36206,35.4937,-4.101428,-30.39961,2.47188,-0.09797359,-1.444056,0.1983068
344,0.016684,1,100,0,-93.50572,100,0,34.00694,0,0,134.8344,0.6188856,0.3047144,-0.723968,-0.26172,0.9490157,0.1757039,0.7405966,0.08073629,0.667082,341.9529,-43.10963,-132.3785,25.09548,3.058396,22.27012,35.10221,-4.399564,-30.6817,2.624678,-0.1179195,-1.455663,0.2117248
345,0.016754,1,100,0,-101.8827,91.623,0,33.68855,0,0,134.8776,0.601443,0.2992302,-0.7407615,-0.2580469,0.950271,0.1743466,0.7560939,0.08629164,0.6487492,342.3792,-43.05655,-132.0044,24.75563,3.064792,22.20832,34.7593,-4.596003,-31.06829,2.767266,-0.1312612,-1.472769,0.224492
346,0.016608,1,100,0,-86.52032,83.319,0,33.38968,0,0,134.9207,0.5837029,0.2934598,-0.7570816,-0.2541648,0.951582,0.1728933,0.7711624,0.09150516,0.6300282,342.796,-43.00403,-131.6343,24.48726,3.075927,22.0836,34.44363,-4.706242,-30.91886,2.884738,-0.1421092,-1.464521,0.2346716
347,0.016681,1,100,0,-94.86082,74.9785,0,33.07841,0,0,134.9646,0.5656082,0.287391,-0.7729773,-0.250095,0.9529471,0.1713021,0.7858372,0.09642787,0.6108698,343.21,-42.95137,-131.264,24.25251,3.072115,21.9684,34.14648,-4.731351,-30.91255,2.988551,-0.1470665,-1.463533,0.2439868
348,0.016686,1,100,0,-103.2038,66.6355,0,32.7746,0,0,135,0.5471515,0.2810431,-0.7884417,-0.2458909,0.9543547,0.1695435,0.8001021,0.1011046,0.5912825,343.6199,-42.89917,-130.8951,25.20356,3.243311,22.37079,33.85544,-4.657574,-31.43807,3.079973,-0.1434299,-1.48845,0.2532366
349,0.016684,1,100,0,-87.77113,58.2935,0,33.72079,0,0,135,0.5281424,0.2744169,-0.8035926,-0.2416812,0.9557813,0.1675481,0.8140367,0.1057239,0.57111,344.0461,-42.84399,-130.5202,26.23073,3.434725,22.67184,34.84051,-4.631214,-31.45313,3.132566,-0.1453914,-1.488605,0.2591602
350,0.016685,1,100,0,-96.11362,49.951,0,34.66402,0,0,135,0.508749,0.2675813,-0.8182755,-0.2374679,0.957215,0.1653737,0.8275165,0.1101805,0.5505242,344.4899,-42.78556,-130.1408,27.32406,3.637625,22.87115,35.81796,-4.547188,-31.66408,3.151884,-0.142936,-1.498323,0.2632052
351,0.016631,1,100,0,-104.4291,41.6355,0,35.60303,0,0,135,0.4889114,0.2605736,-0.8325066,-0.2333363,0.9586341,0.1630185,0.8405476,0.1145524,0.5294884,344.9507,-42.72392,-129.7598,28.4697,3.84364,22.96927,36.78158,-4.442018,-32.05034,3.139424,-0.1384905,-1.51643,0.265534
352,0.016685,1,100,0,-88.9955,33.293,0,36.53239,0,0,135,0.4685318,0.2533732,-0.8463334,-0.2293404,0.960031,0.1604484,0.8531597,0.1189233,0.5079137,345.4323,-42.65842,-129.3764,29.66661,4.090118,22.98919,37.75367,-4.147993,-31.93095,3.133915,-0.1245385,-1.511231,0.2672333
353,0.016844,1,100,0,-97.4175,24.871,0,37.47329,0,0,134.8738,0.4476584,0.2459689,-0.8597102,-0.2255754,0.9613936,0.1576022,0.8652851,0.1233776,0.4858604,345.9976,-42.55662,-129.0943,33.02069,5.902896,16.19107,38.72433,-3.9729,-28.29292,2.159106,-0.1324335,-1.335837,0.199712
354,0.016574,1,100,0,-82.08655,16.584,0,37.16719,0,0,134.8933,0.4291396,0.2400294,-0.8707613,-0.2223191,0.962455,0.1557391,0.8754506,0.126753,0.4663907,346.5751,-42.44485,-128.8683,33.59501,6.219247,14.37742,38.24662,-3.777656,-26.80847,1.813942,-0.1289902,-1.264705,0.176035
355,0.016738,1,100,0,-66.6039,8.215,0,36.90457,0,0,134.9603,0.4112515,0.2345113,-0.8808387,-0.2192947,0.9634109,0.1541093,0.8847499,0.1297856,0.4476312,347.1412,-42.34116,-128.6222,34.26821,6.147123,15.35667,38.05161,-3.398828,-26.36882,1.773039,-0.1094271,-1.244783,0.1736707
356,0.016925,1,100,0,-58.1414,0,0,37.99073,0,0,134.9687,0.3933138,0.2289629,-0.8904383,-0.2165828,0.9643128,0.1522923,0.8935304,0.132955,0.428867,347.7464,-42.22649,-128.3952,34.32299,6.165935,14.50623,39.0913,-3.165096,-24.82655,1.552525,-0.1031755,-1.171467,0.1574209
357,0.016462,1,100,0,-49.9104,0,0,37.70967,0,0,134.9743,0.3767347,0.223931,-0.8988469,-0.2141797,0.965104,0.1506684,0.9012201,0.1357528,0.4115497,348.3186,-42.12361,-128.1573,34.01479,6.007501,14.29099,38.77965,-2.927658,-23.56585,1.422728,-0.09514154,-1.111839,0.1472918
358,0.016675,1,100,0,-41.5729,0,0,37.3518,0,0,135,0.3606873,0.2190901,-0.9065894,-0.2119679,0.9658394,0.1490771,0.9082811,0.1383976,0.394806,348.8906,-42.02331,-127.9156,34.88395,6.031248,14.90453,38.41108,-2.503938,-22.6516,1.342522,-0.07374566,-1.069531,0.1408647
359,0.016668,1,100,0,-33.2389,0,0,38.40355,0,0,135,0.3451751,0.2144133,-0.9137183,-0.210144,0.9664935,0.1474116,0.9147099,0.1411296,0.3786672,349.4773,-41.92243,-127.6646,35.83101,6.095684,15.36091,39.45854,-2.091569,-21.58162,1.250136,-0.0534018,-1.019788,0.1332354
360,0.016679,1,100,0,-24.8994,0,0,39.45194,0,0,135,0.3303104,0.2099353,-0.9202294,-0.2086959,0.967065,0.1457101,0.9205114,0.1439186,0.3632443,350.0805,-41.82021,-127.4066,36.84076,6.194799,15.68554,40.51732,-1.69514,-20.36778,1.146651,-0.03431986,-0.9631624,0.1244668
361,0.016683,1,100,0,-16.5579,0,0,40.50157,0,0,135,0.3162209,0.205697,-0.9261173,-0.2076091,0.9675532,0.1440125,0.9256907,0.1467307,0.3486651,350.701,-41.71615,-127.1437,37.89949,6.323714,15.90047,41.58348,-1.319465,-19.02258,1.033322,-0.01672986,-0.9002354,0.1146381
362,0.01668,1,100,0,-8.217899,0,0,41.55503,0,0,135,0.3030243,0.2017377,-0.931385,-0.2068628,0.9679577,0.1423569,0.9302601,0.1495313,0.3350467,351.3393,-41.60981,-126.8777,38.99578,6.478451,16.02582,42.65523,-0.9685333,-17.55769,0.9114742,-0.0008239889,-0.8315517,0.1038349
363,0.016688,1,100,0,0.1261005,0,15.0192,42.61435,0,0,135,0.2908397,0.1980901,-0.9360409,-0.2064888,0.9682723,0.1407524,0.9342241,0.1523456,0.3225154,351.9964,-41.50093,-126.61,40.13594,6.616371,16.07829,43.73993,-0.4589775,-15.87506,0.8018699,0.02468649,-0.7531481,0.09301424
364,0.016675,1,100,0,8.4636,0,30.0267,43.68944,0,0,135,0.2798516,0.1947949,-0.9400733,-0.2065655,0.9684818,0.1391888,0.9375572,0.1552345,0.3112691,352.6722,-41.38969,-126.3418,41.31951,6.780247,16.08563,44.85556,-0.002914729,-13.99019,0.6876447,0.04644118,-0.6649808,0.0812377
365,0.016684,1,100,0,16.8056,0,45.0423,44.79889,0,0,135,0.2702113,0.1919032,-0.9434823,-0.2069911,0.9685995,0.1377302,0.9402874,0.1580762,0.3014488,353.3684,-41.27577,-126.0736,42.5385,6.924868,16.05019,45.99007,0.2610639,-11.9118,0.549824,0.055692,-0.5669465,0.06733496
366,0.016684,1,100,0,25.1476,0,60.0579,45.93138,0,0,135,0.2620888,0.1894638,-0.9462627,-0.2075512,0.9686593,0.1364621,0.9424608,0.1606327,0.2931981,354.0851,-41.15913,-125.806,43.7923,7.123959,16.01882,47.17117,0.2834846,-9.651285,0.4582363,0.04928202,-0.4596183,0.05574987
367,0.016844,1,100,0,33.5696,0,75.2175,47.11356,0,0,135,0.2555862,0.1874765,-0.9484347,-0.2080565,0.9686978,0.1354144,0.9441336,0.1627179,0.2865915,354.83,-41.03791,-125.5364,45.09045,7.342376,15.98483,48.40014,0.254256,-7.190543,0.3616721,0.03919535,-0.3426231,0.0430571
368,0.016518,1,100,0,41.8286,0,90.0837,48.34726,0,0,135,0.2510095,0.1860426,-0.9499383,-0.2084394,0.9687231,0.134644,0.9452767,0.1642077,0.2819373,355.582,-40.91536,-125.2724,46.39344,7.572122,15.96238,49.64359,0.1828213,-4.618968,0.2644581,0.02628555,-0.2202413,0.02980909
369,0.016678,1,100,0,50.1676,0,100,49.59843,0,0,135,0.2483031,0.1851285,-0.9508276,-0.2087376,0.9687336,0.1341042,0.9459252,0.165175,0.2791828,356.3632,-40.78745,-125.0061,47.72954,7.864672,15.98264,50.94513,0.3009301,-1.903822,0.2250481,0.02506384,-0.09182888,0.01957734
370,0.016836,1,100,0,58.5856,0,100,50.90969,0,0,135,0.2475931,0.1847327,-0.9510897,-0.2090589,0.9687157,0.1337328,0.9460403,0.1657225,0.2784673,357.1742,-40.65333,-124.7368,49.06056,8.170488,16.02764,52.25496,0.4074228,0.8673486,0.1836807,0.02300535,0.03928293,0.008983099
371,0.016486,1,100,0,66.8286,0,100,52.23047,0,0,135,0.248899,0.1848566,-0.9507246,-0.2093886,0.9686725,0.1335286,0.9456244,0.1658358,0.2798084,357.99,-40.51699,-124.472,50.34374,8.467763,16.11618,53.53435,0.535121,3.60139,0.1831604,0.02239405,0.1684559,0.001057805
372,0.016671,1,100,0,75.1641,0,100,53.51997,0,0,135,0.2522402,0.1854703,-0.9497241,-0.2097407,0.9686071,0.1334522,0.9446609,0.1655337,0.2832223,358.8364,-40.37414,-124.2026,51.61874,8.771421,16.25445,54.82371,0.652472,6.392153,0.181641,0.02087861,0.3003615,-0.007051272
373,0.016681,1,100,0,83.5046,0,100,54.81779,0,0,135,0.2576335,0.1865779,-0.9480579,-0.2100991,0.9685212,0.1335109,0.9431244,0.1647892,0.2887233,359.7044,-40.22614,-123.9304,52.86865,9.074306,16.4541,56.1086,0.7602642,9.20631,0.1798914,0.01854229,0.4334188,-0.01513516
374,0.016684,1,100,0,91.8466,0,100,56.10774,0,0,135,0.2650855,0.1881755,-0.9456849,-0.2104528,0.9684175,0.1337067,0.9409782,0.1635783,0.2963155,360.5933,-40.07309,-123.6544,54.08958,9.372011,16.7266,57.38725,0.8608935,12.04079,0.1786782,0.01547401,0.5674753,-0.02306685
375,0.016686,1,100,0,100.1896,0,100,57.38652,0,0,135,0.2745973,0.1902531,-0.9425498,-0.2107926,0.9682975,0.1340391,0.9381701,0.1618758,0.3059958,361.5024,-39.9151,-123.3733,55.2776,9.660112,17.08281,58.65794,0.956928,14.89369,0.1787187,0.0117713,0.7024336,-0.03072009
376,0.016684,1,100,0,84.7569,0,100,58.6508,0,0,135,0.2859995,0.1927567,-0.9386422,-0.2111198,0.9681634,0.1344919,0.9346833,0.1597013,0.317589,362.431,-39.7524,-123.0858,56.42799,9.934016,17.53271,59.91826,1.050934,17.09637,0.1806954,0.009762373,0.8065838,-0.03614331
377,0.016687,1,100,0,93.1004,0,100,59.89697,0,0,135,0.2989756,0.1955941,-0.9340003,-0.2114604,0.9680144,0.1350283,0.9305364,0.1571339,0.3307731,363.3788,-39.58517,-122.7902,57.53861,10.19648,18.08724,61.17033,1.192791,19.37007,0.1901621,0.01024082,0.9139373,-0.0410089
378,0.016676,1,100,0,101.4384,0,100,61.12676,0,0,135,0.3135398,0.1987489,-0.9285429,-0.2118348,0.9678482,0.135632,0.9256452,0.1541716,0.3455609,364.3443,-39.41377,-122.4849,58.60135,10.44008,18.74737,62.40654,1.324918,21.70664,0.2020889,0.009540189,1.024316,-0.0455262
379,0.016653,1,100,0,86.03438,0,100,62.33198,0,0,135,0.3295354,0.2021662,-0.9222447,-0.2122351,0.9676683,0.1362879,0.9199798,0.150821,0.3617877,365.3258,-39.23868,-122.1684,59.61039,10.6605,19.51661,63.62344,1.450276,23.43456,0.2167512,0.01016191,1.105864,-0.04787925
380,0.016681,1,100,0,94.37488,0,100,63.50905,0,0,135,0.3467179,0.2057711,-0.9151203,-0.2126645,0.9674778,0.1369704,0.9135431,0.1471235,0.3792021,366.3254,-39.05976,-121.838,60.56364,10.85454,20.3997,64.82225,1.567619,25.27477,0.2344611,0.009586615,1.192774,-0.04996317
381,0.016846,1,100,0,102.7979,0,100,64.66006,0,0,135,0.3652926,0.2095858,-0.9069924,-0.2131096,0.9672782,0.1376863,0.9061711,0.142993,0.3980043,367.3508,-38.87597,-121.4887,61.46305,11.02017,21.40521,66.01011,1.680872,27.23616,0.2553717,0.007981862,1.285456,-0.05169608
382,0.016525,1,100,0,87.51225,0,100,65.79121,0,0,135,0.3845918,0.213451,-0.898069,-0.2135516,0.9670786,0.1384011,0.8980452,0.1385561,0.4175133,368.371,-38.69313,-121.129,62.27723,11.14943,22.50406,67.15055,1.789705,28.59279,0.2789374,0.008031862,1.349467,-0.0513752
383,0.016687,1,100,0,95.85575,0,100,66.86833,0,0,135,0.4048954,0.2173763,-0.8881483,-0.2138803,0.9668992,0.1391455,0.8889968,0.133618,0.4379855,369.4143,-38.50715,-120.7468,63.01173,11.13464,23.7042,68.23744,1.520461,30.10202,0.3652226,-0.01665775,1.421978,-0.04673665
384,0.016754,1,100,0,104.2327,0,100,67.88712,0,0,135,0.4261829,0.2212778,-0.877157,-0.2138451,0.9667853,0.1399875,0.8789986,0.1279155,0.4593465,370.4738,-38.32101,-120.3424,63.6759,11.05822,25.01307,69.30049,1.319045,31.74416,0.4560362,-0.03774385,1.500533,-0.04146303
385,0.016604,1,100,0,88.87405,0,100,68.87521,0,0,135,0.4480597,0.225047,-0.8652147,-0.2135098,0.9667293,0.1408834,0.8681338,0.1216077,0.4812022,371.5343,-38.13813,-119.9194,64.25498,10.92358,26.41164,70.32497,1.181757,32.8237,0.5494607,-0.05273209,1.552132,-0.03420612
386,0.016681,1,100,0,97.21455,0,100,69.81966,0,0,135,0.470556,0.2286531,-0.8522294,-0.212937,0.9667219,0.1417989,0.8562916,0.1147469,0.5035855,372.6089,-37.95695,-119.4705,64.75179,10.73471,27.91572,71.32542,1.10441,34.06812,0.6462746,-0.06462068,1.611308,-0.02652796
387,0.016682,1,100,0,105.5555,0,100,70.73614,0,0,135,0.4936283,0.2320596,-0.8381405,-0.212166,0.9667566,0.1427136,0.8433959,0.1073774,0.5264535,373.6914,-37.7792,-118.9959,65.15749,10.49334,29.51324,72.2955,1.072233,35.45823,0.744537,-0.07426668,1.677207,-0.01844034
388,0.016687,1,100,0,90.12007,0,100,71.61765,0,0,135,0.5171733,0.2352192,-0.8229238,-0.2112328,0.9668295,0.1436013,0.8294048,0.09956176,0.5497044,374.7805,-37.60569,-118.494,65.46575,10.20223,31.20034,73.23463,1.081621,36.31509,0.8431078,-0.07913204,1.717616,-0.00879582
389,0.016682,1,100,0,98.46107,0,100,72.46432,0,0,135,0.5409283,0.2380651,-0.8066733,-0.2101777,0.9669372,0.1444239,0.8143848,0.09142178,0.5730796,375.8738,-37.43736,-117.9637,65.67062,9.864756,32.97089,74.14191,1.123327,37.34836,0.9408032,-0.08256989,1.766255,0.0009473078
390,0.016674,1,100,0,106.7981,0,100,73.27795,0,0,135,0.5649392,0.2405609,-0.7892871,-0.2091274,0.9670693,0.145061,0.7981914,0.08311093,0.5966433,376.9695,-37.27456,-117.4035,65.77206,9.557697,34.86262,75.05141,1.648452,38.54226,1.111037,-0.05607392,1.820402,0.0153394
391,0.016683,1,100,0,91.3663,0,100,74.09359,0,0,135,0.5891181,0.2426423,-0.7707559,-0.2083073,0.9672146,0.1452724,0.7807357,0.07497148,0.6203477,378.0667,-37.11685,-116.8109,65.75432,9.242907,36.82867,75.93031,2.146346,39.21833,1.270017,-0.02895521,1.850094,0.02995264
392,0.016898,1,100,0,99.8153,0,100,74.87628,0,0,135,0.6135264,0.2443079,-0.7509322,-0.2076792,0.967383,0.14505,0.7618759,0.066961,0.6442527,379.1771,-36.96248,-116.177,65.61031,8.916932,38.88706,76.7882,2.61221,40.09893,1.417999,-0.004478761,1.889621,0.04377321
393,0.016459,1,100,0,108.0448,0,100,75.63709,0,0,135,0.6372742,0.2455225,-0.7304797,-0.2072108,0.9675747,0.1444411,0.7422572,0.0593147,0.6674853,380.2556,-36.81748,-115.5257,65.34422,8.59339,40.94907,77.59214,3.024851,41.12388,1.548223,0.01630554,1.936223,0.05633864
394,0.016682,1,100,0,92.61395,0,100,76.34484,0,0,135,0.6612227,0.2463338,-0.7085932,-0.2067192,0.9678125,0.1435486,0.7211462,0.05156223,0.6908615,381.3435,-36.67646,-114.8308,64.93365,8.169506,43.05447,78.33778,2.980183,41.6558,1.697771,0.01061044,1.961329,0.07106246
395,0.016967,1,100,0,101.0975,0,100,76.99257,0,0,135,0.6852533,0.24668,-0.6852567,-0.2059551,0.9681225,0.1425524,0.6985773,0.0434476,0.7142142,382.4422,-36.54049,-114.088,64.38651,7.699018,45.23257,79.06253,2.954902,42.40382,1.836919,0.005556458,1.996569,0.08536488
396,0.016393,1,100,0,85.93392,0,100,77.6192,0,0,135,0.7080913,0.246547,-0.6616808,-0.2049797,0.968483,0.1415068,0.6757146,0.03543138,0.7363114,383.4942,-36.41694,-113.3348,63.73145,7.210083,47.36486,79.7315,2.948234,42.65707,1.957398,0.004138761,2.008257,0.09890574
397,0.016683,1,100,0,94.27542,0,100,78.19502,0,0,135,0.7307602,0.2459328,-0.6367941,-0.2037746,0.9689052,0.1403519,0.6515102,0.02719888,0.7581522,384.5531,-36.29958,-112.5324,62.9369,6.682229,49.55338,80.38185,2.950615,43.13608,2.065058,0.002704485,2.030576,0.1117521
398,0.016683,1,100,0,102.6169,0,100,78.75478,0,0,135,0.7529026,0.2448387,-0.6108943,-0.2024733,0.9693767,0.1389738,0.6262129,0.01905601,0.7794195,385.5981,-36.19051,-111.6932,62.00964,6.246598,51.80498,81.04302,3.509959,43.81771,2.18271,0.03590252,2.0601,0.1251946
399,0.016682,1,100,0,87.18607,0,100,79.32809,0,0,135,0.7744293,0.2432745,-0.5840179,-0.2012923,0.9698907,0.1370899,0.599784,0.01139187,0.800081,386.6267,-36.08863,-110.8164,60.94539,5.826417,54.06214,81.67621,3.992165,44.01808,2.276164,0.0666656,2.067141,0.1370403
400,0.0167,1,100,0,95.53606,0,100,79.87453,0,0,135,0.7951911,0.2412744,-0.5562893,-0.2001806,0.9704478,0.1347544,0.5723625,0.004202858,0.8199899,387.6379,-35.9936,-109.9009,59.7435,5.419285,56.31812,82.28235,4.388013,44.44366,2.345131,0.09140962,2.085193,0.1470147
401,0.016647,1,100,0,103.8596,0,100,80.39801,0,0,135,0.8151506,0.2388893,-0.5276945,-0.1990779,0.9710433,0.1320714,0.5439647,-0.002605766,0.8391041,388.6252,-35.90557,-108.951,58.41198,5.024677,58.55309,82.85934,4.696062,45.07206,2.389044,0.1101252,2.113185,0.1552188
402,0.016678,1,100,0,88.43242,0,100,80.8931,0,0,135,0.8343511,0.2361113,-0.4981063,-0.1978287,0.9716818,0.1292224,0.5145117,-0.009277135,0.8574334,389.5913,-35.82465,-107.9622,56.94091,4.5046,60.73009,83.37088,4.500057,45.22238,2.491379,0.09936505,2.120603,0.1671259
403,0.016695,1,100,0,96.77992,0,100,81.32698,0,0,135,0.8526419,0.2329016,-0.4677163,-0.1962229,0.9723674,0.1264827,0.4842501,-0.01606778,0.8747818,390.5331,-35.75249,-106.9364,55.34569,3.957901,62.87357,83.85641,4.310651,45.5996,2.570779,0.08846302,2.138676,0.1777453
404,0.016673,1,100,0,105.1164,0,100,81.73821,0,0,135,0.8700153,0.2292777,-0.436469,-0.1942874,0.9730897,0.1238913,0.453129,-0.02298695,0.8911487,391.4465,-35.68966,-105.8763,53.63278,3.388699,64.9709,84.31593,4.12887,46.18296,2.626699,0.07759376,2.166405,0.1871247
405,0.016684,1,100,0,89.68372,0,100,82.12341,0,0,135,0.8864316,0.2252555,-0.4043503,-0.1921452,0.9738436,0.1212812,0.4210931,-0.02981356,0.9065275,392.3311,-35.63546,-104.7806,51.7871,2.969601,67.07925,84.79592,4.525426,46.29066,2.634279,0.1055189,2.169325,0.1932832
406,0.016862,1,100,0,98.11472,0,91.569,82.52783,0,0,135,0.901876,0.2208584,-0.37127,-0.1899778,0.9746355,0.1182968,0.3879797,-0.03615602,0.9209585,393.1929,-35.58774,-103.6377,49.7252,2.551394,69.16116,85.21954,4.814921,46.51592,2.61301,0.1265612,2.178182,0.1972989
407,0.016509,1,100,0,106.3692,0,83.3145,82.89468,0,0,135,0.915876,0.2162756,-0.3382252,-0.1878145,0.9754312,0.1151516,0.3548199,-0.04194096,0.9339937,394.0018,-35.54786,-102.485,47.52847,2.145167,71.13551,85.57931,4.992619,46.83652,2.564611,0.1403702,2.191945,0.1992296
408,0.016678,1,100,0,90.94208,0,74.9755,83.2142,0,0,135,0.9288185,0.2114175,-0.3043007,-0.1855669,0.9762447,0.1118542,0.3207199,-0.04742411,0.9459863,394.7813,-35.51437,-101.2878,45.1409,1.734283,73.05068,85.89011,5.075332,46.58738,2.488985,0.1505453,2.179165,0.1987489
409,0.01677,1,100,0,99.32708,0,66.5905,83.50027,0,0,135,0.9405077,0.2063632,-0.2699254,-0.1832438,0.9770616,0.1085013,0.2861245,-0.05258417,0.9567487,395.5242,-35.48763,-100.0524,42.58363,1.317261,74.88274,86.15408,5.065338,46.47738,2.38721,0.1544677,2.173257,0.1963931
410,0.016597,1,100,0,107.6256,0,58.292,83.75892,0,0,135,0.9507933,0.2012249,-0.2355858,-0.1808727,0.9778581,0.1052561,0.2515496,-0.05746578,0.966137,396.2163,-35.46816,-98.80003,39.91552,0.8872075,76.58838,86.37022,4.95045,46.49374,2.271535,0.1513452,2.17367,0.1930043
411,0.016683,1,100,0,92.1938,0,49.9505,83.98461,0,0,134.1214,0.9598196,0.1959579,-0.2008654,-0.1784205,0.9786367,0.1021583,0.216593,-0.062215,0.9742775,397.2898,-35.31895,-98.12817,63.24625,9.201979,36.22459,86.54856,-0.1029024,36.16113,-2.569374,-0.1305913,1.698913,-0.1253947
412,0.016742,1,100,0,100.5648,0,41.5795,48.41899,0,0,134.1884,0.9652318,0.1960975,-0.1728397,-0.1800044,0.9781021,0.1044751,0.1895421,-0.06973074,0.9793936,398.3032,-35.1736,-97.50556,55.07233,7.637179,39.06501,67.95118,0.469022,36.29866,-2.581637,-0.09484835,1.703755,-0.1210667
413,0.016734,1,100,0,85.08585,0,33.2125,48.166,0,0,134.0823,0.9698677,0.1959716,-0.1447474,-0.1817012,0.9776128,0.1061032,0.1623001,-0.07660524,0.9837634,399.2121,-35.04478,-96.87849,51.66837,7.745492,32.51234,63.61068,-0.03192222,35.04778,-3.322159,-0.1224745,1.645891,-0.1658865
414,0.016608,1,100,0,93.38985,0,24.9085,39.77689,0,0,134.051,0.973444,0.1964336,-0.1175618,-0.1840732,0.9769403,0.1081897,0.1361029,-0.08367668,0.9871548,400.0385,-34.92139,-96.33862,46.03347,7.088988,29.31828,56.68184,0.002113402,34.83273,-3.627057,-0.1199517,1.635616,-0.181347
415,0.016768,1,100,0,101.7739,0,16.5245,34.61379,0,0,134.0161,0.9762614,0.1969575,-0.09011901,-0.1867727,0.9762025,0.110203,0.1096797,-0.09075512,0.9898151,400.7853,-34.80628,-95.85564,41.15839,6.497097,25.66634,50.39561,-0.004541397,34.74638,-3.955522,-0.1205031,1.631502,-0.1981652
416,0.016674,1,100,0,86.3504,0,8.187497,29.32953,0,0,133.9993,0.9782672,0.1975699,-0.06292342,-0.1897793,0.9754031,0.1121276,0.08352873,-0.0977492,0.9916995,401.4444,-34.70267,-95.43094,36.34246,5.838456,22.66582,44.46305,0.1725925,34.31606,-4.16603,-0.10824,1.610732,-0.2080236
417,0.016751,1,100,0,70.85573,0,0,24.94261,0,0,133.9907,0.9795002,0.1982016,-0.03599571,-0.1930245,0.9745763,0.1137669,0.05762936,-0.1044867,0.9928554,402.0277,-34.60936,-95.05479,31.92149,5.215628,19.86804,39.01668,0.4156092,33.47866,-4.322127,-0.09038997,1.570599,-0.2153599
418,0.016608,1,100,0,55.49333,0,0,21.02074,0,0,133.9922,0.9799783,0.1988529,-0.01000907,-0.1964149,0.9737524,0.1150108,0.03261658,-0.1107421,0.9933139,402.5347,-34.52699,-94.7273,27.94332,4.631509,17.41421,34.14769,0.7196433,32.34117,-4.411572,-0.0676114,1.516159,-0.2194456
419,0.016641,1,100,0,40.1004,0,0,17.69629,0,0,134.0018,0.9797765,0.1995277,0.01505858,-0.1999166,0.9729468,0.1157925,0.008452618,-0.1164612,0.9931594,402.9785,-34.45389,-94.43968,24.38112,4.090254,15.22119,29.7965,1.05916,30.89357,-4.448579,-0.04148453,1.446983,-0.2213185
420,0.016987,1,100,0,31.6069,0,0,14.8468,0,0,134.0186,0.978951,0.2002493,0.03943684,-0.2035365,0.9721637,0.1160635,-0.01509743,-0.1216474,0.9924586,403.3728,-34.38821,-94.18314,21.16903,3.585838,13.23416,25.87113,1.420687,29.30736,-4.441142,-0.01346051,1.371195,-0.2211849
421,0.016379,1,100,0,23.4174,0,0,12.37855,0,0,134.0414,0.977658,0.2009476,0.06168309,-0.2069839,0.9714587,0.1158691,-0.03663896,-0.1260478,0.9913473,403.7027,-34.33298,-93.96761,18.38967,3.099803,11.55237,22.48424,1.615124,27.70841,-4.275899,0.004131461,1.295622,-0.2117412
422,0.017103,1,100,0,14.8659,0,0,10.38791,0,0,134.0698,0.9759019,0.201588,0.08353353,-0.2104016,0.9707923,0.1152984,-0.05785093,-0.1300955,0.9898125,404.0012,-34.28333,-93.77169,15.88531,2.65296,9.979668,19.41288,1.824171,25.91919,-4.077563,0.02339156,1.211003,-0.2010113
423,0.016414,1,100,0,6.658905,0,0,8.613881,0,0,134.1018,0.9739287,0.2020882,0.1030686,-0.2134277,0.9702396,0.1143839,-0.07688564,-0.1333994,0.9880755,404.2485,-34.24293,-93.60876,13.74594,2.217621,8.65255,16.78218,2.107087,24.13479,-3.702549,0.04749883,1.12666,-0.1795345
424,0.01649,1,100,0,-1.586095,0,0,7.196678,0,0,134.1372,0.9717757,0.20238,0.1212204,-0.2160744,0.969808,0.1130677,-0.09467786,-0.1360691,0.9861649,404.4634,-34.20915,-93.46706,11.89252,1.830725,7.464573,14.48916,2.373122,22.25707,-3.310751,0.07098573,1.037917,-0.1576733
425,0.016714,1,100,0,-9.943094,0,0,5.986238,0,0,134.1762,0.9695058,0.2024855,0.1380506,-0.2183409,0.9694977,0.1113617,-0.1112906,-0.138108,0.9841445,404.6515,-34.18113,-93.34303,10.26659,1.483181,6.414204,12.47508,2.615651,20.27187,-2.901057,0.09345587,0.9441377,-0.135345
426,0.016638,1,100,0,-18.26209,0,0,4.965089,0,0,134.2174,0.9672391,0.2024468,0.1531785,-0.2201916,0.9693129,0.1093076,-0.1263489,-0.1394552,0.9821345,404.813,-34.15863,-93.2367,8.882071,1.195877,5.512677,10.75995,2.884898,18.22677,-2.55161,0.1178542,0.8472235,-0.1173591
427,0.016737,1,100,0,-26.63059,0,0,4.125179,0,0,134.2611,0.9650213,0.2023328,0.1667196,-0.2216839,0.9692428,0.1068865,-0.1399651,-0.1401068,0.9801939,404.9535,-34.14055,-93.14464,7.683044,0.9456067,4.720416,9.271932,3.096888,16.10296,-2.194138,0.1389228,0.7467546,-0.09938174
428,0.016679,1,100,0,-34.97009,0,0,3.419079,0,0,134.3065,0.9629471,0.202164,0.1785009,-0.2228069,0.9692789,0.1041899,-0.1519537,-0.1401006,0.9784078,405.0744,-34.12646,-93.06586,6.652204,0.7316896,4.034309,7.992454,3.243392,13.92919,-1.834018,0.1560232,0.6441236,-0.08160713
429,0.016621,1,100,0,-43.28059,0,0,2.833863,0,0,134.3533,0.9610816,0.2019563,0.1885102,-0.2235745,0.9694092,0.1012946,-0.1622864,-0.1394984,0.9768336,405.1786,-34.11574,-92.99859,5.767485,0.5521926,3.437629,6.894083,3.320741,11.71128,-1.47396,0.1688908,0.5396265,-0.06410763
430,0.016739,1,100,0,-51.65009,0,0,2.344977,0,0,134.4016,0.9594641,0.2017191,0.1968205,-0.2240083,0.969623,0.09824391,-0.171024,-0.1383509,0.9755052,405.2696,-34.10774,-92.94067,5.001129,0.403417,2.91241,5.943183,3.328348,9.427483,-1.112556,0.1775578,0.432252,-0.04676527
431,0.016914,1,100,0,-60.10709,0,0,1.929945,0,0,134.4516,0.9581474,0.2014607,0.2033891,-0.2241211,0.9699101,0.09509988,-0.1781102,-0.1367035,0.9744685,405.3491,-34.10198,-92.89085,4.333306,0.2826754,2.451291,5.11721,3.265635,7.072898,-0.7503444,0.1819988,0.3217804,-0.02954922
432,0.016441,1,100,0,-68.32759,0,0,1.578257,0,0,134.5014,0.9572165,0.2011972,0.2079815,-0.2239377,0.9702462,0.09205616,-0.1832718,-0.1346926,0.9737913,405.416,-34.09818,-92.84975,3.763678,0.1890738,2.06845,4.418596,3.139028,4.753988,-0.4019743,0.1822385,0.2132079,-0.01306042
433,0.016693,1,100,0,-76.67409,0,0,1.298996,0,0,134.5526,0.956651,0.2009184,0.2108335,-0.2234787,0.9706333,0.08904189,-0.1867518,-0.1322988,0.9734583,405.475,-34.09571,-92.81441,3.266984,0.1198803,1.723076,3.812346,2.947873,2.360147,-0.05538696,0.1786254,0.1013349,0.003258716
434,0.016791,1,100,0,-85.06959,15.1119,0,1.051367,0,0,134.605,0.95649,0.2006289,0.2118369,-0.2227642,0.9710585,0.08614789,-0.1884223,-0.1295893,0.9735007,405.5264,-34.09426,-92.78436,2.838558,0.07243714,1.438287,3.298371,2.701113,-0.08361316,0.2861532,0.1716348,-0.01268508,0.01932073
435,0.016566,1,100,0,-93.35258,30.0213,0,0.8559388,0,0,134.6576,0.9567439,0.2003334,0.2109686,-0.2218318,0.971505,0.08347865,-0.1882335,-0.1266672,0.9739218,405.5704,-34.09346,-92.75927,2.471552,0.04378506,1.206028,2.867599,2.408959,-2.519972,0.6143811,0.1617097,-0.1261884,0.03477461
436,0.01664,1,100,0,-101.6726,44.9973,0,0.7038023,0,0,134.711,0.9574092,0.2000239,0.2082263,-0.2206886,0.9719731,0.08102469,-0.1861835,-0.123527,0.974719,405.6089,-34.09303,-92.73782,2.150858,0.03100542,1.011235,2.502216,2.074253,-4.99436,0.9333997,0.1491876,-0.2413209,0.04981483
437,0.01672,1,100,0,-86.20658,60.0453,0,0.5813854,0,0,134.766,0.9584491,0.1996689,0.2037345,-0.219345,0.9724571,0.07883613,-0.1823819,-0.1202486,0.9758469,405.6425,-34.09272,-92.71925,1.852663,0.02570783,0.8888351,2.188899,1.710405,-6.841289,1.242866,0.1326117,-0.3266702,0.06583718
438,0.016678,1,100,0,-94.54558,75.0555,0,0.5263835,0,0,134.8208,0.9597812,0.199216,0.1978209,-0.2178145,0.9729501,0.07697383,-0.1771355,-0.1169663,0.9772113,405.6714,-34.0924,-92.7028,1.610466,0.03691316,0.7679427,1.93872,1.324004,-8.761821,1.535366,0.1148134,-0.4154248,0.08084131
439,0.016691,1,100,0,-102.8911,90.07739,0,0.4608541,0,0,134.8762,0.9613904,0.1986774,0.1904095,-0.216111,0.97345,0.07544035,-0.1703658,-0.1136772,0.9788019,405.6965,-34.09186,-92.68813,1.385782,0.05269353,0.6848407,1.723792,0.9288718,-10.75488,1.813623,0.09665674,-0.5075706,0.09502231
440,0.01662,1,100,0,-87.51758,100,0,0.4282434,0,0,134.9319,0.9632142,0.1980398,0.1816559,-0.214251,0.9739525,0.07425126,-0.1622195,-0.1104398,0.9805551,405.7178,-34.09101,-92.67482,1.186122,0.07347401,0.6258624,1.54653,0.5320544,-12.14425,2.073567,0.07625111,-0.5712083,0.1094178
441,0.016688,1,100,0,-95.86158,100,0,0.413166,0,0,134.9882,0.9651869,0.1972629,0.1717607,-0.2122219,0.9744604,0.07340977,-0.1528929,-0.1073055,0.9823999,405.7361,-34.08979,-92.66239,1.001238,0.09587396,0.5886084,1.404983,0.1441759,-13.6563,2.316533,0.05675772,-0.6406788,0.1226479
442,0.016737,1,100,0,-104.2301,91.6315,0,0.4148788,0,0,134.9899,0.9672832,0.1963698,0.1606304,-0.2100358,0.9749727,0.07289348,-0.1422961,-0.1042468,0.9843194,405.7515,-34.08819,-92.65044,0.8251423,0.1168405,0.5727384,1.295535,-0.2290684,-15.27939,2.541279,0.03848814,-0.715447,0.1346743
443,0.016675,1,100,0,-88.8057,83.294,0,0.4341627,0,0,134.9902,0.9694343,0.1953645,0.1484257,-0.2077129,0.9754856,0.07268794,-0.1305864,-0.1012961,0.9862489,405.764,-34.08624,-92.63877,0.6680294,0.1371326,0.572346,1.218451,-0.5820591,-16.3293,2.744458,0.01946288,-0.7632632,0.1464884
444,0.01662,1,100,0,-97.1157,74.984,0,0.463349,0,0,134.9907,0.9715667,0.1942272,0.135403,-0.2052561,0.9759986,0.0727793,-0.1180174,-0.09850223,0.9881141,405.774,-34.08398,-92.62701,0.5222891,0.1533693,0.59372,1.174535,-0.9038936,-17.5194,2.926652,0.002797412,-0.8178176,0.1568008
445,0.016839,1,100,0,-105.5352,66.5645,0,0.5099167,0,0,134.991,0.9736878,0.1929695,0.1212222,-0.2026347,0.9765205,0.07312377,-0.1042653,-0.09576355,0.9899284,405.7819,-34.08141,-92.61468,0.3877484,0.1654581,0.6371479,1.173342,-1.198182,-18.86258,3.089955,-0.011705,-0.8796893,0.1657651
446,0.01656,1,100,0,-90.2172,58.2845,0,0.5744573,0,0,134.9913,0.975685,0.1916363,0.106369,-0.1999339,0.9770354,0.07367736,-0.08980698,-0.09315266,0.9915934,405.7876,-34.0787,-92.60182,0.2754723,0.1744106,0.6907123,1.192726,-1.457103,-19.64552,3.228322,-0.0259286,-0.9153073,0.1741428
447,0.016671,1,100,0,-98.5527,49.949,0,0.6439196,0,0,134.9917,0.9775451,0.1901865,0.0907459,-0.1970974,0.977555,0.07442532,-0.07455442,-0.09063989,0.9930895,405.7916,-34.07584,-92.5879,0.1758698,0.1786858,0.7671752,1.244069,-1.679547,-20.60139,3.346047,-0.03735468,-0.9592112,0.1809802
448,0.016864,1,100,0,-106.9847,41.517,0,0.7325657,0,0,134.992,0.9792435,0.1886461,0.0741282,-0.1941239,0.9780813,0.07532008,-0.05829457,-0.08814675,0.9944006,405.794,-34.07288,-92.57244,0.08625044,0.1779157,0.8688712,1.326968,-1.867138,-21.72504,3.443303,-0.04611033,-1.011141,0.1863422
449,0.016505,1,100,0,-91.71758,33.2645,0,0.8432953,0,0,134.9922,0.9806831,0.1870774,0.057122,-0.1911233,0.9785967,0.07629297,-0.04162671,-0.08573657,0.9954481,405.7952,-34.06998,-92.55568,0.02144724,0.1761797,0.970166,1.420524,-2.019147,-22.30765,3.515363,-0.05445198,-1.037749,0.1909782
450,0.016727,1,100,0,-100.0811,24.901,0,0.949752,0,0,134.9925,0.9818704,0.1854208,0.03936807,-0.1880024,0.979118,0.07735179,-0.02420336,-0.08335072,0.9962265,405.7954,-34.0671,-92.53688,-0.03478047,0.1697116,1.097234,1.533331,-2.13493,-23.08333,3.567032,-0.05994576,-1.073575,0.194081
451,0.016635,1,100,0,-84.6937,16.5835,0,1.07979,0,0,134.9924,0.982749,0.1837221,0.02122902,-0.1848343,0.9796346,0.07843816,-0.006385857,-0.08100887,0.9966931,405.7949,-34.06433,-92.51614,-0.06155512,0.164567,1.218251,1.661318,-2.21909,-23.36226,3.594554,-0.06509367,-1.086167,0.1963971
452,0.016743,1,100,0,-93.0652,8.212004,0,1.201284,0,0,134.9927,0.983302,0.1819618,0.00269407,-0.1815967,0.980151,0.07954266,0.01183313,-0.07870369,0.9968281,405.794,-34.06165,-92.49312,-0.08480568,0.1535526,1.364917,1.788106,-2.266416,-23.85284,3.601835,-0.06727942,-1.108847,0.1971452
453,0.016671,1,100,0,-101.4007,0,0,1.347499,0,0,134.993,0.9834976,0.1801952,-0.01619102,-0.1783484,0.9806604,0.08060373,0.03040229,-0.07638593,0.9966147,405.7928,-34.05918,-92.46774,-0.1056527,0.136819,1.530805,1.933901,-2.281412,-24.52882,3.589425,-0.06686607,-1.140358,0.1964393
454,0.016644,1,100,0,-86.005,0,0,1.51196,0,0,134.9928,0.9833142,0.178431,-0.03543677,-0.1751003,0.9811639,0.0815934,0.04932807,-0.07402696,0.9960356,405.7916,-34.05697,-92.43973,-0.09485942,0.1228524,1.682441,2.100275,-2.273121,-24.72142,3.554255,-0.06652486,-1.149254,0.1949803
455,0.016676,1,100,0,-70.5797,0,0,1.661998,0,0,134.9925,0.9827511,0.1766468,-0.05473786,-0.1718547,0.9816604,0.0825154,0.06831007,-0.07168514,0.9950854,405.7906,-34.05497,-92.40921,-0.05374251,0.1115174,1.821927,2.253275,-2.240214,-24.47329,3.496802,-0.06600501,-1.137561,0.1926607
456,0.016761,1,100,0,-55.07578,0,0,1.801307,0,0,134.9921,0.9818283,0.1748284,-0.0738123,-0.1686179,0.9821495,0.08337045,0.08707023,-0.06940939,0.9937814,405.7906,-34.05314,-92.3763,0.02120695,0.104108,1.944185,2.396236,-2.182788,-23.8189,3.416619,-0.06517216,-1.106912,0.1893343
457,0.016659,1,100,0,-46.74628,0,0,1.926715,0,0,134.9919,0.9805979,0.1729998,-0.09218939,-0.1654462,0.9826226,0.08414486,0.1051444,-0.06725988,0.9921798,405.7918,-34.05145,-92.34161,0.1156672,0.09777843,2.055988,2.517908,-2.101018,-22.99836,3.316748,-0.06326032,-1.068585,0.1848422
458,0.01667,1,100,0,-38.41128,0,0,2.045495,0,0,134.9916,0.9790976,0.1711639,-0.1098673,-0.1623409,0.9830813,0.08483306,0.1225288,-0.06522389,0.9903194,405.7948,-34.04985,-92.30517,0.2324533,0.0936927,2.15421,2.636969,-1.997569,-22.02329,3.197064,-0.06038623,-1.023119,0.179154
459,0.016803,1,100,0,-30.00978,0,0,2.155728,0,0,134.9912,0.9773633,0.1693241,-0.1268474,-0.1593041,0.9835263,0.08543101,0.1392233,-0.06328981,0.9882365,405.8,-34.04829,-92.2669,0.3718909,0.09224027,2.239027,2.752501,-1.874219,-20.89828,3.057306,-0.05663216,-0.9707256,0.1722403
460,0.016535,1,100,0,-21.74228,0,0,2.258627,0,0,134.9909,0.9754932,0.1675419,-0.1426277,-0.1564307,0.9839445,0.08592157,0.1547332,-0.06150455,0.9860399,405.8073,-34.04678,-92.22797,0.5229011,0.09259567,2.305694,2.848515,-1.737543,-19.66546,2.902465,-0.05225489,-0.9133641,0.1643486
461,0.016681,1,100,0,-13.40178,0,0,2.348721,0,0,134.9904,0.9734992,0.1657888,-0.1575231,-0.1536689,0.9843452,0.08631665,0.1693674,-0.05982278,0.9837358,405.8174,-34.04522,-92.18775,0.6939492,0.09632888,2.355945,2.948663,-1.587343,-18.30605,2.729436,-0.04729966,-0.8501542,0.1553138
462,0.016691,1,100,0,-5.056275,0,0,2.429397,0,0,134.9899,0.9714545,0.1640975,-0.1713133,-0.1510645,0.9847221,0.08661395,0.1829091,-0.05826215,0.9814021,405.8305,-34.04359,-92.14677,0.8785164,0.1029653,2.389253,3.038557,-1.427881,-16.84008,2.540894,-0.04195983,-0.7820215,0.1452766
463,0.016741,1,100,0,3.314224,0,0,2.499507,0,0,134.9894,0.9694133,0.1624807,-0.183951,-0.1486313,0.9850743,0.08681877,0.1953118,-0.05682239,0.9790938,405.8467,-34.04183,-92.10528,1.075928,0.1129484,2.404804,3.124159,-1.262011,-15.27304,2.337526,-0.03639297,-0.7092168,0.1342764
464,0.016631,1,100,0,11.62972,0,0,2.558252,0,0,134.9889,0.9674526,0.1609698,-0.1952546,-0.1464093,0.9853965,0.0869378,0.2063975,-0.05552111,0.9768919,405.8661,-34.0399,-92.06396,1.279833,0.1258965,2.402098,3.199048,-1.094555,-13.62969,2.122937,-0.03082536,-0.6328813,0.1225167
465,0.016732,1,100,0,19.99572,0,15.0588,2.603754,0,0,134.9883,0.9656028,0.1595593,-0.2053102,-0.1443842,0.9856913,0.08698288,0.2162514,-0.05434737,0.9748241,405.889,-34.03772,-92.02256,1.497291,0.142987,2.383551,3.276908,-0.9259607,-11.88909,1.895797,-0.02534872,-0.5520343,0.1099416
466,0.016692,1,100,0,28.34172,0,30.0816,2.639563,0,0,134.9878,0.9639333,0.1582751,-0.2139665,-0.1425869,0.9859544,0.08696584,0.2247258,-0.05332045,0.9729622,405.9156,-34.03524,-91.98173,1.722773,0.1637675,2.350033,3.350437,-0.7603921,-10.07317,1.659816,-0.02016426,-0.4676871,0.09677042
467,0.016632,1,100,0,36.65772,0,45.0504,2.664912,0,0,134.9873,0.9624932,0.1571283,-0.2211735,-0.1410268,0.9861845,0.08690109,0.2317725,-0.05245032,0.9713551,405.9459,-34.0324,-91.94173,1.954678,0.1882786,2.30238,3.424174,-0.6003611,-8.191385,1.417027,-0.01541109,-0.3802716,0.08313284
468,0.016672,1,100,0,44.99372,0,60.0552,2.679594,0,0,134.9867,0.9613163,0.1561205,-0.2269306,-0.1397003,0.9863819,0.08680306,0.237392,-0.05174292,0.970035,405.9801,-34.02913,-91.90254,2.194221,0.2168366,2.241902,3.50323,-0.4467383,-6.237589,1.167601,-0.01117139,-0.2894956,0.06905748
469,0.016736,1,100,0,53.36172,0,75.1176,2.684394,0,0,134.9861,0.9604411,0.155258,-0.2311879,-0.1386116,0.9865456,0.08668653,0.2415362,-0.05121199,0.9690396,406.0184,-34.02536,-91.86429,2.44041,0.2493783,2.170181,3.588017,-0.3009239,-4.213161,0.9129544,-0.007540743,-0.1954169,0.0546472
470,0.01677,1,100,0,61.74672,0,90.2106,2.679667,0,0,134.9856,0.9599032,0.1545482,-0.2338816,-0.1377663,0.9866744,0.08656704,0.2441438,-0.05087499,0.9684035,406.0609,-34.02102,-91.82729,2.691108,0.2856366,2.088854,3.678971,-0.1645609,-2.125937,0.6553783,-0.004614574,-0.09839255,0.04005798
471,0.016544,1,100,0,70.01872,0,100,2.665339,0,0,134.9853,0.9597291,0.1540014,-0.234955,-0.1371729,0.9867666,0.08646157,0.245161,-0.05075022,0.9681534,406.1069,-34.01613,-91.79218,2.93626,0.3241537,1.999283,3.769348,-0.04087892,-0.01815648,0.400775,-0.002498277,-0.000381087,0.02565045
472,0.01676,1,100,0,78.39872,0,100,2.639019,0,0,134.9846,0.9599268,0.1536,-0.2344089,-0.1368102,0.9868238,0.08638048,0.2445884,-0.05084941,0.9682927,406.1576,-34.01053,-91.7582,3.180876,0.366143,1.897564,3.867382,0.07305099,2.160661,0.1430363,-0.001159676,0.1009685,0.01110314
473,0.016754,1,100,0,86.77572,0,100,2.596785,0,0,134.9841,0.9605073,0.1533492,-0.2321844,-0.1366834,0.986845,0.08633888,0.24237,-0.05119338,0.9688321,406.2121,-34.00424,-91.72598,3.415943,0.4098793,1.787848,3.960981,0.175313,4.378261,-0.1122666,-0.0006489995,0.2041616,-0.003228288
474,0.016571,1,100,0,95.06122,0,100,2.539064,0,0,134.9838,0.9614552,0.1532426,-0.2282998,-0.1367836,0.9868305,0.08634815,0.2385255,-0.05179221,0.9697543,406.2698,-33.99731,-91.69593,3.636362,0.4542072,1.672508,4.049374,0.2652528,6.606356,-0.3607298,-0.0009477191,0.3078852,-0.01705669
475,0.016685,1,100,0,103.4037,0,100,2.465763,0,0,134.9833,0.9627712,0.1532654,-0.2226691,-0.1371011,0.9867805,0.08641669,0.2329702,-0.05267134,0.9710568,406.3314,-33.98962,-91.66762,3.847319,0.4998302,1.550656,4.136303,0.3454327,8.88518,-0.605553,-0.00201623,0.4140158,-0.03051489
476,0.016692,1,100,0,87.96362,0,100,2.375758,0,0,134.9842,0.9643895,0.1534174,-0.2154441,-0.1376322,0.9866954,0.08654314,0.2258549,-0.05380926,0.9726739,406.3961,-33.98125,-91.64099,3.998799,0.5327623,1.48189,4.218101,0.4215107,10.54965,-0.8361009,-0.001715594,0.4914486,-0.04351756
477,0.016723,1,100,0,96.32512,0,100,2.315877,0,0,134.9837,0.9662163,0.1536982,-0.2068886,-0.1383705,0.9865774,0.08671004,0.2174388,-0.05515337,0.9745145,406.4633,-33.97232,-91.61553,4.144516,0.5673587,1.400047,4.288631,0.4861025,12.30365,-1.059232,-0.002424357,0.5731165,-0.0558478
478,0.016686,1,100,0,104.6681,0,100,2.234252,0,0,134.9834,0.968226,0.1540858,-0.1969674,-0.1392991,0.9864278,0.08692542,0.2076881,-0.05672607,0.976549,406.5327,-33.96287,-91.59145,4.277321,0.601469,1.313683,4.349336,0.5413972,14.13435,-1.271947,-0.003975675,0.658421,-0.06729472
479,0.016635,1,100,0,89.28075,0,100,2.137105,0,0,134.9845,0.9703541,0.1545677,-0.1858009,-0.1404056,0.9862481,0.0871847,0.1967217,-0.05851254,0.9787121,406.6035,-33.95298,-91.5685,4.353825,0.6225868,1.27703,4.399851,0.5945113,15.38768,-1.466245,-0.004147791,0.7167568,-0.07799301
480,0.016729,1,100,0,97.64525,0,100,2.069907,0,0,134.984,0.9725304,0.1551412,-0.1735394,-0.141688,0.9860394,0.08746986,0.1846869,-0.06047866,0.980935,406.6761,-33.9427,-91.54613,4.427903,0.6450346,1.225104,4.429706,0.638844,16.77258,-1.65056,-0.005284824,0.7812966,-0.08778041
481,0.016639,1,100,0,105.9648,0,100,1.980512,0,0,134.9839,0.9747126,0.1557719,-0.16022,-0.1431149,0.9858053,0.0877846,0.1716201,-0.06263489,0.9831701,406.7492,-33.93214,-91.52464,4.490351,0.6660267,1.16981,4.450908,0.6772172,18.26425,-1.820752,-0.007137872,0.8508811,-0.09638877
482,0.016734,1,100,0,90.4858,0,100,1.87904,0,0,134.9848,0.9768687,0.1564496,-0.1457772,-0.1446884,0.9855452,0.08812495,0.1574571,-0.06499424,0.9853848,406.8234,-33.92128,-91.50364,4.502957,0.6744938,1.159346,4.45979,0.7172624,19.21589,-1.972167,-0.007448281,0.8952263,-0.1042251
483,0.01668,1,100,0,98.82581,0,100,1.807586,0,0,134.9846,0.9789037,0.1571599,-0.1305698,-0.1463812,0.9852648,0.0884659,0.1425492,-0.06748662,0.9874846,406.8974,-33.91032,-91.48293,4.51444,0.6834633,1.13473,4.448617,0.7517114,20.31637,-2.10964,-0.008557877,0.9465852,-0.1108656
484,0.016792,1,100,0,107.2218,0,100,1.717933,0,0,134.9844,0.9808185,0.1578752,-0.1143272,-0.1481897,0.9849629,0.0888151,0.1266298,-0.07016938,0.9894654,406.972,-33.89918,-91.46243,4.518755,0.6909921,1.105189,4.427684,0.7840739,21.56781,-2.233255,-0.01024556,1.005054,-0.1162634
485,0.01653,1,100,0,91.93155,0,100,1.617269,0,0,134.9857,0.982525,0.1585609,-0.09748317,-0.1500577,0.984649,0.08915721,0.1101236,-0.07297108,0.9912356,407.0452,-33.88818,-91.44241,4.477339,0.6859351,1.120389,4.402935,0.8214158,22.28334,-2.334353,-0.01014138,1.038455,-0.1207375
486,0.01665,1,100,0,100.2565,0,100,1.553577,0,0,134.9853,0.9840053,0.1592238,-0.07988412,-0.152011,0.9843206,0.08947542,0.0928782,-0.07590103,0.9927805,407.1181,-33.8772,-91.4221,4.440593,0.6820253,1.117889,4.354233,0.8559387,23.17643,-2.422503,-0.01071789,1.080212,-0.1240229
487,0.016818,1,100,0,84.6999,0,100,1.470486,0,0,134.9861,0.9852235,0.1598475,-0.06151101,-0.1540412,0.9839786,0.08976492,0.07487421,-0.07896328,0.994062,407.1909,-33.86626,-91.40135,4.363516,0.6666471,1.152485,4.300338,0.8962148,23.57587,-2.491362,-0.009545454,1.098862,-0.1266061
488,0.016606,1,100,0,93.0029,0,100,1.419716,0,0,134.9861,0.9861135,0.1604136,-0.042988,-0.156087,0.9836349,0.08999911,0.05672158,-0.08203947,0.9950141,407.2614,-33.85572,-91.38036,4.292229,0.6522563,1.172595,4.235245,0.9336916,24.16993,-2.54512,-0.009079312,1.126669,-0.1278939
489,0.016623,1,100,0,101.3144,0,100,1.3567,0,0,134.9862,0.9866819,0.1608934,-0.02392227,-0.1581531,0.9832872,0.09018924,0.03803331,-0.08520471,0.9956374,407.3307,-33.84544,-91.35899,4.219403,0.6367632,1.18823,4.165521,0.971693,24.94944,-2.584366,-0.009072687,1.1632,-0.1278721
490,0.016735,1,100,0,85.83453,0,100,1.289269,0,0,134.9869,0.9869012,0.1612705,-0.004239466,-0.1602347,0.9829372,0.09033027,0.01873474,-0.08846774,0.995903,407.399,-33.83541,-91.33702,4.115167,0.6118897,1.233954,4.091131,1.016288,25.24373,-2.605656,-0.007238112,1.176997,-0.1273195
491,0.016689,1,100,0,94.17902,0,100,1.251863,0,0,134.9868,0.9867417,0.1615408,0.01567293,-0.1622974,0.9825922,0.09040187,-0.0007965062,-0.09174696,0.9957823,407.4653,-33.82582,-91.31442,4.017531,0.5880701,1.266921,4.008497,1.059337,25.74902,-2.613697,-0.006050369,1.200719,-0.1255392
492,0.016679,1,100,0,102.5185,0,100,1.204424,0,0,134.987,0.9861882,0.1616674,0.03600728,-0.1643236,0.982254,0.09041468,-0.02075119,-0.09508274,0.9952531,407.53,-33.81668,-91.29122,3.918073,0.5629015,1.30048,3.925881,1.104017,26.44861,-2.608198,-0.005242024,1.233581,-0.1224846
493,0.016688,1,100,0,87.08212,0,100,1.15948,0,0,134.9877,0.9852176,0.1616344,0.05675094,-0.1662996,0.981926,0.0903651,-0.04111911,-0.09846695,0.9942905,407.5928,-33.80799,-91.26732,3.795203,0.5305824,1.358511,3.842919,1.15476,26.66551,-2.587231,-0.002604623,1.243805,-0.119165
494,0.016672,1,100,0,95.41812,0,100,1.142454,0,0,134.9876,0.9838201,0.1614482,0.07766978,-0.1682099,0.9816123,0.09023757,-0.06167292,-0.1018424,0.9928871,407.6535,-33.79984,-91.24258,3.678734,0.4993928,1.406917,3.756361,1.203816,27.1009,-2.555005,-0.0006140505,1.26431,-0.1147153
495,0.016937,1,100,0,103.8866,0,100,1.119172,0,0,134.9876,0.9819381,0.1610635,0.09927868,-0.1700642,0.9813107,0.09004184,-0.08292077,-0.1052993,0.9909774,407.7131,-33.79211,-91.21658,3.558603,0.4666233,1.4571,3.668523,1.254552,27.75145,-2.510833,0.0009821905,1.294937,-0.1090144
496,0.016435,1,100,0,88.68424,0,100,1.099736,0,0,134.9886,0.9796492,0.160473,0.1205646,-0.1717502,0.981041,0.08978067,-0.1038714,-0.1086606,0.9886374,407.7689,-33.78521,-91.19046,3.419708,0.4223046,1.521395,3.580976,1.339721,27.91415,-2.410908,0.006268273,1.302658,-0.1006365
497,0.016631,1,100,0,96.99974,0,100,1.10301,0,0,134.9884,0.976877,0.1596406,0.1422186,-0.1732993,0.9808019,0.08941406,-0.1252142,-0.1119929,0.9857885,407.8231,-33.77896,-91.16312,3.287827,0.3785965,1.575029,3.492691,1.423264,28.30165,-2.302663,0.01095212,1.320954,-0.09128397
498,0.016816,1,100,0,105.4077,0,100,1.098563,0,0,134.9886,0.9735743,0.1585247,0.1643866,-0.1746886,0.980597,0.08895826,-0.147095,-0.115324,0.9823765,407.8755,-33.77339,-91.13451,3.150058,0.3320765,1.638272,3.407945,1.508207,28.90228,-2.18585,0.01529532,1.34927,-0.08091089
499,0.016601,1,100,0,90.05181,0,100,1.107746,0,0,134.9892,0.9698034,0.1571458,0.1865115,-0.1758748,0.9804327,0.08842933,-0.1689657,-0.1185617,0.9784649,407.925,-33.76868,-91.10516,3.005049,0.2830227,1.714787,3.333592,1.592991,29.02157,-2.063998,0.02111327,1.354974,-0.07119277
500,0.016674,1,100,0,98.38881,0,100,1.136553,0,0,134.9892,0.9655211,0.155508,0.2087743,-0.1768776,0.9803079,0.08781394,-0.1910073,-0.1217137,0.9740139,407.9723,-33.76474,-91.07452,2.862036,0.2344565,1.790027,3.266227,1.672162,29.36916,-1.937534,0.02609687,1.371422,-0.06072932
501,0.016632,1,100,0,106.7048,0,100,1.168305,0,0,134.9896,0.9607126,0.1535903,0.2311746,-0.1776779,0.9802232,0.0871402,-0.2132188,-0.1247913,0.9690024,408.017,-33.76162,-91.04266,2.715145,0.1848533,1.8774,3.207058,1.747422,29.92185,-1.808119,0.03045154,1.397514,-0.0496346
502,0.016734,1,100,0,91.22586,0,100,1.217217,0,0,134.9897,0.9553187,0.1513743,0.253874,-0.1782771,0.9801788,0.08641125,-0.2357614,-0.1278102,0.9633698,408.0596,-33.7593,-91.00922,2.565256,0.1353451,1.964775,3.160921,1.81751,30.00211,-1.675945,0.0359254,1.401414,-0.03939369
503,0.016687,1,100,0,99.56936,0,100,1.270718,0,0,134.99,0.949414,0.1489103,0.2764759,-0.1786725,0.980175,0.08563511,-0.2582428,-0.1307018,0.957198,408.0995,-33.7578,-90.97443,2.411066,0.08565714,2.061262,3.122445,1.879235,30.3126,-1.543282,0.0404078,1.416146,-0.02866072
504,0.016623,1,100,0,107.8809,0,100,1.3392,0,0,134.9904,0.9429568,0.1461736,0.2991087,-0.1788598,0.9802101,0.08483945,-0.280788,-0.1334984,0.9504403,408.1367,-33.75712,-90.9382,2.253142,0.0359545,2.169672,3.098095,1.933342,30.83011,-1.411662,0.04405181,1.440612,-0.01753698
505,0.016684,1,100,0,92.44816,0,100,1.424689,0,0,134.9903,0.935886,0.1431481,0.32191,-0.1788422,0.9802828,0.08403059,-0.303534,-0.1362142,0.9430339,408.1714,-33.75724,-90.90013,2.097998,-0.01100525,2.269502,3.092269,1.977495,30.87969,-1.28157,0.04844007,1.443096,-0.007623151
506,0.016668,1,100,0,100.7822,0,100,1.504903,0,0,134.9907,0.9282741,0.1398851,0.3445858,-0.1786298,0.9803908,0.08321698,-0.3261879,-0.1388015,0.935059,408.2035,-33.75813,-90.86044,1.933418,-0.05878545,2.382976,3.091505,2.011784,31.16093,-1.153959,0.05176835,1.456474,0.002622418
507,0.016688,1,100,0,85.34576,0,100,1.605725,0,0,134.9905,0.9201002,0.136383,0.3671724,-0.1782277,0.9805322,0.08241197,-0.3487848,-0.1412676,0.9264951,408.233,-33.75977,-90.81898,1.776577,-0.1017428,2.477808,3.110512,2.032043,30.9939,-1.030319,0.05543247,1.448802,0.01146025
508,0.016682,1,100,0,93.68676,0,100,1.690407,0,0,134.991,0.9114329,0.1326881,0.3894664,-0.1776518,0.9807025,0.08162482,-0.3711201,-0.143585,0.9174168,408.2597,-33.76212,-90.77594,1.607482,-0.1457504,2.586395,3.126807,2.040867,31.07715,-0.9107288,0.05786985,1.452896,0.02056572
509,0.017542,1,100,0,102.4578,0,91.229,1.797161,0,0,134.9908,0.9017113,0.1285628,0.4127813,-0.1768635,0.9809095,0.08084522,-0.3945074,-0.145905,0.9072353,408.2848,-33.76536,-90.72883,1.410308,-0.1928159,2.699797,3.167444,2.038293,31.42009,-0.7896008,0.05924415,1.469202,0.03043282
510,0.015958,1,100,0,87.69661,0,83.25,1.921107,0,0,134.9915,0.892315,0.1245975,0.4338774,-0.1759919,0.9811197,0.08019581,-0.4156935,-0.1479188,0.897396,408.3047,-33.76899,-90.68437,1.244491,-0.2312409,2.799596,3.191758,2.023236,31.30393,-0.6877921,0.06077147,1.463924,0.03773362
511,0.016676,1,100,0,96.03461,0,74.912,2.029224,0,0,134.9914,0.882001,0.1202868,0.4556373,-0.1749463,0.9813569,0.07957758,-0.4375706,-0.1498996,0.8866015,408.3226,-33.77341,-90.63631,1.054138,-0.2717458,2.900145,3.250613,1.99606,31.42963,-0.586831,0.0611891,1.470015,0.04558096
512,0.016794,1,100,0,104.4316,0,66.515,2.150748,0,0,134.9918,0.8710249,0.1157439,0.4774087,-0.173762,0.9816105,0.07904254,-0.4594807,-0.1518035,0.8751191,408.3374,-33.77854,-90.58625,0.8442671,-0.3150014,3.01876,3.311317,1.960763,31.77851,-0.4924237,0.06078022,1.486574,0.05356512
513,0.016507,1,100,0,89.16264,0,58.2615,2.301668,0,0,134.9915,0.8596563,0.1110912,0.498648,-0.1724824,0.9818709,0.07860935,-0.4808751,-0.153585,0.8632328,408.3486,-33.78423,-90.53535,0.6554644,-0.3501661,3.104181,3.39542,1.911434,31.67372,-0.4083415,0.06046702,1.48183,0.05962241
514,0.01668,1,100,0,97.50264,0,49.9215,2.418215,0,0,134.9919,0.8476642,0.1062497,0.519785,-0.1710976,0.9821405,0.07826543,-0.5021863,-0.1552768,0.8507044,408.3567,-33.79057,-90.48248,0.4440524,-0.3887814,3.206924,3.467603,1.854469,31.80573,-0.3312147,0.05930903,1.488191,0.06581986
515,0.016688,1,100,0,105.8466,0,41.5775,2.565516,0,0,134.9923,0.8350729,0.1012379,0.5407442,-0.1696292,0.9824139,0.07803178,-0.5233349,-0.1568882,0.8375601,408.3613,-33.79755,-90.42793,0.2183903,-0.4295934,3.325336,3.566992,1.791018,32.15418,-0.2630456,0.05746533,1.504686,0.07200115
516,0.016673,1,100,0,90.42412,0,33.241,2.738276,0,0,134.9917,0.8219007,0.09607647,0.5614701,-0.1680949,0.9826874,0.07791005,-0.5442643,-0.1584146,0.8238214,408.3622,-33.80513,-90.37177,0.01281884,-0.4622664,3.403171,3.695679,1.714026,32.04869,-0.2039932,0.0556596,1.499877,0.07631113
517,0.016828,1,100,0,98.83812,0,24.827,2.869858,0,0,134.8757,0.8080989,0.09076066,0.5820127,-0.1665033,0.9829592,0.07789715,-0.5650247,-0.1598556,0.8094401,408.3698,-33.81064,-90.32811,3.72738,0.5370541,-1.763603,3.796273,0.7350615,30.7022,-0.1721472,-0.00180781,1.438222,0.07513054
518,0.017022,1,100,0,83.09277,0,16.31599,3.619444,0,0,134.9438,0.7942723,0.08554334,0.6015099,-0.1654479,0.9830768,0.07866038,-0.5846015,-0.1619963,0.7949836,408.4293,-33.80219,-90.35625,3.032121,0.4157168,-1.434658,3.380062,0.8233383,30.51317,-0.1039888,0.006955525,1.429354,0.08010847
519,0.016719,1,100,0,67.62769,0,7.956494,2.980456,0,0,135,0.7803963,0.08034416,0.6201021,-0.1642887,0.9832144,0.0793656,-0.6033167,-0.1638124,0.7804965,408.4765,-33.79585,-90.37831,2.403736,0.3052673,-1.092416,2.657914,0.8911678,29.90123,-0.04791131,0.01495441,1.40065,0.08291069
520,0.016575,1,100,0,52.29582,0,0,2.352848,0,0,135,0.7665652,0.0752105,0.6377471,-0.1630505,0.983368,0.08001488,-0.6211221,-0.1653216,0.7660788,408.5131,-33.79136,-90.39445,1.823627,0.2026051,-0.7396613,1.978324,0.9377815,28.91254,-0.002985376,0.02194412,1.354283,0.08370968
521,0.016525,1,100,0,44.03332,0,0,1.732829,0,0,134.9788,0.7528847,0.0701887,0.6543994,-0.1617579,0.9835328,0.08061153,-0.6379652,-0.1665454,0.7518404,408.5449,-33.78717,-90.41138,2.115436,0.3275578,-1.227917,1.339783,0.8113143,27.48529,0.01692703,0.01815479,1.287505,0.08140873
522,0.016658,1,100,0,35.70432,0,0,2.327325,0,0,135,0.7394612,0.06533504,0.6700213,-0.1605411,0.9836787,0.08125898,-0.6537766,-0.1676538,0.7378812,408.5771,-33.78226,-90.42971,1.574607,0.2273213,-0.8475724,1.802621,0.8366687,26.22458,0.0418175,0.02356696,1.228385,0.07982986
523,0.016908,1,100,0,27.25032,0,0,1.69296,0,0,134.9866,0.7261868,0.06059525,0.6848218,-0.1592884,0.9838325,0.08185714,-0.6687897,-0.1685278,0.7240983,408.6033,-33.77827,-90.4453,1.621498,0.2715332,-0.9483881,1.153951,0.7467978,24.61065,0.04421064,0.02170631,1.152775,0.07560349
524,0.016488,1,100,0,19.00632,0,0,1.816928,0,0,135,0.7137988,0.05624359,0.6980889,-0.1581541,0.9839673,0.08243698,-0.6822601,-0.169249,0.7112498,408.6272,-33.77433,-90.45882,1.113787,0.1738239,-0.5659332,1.261355,0.7471664,23.13342,0.05069855,0.02506586,1.083508,0.07194778
525,0.016706,1,100,0,10.65332,0,0,1.191832,0,0,134.9849,0.7018095,0.05209016,0.7104577,-0.157028,0.9841034,0.08296297,-0.6948423,-0.169786,0.6988328,408.6467,-33.77087,-90.47143,1.230776,0.2328269,-0.7684209,0.6471636,0.6217127,21.33558,0.04472463,0.02035569,0.9993066,0.06641763
526,0.016647,1,100,0,2.329818,0,0,1.431724,0,0,135,0.6906322,0.04827871,0.7215931,-0.1560368,0.9842165,0.08349211,-0.706173,-0.1702574,0.6872649,408.6645,-33.76754,-90.48203,0.7393763,0.1336826,-0.3758569,0.840129,0.6068242,19.64698,0.03572349,0.02225608,0.9201319,0.06098155
527,0.016645,1,100,0,-5.992682,0,0,0.8032013,0,0,134.9843,0.6802203,0.04478321,0.7316385,-0.1550997,0.9843255,0.08394949,-0.7164109,-0.170581,0.676504,408.6777,-33.7648,-90.49136,0.8744954,0.193973,-0.6214424,0.2624446,0.4658388,17.69847,0.0234804,0.01595612,0.8288801,0.05447017
528,0.016706,1,100,0,-14.34568,0,0,1.079994,0,0,135,0.6707223,0.04164427,0.7405387,-0.1543161,0.9844093,0.08440918,-0.725478,-0.1708922,0.6666917,408.6897,-33.76212,-90.4995,0.3998272,0.09298442,-0.2201073,0.4657844,0.444647,15.83694,0.001867052,0.01692919,0.7415972,0.04761403
529,0.016657,1,100,0,-22.67418,0,0,0.4526999,0,0,134.9834,0.6621947,0.03887848,0.7483227,-0.1536096,0.9844879,0.08478171,-0.7334184,-0.1710915,0.6578947,408.6976,-33.75999,-90.50656,0.5578758,0.1569373,-0.5248032,0.1824221,0.2953225,13.75587,-0.0129071,0.009546216,0.6441463,0.04047103
530,0.016767,1,100,0,-31.05768,15.0903,0,0.7812722,0,0,135,0.6547226,0.03649564,0.7549877,-0.153072,0.9845396,0.08515147,-0.7402077,-0.1713181,0.6501868,408.7044,-33.75794,-90.51304,0.09996876,0.05359287,-0.1105068,0.1583594,0.2768321,11.74332,-0.04384732,0.01022083,0.5497794,0.03251228
531,0.016643,1,100,0,-39.37918,30.069,0,0.1550292,0,0,134.9825,0.648398,0.03453226,0.7605178,-0.1526227,0.9845864,0.08541584,-0.7458459,-0.1714557,0.6436743,408.7076,-33.75643,-90.51853,0.2826342,0.1177853,-0.4648115,0.4554825,0.1285913,9.556134,-0.05795461,0.002448757,0.4473667,0.02505377
532,0.016621,1,100,0,-47.68968,45.0279,0,0.5301838,0,0,135,0.6433026,0.03298803,0.764901,-0.1523504,0.9846067,0.08566752,-0.7503007,-0.1716431,0.6384258,408.7099,-33.75505,-90.52391,-0.1518515,0.01409012,-0.04075397,0.1578553,0.1204959,7.442493,-0.09429531,0.003407884,0.3482552,0.01641349
533,0.0168,1,100,0,-56.08968,60.1479,0,0.08549744,0,0,134.9828,0.6393704,0.03186049,0.7682387,-0.1521598,0.9846247,0.08580122,-0.7536932,-0.1717538,0.6343879,408.7093,-33.75417,-90.52824,0.05196536,0.07925137,-0.4077838,0.6536606,-0.01197475,5.149921,-0.1070237,-0.003654552,0.2409049,0.008702323
534,0.016861,1,100,0,-64.52019,75.3228,0,0.3114707,0,0,135,0.6367664,0.03117105,0.7704264,-0.1521385,0.9846185,0.08590713,-0.7558983,-0.1719143,0.6317143,408.7078,-33.75342,-90.53263,-0.3669464,-0.02559095,0.03186099,0.369215,-0.005899302,2.900139,-0.1460111,-0.001976924,0.1354052,-0.0005422011
535,0.016477,1,100,0,-72.75869,90.1521,0,0.3019006,0,0,134.9825,0.6355067,0.03094483,0.7714751,-0.1521942,0.9846129,0.0858767,-0.7569469,-0.1719892,0.6304377,408.7039,-33.75311,-90.53609,-0.1722215,0.04512647,-0.3822593,0.8640574,-0.124215,0.5788724,-0.1523528,-0.008288879,0.02672241,-0.00795222
536,0.01666,1,100,0,-81.08869,100,0,0.1183894,0,0,135,0.6355911,0.03119152,0.7713956,-0.152429,0.9845847,0.08578196,-0.7568286,-0.1721053,0.6305478,408.6989,-33.75291,-90.53991,-0.5464688,-0.0559167,0.07753219,0.5547667,-0.1007325,-1.724614,-0.3000105,-0.005541053,-0.08163287,-0.02428655
537,0.016904,1,100,0,-89.5407,100,0,0.4720945,0,0,134.9824,0.6370413,0.03199283,0.7701656,-0.1527826,0.9845567,0.0854752,-0.7555371,-0.1721191,0.6320912,408.6918,-33.75313,-90.54255,-0.3841035,0.00983873,-0.347856,1.06085,-0.2037241,-4.173912,-0.2949902,-0.01074341,-0.1962904,-0.03136864
538,0.01649,1,100,0,-97.7857,100,0,0.06863427,0,0,135,0.6398527,0.03321141,0.7677796,-0.1532624,0.984511,0.08513951,-0.7530599,-0.1721485,0.6350321,408.6835,-33.7535,-90.54588,-0.7432097,-0.08637543,0.09174711,0.7538162,-0.168114,-6.522277,-0.3224734,-0.007008722,-0.3064025,-0.04020149
539,0.016679,1,100,0,-106.1252,100,0,0.6328132,0,0,134.9835,0.6440555,0.0349078,0.764182,-0.1537967,0.9844701,0.08464994,-0.7493593,-0.172048,0.6394221,408.6728,-33.75436,-90.54741,-0.6325557,-0.03352328,-0.2908278,1.238112,-0.2502871,-8.985607,-0.3077636,-0.01057306,-0.4217066,-0.04669304
540,0.016686,1,100,0,-90.69065,100,0,0.2938174,0,0,135,0.6495318,0.03700081,0.7594336,-0.1544389,0.9844142,0.08412696,-0.7444844,-0.1719292,0.6451227,408.6603,-33.75545,-90.54974,-0.9801584,-0.1281045,0.1637742,1.00197,-0.2050339,-10.76292,-0.326624,-0.006194617,-0.5050622,-0.05322475
541,0.016634,1,100,0,-99.00765,100,0,0.857392,0,0,134.983,0.655979,0.03943398,0.7537484,-0.1550998,0.9843653,0.08348247,-0.7386718,-0.171669,0.6518393,408.646,-33.75691,-90.55046,-0.8645855,-0.07274623,-0.2408518,1.483227,-0.2839641,-12.66548,-0.2991294,-0.009476827,-0.5940655,-0.05716209
542,0.016724,1,100,0,-107.3697,100,0,0.4941365,0,0,135,0.6635028,0.04220093,0.7469828,-0.1558502,0.9843023,0.0828246,-0.7317616,-0.1713717,0.6596643,408.6297,-33.75864,-90.55187,-1.19756,-0.1653339,0.2296218,1.230533,-0.2336183,-14.608,-0.3068815,-0.004202952,-0.6851477,-0.06341736
543,0.016687,1,100,0,-91.93417,100,0,1.056136,0,0,134.9836,0.6719116,0.04528158,0.7392458,-0.1566059,0.984247,0.08205266,-0.723885,-0.1709024,0.6684183,408.6114,-33.76083,-90.55083,-1.109915,-0.1182991,-0.1373008,1.708157,-0.3063087,-15.99248,-0.2679912,-0.006969562,-0.7498534,-0.06498156
544,0.016652,1,100,0,-100.2602,100,0,0.7318943,0,0,135,0.6809958,0.04856384,0.7306753,-0.157417,0.9841799,0.08130123,-0.7151676,-0.1703865,0.6778672,408.5912,-33.76329,-90.55045,-1.42638,-0.208104,0.3457541,1.482368,-0.2572301,-17.4511,-0.2632246,-0.001665256,-0.8182425,-0.06888233
545,0.01668,1,100,0,-84.83117,100,0,1.289935,0,0,134.9835,0.6906781,0.05206569,0.7212856,-0.1582161,0.9841206,0.08046395,-0.7056426,-0.1696937,0.6879482,408.5693,-33.76615,-90.54752,-1.336374,-0.1615527,-0.01302177,1.961796,-0.3340737,-18.40386,-0.2124344,-0.004641389,-0.8626823,-0.06828626
546,0.016617,1,100,0,-93.13967,100,0,0.961459,0,0,135,0.7007313,0.05566612,0.7112502,-0.1590492,0.98405,0.07968012,-0.6954703,-0.1689581,0.6984084,408.5454,-33.76932,-90.54498,-1.636234,-0.2488168,0.4839512,1.724349,-0.2896979,-19.46021,-0.1948608,0.0003942201,-0.9121957,-0.07005172
547,0.016674,1,100,0,-101.4767,100,0,1.517987,0,0,134.9843,0.7112564,0.05944103,0.700415,-0.1598602,0.9839872,0.0788281,-0.6845137,-0.1680355,0.7093694,408.5201,-33.77285,-90.53966,-1.568537,-0.2103314,0.1711134,2.206813,-0.3675567,-20.71209,-0.1336998,-0.001991326,-0.9706206,-0.069547
548,0.016829,1,100,0,-85.90984,100,0,1.230411,0,0,135,0.7222735,0.06335725,0.6886995,-0.1607058,0.9839137,0.07802461,-0.6726774,-0.1670331,0.7208367,408.4921,-33.77687,-90.53388,-1.856469,-0.2962091,0.6883487,2.002009,-0.3314316,-21.38363,-0.1034008,0.002494287,-1.002069,-0.06921448
549,0.016592,1,100,0,-94.20584,100,0,1.794468,0,0,134.984,0.733317,0.06728955,0.676549,-0.1615003,0.9838488,0.07719788,-0.6604273,-0.1658733,0.7323404,408.4637,-33.78104,-90.52566,-1.769556,-0.253877,0.3702765,2.491393,-0.4218836,-22.28082,-0.03261613,-0.0007517622,-1.043829,-0.06690213
550,0.01668,1,100,0,-102.5458,100,0,1.481943,0,0,135,0.744692,0.07130671,0.6635881,-0.162318,0.983773,0.07644394,-0.6473691,-0.1646395,0.7441823,408.4327,-33.78574,-90.51656,-2.038131,-0.3365882,0.8963032,2.251805,-0.3950445,-23.28162,0.008865998,0.003794935,-1.090679,-0.06666165
551,0.016754,1,100,0,-87.04839,91.623,0,2.041852,0,0,134.9848,0.7562978,0.0754097,0.6498669,-0.1630967,0.9837048,0.0756598,-0.6335717,-0.1632125,0.7562729,408.4008,-33.79073,-90.50407,-1.967727,-0.3014491,0.6325358,2.751723,-0.4905827,-23.82809,0.08741127,9.455375e-05,-1.115969,-0.06266423
552,0.016583,1,100,0,-95.33989,83.3315,0,1.774266,0,0,135,0.7678303,0.07945582,0.635707,-0.1638685,0.9836282,0.07498462,-0.6193414,-0.1617478,0.7682799,408.3668,-33.79617,-90.49061,-2.212945,-0.3807121,1.171032,2.532466,-0.4741835,-24.48965,0.1386697,0.003769036,-1.146889,-0.06066025
553,0.016675,1,100,0,-103.6774,74.994,0,2.331828,0,0,134.9855,0.7795023,0.08355318,0.6208021,-0.164595,0.9835593,0.07429531,-0.6043881,-0.1600943,0.7804392,408.3325,-33.80179,-90.47388,-2.152108,-0.3509348,0.9509121,3.038786,-0.5742686,-25.39627,0.2230741,0.0004740433,-1.189035,-0.05714287
554,0.016681,1,100,0,-88.24747,66.6535,0,2.09902,0,0,134.9927,0.7912319,0.08764267,0.6052032,-0.1653157,0.9834826,0.07370749,-0.5887469,-0.1583693,0.7926515,408.2956,-33.80799,-90.45529,-2.302316,-0.3879524,1.098358,2.846312,-0.6189254,-25.71346,0.3076688,-4.966708e-05,-1.203635,-0.0518788
555,0.016685,1,100,0,-96.58997,58.311,0,2.287536,0,0,134.9921,0.8028342,0.09165975,0.5891146,-0.1659837,0.9834087,0.07319188,-0.5726317,-0.1565444,0.8047281,408.2567,-33.81466,-90.43491,-2.412855,-0.4158952,1.2279,3.046585,-0.6724258,-26.24601,0.3942943,-0.0007780959,-1.228313,-0.04701214
556,0.016679,1,100,0,-104.9295,49.9715,0,2.434909,0,0,134.8952,0.8143724,0.09563065,0.5724094,-0.1666035,0.9833369,0.07274539,-0.5559146,-0.1546073,0.8167348,408.2348,-33.81625,-90.43924,0.4516838,0.4593677,-3.219397,3.202998,-1.426507,-25.74842,0.5117775,-0.04796467,-1.203434,-0.03748805
557,0.016689,1,100,0,-89.49214,41.627,0,2.951513,0,0,134.962,0.8253158,0.09933339,0.555866,-0.1675152,0.9831613,0.07302518,-0.5392522,-0.1533849,0.8280584,408.2413,-33.80904,-90.4893,0.2644216,0.3775442,-2.560436,2.601593,-1.333115,-26.07485,0.5779836,-0.03972249,-1.218803,-0.03356809
558,0.016706,1,100,0,-97.84514,33.27399,0,2.32069,0,0,135,0.836103,0.1029967,0.5388169,-0.1682958,0.9830116,0.07324512,-0.5221192,-0.1519211,0.8392329,408.2446,-33.8032,-90.52856,0.06616057,0.294133,-1.9273,1.950737,-1.248776,-26.59966,0.6455853,-0.03168033,-1.243454,-0.02996092
559,0.016708,1,100,0,-106.1991,24.91999,0,1.696682,0,0,134.9774,0.8467799,0.1066391,0.521145,-0.1689537,0.9828873,0.07340068,-0.5043994,-0.1502036,0.8503063,408.2488,-33.79749,-90.56355,0.4185832,0.4038442,-2.463304,1.339875,-1.33843,-26.991,0.7305436,-0.0349445,-1.261473,-0.02479688
560,0.016595,1,100,0,-90.84877,16.62249,0,2.366355,0,0,135,0.8571165,0.1101565,0.503207,-0.1695524,0.9827645,0.07366398,-0.4864194,-0.1484585,0.861021,408.2546,-33.79127,-90.60103,0.2115059,0.3174456,-1.848349,1.8873,-1.257128,-27.23168,0.7985767,-0.02758849,-1.272799,-0.02023245
561,0.016628,1,100,0,-75.46787,8.308494,0,1.741475,0,0,134.9831,0.8671393,0.1135703,0.4849445,-0.1700202,0.9826669,0.0738835,-0.4681479,-0.1465176,0.8714184,408.2611,-33.78522,-90.63461,0.367896,0.3674949,-2.13211,1.270635,-1.309946,-26.77358,0.8804555,-0.03020605,-1.251041,-0.01292283
562,0.016878,1,100,0,-59.85572,0,0,2.084034,0,0,135,0.8767242,0.1167978,0.4665971,-0.1703989,0.9825761,0.07421838,-0.4497986,-0.1445767,0.8813505,408.2662,-33.77952,-90.66713,0.1570326,0.2776529,-1.517468,1.550632,-1.232634,-26.14826,0.9485118,-0.02499778,-1.221733,-0.006062221
563,0.016519,1,100,0,-51.59622,0,0,1.448196,0,0,134.9841,0.8855232,0.1197279,0.4489031,-0.1706261,0.9825128,0.07453546,-0.4321291,-0.1425975,0.8904666,408.2715,-33.77428,-90.69457,0.2899895,0.3164686,-1.762658,0.9517388,-1.280946,-25.14331,1.022128,-0.0288099,-1.174331,0.002037391
564,0.016624,1,100,0,-43.28422,0,0,1.740029,0,0,135,0.8936996,0.1223874,0.4316509,-0.1707545,0.9824572,0.07497461,-0.4149026,-0.1407111,0.8989198,408.2751,-33.76952,-90.72057,0.08140896,0.226079,-1.167744,1.19221,-1.203157,-24.19761,1.085486,-0.02466487,-1.129997,0.009267554
565,0.016734,1,100,0,-34.91722,0,0,1.115296,0,0,134.9841,0.9013021,0.1247977,0.4148256,-0.170739,0.9824263,0.07541214,-0.3981243,-0.1387961,0.9067707,408.2791,-33.76513,-90.74226,0.229353,0.2639127,-1.407398,0.609187,-1.247009,-22.89742,1.148238,-0.02924971,-1.06876,0.01723245
566,0.016664,1,100,0,-26.58522,0,0,1.404129,0,0,135,0.9081818,0.1268892,0.3988797,-0.1706254,0.982403,0.07596922,-0.382221,-0.1370529,0.9138511,408.2818,-33.76125,-90.76245,0.02054953,0.1718458,-0.8190644,0.8371497,-1.161638,-21.66719,1.205367,-0.02566457,-1.011102,0.02455879
567,0.016733,1,100,0,-18.21872,0,0,0.7799093,0,0,134.9837,0.9144632,0.1287021,0.3836574,-0.1703688,0.9824046,0.07652263,-0.3670582,-0.1353404,0.9202997,408.2847,-33.75778,-90.77834,0.2029486,0.2146065,-1.074455,0.308564,-1.198439,-20.12995,1.25305,-0.03076163,-0.9387805,0.03188608
568,0.016654,1,100,0,-9.89172,0,0,1.09236,0,0,135,0.9200515,0.130196,0.3695326,-0.1700236,0.9824122,0.07719031,-0.3529835,-0.1338483,0.9260063,408.2869,-33.75473,-90.79301,-0.007891444,0.1211528,-0.493446,0.5081626,-1.100307,-18.66262,1.301232,-0.02729243,-0.870044,0.03895904
569,0.016678,1,100,0,-1.55272,0,0,0.4703646,0,0,134.9831,0.9250526,0.1313981,0.3563878,-0.1695409,0.9824439,0.0778448,-0.3399023,-0.1324328,0.9310897,408.2895,-33.75209,-90.8036,0.2176899,0.1714131,-0.7740629,0.2213441,-1.126709,-16.93468,1.330911,-0.03254013,-0.7888343,0.04531702
570,0.016689,1,100,0,6.79178,0,15.0201,0.817416,0,0,135,0.9294376,0.1322983,0.3444459,-0.1689802,0.9824798,0.07860772,-0.3280114,-0.1312655,0.9355094,408.2919,-33.74976,-90.81332,-0.001211494,0.07602923,-0.1983734,0.2124474,-1.011689,-15.26051,1.368103,-0.02879388,-0.7104604,0.05192216
571,0.016678,1,100,0,15.13078,0,30.0303,0.1951628,0,0,134.9823,0.9332646,0.132903,0.3336979,-0.16829,0.9825393,0.07934324,-0.3173264,-0.1302062,0.9393353,408.2949,-33.74784,-90.81933,0.2715179,0.1331802,-0.5118939,0.4210982,-1.025618,-13.36928,1.377551,-0.03391195,-0.6216664,0.0571174
572,0.016701,1,100,0,23.48128,0,45.0612,0.5843407,0,0,135,0.9365258,0.1332192,0.3243027,-0.1675368,0.9826005,0.08017617,-0.307979,-0.1294197,0.9425498,408.2981,-33.74616,-90.82471,0.03907035,0.03638503,0.05684182,0.07798304,-0.8916841,-11.52113,1.401879,-0.02959306,-0.5352098,0.06308387
573,0.016712,1,100,0,31.83728,0,60.102,0.03683446,0,0,134.9822,0.9392735,0.1332431,0.3162462,-0.1666622,0.9826841,0.08096717,-0.2999818,-0.1287566,0.9452158,408.3017,-33.74489,-90.82693,0.3182507,0.0938557,-0.3023748,0.5997512,-0.8860484,-9.495378,1.391298,-0.03395474,-0.4402053,0.06711152
574,0.016581,1,100,0,40.12778,0,75.0249,0.3933634,0,0,135,0.9414775,0.1329947,0.3097298,-0.1657479,0.9827673,0.08182967,-0.2935095,-0.1283779,0.9472969,408.3056,-33.74386,-90.82887,0.07648659,-0.001080794,0.2539022,0.2651748,-0.7357242,-7.51809,1.401245,-0.02900706,-0.3477737,0.07229881
575,0.016637,1,100,0,48.44628,0,89.9982,0.21821,0,0,134.9818,0.9432097,0.1324606,0.3046469,-0.1647221,0.9828721,0.08263867,-0.2884826,-0.1281277,0.9488737,408.31,-33.74307,-90.82811,0.401063,0.07964248,-0.1142473,0.7772271,-0.7165713,-5.389114,1.369183,-0.03280325,-0.2480237,0.07506685
576,0.016706,1,100,0,56.79928,0,100,0.2343103,0,0,135,0.9444501,0.1316643,0.301129,-0.1636632,0.9829751,0.08351548,-0.2850063,-0.1281599,0.9499196,408.3153,-33.74227,-90.82699,0.142585,-0.01614974,0.4292616,0.4526111,-0.5502794,-3.274329,1.364043,-0.02714883,-0.1492298,0.07952946
577,0.016613,1,100,0,65.10578,0,100,0.3691961,0,0,134.9814,0.9452147,0.1305899,0.2991917,-0.1625134,0.9830972,0.08431864,-0.2831233,-0.1283219,0.9504606,408.3208,-33.74171,-90.82344,0.4999869,0.07084566,0.06077409,0.9461749,-0.5207312,-1.053547,1.310473,-0.03042263,-0.04527002,0.08109846
578,0.016686,1,100,0,73.44878,0,100,0.09288564,0,0,135,0.9454883,0.1292625,0.2989034,-0.1613485,0.9832149,0.08517896,-0.2828758,-0.1287633,0.9504744,408.3277,-33.74106,-90.81951,0.2274971,-0.02497821,0.5850891,0.628258,-0.3440636,1.159462,1.289601,-0.02419472,0.05805189,0.08479788
579,0.016726,1,100,0,81.81178,0,100,0.4949751,0,0,134.9814,0.945276,0.1276478,0.3002655,-0.1600955,0.9833513,0.08596326,-0.2842934,-0.1293302,0.9499742,408.3345,-33.7407,-90.81311,0.596691,0.06147181,0.2397991,1.102738,-0.3046782,3.476278,1.215734,-0.02685468,0.1664168,0.08535224
580,0.016641,1,100,0,90.13229,0,100,0.05021745,0,0,135,0.944544,0.1257982,0.3033343,-0.1588551,0.9834803,0.0867874,-0.2874056,-0.1301607,0.9489241,408.3428,-33.74021,-90.8063,0.3104385,-0.0349624,0.749084,0.8116165,-0.1237526,5.769669,1.178959,-0.02026477,0.2734407,0.08833387
581,0.016729,1,100,0,98.49679,0,100,0.6261529,0,0,134.9817,0.9432765,0.1236523,0.3081227,-0.1575348,0.9836262,0.08753411,-0.2922538,-0.1311089,0.9473109,408.3507,-33.74007,-90.79692,0.6778019,0.04703793,0.4407275,1.26646,-0.07920453,8.154685,1.086535,-0.02240286,0.3849145,0.08801995
582,0.016635,1,100,0,106.8143,0,100,0.2132487,0,0,135,0.9414348,0.1212746,0.3146312,-0.156242,0.9837626,0.08831342,-0.2988123,-0.1322999,0.9450966,408.3604,-33.73984,-90.78681,0.37462,-0.05115471,0.9408741,1.014002,0.09964845,10.52404,1.033944,-0.01570001,0.495445,0.09037402
583,0.016738,1,100,0,91.33163,0,100,0.7840436,0,0,134.982,0.9390203,0.1186203,0.3227539,-0.1548844,0.983915,0.08900706,-0.3070044,-0.133569,0.9422886,408.3691,-33.74003,-90.77406,0.7372456,0.02650313,0.6597866,1.457585,0.1412849,12.30205,0.9244369,-0.01628406,0.5783995,0.08779258
584,0.01668,1,100,0,99.67163,0,100,0.3918317,0,0,135,0.9360915,0.1158179,0.3321432,-0.1535815,0.9840559,0.08970541,-0.316458,-0.1349835,0.9389539,408.3796,-33.74014,-90.76031,0.4141991,-0.07386712,1.152058,1.22648,0.3097185,14.13139,0.8563454,-0.008659918,0.6635883,0.08812569
585,0.016682,1,100,0,108.0126,0,100,0.9606233,0,0,134.9827,0.9325935,0.1128004,0.3428491,-0.1522426,0.984209,0.09030573,-0.3272487,-0.1364148,0.93504,408.3888,-33.74076,-90.74398,0.7559438,-0.003986493,0.911087,1.663253,0.339734,16.06422,0.7328434,-0.009854537,0.7537571,0.0852309
586,0.016688,1,100,0,92.57623,0,100,0.605065,0,0,135,0.9285026,0.1096362,0.3547717,-0.1509679,0.9843493,0.09091412,-0.3392518,-0.1379731,0.9305224,408.3995,-33.74139,-90.72609,0.4136274,-0.1060384,1.393682,1.457629,0.4897602,17.38148,0.6505921,-0.001935592,0.8149422,0.0836492
587,0.017462,1,100,0,101.3072,0,100,1.171159,0,0,134.9824,0.9236533,0.1061758,0.3682274,-0.1496234,0.9845062,0.09143647,-0.3528138,-0.139551,0.9252288,408.409,-33.74259,-90.70487,0.741047,-0.0404063,1.16867,1.920092,0.501591,18.92865,0.5100682,-0.003044493,0.8870043,0.0789574
588,0.015974,1,100,0,86.53129,0,100,0.8254744,0,0,135,0.918669,0.1029319,0.3813825,-0.1484815,0.9846345,0.09191579,-0.3660613,-0.1410684,0.9198366,408.4189,-33.74376,-90.68379,0.3945043,-0.1392851,1.620066,1.673215,0.6208967,19.7983,0.4193395,0.004063458,0.9272553,0.07585865
589,0.016675,1,100,0,94.86879,0,100,1.365432,0,0,134.9837,0.9129781,0.09947145,0.3956975,-0.1473028,0.9847744,0.09231126,-0.3804904,-0.1425655,0.9137298,408.4272,-33.74557,-90.65936,0.6809348,-0.08297153,1.430747,2.114278,0.6094168,20.89605,0.2762679,0.002580039,0.9782814,0.06999996
590,0.01671,1,100,0,103.2238,0,100,1.060056,0,0,135,0.9066816,0.09594763,0.4107589,-0.1462265,0.9848974,0.09271215,-0.3956598,-0.1441242,0.9070184,408.4365,-33.74753,-90.63287,0.300083,-0.1871294,1.89143,1.924208,0.7069256,22.11005,0.1716516,0.008038927,1.03466,0.06699656
591,0.016647,1,100,0,87.82532,0,100,1.623801,0,0,134.9838,0.8998189,0.09235373,0.4263764,-0.1451781,0.9850229,0.09302446,-0.4113994,-0.1456057,0.89975,408.4433,-33.7501,-90.60419,0.5717073,-0.1325879,1.706014,2.378819,0.668725,22.82615,0.02300219,0.005796516,1.067825,0.05991882
592,0.016686,1,100,0,96.16832,0,100,1.319092,0,0,135,0.8923934,0.08875238,0.4424445,-0.1442535,0.9851286,0.09334129,-0.4275804,-0.1471213,0.891925,408.4506,-33.7529,-90.57322,0.1738866,-0.2371424,2.153858,2.17384,0.7392299,23.67996,-0.0886391,0.0103969,1.107363,0.05563348
593,0.016633,1,100,0,104.4848,0,100,1.881618,0,0,134.9847,0.8843802,0.08510121,0.4589442,-0.1433698,0.985235,0.09358148,-0.444204,-0.1485603,0.8835233,408.4551,-33.7563,-90.54029,0.4040858,-0.1915006,2.009201,2.640843,0.6817224,24.73436,-0.2390497,0.006631474,1.156378,0.0493853
594,0.016689,1,100,0,89.04749,0,100,1.624129,0,0,135,0.8756982,0.08141862,0.4759451,-0.1426124,0.9853203,0.09383863,-0.4613182,-0.15005,0.8744545,408.4596,-33.76008,-90.50433,-0.01072907,-0.2966851,2.444759,2.462719,0.7278283,25.23055,-0.3549918,0.01045201,1.1792,0.04396474
595,0.01672,1,100,0,97.40749,0,100,2.187298,0,0,134.9845,0.8664474,0.07772286,0.4931817,-0.1419094,0.9854047,0.09401925,-0.4786762,-0.1514499,0.864831,408.4614,-33.76438,-90.467,0.2105213,-0.2491268,2.283297,2.948391,0.6456936,25.97934,-0.5053246,0.005786327,1.213929,0.0369841
596,0.016633,1,100,0,105.724,0,100,1.911625,0,0,135,0.8565804,0.07403517,0.5106748,-0.141349,0.9854655,0.09422375,-0.4962765,-0.1528936,0.8545953,408.4625,-33.76911,-90.42667,-0.2203876,-0.3546775,2.703498,2.735557,0.6714474,26.83711,-0.6222212,0.007986545,1.253707,0.03250712
597,0.016723,1,100,0,90.25522,0,100,2.473998,0,0,134.9854,0.8460125,0.07029758,0.5285086,-0.1408421,0.9855244,0.09436774,-0.5142243,-0.1542725,0.8436668,408.4602,-33.7745,-90.38459,-0.04261315,-0.3154375,2.57501,3.234259,0.5782807,27.25722,-0.7682531,0.003245579,1.273065,0.02497988
598,0.016834,1,100,0,98.67222,0,100,2.243026,0,0,134.993,0.8347762,0.06656809,0.5465505,-0.1404801,0.985561,0.09452474,-0.5323665,-0.1556865,0.8320743,408.4572,-33.78036,-90.33921,-0.1493752,-0.3532508,2.800719,3.056298,0.5441394,27.79795,-0.9098525,0.00219665,1.298012,0.01811529
599,0.016871,1,100,0,107.1077,0,100,2.464926,0,0,134.9924,0.8228493,0.06283655,0.5647748,-0.1402246,0.9855857,0.09464462,-0.5506868,-0.1570736,0.8197998,408.4527,-33.78672,-90.29073,-0.252866,-0.3858011,2.986982,3.292645,0.4989246,28.54545,-1.048665,0.0002850069,1.332656,0.01201142
600,0.016494,1,100,0,91.85077,0,100,2.648576,0,0,134.8879,0.8105338,0.05919383,0.582693,-0.1400805,0.9855981,0.09473023,-0.5686936,-0.158406,0.8071525,408.4669,-33.78806,-90.26911,3.177165,0.5080842,-1.573861,3.478305,-0.3504167,27.49319,-1.196376,-0.05120361,1.28387,0.0002136007
601,0.016873,1,100,0,100.2873,0,100,3.157663,0,0,134.9554,0.797933,0.05573152,0.6001642,-0.1405665,0.9854667,0.0953757,-0.5861264,-0.1604664,0.7941703,408.5173,-33.78016,-90.29331,2.612635,0.3879716,-1.158884,2.884336,-0.2419675,28.09214,-1.305174,-0.04317693,1.311557,-0.004005909
602,0.016532,1,100,0,84.99517,0,100,2.513942,0,0,135,0.7850112,0.05231962,0.6172684,-0.1410388,0.9853535,0.09584764,-0.6032129,-0.1623003,0.7808927,408.5576,-33.77438,-90.31022,2.086327,0.2740528,-0.7531187,2.234962,-0.1470343,28.19282,-1.407812,-0.03551039,1.315947,-0.009325534
603,0.01668,1,100,0,93.33517,0,100,1.891083,0,0,134.9789,0.7715086,0.04890163,0.6343368,-0.1415164,0.9852541,0.09616444,-0.6202803,-0.1639608,0.7670525,408.593,-33.76949,-90.32549,2.41054,0.3632663,-1.198428,1.622134,-0.2223174,28.20406,-1.521708,-0.03865537,1.316259,-0.01572252
604,0.016683,1,100,0,101.6767,0,100,2.474029,0,0,135,0.7575732,0.04553478,0.6511601,-0.1421094,0.9851414,0.09644342,-0.6370932,-0.1655989,0.7527876,408.6304,-33.76406,-90.34317,1.893011,0.2499249,-0.785202,2.064581,-0.1285642,28.76019,-1.616012,-0.03142516,1.342004,-0.01927561
605,0.016693,1,100,0,86.23565,0,100,1.838502,0,0,134.9825,0.7430538,0.04214666,0.6679032,-0.1426819,0.9850456,0.09657682,-0.6538447,-0.1670595,0.7379554,408.6636,-33.75919,-90.3604,2.104944,0.3199109,-1.051919,1.448529,-0.1731658,28.5771,-1.719044,-0.03243583,1.33321,-0.02562745
606,0.01674,1,100,0,94.60565,0,100,2.20602,0,0,135,0.7281593,0.03882903,0.6843072,-0.1433434,0.9849432,0.0966415,-0.6702513,-0.1684614,0.7227615,408.696,-33.75447,-90.37572,1.594964,0.2064312,-0.6422275,1.731757,-0.08778027,28.89755,-1.802606,-0.0255128,1.347962,-0.02927504
607,0.016684,1,100,0,102.9477,0,100,1.56798,0,0,134.9818,0.7127406,0.0354984,0.700529,-0.1439699,0.9848586,0.09657311,-0.6864938,-0.1696866,0.7070594,408.7243,-33.75033,-90.39062,1.845709,0.2823648,-0.9422101,1.129354,-0.1483811,29.1733,-1.88829,-0.0278717,1.360701,-0.03328201
608,0.016614,1,100,0,87.5797,0,100,1.98118,0,0,135,0.6969478,0.03220881,0.7163982,-0.1446671,0.984767,0.09646484,-0.7023783,-0.1708702,0.6909906,408.7522,-33.74626,-90.40405,1.344397,0.1692794,-0.5419137,1.459359,-0.07169983,29.23893,-1.95906,-0.02129984,1.363566,-0.03696507
609,0.016711,1,100,0,95.9352,0,91.6445,1.347658,0,0,134.9833,0.6806208,0.02891294,0.7320653,-0.1453305,0.9846927,0.09622723,-0.7180771,-0.1718857,0.6744043,408.7754,-33.74302,-90.41598,1.553157,0.2294507,-0.7766299,0.8633236,-0.1302597,29.30864,-2.028969,-0.02338555,1.366688,-0.04067799
610,0.016674,1,100,0,104.2722,0,83.3075,1.678488,0,0,135,0.6638862,0.02563717,0.747394,-0.1460487,0.9846127,0.09595614,-0.7334336,-0.1728599,0.6574152,408.7985,-33.73983,-90.42677,1.049916,0.1158366,-0.389168,1.125697,-0.06161378,29.81803,-2.086998,-0.01751558,1.390381,-0.0423108
611,0.016644,1,100,0,88.8765,0,74.9855,1.045912,0,0,134.9835,0.6466289,0.02233357,0.7624778,-0.1467113,0.9845507,0.0955821,-0.7485634,-0.1736703,0.6399155,408.8167,-33.7375,-90.43613,1.25699,0.1733043,-0.6207414,0.5533714,-0.1273111,29.64785,-2.139143,-0.01991573,1.382309,-0.04571924
612,0.017034,1,100,0,97.3935,0,66.46851,1.368257,0,0,135,0.6286491,0.01903615,0.7774561,-0.1474804,0.9844779,0.09514717,-0.7635771,-0.1744737,0.6216985,408.8352,-33.73515,-90.4444,0.7516731,0.06683246,-0.2185746,0.7856551,-0.1104327,29.93105,-2.296796,-0.0172018,1.395126,-0.05444981
613,0.016506,1,100,0,105.6465,0,58.21551,0.7215084,0,0,134.9837,0.6106698,0.0159126,0.7917254,-0.1482701,0.984414,0.09457758,-0.7778806,-0.1751449,0.6035113,408.8481,-33.73367,-90.45048,0.9688197,0.1340397,-0.4373352,0.30424,-0.2297945,30.22406,-2.435671,-0.02328076,1.408494,-0.06202547
614,0.016603,1,100,0,90.28873,0,49.91401,1.041039,0,0,135,0.5921525,0.01286355,0.8057234,-0.1492054,0.9843339,0.09394082,-0.7918924,-0.1758455,0.5847952,408.8614,-33.73201,-90.45566,0.4706934,0.03208454,-0.06532944,0.4762873,-0.2219265,30.2445,-2.568172,-0.02114761,1.409086,-0.07000636
615,0.016863,1,100,0,98.72023,0,41.48251,0.4165848,0,0,134.9848,0.5729378,0.009864256,0.8195395,-0.1501883,0.9842595,0.09314936,-0.8057207,-0.1764541,0.565401,408.8691,-33.73127,-90.45848,0.6346817,0.08691604,-0.2390915,0.2955002,-0.336611,30.33814,-2.685765,-0.02690542,1.413168,-0.07686556
616,0.016546,1,100,0,106.9932,0,33.20951,0.6618955,0,0,135,0.5536512,0.006987773,0.8327194,-0.151268,0.9841728,0.09231507,-0.8188947,-0.1770742,0.5459454,408.8769,-33.73038,-90.4605,0.1320467,-0.01373754,0.1088023,0.1716479,-0.3293128,30.80552,-2.794648,-0.02494325,1.434776,-0.08199893
617,0.016746,1,100,0,91.50318,0,24.83651,0.04629968,0,0,134.986,0.5336083,0.004109703,0.8457217,-0.1523641,0.9840934,0.09135207,-0.8318937,-0.1776039,0.5257466,408.8787,-33.73043,-90.46045,0.2691441,0.03605091,-0.05387026,0.5622233,-0.4342341,30.65751,-2.886206,-0.03008103,1.427607,-0.08798795
618,0.016735,1,100,0,76.02331,0,16.46901,0.2586242,0,0,135,0.5134501,0.001362734,0.8581185,-0.1535587,0.9840034,0.09031826,-0.8442684,-0.1781454,0.5054459,408.8803,-33.73039,-90.45952,-0.2459215,-0.06579555,0.2709378,0.3717711,-0.4226831,30.2271,-2.97168,-0.02782957,1.40722,-0.09446622
619,0.01663,1,100,0,60.64056,0,8.15401,0.3562893,0,0,134.9864,0.4934909,-0.001191452,0.8697501,-0.1547464,0.9839237,0.08915003,-0.8558739,-0.1785855,0.485373,408.876,-33.73128,-90.45695,-0.09146982,-0.01918693,0.1018533,0.9141657,-0.5158136,29.28432,-3.032972,-0.03244257,1.362887,-0.1010725
620,0.016723,1,100,0,52.27906,0,0,0.13115,0,0,135,0.4738146,-0.003523432,0.8806176,-0.156029,0.9838347,0.0878875,-0.8666918,-0.1790442,0.4656055,408.8719,-33.73212,-90.45371,-0.5612761,-0.1130942,0.3752417,0.6845638,-0.4918398,28.29895,-3.092824,-0.02974663,1.316565,-0.1077258
621,0.016681,1,100,0,43.93856,0,0,0.6814169,0,0,134.9863,0.4546421,-0.005605958,0.8906566,-0.1572926,0.983758,0.08648314,-0.8766754,-0.1794126,0.4463761,408.8622,-33.73386,-90.44928,-0.4265167,-0.06973465,0.1821311,1.241281,-0.5690204,27.06861,-3.121776,-0.03376168,1.25884,-0.113244
622,0.016735,1,100,0,35.57106,0,0,0.4677269,0,0,135,0.4360657,-0.007435195,0.8998842,-0.1586252,0.9836739,0.08499409,-0.8858244,-0.1798074,0.4277671,408.8524,-33.73557,-90.44469,-0.9021512,-0.1660683,0.4551808,1.024034,-0.5274832,25.7965,-3.155102,-0.03037794,1.199153,-0.1191772
623,0.016721,1,100,0,27.21056,0,0,1.023719,0,0,134.9846,0.4182237,-0.008989252,0.9082995,-0.1599181,0.9836035,0.08336833,-0.894156,-0.1801202,0.4099287,408.8377,-33.73795,-90.44026,-0.7327013,-0.1088455,0.1503991,1.589018,-0.5963036,24.33369,-3.144002,-0.03430235,1.130641,-0.12294
624,0.016663,1,100,0,18.87906,0,0,0.7364074,0,0,135,0.4013262,-0.01027491,0.9158776,-0.1612537,0.9835261,0.08169322,-0.901629,-0.1804743,0.3930579,408.8228,-33.74031,-90.43622,-1.211974,-0.2078706,0.4266202,1.301574,-0.5338998,22.82664,-3.150421,-0.03001187,1.060018,-0.1279585
625,0.016668,1,100,0,10.54506,0,0,1.297952,0,0,134.983,0.3853678,-0.0112693,0.9226943,-0.1625275,0.9834644,0.07989192,-0.9083373,-0.180751,0.3771639,408.8036,-33.74323,-90.43313,-1.008243,-0.1387734,0.02874738,1.867577,-0.5899819,21.18324,-3.099632,-0.03352547,0.9831496,-0.1298185
626,0.016888,1,100,0,2.101055,0,0,0.9517503,0,0,135,0.3702921,-0.01201321,0.9288378,-0.1638465,0.9833944,0.07803816,-0.9143513,-0.1810837,0.3621748,408.7838,-33.74615,-90.43098,-1.496486,-0.2425718,0.3226263,1.549968,-0.5051569,19.44555,-3.079384,-0.02817078,0.9017905,-0.1339191
627,0.016426,1,100,0,-6.111945,0,0,1.529087,0,0,134.981,0.3567618,-0.01243463,0.9341125,-0.1650462,0.9833435,0.07612541,-0.9195001,-0.1813304,0.3487672,408.7611,-33.74934,-90.43088,-1.240039,-0.1577116,-0.1789383,2.103724,-0.5517078,17.68221,-2.988398,-0.03139472,0.8194141,-0.1336502
628,0.016708,1,100,0,-14.46595,0,0,1.106406,0,0,135,0.3442235,-0.01261882,0.938803,-0.1662807,0.9832839,0.07418556,-0.924046,-0.1816413,0.3363712,408.7377,-33.75257,-90.4321,-1.722116,-0.2639694,0.1367346,1.747587,-0.4485576,15.7909,-2.9428,-0.02514354,0.730924,-0.136674
629,0.016899,1,100,0,-22.91545,15.2091,0,1.685256,0,0,134.9788,0.3328851,-0.01248427,0.9428849,-0.1674245,0.9832431,0.07212776,-0.9279855,-0.1818722,0.3252168,408.7112,-33.75602,-90.43616,-1.42539,-0.165856,-0.4621614,2.302794,-0.4855916,13.84618,-2.810313,-0.02798643,0.6401659,-0.1343842
630,0.016507,1,100,0,-31.16895,30.0654,0,1.202603,0,0,135,0.3231704,-0.01212215,0.9462632,-0.1685454,0.983194,0.07015733,-0.9312108,-0.182161,0.3156961,408.6851,-33.75935,-90.44192,-1.901964,-0.2744839,-0.1234935,1.925632,-0.3687105,11.82615,-2.741264,-0.02101677,0.5457051,-0.1363729
631,0.016686,1,100,0,-39.51195,45.0828,0,1.782143,0,0,134.9772,0.3148055,-0.01143681,0.9490873,-0.1695631,0.9831643,0.06809032,-0.9338875,-0.1823654,0.3075663,408.6566,-33.76275,-90.45106,-1.566522,-0.1656472,-0.7931675,2.444241,-0.4003623,9.80058,-2.574224,-0.02360553,0.4512586,-0.1321858
632,0.016678,1,100,0,-47.85095,60.093,0,1.249212,0,0,134.9896,0.3079217,-0.01053433,0.9513535,-0.1705773,0.9831252,0.06609637,-0.9359958,-0.1826318,0.3009287,408.6279,-33.76611,-90.46237,-1.620517,-0.1784562,-0.8201833,2.109169,-0.3440974,7.63492,-2.449759,-0.02056498,0.3501226,-0.1311593
633,0.016709,1,100,0,-56.20545,75.1311,0,1.302572,0,0,134.9869,0.3026112,-0.00933953,0.9530684,-0.1715267,0.9830923,0.06409564,-0.9375528,-0.1828728,0.2958927,408.5994,-33.76933,-90.47598,-1.603052,-0.1669355,-0.9946051,2.176433,-0.3002561,5.43986,-2.300172,-0.01828742,0.2476808,-0.1286539
634,0.016668,1,100,0,-64.53944,90.13229,0,1.239177,0,0,134.9872,0.2989253,-0.007877611,0.954244,-0.1724155,0.9830632,0.06212618,-0.9385716,-0.1830975,0.2925043,408.5711,-33.77241,-90.49211,-1.604281,-0.1599354,-1.15649,2.19667,-0.2520719,3.20643,-2.140452,-0.01566106,0.1434685,-0.1256475
635,0.016713,1,100,0,-72.89594,100,0,1.196738,0,0,134.9868,0.2968823,-0.006142385,0.9548944,-0.1732441,0.9830383,0.06018605,-0.9390674,-0.183298,0.2907826,408.5428,-33.77537,-90.51103,-1.604682,-0.1516006,-1.333529,2.243181,-0.2050459,0.9308959,-1.967901,-0.01300429,0.03731852,-0.1219793
636,0.016661,1,100,0,-81.22644,100,0,1.146926,0,0,134.9866,0.2965236,-0.004149035,0.9550164,-0.1740084,0.9830169,0.05829865,-0.9390392,-0.1834678,0.2907658,408.5147,-33.77818,-90.53276,-1.604895,-0.1430319,-1.511113,2.295876,-0.160831,-1.36876,-1.784959,-0.01038485,-0.06993325,-0.1177441
637,0.016836,1,100,0,-89.64444,100,0,1.093921,0,0,134.9862,0.2978841,-0.001872066,0.9546003,-0.1747194,0.982999,0.05644913,-0.9384768,-0.1836025,0.2924927,408.4863,-33.78086,-90.55762,-1.604145,-0.133679,-1.692366,2.360058,-0.1208313,-3.724324,-1.589796,-0.007857899,-0.1797712,-0.1129238
638,0.016551,1,100,0,-97.91994,100,0,1.034992,0,0,134.9864,0.3009357,0.0006199144,0.9536442,-0.1753612,0.9829835,0.05469866,-0.9373826,-0.1836929,0.2959235,408.4583,-33.78336,-90.58488,-1.606222,-0.1254461,-1.861847,2.425966,-0.08731869,-6.065068,-1.389536,-0.00553437,-0.2889012,-0.1077386
639,0.016613,1,100,0,-106.2264,100,0,0.9777237,0,0,134.9865,0.3057215,0.003332037,0.9521151,-0.1759377,0.9829706,0.05305307,-0.9357244,-0.1837324,0.3011015,408.4302,-33.78572,-90.61497,-1.628797,-0.1180803,-2.032982,2.519892,-0.05337758,-8.444053,-1.071996,-0.002940864,-0.3994501,-0.0952287
640,0.016952,1,100,0,-90.54584,100,0,0.9336664,0,0,134.9869,0.3122357,0.006192982,0.9499847,-0.1764279,0.9829615,0.05157938,-0.9334789,-0.1837087,0.3080082,408.4011,-33.78805,-90.64831,-1.673569,-0.1174825,-2.157905,2.617139,-0.0267206,-10.22272,-0.7492653,-0.0006199528,-0.4818306,-0.08045017
641,0.016479,1,100,0,-98.78534,100,0,0.9191714,0,0,134.9871,0.3198645,0.008987885,0.9474207,-0.1768076,0.982956,0.0503681,-0.9308202,-0.1836221,0.3160019,408.372,-33.7903,-90.68265,-1.714043,-0.1164501,-2.272004,2.706833,-0.01330815,-12.0275,-0.4347723,0.001026209,-0.5654628,-0.06626409
642,0.016599,1,100,0,-107.0848,100,0,0.8988913,0,0,134.9869,0.3288776,0.01183132,0.9442984,-0.1771023,0.9829537,0.04936506,-0.9276175,-0.1834725,0.3253668,408.3422,-33.79255,-90.71901,-1.75162,-0.1146091,-2.38083,2.79028,-0.01271218,-13.92127,-0.1188477,0.002063329,-0.6532616,-0.05225205
643,0.016686,1,100,0,-91.65029,100,0,0.8712177,0,0,134.9877,0.3391619,0.01468908,0.9406135,-0.1773154,0.9829543,0.04858524,-0.9238665,-0.1832635,0.3359852,408.3114,-33.79483,-90.75704,-1.811108,-0.1199744,-2.437814,2.867721,-0.02090928,-15.23727,0.1919195,0.002586355,-0.7139791,-0.03668776
644,0.016752,1,100,0,-100.0263,100,0,0.8761398,0,0,134.9874,0.3504559,0.01749506,0.9364159,-0.1774443,0.9829575,0.04804435,-0.9196165,-0.1829991,0.3475876,408.2796,-33.7972,-90.79612,-1.861987,-0.1230037,-2.495365,2.932933,-0.04211248,-16.68061,0.4998967,0.002436929,-0.7806744,-0.02168294
645,0.016582,1,100,0,-84.68794,100,0,0.8674653,0,0,134.9883,0.3625063,0.02019302,0.9317626,-0.1774935,0.9829628,0.047752,-0.9149237,-0.1826922,0.3599143,408.2472,-33.79964,-90.83543,-1.931575,-0.1326036,-2.503395,2.991145,-0.07020927,-17.56685,0.7947829,0.001760764,-0.8212819,-0.005701046
646,0.016711,1,100,0,-93.04344,100,0,0.8904615,0,0,134.9876,0.3752853,0.02282104,0.9266285,-0.1774758,0.9829701,0.04766922,-0.9097602,-0.1823437,0.3729444,408.2136,-33.80222,-90.87518,-1.967848,-0.1353034,-2.513662,3.01451,-0.1061965,-18.61709,0.9743767,0.0007019124,-0.8699452,0.002458453
647,0.016681,1,100,0,-101.3839,100,0,0.8774853,0,0,134.9879,0.3887588,0.02546432,0.9209877,-0.1774261,0.9829769,0.04771524,-0.9040945,-0.181957,0.386659,408.1794,-33.80486,-90.91481,-2.009466,-0.1400865,-2.507548,3.034697,-0.1474409,-19.81136,1.147142,-0.0005251626,-0.925382,0.00975161
648,0.016755,1,100,0,-85.88557,100,0,0.8726714,0,0,134.9884,0.402938,0.02812917,0.914795,-0.1773451,0.9829829,0.04788899,-0.8978808,-0.1815307,0.4010698,408.1443,-33.80763,-90.9543,-2.063811,-0.1495023,-2.467291,3.049217,-0.192047,-20.47864,1.31164,-0.002106284,-0.956128,0.01822493
649,0.016654,1,100,0,-94.21257,100,0,0.8906399,0,0,134.9884,0.4174538,0.0307388,0.9081781,-0.1772302,0.9829885,0.04819487,-0.8912472,-0.1810757,0.4158001,408.1085,-33.81053,-90.99287,-2.112118,-0.1576892,-2.428292,3.057058,-0.2411301,-21.31959,1.46823,-0.003837124,-0.9950408,0.02566611
650,0.016634,1,100,0,-102.5296,100,0,0.9012891,0,0,134.9886,0.4324733,0.03334588,0.9010299,-0.1770858,0.9829939,0.04861778,-0.8840858,-0.1805855,0.4310237,408.072,-33.81357,-91.03065,-2.161776,-0.1668693,-2.381148,3.060942,-0.2927597,-22.32242,1.616492,-0.005558964,-1.04157,0.03209393
651,0.016849,1,100,0,-86.94424,100,0,0.9149984,0,0,134.9889,0.4481509,0.03598178,0.8932335,-0.1769085,0.9829987,0.04916035,-0.8762785,-0.1800519,0.4468973,408.0342,-33.81683,-91.06794,-2.219633,-0.1795905,-2.306284,3.061273,-0.3454603,-22.81709,1.756074,-0.007564328,-1.064292,0.03960723
652,0.016578,1,100,0,-95.23325,100,0,0.9466802,0,0,134.9892,0.4638276,0.03852598,0.8850875,-0.1766994,0.9830039,0.04981076,-0.8681254,-0.179498,0.4627519,407.9961,-33.82025,-91.10339,-2.275209,-0.1923192,-2.229724,3.059056,-0.3976741,-23.49481,1.884377,-0.009406215,-1.095634,0.04584677
653,0.016695,1,100,0,-103.5807,100,0,0.9778786,0,0,134.9892,0.4799732,0.0410836,0.8763208,-0.1764561,0.9830092,0.05056211,-0.8593541,-0.1789006,0.4790676,407.9568,-33.8239,-91.13775,-2.33043,-0.2057651,-2.147543,3.054796,-0.4500584,-24.35644,2.003948,-0.01105948,-1.135627,0.05098789
654,0.016793,1,100,0,-88.04723,100,0,1.010658,0,0,134.9895,0.4965208,0.04365029,0.8669265,-0.1761768,0.9830152,0.05140757,-0.8499579,-0.1782573,0.4957777,407.9164,-33.82783,-91.17079,-2.390634,-0.2219988,-2.043999,3.05028,-0.5005848,-24.71684,2.112729,-0.01289476,-1.152147,0.05704644
655,0.016507,1,100,0,-96.30073,91.7465,0,1.058142,0,0,134.9901,0.5128999,0.04608836,0.8572105,-0.1758604,0.9830213,0.05237098,-0.8402424,-0.1776105,0.5122966,407.8756,-33.83189,-91.20159,-2.46824,-0.228801,-1.934792,3.057603,-0.6009498,-25.27101,2.319101,-0.01777544,-1.177411,0.06870642
656,0.016689,1,100,0,-104.6452,83.402,0,1.12337,0,0,134.99,0.529691,0.04844084,0.8468063,-0.1754915,0.9830241,0.05353967,-0.8298375,-0.1769668,0.5292,407.8331,-33.8361,-91.23088,-2.535661,-0.2324928,-1.818751,3.06091,-0.7039464,-26.02016,2.513344,-0.02264968,-1.211853,0.07900299
657,0.016671,1,100,0,-89.22455,75.0665,0,1.182847,0,0,134.9902,0.546649,0.05068498,0.8358265,-0.1750736,0.9830241,0.05489087,-0.8188554,-0.1763372,0.5462427,407.7897,-33.84035,-91.25812,-2.598171,-0.2355025,-1.684205,3.058203,-0.8046201,-26.27654,2.691009,-0.02780162,-1.223237,0.089778
658,0.016696,1,100,0,-97.57255,66.7185,0,1.249069,0,0,134.9903,0.563633,0.05279544,0.8243365,-0.1746002,0.9830216,0.0564228,-0.8073617,-0.1757311,0.5632815,407.7452,-33.84466,-91.28313,-2.653649,-0.2376636,-1.540517,3.051958,-0.8996143,-26.74736,2.852651,-0.03243447,-1.244734,0.0988711
659,0.01671,1,100,0,-105.9276,58.3635,0,1.316475,0,0,134.9905,0.5807413,0.05482687,0.8122399,-0.1740719,0.9830173,0.05810471,-0.7952602,-0.1751319,0.5804225,407.6998,-33.84901,-91.30566,-2.709002,-0.2413084,-1.382768,3.044209,-0.9864972,-27.41358,2.997448,-0.03636423,-1.275451,0.1063029
660,0.016601,1,100,0,-90.57162,50.063,0,1.394033,0,0,134.9906,0.5978034,0.0567761,0.7996297,-0.1734888,0.9830123,0.0599034,-0.7826448,-0.1745372,0.5974981,407.6539,-33.85338,-91.32547,-2.753572,-0.2438631,-1.223395,3.041312,-1.065635,-27.5938,3.124207,-0.04027574,-1.283439,0.1140866
661,0.016678,1,100,0,-98.91062,41.724,0,1.466656,0,0,134.9907,0.6148371,0.0586368,0.7864714,-0.1728381,0.9830078,0.06182913,-0.7694821,-0.1739471,0.6145243,407.6071,-33.85781,-91.34267,-2.795979,-0.2484664,-1.051011,3.037697,-1.133101,-27.99411,3.233961,-0.04324684,-1.301811,0.1201231
662,0.016913,1,100,0,-107.3671,33.2675,0,1.548804,0,0,134.9909,0.632109,0.06048311,0.7725155,-0.1721118,0.983005,0.063867,-0.7555237,-0.17333,0.6317762,407.559,-33.86239,-91.35715,-2.83905,-0.256284,-0.8630383,3.041577,-1.189051,-28.60631,3.32723,-0.04523892,-1.33018,0.1244934
663,0.016477,1,100,0,-92.12589,25.029,0,1.644144,0,0,134.991,0.6488979,0.06225473,0.7583244,-0.1713369,0.9830052,0.06591296,-0.7413334,-0.1726997,0.6485365,407.5115,-33.86697,-91.36824,-2.87175,-0.2634296,-0.6857658,3.05148,-1.233695,-28.7307,3.401111,-0.04704035,-1.335741,0.1291282
664,0.016625,1,100,0,-76.74776,16.7165,0,1.729674,0,0,134.9906,0.6655137,0.0639469,0.7436414,-0.1704782,0.9830099,0.068037,-0.726656,-0.1720542,0.6651081,407.4633,-33.8717,-91.37659,-2.879328,-0.267331,-0.5193822,3.066638,-1.269038,-28.42248,3.45836,-0.04876621,-1.321072,0.1340213
665,0.01689,1,100,0,-61.12451,8.271499,0,1.792831,0,0,134.9901,0.6818138,0.06550728,0.7285867,-0.1695205,0.9830194,0.07025455,-0.7116126,-0.1714109,0.681341,407.4142,-33.87654,-91.38232,-2.857326,-0.2675279,-0.3633678,3.069649,-1.293368,-27.701,3.498392,-0.0503481,-1.287083,0.1390538
666,0.016473,1,100,0,-52.88801,0.03499794,0,1.831589,0,0,134.9902,0.696981,0.06683499,0.7139682,-0.1685009,0.9830339,0.07246944,-0.6970115,-0.1708141,0.6964177,407.3669,-33.88127,-91.38546,-2.819565,-0.2666463,-0.2182179,3.044007,-1.301833,-26.83372,3.51985,-0.05124025,-1.24633,0.143306
667,0.01662,1,100,0,-44.57801,0,0,1.858845,0,0,134.9898,0.7114868,0.06797273,0.6994043,-0.1673855,0.9830548,0.07473738,-0.6824726,-0.1702448,0.7108082,407.3199,-33.886,-91.38639,-2.758359,-0.2630384,-0.09127173,3.021338,-1.297146,-25.81096,3.523864,-0.05160781,-1.198351,0.1468843
668,0.016752,1,100,0,-36.20201,0,0,1.862409,0,0,134.9894,0.7252463,0.06890869,0.6850324,-0.1661755,0.9830821,0.07704057,-0.6681343,-0.169709,0.7244275,407.2736,-33.8907,-91.38535,-2.676608,-0.2576814,0.02127397,2.97983,-1.278208,-24.64229,3.509955,-0.05137356,-1.143599,0.149724
669,0.0166,1,100,0,-27.90201,0,0,1.847476,0,0,134.9893,0.7379877,0.06962358,0.6712129,-0.1648955,0.9831161,0.07932327,-0.6543575,-0.1692196,0.7370083,407.2292,-33.89526,-91.38263,-2.577944,-0.2507055,0.1155576,2.917181,-1.245529,-23.36133,3.478696,-0.05053207,-1.083649,0.1517546
670,0.016643,1,100,0,-19.58051,0,0,1.814488,0,0,134.9889,0.7498432,0.07012729,0.6578887,-0.1635363,0.9831574,0.08159497,-0.641086,-0.1687721,0.7486823,407.1864,-33.89969,-91.37852,-2.458551,-0.2414716,0.1905957,2.842711,-1.200408,-21.96434,3.430095,-0.0491568,-1.018323,0.152989
671,0.016665,1,100,0,-11.24801,0,0,1.759592,0,0,134.9886,0.760774,0.07041837,0.6451855,-0.1621062,0.9832056,0.08383709,-0.6284463,-0.1683697,0.7594125,407.1457,-33.90396,-91.37333,-2.320751,-0.2303726,0.2474027,2.747711,-1.143581,-20.46194,3.364456,-0.04726959,-0.9481202,0.1534146
672,0.01664,1,100,0,-2.928011,0,0,1.685136,0,0,134.9883,0.7707387,0.07049787,0.6332396,-0.160618,0.9832606,0.08602864,-0.6165747,-0.1680153,0.7691602,407.1075,-33.90802,-91.3674,-2.166373,-0.2174499,0.2852483,2.63316,-1.076522,-18.86755,3.282432,-0.04493259,-0.8736669,0.1530331
673,0.01666,1,100,0,5.401989,0,0,1.591667,0,0,134.9879,0.7797596,0.07036898,0.6221119,-0.1590773,0.983322,0.08816215,-0.6055325,-0.1677092,0.7779489,407.0718,-33.91185,-91.36102,-1.996026,-0.2026621,0.3041306,2.501496,-1.000632,-17.18452,3.184309,-0.04221279,-0.7951176,0.1518549
674,0.016686,1,100,0,13.74499,0,0,1.479245,0,0,134.9876,0.787836,0.07003437,0.6118904,-0.1574945,0.9833896,0.09022649,-0.5954078,-0.167453,0.7857798,407.0391,-33.91542,-91.35452,-1.811468,-0.1861328,0.3045049,2.351705,-0.9174269,-15.41891,3.070563,-0.03917956,-0.7127549,0.1498947
675,0.016728,1,100,0,22.10899,0,15.0552,1.349004,0,0,134.9873,0.794971,0.06949624,0.6026536,-0.1558794,0.9834625,0.09221323,-0.5862787,-0.1672481,0.7926571,407.0093,-33.9187,-91.34821,-1.6187,-0.1682858,0.2831539,2.188523,-0.8286429,-13.5717,2.941669,-0.0359214,-0.6266226,0.1471826
676,0.016749,1,100,0,30.48349,0,30.1293,1.201599,0,0,134.987,0.8011525,0.0687578,0.5944973,-0.1542467,0.9835401,0.09411158,-0.578241,-0.167097,0.7985713,406.9828,-33.92168,-91.34245,-1.418271,-0.1490671,0.2424693,2.009744,-0.7361925,-11.65181,2.798384,-0.03252675,-0.5371342,0.1437436
677,0.016623,1,100,0,38.79499,0,45.09,1.03864,0,0,134.9869,0.8063375,0.06783116,0.5875534,-0.152624,0.9836205,0.09589995,-0.5714246,-0.1670025,0.8034828,406.9598,-33.92431,-91.33759,-1.213233,-0.1286585,0.1855492,1.812861,-0.6425186,-9.684337,2.642891,-0.02909609,-0.445458,0.1396473
678,0.016679,1,100,0,47.13449,0,60.1011,0.863843,0,0,134.9866,0.8105921,0.06671163,0.581799,-0.1510064,0.9837036,0.09759404,-0.5658071,-0.1669643,0.8074563,406.9402,-33.92659,-91.33383,-1.00035,-0.106592,0.11298,1.609915,-0.5487675,-7.652177,2.47444,-0.02570143,-0.3507946,0.1349016
679,0.016753,1,100,0,55.51099,0,75.1788,0.6750284,0,0,134.9864,0.8139105,0.06539936,0.5772976,-0.1494053,0.9837881,0.09919229,-0.5614514,-0.166985,0.8104865,406.9241,-33.9285,-91.3314,-0.7807376,-0.08301522,0.02781564,1.393963,-0.4565334,-5.557226,2.293617,-0.02241763,-0.2532292,0.1295432
680,0.016615,1,100,0,63.81849,0,90.1323,0.4747527,0,0,134.9626,0.8162525,0.06391501,0.5741489,-0.1478543,0.9838719,0.1006747,-0.5584543,-0.1670664,0.812538,406.9168,-33.92845,-91.33813,-0.6147771,-0.07825266,-0.0001243353,1.161103,-0.359261,-2.827343,2.10223,-0.01943785,-0.1259511,0.12537
681,0.016739,1,100,0,72.18799,0,100,0.3562973,0,0,134.9822,0.8173986,0.06213427,0.5727121,-0.1463197,0.9839563,0.1020829,-0.5571809,-0.1672415,0.813376,406.9102,-33.92896,-91.34229,-0.26098,-0.03136213,-0.2850216,1.014239,-0.3150519,-0.3176425,1.901842,-0.01947628,-0.008969993,0.1199767
682,0.016686,1,100,0,80.53099,0,100,0.08117162,0,0,134.9945,0.8174345,0.06012256,0.5728757,-0.1448642,0.9840307,0.1034335,-0.5575086,-0.1675393,0.8130903,406.9048,-33.93001,-91.34455,-0.3029831,-0.0978737,0.02177607,0.5869002,-0.1787095,2.049683,1.69305,-0.01329983,0.1012076,0.1136677
683,0.016685,1,100,0,88.87349,0,100,0.2030193,0,0,134.9777,0.8164197,0.05790582,0.5745487,-0.1434425,0.9841108,0.1046448,-0.55936,-0.1678487,0.8117536,406.8996,-33.93188,-91.34313,0.2299136,0.01726978,-0.4427049,0.7957307,-0.1771646,4.24105,1.468056,-0.01539547,0.2032235,0.1058131
684,0.016631,1,100,0,97.18899,0,100,0.4908704,0,0,134.9854,0.8144227,0.05553724,0.5776083,-0.142155,0.984173,0.1058087,-0.5625902,-0.168283,0.8094277,406.9026,-33.93197,-91.34894,0.4262867,0.04974192,-0.5485514,0.1637077,-0.1169511,6.440673,1.244156,-0.01355186,0.3055638,0.0981006
685,0.016738,1,100,0,105.558,0,100,0.6922082,0,0,134.9851,0.8113989,0.05298746,0.5820861,-0.140954,0.9842291,0.1068882,-0.5672424,-0.1687763,0.8060712,406.9098,-33.93125,-91.35795,0.6239215,0.08235335,-0.6638288,0.1161724,-0.06823097,8.700091,1.013306,-0.01228817,0.4106905,0.09016429
686,0.01662,1,100,0,90.18448,0,100,0.9029074,0,0,134.9864,0.8074417,0.0503254,0.587797,-0.1398715,0.9842767,0.107867,-0.5731264,-0.1693124,0.8017851,406.9199,-33.93008,-91.36845,0.7734026,0.1014911,-0.7214845,0.3103253,-0.02180289,10.34008,0.7800689,-0.01039842,0.4867859,0.08028594
687,0.016766,1,100,0,98.56748,0,100,1.038917,0,0,134.986,0.802625,0.04757684,0.5945835,-0.1389035,0.9843174,0.1087429,-0.5800853,-0.1698695,0.7966464,406.9325,-33.92857,-91.38013,0.9249412,0.1220058,-0.7897894,0.4532907,0.01058226,12.08946,0.5421244,-0.009325213,0.5680018,0.07046813
688,0.016601,1,100,0,106.868,0,100,1.186453,0,0,134.9862,0.7969705,0.04477674,0.6023564,-0.1380739,0.9843491,0.1095114,-0.5880255,-0.1704471,0.7906798,406.9474,-33.92676,-91.39274,1.069376,0.1414208,-0.8524012,0.6153053,0.03036441,13.90677,0.3046666,-0.008927653,0.6524091,0.06092265
689,0.016682,1,100,0,91.43713,0,100,1.326902,0,0,134.9873,0.7904342,0.04190843,0.6111119,-0.1373786,0.9843713,0.1101849,-0.5969433,-0.1710477,0.783838,406.9644,-33.92468,-91.40615,1.170485,0.1495689,-0.8650134,0.7612407,0.04566146,15.16215,0.06585025,-0.008203632,0.7104887,0.04964993
690,0.016976,1,100,0,99.92513,0,100,1.402327,0,0,134.9869,0.7830298,0.03899299,0.6207607,-0.1368229,0.9843845,0.110755,-0.6067486,-0.1716588,0.7761375,406.9834,-33.92243,-91.4201,1.272733,0.1596983,-0.8901389,0.8399715,0.04622995,16.57347,-0.1757049,-0.008386299,0.7758746,0.03870116
691,0.016408,1,100,0,108.1291,0,100,1.490513,0,0,134.9875,0.7750627,0.03615313,0.6308494,-0.1364338,0.9843875,0.1112089,-0.6169797,-0.1722631,0.7678946,407.0033,-33.9201,-91.43386,1.365551,0.1687368,-0.9044557,0.956264,0.03584947,18.04684,-0.4077231,-0.009184291,0.844204,0.02857434
692,0.016714,1,100,0,92.66869,0,100,1.566111,0,0,134.9882,0.7661543,0.03325409,0.6417958,-0.1361895,0.98438,0.1115737,-0.6280607,-0.1728885,0.7587159,407.0248,-33.91764,-91.44791,1.419599,0.1685374,-0.8790644,1.029123,0.0208309,19.00245,-0.640482,-0.009806816,0.8882778,0.01687074
693,0.01683,1,100,0,101.0837,0,100,1.587692,0,0,134.988,0.7564955,0.03037985,0.6532931,-0.1361044,0.9843627,0.1118298,-0.63968,-0.1735148,0.7488008,407.0473,-33.91516,-91.46165,1.472534,0.1702923,-0.8639526,1.058542,-0.006236874,20.12119,-0.8698355,-0.0111957,0.9400122,0.005901325
694,0.016607,1,100,0,85.72221,0,100,1.618427,0,0,134.9892,0.7462974,0.02759441,0.6650403,-0.1361813,0.9843351,0.1119776,-0.6515325,-0.1741346,0.7383646,407.0702,-33.91274,-91.47471,1.485574,0.1628812,-0.8055905,1.104122,-0.03469483,20.71365,-1.090878,-0.01233515,0.9671178,-0.006122597
695,0.01659,1,100,0,94.01721,0,100,1.591083,0,0,134.9889,0.7355687,0.02490652,0.6769923,-0.1364183,0.9842989,0.1120095,-0.663573,-0.1747448,0.7274172,407.0932,-33.91042,-91.48691,1.501329,0.1589147,-0.7647507,1.091361,-0.0729158,21.48546,-1.304325,-0.01415337,1.002654,-0.0171046
696,0.016738,1,100,0,102.3862,0,100,1.580304,0,0,134.9889,0.7240891,0.022248,0.6893477,-0.1368096,0.9842526,0.1119387,-0.6760018,-0.1753629,0.7157302,407.1166,-33.90817,-91.49847,1.511022,0.1554166,-0.7261696,1.083103,-0.1174885,22.43573,-1.511461,-0.01638331,1.046575,-0.02711636
697,0.016679,1,100,0,86.95814,0,100,1.56845,0,0,134.9898,0.7120051,0.01965284,0.7018993,-0.1373473,0.9841971,0.1117677,-0.6886108,-0.1759832,0.7034527,407.1398,-33.90603,-91.50912,1.486322,0.1442668,-0.6527112,1.078228,-0.1604481,22.87904,-1.709458,-0.01826916,1.066772,-0.03808793
698,0.016633,1,100,0,95.27464,0,100,1.508037,0,0,134.9896,0.6994402,0.01715874,0.7144851,-0.1380268,0.9841338,0.1114859,-0.701236,-0.1765958,0.6907112,407.1626,-33.90406,-91.51865,1.463888,0.1361842,-0.5948398,1.032402,-0.2080723,23.51502,-1.896594,-0.02050986,1.096033,-0.0477654
699,0.016684,1,100,0,103.6166,0,100,1.461443,0,0,134.9897,0.6862071,0.01470336,0.7272576,-0.138837,0.984063,0.1111049,-0.7140337,-0.1772112,0.6773124,407.1849,-33.90223,-91.52721,1.435366,0.1282348,-0.5375041,0.991594,-0.2571094,24.334,-2.073664,-0.02284601,1.133903,-0.05621895
700,0.016684,1,100,0,88.18394,0,100,1.411683,0,0,134.9904,0.6723541,0.01229094,0.7401277,-0.1397661,0.9839854,0.1106271,-0.7269151,-0.1778253,0.6633044,407.2066,-33.90058,-91.53467,1.377818,0.1139896,-0.4538265,0.9485636,-0.3017746,24.65768,-2.239955,-0.02474098,1.148595,-0.06551239
701,0.016852,1,100,0,96.60994,0,100,1.322852,0,0,134.9902,0.6578684,0.009934925,0.7530675,-0.1408172,0.9839019,0.1100355,-0.7398514,-0.1784338,0.648677,407.2275,-33.89914,-91.54089,1.319508,0.102007,-0.3853931,0.870976,-0.3473142,25.19571,-2.394962,-0.02672426,1.173371,-0.0734131
702,0.016686,1,100,0,104.9529,0,100,1.244437,0,0,134.9904,0.642914,0.007629797,0.7659005,-0.1419508,0.9838147,0.1093561,-0.7526698,-0.1790267,0.6335914,407.2471,-33.89791,-91.54588,1.254999,0.08926561,-0.3125576,0.8092419,-0.3893087,25.91634,-2.536373,-0.02848099,1.206745,-0.07987166
703,0.01665,1,100,0,89.55169,0,100,1.158615,0,0,134.991,0.6273977,0.005351081,0.7786808,-0.1431599,0.9837248,0.1085865,-0.7654266,-0.1796028,0.6179527,407.2655,-33.89693,-91.54957,1.168543,0.07191691,-0.2234976,0.7412861,-0.425198,26.1474,-2.665116,-0.02975262,1.217215,-0.08705796
704,0.016784,1,100,0,97.94369,0,100,1.045461,0,0,134.991,0.6113041,0.003071956,0.7913899,-0.1444134,0.9836354,0.107733,-0.7781082,-0.180145,0.601744,407.2825,-33.89619,-91.55199,1.060831,0.06106333,-0.1547811,0.6404818,-0.4208137,26.5975,-2.670406,-0.02843264,1.238337,-0.08572059
705,0.016555,1,100,0,106.2212,0,91.7225,0.9295805,0,0,134.9913,0.5948666,0.0007141083,0.8038241,-0.1455968,0.9835545,0.1068745,-0.7905285,-0.1806103,0.5851877,407.2974,-33.89564,-91.55323,0.9504932,0.05002176,-0.08127247,0.550543,-0.4104418,27.2298,-2.666613,-0.02665712,1.268026,-0.08325859
706,0.016671,1,100,0,90.80051,0,83.387,0.8079861,0,0,134.9916,0.577765,-0.001770914,0.8162012,-0.146724,0.9834821,0.1059955,-0.8029069,-0.1809968,0.5679618,407.3105,-33.89528,-91.55327,0.8229823,0.03608995,-0.0002643466,0.465357,-0.3937819,27.38209,-2.653744,-0.02437817,1.27524,-0.08177079
707,0.01667,1,100,0,99.13551,0,75.052,0.6674606,0,0,134.9917,0.5602648,-0.004325844,0.8283024,-0.1477829,0.9834202,0.1050965,-0.8150239,-0.1812908,0.5503364,407.3214,-33.89515,-91.55201,0.6908514,0.02198064,0.07680498,0.4019926,-0.3738503,27.75264,-2.632184,-0.02182578,1.292712,-0.07908165
708,0.016762,1,100,0,107.5165,0,66.67101,0.5247768,0,0,134.9919,0.5421302,-0.007013403,0.8402653,-0.1487636,0.9833688,0.1041885,-0.8270214,-0.1814847,0.5320706,407.3301,-33.89526,-91.54948,0.548988,0.005943492,0.1578925,0.382279,-0.3504401,28.32762,-2.602918,-0.01892623,1.319788,-0.07530005
709,0.016791,1,100,0,91.98483,0,58.27551,0.3710935,0,0,134.9922,0.5234394,-0.009823993,0.8520063,-0.1496546,0.9833295,0.1032802,-0.8388176,-0.1815676,0.5132432,407.3364,-33.89564,-91.54565,0.3948204,-0.01253422,0.2401184,0.421894,-0.3245859,28.41635,-2.566319,-0.01583698,1.324087,-0.07265225
710,0.016669,1,100,0,100.3193,0,49.94101,0.2056673,0,0,134.9925,0.5045242,-0.01267014,0.8633047,-0.1504639,0.9833018,0.1023639,-0.8501859,-0.1815412,0.4941931,407.3401,-33.89634,-91.5405,0.2443508,-0.03529917,0.3288176,0.5116746,-0.3139695,28.72744,-2.572834,-0.01364734,1.338668,-0.0720909
711,0.01668,1,100,0,84.89034,0,41.60101,0.03883599,0,0,134.9928,0.4852422,-0.01554254,0.8742418,-0.1512211,0.9832841,0.1014154,-0.8612043,-0.1814148,0.4747806,407.3413,-33.8974,-91.534,0.08877954,-0.05952693,0.4094328,0.6304326,-0.3038786,28.58065,-2.570903,-0.01157173,1.331802,-0.07249945
712,0.016762,1,100,0,93.27133,0,33.22001,0.1287325,0,0,134.993,0.4656653,-0.01841608,0.8847693,-0.1519307,0.9832756,0.1004295,-0.8718215,-0.1811901,0.4550794,407.34,-33.89888,-91.52621,-0.07223612,-0.08642878,0.4914024,0.7683604,-0.2935968,28.68238,-2.561191,-0.00941843,1.336609,-0.07167447
713,0.016679,1,100,0,77.84325,0,24.8805,0.3022642,0,0,134.993,0.4459859,-0.0212711,0.8947873,-0.1525813,0.9832771,0.09942529,-0.8819388,-0.1808701,0.4352821,407.336,-33.90078,-91.51721,-0.2274414,-0.1129099,0.5587916,0.9211458,-0.2865594,28.34544,-2.542433,-0.007636561,1.320871,-0.07171369
714,0.016679,1,100,0,62.41518,0,16.541,0.4642434,0,0,134.9929,0.4264128,-0.02404618,0.9042091,-0.1531874,0.983287,0.09839025,-0.8914629,-0.1804683,0.4156025,407.3294,-33.90312,-91.50723,-0.3790535,-0.1380064,0.6034015,1.072351,-0.2826373,27.6096,-2.513799,-0.006296956,1.286456,-0.07242268
715,0.016856,1,100,0,46.82338,0,8.113005,0.6135931,0,0,134.9926,0.4070361,-0.02670205,0.9130217,-0.1537653,0.9833043,0.09730794,-0.9003765,-0.1799989,0.3961345,407.3203,-33.90588,-91.49655,-0.5288865,-0.1607337,0.6167262,1.218173,-0.2813889,26.49523,-2.473913,-0.005435694,1.234324,-0.07363141
716,0.016469,1,100,0,31.58955,0,0,0.7494354,0,0,134.9924,0.388772,-0.02909538,0.9208745,-0.1543068,0.9833272,0.09621336,-0.9083204,-0.1795023,0.3778004,407.309,-33.90893,-91.48601,-0.6647952,-0.1794964,0.6026718,1.331946,-0.2823008,25.08285,-2.42472,-0.005088579,1.168248,-0.07517926
717,0.016685,1,100,0,23.24706,0,0,0.8637567,0,0,134.9921,0.371147,-0.03128077,0.9280472,-0.1548388,0.983355,0.09506851,-0.9155736,-0.1789821,0.3601258,407.2954,-33.91232,-91.4757,-0.7974703,-0.1952365,0.558725,1.444273,-0.2834647,23.54823,-2.363882,-0.005032671,1.096476,-0.0763557
718,0.016853,1,100,0,14.82056,0,0,0.9662978,0,0,134.9916,0.3543493,-0.03323697,0.9345223,-0.1553614,0.9833864,0.0938843,-0.922117,-0.1784565,0.3432985,407.2794,-33.91598,-91.46613,-0.9246933,-0.207868,0.4886166,1.543844,-0.2839946,21.90158,-2.291455,-0.005210912,1.019487,-0.07711985
719,0.016532,1,100,0,6.554556,0,0,1.057512,0,0,134.9916,0.3389511,-0.03488653,0.9401571,-0.155875,0.9834186,0.09268884,-0.9278016,-0.177964,0.3278928,407.2619,-33.91977,-91.4579,-1.021439,-0.2192018,0.4124438,1.599901,-0.3030871,20.20204,-2.265762,-0.006830491,0.9398646,-0.08097386
720,0.016716,1,100,0,-1.803444,0,0,1.12194,0,0,134.9908,0.3245427,-0.03620427,0.9451779,-0.1564444,0.9834498,0.09138806,-0.9328436,-0.1775271,0.3135075,407.2428,-33.92372,-91.45095,-1.092028,-0.2176714,0.3134646,1.664678,-0.3543454,18.40819,-2.33512,-0.01076851,0.8555073,-0.09110934
721,0.016666,1,100,0,-10.13644,0,0,1.155608,0,0,134.9905,0.3114128,-0.03709698,0.9495503,-0.1571058,0.9834771,0.08994658,-0.9371977,-0.1771904,0.3004393,407.2226,-33.92762,-91.44569,-1.156878,-0.2141398,0.1978859,1.695667,-0.3987298,16.54891,-2.386667,-0.01451978,0.7681457,-0.1002597
722,0.016659,1,100,0,-18.46594,0,0,1.181619,0,0,134.99,0.2995937,-0.03757809,0.9533266,-0.1578501,0.9835007,0.08837368,-0.9409183,-0.1769589,0.288719,407.2015,-33.93143,-91.44246,-1.211724,-0.2076472,0.0616771,1.72534,-0.434955,14.62676,-2.419633,-0.0179588,0.6779039,-0.1083757
723,0.016678,1,100,0,-26.80494,0,0,1.194686,0,0,134.9896,0.2891335,-0.03765858,0.9565479,-0.1586668,0.9835199,0.08668031,-0.9440481,-0.1768346,0.2783934,407.1795,-33.93513,-91.44151,-1.256704,-0.1986221,-0.09151474,1.749945,-0.4614186,12.64401,-2.433928,-0.02093915,0.5848884,-0.115454
724,0.016747,1,100,0,-35.17844,0,0,1.196035,0,0,134.989,0.2800706,-0.0373468,0.9592527,-0.1595463,0.9835352,0.08487451,-0.9466286,-0.176816,0.2695007,407.1569,-33.93867,-91.44316,-1.29157,-0.187229,-0.2601606,1.773646,-0.4772241,10.59903,-2.429356,-0.02336149,0.4890245,-0.1214984
725,0.016624,1,100,0,-43.49044,0,0,1.185629,0,0,134.9886,0.2725571,-0.0366591,0.9614409,-0.1604652,0.9835462,0.08299193,-0.9486639,-0.1768978,0.26219,407.1339,-33.94199,-91.44759,-1.315649,-0.1741258,-0.4371943,1.791403,-0.4818254,8.521382,-2.406361,-0.02512599,0.3916962,-0.1264576
726,0.016925,1,100,0,-51.95294,0,0,1.164284,0,0,134.9879,0.2664682,-0.03558415,0.9631867,-0.1614334,0.9835542,0.0809976,-0.9502285,-0.1770738,0.2563415,407.1102,-33.94513,-91.45509,-1.330057,-0.1586701,-0.6303901,1.822852,-0.4756475,6.358186,-2.363919,-0.02625188,0.2904264,-0.1304423
727,0.016491,1,100,0,-60.19844,0,0,1.130359,0,0,134.9878,0.2621014,-0.03418258,0.9644348,-0.1623972,0.9835584,0.07899456,-0.9512782,-0.1773261,0.2522409,407.0869,-33.94793,-91.46548,-1.335528,-0.14318,-0.8181739,1.838755,-0.4591688,4.212965,-2.305334,-0.02665342,0.1900569,-0.1333537
728,0.016636,1,100,0,-68.51644,14.9724,0,1.089472,0,0,134.9872,0.2592904,-0.03242561,0.965255,-0.1633768,0.98356,0.07692741,-0.9518805,-0.1776468,0.2497301,407.0634,-33.95049,-91.47909,-1.335163,-0.1263849,-1.018557,1.877824,-0.4336675,2.006876,-2.229039,-0.02642278,0.08689487,-0.1353461
729,0.01679,1,100,0,-76.91144,30.0834,0,1.039003,0,0,134.9867,0.2581122,-0.03031201,0.9656394,-0.1643621,0.9835594,0.07480799,-0.9520313,-0.1780234,0.2488865,407.0398,-33.95279,-91.49612,-1.332785,-0.109533,-1.225081,1.928009,-0.3997822,-0.2604076,-2.135782,-0.02555355,-0.01907835,-0.1364773
730,0.01658,1,100,0,-85.20144,45.0054,0,0.9834459,0,0,134.9866,0.2586198,-0.02789652,0.9655764,-0.1653226,0.9835567,0.07269596,-0.9517271,-0.1784322,0.2497553,407.0166,-33.95479,-91.51625,-1.33039,-0.09388362,-1.428083,1.986804,-0.3598799,-2.533254,-2.028766,-0.02412209,-0.1252673,-0.1367835
731,0.016675,1,100,0,-93.53894,60.0129,0,0.9262491,0,0,134.9863,0.2608259,-0.02514568,0.9650584,-0.1662673,0.9835529,0.07056456,-0.9509604,-0.1788628,0.2523552,406.9933,-33.95655,-91.53979,-1.328016,-0.07873093,-1.634532,2.064512,-0.3156173,-4.853662,-1.906842,-0.0222131,-0.2336383,-0.136326
732,0.016783,1,100,0,-101.9304,75.1176,0,0.8644904,0,0,134.9861,0.2647856,-0.02205778,0.9640551,-0.1671903,0.9835476,0.06842395,-0.9497033,-0.1792983,0.2567414,406.9698,-33.95808,-91.5668,-1.329291,-0.06508649,-1.839396,2.156417,-0.2687117,-7.222721,-1.771072,-0.01988824,-0.3442476,-0.1351775
733,0.016586,1,100,0,-86.58839,90.045,0,0.8018531,0,0,134.9872,0.2702755,-0.01873834,0.9626006,-0.1680657,0.9835414,0.06633484,-0.9480006,-0.1797088,0.2626778,406.9465,-33.95942,-91.59655,-1.363666,-0.0626495,-1.986704,2.260241,-0.2172981,-8.944131,-1.630286,-0.01676542,-0.4244818,-0.1317043
734,0.016686,1,100,0,-94.9314,100,0,0.7821516,0,0,134.9867,0.2770871,-0.01520969,0.9607244,-0.1688945,0.9835356,0.0642825,-0.9458844,-0.1800729,0.2699562,406.9225,-33.9607,-91.62896,-1.391784,-0.0588712,-2.142857,2.366866,-0.1710349,-10.7592,-1.476939,-0.01375696,-0.5090709,-0.1277446
735,0.016731,1,100,0,-103.2969,100,0,0.7485902,0,0,134.9866,0.2852669,-0.01147667,0.9583795,-0.169676,0.98353,0.06228284,-0.9433098,-0.1803813,0.2786213,406.8981,-33.96194,-91.66386,-1.418554,-0.05599714,-2.287995,2.468761,-0.1304732,-12.65594,-1.313471,-0.01085868,-0.5974606,-0.1234106
736,0.016631,1,100,0,-87.91322,100,0,0.7107528,0,0,134.9876,0.2946225,-0.007610243,0.9555834,-0.1704019,0.9835235,0.06037054,-0.9402981,-0.1806197,0.2884714,406.8731,-33.96319,-91.70055,-1.469608,-0.06211425,-2.375167,2.565241,-0.09306562,-13.95735,-1.146976,-0.007797782,-0.6579366,-0.1170041
737,0.016641,1,100,0,-96.23373,100,0,0.7079213,0,0,134.9876,0.3049468,-0.003695577,0.9523622,-0.1710712,0.9835148,0.05859355,-0.9368789,-0.1807897,0.2992876,406.8473,-33.96449,-91.73876,-1.533943,-0.06083153,-2.466416,2.667221,-0.1026012,-15.38193,-0.8640647,-0.007562247,-0.7238246,-0.1035846
738,0.016761,1,100,0,-104.6142,100,0,0.7099489,0,0,134.9875,0.316404,0.0002343133,0.9486247,-0.1716964,0.9834983,0.05702465,-0.9329574,-0.1809183,0.3112231,406.8203,-33.96577,-91.77863,-1.593972,-0.05703189,-2.55012,2.757029,-0.1274447,-16.93,-0.5767447,-0.008100557,-0.7954903,-0.09027308
739,0.016685,1,100,0,-89.1806,100,0,0.7037698,0,0,134.9884,0.3287703,0.004108958,0.9444011,-0.1722755,0.9834732,0.05569459,-0.9285643,-0.1810079,0.3240447,406.7922,-33.96703,-91.81933,-1.675465,-0.05924064,-2.57916,2.838783,-0.1621462,-17.91459,-0.2944845,-0.009108851,-0.8407576,-0.07549195
740,0.016907,1,100,0,-97.6341,100,0,0.7307374,0,0,134.9879,0.3420295,0.00793929,0.9396557,-0.1728165,0.9834397,0.05459505,-0.9236613,-0.1810612,0.3377374,406.7625,-33.96833,-91.86106,-1.744606,-0.05685069,-2.613162,2.900428,-0.2120838,-19.06718,-0.008980382,-0.01094435,-0.8938911,-0.06102939
741,0.016395,1,100,0,-105.8316,100,0,0.7391558,0,0,134.9885,0.3556792,0.01158785,0.9345364,-0.1733062,0.9833995,0.05376561,-0.9183996,-0.1810842,0.351783,406.7325,-33.96956,-91.90187,-1.81697,-0.05560899,-2.628948,2.960092,-0.2707813,-20.31513,0.2641186,-0.01322525,-0.9515334,-0.04764946
742,0.016744,1,100,0,-90.3434,100,0,0.7539548,0,0,134.9888,0.3703345,0.01523533,0.9287735,-0.1737721,0.9833501,0.0531584,-0.9124996,-0.1810813,0.3668159,406.7007,-33.97082,-91.9436,-1.900365,-0.05735161,-2.608939,3.005117,-0.3386617,-21.05466,0.5354931,-0.01606487,-0.9853449,-0.03275908
743,0.016857,1,100,0,-98.7719,100,0,0.7874677,0,0,134.9887,0.3855927,0.01877701,0.922478,-0.174203,0.9832931,0.05280136,-0.9060748,-0.1810582,0.3824216,406.6672,-33.9721,-91.98523,-1.976215,-0.05694978,-2.587106,3.039073,-0.4157557,-21.97622,0.8024507,-0.0193751,-1.027703,-0.01871971
744,0.01649,1,100,0,-107.0169,91.755,0,0.8115442,0,0,134.989,0.4011086,0.02215223,0.9157627,-0.1745919,0.9832303,0.05268788,-0.8992384,-0.1810184,0.3982497,406.6333,-33.97337,-92.02544,-2.047924,-0.05687478,-2.549402,3.0625,-0.4969678,-23.02844,1.055694,-0.02284625,-1.076231,-0.005959049
745,0.016629,1,100,0,-91.63507,83.4405,0,0.836569,0,0,134.9893,0.4172733,0.0254622,0.9084243,-0.1749499,0.9831604,0.0528041,-0.8917822,-0.1809625,0.4147012,406.5979,-33.97466,-92.06516,-2.122649,-0.05938055,-2.477157,3.07134,-0.5818164,-23.57555,1.299983,-0.02667404,-1.101102,0.007840671
746,0.016656,1,100,0,-99.96307,75.1125,0,0.8764062,0,0,134.9892,0.4337747,0.02864088,0.9005661,-0.1752675,0.9830849,0.05315567,-0.8838105,-0.1808976,0.4314572,406.5612,-33.97599,-92.10368,-2.185569,-0.06023966,-2.400644,3.067166,-0.6694568,-24.31095,1.534598,-0.03057439,-1.134833,0.02043369
747,0.016687,1,100,0,-108.3066,66.769,0,0.9067508,0,0,134.9893,0.4507235,0.03173439,0.8920995,-0.1755453,0.9830045,0.05372421,-0.8752329,-0.1808186,0.448634,406.5235,-33.97736,-92.14087,-2.245083,-0.06206677,-2.310908,3.054291,-0.7571345,-25.21994,1.757769,-0.03433268,-1.176741,0.03175759
748,0.016682,1,100,0,-92.87572,58.428,0,0.9394416,0,0,134.9898,0.4680237,0.03473751,0.883033,-0.175778,0.9829202,0.05449861,-0.8660578,-0.1807244,0.466136,406.4848,-33.97877,-92.17636,-2.30772,-0.06732244,-2.192933,3.035564,-0.8420251,-25.62281,1.966507,-0.03816039,-1.194962,0.04377523
749,0.016672,1,100,0,-101.2117,50.092,0,0.9885807,0,0,134.9897,0.4854674,0.03761233,0.8734454,-0.1759564,0.9828337,0.05547502,-0.856365,-0.1806196,0.4837518,406.4452,-33.98027,-92.20987,-2.36131,-0.07244473,-2.07244,3.011366,-0.9236737,-26.22571,2.161733,-0.04166286,-1.222607,0.05430825
750,0.016729,1,100,0,-85.73739,41.7275,0,1.032682,0,0,134.99,0.5030871,0.0403786,0.863292,-0.176076,0.9827456,0.05664326,-0.8461093,-0.1805015,0.5015164,406.4045,-33.98189,-92.24135,-2.412709,-0.07999581,-1.931746,2.983571,-0.9997914,-26.34843,2.341802,-0.04513943,-1.227782,0.06540424
751,0.016634,1,100,0,-94.05439,33.4105,0,1.087052,0,0,134.9901,0.5205454,0.04298046,0.8527516,-0.1761269,0.9826581,0.05798518,-0.835471,-0.1803764,0.5190881,406.3634,-33.98361,-92.27033,-2.456439,-0.0882223,-1.78927,2.953614,-1.068301,-26.69358,2.505698,-0.04802554,-1.243445,0.0747751
752,0.016658,1,100,0,-102.3834,25.0815,0,1.139408,0,0,134.9902,0.5380909,0.0454953,0.8416581,-0.1761088,0.9825722,0.05947801,-0.8242839,-0.180228,0.5367253,406.3214,-33.98549,-92.29694,-2.498425,-0.09885435,-1.638556,2.923071,-1.128597,-27.2438,2.653872,-0.05023197,-1.268782,0.0825144
753,0.01668,1,100,0,-86.95439,16.7415,0,1.197773,0,0,134.9904,0.555687,0.04793404,0.8300087,-0.1760163,0.9824893,0.06110207,-0.8125458,-0.1800487,0.5543937,406.2788,-33.98755,-92.32103,-2.534117,-0.1108728,-1.480282,2.89624,-1.181244,-27.31878,2.785425,-0.0523361,-1.271881,0.09071413
754,0.016879,1,100,0,-95.39389,8.301995,0,1.25839,0,0,134.9904,0.5733492,0.05029171,0.8177662,-0.1758393,0.9824097,0.06286672,-0.8002198,-0.17984,0.5721071,406.2352,-33.98985,-92.34272,-2.564878,-0.1249384,-1.314387,2.870605,-1.224449,-27.62931,2.901412,-0.05366166,-1.286085,0.09720003
755,0.016528,1,100,0,-80.10549,0.03799534,0,1.322966,0,0,134.9906,0.5904929,0.05250939,0.8053328,-0.1755821,0.982337,0.06469133,-0.7877113,-0.1796018,0.5892828,406.192,-33.99234,-92.36123,-2.589078,-0.1396781,-1.150751,2.847712,-1.257422,-27.48444,2.997978,-0.05479563,-1.278991,0.1039018
756,0.016623,1,100,0,-64.72922,0,0,1.386415,0,0,134.9904,0.6073072,0.05458277,0.7925899,-0.1752302,0.9822708,0.06662142,-0.7749016,-0.1793453,0.6061047,406.1483,-33.99507,-92.37728,-2.59706,-0.1526256,-0.9996871,2.835148,-1.282021,-26.92912,3.077954,-0.05586829,-1.252691,0.1108461
757,0.016798,1,100,0,-49.19107,0,0,1.433923,0,0,134.9901,0.6236238,0.05645883,0.7796832,-0.1747732,0.9822115,0.06866659,-0.7619369,-0.1790898,0.6223979,406.104,-33.99805,-92.39103,-2.584309,-0.1631619,-0.8596472,2.817681,-1.296755,-25.98639,3.140821,-0.05682705,-1.208271,0.1179132
758,0.016599,1,100,0,-40.89157,0,0,1.463259,0,0,134.99,0.6389177,0.05805721,0.7670813,-0.1742181,0.9821604,0.0707742,-0.7492879,-0.1788584,0.6376343,406.0606,-34.00116,-92.40241,-2.556373,-0.1721099,-0.7310287,2.785964,-1.298661,-24.91053,3.185038,-0.05728873,-1.157669,0.124195
759,0.016661,1,100,0,-32.56107,0,0,1.480114,0,0,134.9897,0.6533813,0.05940005,0.7546951,-0.1735574,0.9821175,0.0729584,-0.7368655,-0.1786526,0.6520066,406.0176,-34.00442,-92.41183,-2.506236,-0.1781073,-0.617588,2.748501,-1.289037,-23.6984,3.211575,-0.05732592,-1.100733,0.1297615
760,0.016633,1,100,0,-24.24457,0,0,1.475907,0,0,134.9895,0.6668864,0.06047441,0.7427012,-0.1727964,0.9820832,0.07519132,-0.7248472,-0.1784802,0.6653877,405.9755,-34.00777,-92.41946,-2.43723,-0.1817999,-0.5172032,2.694104,-1.267105,-22.36785,3.220094,-0.05686916,-1.038302,0.1345332
761,0.016649,1,100,0,-15.92007,0,0,1.454926,0,0,134.9892,0.6794341,0.06128132,0.731173,-0.1719363,0.9820579,0.07746128,-0.7133074,-0.1783451,0.6777801,405.9347,-34.01117,-92.42558,-2.34788,-0.182748,-0.4321729,2.626158,-1.233505,-20.92591,3.210804,-0.05593951,-0.9707078,0.1385007
762,0.016653,1,100,0,-7.593566,0,0,1.414434,0,0,134.9889,0.6909856,0.06181913,0.7202204,-0.1709825,0.9820414,0.07974985,-0.7023562,-0.1782511,0.6891464,405.8954,-34.01457,-92.43042,-2.239691,-0.1811528,-0.3621226,2.541277,-1.188613,-19.38288,3.183826,-0.05453506,-0.8984321,0.1416404
763,0.016631,1,100,0,0.7219343,0,0,1.355796,0,0,134.9887,0.7015046,0.06208836,0.7099552,-0.1699425,0.9820333,0.08203705,-0.6921061,-0.1782009,0.6994523,405.8581,-34.01794,-92.43423,-2.114045,-0.1770706,-0.3075269,2.439708,-1.133232,-17.75012,3.139531,-0.05267578,-0.8220065,0.1439422
764,0.016639,1,100,0,9.041434,0,0,1.279597,0,0,134.9884,0.7109976,0.06209207,0.7004478,-0.1688222,0.9820341,0.08431125,-0.6826285,-0.1781962,0.7087064,405.8229,-34.02121,-92.43732,-1.971717,-0.1705108,-0.2684831,2.32261,-1.068411,-16.0323,3.078214,-0.05040101,-0.7416496,0.1454133
765,0.017032,1,100,0,17.55743,0,0,1.186059,0,0,134.9878,0.7196388,0.06182438,0.6915909,-0.1676011,0.9820433,0.08660904,-0.6738177,-0.1782386,0.7170783,405.7894,-34.02445,-92.43995,-1.807481,-0.1610734,-0.2457815,2.19584,-0.9942386,-14.19049,2.998434,-0.04773619,-0.6555403,0.1460871
766,0.016326,1,100,0,25.72043,0,0,1.070378,0,0,134.9882,0.7268842,0.06131059,0.6840178,-0.1663706,0.9820592,0.0887719,-0.6663033,-0.1783274,0.7240437,405.7599,-34.0274,-92.44221,-1.645182,-0.1511822,-0.2319331,2.028907,-0.9144105,-12.36081,2.905887,-0.04473691,-0.5700444,0.1459054
767,0.016799,1,100,0,34.11993,0,0,0.9552202,0,0,134.9875,0.733285,0.06052662,0.6772223,-0.1650518,0.9820834,0.0909418,-0.6595843,-0.178463,0.7301371,405.7324,-34.03024,-92.44454,-1.458948,-0.1373817,-0.2400121,1.884184,-0.8289542,-10.40905,2.795485,-0.04152903,-0.4788812,0.1449679
768,0.01692,1,100,0,42.57993,0,15.228,0.8115747,0,0,134.9873,0.7386401,0.05947736,0.6714711,-0.1636819,0.9821141,0.09306206,-0.6539262,-0.1786471,0.7351642,405.7079,-34.03286,-92.44714,-1.26915,-0.1229731,-0.260392,1.71135,-0.7382695,-8.377036,2.669032,-0.03806036,-0.3840076,0.1432641
769,0.016402,1,100,0,50.78093,0,29.9898,0.6604687,0,0,134.9876,0.7427733,0.05821367,0.6670076,-0.1623258,0.982149,0.09504652,-0.6495679,-0.1788705,0.7389637,405.6871,-34.03516,-92.4501,-1.084014,-0.1079796,-0.2900535,1.520365,-0.6475191,-6.356691,2.532293,-0.03452756,-0.2897157,0.140879
770,0.016688,1,100,0,59.12493,0,45.009,0.5091159,0,0,134.9871,0.7459095,0.05668481,0.6636311,-0.1609282,0.9821896,0.09698552,-0.6463139,-0.1791393,0.7417467,405.6691,-34.03724,-92.45378,-0.8872867,-0.09041971,-0.3365707,1.347806,-0.5563246,-4.247189,2.380192,-0.03098913,-0.1912904,0.1378093
771,0.016619,1,100,0,67.43443,0,59.9661,0.3400132,0,0,134.9871,0.7479465,0.05492049,0.6614831,-0.1595313,0.9822332,0.09883263,-0.6443027,-0.1794488,0.7434194,405.6543,-34.03901,-92.45828,-0.6904321,-0.07221669,-0.3874502,1.154354,-0.4665021,-2.099762,2.216189,-0.02747309,-0.09112429,0.1341206
772,0.016738,1,100,0,75.80344,0,75.0303,0.1697684,0,0,134.9868,0.74889,0.05290295,0.6605793,-0.1581308,0.9822797,0.1006043,-0.6435513,-0.1797995,0.7439851,405.6428,-34.0405,-92.46375,-0.4890583,-0.05238454,-0.4460631,0.9657519,-0.3799476,0.1072425,2.039508,-0.02409049,0.0117975,0.1298366
773,0.016673,1,100,0,84.13994,0,90.036,0.00771144,0,0,134.9868,0.7487043,0.05065503,0.660966,-0.1567547,0.9823273,0.1022792,-0.644104,-0.1801864,0.7434131,405.6345,-34.04165,-92.47022,-0.2895524,-0.03172086,-0.5061996,0.7718615,-0.2989019,2.343932,1.852809,-0.02092241,0.116082,0.1250376
774,0.016628,1,100,0,92.45394,0,100,0.1840979,0,0,134.9866,0.747377,0.04817805,0.6626511,-0.1554125,0.9823748,0.1038598,-0.645968,-0.1806067,0.7416918,405.6295,-34.04244,-92.47775,-0.09244761,-0.01003155,-0.5690596,0.5906205,-0.2263607,4.613425,1.657124,-0.01813217,0.2218809,0.1198033
775,0.016685,1,100,0,100.7964,0,100,0.3605369,0,0,134.9863,0.7448701,0.04545695,0.6656593,-0.1541078,0.9824208,0.1053579,-0.6491683,-0.1810612,0.7387812,405.6276,-34.0429,-92.48632,0.09913319,0.01171763,-0.6325983,0.4227491,-0.1627963,6.928896,1.452275,-0.01572662,0.3298113,0.114169
776,0.016684,1,100,0,85.36374,0,100,0.5338274,0,0,134.9872,0.7412612,0.04254215,0.6698673,-0.1528633,0.982464,0.1067607,-0.6535787,-0.1815357,0.7347655,405.6286,-34.04305,-92.49577,0.247608,0.02316102,-0.6551678,0.2823996,-0.1018864,8.623931,1.239613,-0.01277563,0.4086072,0.1061085
777,0.016687,1,100,0,93.70724,0,100,0.6474306,0,0,134.987,0.7367206,0.03951275,0.6750419,-0.1516965,0.982504,0.1080474,-0.6589621,-0.1820023,0.7298249,405.632,-34.043,-92.50568,0.3925453,0.03569004,-0.6879643,0.2072969,-0.05381012,10.40704,1.021143,-0.01051113,0.4915235,0.09798515
778,0.016689,1,100,0,102.0517,0,100,0.7672616,0,0,134.9871,0.7311831,0.03635631,0.6812119,-0.150616,0.9825399,0.1092264,-0.6653468,-0.1824659,0.7238924,405.6378,-34.04277,-92.51609,0.5282224,0.04708009,-0.7177089,0.2134124,-0.01712741,12.27309,0.7976849,-0.00880979,0.5783211,0.08983769
779,0.016839,1,100,0,86.47566,0,100,0.8795856,0,0,134.9879,0.7246355,0.03307492,0.6883383,-0.1496264,0.9825709,0.1103035,-0.6726929,-0.1829234,0.7169546,405.6456,-34.04239,-92.5269,0.625707,0.04908542,-0.7090245,0.2803718,0.01402617,13.5654,0.568226,-0.006889912,0.6381853,0.07950193
780,0.016637,1,100,0,94.79416,0,100,0.938226,0,0,134.9879,0.7173707,0.02980772,0.6960538,-0.1487632,0.9825963,0.1112405,-0.6806241,-0.1833479,0.7093201,405.6548,-34.04198,-92.53751,0.7190923,0.05237214,-0.7061862,0.3392527,0.03082731,14.9641,0.3394398,-0.00579554,0.7030491,0.06956163
781,0.016607,1,100,0,103.0977,0,100,0.999946,0,0,134.988,0.7092451,0.02649906,0.7044639,-0.1480185,0.9826155,0.1120611,-0.6892476,-0.1837524,0.7008376,405.6655,-34.04152,-92.54806,0.8047267,0.05532982,-0.7005687,0.404091,0.03526558,16.47429,0.1100698,-0.005368526,0.7731469,0.05995755
782,0.016865,1,100,0,87.49753,0,100,1.055808,0,0,134.9887,0.7001355,0.0231128,0.7136358,-0.1473902,0.9826277,0.1127771,-0.6986318,-0.1841422,0.6913791,405.6776,-34.04105,-92.55845,0.8551798,0.05040193,-0.662034,0.4572508,0.03297843,17.44573,-0.1227332,-0.004950717,0.8179631,0.0484168
783,0.016508,1,100,0,95.75153,0,100,1.064453,0,0,134.9889,0.6905241,0.0198339,0.7230375,-0.146912,0.9826336,0.1133507,-0.7082328,-0.1844943,0.681446,405.6902,-34.04065,-92.56808,0.9013234,0.04706226,-0.6272097,0.4906923,0.0184012,18.54252,-0.3490117,-0.005278202,0.8686854,0.03769622
784,0.016646,1,100,0,104.0745,0,100,1.074439,0,0,134.9889,0.6800384,0.01653199,0.7329901,-0.146564,0.9826319,0.1138137,-0.7183779,-0.1848277,0.6706504,405.7036,-34.04032,-92.57721,0.9403265,0.04403894,-0.5930655,0.5088374,-0.007145658,19.78934,-0.5740503,-0.006213558,0.9264528,0.02754686
785,0.016667,1,100,0,88.65755,0,100,1.081389,0,0,134.9897,0.6687641,0.01324303,0.7433566,-0.1463546,0.9826225,0.114163,-0.7289271,-0.1851418,0.6590808,405.7173,-34.04007,-92.58561,0.9467343,0.03437502,-0.5287327,0.5274022,-0.03749458,20.50714,-0.7958772,-0.007189894,0.9594158,0.01589588
786,0.016915,1,100,0,97.11504,0,100,1.044942,0,0,134.9894,0.6566769,0.009977125,0.7541063,-0.1462894,0.9826063,0.1143888,-0.7398483,-0.1854342,0.6467144,405.7314,-34.03996,-92.59313,0.9489939,0.02677971,-0.4761388,0.5040319,-0.07841001,21.41495,-1.014658,-0.008797936,1.001305,0.005055092
787,0.016568,1,100,0,105.399,0,100,1.015003,0,0,134.9899,0.6440923,0.006808907,0.7649176,-0.1463634,0.9825824,0.1144976,-0.7508149,-0.1857029,0.6338703,405.7452,-34.03999,-92.59959,0.9413101,0.01841915,-0.4134914,0.5017941,-0.1242351,22.45729,-1.223301,-0.01066664,1.049538,-0.004704043
788,0.016769,1,100,0,89.88772,0,100,0.9722701,0,0,134.9903,0.6306294,0.003640488,0.7760757,-0.1465736,0.9825514,0.1144948,-0.7621174,-0.185956,0.6201593,405.7588,-34.04018,-92.60503,0.9079089,0.005866461,-0.335466,0.4764302,-0.1738222,22.99153,-1.427012,-0.01262411,1.073953,-0.01579912
789,0.016607,1,100,0,98.19122,0,91.6965,0.9010665,0,0,134.9905,0.6167254,0.0005886629,0.7871782,-0.1469182,0.9825144,0.1143703,-0.7733465,-0.1861858,0.6060281,405.7717,-34.04057,-92.60918,0.8681108,-0.005621515,-0.2618392,0.4433796,-0.2271301,23.70486,-1.620229,-0.01480705,1.106804,-0.02564849
790,0.016749,1,100,0,106.5657,0,83.32201,0.8289858,0,0,134.9906,0.6020076,-0.002448484,0.7984866,-0.1473889,0.9824712,0.1141345,-0.7847696,-0.1863979,0.5910943,405.7839,-34.04116,-92.61215,0.8170675,-0.01753532,-0.1875712,0.4070642,-0.2833754,24.59847,-1.805659,-0.0170969,1.148139,-0.03441682
791,0.016623,1,100,0,91.18945,0,75.01051,0.7488135,0,0,134.9912,0.5867277,-0.005421564,0.8097662,-0.1479718,0.9824234,0.1137927,-0.7961502,-0.1865879,0.5756128,405.7951,-34.04194,-92.61385,0.7441986,-0.03305992,-0.09923923,0.3796475,-0.3383988,24.98127,-1.980195,-0.01928734,1.165545,-0.04416341
792,0.016681,1,100,0,99.52995,0,66.67001,0.6434486,0,0,134.9912,0.5708775,-0.008319944,0.8209932,-0.1486689,0.9823714,0.1133322,-0.8074632,-0.186755,0.5595768,405.8051,-34.04298,-92.61417,0.6635066,-0.04775968,-0.01864585,0.3603775,-0.393928,25.56562,-2.144041,-0.02147154,1.192441,-0.05257986
793,0.016986,1,100,0,108.0229,0,58.17701,0.5372716,0,0,134.9914,0.5540735,-0.01123644,0.8323919,-0.1494749,0.9823151,0.1127568,-0.8189381,-0.1868973,0.5425952,405.8137,-34.0443,-92.61314,0.5666077,-0.06408086,0.06468475,0.3656291,-0.4486105,26.3528,-2.299089,-0.02349099,1.228883,-0.05978224
794,0.016485,1,100,0,92.77432,0,49.93451,0.4169425,0,0,134.992,0.5371365,-0.01403688,0.8433786,-0.15034,0.9822587,0.1120979,-0.8299894,-0.1870054,0.5254967,405.8204,-34.04584,-92.61079,0.4586321,-0.08217197,0.1564532,0.395142,-0.4985544,26.62584,-2.438676,-0.02530627,1.241253,-0.06769704
795,0.016725,1,100,0,101.1368,0,41.57201,0.2830776,0,0,134.993,0.5194856,-0.0168069,0.8543139,-0.1512936,0.9822006,0.1113205,-0.8409786,-0.1870816,0.5076963,405.8252,-34.04776,-92.60669,0.3047186,-0.1101875,0.2859518,0.4697327,-0.5384775,27.11574,-2.570341,-0.02640107,1.263825,-0.07441366
796,0.016706,1,100,0,85.68378,0,33.21901,0.09047107,0,0,134.9924,0.5013956,-0.01950804,0.8649984,-0.1523046,0.9821448,0.1104332,-0.851708,-0.1871139,0.4894719,405.8277,-34.05005,-92.601,0.1764541,-0.12809,0.3543361,0.6062262,-0.5830838,27.13111,-2.685248,-0.02794295,1.264182,-0.08163891
797,0.016624,1,100,0,93.99577,0,24.90701,0.04711764,0,0,134.9929,0.4830981,-0.02209956,0.8752873,-0.1533667,0.9820899,0.109444,-0.8620295,-0.1871122,0.4710565,405.828,-34.05265,-92.59407,0.03538534,-0.1502257,0.4380274,0.7033351,-0.6191515,27.37573,-2.787863,-0.02889924,1.275339,-0.08735041
798,0.016698,1,100,0,102.3448,0,16.55801,0.2039415,0,0,134.9931,0.4642778,-0.02466233,0.8853463,-0.1544656,0.9820383,0.1083579,-0.8721163,-0.1870637,0.4521291,405.8259,-34.05563,-92.58586,-0.1102336,-0.1753719,0.5238028,0.8388312,-0.6502696,27.83466,-2.877692,-0.02943709,1.296594,-0.09157243
799,0.016688,1,100,0,86.90837,0,8.214006,0.3657687,0,0,134.9931,0.4450397,-0.02719248,0.895098,-0.1555814,0.9819906,0.1071868,-0.8818924,-0.186963,0.4327941,405.8214,-34.05904,-92.57629,-0.2551739,-0.201544,0.5970354,0.9872054,-0.6786805,27.82353,-2.952577,-0.03,1.295836,-0.09640974
800,0.016684,1,100,0,71.47567,0,0,0.5211106,0,0,134.993,0.425696,-0.02961377,0.9043816,-0.156716,0.9819478,0.1059205,-0.8911923,-0.186821,0.4133703,405.8145,-34.06286,-92.56567,-0.3997009,-0.2271907,0.6492459,1.134029,-0.7035142,27.3843,-3.011519,-0.03061056,1.275037,-0.1016541
801,0.016725,1,100,0,56.00504,0,0,0.6670333,0,0,134.9928,0.4064994,-0.03186474,0.9130952,-0.157872,0.9819094,0.1045489,-0.8999082,-0.1866512,0.394115,405.8052,-34.06712,-92.55428,-0.5417618,-0.2507197,0.6733956,1.273704,-0.7238905,26.5531,-3.053524,-0.03127383,1.235895,-0.1071139
802,0.016715,1,100,0,47.64754,0,0,0.7997284,0,0,134.9926,0.3877515,-0.03389289,0.9211407,-0.1590429,0.9818762,0.1030763,-0.9079397,-0.1864688,0.3753336,405.7935,-34.07174,-92.54263,-0.6826313,-0.2724699,0.6755332,1.397326,-0.7375048,25.56445,-3.078665,-0.03176623,1.189416,-0.1120178
803,0.01662,1,100,0,39.33754,0,0,0.9241455,0,0,134.9924,0.3696783,-0.03567708,0.9284747,-0.1602137,0.9818482,0.1015181,-0.9152431,-0.1862834,0.357252,405.7797,-34.07668,-92.53111,-0.8179888,-0.2914459,0.6544756,1.509767,-0.7440725,24.43942,-3.086627,-0.03207133,1.136594,-0.1162713
804,0.016948,1,100,0,30.86354,0,0,1.036763,0,0,134.992,0.351958,-0.03724902,0.9352744,-0.1614049,0.9818249,0.09984209,-0.9219947,-0.1860981,0.3395489,405.7633,-34.08204,-92.51984,-0.9528245,-0.3077014,0.604313,1.624126,-0.7433304,23.15855,-3.076477,-0.03217063,1.076516,-0.1198751
805,0.016422,1,100,0,22.65255,0,0,1.140956,0,0,134.9919,0.3355927,-0.03852647,0.9412192,-0.1625494,0.9818073,0.09814499,-0.927877,-0.1859313,0.3232249,405.7454,-34.08745,-92.50984,-1.072738,-0.3203324,0.5406281,1.702652,-0.7353234,21.8027,-3.050229,-0.03204316,1.012972,-0.1226859
806,0.016686,1,100,0,14.30955,0,0,1.229674,0,0,134.9914,0.3198768,-0.03957387,0.9466324,-0.1636933,0.9817943,0.09635746,-0.9332116,-0.1857799,0.3075752,405.7252,-34.09314,-92.50089,-1.186667,-0.3291902,0.4477223,1.794323,-0.7202698,20.3181,-3.005651,-0.03170116,0.9434466,-0.1247388
807,0.016889,1,100,0,5.865046,0,0,1.306277,0,0,134.9909,0.3050084,-0.04037551,0.9514935,-0.1648247,0.9817859,0.09449674,-0.9379783,-0.185652,0.2927981,405.703,-34.09904,-92.49348,-1.293926,-0.3346771,0.3321168,1.874463,-0.6978239,18.71498,-2.94285,-0.0311097,0.8684199,-0.1260042
808,0.016489,1,100,0,-2.379454,0,0,1.373051,0,0,134.9907,0.2915971,-0.04090646,0.9556662,-0.1658978,0.9817817,0.09264378,-0.9420453,-0.1855576,0.2794984,405.6796,-34.10485,-92.4882,-1.385183,-0.3363827,0.2056402,1.929247,-0.6697932,17.06408,-2.865233,-0.03032556,0.7912009,-0.1264673
809,0.016657,1,100,0,-10.70795,0,0,1.4248,0,0,134.9901,0.2792339,-0.0411924,0.9593392,-0.1669442,0.9817812,0.09074829,-0.9455994,-0.1854961,0.2672698,405.6546,-34.11073,-92.48506,-1.465734,-0.3339778,0.05668205,1.99361,-0.6361634,15.31594,-2.769969,-0.02935447,0.709478,-0.1261114
810,0.016775,1,100,0,-19.09546,0,0,1.463098,0,0,134.9895,0.2680634,-0.0412288,0.9625188,-0.1679556,0.9817843,0.08882998,-0.9486482,-0.1854725,0.2562558,405.6282,-34.11658,-92.48446,-1.535714,-0.3279765,-0.1086663,2.050265,-0.5975047,13.48066,-2.657815,-0.02820543,0.6237217,-0.1249532
811,0.016612,1,100,0,-27.40145,14.9508,0,1.489837,0,0,134.9891,0.2583405,-0.04101858,0.9651827,-0.1689123,0.9817896,0.08693536,-0.9511724,-0.1854901,0.2467075,405.6009,-34.12225,-92.48662,-1.593933,-0.3187055,-0.2848149,2.096493,-0.5554954,11.59367,-2.531651,-0.02693547,0.5355862,-0.1230636
812,0.016678,1,100,0,-35.74046,29.961,0,1.504955,0,0,134.9886,0.2499811,-0.04056392,0.9674007,-0.1698257,0.9817973,0.08505137,-0.9532415,-0.1855508,0.238542,405.5727,-34.12776,-92.49179,-1.642632,-0.3060312,-0.4763033,2.149293,-0.5107948,9.634116,-2.390352,-0.02557601,0.4440964,-0.1204423
813,0.016685,1,100,0,-44.08295,44.9775,0,1.508991,0,0,134.9881,0.2430832,-0.0398676,0.9691858,-0.1706915,0.9818058,0.08319817,-0.9548692,-0.1856559,0.2318554,405.5438,-34.13305,-92.50015,-1.683047,-0.2905335,-0.6788078,2.20295,-0.4645666,7.613919,-2.235435,-0.02416545,0.3498054,-0.1171513
814,0.016691,1,100,0,-52.42846,59.9994,0,1.503644,0,0,134.9876,0.2377019,-0.03893179,0.9705577,-0.17151,0.9818149,0.08138832,-0.9560766,-0.1858065,0.2267021,405.5143,-34.13805,-92.51192,-1.716158,-0.2724637,-0.8910186,2.262491,-0.4180418,5.537899,-2.0679,-0.02275071,0.2529362,-0.1132435
815,0.016722,1,100,0,-60.78946,75.0492,0,1.489408,0,0,134.9872,0.2338813,-0.03775624,0.9715319,-0.1722834,0.9818237,0.07963079,-0.9568796,-0.186003,0.2231255,405.4842,-34.14276,-92.52721,-1.74352,-0.2521507,-1.111617,2.330837,-0.3723852,3.406722,-1.888572,-0.02137654,0.1535167,-0.1087742
816,0.016691,1,100,0,-69.13496,90.0711,0,1.46721,0,0,134.9868,0.2316789,-0.03634653,0.9721131,-0.1730112,0.981831,0.07794277,-0.9572837,-0.1862441,0.2211812,405.4537,-34.1471,-92.54616,-1.766612,-0.2301798,-1.337099,2.408157,-0.3289156,1.232488,-1.699414,-0.02008859,0.05210745,-0.1038344
817,0.016672,1,100,0,-77.47095,100,0,1.438277,0,0,134.9865,0.2311228,-0.03470314,0.9723055,-0.1736969,0.9818365,0.07633209,-0.957294,-0.1865285,0.220897,405.423,-34.15106,-92.56876,-1.785127,-0.2066848,-1.564898,2.495579,-0.2889943,-0.9813422,-1.501394,-0.01894142,-0.051133,-0.09847996
818,0.016853,1,100,0,-85.89745,100,0,1.401762,0,0,134.9859,0.2322594,-0.03280279,0.9721006,-0.1743519,0.9818391,0.07478847,-0.9568997,-0.1868579,0.2223221,405.3917,-34.15466,-92.59534,-1.796661,-0.1811035,-1.794229,2.591376,-0.2536827,-3.257865,-1.29279,-0.0179841,-0.1572838,-0.0926825
819,0.016527,1,100,0,-94.16095,100,0,1.354168,0,0,134.9859,0.2350652,-0.0307053,0.9714946,-0.1749617,0.981838,0.07336637,-0.9561031,-0.1872202,0.2254237,405.3609,-34.15778,-92.62502,-1.803582,-0.1554878,-2.00942,2.68411,-0.2247407,-5.521113,-1.08183,-0.01725577,-0.2628074,-0.0867212
820,0.016663,1,100,0,-102.4924,100,0,1.30055,0,0,134.9855,0.2396026,-0.02835444,0.970457,-0.1755479,0.9818324,0.07202899,-0.9548686,-0.18762,0.2302721,405.3298,-34.16048,-92.65841,-1.805035,-0.1284126,-2.221751,2.782631,-0.2024616,-7.835938,-0.8633091,-0.01677801,-0.3707308,-0.08048262
821,0.016849,1,100,0,-86.90712,100,0,1.236057,0,0,134.9862,0.2457841,-0.02577935,0.9689818,-0.1761115,0.9818214,0.07079197,-0.9531921,-0.1880484,0.236776,405.2982,-34.16282,-92.69531,-1.833503,-0.1102495,-2.372511,2.881927,-0.1819079,-9.543061,-0.6438577,-0.01590399,-0.4501289,-0.07222498
822,0.016538,1,100,0,-95.17612,100,0,1.20666,0,0,134.9861,0.2531256,-0.02313175,0.9671568,-0.1766285,0.9818059,0.06970958,-0.9511728,-0.1884728,0.2444345,405.2668,-34.1648,-92.73392,-1.852716,-0.09076631,-2.518003,2.973686,-0.1714825,-11.29964,-0.4250873,-0.01552738,-0.5318564,-0.06419823
823,0.016702,1,100,0,-103.5271,100,0,1.163873,0,0,134.9858,0.2618674,-0.020322,0.96489,-0.1771215,0.9817851,0.06874792,-0.9487116,-0.1889056,0.253498,405.2347,-34.16648,-92.7752,-1.866929,-0.07029647,-2.658269,3.058765,-0.1702041,-13.15426,-0.2023504,-0.01556872,-0.6181774,-0.05627146
824,0.016631,1,100,0,-88.14344,100,0,1.110591,0,0,134.9868,0.271785,-0.01741746,0.9622003,-0.1775852,0.9817579,0.06793256,-0.945831,-0.1893356,0.263734,405.2024,-34.16787,-92.8182,-1.906763,-0.05904406,-2.736147,3.137993,-0.1726734,-14.42248,0.01438325,-0.01546013,-0.6769968,-0.04681276
825,0.016755,1,100,0,-96.52094,100,0,1.09304,0,0,134.9863,0.2827354,-0.01444596,0.9590892,-0.1780186,0.9817254,0.06726602,-0.9425339,-0.1897542,0.2749968,405.1693,-34.16906,-92.86282,-1.934816,-0.04513403,-2.818759,3.200789,-0.1859989,-15.82448,0.2328658,-0.01592982,-0.7420942,-0.037703
826,0.016636,1,100,0,-104.8389,100,0,1.057044,0,0,134.9865,0.2946371,-0.01142555,0.955541,-0.1784233,0.9816869,0.06675425,-0.9388049,-0.190159,0.2872028,405.1359,-34.17004,-92.90828,-1.961722,-0.03217097,-2.888759,3.257668,-0.2075844,-17.32938,0.4473351,-0.01678458,-0.8120388,-0.02920681
827,0.016676,1,100,0,-89.41364,100,0,1.018132,0,0,134.9873,0.3075,-0.008346349,0.9515116,-0.1788045,0.9816419,0.0663949,-0.9345977,-0.190551,0.3003625,405.1019,-34.17087,-92.95464,-2.009774,-0.02709162,-2.906333,3.305061,-0.232868,-18.2863,0.6546295,-0.01761349,-0.8562871,-0.01935862
828,0.016749,1,100,0,-97.78815,100,0,1.010539,0,0,134.987,0.321116,-0.005256787,0.9470253,-0.1791564,0.9815911,0.06619677,-0.9299396,-0.1909225,0.3142628,405.067,-34.17159,-93.0015,-2.04714,-0.02005139,-2.928053,3.335954,-0.267267,-19.40058,0.8593509,-0.01893032,-0.9079334,-0.01020567
829,0.016893,1,100,0,-106.2346,100,0,0.9873661,0,0,134.9869,0.3356499,-0.002108119,0.9419844,-0.1794867,0.9815336,0.0661517,-0.9247289,-0.1912775,0.3290733,405.0312,-34.17223,-93.04893,-2.082775,-0.01372559,-2.940921,3.359988,-0.308515,-20.66913,1.06014,-0.02054582,-0.9668389,-0.001827344
830,0.01646,1,100,0,-91.00915,100,0,0.9608494,0,0,134.9882,0.350515,0.0009807646,0.9365567,-0.1797851,0.9814721,0.06625842,-0.9191393,-0.1916035,0.344197,404.9956,-34.1728,-93.09504,-2.140515,-0.01610249,-2.903746,3.381882,-0.3494829,-21.38553,1.245483,-0.02203213,-0.9998745,0.007414393
831,0.016697,1,100,0,-99.35765,100,0,0.9710561,0,0,134.9877,0.3660747,0.004088011,0.9305766,-0.1800557,0.9814047,0.06651988,-0.9130003,-0.1919068,0.3600035,404.9586,-34.1734,-93.14123,-2.184548,-0.01572745,-2.877078,3.385105,-0.3979364,-22.28594,1.427629,-0.02389675,-1.041562,0.01583602
832,0.016897,1,100,0,-107.8062,100,0,0.9617532,0,0,134.9877,0.3824173,0.007247444,0.9239612,-0.1803024,0.9813315,0.0669277,-0.9062272,-0.1921867,0.3765849,404.9205,-34.17403,-93.18732,-2.229543,-0.01714011,-2.838977,3.384552,-0.4499818,-23.36199,1.603296,-0.02584641,-1.091519,0.02325593
833,0.016466,1,100,0,-92.5751,100,0,0.954651,0,0,134.9888,0.3988615,0.01033646,0.9169531,-0.1805152,0.9812562,0.06746022,-0.8990687,-0.1924313,0.3932513,404.8824,-34.17471,-93.23137,-2.293267,-0.02609994,-2.760741,3.384301,-0.4990325,-23.90544,1.762679,-0.02760868,-1.116525,0.03143752
834,0.016679,1,100,0,-100.9146,100,0,0.9811622,0,0,134.9884,0.4158241,0.01343207,0.9093459,-0.1806936,0.9811766,0.06813415,-0.8913137,-0.1926448,0.410424,404.843,-34.17553,-93.27478,-2.344574,-0.03300937,-2.69197,3.371809,-0.5524362,-24.64547,1.915896,-0.02953916,-1.150782,0.03857409
835,0.016747,1,100,0,-85.42363,100,0,0.9912609,0,0,134.9891,0.4331207,0.01650633,0.9011849,-0.1808351,0.9810942,0.06894165,-0.8830093,-0.1928259,0.4279171,404.8024,-34.17652,-93.31693,-2.408144,-0.04578954,-2.587679,3.357883,-0.6031513,-24.89711,2.056941,-0.03136504,-1.162146,0.04659227
836,0.016535,1,100,0,-93.69113,91.7325,0,1.02793,0,0,134.989,0.4502703,0.01946849,0.89268,-0.18093,0.9810112,0.06986667,-0.874369,-0.1929715,0.4452426,404.7614,-34.17768,-93.35686,-2.456341,-0.05683188,-2.486067,3.33226,-0.653854,-25.35457,2.186741,-0.03314081,-1.183212,0.05321667
837,0.0167,1,100,0,-102.0411,83.3825,0,1.051812,0,0,134.989,0.4677865,0.02243917,0.8835567,-0.1809843,0.9809266,0.07090752,-0.8651133,-0.1930795,0.4629253,404.7192,-34.17906,-93.39537,-2.496618,-0.06836248,-2.375089,3.296539,-0.7036729,-26.01349,2.307072,-0.03472769,-1.213774,0.05857556
838,0.016681,1,100,0,-86.61121,75.042,0,1.073567,0,0,134.9894,0.4854386,0.02538889,0.8739021,-0.1809947,0.9808418,0.07204393,-0.8553306,-0.1931446,0.4807337,404.6765,-34.18065,-93.43182,-2.53808,-0.08319753,-2.238296,3.255224,-0.7492364,-26.18729,2.414517,-0.03619701,-1.221593,0.06477127
839,0.016658,1,100,0,-94.94021,66.713,0,1.110943,0,0,134.9893,0.5030395,0.02827801,0.8638007,-0.1809541,0.9807583,0.07327286,-0.8451077,-0.1931674,0.4984773,404.6331,-34.18248,-93.46595,-2.569373,-0.09758757,-2.101306,3.20924,-0.7919227,-26.58047,2.510758,-0.03738286,-1.239756,0.06953527
840,0.016742,1,100,0,-103.3112,58.342,0,1.142794,0,0,134.9895,0.5208257,0.03117986,0.8530934,-0.1808652,0.9806763,0.0745779,-0.8342831,-0.193137,0.5164008,404.5891,-34.18457,-93.49788,-2.598655,-0.1138087,-1.954369,3.159736,-0.8302745,-27.17862,2.595631,-0.03813262,-1.267586,0.07291225
841,0.01662,1,100,0,-87.93771,50.03199,0,1.180757,0,0,134.9898,0.5385423,0.03406411,0.8419098,-0.1807274,0.9805981,0.07592995,-0.8229886,-0.1930477,0.5342499,404.545,-34.18691,-93.5271,-2.62672,-0.1318871,-1.79502,3.112185,-0.863433,-27.29516,2.667437,-0.03878386,-1.272837,0.07711396
842,0.016664,1,100,0,-96.26971,41.69999,0,1.228232,0,0,134.9898,0.5561913,0.03692062,0.8302338,-0.1805331,0.9805236,0.07733896,-0.8112084,-0.1929,0.5520241,404.5003,-34.18956,-93.55374,-2.649383,-0.1505826,-1.632735,3.066597,-0.8919168,-27.63665,2.727803,-0.03899219,-1.288695,0.07986152
843,0.016938,1,100,0,-104.7387,33.231,0,1.27694,0,0,134.9899,0.5741363,0.03984503,0.8177898,-0.1802831,0.9804536,0.07879882,-0.7986652,-0.1926749,0.5700973,404.4546,-34.19257,-93.57799,-2.672156,-0.1716875,-1.458464,3.023405,-0.9153099,-28.19652,2.776961,-0.03865477,-1.314853,0.08120444
844,0.016422,1,100,0,-89.54837,25.02,0,1.335772,0,0,134.9903,0.591509,0.04272337,0.8051658,-0.1799914,0.9803927,0.08020814,-0.7859519,-0.1923667,0.5876009,404.41,-34.19587,-93.59866,-2.683664,-0.1990916,-1.283277,2.976693,-0.9021241,-28.27342,2.764288,-0.03630819,-1.318548,0.0802986
845,0.016722,1,100,0,-97.90937,16.659,0,1.393475,0,0,134.9902,0.6090019,0.04569163,0.7918516,-0.1796432,0.9803423,0.08159309,-0.7725575,-0.1919411,0.6052386,404.3645,-34.19968,-93.61681,-2.691438,-0.2285106,-1.10213,2.941471,-0.8834548,-28.58167,2.741514,-0.03337464,-1.333148,0.07803799
846,0.016768,1,100,0,-82.39897,8.274997,0,1.4561,0,0,134.9902,0.6263279,0.0487119,0.7780364,-0.1792456,0.9803038,0.08291906,-0.7586728,-0.1913941,0.622723,404.3188,-34.20399,-93.63198,-2.689755,-0.2572911,-0.9241239,2.912453,-0.8618389,-28.43069,2.709181,-0.03058627,-1.326198,0.07677265
847,0.01656,1,100,0,-67.08097,0,0,1.514415,0,0,134.9902,0.6429616,0.051654,0.7641547,-0.1788002,0.9802777,0.08417983,-0.7447357,-0.1907555,0.6395167,404.2738,-34.2087,-93.64413,-2.673966,-0.2830304,-0.7588386,2.884955,-0.8389071,-27.87176,2.668527,-0.02813895,-1.300101,0.07638108
848,0.016624,1,100,0,-51.70377,0,0,1.560098,0,0,134.9898,0.6589583,0.05449261,0.750203,-0.178298,0.9802628,0.08540872,-0.730742,-0.1900405,0.6556682,404.229,-34.21382,-93.65375,-2.639167,-0.3042554,-0.6125826,2.860639,-0.8154569,-26.93743,2.619036,-0.02612581,-1.256387,0.0766985
849,0.016744,1,100,0,-43.33177,0,0,1.58472,0,0,134.9896,0.6742095,0.05718296,0.7363231,-0.1777382,0.9802584,0.08661781,-0.7168338,-0.1892713,0.6710632,404.1845,-34.21933,-93.66106,-2.587789,-0.3217808,-0.4781693,2.826277,-0.7900096,-25.84935,2.560309,-0.02430235,-1.205477,0.07693984
850,0.016619,1,100,0,-35.02227,0,0,1.595037,0,0,134.9895,0.6884389,0.05966631,0.7228359,-0.1771344,0.9802634,0.08778968,-0.7033314,-0.188477,0.6854204,404.1413,-34.22505,-93.66627,-2.521588,-0.3349625,-0.3598436,2.77954,-0.7629496,-24.63762,2.493583,-0.02270078,-1.148779,0.07706195
851,0.016627,1,100,0,-26.70877,0,0,1.590001,0,0,134.9892,0.7017315,0.06194904,0.7097431,-0.1764884,0.9802768,0.08893391,-0.6902353,-0.1876691,0.6988244,404.0993,-34.23097,-93.66965,-2.437102,-0.3430585,-0.2588333,2.724306,-0.7345545,-23.30515,2.418645,-0.02133609,-1.086433,0.07703045
852,0.016649,1,100,0,-18.38427,0,0,1.565677,0,0,134.989,0.7140674,0.06401965,0.6971436,-0.1758058,0.9802974,0.09005164,-0.677643,-0.1868649,0.7112534,404.0587,-34.237,-93.67153,-2.335079,-0.3460808,-0.1743081,2.654222,-0.7045388,-21.86073,2.335539,-0.02018518,-1.018853,0.07680672
853,0.016666,1,100,0,-10.05127,0,0,1.523043,0,0,134.9887,0.72542,0.0658664,0.6851478,-0.1750938,0.9803241,0.09114254,-0.6656637,-0.1860817,0.7226795,404.0199,-34.24306,-93.67217,-2.216045,-0.3439243,-0.1068935,2.568604,-0.6727695,-20.31395,2.244542,-0.01922874,-0.946491,0.07636617
854,0.016726,1,100,0,-1.688266,0,0,1.461889,0,0,134.9884,0.7357996,0.06748429,0.6738286,-0.1743569,0.9803557,0.09220915,-0.6543691,-0.1853341,0.7331117,403.9829,-34.24907,-93.67185,-2.080159,-0.3365425,-0.05675822,2.467524,-0.6391833,-18.6685,2.145587,-0.01845182,-0.8695202,0.07568537
855,0.016742,1,100,0,6.682734,0,0,1.381954,0,0,134.9881,0.7451649,0.0688608,0.6633155,-0.1736041,0.9803909,0.09324849,-0.6438873,-0.1846398,0.7425075,403.9483,-34.25493,-93.67088,-1.929556,-0.3241817,-0.02376097,2.348602,-0.6036072,-16.93616,2.039231,-0.0178213,-0.7884937,0.07475555
856,0.01658,1,100,0,14.97273,0,0,1.284631,0,0,134.988,0.7534265,0.06997906,0.6537977,-0.1728502,0.9804283,0.09425006,-0.6344063,-0.1840196,0.7507765,403.9166,-34.26051,-93.66955,-1.768775,-0.3074338,-0.007417381,2.210236,-0.5661489,-15.14483,1.92705,-0.01729846,-0.7047199,0.07358326
857,0.016828,1,100,0,23.38673,0,0,1.173127,0,0,134.9875,0.7607841,0.07086173,0.6451249,-0.1720825,0.9804679,0.09523734,-0.6257755,-0.1834697,0.7581185,403.8872,-34.26585,-93.66811,-1.590932,-0.2854174,-0.009305179,2.067738,-0.5268349,-13.25287,1.806518,-0.0169107,-0.6162492,0.07214737
858,0.0165,1,100,0,31.63673,0,14.85,1.040878,0,0,134.9876,0.7669904,0.07147564,0.6376653,-0.1713342,0.9805073,0.09617783,-0.6183611,-0.1830213,0.7642858,403.8612,-34.27072,-93.66689,-1.414834,-0.2609349,-0.02697307,1.896752,-0.4857054,-11.3331,1.682191,-0.01655641,-0.5264896,0.07050247
859,0.016667,1,100,0,39.97023,0,29.8503,0.9020199,0,0,134.9872,0.7722509,0.07184082,0.6312429,-0.1705873,0.9805467,0.09709873,-0.6119875,-0.1826666,0.7694832,403.838,-34.27519,-93.66618,-1.228451,-0.23214,-0.06433326,1.733151,-0.443363,-9.331263,1.550806,-0.01631315,-0.4329024,0.06862509
860,0.016846,1,100,0,48.39323,0,45.0117,0.7446976,0,0,134.9868,0.7765377,0.07194635,0.6259496,-0.1698473,0.9805855,0.09800037,-0.6067463,-0.1824168,0.7736815,403.8176,-34.27921,-93.66621,-1.034472,-0.199973,-0.1158522,1.553886,-0.3992572,-7.248629,1.412472,-0.01612066,-0.3355473,0.06652521
861,0.016511,1,100,0,56.64874,0,59.8716,0.5745075,0,0,134.987,0.7797284,0.07178856,0.6219888,-0.1691422,0.9806215,0.09885633,-0.6028388,-0.1822856,0.7767608,403.8008,-34.28261,-93.66722,-0.8420285,-0.1660953,-0.1753744,1.35079,-0.354543,-5.160013,1.271884,-0.01593009,-0.2379234,0.06427198
862,0.016715,1,100,0,65.00623,0,74.9151,0.4016603,0,0,134.9866,0.7819398,0.07136385,0.6192556,-0.1684519,0.9806556,0.09969372,-0.6001619,-0.1822693,0.778835,403.787,-34.28547,-93.66935,-0.6404722,-0.1287646,-0.2480377,1.159561,-0.3095456,-2.997298,1.125099,-0.01581896,-0.1368421,0.06184482
863,0.01668,1,100,0,73.34624,0,89.9271,0.2146764,0,0,134.9865,0.7831143,0.07067008,0.6178492,-0.1677914,0.9806863,0.1005013,-0.5988138,-0.1823737,0.7798473,403.7765,-34.2877,-93.67278,-0.4372221,-0.0897373,-0.3254344,0.9510719,-0.2645479,-0.7970877,0.9745222,-0.01572737,-0.03401516,0.05929306
864,0.01662,1,100,0,81.65623,0,100,0.02439123,0,0,134.9864,0.7832468,0.06970668,0.6177909,-0.1671645,0.9807134,0.1012783,-0.598816,-0.1825987,0.779793,403.7694,-34.28927,-93.67751,-0.2324468,-0.04911849,-0.4066464,0.7419277,-0.2208601,1.431891,0.8209103,-0.01569554,0.07015175,0.05665091
865,0.016727,1,100,0,90.01974,0,100,0.1689382,0,0,134.986,0.7823172,0.06845826,0.6191069,-0.1665681,0.9807366,0.1020334,-0.6001958,-0.182946,0.77865,403.7656,-34.29018,-93.6837,-0.02628958,-0.007250965,-0.4935044,0.5455495,-0.1803095,3.714996,0.6633779,-0.01583661,0.1768495,0.05395743
866,0.016735,1,100,0,98.38724,0,100,0.3671618,0,0,134.9857,0.7802939,0.06692263,0.6218222,-0.1660094,0.980755,0.1027648,-0.6029779,-0.1834151,0.776387,403.7651,-34.29041,-93.69136,0.171197,0.03329501,-0.583836,0.3522298,-0.1427328,6.036778,0.5031313,-0.01608342,0.2853566,0.05125568
867,0.016685,1,100,0,106.7297,0,100,0.5626175,0,0,134.9857,0.7771555,0.06509878,0.6259326,-0.1654925,0.980768,0.1034721,-0.6071587,-0.1840011,0.7729826,403.7677,-34.28999,-93.70052,0.3581886,0.07143131,-0.6741353,0.183266,-0.1076044,8.387078,0.341044,-0.01635191,0.395198,0.04858381
868,0.016841,1,100,0,91.15181,0,100,0.7517157,0,0,134.9866,0.7729217,0.06299844,0.631366,-0.1650187,0.9807755,0.1041539,-0.6126668,-0.1846901,0.7684586,403.7732,-34.28899,-93.71104,0.5023215,0.09735698,-0.7185516,0.1543333,-0.06680053,10.13017,0.1756266,-0.01538619,0.4764981,0.04381142
869,0.016455,1,100,0,99.37931,0,100,0.8779138,0,0,134.9868,0.7679003,0.06076647,0.6376807,-0.1646111,0.9807792,0.1047647,-0.6190578,-0.1854182,0.7631435,403.7809,-34.28761,-93.72208,0.6408675,0.1223746,-0.7654279,0.2572285,-0.03263766,11.91327,0.01300245,-0.01473006,0.5596935,0.03939557
870,0.016796,1,100,0,107.7773,0,100,1.003556,0,0,134.9865,0.7618118,0.0582869,0.645171,-0.1642495,0.9807785,0.1053375,-0.6266301,-0.1862164,0.7567422,403.7909,-34.28579,-93.73416,0.7769499,0.1467573,-0.8154404,0.3659137,-0.003688864,13.81903,-0.1529432,-0.01433247,0.6486447,0.03522979
871,0.016679,1,100,0,92.34924,0,100,1.131267,0,0,134.9877,0.7548369,0.05564692,0.6535479,-0.1639509,0.9807731,0.1058517,-0.6350919,-0.1870505,0.749447,403.8028,-34.28366,-93.74667,0.8698381,0.1590557,-0.81481,0.5007768,0.02759594,15.13023,-0.3179598,-0.01299517,0.7096688,0.02924548
872,0.016546,1,100,0,100.6222,0,100,1.192836,0,0,134.9876,0.74714,0.05291818,0.6625568,-0.16372,0.9807644,0.1062875,-0.6441876,-0.1878854,0.7414321,403.8162,-34.28133,-93.75917,0.9616763,0.1718902,-0.8224168,0.5752794,0.04958095,16.54945,-0.4803523,-0.01220335,0.775784,0.02382
873,0.016786,1,100,0,85.09518,0,100,1.261562,0,0,134.9884,0.738569,0.05005575,0.6723171,-0.1635564,0.980752,0.1066541,-0.6540377,-0.1887332,0.73254,403.831,-34.27882,-93.77174,1.015156,0.1746055,-0.7921419,0.6426858,0.07123571,17.44223,-0.6433272,-0.01079204,0.8171693,0.01666895
874,0.016747,1,100,0,93.46868,0,100,1.277179,0,0,134.9883,0.7293816,0.04716351,0.6824794,-0.1634694,0.9807364,0.1069287,-0.6642892,-0.1895563,0.7230408,403.8466,-34.27626,-93.78386,1.06694,0.1781278,-0.7721949,0.6704464,0.08280412,18.49202,-0.8028314,-0.01005359,0.8659503,0.01027604
875,0.01661,1,100,0,101.7737,0,100,1.300851,0,0,134.9885,0.7195414,0.04422312,0.69304,-0.1634547,0.9807174,0.1071252,-0.6749389,-0.1903616,0.7128952,403.8628,-34.2737,-93.79548,1.111972,0.1806267,-0.7496469,0.7074921,0.08670826,19.67697,-0.9578903,-0.009784115,0.9211015,0.004638471
876,0.016694,1,100,0,86.33173,0,100,1.319317,0,0,134.9892,0.7089409,0.04120724,0.7040631,-0.1635125,0.9806944,0.1072475,-0.6860513,-0.1911552,0.7019922,403.8796,-34.27112,-93.80663,1.12343,0.1747653,-0.6947526,0.7307535,0.08891992,20.34327,-1.110172,-0.009096928,0.9518997,-0.002524316
877,0.016683,1,100,0,94.67323,0,100,1.291849,0,0,134.9891,0.6977665,0.03818644,0.7153068,-0.1636469,0.9806683,0.1072814,-0.697382,-0.1919151,0.6905265,403.8966,-34.26863,-93.81692,1.133712,0.1701461,-0.6509035,0.7157105,0.08189787,21.18592,-1.257223,-0.009043267,0.9910058,-0.00875818
878,0.016666,1,100,0,103.0062,0,100,1.27275,0,0,134.9892,0.6859145,0.03512032,0.7268342,-0.1638512,0.9806384,0.1072425,-0.7089951,-0.1926518,0.6783886,403.9136,-34.26624,-93.82643,1.136829,0.1646628,-0.6047033,0.7062283,0.06852139,22.19039,-1.399029,-0.009385884,1.037737,-0.01410139
879,0.016627,1,100,0,87.62626,0,100,1.247952,0,0,134.99,0.6734188,0.03201976,0.7385678,-0.1641237,0.9806052,0.1071333,-0.720813,-0.193362,0.6656132,403.9305,-34.26399,-93.83501,1.110872,0.1522554,-0.5310447,0.6917709,0.05391885,22.68416,-1.535452,-0.009396392,1.060495,-0.02081148
880,0.016696,1,100,0,95.97426,0,100,1.183642,0,0,134.9899,0.6603327,0.02891517,0.7504162,-0.1644679,0.9805682,0.1069409,-0.732742,-0.194036,0.6522569,403.947,-34.26192,-93.84251,1.082982,0.1411625,-0.4690421,0.6411907,0.03207112,23.37198,-1.665492,-0.009910654,1.092394,-0.02646141
881,0.016876,1,100,0,104.4123,0,100,1.126873,0,0,134.9899,0.646438,0.02573892,0.7625324,-0.1648784,0.980528,0.1066787,-0.7449386,-0.1946863,0.6380944,403.963,-34.26004,-93.84899,1.045492,0.1289047,-0.404859,0.591901,0.005675361,24.24867,-1.790015,-0.01069301,1.133188,-0.03111277
882,0.016718,1,100,0,88.94811,0,91.641,1.062261,0,0,134.9906,0.6320236,0.02255733,0.7746209,-0.165344,0.9804848,0.1063542,-0.7571049,-0.1952973,0.6234192,403.9781,-34.25842,-93.85423,0.9829834,0.1109971,-0.3187424,0.5473556,-0.02052153,24.61016,-1.907064,-0.01115691,1.149802,-0.03704342
883,0.016624,1,100,0,97.26012,0,83.32899,0.9646091,0,0,134.9907,0.6171956,0.0194088,0.7865704,-0.1658654,0.9804397,0.1059565,-0.7691283,-0.1958607,0.6083423,403.9921,-34.25708,-93.85813,0.918,0.0942338,-0.242577,0.4817367,-0.05102445,25.16859,-2.015625,-0.01193493,1.175698,-0.04177492
884,0.016613,1,100,0,105.5666,0,75.02249,0.8720863,0,0,134.9909,0.6017632,0.01622921,0.7985097,-0.1664337,0.9803927,0.1054999,-0.7811409,-0.1963848,0.5926653,404.005,-34.25603,-93.86078,0.843582,0.07623205,-0.1633708,0.4223996,-0.08323072,25.90957,-2.116675,-0.01279561,1.210199,-0.04541058
885,0.01683,1,100,0,89.99887,0,66.60749,0.7707514,0,0,134.9912,0.5855216,0.01297636,0.8105531,-0.1670513,0.9803436,0.1049788,-0.7932583,-0.1968713,0.57618,404.0166,-34.2553,-93.86208,0.7469717,0.05425586,-0.0761341,0.367208,-0.1156714,26.15925,-2.210894,-0.01344064,1.221637,-0.05030506
886,0.016562,1,100,0,98.27987,0,58.32649,0.6470899,0,0,134.9915,0.5690925,0.009790972,0.8222154,-0.1677007,0.9802946,0.1043999,-0.8049911,-0.1972993,0.5595202,404.0264,-34.25492,-93.86204,0.6459544,0.03226447,0.009245455,0.3356242,-0.1485483,26.61113,-2.295728,-0.01414904,1.242607,-0.05393028
887,0.016699,1,100,0,106.6294,0,49.97699,0.5211803,0,0,134.9916,0.5519508,0.006544404,0.833851,-0.1683833,0.9802449,0.1037645,-0.8166991,-0.1976795,0.5421489,404.0345,-34.25492,-93.8606,0.5336495,0.008941166,0.09498671,0.3416618,-0.1816476,27.26161,-2.373053,-0.01481275,1.272934,-0.05640976
888,0.016767,1,100,0,91.1199,0,41.59349,0.3861016,0,0,134.9919,0.5341735,0.003249317,0.8453687,-0.16909,0.9801959,0.1030775,-0.828292,-0.1980047,0.5241442,404.0407,-34.25531,-93.85775,0.4051614,-0.01680458,0.1822882,0.3926178,-0.2138554,27.42343,-2.442238,-0.01529196,1.280325,-0.06008007
889,0.016642,1,100,0,99.4409,0,33.2725,0.2367192,0,0,134.9922,0.5161272,-1.014024e-05,0.8565121,-0.1698121,0.9801484,0.102339,-0.83951,-0.198266,0.5058795,404.0447,-34.25613,-93.85356,0.2688547,-0.04331814,0.2697833,0.4778462,-0.2442487,27.80064,-2.503077,-0.01565211,1.297865,-0.06250468
890,0.016687,1,100,0,107.7844,0,24.929,0.08063985,0,0,134.9926,0.4974946,-0.003318883,0.8674608,-0.170542,0.980103,0.1015568,-0.850538,-0.1984625,0.4870299,404.0464,-34.25739,-93.84795,0.1225739,-0.0718166,0.3631171,0.5906566,-0.2720748,28.37866,-2.556751,-0.01576713,1.324864,-0.06380817
891,0.016712,1,100,0,92.32579,0,16.57299,0.08684798,0,0,134.9929,0.4783119,-0.006673001,0.8781648,-0.1712711,0.9800608,0.1007339,-0.8613271,-0.1985864,0.4676318,404.0456,-34.25911,-93.84093,-0.0260241,-0.1012204,0.4510018,0.7279897,-0.2993922,28.47554,-2.601908,-0.01581437,1.329279,-0.06627216
892,0.016741,1,100,0,76.84036,0,8.202495,0.2534191,0,0,134.9929,0.4588887,-0.00998044,0.8884377,-0.172006,0.9800221,0.09985246,-0.8716852,-0.1986378,0.4480044,404.0424,-34.26132,-93.83251,-0.1731526,-0.1305836,0.5236412,0.8781884,-0.3271907,28.13206,-2.637079,-0.01598077,1.313028,-0.06966548
893,0.016705,1,100,0,61.38824,0,0,0.411467,0,0,134.9928,0.4396044,-0.01314584,0.8980953,-0.1727507,0.9799874,0.09890344,-0.8814222,-0.1986249,0.4285358,404.0368,-34.264,-93.82307,-0.3171321,-0.1586382,0.5736992,1.02447,-0.3550854,27.38902,-2.661114,-0.0163545,1.278031,-0.07376958
894,0.016705,1,100,0,53.03574,0,0,0.5568874,0,0,134.9926,0.420661,-0.01611771,0.9070747,-0.1735103,0.979956,0.09787912,-0.8904709,-0.1985608,0.4094326,404.0288,-34.26714,-93.8129,-0.4598508,-0.1853366,0.602707,1.161397,-0.3816011,26.47991,-2.67379,-0.01686051,1.235263,-0.07775252
895,0.016638,1,100,0,44.71674,0,0,0.6930522,0,0,134.9925,0.4022729,-0.01887777,0.9153252,-0.1742683,0.9799289,0.0967987,-0.8987809,-0.1984516,0.3909091,404.0186,-34.27072,-93.80244,-0.6069,-0.2145405,0.6040001,1.290669,-0.3871061,25.42405,-2.628953,-0.01626241,1.185799,-0.07861664
896,0.01687,1,100,0,36.28174,0,0,0.8241552,0,0,134.9921,0.3842524,-0.02148439,0.9229782,-0.1750116,0.9799074,0.09567,-0.9064885,-0.1982933,0.3727717,404.0057,-34.27483,-93.79192,-0.7517681,-0.2412145,0.5789024,1.420966,-0.3908798,24.21374,-2.572929,-0.0157813,1.129111,-0.07932337
897,0.016481,1,100,0,28.04124,0,0,0.9450989,0,0,134.992,0.3673787,-0.02382547,0.9297662,-0.1757147,0.9798911,0.09454013,-0.913322,-0.1981056,0.3558046,403.9909,-34.27925,-93.78214,-0.883643,-0.2640867,0.53799,1.521326,-0.3927563,22.90923,-2.508971,-0.0154385,1.068018,-0.07985787
898,0.016717,1,100,0,19.68274,0,0,1.050787,0,0,134.9916,0.35111,-0.02597756,0.9359739,-0.1764055,0.9798792,0.09337078,-0.9195669,-0.1978944,0.3394628,403.9737,-34.2841,-93.77303,-1.010071,-0.2832704,0.4690347,1.629668,-0.3929584,21.47266,-2.433505,-0.01522983,1.000756,-0.08011936
899,0.016673,1,100,0,11.34624,0,0,1.144106,0,0,134.9912,0.3358404,-0.02788835,0.9415059,-0.1770733,0.9798706,0.09218778,-0.9251249,-0.197676,0.3241418,403.9545,-34.28923,-93.76517,-1.127032,-0.2986514,0.381106,1.718141,-0.3911312,19.9369,-2.34841,-0.01513568,0.9288628,-0.08010425
900,0.016738,1,100,0,2.97724,0,0,1.225214,0,0,134.9908,0.3215683,-0.02955962,0.946425,-0.1777236,0.979865,0.09098949,-0.9300583,-0.1974614,0.3098401,403.9334,-34.29461,-93.75886,-1.23385,-0.3097397,0.2714683,1.801716,-0.3874679,18.30099,-2.252865,-0.015159,0.8522978,-0.07975862
901,0.016627,1,100,0,-5.336261,0,0,1.292825,0,0,134.9904,0.3085293,-0.03096677,0.9507107,-0.1783511,0.9798611,0.08979565,-0.9343452,-0.1972649,0.2967929,403.9108,-34.30011,-93.75446,-1.327967,-0.3164731,0.1459822,1.870433,-0.3819651,16.59172,-2.14841,-0.01528043,0.7723144,-0.07908287
902,0.016699,1,100,0,-13.68576,0,0,1.346535,0,0,134.9898,0.2966543,-0.03212011,0.9544446,-0.1789641,0.9798581,0.08859982,-0.9380661,-0.1970948,0.2849308,403.8867,-34.30572,-93.7522,-1.410525,-0.3187411,0.001859933,1.937299,-0.3747587,14.79747,-2.033819,-0.01549418,0.6883719,-0.07803795
903,0.016715,1,100,0,-22.04326,15.0435,0,1.386518,0,0,134.9893,0.2860679,-0.03300871,0.9576406,-0.1795619,0.9798553,0.08741343,-0.9412346,-0.1969619,0.274378,403.8612,-34.31135,-93.75241,-1.482758,-0.3169229,-0.1581135,1.996983,-0.3657658,12.92709,-1.909935,-0.01577342,0.6008828,-0.07664597
904,0.016675,1,100,0,-30.38076,30.051,0,1.414662,0,0,134.9889,0.2768724,-0.03362548,0.9603182,-0.180144,0.9798518,0.08624732,-0.9438697,-0.1968751,0.2652365,403.8347,-34.3169,-93.75533,-1.544553,-0.311175,-0.3317185,2.052588,-0.3551794,10.99363,-1.777672,-0.01610154,0.5104586,-0.07492165
905,0.016669,1,100,0,-38.71526,45.0531,0,1.431135,0,0,134.9884,0.2691045,-0.033969,0.9625119,-0.180713,0.979847,0.08510555,-0.9460053,-0.1968407,0.2575426,403.8073,-34.32233,-93.76116,-1.597079,-0.3017406,-0.5182132,2.109071,-0.3432839,8.998824,-1.637245,-0.01647009,0.4171792,-0.07287586
906,0.016729,1,100,0,-47.07976,60.1092,0,1.436778,0,0,134.9879,0.2627958,-0.03403581,0.964251,-0.1812723,0.97984,0.08398979,-0.9476703,-0.1968642,0.2513281,403.779,-34.3276,-93.77014,-1.641925,-0.2889397,-0.7171715,2.170228,-0.3302082,6.938964,-1.488597,-0.01686222,0.3208711,-0.07052265
907,0.016905,1,100,0,-55.53226,75.3237,0,1.43264,0,0,134.9873,0.2579847,-0.03381699,0.965557,-0.1818268,0.9798301,0.08289871,-0.9488852,-0.1969507,0.2466323,403.7497,-34.3327,-93.78258,-1.680951,-0.2730445,-0.9290639,2.240451,-0.3162597,4.802085,-1.331132,-0.0172755,0.2209728,-0.06787103
908,0.016457,1,100,0,-63.76076,90.135,0,1.419669,0,0,134.9873,0.2548633,-0.0333235,0.9664028,-0.1823583,0.9798173,0.08187826,-0.9496266,-0.1970993,0.2436427,403.7206,-34.33738,-93.7981,-1.71357,-0.2555624,-1.137101,2.303506,-0.3022534,2.677309,-1.172281,-0.01767559,0.1216476,-0.06509335
909,0.016679,1,100,0,-72.10026,100,0,1.400576,0,0,134.9866,0.253301,-0.03253758,0.9668401,-0.1828888,0.9798003,0.08088849,-0.9499422,-0.1973134,0.2422336,403.6906,-34.34181,-93.81731,-1.740099,-0.235074,-1.357441,2.389139,-0.2887264,0.4789369,-1.005198,-0.01811587,0.01888981,-0.06205725
910,0.016958,1,100,0,-80.57925,100,0,1.370558,0,0,134.986,0.2533994,-0.03143976,0.9668508,-0.1834214,0.9797793,0.0799326,-0.9498134,-0.197596,0.2425087,403.6599,-34.34597,-93.8405,-1.760332,-0.2121965,-1.581556,2.480305,-0.2760721,-1.797892,-0.8299561,-0.01858641,-0.08752992,-0.05879267
911,0.016355,1,100,0,-88.75675,100,0,1.330375,0,0,134.9863,0.2551445,-0.03009117,0.9664347,-0.1839307,0.9797543,0.0790647,-0.9492477,-0.1979299,0.2444442,403.6299,-34.3496,-93.86633,-1.775191,-0.1893987,-1.786973,2.561525,-0.265091,-4.022754,-0.6574391,-0.01903082,-0.1915191,-0.05554752
912,0.016677,1,100,0,-97.09525,100,0,1.285768,0,0,134.9856,0.2585996,-0.02841898,0.9655666,-0.1844455,0.9797242,0.07823417,-0.9482123,-0.1983257,0.2481146,403.5991,-34.35291,-93.89603,-1.782724,-0.1639995,-1.997772,2.656085,-0.2567323,-6.326767,-0.4772576,-0.01954227,-0.2992065,-0.05212291
913,0.016684,1,100,0,-105.4373,100,0,1.22725,0,0,134.9854,0.2637734,-0.02644078,0.9642222,-0.1849576,0.9796889,0.07746206,-0.9466859,-0.1987727,0.2535255,403.5683,-34.3558,-93.92906,-1.788759,-0.138632,-2.196785,2.748973,-0.2506896,-8.663478,-0.2945315,-0.0200352,-0.408427,-0.0486901
914,0.016675,1,100,0,-90.01288,100,0,1.164008,0,0,134.9862,0.2705133,-0.02419909,0.9624121,-0.1854622,0.9796486,0.07676192,-0.9446833,-0.1992562,0.26052,403.5372,-34.35833,-93.96499,-1.819671,-0.1218869,-2.33542,2.841837,-0.2425886,-10.37394,-0.1152583,-0.01991725,-0.4882202,-0.04334352
915,0.016739,1,100,0,-98.38238,100,0,1.134876,0,0,134.9858,0.2785629,-0.02175933,0.9601716,-0.1859489,0.9796044,0.07614681,-0.9422452,-0.1997545,0.2688353,403.5056,-34.36056,-94.00332,-1.840749,-0.1029436,-2.475147,2.928712,-0.2406219,-12.17533,0.06672549,-0.02004879,-0.5722852,-0.03817409
916,0.016645,1,100,0,-106.7049,100,0,1.089594,0,0,134.9858,0.2878931,-0.01912768,0.9574716,-0.1864175,0.9795561,0.07562098,-0.9393436,-0.2002602,0.2784417,403.4738,-34.36248,-94.04355,-1.86048,-0.08468179,-2.601254,3.009063,-0.2435217,-14.04382,0.2477343,-0.02031111,-0.659513,-0.0333342
917,0.016674,1,100,0,-91.28143,100,0,1.040291,0,0,134.9866,0.2984447,-0.0163151,0.9542876,-0.1868692,0.9795035,0.07518781,-0.9359548,-0.2007663,0.2892788,403.4414,-34.36415,-94.08555,-1.902806,-0.07462062,-2.671351,3.082235,-0.2467915,-15.33204,0.4238438,-0.02020636,-0.7194793,-0.02680667
918,0.016734,1,100,0,-99.64844,100,0,1.023156,0,0,134.9863,0.3099819,-0.01338203,0.9506483,-0.1872946,0.9794472,0.07485935,-0.9321116,-0.2012563,0.3011045,403.4084,-34.36563,-94.12885,-1.935465,-0.06276459,-2.74269,3.14113,-0.2576775,-16.74807,0.6001827,-0.02045455,-0.7854596,-0.02073165
919,0.01668,1,100,0,-107.9884,100,0,0.9908643,0,0,134.9863,0.3224973,-0.01030627,0.9465142,-0.1876941,0.9793893,0.07461556,-0.927775,-0.2017185,0.313916,403.375,-34.36696,-94.17298,-1.955828,-0.05542751,-2.799816,3.182259,-0.2529631,-18.27167,0.73141,-0.01952624,-0.8566563,-0.01791083
920,0.016703,1,100,0,-92.53816,100,0,0.946842,0,0,134.9872,0.335943,-0.007066172,0.9418558,-0.1880638,0.9793329,0.07442632,-0.9229163,-0.202132,0.3276711,403.341,-34.36822,-94.21776,-1.997593,-0.05688537,-2.80614,3.216487,-0.2478026,-19.24176,0.8570163,-0.01827741,-0.9018478,-0.01350309
921,0.016856,1,100,0,-100.9662,100,0,0.9356186,0,0,134.9869,0.3501907,-0.003697015,0.9366711,-0.1883966,0.9792783,0.07430053,-0.9175363,-0.202485,0.3422376,403.3061,-34.36951,-94.26304,-2.030145,-0.0573972,-2.816033,3.235825,-0.2495205,-20.37578,0.9825286,-0.01732155,-0.9547509,-0.009672757
922,0.016489,1,100,0,-85.71384,100,0,0.9106013,0,0,134.988,0.3647264,-0.0003192723,0.9311147,-0.1886849,0.979227,0.07424542,-0.9117963,-0.2027665,0.3570897,403.2714,-34.37084,-94.30715,-2.08364,-0.06642219,-2.777599,3.254089,-0.2515317,-20.97476,1.098783,-0.01624192,-0.982526,-0.004524559
923,0.016678,1,100,0,-94.05283,100,0,0.9214714,0,0,134.9876,0.3798138,0.003125317,0.9250577,-0.1889314,0.9791782,0.07426402,-0.9055642,-0.2029789,0.3724959,403.2354,-34.37231,-94.3512,-2.12363,-0.07297929,-2.749519,3.256255,-0.2616654,-21.76399,1.21455,-0.01557383,-1.01925,-6.041676e-05
924,0.016851,1,100,0,-102.4783,100,0,0.9137119,0,0,134.9876,0.3955626,0.006674431,0.9184147,-0.1891429,0.9791309,0.07434846,-0.898752,-0.2031211,0.38857,403.1984,-34.37392,-94.39505,-2.163956,-0.08110911,-2.711594,3.254407,-0.2768335,-22.73446,1.327497,-0.0150681,-1.064508,0.003604949
925,0.016503,1,100,0,-87.21306,100,0,0.9076906,0,0,134.9886,0.4114264,0.01020814,0.911386,-0.1893148,0.9790866,0.07449581,-0.8915653,-0.2031883,0.4047546,403.1614,-34.37568,-94.43713,-2.220787,-0.09570981,-2.63695,3.252147,-0.2927912,-23.18605,1.431248,-0.01458909,-1.085394,0.00855194
926,0.016698,1,100,0,-95.56206,100,0,0.932106,0,0,134.9883,0.4277152,0.01378959,0.9038084,-0.1894468,0.9790441,0.07471566,-0.883838,-0.2031806,0.4213644,403.1231,-34.37768,-94.47854,-2.266251,-0.1081611,-2.570677,3.239913,-0.3160498,-23.84087,1.532803,-0.01445105,-1.115845,0.01266964
927,0.016621,1,100,0,-103.8726,100,0,0.9417828,0,0,134.9886,0.4442804,0.01740324,0.8957189,-0.189545,0.9790042,0.07499372,-0.8756074,-0.2030973,0.4382511,403.0843,-34.3799,-94.51849,-2.315819,-0.1227693,-2.493557,3.226959,-0.3424348,-24.67155,1.628636,-0.014362,-1.154585,0.01583476
928,0.01671,1,100,0,-88.41581,91.645,0,0.959878,0,0,134.9889,0.4612345,0.02107838,0.8870279,-0.1896104,0.9789654,0.07533007,-0.8667818,-0.2029345,0.4555293,403.0443,-34.38239,-94.55721,-2.365825,-0.1398487,-2.388073,3.204065,-0.3716148,-25.00632,1.718412,-0.01449983,-1.17002,0.02040818
929,0.016669,1,100,0,-96.75031,83.3105,0,0.9911969,0,0,134.9889,0.4782527,0.02473414,0.8778739,-0.1896383,0.9789292,0.07573076,-0.8575032,-0.202697,0.4728661,403.0038,-34.38514,-94.59405,-2.406456,-0.155888,-2.278825,3.172613,-0.4049069,-25.54616,1.803045,-0.01477654,-1.195115,0.02396601
930,0.016785,1,100,0,-105.1428,74.918,0,1.017562,0,0,134.989,0.4956121,0.02845202,0.8680779,-0.1896356,0.9788945,0.07618462,-0.8475891,-0.2023765,0.4905475,402.9623,-34.38819,-94.62918,-2.444141,-0.1726376,-2.158243,3.134707,-0.4410044,-26.28126,1.882533,-0.01503687,-1.229411,0.02655157
931,0.016597,1,100,0,-89.79058,66.6195,0,1.047845,0,0,134.9895,0.5129532,0.03215974,0.8578141,-0.1896032,0.978862,0.07668052,-0.8372156,-0.2019778,0.508208,402.9207,-34.39149,-94.66183,-2.484594,-0.1915484,-2.017555,3.09588,-0.4774646,-26.52039,1.954236,-0.01550664,-1.240402,0.03043505
932,0.016946,1,100,0,-98.26358,58.1465,0,1.093492,0,0,134.9892,0.5306505,0.03592715,0.846829,-0.1895345,0.9788312,0.07724101,-0.8261276,-0.2014913,0.5262267,402.8776,-34.39517,-94.69276,-2.515024,-0.2092343,-1.873008,3.055002,-0.5174226,-26.98747,2.021561,-0.01599703,-1.262126,0.03328499
933,0.016399,1,100,0,-106.4631,49.947,0,1.134263,0,0,134.99,0.5478829,0.03960182,0.8356172,-0.1894408,0.9788035,0.07782145,-0.8148232,-0.200937,0.5437719,402.8354,-34.39903,-94.72025,-2.555736,-0.2299839,-1.71697,3.01415,-0.5546344,-27.62415,2.080418,-0.01617728,-1.291859,0.03504533
934,0.016723,1,100,0,-90.99431,41.5855,0,1.195046,0,0,134.9898,0.5655146,0.04337431,0.8235972,-0.1893155,0.9787782,0.07844474,-0.8027165,-0.2002814,0.5617248,402.7918,-34.4033,-94.74568,-2.58522,-0.2490149,-1.557082,2.983976,-0.5953431,-27.7888,2.134084,-0.01680694,-1.299399,0.038187
935,0.016872,1,100,0,-99.43031,33.1495,0,1.250421,0,0,134.99,0.5831894,0.04715644,0.8109664,-0.189156,0.9787548,0.07911447,-0.7900064,-0.1995378,0.5797193,402.7473,-34.40792,-94.76857,-2.616113,-0.2696256,-1.383344,2.951788,-0.635028,-28.18076,2.181317,-0.01715701,-1.317652,0.04017758
936,0.016421,1,100,0,-107.6408,24.939,0,1.318596,0,0,134.9906,0.6003929,0.05086257,0.7980862,-0.1889743,0.9787353,0.07978819,-0.7770569,-0.1987221,0.5972375,402.7036,-34.41276,-94.78802,-2.656515,-0.2926815,-1.203502,2.926884,-0.6715152,-28.75291,2.221183,-0.017129,-1.344409,0.04112431
937,0.016728,1,100,0,-92.1674,16.575,0,1.403649,0,0,134.9903,0.6178746,0.05465966,0.7843745,-0.1887609,0.978719,0.08048974,-0.7632827,-0.1977918,0.6150432,402.6584,-34.41805,-94.80489,-2.682564,-0.3128856,-1.026965,2.922384,-0.711439,-28.85645,2.255578,-0.01764612,-1.349131,0.04341462
938,0.016697,1,100,0,-76.72268,8.226499,0,1.477813,0,0,134.9903,0.6349902,0.05837632,0.7703115,-0.1885121,0.9787061,0.08122694,-0.7491668,-0.1967913,0.6324734,402.613,-34.42365,-94.81879,-2.696295,-0.3304783,-0.8528675,2.914048,-0.7511875,-28.52119,2.283309,-0.01862593,-1.333229,0.04682638
939,0.01665,1,100,0,-61.32143,0,0,1.545594,0,0,134.9901,0.6514769,0.06192552,0.756137,-0.1882209,0.9786963,0.08201599,-0.7349496,-0.1957524,0.6492538,402.5676,-34.4295,-94.82987,-2.688344,-0.3428381,-0.6921518,2.905198,-0.7908232,-27.78996,2.304434,-0.02015325,-1.298717,0.0511773
940,0.016665,1,100,0,-45.9063,0,0,1.593526,0,0,134.9897,0.6671908,0.06524783,0.7420238,-0.1878811,0.9786893,0.08287497,-0.7208033,-0.1947057,0.6652314,402.5225,-34.43554,-94.83846,-2.659002,-0.3495899,-0.5504092,2.88997,-0.8287432,-26.69793,2.318437,-0.02218105,-1.247252,0.05627809
941,0.016613,1,100,0,-37.5998,0,0,1.618535,0,0,134.9896,0.6819372,0.06828142,0.7282166,-0.1874911,0.9786845,0.08380906,-0.7069717,-0.1936866,0.6802036,402.478,-34.44165,-94.84475,-2.612044,-0.351914,-0.4228827,2.859825,-0.8615595,-25.47847,2.324761,-0.02429271,-1.189822,0.06127053
942,0.01664,1,100,0,-29.2798,0,0,1.627156,0,0,134.9893,0.6957502,0.07102685,0.7147635,-0.1870487,0.9786819,0.0848203,-0.6935016,-0.1927093,0.6942036,402.4343,-34.44778,-94.84914,-2.544473,-0.3492241,-0.3121418,2.818769,-0.8885601,-24.13757,2.323106,-0.02643721,-1.126708,0.06610444
943,0.016651,1,100,0,-20.9543,0,0,1.615205,0,0,134.989,0.7085853,0.07346894,0.70179,-0.1865543,0.9786817,0.08590455,-0.6805177,-0.1917926,0.7071854,402.3918,-34.45383,-94.85186,-2.457327,-0.3418576,-0.2179637,2.760979,-0.9082361,-22.68652,2.31307,-0.02850734,-1.058448,0.07070614
944,0.016635,1,100,0,-12.6368,0,0,1.583679,0,0,134.9888,0.7204039,0.07559541,0.6894228,-0.1860092,0.9786841,0.087055,-0.6681461,-0.1909537,0.7191093,402.351,-34.45975,-94.85313,-2.351428,-0.3300086,-0.1412649,2.685961,-0.9196007,-21.13741,2.294374,-0.03042007,-0.9856128,0.07501087
945,0.016731,1,100,0,-4.2713,0,0,1.532529,0,0,134.9884,0.7312677,0.07741262,0.6776836,-0.1854097,0.9786886,0.08827314,-0.6564078,-0.1902004,0.7300364,402.3117,-34.46547,-94.85334,-2.225648,-0.3136526,-0.08238053,2.595485,-0.9219804,-19.48702,2.266572,-0.03212017,-0.9080525,0.07900032
946,0.016913,1,100,0,4.1852,0,0,1.460449,0,0,134.988,0.741202,0.07891785,0.6666273,-0.1847526,0.9786961,0.08955895,-0.6453577,-0.1895424,0.7399918,402.2743,-34.47097,-94.85271,-2.080137,-0.2930205,-0.04102421,2.487266,-0.9146866,-17.73166,2.229041,-0.03355276,-0.8255991,0.0826476
947,0.016439,1,100,0,12.4047,0,0,1.367615,0,0,134.9881,0.7498432,0.08005704,0.6567543,-0.1840669,0.9787058,0.09085442,-0.6354956,-0.1890133,0.7486118,402.2403,-34.47596,-94.85162,-1.928626,-0.2703725,-0.01585501,2.346544,-0.8967476,-15.9534,2.183468,-0.0345359,-0.7421097,0.08578554
948,0.016675,1,100,0,20.7422,0,0,1.264868,0,0,134.9876,0.7575946,0.08088773,0.6476941,-0.1833248,0.9787189,0.09220329,-0.6264523,-0.1885911,0.7563009,402.2084,-34.48061,-94.85031,-1.756826,-0.2433553,-0.01138598,2.211839,-0.8698273,-14.07847,2.127938,-0.03523322,-0.6541175,0.08855148
949,0.016707,1,100,0,29.0957,0,0,1.137851,0,0,134.9873,0.7643384,0.08139068,0.6396578,-0.1825374,0.978735,0.09358201,-0.6184388,-0.1882898,0.7629416,402.1794,-34.4848,-94.84905,-1.573856,-0.2140297,-0.0213021,2.050007,-0.8328775,-12.13428,2.062798,-0.03551678,-0.5629137,0.09088306
950,0.016642,1,100,0,37.4167,0,0,0.9973811,0,0,134.9871,0.7700412,0.08156385,0.6327588,-0.1817126,0.9787545,0.0949733,-0.6115691,-0.1881136,0.7685025,402.1536,-34.48848,-94.84814,-1.381816,-0.1826757,-0.04645222,1.872991,-0.7869785,-10.13873,1.988479,-0.03539884,-0.4693378,0.09275939
951,0.01669,1,100,0,45.7617,0,0,0.8437412,0,0,134.9869,0.7747468,0.08140978,0.6270087,-0.180848,0.9787776,0.09637724,-0.605856,-0.1880612,0.7730277,402.1309,-34.49164,-94.84781,-1.180244,-0.1493615,-0.08633649,1.686528,-0.7328546,-8.081878,1.904603,-0.03490532,-0.372922,0.09420148
952,0.016676,1,100,0,54.09969,0,15.0084,0.6764063,0,0,134.9867,0.7784342,0.08092824,0.6224878,-0.179951,0.9788038,0.0977804,-0.6013802,-0.1881329,0.7764974,402.1116,-34.49424,-94.84831,-0.9761273,-0.1152246,-0.1410584,1.488998,-0.6714913,-5.9742,1.811483,-0.03404843,-0.2741584,0.095208
953,0.016681,1,100,0,62.44019,0,30.0213,0.4991697,0,0,134.9865,0.781105,0.0801191,0.6192383,-0.1790248,0.9788332,0.09917653,-0.598185,-0.1883263,0.7789149,402.0956,-34.49627,-94.84985,-0.7688609,-0.08035049,-0.2081163,1.284794,-0.6041693,-3.818045,1.709182,-0.03286895,-0.1731551,0.09578893
954,0.016685,1,100,0,70.78269,0,45.0378,0.3129483,0,0,134.9864,0.7827517,0.07898223,0.6173019,-0.1780743,0.9788655,0.1005585,-0.5963132,-0.188638,0.7802733,402.0831,-34.49772,-94.85258,-0.558956,-0.04503316,-0.2842893,1.074322,-0.532375,-1.617962,1.597884,-0.0314162,-0.07012393,0.09595508
955,0.016625,1,100,0,79.09519,0,60.0003,0.1199845,0,0,134.9863,0.7833615,0.07752343,0.616713,-0.1771087,0.9789002,0.1019152,-0.5957996,-0.1890617,0.7805628,402.0741,-34.49858,-94.85667,-0.3483568,-0.009685844,-0.3660966,0.8591439,-0.4580137,0.6123294,1.47828,-0.02975247,0.03429436,0.09571904
956,0.016744,1,100,0,87.46719,0,75.0699,0.07637925,0,0,134.9859,0.7829211,0.07572523,0.6174954,-0.176123,0.9789378,0.103256,-0.5966705,-0.1895964,0.779768,402.0684,-34.49887,-94.86224,-0.1363717,0.02587631,-0.4546874,0.653627,-0.3830931,2.896242,1.349501,-0.02799612,0.1412004,0.09511648
957,0.016627,1,100,0,95.78069,0,90.0342,0.2780878,0,0,134.9857,0.7814113,0.07361079,0.6196594,-0.1751374,0.9789761,0.1045593,-0.5989351,-0.1902294,0.7778751,402.0661,-34.49859,-94.86926,0.06686851,0.0601868,-0.5463229,0.4504698,-0.3104796,5.198677,1.21351,-0.02624083,0.2489533,0.09416877
958,0.016735,1,100,0,104.1482,0,100,0.4764701,0,0,134.9854,0.7787856,0.0711503,0.623242,-0.1741453,0.9790154,0.1058411,-0.6026329,-0.1909622,0.7748336,402.0671,-34.49775,-94.87789,0.2618692,0.09331252,-0.6424899,0.2673061,-0.2400628,7.553039,1.068849,-0.02447672,0.359119,0.09290755
959,0.016673,1,100,0,88.72567,0,100,0.6734529,0,0,134.9865,0.7751305,0.06840911,0.6280869,-0.1731699,0.9790542,0.107076,-0.6076061,-0.1917636,0.7707411,402.071,-34.49644,-94.88779,0.4109267,0.113969,-0.6901327,0.1452402,-0.1645639,9.279087,0.9170194,-0.02138725,0.4396985,0.0891648
960,0.016975,1,100,0,97.21317,0,100,0.8034503,0,0,134.986,0.7705034,0.06540567,0.6340715,-0.1722031,0.9790944,0.1082603,-0.613735,-0.192604,0.7656586,402.0775,-34.49476,-94.89884,0.5617628,0.1353233,-0.7504667,0.1652657,-0.09654989,11.12777,0.7562585,-0.0187009,0.526022,0.08532196
961,0.016447,1,100,0,105.4367,0,100,0.9454386,0,0,134.9866,0.765079,0.06227591,0.6409182,-0.1712989,0.9791327,0.1093444,-0.6207345,-0.1934457,0.7597817,402.0861,-34.49282,-94.91042,0.700367,0.1539128,-0.7980211,0.3081953,-0.03700713,12.99173,0.5939142,-0.01634817,0.6130663,0.08148395
962,0.016682,1,100,0,90.00583,0,100,1.070837,0,0,134.9873,0.7586766,0.05891526,0.6487979,-0.1704245,0.9791698,0.1103718,-0.6287807,-0.1943076,0.7529138,402.0968,-34.49059,-94.92275,0.803074,0.1623127,-0.8063046,0.4249718,0.02135582,14.30351,0.4239714,-0.01323855,0.6741139,0.07535397
963,0.01681,1,100,0,98.41083,0,100,1.143574,0,0,134.9871,0.7514436,0.0554128,0.6574662,-0.1696007,0.9792062,0.1113133,-0.6376268,-0.1951524,0.7452163,402.1093,-34.48821,-94.93538,0.9040734,0.1709661,-0.8220657,0.499993,0.0672702,15.75044,0.2487639,-0.01086125,0.7415109,0.06938343
964,0.016508,1,100,0,106.6648,0,100,1.222443,0,0,134.9874,0.7434895,0.05183706,0.6667355,-0.1688526,0.9792392,0.1121573,-0.6470797,-0.1959677,0.7368069,402.1232,-34.48575,-94.94796,0.9964859,0.1780125,-0.8292326,0.5980822,0.1015635,17.27931,0.07267597,-0.009099254,0.8127673,0.06366991
965,0.016685,1,100,0,91.2312,0,100,1.290675,0,0,134.9882,0.7346224,0.04811183,0.6767682,-0.1681672,0.9792687,0.1129263,-0.6573048,-0.1967684,0.7274835,402.1384,-34.48321,-94.96056,1.053097,0.1757486,-0.7990668,0.6683332,0.1306868,18.27304,-0.1083143,-0.006976034,0.8588438,0.05584841
966,0.016676,1,100,0,99.5692,0,100,1.308096,0,0,134.9881,0.7250582,0.04434423,0.6872586,-0.1675658,0.9792947,0.1135946,-0.6679915,-0.1975238,0.7174762,402.1546,-34.48069,-94.97275,1.10719,0.1743454,-0.7761646,0.6982276,0.1453193,19.41525,-0.2906679,-0.005747947,0.9119085,0.04846332
967,0.016677,1,100,0,107.9077,0,100,1.330911,0,0,134.9883,0.7146919,0.04050168,0.6982659,-0.1670501,0.9793153,0.1141763,-0.6791981,-0.1982463,0.7066745,402.1715,-34.47822,-94.9845,1.153543,0.1720805,-0.7491908,0.7313475,0.147678,20.69543,-0.4740565,-0.005221942,0.9714661,0.04150733
968,0.016623,1,100,0,92.53143,0,100,1.347032,0,0,134.9892,0.7035792,0.03661526,0.7096729,-0.1666291,0.9793291,0.1146702,-0.6908047,-0.1989317,0.6951368,402.1889,-34.47585,-94.99554,1.165766,0.1617206,-0.6864328,0.7594774,0.143958,21.44199,-0.6576891,-0.004551352,1.005933,0.03270346
969,0.016679,1,100,0,100.8709,0,100,1.314653,0,0,134.989,0.69178,0.03272194,0.7213666,-0.1663099,0.9793372,0.115065,-0.702696,-0.1995701,0.6829279,402.2065,-34.47363,-95.00567,1.175773,0.1529481,-0.633975,0.7409828,0.1264957,22.36111,-0.8404715,-0.004750988,1.048524,0.02455312
970,0.016733,1,100,0,85.3929,0,91.6335,1.289694,0,0,134.9898,0.679303,0.02883282,0.7332914,-0.1660998,0.9793377,0.1153634,-0.7148136,-0.2001663,0.6700562,402.2242,-34.47158,-95.01477,1.152157,0.1370854,-0.5535972,0.7270804,0.1034105,22.77548,-1.022518,-0.004929089,1.067385,0.0146917
971,0.016869,1,100,0,93.8274,0,83.199,1.221958,0,0,134.9896,0.6662122,0.02498595,0.7453437,-0.166007,0.9793313,0.1155525,-0.7270513,-0.2007148,0.6565903,402.2415,-34.46978,-95.02274,1.12493,0.1231796,-0.4875417,0.674476,0.06820533,23.39516,-1.202245,-0.005929456,1.095914,0.005685374
972,0.016574,1,100,0,102.1144,0,74.91199,1.162721,0,0,134.99,0.6527309,0.02123427,0.7572923,-0.1660285,0.9793167,0.1156447,-0.7391734,-0.201217,0.6427557,402.258,-34.46825,-95.02939,1.090163,0.1090438,-0.4166947,0.6406813,0.02595203,24.17998,-1.375657,-0.007394671,1.132234,-0.002348118
973,0.016667,1,100,0,86.69743,0,66.57849,1.095594,0,0,134.9905,0.6385704,0.01749606,0.7693646,-0.1661625,0.9792939,0.1156443,-0.7514107,-0.2016866,0.6282553,402.2739,-34.46695,-95.03487,1.030501,0.0905631,-0.33091,0.5902063,-0.02064591,24.47429,-1.54565,-0.008887305,1.1455,-0.0118895
974,0.016914,1,100,0,95.15443,0,58.12149,1.000491,0,0,134.9903,0.6237239,0.01378955,0.7815232,-0.1664175,0.9792633,0.1155371,-0.7637238,-0.2021224,0.6130848,402.2889,-34.46595,-95.03907,0.9639528,0.07324399,-0.256384,0.5182748,-0.0748316,24.98788,-1.711641,-0.01088991,1.169094,-0.02041334
975,0.016475,1,100,0,103.3919,0,49.88399,0.9081831,0,0,134.9908,0.6086771,0.01021487,0.7933522,-0.1667729,0.9792255,0.1153437,-0.7756926,-0.2025168,0.5977358,402.3024,-34.46526,-95.04189,0.8918172,0.0555882,-0.174247,0.468797,-0.1307757,25.66945,-1.868159,-0.0130237,1.200621,-0.02775323
976,0.01664,1,100,0,87.99993,0,41.56399,0.8071872,0,0,134.9911,0.5929102,0.006642982,0.8052411,-0.1672338,0.9791803,0.1150586,-0.787712,-0.2028829,0.5816769,402.3147,-34.46487,-95.0434,0.8001835,0.03528622,-0.08745767,0.4141093,-0.1889404,25.87256,-2.019169,-0.01515664,1.209666,-0.03643925
977,0.016703,1,100,0,96.35143,0,33.21249,0.6883453,0,0,134.9911,0.5766549,0.00314381,0.8169817,-0.1678002,0.9791288,0.1146716,-0.7995699,-0.2032157,0.565147,402.3255,-34.4648,-95.04354,0.7005407,0.01525917,-0.006171763,0.3744486,-0.248897,26.29314,-2.162813,-0.01742079,1.228965,-0.04389964
978,0.016701,1,100,0,104.7019,0,24.86199,0.5667201,0,0,134.9914,0.5598405,-0.0003221259,0.8286003,-0.168456,0.9790718,0.1141973,-0.811296,-0.203515,0.5480698,402.3346,-34.46508,-95.04235,0.5909865,-0.005700797,0.07827576,0.3654302,-0.3083689,26.91106,-2.298635,-0.0196136,1.257572,-0.05017387
979,0.01676,1,100,0,89.19894,0,16.48199,0.4354042,0,0,134.9917,0.5424179,-0.003768235,0.8401005,-0.1691956,0.97901,0.1136338,-0.822895,-0.2037783,0.5303949,402.3417,-34.4657,-95.0398,0.4662344,-0.02843358,0.1633205,0.3983375,-0.3667891,27.04381,-2.426117,-0.0217026,1.263389,-0.05765346
980,0.016693,1,100,0,97.54543,0,8.135491,0.2912435,0,0,134.992,0.5246754,-0.00712274,0.8512727,-0.1700111,0.9789448,0.112976,-0.8341537,-0.2040015,0.5124173,402.3468,-34.46669,-95.0359,0.3334837,-0.05153322,0.2469088,0.4678725,-0.4221879,27.39785,-2.54429,-0.02359568,1.279646,-0.06377329
981,0.016654,1,100,0,82.14048,0,0,0.1411435,0,0,134.9922,0.5065945,-0.01039903,0.8621217,-0.1708923,0.9788775,0.112226,-0.8450786,-0.204183,0.4941169,402.3496,-34.46806,-95.03072,0.1929313,-0.07492421,0.3236808,0.5644587,-0.4744078,27.29182,-2.652415,-0.02536305,1.274298,-0.07091102
982,0.016786,1,100,0,66.61343,0,0,0.01219223,0,0,134.9923,0.4882903,-0.01354098,0.8725764,-0.1718513,0.978809,0.1113569,-0.8555934,-0.2043279,0.4756159,402.3501,-34.46982,-95.02433,0.04948315,-0.09769496,0.3846559,0.6808501,-0.5231425,26.76086,-2.749939,-0.02708225,1.248994,-0.07890809
983,0.016696,1,100,0,58.26543,0,0,0.1605728,0,0,134.9924,0.4702505,-0.0164419,0.8823798,-0.1728749,0.9787406,0.1103684,-0.8654356,-0.2044421,0.4574108,402.3483,-34.47193,-95.01708,-0.08981258,-0.1198274,0.431392,0.7981971,-0.5666626,26.04718,-2.834757,-0.0286888,1.215137,-0.08676746
984,0.016664,1,100,0,49.93343,0,0,0.2995481,0,0,134.9923,0.4525551,-0.01908717,0.8915322,-0.1739588,0.9786733,0.1092569,-0.8746041,-0.2045347,0.4395832,402.3442,-34.47439,-95.00916,-0.2231983,-0.1409064,0.4601741,0.9169238,-0.60471,25.16702,-2.905966,-0.03018674,1.173491,-0.09437039
985,0.016873,1,100,0,41.49693,0,0,0.4263152,0,0,134.9921,0.4350919,-0.02148894,0.9001297,-0.1751114,0.9786066,0.1080053,-0.8831938,-0.2046152,0.4220208,402.3379,-34.47723,-95.00079,-0.3548628,-0.1608912,0.4667256,1.03659,-0.6367421,24.11985,-2.963117,-0.03154821,1.124036,-0.1016861
986,0.016482,1,100,0,33.25594,0,0,0.5433013,0,0,134.992,0.4186056,-0.02354765,0.9078629,-0.1762833,0.9785435,0.1066632,-0.890895,-0.2046908,0.4054727,402.3296,-34.48031,-94.99255,-0.4758064,-0.1786788,0.458076,1.12924,-0.6606732,22.96056,-3.004639,-0.03266607,1.069358,-0.1084164
987,0.016732,1,100,0,24.88993,0,0,0.6462048,0,0,134.9916,0.4025647,-0.02533423,0.915041,-0.1775087,0.9784821,0.1051842,-0.8980159,-0.2047712,0.3894053,402.3193,-34.48371,-94.9845,-0.5935811,-0.1940949,0.4220501,1.23191,-0.6772937,21.65683,-3.030509,-0.03356954,1.007938,-0.1146721
988,0.016866,1,100,0,16.45693,0,0,0.7371388,0,0,134.9912,0.3872209,-0.02681532,0.921597,-0.1787708,0.9784232,0.1035816,-0.9044895,-0.2048636,0.3740722,402.3069,-34.48739,-94.97703,-0.7068953,-0.2073001,0.3642854,1.319988,-0.685151,20.22484,-3.040051,-0.03416545,0.9405379,-0.1203507
989,0.016496,1,100,0,8.208934,0,0,0.8181167,0,0,134.9911,0.3731239,-0.02794473,0.9273607,-0.1800219,0.9783691,0.1019136,-0.910149,-0.2049716,0.3600222,402.2931,-34.49118,-94.97076,-0.8075695,-0.2175243,0.2921585,1.383943,-0.6840618,18.72244,-3.033445,-0.03441685,0.8698818,-0.1252578
990,0.016728,1,100,0,-0.1550665,0,0,0.8847784,0,0,134.9905,0.3598385,-0.02876405,0.9325711,-0.181296,0.9783179,0.1001293,-0.915231,-0.2051018,0.3468216,402.2775,-34.49518,-94.96571,-0.9010727,-0.2245497,0.1944538,1.45816,-0.6745132,17.10309,-3.00942,-0.03434221,0.7937827,-0.1294784
991,0.016637,1,100,0,-8.473566,0,0,0.9381861,0,0,134.9894,0.3477264,-0.02925031,0.9371396,-0.1825597,0.9782709,0.09827305,-0.9196509,-0.2052561,0.3348307,402.2605,-34.49921,-94.96242,-0.9596567,-0.2133771,0.0507378,1.513213,-0.6575661,15.40923,-2.9676,-0.03397321,0.7142392,-0.1328393
992,0.016674,1,100,0,-16.81057,15.0066,0,0.9433346,0,0,134.9898,0.3367678,-0.02940974,0.9411284,-0.1838138,0.9782282,0.09634393,-0.9234717,-0.2054379,0.3240299,402.2425,-34.5031,-94.9613,-1.035378,-0.2090161,-0.066879,1.533724,-0.6267909,13.62469,-2.912556,-0.03287642,0.6304782,-0.1356908
993,0.016684,1,100,0,-25.15257,30.0222,0,0.9774111,0,0,134.9892,0.327065,-0.02923553,0.9445496,-0.1850436,0.9781907,0.09435099,-0.926708,-0.2056417,0.3145221,402.2234,-34.50689,-94.9623,-1.098773,-0.2011626,-0.2093562,1.588578,-0.5903173,11.76583,-2.839986,-0.0315365,0.5432801,-0.1377051
994,0.016707,1,100,0,-33.50607,45.0585,0,0.9937624,0,0,134.9888,0.3186826,-0.02872862,0.9474261,-0.1862436,0.9781579,0.09230663,-0.9293842,-0.2058685,0.3063714,402.2032,-34.51054,-94.96565,-1.156239,-0.1919973,-0.3651351,1.637737,-0.5477406,9.835761,-2.750949,-0.0298923,0.4527885,-0.1389411
995,0.01669,1,100,0,-41.85107,60.0795,0,1.002249,0,0,134.9884,0.3117049,-0.02789164,0.9497696,-0.1874047,0.9781301,0.09022883,-0.9315149,-0.206116,0.2996609,402.1822,-34.51402,-94.97162,-1.20747,-0.1814416,-0.5334615,1.690513,-0.5005611,7.845203,-2.645965,-0.02799841,0.3595053,-0.1393967
996,0.016791,1,100,0,-50.24657,75.1914,0,1.002317,0,0,134.9879,0.3061486,-0.02671878,0.9516088,-0.1885298,0.9781065,0.088116,-0.9331291,-0.2063832,0.2944087,402.1602,-34.51734,-94.98044,-1.25417,-0.1695856,-0.7149656,1.753114,-0.4497662,5.783693,-2.524652,-0.02588617,0.2629398,-0.1390885
997,0.016618,1,100,0,-58.55556,90.1476,0,0.9948099,0,0,134.9877,0.3021492,-0.0252336,0.9529266,-0.1895976,0.9780869,0.08601649,-0.9342155,-0.2066624,0.2907439,402.1378,-34.52042,-94.99216,-1.297299,-0.1574714,-0.9008965,1.817986,-0.3974309,3.691864,-2.39006,-0.02362745,0.164992,-0.1380664
998,0.016675,1,100,0,-66.89307,100,0,0.98257,0,0,134.9873,0.2996765,-0.02342206,0.9537534,-0.1906205,0.9780707,0.08391365,-0.9348037,-0.2069519,0.2886401,402.1146,-34.5233,-95.007,-1.336351,-0.144339,-1.095529,1.898483,-0.3449478,1.544592,-2.240786,-0.02128522,0.06448489,-0.1363344
999,0.016964,1,100,0,-75.37507,100,0,0.9628833,0,0,134.9867,0.2987815,-0.02125232,0.954085,-0.1916104,0.9780573,0.08179107,-0.934888,-0.2072503,0.2881532,402.0903,-34.52599,-95.02534,-1.37068,-0.1299421,-1.29717,1.99046,-0.2932344,-0.6864163,-2.074974,-0.01888605,-0.03990697,-0.1338788
1000,0.016448,1,100,0,-83.59907,100,0,0.9345788,0,0,134.9869,0.2995177,-0.01883625,0.9539049,-0.1925221,0.9780457,0.07976319,-0.9344651,-0.2075383,0.2893156,402.0664,-34.52838,-95.04626,-1.402451,-0.1170381,-1.483699,2.075196,-0.245874,-2.883804,-1.902345,-0.01657319,-0.1426958,-0.1308922
1001,0.016673,1,100,0,-91.93557,100,0,0.9055741,0,0,134.9864,0.301891,-0.01607727,0.953207,-0.1933985,0.9780351,0.07774745,-0.9335198,-0.2078201,0.2921507,402.0416,-34.53058,-95.0705,-1.428613,-0.1025672,-1.675594,2.174688,-0.2033374,-5.149615,-1.715264,-0.0143733,-0.2486569,-0.1272591
1002,0.016635,1,100,0,-100.2531,100,0,0.8654277,0,0,134.9863,0.3059183,-0.0130164,0.9519688,-0.1942279,0.9780242,0.07578845,-0.9320351,-0.208084,0.2966673,402.0164,-34.53254,-95.09772,-1.455418,-0.08921713,-1.856697,2.274273,-0.1668289,-7.444671,-1.518345,-0.012308,-0.3559631,-0.1231288
1003,0.01669,1,100,0,-84.81482,100,0,0.8242444,0,0,134.987,0.3114816,-0.009687573,0.9502029,-0.1950129,0.978013,0.07389735,-0.9300268,-0.2083194,0.3027438,401.9907,-34.53433,-95.12769,-1.504506,-0.08431725,-1.987191,2.376416,-0.1335318,-9.122515,-1.315524,-0.01005126,-0.4341983,-0.1164017
1004,0.016673,1,100,0,-93.15132,100,0,0.8151858,0,0,134.9867,0.3182786,-0.00619445,0.9479771,-0.1957413,0.9780011,0.07210979,-0.9275693,-0.2085093,0.3100643,401.9642,-34.53602,-95.15979,-1.545646,-0.0776237,-2.117882,2.474672,-0.11139,-10.88507,-1.103887,-0.008289147,-0.516393,-0.1094291
1005,0.016732,1,100,0,-101.5173,100,0,0.7931996,0,0,134.9866,0.3263961,-0.002510481,0.9452298,-0.1964236,0.9779869,0.07042427,-0.9245992,-0.2086517,0.318718,401.937,-34.53762,-95.19398,-1.58632,-0.07136127,-2.23832,2.567462,-0.09970359,-12.73582,-0.8845039,-0.006939806,-0.6027136,-0.1022875
1006,0.016703,1,100,0,-86.06705,100,0,0.7682066,0,0,134.9874,0.335682,0.001306288,0.9419745,-0.1970581,0.9779702,0.06886741,-0.921133,-0.2087412,0.3285444,401.909,-34.53916,-95.22978,-1.648182,-0.0731072,-2.307225,2.654614,-0.09523915,-13.9977,-0.6635763,-0.005789905,-0.6613123,-0.09290358
1007,0.016676,1,100,0,-94.40504,100,0,0.7754298,0,0,134.9872,0.3458723,0.005176112,0.9382674,-0.19764,0.9779506,0.06746073,-0.91723,-0.2087719,0.339269,401.8801,-34.54071,-95.26667,-1.701245,-0.07257956,-2.37716,2.730062,-0.1040824,-15.38189,-0.4376244,-0.005293929,-0.7256512,-0.08363475
1008,0.016592,1,100,0,-102.701,100,0,0.7690893,0,0,134.9873,0.3569957,0.009105843,0.9340617,-0.1981765,0.9779277,0.06620902,-0.912842,-0.2087454,0.3509205,401.8504,-34.54225,-95.30435,-1.755052,-0.07286024,-2.434487,2.79852,-0.1242995,-16.87272,-0.2097872,-0.005299533,-0.7950041,-0.07461938
1009,0.016739,1,100,0,-87.21747,100,0,0.7629831,0,0,134.9879,0.3691165,0.013122,0.9292905,-0.1986773,0.9779001,0.0651067,-0.907899,-0.2086609,0.3635661,401.8195,-34.54386,-95.34303,-1.82525,-0.07914758,-2.449225,2.858965,-0.153029,-17.82015,0.01888704,-0.005736547,-0.8387737,-0.06355704
1010,0.016892,1,100,0,-95.66347,100,0,0.7832023,0,0,134.9876,0.3820223,0.01715629,0.9239939,-0.1991374,0.9778681,0.0641761,-0.9024432,-0.2085184,0.3769839,401.7872,-34.54557,-95.38228,-1.887409,-0.08314915,-2.464557,2.907628,-0.1943335,-18.93471,0.2509736,-0.006784079,-0.8903963,-0.05286449
1011,0.016471,1,100,0,-103.899,100,0,0.7915192,0,0,134.9882,0.3953497,0.02110169,0.9182883,-0.1995497,0.9778318,0.06344196,-0.8965928,-0.2083259,0.3907963,401.7547,-34.54732,-95.42067,-1.953769,-0.08936406,-2.464004,2.952234,-0.2437246,-20.15636,0.476275,-0.008178638,-0.9470847,-0.04296778
1012,0.01667,1,100,0,-88.47922,100,0,0.8074283,0,0,134.9885,0.4095022,0.02508784,0.9119642,-0.1999311,0.9777906,0.06287701,-0.8901326,-0.2080783,0.4054233,401.7206,-34.54922,-95.45932,-2.029408,-0.09922861,-2.432687,2.988619,-0.3010595,-20.86291,0.7003573,-0.01011756,-0.9795249,-0.03125383
1013,0.01684,1,100,0,-96.89922,100,0,0.8408219,0,0,134.9884,0.4242565,0.02904491,0.9050762,-0.2002749,0.9777442,0.06250241,-0.8831176,-0.2077811,0.4206313,401.685,-34.5513,-95.49778,-2.098887,-0.1075976,-2.399297,3.016588,-0.3675704,-21.75632,0.9239514,-0.01245615,-1.020761,-0.02022307
1014,0.016519,1,100,0,-105.1587,100,0,0.8667015,0,0,134.9888,0.439276,0.03289668,0.8977497,-0.2005766,0.9776942,0.0623176,-0.8756746,-0.2074423,0.4360759,401.6489,-34.5535,-95.53483,-2.172858,-0.1181825,-2.352524,3.041492,-0.4382759,-22.78798,1.138759,-0.01489745,-1.068536,-0.01022267
1015,0.01664,1,100,0,-89.76672,100,0,0.9013543,0,0,134.9888,0.4548838,0.03673594,0.8897928,-0.200843,0.9776397,0.06231303,-0.8676077,-0.2070538,0.4520906,401.6114,-34.55591,-95.57127,-2.24342,-0.1372247,-2.30054,3.062617,-0.5200595,-23.31176,1.3518,-0.01823403,-1.092399,0.001528025
1016,0.016719,1,100,0,-98.12621,100,0,0.9347689,0,0,134.9892,0.4708419,0.0404925,0.8812879,-0.2010699,0.9775805,0.06250791,-0.8589988,-0.2066319,0.4684277,401.5725,-34.55864,-95.60699,-2.321028,-0.1581159,-2.224941,3.080808,-0.6022612,-24.03194,1.558056,-0.02141821,-1.125533,0.01216359
1017,0.016686,1,100,0,-106.4692,100,0,0.9842087,0,0,134.9893,0.4871499,0.04418911,0.8721998,-0.2012554,0.9775186,0.06288221,-0.8498128,-0.206168,0.4850914,401.5324,-34.56171,-95.64134,-2.397925,-0.1784204,-2.14331,3.096795,-0.6860889,-24.92569,1.756457,-0.02450012,-1.166868,0.02170743
1018,0.016635,1,100,0,-91.08184,100,0,1.034871,0,0,134.9897,0.5037308,0.04781714,0.8625363,-0.2013955,0.9774541,0.06342931,-0.8400567,-0.2056623,0.502004,401.4912,-34.56512,-95.67411,-2.479115,-0.2000216,-2.040427,3.112436,-0.7691993,-25.31614,1.944566,-0.02786713,-1.184541,0.03243477
1019,0.016666,1,100,0,-99.41484,100,0,1.099431,0,0,134.9897,0.5204713,0.05134492,0.8523342,-0.2014825,0.9773891,0.06415547,-0.8297681,-0.2051215,0.5190481,401.4487,-34.56888,-95.70524,-2.555625,-0.2203768,-1.934349,3.127219,-0.8515667,-25.91098,2.123942,-0.03099625,-1.211868,0.04190229
1020,0.016734,1,100,0,-107.7818,100,0,1.16176,0,0,134.9899,0.5375159,0.05483131,0.841469,-0.2015161,0.9773232,0.06504124,-0.818821,-0.2045303,0.5363761,401.4047,-34.57301,-95.7346,-2.634792,-0.2417577,-1.816335,3.141281,-0.9315338,-26.69582,2.293703,-0.03373341,-1.248179,0.05012006
1021,0.016627,1,100,0,-92.40187,100,0,1.232631,0,0,134.9902,0.5546367,0.05823991,0.830052,-0.2014916,0.9772596,0.0660671,-0.8073286,-0.2038918,0.5537588,401.3596,-34.57747,-95.76181,-2.712444,-0.263162,-1.687476,3.158665,-1.008474,-26.98459,2.451125,-0.03671987,-1.261173,0.05935634
1022,0.016672,1,100,0,-100.7379,100,0,1.309035,0,0,134.9903,0.5718052,0.06155629,0.818077,-0.2014006,0.9771984,0.06724207,-0.7952843,-0.2032105,0.5711646,401.3133,-34.58228,-95.78694,-2.787662,-0.2846243,-1.551459,3.177729,-1.080893,-27.48696,2.59767,-0.03919632,-1.284268,0.06717651
1023,0.016724,1,100,0,-85.26817,91.638,0,1.388684,0,0,134.9902,0.5889989,0.06478763,0.8055328,-0.2012382,0.9771407,0.06855397,-0.7826774,-0.2024822,0.5885725,401.2657,-34.58747,-95.80982,-2.846964,-0.3033898,-1.407297,3.192659,-1.150206,-27.51823,2.732614,-0.0419879,-1.285215,0.07595778
1024,0.016909,1,100,0,-93.72267,83.1835,0,1.46139,0,0,134.9903,0.6061919,0.0679176,0.7924132,-0.2009952,0.977087,0.07001428,-0.7695014,-0.2017133,0.6059533,401.2166,-34.59303,-95.83044,-2.897877,-0.3219611,-1.2479,3.199218,-1.212559,-27.78987,2.856199,-0.04409502,-1.297528,0.08319838
1025,0.016417,1,100,0,-101.9312,74.97501,0,1.538695,0,0,134.9908,0.6228181,0.0708829,0.779149,-0.2006846,0.9770408,0.07153256,-0.7561899,-0.200915,0.6227438,401.1682,-34.59872,-95.84783,-2.951216,-0.3422732,-1.077748,3.200268,-1.264084,-28.25536,2.963701,-0.04532341,-1.319038,0.08876715
1026,0.01662,1,100,0,-86.55766,66.66501,0,1.629287,0,0,134.9904,0.6395503,0.07381863,0.765197,-0.200291,0.9770019,0.07315139,-0.7421989,-0.2000461,0.639627,401.1184,-34.60479,-95.86272,-2.981897,-0.3582582,-0.9142363,3.215992,-1.313443,-28.2637,3.060095,-0.04696779,-1.319051,0.09527311
1027,0.016894,1,100,0,-95.00466,58.21801,0,1.700058,0,0,134.9906,0.6563052,0.07669641,0.7505874,-0.1998057,0.9769704,0.07487923,-0.7275587,-0.1991153,0.6565151,401.0674,-34.61124,-95.87495,-3.011166,-0.3765115,-0.7288343,3.22032,-1.353059,-28.51218,3.144101,-0.04769748,-1.330428,0.1001966
1028,0.016411,1,100,0,-103.2102,50.01251,0,1.787279,0,0,134.9912,0.6724464,0.07944745,0.7358696,-0.1992551,0.9769489,0.07660633,-0.7128209,-0.1981394,0.6727761,401.0173,-34.61781,-95.88384,-3.047283,-0.3975341,-0.5348563,3.226308,-1.381549,-28.9554,3.212824,-0.04748837,-1.351041,0.1035146
1029,0.016722,1,100,0,-87.74231,41.65151,0,1.891096,0,0,134.9907,0.6887186,0.08224278,0.7203492,-0.1986176,0.9769397,0.07835838,-0.6972933,-0.1970409,0.6891714,400.9661,-34.62486,-95.88979,-3.035426,-0.4243054,-0.3495643,3.236651,-1.346658,-28.94076,3.182771,-0.04384039,-1.350508,0.1022368
1030,0.016605,1,100,0,-96.04481,33.34901,0,1.959278,0,0,134.9912,0.7045538,0.08503038,0.7045379,-0.1979205,0.9769465,0.08001766,-0.681492,-0.1958192,0.7051407,400.9153,-34.63232,-95.89252,-3.033684,-0.4569049,-0.146402,3.231001,-1.299148,-29.15532,3.141336,-0.03905577,-1.360822,0.09952303
1031,0.016605,1,100,0,-104.3473,25.04651,0,2.053668,0,0,134.9915,0.7201691,0.08788325,0.68821,-0.1971669,0.9769709,0.08156536,-0.6651928,-0.194433,0.7209119,400.8647,-34.64033,-95.89191,-3.038056,-0.493835,0.06700805,3.252053,-1.243519,-29.58018,3.089514,-0.03337982,-1.381082,0.09553662
1032,0.016673,1,100,0,-88.92478,16.71001,0,2.165218,0,0,134.991,0.7355984,0.09081429,0.671303,-0.1963581,0.9770136,0.08299367,-0.6483352,-0.1928658,0.7365217,400.8141,-34.64893,-95.88794,-3.020194,-0.5266132,0.25797,3.295907,-1.188679,-29.54418,3.028052,-0.02840328,-1.379656,0.09260171
1033,0.016734,1,100,0,-73.44583,8.343006,0,2.249664,0,0,134.9906,0.7505929,0.09373388,0.6540828,-0.1954945,0.9770733,0.08431949,-0.6311833,-0.1911592,0.7517087,400.7636,-34.65809,-95.88087,-2.97746,-0.554085,0.4292493,3.324069,-1.134316,-29.08244,2.95697,-0.02416596,-1.358198,0.09054222
1034,0.016628,1,100,0,-58.06493,0.029006,0,2.307912,0,0,134.9902,0.7648094,0.09653606,0.6369831,-0.1945874,0.9771477,0.08554748,-0.6141682,-0.1893764,0.7661165,400.7144,-34.66761,-95.87121,-2.90682,-0.5741119,0.5740374,3.330959,-1.081674,-28.24099,2.877359,-0.02078798,-1.318877,0.08920261
1035,0.017009,1,100,0,-42.3316,0,0,2.333779,0,0,134.9893,0.7784867,0.09923272,0.6197671,-0.193613,0.977237,0.08672816,-0.5970531,-0.1875117,0.7799788,400.6654,-34.67763,-95.85907,-2.801156,-0.5854173,0.6901295,3.323887,-1.029781,-27.01995,2.786295,-0.01825275,-1.261709,0.088361
1036,0.016353,1,100,0,-34.15511,0,0,2.320498,0,0,134.9895,0.7907186,0.1016214,0.6036864,-0.1926404,0.9773332,0.08780444,-0.58108,-0.185723,0.792372,400.6201,-34.68742,-95.84573,-2.689528,-0.5915413,0.7839131,3.25834,-0.9772976,-25.72981,2.690482,-0.01606183,-1.201305,0.08732586
1037,0.016698,1,100,0,-25.80611,0,0,2.293844,0,0,134.9889,0.802274,0.1038467,0.5878541,-0.1916191,0.9774402,0.08884368,-0.5653661,-0.183921,0.8040739,400.5759,-34.69746,-95.8308,-2.550324,-0.5900338,0.8564522,3.205556,-0.92365,-24.30233,2.583795,-0.01422915,-1.134473,0.08596469
1038,0.01692,1,100,0,-17.34611,0,0,2.239038,0,0,134.9081,0.8130174,0.105875,0.5725324,-0.1905665,0.9775549,0.08983816,-0.5501702,-0.1821455,0.8149453,400.549,-34.7026,-95.83692,0.06477714,0.2300823,-2.880088,3.121702,-1.47743,-21.76227,2.475533,-0.05345828,-1.014141,0.08772079
1039,0.016535,1,100,0,-9.078607,0,0,2.424661,0,0,134.9743,0.8221782,0.1074481,0.5589974,-0.1898362,0.9775608,0.0913102,-0.5366428,-0.1811912,0.8241267,400.5494,-34.69935,-95.88075,-0.05253033,0.1305762,-2.190787,2.195304,-1.23677,-20.1566,2.339489,-0.04051609,-0.9394106,0.08459822
1040,0.016691,1,100,0,-0.7331066,0,0,1.800955,0,0,135,0.8305204,0.108839,0.5462507,-0.1890065,0.9776017,0.09258135,-0.5239391,-0.1801356,0.8324894,400.5477,-34.69773,-95.91364,-0.1970141,0.02992018,-1.529104,1.542034,-1.004464,-18.43579,2.197425,-0.02848152,-0.859256,0.08143122
1041,0.01669,1,100,0,7.611893,0,0,1.175129,0,0,134.9833,0.8379602,0.1100199,0.5345263,-0.188102,0.9776745,0.09364987,-0.5122893,-0.1790203,0.8399473,400.5459,-34.69701,-95.93914,0.08553302,0.09173796,-1.722494,0.9675781,-0.9124276,-16.40343,2.057072,-0.02615369,-0.7641559,0.0792482
1042,0.016707,1,100,0,15.96539,0,0,1.507045,0,0,134.9934,0.8444318,0.1109369,0.5240497,-0.1871943,0.977752,0.0946552,-0.5018899,-0.178029,0.8464116,400.5465,-34.69597,-95.96475,0.03308686,0.04830135,-1.443607,1.098075,-0.7384227,-14.41706,1.915009,-0.0186543,-0.6713905,0.07673083
1043,0.016662,1,100,0,24.29639,0,0,1.247091,0,0,134.9921,0.8499805,0.1116033,0.5148572,-0.1862538,0.977847,0.09552384,-0.4927908,-0.1770875,0.8519374,400.5469,-34.69543,-95.98666,0.02960253,0.0220772,-1.23328,0.8426909,-0.5854774,-12.36293,1.766444,-0.01275543,-0.5754189,0.07392111
1044,0.016676,1,100,0,32.63439,0,0,1.069175,0,0,134.9922,0.8546432,0.112021,0.5069876,-0.1852985,0.9779544,0.09627982,-0.4850254,-0.1762289,0.8565595,400.547,-34.69535,-96.00503,0.02561639,-0.002590314,-1.020278,0.6516156,-0.4412244,-10.25443,1.612201,-0.007615074,-0.476896,0.07083081
1045,0.016646,1,100,0,40.95739,0,0,0.8858968,0,0,134.9921,0.8584259,0.1121902,0.5005183,-0.1843442,0.9780704,0.09693141,-0.4786674,-0.1754761,0.8602826,400.5471,-34.69566,-96.01988,0.02650525,-0.02364081,-0.8130437,0.4699211,-0.3085411,-8.100458,1.453092,-0.003372483,-0.3762347,0.06748669
1046,0.016531,1,100,0,49.22289,0,0,0.7079861,0,0,134.9922,0.8613327,0.112114,0.4955164,-0.183409,0.9781907,0.09748882,-0.4737797,-0.1748525,0.8631103,400.5472,-34.69631,-96.03125,0.02974872,-0.04141968,-0.6099691,0.3187786,-0.1881921,-5.918231,1.290582,-1.392706e-05,-0.2742406,0.06393699
1047,0.01669,1,100,0,57.56789,0,0,0.5333226,0,0,134.9921,0.8634192,0.1117915,0.4919451,-0.1824891,0.9783145,0.09797312,-0.4703245,-0.1743665,0.8650962,400.5472,-34.69724,-96.03941,0.03531784,-0.05589355,-0.4070179,0.2417873,-0.07845907,-3.671969,1.122396,0.002528472,-0.1692416,0.06016006
1048,0.016702,1,100,0,65.91888,0,0,0.3589745,0,0,134.9921,0.864655,0.1112209,0.4898996,-0.1816038,0.9784371,0.09839144,-0.4683928,-0.1740423,0.8662087,400.5473,-34.69841,-96.04422,0.03942215,-0.06695023,-0.2034024,0.301709,0.01967919,-1.386597,0.9506183,0.004271654,-0.06240324,0.05622664
1049,0.016848,1,100,0,74.34288,0,0,0.1830018,0,0,134.9921,0.8650355,0.1103934,0.489415,-0.1807557,0.9785573,0.0987583,-0.4680184,-0.173894,0.866441,400.5473,-34.69974,-96.04569,0.03888059,-0.07195491,0.002477646,0.4494637,0.1069599,0.9550934,0.7743422,0.005260716,0.04707934,0.0521509
1050,0.016551,1,100,0,82.61838,0,14.8959,0.003537572,0,0,134.9929,0.864548,0.1093306,0.4905139,-0.1799749,0.9786692,0.09907646,-0.4692188,-0.1739365,0.8657832,400.5471,-34.70106,-96.04385,0.01066978,-0.064335,0.2005334,0.5836914,0.1850024,3.277292,0.5989755,0.005778531,0.1556526,0.0480696
1051,0.016638,1,100,0,90.93738,0,29.8701,0.1798022,0,0,134.9933,0.8631859,0.1080111,0.4931975,-0.1792465,0.9787738,0.09936117,-0.4719967,-0.1741711,0.8642244,400.5464,-34.7024,-96.03882,-0.01783596,-0.08258789,0.3996085,0.747057,0.2552072,5.638419,0.4211783,0.005833471,0.2660531,0.04397203
1052,0.016885,1,100,0,99.37988,0,45.0666,0.3681543,0,0,134.9933,0.8608857,0.1064091,0.4975468,-0.1785689,0.978871,0.09962203,-0.4764335,-0.1746096,0.8616974,400.5452,-34.70409,-96.03037,-0.0445748,-0.1049637,0.6106663,0.9520977,0.3145908,8.067499,0.2394821,0.005218971,0.3796471,0.03987842
1053,0.016473,1,100,0,107.6164,0,59.8923,0.5657741,0,0,134.9936,0.8577101,0.104582,0.5033845,-0.1779727,0.9789554,0.09985976,-0.4823475,-0.1752394,0.8582726,400.5435,-34.70611,-96.01871,-0.07492143,-0.1294354,0.8327339,1.148664,0.3621361,10.45709,0.06134234,0.004099853,0.4914064,0.03595984
1054,0.016791,1,100,0,92.0847,0,75.0042,0.7735331,0,0,134.9925,0.8535759,0.1024865,0.5107884,-0.1774391,0.9790299,0.1000814,-0.4898201,-0.1760609,0.8538615,400.5414,-34.70855,-96.0033,-0.0832141,-0.1458494,1.018881,1.381819,0.3921647,12.2621,-0.1202267,0.003118993,0.5756819,0.03012058
1055,0.016597,1,100,0,100.3832,0,89.9415,0.9364216,0,0,134.993,0.8487041,0.1002497,0.5192797,-0.1770036,0.9790888,0.100274,-0.4983686,-0.1770174,0.8487012,400.5389,-34.71128,-95.98485,-0.1106921,-0.1670543,1.226322,1.556227,0.4147311,14.12198,-0.2985786,0.00173525,0.6625558,0.02473948
1056,0.017065,1,100,0,84.59808,0,100,1.125518,0,0,134.9919,0.8429105,0.09780197,0.5290906,-0.176654,0.979135,0.1004405,-0.5082279,-0.1781284,0.8426002,400.536,-34.71441,-95.96262,-0.1221703,-0.1805211,1.394254,1.77845,0.4203978,15.43594,-0.479788,0.0004076943,0.7237702,0.01758345
1057,0.016575,1,100,0,92.88557,0,100,1.269045,0,0,134.9926,0.836616,0.09533782,0.5394297,-0.1764252,0.9791632,0.1005671,-0.5186019,-0.179305,0.8360035,400.5328,-34.71771,-95.93813,-0.1582926,-0.1995902,1.58083,1.924635,0.4210486,16.8265,-0.653092,-0.001246096,0.7886192,0.01124003
1058,0.016607,1,100,0,101.1891,0,100,1.439458,0,0,134.9929,0.8295768,0.09275365,0.5506353,-0.1762981,0.9791758,0.1006668,-0.5298315,-0.1805868,0.8286538,400.5289,-34.72134,-95.91059,-0.2128056,-0.2223654,1.77866,2.112678,0.4156338,18.33252,-0.8233339,-0.003313198,0.8589174,0.005545586
1059,0.016627,1,100,0,85.8091,0,100,1.626801,0,0,134.9921,0.8218051,0.09006272,0.5626059,-0.1762733,0.9791732,0.100737,-0.5418159,-0.1819586,0.8205651,400.5241,-34.72532,-95.87998,-0.2543249,-0.2380476,1.933913,2.316084,0.3965568,19.29696,-0.9894107,-0.005227048,0.9037797,-0.001505554
1060,0.016793,1,100,0,94.2056,0,100,1.768013,0,0,134.9925,0.813318,0.08728994,0.5752341,-0.1763611,0.9791536,0.1007718,-0.5544462,-0.1834085,0.8117579,400.5184,-34.72964,-95.84634,-0.3252355,-0.2604566,2.109195,2.477912,0.3754874,20.42247,-1.151935,-0.007390371,0.9562336,-0.007740147
1061,0.016571,1,100,0,102.4911,0,100,1.940251,0,0,134.8328,0.8042243,0.08446126,0.588294,-0.1765489,0.9791193,0.1007783,-0.5674981,-0.1849111,0.8023431,400.5467,-34.72381,-95.86195,-0.4310791,-0.3719105,2.508118,2.655807,0.3489023,19.56596,-1.297454,-0.006850769,0.9155326,-0.01920714
1062,0.01668,1,100,0,87.0621,0,100,2.325778,0,0,134.8091,0.7952706,0.0819252,0.6006938,-0.1768889,0.9790702,0.100657,-0.579875,-0.1863057,0.7931174,400.5762,-34.71892,-95.87553,2.090943,0.3900954,-1.227056,3.078704,-0.3509444,19.40862,-1.404379,-0.05055739,0.9088022,-0.02621374
1063,0.016915,1,100,0,95.51959,0,100,2.258362,0,0,134.8768,0.7860038,0.07944111,0.6130965,-0.1777298,0.978881,0.1010166,-0.5921236,-0.188365,0.7835233,400.6088,-34.71294,-95.89367,1.606435,0.2794702,-0.7642438,1.800779,-0.2220779,20.55614,-1.533726,-0.04308255,0.9622426,-0.02991587
1064,0.016487,1,100,0,103.7631,0,91.7565,1.602653,0,0,134.9427,0.7762304,0.07687276,0.6257452,-0.1785279,0.978714,0.101227,-0.6046439,-0.1902884,0.7734315,400.6328,-34.70891,-95.90384,1.145353,0.1746147,-0.3238555,1.202999,-0.1079792,21.7942,-1.652766,-0.03653764,1.02,-0.03263582
1065,0.016628,1,100,0,88.38219,0,83.4425,0.976238,0,0,134.9726,0.7656524,0.07414632,0.6389669,-0.1793098,0.9785625,0.1013076,-0.6177574,-0.1921395,0.762534,400.658,-34.70397,-95.91965,1.681989,0.3480529,-1.070325,0.7001183,-0.22388,22.16108,-1.764257,-0.0434082,1.037096,-0.03779729
1066,0.016924,1,100,0,96.84419,0,74.9805,1.922095,0,0,135,0.754421,0.07134868,0.6525018,-0.1802362,0.9783825,0.1014061,-0.6311611,-0.1941073,0.7509719,400.6838,-34.69869,-95.93517,1.208052,0.2395045,-0.6119574,1.375225,-0.09835265,23.0963,-1.87236,-0.03546529,1.080653,-0.04068945
1067,0.016536,1,100,0,105.1122,0,66.7125,1.268528,0,0,134.979,0.7427254,0.06847725,0.6660855,-0.1810949,0.978228,0.1013645,-0.6446423,-0.1959106,0.7389556,400.7068,-34.69367,-95.95097,1.556406,0.3508367,-1.040391,0.7845102,-0.1585876,23.88599,-1.970778,-0.03911386,1.117616,-0.04351332
1068,0.016643,1,100,0,89.71741,0,58.391,1.840861,0,0,135,0.7303776,0.06550979,0.6798949,-0.1820316,0.9780599,0.1013087,-0.6583412,-0.197756,0.7262779,400.7301,-34.68843,-95.96581,1.088114,0.24306,-0.5965031,1.264471,-0.03849376,24.45395,-2.062296,-0.03083897,1.143966,-0.04655195
1069,0.016721,1,100,0,98.07791,0,50.0305,1.197644,0,0,134.9799,0.7173784,0.06244235,0.69388,-0.1829164,0.9779156,0.1011082,-0.6722426,-0.1994548,0.7129573,400.751,-34.6834,-95.98109,1.409571,0.341988,-0.9760191,0.6586946,-0.09657327,24.95905,-2.143504,-0.03379721,1.167585,-0.04922269
1070,0.016683,1,100,0,106.4194,0,41.689,1.711645,0,0,135,0.7038311,0.05929691,0.7078882,-0.1838538,0.9777616,0.100897,-0.6861631,-0.2011624,0.6990811,400.7719,-34.67831,-95.99493,0.9374607,0.2323994,-0.5397373,1.106417,0.01697139,25.89794,-2.220338,-0.02612043,1.211467,-0.05002499
1071,0.016632,1,100,0,91.03481,0,33.373,1.067321,0,0,134.9806,0.6896335,0.05602954,0.7219878,-0.1847118,0.977634,0.1005655,-0.7002051,-0.2027131,0.6845586,400.7898,-34.67359,-96.00877,1.244547,0.3222631,-0.8862835,0.5012151,-0.04454754,26.09464,-2.282916,-0.02876633,1.220625,-0.05259711
1072,0.016721,1,100,0,99.39531,0,25.0125,1.543478,0,0,135,0.6749182,0.05270539,0.7360078,-0.1856219,0.9774974,0.1002167,-0.7141637,-0.2042572,0.6695141,400.8079,-34.66882,-96.02119,0.7680148,0.2105451,-0.4593196,0.9193206,0.06031234,26.73477,-2.34523,-0.02111126,1.250511,-0.05353493
1073,0.016682,1,100,0,107.7363,0,16.6715,0.8990146,0,0,134.9813,0.6595552,0.04925729,0.7500404,-0.186442,0.9773878,0.0997617,-0.7281663,-0.2056374,0.6538249,400.8224,-34.66465,-96.03284,1.057472,0.2908815,-0.7711412,0.3150673,-0.005192935,27.34244,-2.390635,-0.02420306,1.279072,-0.05359399
1074,0.016946,1,100,0,92.06126,0,8.198502,1.334023,0,0,135,0.6433852,0.04565983,0.7641798,-0.1873043,0.9772695,0.09930504,-0.7422754,-0.2070256,0.6373131,400.8376,-34.66037,-96.04353,0.5701592,0.1755592,-0.3509749,0.6921603,0.09077665,27.66854,-2.439256,-0.01657825,1.294234,-0.0548098
1075,0.016539,1,100,0,100.3308,0,0,0.6832412,0,0,134.9815,0.6270802,0.04207303,0.7778177,-0.1880568,0.9771807,0.09875543,-0.7559136,-0.2082015,0.6206828,400.8484,-34.65681,-96.05296,0.8635712,0.2675682,-0.6588925,0.1214116,0.02201304,27.99455,-2.469676,-0.01946855,1.309571,-0.05498886
1076,0.016683,1,100,0,84.89899,0,0,1.117456,0,0,135,0.6102322,0.03841077,0.7912909,-0.1888429,0.9770846,0.09820335,-0.7693861,-0.2093565,0.6035021,400.8601,-34.653,-96.0617,0.3795745,0.1502445,-0.2576025,0.4827104,0.1053714,28.05512,-2.503823,-0.01235475,1.31229,-0.05634509
1077,0.016682,1,100,0,69.46814,0,0,0.4789577,0,0,134.9838,0.5931424,0.03476951,0.8043466,-0.1895463,0.977015,0.09754211,-0.7824671,-0.2103173,0.5860994,400.8667,-34.65022,-96.06809,0.5876281,0.2102264,-0.4639919,0.1655477,0.04453939,27.51365,-2.520905,-0.01411657,1.286792,-0.0589375
1078,0.01665,1,100,0,54.06689,0,0,0.7759593,0,0,135,0.5762172,0.03124609,0.8166991,-0.1902586,0.9769442,0.09685891,-0.794843,-0.2111958,0.5688769,400.8736,-34.64745,-96.07371,0.07860686,0.07874401,-0.08568154,0.1404314,0.1495816,26.74832,-2.462279,-0.00524188,1.25093,-0.0575959
1079,0.016709,1,100,0,38.61106,0,0,0.1278528,0,0,134.9832,0.5595362,0.02782734,0.8283387,-0.1908373,0.9769073,0.09609074,-0.8065361,-0.2118442,0.5519255,400.8755,-34.64584,-96.07794,0.2802047,0.122588,-0.3481779,0.5109037,0.1048456,25.47048,-2.382415,-0.005859838,1.191064,-0.05694547
1080,0.01665,1,100,0,23.20981,0,0,0.444133,0,0,135,0.543562,0.02463326,0.8390077,-0.1914037,0.9768719,0.09532244,-0.8172549,-0.2124029,0.5357053,400.8773,-34.64454,-96.08165,-0.2238858,-0.01009118,0.02606871,0.2256242,0.1975398,24.00926,-2.3196,0.002157366,1.122432,-0.05810633
1081,0.01673,1,100,0,14.84481,0,0,0.1990803,0,0,134.9834,0.5282755,0.02168736,0.8487961,-0.1918664,0.9768654,0.09445462,-0.8271111,-0.2127535,0.5202151,400.8744,-34.64429,-96.0843,-0.0003720522,0.04783659,-0.275114,0.7819327,0.1426454,22.31841,-2.228609,0.0005402477,1.043135,-0.05845866
1082,0.016661,1,100,0,6.514311,0,0,0.1529881,0,0,135,0.5139966,0.01904095,0.8575809,-0.1923379,0.9768558,0.09358975,-0.8359509,-0.2130502,0.5057629,400.8717,-34.64422,-96.0868,-0.4844201,-0.08224,0.1000116,0.5014265,0.2222679,20.64915,-2.161601,0.007251524,0.9647184,-0.06027951
1083,0.016746,1,100,0,-1.858689,0,0,0.4730548,0,0,134.982,0.5006212,0.01669475,0.8655055,-0.1927263,0.9768704,0.09263289,-0.8439401,-0.2131797,0.4922595,400.865,-34.64497,-96.08916,-0.2420965,-0.008828789,-0.2970667,1.063162,0.1465203,18.79654,-2.054256,0.003802898,0.8778542,-0.06031173
1084,0.016694,1,100,0,-10.20569,0,0,0.05996318,0,0,135,0.4884148,0.0146687,0.8724884,-0.1931477,0.9768754,0.09169948,-0.8509673,-0.2133065,0.4799536,400.8584,-34.64581,-96.09205,-0.7037651,-0.1327621,0.07507274,0.7201021,0.2163036,16.94738,-1.982673,0.009430213,0.790985,-0.06259548
1085,0.016692,1,100,0,-18.55169,0,0,0.6632315,0,0,134.981,0.4773647,0.01299404,0.8786092,-0.1935016,0.9768999,0.09068531,-0.8571349,-0.2133022,0.4688519,400.8483,-34.64733,-96.09511,-0.4501504,-0.05061954,-0.3830235,1.267299,0.1273233,14.97063,-1.86065,0.004685633,0.6983256,-0.06221213
1086,0.016677,1,100,0,-26.89019,0,0,0.2170556,0,0,135,0.4675963,0.01164844,0.8838654,-0.1939064,0.9769098,0.08970873,-0.8624117,-0.2133346,0.4590581,400.8382,-34.64885,-96.09937,-0.9049909,-0.1726554,-0.003132676,0.9213187,0.1903133,12.97401,-1.784255,0.009491334,0.6045339,-0.06477474
1087,0.016685,1,100,0,-35.23269,0,0,0.81587,0,0,134.9795,0.459129,0.01068227,0.8883055,-0.1942579,0.9769363,0.08865589,-0.8668709,-0.2132648,0.4506149,400.8252,-34.65088,-96.10439,-0.6243703,-0.07733129,-0.5354609,1.445295,0.08877888,10.8921,-1.64582,0.003599927,0.5069848,-0.06375657
1088,0.016955,1,100,0,-43.71019,0,0,0.3164538,0,0,135,0.4519473,0.0100429,0.8919882,-0.1946812,0.9769436,0.08764052,-0.8705419,-0.2132623,0.4434821,400.812,-34.65288,-96.11116,-1.079827,-0.2006652,-0.1280968,1.105758,0.1494258,8.72874,-1.562811,0.007993786,0.4053693,-0.06652662
1089,0.016365,1,100,0,-51.89269,0,0,0.9260201,0,0,134.9782,0.4464253,0.009822793,0.894767,-0.1950463,0.9769644,0.08658911,-0.8733049,-0.2131765,0.4380575,400.797,-34.65515,-96.11877,-0.7653255,-0.0910279,-0.729243,1.584277,0.03843246,6.604851,-1.41016,0.001282319,0.3059001,-0.06475867
1090,0.016775,1,100,0,-60.28019,0,0,0.3683172,0,0,135,0.4422396,0.009931155,0.896842,-0.1954958,0.9769632,0.08558209,-0.8753318,-0.2131766,0.4339933,400.7817,-34.65736,-96.12859,-1.206301,-0.2122512,-0.2978255,1.260521,0.09746229,4.357763,-1.322441,0.005444702,0.2003612,-0.06753761
1091,0.016837,1,100,0,-68.69869,0,0,0.9719061,0,0,134.9767,0.4395911,0.01046742,0.898137,-0.1959072,0.9769751,0.08450008,-0.876573,-0.213097,0.4315202,400.7644,-34.65979,-96.13955,-0.875639,-0.09328645,-0.9485133,1.701589,-0.01911959,2.092564,-1.151739,-0.001652368,0.09430794,-0.0651416
1092,0.016524,1,100,0,-76.96069,0,0,0.378138,0,0,135,0.4385329,0.01132835,0.8986439,-0.19639,0.9769624,0.08352153,-0.8769952,-0.2131116,0.4306549,400.7477,-34.66199,-96.1527,-1.297439,-0.2115441,-0.4908465,1.403221,0.03908245,-0.2096763,-1.05958,0.002500967,-0.01381317,-0.06784055
1093,0.016675,1,100,0,-85.29819,15.0075,0,0.9715443,0,0,134.9763,0.4390512,0.01262848,0.8983734,-0.1968401,0.9769614,0.0824661,-0.8766348,-0.2130428,0.4314219,400.7291,-34.66439,-96.16663,-0.9674961,-0.08975904,-1.157153,1.775989,-0.07771201,-2.518016,-0.878734,-0.004470248,-0.1218566,-0.06495469
1094,0.016682,1,100,0,-93.6392,30.0213,0,0.368042,0,0,135,0.441166,0.01426855,0.8973122,-0.197368,0.9769359,0.08150183,-0.8754535,-0.2130565,0.4338071,400.7106,-34.66654,-96.18325,-1.385136,-0.207719,-0.6748976,1.554747,-0.01981043,-4.924726,-0.7797969,-8.967534e-05,-0.2348803,-0.06760996
1095,0.016602,1,100,0,-101.9402,44.9631,0,0.9641032,0,0,134.976,0.4449039,0.01634388,0.8954292,-0.1978564,0.976922,0.08047581,-0.8734491,-0.2129704,0.4378701,400.6909,-34.66881,-96.20025,-1.063435,-0.08485223,-1.357546,1.865339,-0.1387477,-7.282904,-0.589479,-0.006859412,-0.3452324,-0.06430042
1096,0.016729,1,100,0,-86.46587,60.0192,0,0.3524981,0,0,135,0.4501403,0.01872601,0.8927614,-0.1984178,0.9768835,0.07955398,-0.8706341,-0.2129502,0.4434502,400.6708,-34.67088,-96.22016,-1.472307,-0.201196,-0.8556272,1.71472,-0.0843225,-9.094942,-0.4842466,-0.002476629,-0.4302293,-0.06434568
1097,0.016609,1,100,0,-94.77037,74.9673,0,0.9452574,0,0,134.977,0.4565628,0.02139616,0.889434,-0.1989227,0.9768573,0.07861146,-0.8671681,-0.2128197,0.4502529,400.6491,-34.67321,-96.23931,-1.192706,-0.08969007,-1.487358,1.96597,-0.1997879,-10.90786,-0.2908448,-0.008769381,-0.5148821,-0.05880417
1098,0.016742,1,100,0,-103.1414,90.0351,0,0.3836769,0,0,135,0.4642712,0.02430401,0.8853598,-0.1994836,0.9768086,0.07779224,-0.8629364,-0.2127315,0.4583523,400.6269,-34.67535,-96.26135,-1.593191,-0.2041183,-0.974463,1.878697,-0.1514414,-12.88566,-0.179853,-0.004275633,-0.6076785,-0.05907581
1099,0.016809,1,100,0,-87.59305,100,0,0.9715978,0,0,134.9774,0.473178,0.02751144,0.8805373,-0.1999907,0.9767714,0.07695165,-0.8579665,-0.2125111,0.4676888,400.6028,-34.67778,-96.28243,-1.342007,-0.09975305,-1.575174,2.098829,-0.2706161,-14.20306,0.01787676,-0.01054572,-0.6689662,-0.05139227
1100,0.016613,1,100,0,-95.89955,100,0,0.435905,0,0,135,0.4828427,0.03077845,0.8751661,-0.2005258,0.976714,0.07628345,-0.852439,-0.2123263,0.4777711,400.5784,-34.68006,-96.30568,-1.724037,-0.2108341,-1.047757,2.028435,-0.2311823,-15.68747,0.1325938,-0.006402798,-0.7385159,-0.04956207
1101,0.016679,1,100,0,-104.2391,100,0,1.013814,0,0,134.9784,0.4934963,0.03427964,0.8690723,-0.2010017,0.9766684,0.07561368,-0.8462033,-0.2120001,0.4888725,400.5519,-34.68273,-96.327,-1.500293,-0.115881,-1.593959,2.216647,-0.3523382,-17.22962,0.3288221,-0.01226465,-0.8103942,-0.04275244
1102,0.016936,1,100,0,-88.57325,100,0,0.5148767,0,0,135,0.5051532,0.03793214,0.8621958,-0.2015115,0.9766032,0.0750984,-0.8391746,-0.2116786,0.5009781,400.5244,-34.68531,-96.35085,-1.870881,-0.2263512,-1.036557,2.150786,-0.3226859,-18.27539,0.4486512,-0.008557738,-0.8592683,-0.03891529
1103,0.016374,1,100,0,-96.76025,100,0,1.098617,0,0,134.9793,0.5170306,0.04157473,0.8549568,-0.2019338,0.9765518,0.07463074,-0.8318068,-0.211231,0.5133024,400.496,-34.68823,-96.37125,-1.662628,-0.1374115,-1.540985,2.330655,-0.4487591,-19.37858,0.6395461,-0.01464376,-0.9104756,-0.0307587
1104,0.016726,1,100,0,-105.1232,100,0,0.6210191,0,0,135,0.5298151,0.04537329,0.8468986,-0.2023857,0.9764835,0.07429549,-0.8236114,-0.210763,0.5265386,400.4664,-34.69115,-96.39386,-1.987511,-0.2475933,-0.9729388,2.226682,-0.394793,-20.69436,0.6860375,-0.008849739,-0.9723744,-0.0324693
1105,0.016747,1,100,0,-89.63227,91.6265,0,1.17683,0,0,134.9801,0.5432122,0.04937188,0.8381425,-0.2027774,0.9764318,0.07390495,-0.8147402,-0.2101024,0.5404212,400.4352,-34.69462,-96.41297,-1.78522,-0.1746799,-1.413344,2.39325,-0.487528,-21.42675,0.8030576,-0.01268986,-1.006399,-0.02751278
1106,0.016606,1,100,0,-97.93527,83.3235,0,0.7273906,0,0,135,0.5568537,0.0533756,0.828894,-0.2031767,0.9763705,0.07362261,-0.8053779,-0.2094089,0.5545402,400.4039,-34.69812,-96.43323,-2.084959,-0.2828724,-0.8329148,2.262922,-0.4391949,-22.3581,0.8509926,-0.007214669,-1.050184,-0.02759819
1107,0.016659,1,100,0,-106.2648,74.994,0,1.276531,0,0,134.9811,0.5709906,0.05754309,0.8189375,-0.2035131,0.9763252,0.07329412,-0.7953318,-0.2085148,0.5691833,400.3712,-34.70224,-96.44946,-1.905728,-0.2207584,-1.223539,2.448138,-0.5320333,-23.41679,0.9639965,-0.01044257,-1.099594,-0.02394832
1108,0.01668,1,100,0,-90.83577,66.65401,0,0.8652992,0,0,135,0.5855166,0.06177222,0.8083036,-0.2038566,0.976271,0.07306044,-0.7846103,-0.2075562,0.5842156,400.3378,-34.70652,-96.46658,-2.184985,-0.3274949,-0.6291814,2.297234,-0.4917712,-23.98261,1.013017,-0.005506259,-1.126149,-0.02248202
1109,0.016618,1,100,0,-99.14477,58.34501,0,1.414758,0,0,134.9817,0.6001722,0.06604634,0.7971395,-0.2041286,0.9762331,0.07280491,-0.7733855,-0.2064144,0.5993899,400.3035,-34.71139,-96.47919,-2.016005,-0.2712056,-0.9859088,2.517868,-0.5895094,-24.71136,1.121364,-0.009101075,-1.160011,-0.01777645
1110,0.016728,1,100,0,-107.5088,49.98101,0,1.024186,0,0,135,0.6151887,0.07037883,0.7852323,-0.2044044,0.9761872,0.07264648,-0.761421,-0.2051962,0.6149251,400.2683,-34.71651,-96.49233,-2.275314,-0.3756968,-0.3828418,2.337684,-0.5572986,-25.63363,1.17038,-0.004016073,-1.203366,-0.01742348
1111,0.016688,1,100,0,-92.07236,41.63701,0,1.574144,0,0,134.9826,0.6303774,0.07477896,0.7726789,-0.2046137,0.9761574,0.07245935,-0.7488378,-0.2037774,0.6306483,400.2322,-34.72227,-96.5005,-2.127253,-0.3276476,-0.695373,2.603022,-0.6593237,-26.03376,1.272853,-0.008016058,-1.221743,-0.01173593
1112,0.01668,1,100,0,-100.4124,33.29701,0,1.221199,0,0,135,0.6455829,0.07913193,0.7595795,-0.2048153,0.9761206,0.07238606,-0.7357132,-0.2023047,0.6463742,400.1954,-34.72831,-96.50874,-2.366567,-0.4288436,-0.09078339,2.406821,-0.6364219,-26.63811,1.320424,-0.003711741,-1.25011,-0.01016545
1113,0.016887,1,100,0,-84.79189,24.85351,0,1.769192,0,0,134.9829,0.6609593,0.08354037,0.7457573,-0.2049493,0.9760985,0.07230169,-0.7218925,-0.2006309,0.6622829,400.1575,-34.73499,-96.51214,-2.219354,-0.3822051,-0.3819347,2.725516,-0.7452496,-26.75986,1.416729,-0.008403292,-1.255366,-0.003733508
1114,0.01641,1,100,0,-92.99689,16.64851,0,1.425868,0,0,135,0.6757377,0.08772027,0.7319043,-0.2050664,0.9760708,0.07234539,-0.7080442,-0.1989755,0.6775563,400.1198,-34.74179,-96.51515,-2.436846,-0.4785652,0.2139493,2.492593,-0.7286984,-27.08343,1.460889,-0.004867275,-1.270504,-0.001267947
1115,0.016699,1,100,0,-77.55032,8.299008,0,1.96558,0,0,134.9833,0.6905813,0.09191392,0.7173907,-0.2051137,0.9760572,0.07239357,-0.6935603,-0.1971403,0.6928997,400.0813,-34.74921,-96.51344,-2.286377,-0.4313062,-0.06130993,2.851039,-0.8393422,-26.97145,1.547749,-0.01009399,-1.264757,0.005463317
1116,0.016757,1,100,0,-62.0501,0,0,1.628287,0,0,135,0.7050468,0.09592529,0.7026432,-0.2051373,0.9760378,0.07258974,-0.6788431,-0.1953175,0.7078303,400.0419,-34.75697,-96.51108,-2.491247,-0.5263757,0.5469872,2.604338,-0.8242528,-26.40501,1.588547,-0.008151829,-1.237951,0.01084518
1117,0.01647,1,100,0,-53.8151,0,0,2.18115,0,0,134.9816,0.7186553,0.09964672,0.6881898,-0.2050734,0.9760334,0.07282669,-0.6644393,-0.1934667,0.7218665,400.0041,-34.76472,-96.50544,-2.264272,-0.4543803,0.1880282,3.002785,-0.9454808,-25.72627,1.665002,-0.01531734,-1.20549,0.01879758
1118,0.01671,1,100,0,-45.4601,0,0,1.72811,0,0,135,0.7318045,0.1031399,0.673665,-0.204983,0.9760214,0.07324222,-0.6499574,-0.1916889,0.7353988,399.9652,-34.77283,-96.49896,-2.459435,-0.5471349,0.7878415,2.639862,-0.9204264,-24.7963,1.69944,-0.01378265,-1.161586,0.02489722
1119,0.016729,1,100,0,-37.0956,0,0,2.282785,0,0,134.98,0.7442052,0.1063523,0.6594301,-0.2047938,0.9760261,0.07370906,-0.6357818,-0.1899019,0.748144,399.9281,-34.78094,-96.49038,-2.165267,-0.4696836,0.3592825,3.074541,-1.048797,-23.80672,1.767223,-0.02238223,-1.114474,0.03320177
1120,0.016635,1,100,0,-28.7781,0,0,1.734626,0,0,134.9912,0.7557819,0.1092245,0.6456498,-0.2045804,0.9760209,0.07436346,-0.6220454,-0.1882899,0.7600042,399.8912,-34.78921,-96.48133,-2.192435,-0.4890199,0.4764642,2.597209,-1.065874,-22.58232,1.816027,-0.02456798,-1.056565,0.04097912
1121,0.016654,1,100,0,-20.4511,0,0,1.817986,0,0,134.9889,0.7665377,0.1117578,0.6324005,-0.2042787,0.9760259,0.07512463,-0.6088434,-0.1867718,0.7709904,399.8549,-34.79749,-96.47184,-2.128456,-0.4817896,0.4906912,2.665339,-1.091721,-21.2577,1.858313,-0.02776103,-0.9939324,0.04856128
1122,0.016681,1,100,0,-12.1106,0,0,1.764199,0,0,134.9888,0.7764643,0.1139466,0.6197737,-0.2038975,0.9760379,0.07600024,-0.5962626,-0.1853818,0.781092,399.8195,-34.80566,-96.46204,-2.046311,-0.4695341,0.5086057,2.606969,-1.104343,-19.81833,1.891613,-0.03057794,-0.9259435,0.05583298
1123,0.016623,1,100,0,-3.7991,0,0,1.70445,0,0,134.9885,0.7855002,0.1157757,0.6079355,-0.2034368,0.9760576,0.07697511,-0.5844683,-0.1841404,0.7902465,399.7858,-34.81356,-96.45216,-1.939128,-0.4498687,0.5115207,2.533725,-1.105804,-18.28535,1.915571,-0.03310105,-0.853593,0.06269752
1124,0.016736,1,100,0,4.5689,0,0,1.620425,0,0,134.9881,0.7937292,0.1172605,0.596862,-0.2028917,0.9760859,0.07804951,-0.5734364,-0.1830485,0.798539,399.7538,-34.82115,-96.44234,-1.808333,-0.4234729,0.5001768,2.437265,-1.095202,-16.64918,1.929844,-0.03526831,-0.7764336,0.06916935
1125,0.016682,1,100,0,12.9099,0,0,1.513891,0,0,134.9878,0.8010617,0.1183834,0.5867584,-0.2022684,0.9761221,0.07920253,-0.5633716,-0.1821288,0.8058793,399.7242,-34.82825,-96.4329,-1.659674,-0.3915733,0.4744502,2.310666,-1.071933,-14.93428,1.933923,-0.03697471,-0.6956217,0.07513969
1126,0.016681,1,100,0,21.2504,0,15.0129,1.38868,0,0,134.942,0.8075269,0.1191507,0.5776708,-0.2015667,0.9761673,0.08042555,-0.5543206,-0.181385,0.8122982,399.7055,-34.83205,-96.43642,-0.1033316,0.1067616,-1.712572,2.167251,-1.378505,-12.57585,1.934406,-0.06122796,-0.5838078,0.08268742
1127,0.016876,1,100,0,29.6884,0,30.2013,1.353205,0,0,135,0.8129495,0.1194556,0.5699504,-0.2009552,0.976159,0.08204017,-0.5465621,-0.181229,0.8175732,399.7026,-34.83079,-96.46183,-0.314214,0.0104227,-1.091657,1.136026,-1.176264,-10.60192,1.910564,-0.05235302,-0.4912632,0.08750443
1128,0.016558,1,100,0,37.9674,0,45.1035,0.722661,0,0,134.9883,0.8173835,0.1193987,0.5635852,-0.2002001,0.9761866,0.08354528,-0.5401891,-0.1811183,0.8218225,399.6969,-34.83091,-96.47769,-0.187828,0.03404025,-1.071873,0.738176,-1.067674,-8.449954,1.881698,-0.04990799,-0.3901427,0.09250896
1129,0.01665,1,100,0,46.2924,0,60.0885,0.785592,0,0,134.9931,0.820899,0.1189535,0.5585472,-0.1993401,0.9762314,0.08506333,-0.5351527,-0.1811692,0.8250995,399.6931,-34.83066,-96.49331,-0.2223402,0.005055182,-0.8237159,0.6508507,-0.9114534,-6.293723,1.842356,-0.04447593,-0.2889534,0.09685255
1130,0.016869,1,100,0,54.7269,0,75.2706,0.5615775,0,0,134.9925,0.8235252,0.1181199,0.5548458,-0.1983526,0.976301,0.08656062,-0.531472,-0.18134,0.8274379,399.689,-34.83082,-96.50538,-0.236894,-0.01915085,-0.5980002,0.5369208,-0.7556794,-4.056486,1.790655,-0.0392406,-0.1839866,0.100661
1131,0.016531,1,100,0,62.9924,0,90.1485,0.3654327,0,0,134.9928,0.8251765,0.1169301,0.55264,-0.1972848,0.9763896,0.08798749,-0.5293036,-0.1816327,0.8287623,399.6846,-34.83139,-96.5135,-0.2512524,-0.04387932,-0.3727432,0.4996016,-0.6022531,-1.831362,1.728459,-0.03408267,-0.0796244,0.1037725
1132,0.016632,1,100,0,71.3084,0,100,0.1679568,0,0,134.993,0.8259164,0.1153669,0.5518628,-0.1961217,0.9764977,0.08937832,-0.5285815,-0.1820513,0.8291315,399.6799,-34.83238,-96.51797,-0.2622328,-0.06846565,-0.1433894,0.5493439,-0.4495035,0.4415349,1.654469,-0.02897477,0.02694552,0.1063089
1133,0.016675,1,100,0,79.6459,0,100,0.03218701,0,0,134.9933,0.8257177,0.1134345,0.5525604,-0.1948779,0.9766226,0.09072571,-0.5293515,-0.1825956,0.8285204,399.675,-34.83377,-96.51867,-0.2736652,-0.09327351,0.09259433,0.6600819,-0.2985931,2.749249,1.568979,-0.02391674,0.1351132,0.1082638
1134,0.016677,1,100,0,87.9844,0,100,0.2386127,0,0,134.9937,0.824558,0.1111392,0.5547542,-0.1935674,0.9767616,0.09202458,-0.531635,-0.1832619,0.8269095,399.6697,-34.83559,-96.5155,-0.2985258,-0.1210684,0.3275172,0.8180543,-0.1522155,5.088526,1.472166,-0.01902605,0.2447288,0.109653
1135,0.016682,1,100,0,96.3254,0,100,0.4517211,0,0,134.9938,0.8224097,0.1084825,0.5584567,-0.1922013,0.9769127,0.09327546,-0.5354446,-0.1840468,0.824273,399.6639,-34.83789,-96.50852,-0.3379087,-0.1531961,0.5623796,1.018835,-0.01459242,7.459991,1.364081,-0.01452492,0.3558275,0.1104963
1136,0.01668,1,100,0,104.6654,0,100,0.672681,0,0,134.9939,0.8192375,0.1054664,0.5636727,-0.1907933,0.9770728,0.09448151,-0.5407847,-0.1849478,0.820577,399.6573,-34.84075,-96.49763,-0.3872668,-0.1887933,0.8058408,1.242188,0.112157,9.860358,1.244977,-0.01049304,0.468257,0.1108144
1137,0.016731,1,100,0,89.18923,0,100,0.9055994,0,0,134.9929,0.8150775,0.1021249,0.57028,-0.1893578,0.9772394,0.09563879,-0.5475329,-0.18594,0.815864,399.6512,-34.84353,-96.4859,-0.4126503,-0.2158383,1.003042,1.485243,0.2177226,11.64213,1.115357,-0.006395563,0.5515385,0.1085522
1138,0.016897,1,100,0,97.63773,0,100,1.084419,0,0,135,0.8100128,0.09851204,0.5780784,-0.1879142,0.9774091,0.09674525,-0.5554885,-0.186994,0.8102257,399.6586,-34.84087,-96.49787,-0.757116,-0.3205769,1.465638,1.680503,0.3662774,13.49792,0.9908903,0.0005989554,0.6382375,0.1069493
1139,0.016461,1,100,0,105.8682,0,100,1.668013,0,0,134.9306,0.8041865,0.09473975,0.586778,-0.1864808,0.9775851,0.09773581,-0.5643659,-0.1880207,0.8038279,399.6509,-34.84476,-96.48087,1.199342,0.2520039,-1.23557,2.2568,-0.07046109,14.54317,0.8693588,-0.02821389,0.6877354,0.102756
1140,0.016689,1,100,0,90.43091,0,100,1.717436,0,0,134.9974,0.7977647,0.09084827,0.5960858,-0.18536,0.9776641,0.09907059,-0.5737712,-0.1895255,0.7967855,399.6687,-34.84119,-96.49863,0.8045555,0.1377719,-0.721963,1.089734,0.11449,15.93832,0.7294397,-0.01766086,0.7526472,0.09891271
1141,0.016919,1,100,0,98.89041,0,100,1.062992,0,0,134.9781,0.7904657,0.08673454,0.6063343,-0.1841937,0.9777629,0.1002631,-0.584155,-0.1909375,0.788864,399.6847,-34.83801,-96.51462,1.213697,0.2738305,-1.139772,0.4627299,0.1119417,17.15781,0.5673875,-0.01858139,0.809497,0.09307173
1142,0.01644,1,100,0,107.1104,0,100,1.660396,0,0,134.9883,0.7826543,0.08262794,0.6169478,-0.1831596,0.9778404,0.1013922,-0.5948987,-0.192355,0.7804451,399.7032,-34.83388,-96.53181,1.293066,0.3009418,-1.08553,1.04967,0.1814003,18.58063,0.4001235,-0.01501217,0.8757939,0.08766594
1143,0.016677,1,100,0,91.68419,0,100,1.674328,0,0,134.9879,0.7739745,0.07835583,0.6283503,-0.1821696,0.9779164,0.1024416,-0.6064472,-0.1937535,0.7711564,399.7237,-34.82912,-96.54896,1.368852,0.3265458,-1.050485,1.07168,0.2338388,19.47196,0.2268273,-0.0115421,0.9170707,0.08014531
1144,0.016682,1,100,0,100.0252,0,100,1.703494,0,0,134.988,0.7646456,0.07404128,0.6401837,-0.1812579,0.9779861,0.1033871,-0.6184359,-0.1950928,0.7612333,399.7453,-34.82396,-96.5655,1.436393,0.3486309,-1.019836,1.115098,0.2699306,20.52304,0.04995546,-0.009171893,0.9658751,0.07296103
1145,0.016697,1,100,0,84.58047,0,100,1.732666,0,0,134.9889,0.7546693,0.06969767,0.6523929,-0.1804351,0.9780484,0.1042334,-0.630807,-0.1963763,0.7506791,399.7678,-34.81851,-96.58126,1.46245,0.3569962,-0.9504333,1.15612,0.2975153,21.0653,-0.1298546,-0.006554903,0.9907278,0.06387845
1146,0.016711,1,100,0,92.93597,0,100,1.7061,0,0,134.9887,0.7441576,0.06538447,0.6647966,-0.1797128,0.978103,0.1049673,-0.6433763,-0.1975847,0.7396132,399.7906,-34.81292,-96.59598,1.489125,0.3651513,-0.898626,1.144744,0.3065208,21.79515,-0.3109712,-0.005265224,1.024426,0.05535226
1147,0.016623,1,100,0,101.2475,0,100,1.694852,0,0,134.9888,0.733072,0.06109043,0.677402,-0.1790985,0.978147,0.1056045,-0.6561474,-0.1987374,0.7279934,399.8138,-34.80725,-96.6097,1.510089,0.3707938,-0.8486832,1.148215,0.3007178,22.69208,-0.4918867,-0.004994086,1.066003,0.04742486
1148,0.016687,1,100,0,85.81199,0,100,1.682367,0,0,134.9897,0.7213216,0.05678748,0.6902683,-0.1785935,0.9781798,0.1061544,-0.6691782,-0.1998489,0.7157241,399.837,-34.80153,-96.62242,1.4956,0.3652124,-0.7658495,1.143299,0.2875413,23.09353,-0.6734661,-0.004562201,1.084266,0.03775065
1149,0.016679,1,100,0,94.15149,0,100,1.621948,0,0,134.9895,0.709074,0.05254968,0.7031733,-0.1782095,0.9782012,0.1066019,-0.682243,-0.2009008,0.7029818,399.86,-34.7959,-96.6339,1.482426,0.3601176,-0.6988193,1.098142,0.2595076,23.69309,-0.8531502,-0.005224451,1.111872,0.02888018
1150,0.016739,1,100,0,102.521,0,100,1.57498,0,0,134.9895,0.6961633,0.04831609,0.7162557,-0.1779441,0.9782097,0.1069658,-0.6954802,-0.2019191,0.6895913,399.8828,-34.79036,-96.64423,1.463365,0.3531486,-0.6334788,1.059816,0.2204303,24.47984,-1.03115,-0.006659664,1.148304,0.0207829
1151,0.016675,1,100,0,87.09661,0,100,1.52589,0,0,134.9903,0.6826934,0.04412409,0.7293715,-0.1778023,0.9782048,0.1072458,-0.7087427,-0.2029,0.6756593,399.905,-34.78501,-96.65325,1.414262,0.336964,-0.5395516,1.022874,0.1773634,24.77138,-1.205971,-0.00786702,1.161442,0.01114998
1152,0.016857,1,100,0,95.52511,0,100,1.435271,0,0,134.9901,0.6685903,0.03996493,0.7425564,-0.1777876,0.9781873,0.1074314,-0.7220657,-0.2038449,0.6611118,399.9266,-34.77987,-96.66094,1.365075,0.3216933,-0.462469,0.9445195,0.1236502,25.27937,-1.377699,-0.009873915,1.184787,0.002476476
1153,0.016533,1,100,0,103.7916,0,100,1.356993,0,0,134.9904,0.6541645,0.03591424,0.7554992,-0.1778934,0.9781566,0.107534,-0.7351345,-0.2047433,0.6462642,399.9469,-34.77509,-96.66713,1.311296,0.3045962,-0.3805938,0.8909255,0.06575544,25.9628,-1.541963,-0.01222862,1.216418,-0.005100995
1154,0.016812,1,100,0,88.24051,0,91.594,1.272307,0,0,134.9908,0.638907,0.03182753,0.7686253,-0.1781198,0.9781129,0.107557,-0.7483791,-0.2056263,0.6305923,399.9665,-34.77057,-96.672,1.230278,0.2807246,-0.285148,0.8153158,0.005533874,26.16394,-1.703276,-0.01434701,1.225361,-0.01420269
1155,0.016865,1,100,0,96.67301,0,83.1615,1.158251,0,0,134.9908,0.6231466,0.02781098,0.7816105,-0.1784681,0.9780575,0.1074845,-0.7614709,-0.2064711,0.6144366,399.9847,-34.76643,-96.67535,1.145019,0.2567392,-0.2003713,0.7268865,-0.0587199,26.58516,-1.858091,-0.01682949,1.244688,-0.02211098
1156,0.016493,1,100,0,104.9195,0,74.915,1.048023,0,0,134.9912,0.6071692,0.02391154,0.7942129,-0.1789152,0.9779923,0.1073346,-0.7741675,-0.207267,0.5980849,400.001,-34.76278,-96.67727,1.05584,0.2313835,-0.1116037,0.6556616,-0.122168,27.18588,-2.003364,-0.01932706,1.272498,-0.02877573
1157,0.016616,1,100,0,89.54971,0,66.607,0.932104,0,0,134.9915,0.5905231,0.02001187,0.8067726,-0.1794644,0.977917,0.1071032,-0.7868133,-0.2080339,0.581074,400.016,-34.75954,-96.67773,0.947178,0.2015953,-0.01715301,0.5793692,-0.1846285,27.3129,-2.142141,-0.02151025,1.278033,-0.03674062
1158,0.016723,1,100,0,97.91121,0,58.2455,0.797158,0,0,134.9915,0.5733596,0.01616301,0.8191445,-0.1801144,0.9778332,0.1067768,-0.7992608,-0.2087612,0.5635613,400.0291,-34.75679,-96.67668,0.831524,0.1710582,0.06921121,0.5100329,-0.2466283,27.66366,-2.273175,-0.02373012,1.294128,-0.04341571
1159,0.016702,1,100,0,106.2622,0,49.8945,0.6613101,0,0,134.9918,0.5556745,0.01233848,0.8313084,-0.1808448,0.9777426,0.1063708,-0.8114932,-0.2094453,0.545538,400.0402,-34.75456,-96.67422,0.7067729,0.1383975,0.1585763,0.4665762,-0.305483,28.21622,-2.395881,-0.02575286,1.319753,-0.04883824
1160,0.016782,1,100,0,90.73885,0,41.5035,0.5160187,0,0,134.9921,0.5373731,0.008513205,0.8433018,-0.1816493,0.9776466,0.1058821,-0.8235497,-0.2100834,0.5269074,400.0493,-34.75288,-96.67032,0.5672228,0.1027182,0.2478293,0.4620231,-0.3608653,28.28757,-2.509966,-0.02740414,1.322751,-0.05548347
1161,0.016657,1,100,0,99.06735,0,33.175,0.3581325,0,0,134.9923,0.5188381,0.004780546,0.8548592,-0.1825134,0.9775479,0.1053059,-0.8351624,-0.2106599,0.5080616,400.0558,-34.7518,-96.66503,0.4218726,0.06590293,0.3351886,0.5009683,-0.4111883,28.58292,-2.614269,-0.02878349,1.336329,-0.06071568
1162,0.016689,1,100,0,107.4118,0,24.8305,0.1959189,0,0,134.9926,0.4997609,0.001047082,0.8661628,-0.1834249,0.9774475,0.1046514,-0.8465191,-0.2111765,0.488682,400.06,-34.75133,-96.65836,0.2671207,0.0268566,0.4261598,0.5816442,-0.4558988,29.08561,-2.709999,-0.02976513,1.359701,-0.06466658
1163,0.016768,1,100,0,91.90145,0,16.4465,0.02353764,0,0,134.9928,0.4800988,-0.002700202,0.8772103,-0.1843741,0.9773472,0.1039167,-0.8576196,-0.2116251,0.4687254,400.0616,-34.75151,-96.65022,0.1065803,-0.01282853,0.5107381,0.697961,-0.4961875,29.11184,-2.796133,-0.03041057,1.360669,-0.06979062
1164,0.016597,1,100,0,76.54922,0,8.148003,0.1507054,0,0,134.993,0.4604589,-0.006309964,0.8876587,-0.1853479,0.9772503,0.1030931,-0.8681152,-0.2119958,0.448814,400.0606,-34.75231,-96.64091,-0.05035108,-0.05062445,0.5808392,0.8299885,-0.5322116,28.70907,-2.87037,-0.03089536,1.341472,-0.07578308
1165,0.016679,1,100,0,61.12115,0,0,0.3151315,0,0,134.9928,0.4408417,-0.009752564,0.897532,-0.1863613,0.9771563,0.102153,-0.8780252,-0.2122986,0.4289538,400.0569,-34.75373,-96.63052,-0.2047252,-0.08579066,0.6261883,0.9717597,-0.5644507,27.91129,-2.932027,-0.03133773,1.30371,-0.08247689
1166,0.016966,1,100,0,52.63815,0,0,0.466573,0,0,134.9926,0.4212565,-0.01300249,0.9068483,-0.1874254,0.9770649,0.1010736,-0.8873639,-0.2125444,0.409158,400.0507,-34.75576,-96.61931,-0.3609222,-0.1193242,0.6483637,1.112097,-0.5914478,26.93426,-2.9807,-0.03167223,1.257548,-0.08904686
1167,0.016458,1,100,0,44.40915,0,0,0.6109142,0,0,134.9926,0.402754,-0.01588747,0.9151704,-0.1884837,0.9769811,0.09990959,-0.8956916,-0.2127337,0.3904885,400.0422,-34.75825,-96.60816,-0.5034231,-0.1490777,0.6547966,1.223606,-0.6114926,25.84284,-3.014873,-0.03187181,1.206043,-0.09515663
1168,0.01672,1,100,0,36.04915,0,0,0.7383162,0,0,134.9922,0.3845818,-0.01853023,0.9229048,-0.1895762,0.9769014,0.09861229,-0.9034144,-0.2128853,0.3721856,400.0312,-34.76126,-96.59687,-0.643303,-0.175803,0.631323,1.346191,-0.6253407,24.60134,-3.034359,-0.03193947,1.147517,-0.1009163
1169,0.01669,1,100,0,27.70415,0,0,0.8535644,0,0,134.992,0.3671933,-0.02086309,0.9299107,-0.1906769,0.976828,0.09720817,-0.9103908,-0.2130066,0.3547066,400.0179,-34.76468,-96.58608,-0.7763467,-0.1995223,0.5864548,1.447377,-0.6315548,23.24099,-3.038882,-0.03180541,1.08344,-0.1061884
1170,0.016623,1,100,0,19.39265,0,0,0.9572978,0,0,134.9917,0.3507325,-0.02287134,0.9361963,-0.1917748,0.976761,0.09570803,-0.916629,-0.2131068,0.3381957,400.0027,-34.76846,-96.57619,-0.8993876,-0.219537,0.5189791,1.537996,-0.630231,21.77728,-3.02804,-0.03146825,1.014547,-0.1108855
1171,0.016685,1,100,0,11.05015,0,0,1.046706,0,0,134.9912,0.3351741,-0.02456218,0.9418361,-0.1928704,0.9767009,0.09410882,-0.9222037,-0.2131952,0.3226275,399.9854,-34.77256,-96.5675,-1.013358,-0.2359441,0.4281996,1.621267,-0.6210874,20.20843,-3.00133,-0.03089457,0.9407548,-0.114978
1172,0.016694,1,100,0,2.703155,0,0,1.122973,0,0,134.9908,0.3206697,-0.02592195,0.9468364,-0.1939521,0.9766474,0.09242481,-0.9271211,-0.2132787,0.3081536,399.9662,-34.77691,-96.56041,-1.116642,-0.2486801,0.3170445,1.693283,-0.6042131,18.54804,-2.958734,-0.03007197,0.8627046,-0.1184114
1173,0.016668,1,100,0,-5.630845,0,0,1.185999,0,0,134.9904,0.3073361,-0.0269443,0.9512196,-0.1950104,0.9766012,0.09067051,-0.9314052,-0.213364,0.2948904,399.9455,-34.78144,-96.55521,-1.20781,-0.2576205,0.1874953,1.755999,-0.5800537,16.80823,-2.900312,-0.02900318,0.7809684,-0.1211431
1174,0.0167,1,100,0,-13.98084,15.03,0,1.235218,0,0,134.9899,0.2952077,-0.02763055,0.9550335,-0.1960419,0.9765618,0.08885133,-0.9351043,-0.2134561,0.2828718,399.9234,-34.7861,-96.55225,-1.287976,-0.2629004,0.03937346,1.814123,-0.5490347,14.98693,-2.825885,-0.02768972,0.6954494,-0.123168
1175,0.016678,1,100,0,-22.31984,30.0402,0,1.271647,0,0,134.9894,0.2844,-0.02797704,0.9582974,-0.1970376,0.9765295,0.08698541,-0.9382393,-0.2135592,0.2722125,399.9,-34.79081,-96.55182,-1.357327,-0.2647791,-0.1243752,1.866273,-0.5119988,13.09686,-2.736018,-0.02615103,0.6067457,-0.1244748
1176,0.01673,1,100,0,-30.68484,45.0972,0,1.296187,0,0,134.9888,0.274936,-0.02798458,0.9610552,-0.1979966,0.9765037,0.08507673,-0.9408548,-0.2136763,0.2629352,399.8755,-34.79556,-96.55416,-1.417123,-0.2634175,-0.3040645,1.919639,-0.4696158,11.13504,-2.630559,-0.02439878,0.514717,-0.1250659
1177,0.016856,1,100,0,-39.11284,60.2676,0,1.309644,0,0,134.9883,0.2668577,-0.02764882,0.9633393,-0.1989183,0.9764841,0.08312908,-0.9429839,-0.2138094,0.2550824,399.8499,-34.80029,-96.55956,-1.468944,-0.2591028,-0.499281,1.977367,-0.4225834,9.096584,-2.509283,-0.02244571,0.4191351,-0.1249467
1178,0.016479,1,100,0,-47.35234,75.09869,0,1.313231,0,0,134.9881,0.2604344,-0.02698634,0.9651144,-0.1997747,0.9764705,0.0812127,-0.9445973,-0.213956,0.2489153,399.8242,-34.80482,-96.56802,-1.510344,-0.252843,-0.6959884,2.024604,-0.3747782,7.052178,-2.382421,-0.02046545,0.3232909,-0.1245039
1179,0.01667,1,100,0,-55.68734,90.10169,0,1.307522,0,0,134.9875,0.2554598,-0.02597906,0.9664707,-0.2005952,0.9764621,0.07926942,-0.9457813,-0.2141195,0.2442355,399.7975,-34.80929,-96.57989,-1.545623,-0.2438287,-0.9088826,2.094659,-0.3248439,4.932479,-2.240281,-0.01836953,0.2239544,-0.1233834
1180,0.016983,1,100,0,-64.17884,100,0,1.292049,0,0,134.9868,0.2520117,-0.02460658,0.9674113,-0.2013828,0.976458,0.07729712,-0.9465386,-0.2142998,0.2411235,399.7697,-34.81367,-96.59559,-1.576849,-0.23271,-1.133941,2.176591,-0.2734632,2.723113,-2.082211,-0.01616619,0.1204508,-0.1216003
1181,0.016418,1,100,0,-72.38784,100,0,1.268999,0,0,134.987,0.2502822,-0.02294867,0.967901,-0.2020986,0.9764578,0.07541069,-0.946845,-0.2144854,0.2397521,399.7425,-34.81772,-96.61432,-1.600377,-0.2209934,-1.346139,2.247735,-0.2248836,0.5528514,-1.917995,-0.01402481,0.01881056,-0.1192958
1182,0.016694,1,100,0,-80.73484,100,0,1.239969,0,0,134.9863,0.2501585,-0.02093307,0.9679785,-0.2027805,0.9764602,0.07352184,-0.9467315,-0.2146793,0.240025,399.7145,-34.82162,-96.63689,-1.615752,-0.2064047,-1.56783,2.33987,-0.1785995,-1.69257,-1.73922,-0.01192416,-0.08631887,-0.1163647
1183,0.016683,1,100,0,-89.07634,100,0,1.197676,0,0,134.986,0.2517141,-0.01858897,0.9676231,-0.2034185,0.9764649,0.0716754,-0.9461823,-0.2148741,0.2420087,399.6863,-34.82528,-96.66298,-1.627565,-0.1911964,-1.783074,2.43225,-0.1361304,-3.97139,-1.550515,-0.009898786,-0.1929869,-0.1129448
1184,0.016693,1,100,0,-97.42284,100,0,1.149537,0,0,134.9857,0.2549741,-0.01591502,0.966817,-0.2040158,0.9764705,0.06987806,-0.9451804,-0.215063,0.2457278,399.6579,-34.82868,-96.69255,-1.635428,-0.1751899,-1.992565,2.529223,-0.09915558,-6.284027,-1.352397,-0.00801217,-0.3012154,-0.1090704
1185,0.016674,1,100,0,-105.7598,100,0,1.093823,0,0,134.9855,0.259951,-0.01291752,0.9655355,-0.2045749,0.9764764,0.06814156,-0.9437029,-0.2152378,0.2511934,399.6295,-34.83182,-96.72538,-1.641373,-0.1590901,-2.192264,2.628192,-0.06891822,-8.624372,-1.146376,-0.006297942,-0.4107223,-0.1048124
1186,0.016681,1,100,0,-90.32991,100,0,1.032528,0,0,134.9864,0.2665033,-0.009644073,0.9637858,-0.205096,0.9764813,0.06648365,-0.94176,-0.2153867,0.2582575,399.6008,-34.83475,-96.76114,-1.67356,-0.1524898,-2.331748,2.727783,-0.04163798,-10.33975,-0.9384098,-0.004368178,-0.4907719,-0.0981001
1187,0.016638,1,100,0,-98.64891,100,0,1.006745,0,0,134.9861,0.2743181,-0.006195486,0.9616193,-0.2055701,0.9764861,0.06493359,-0.9394101,-0.2154926,0.2665942,399.5718,-34.83753,-96.7991,-1.697013,-0.1435901,-2.470636,2.820167,-0.02525774,-12.13276,-0.724354,-0.002908869,-0.5744593,-0.09129293
1188,0.016682,1,100,0,-106.9899,100,0,0.9664766,0,0,134.986,0.2834843,-0.002541926,0.9589735,-0.2060068,0.9764891,0.06348649,-0.9365885,-0.2155525,0.2762957,399.5422,-34.84019,-96.83923,-1.719262,-0.1347214,-2.598485,2.906477,-0.01902844,-14.00875,-0.5052136,-0.001834038,-0.6620392,-0.08447054
1189,0.016672,1,100,0,-91.56831,100,0,0.9213308,0,0,134.9869,0.2938599,0.0012669,0.9558478,-0.206407,0.9764898,0.06216222,-0.9332969,-0.2155607,0.2872127,399.5122,-34.84276,-96.88111,-1.766139,-0.1347916,-2.668453,2.98631,-0.01879128,-15.29952,-0.2874891,-0.0008689842,-0.7220473,-0.075534
1190,0.016703,1,100,0,-99.91982,100,0,0.910974,0,0,134.9867,0.3052091,0.005161598,0.9522713,-0.2067662,0.9764883,0.06097705,-0.9295671,-0.2155083,0.2991004,399.4815,-34.84531,-96.92419,-1.803645,-0.1322342,-2.74003,3.050544,-0.03103848,-16.71475,-0.06625774,-0.0004909066,-0.7879074,-0.06682507
1191,0.016829,1,100,0,-108.3343,100,0,0.8855628,0,0,134.9866,0.3176825,0.009189263,0.9481527,-0.2070944,0.9764841,0.059924,-0.9253054,-0.2153939,0.312115,399.4498,-34.84786,-96.96861,-1.84064,-0.1298748,-2.800633,3.107175,-0.05425455,-18.25668,0.1574308,-0.0005552983,-0.8597276,-0.05841317
1192,0.01651,1,100,0,-93.06256,100,0,0.8570088,0,0,134.9878,0.3308446,0.01321478,0.9435928,-0.2073859,0.9764762,0.05903881,-0.9206157,-0.2152205,0.3258025,399.418,-34.85038,-97.01282,-1.901327,-0.1364409,-2.806409,3.158881,-0.08301582,-19.22342,0.3724985,-0.0008855658,-0.9044749,-0.04836822
1193,0.016687,1,100,0,-101.4061,100,0,0.8654217,0,0,134.9874,0.3448339,0.01728939,0.9385045,-0.2076446,0.9764651,0.05830598,-0.9154088,-0.2149813,0.3403083,399.385,-34.853,-97.05763,-1.950335,-0.139569,-2.819167,3.191468,-0.1238025,-20.35159,0.5896347,-0.001778579,-0.9568189,-0.03876733
1194,0.016857,1,100,0,-85.81333,100,0,0.8559723,0,0,134.9881,0.3595943,0.02139208,0.9328635,-0.2078728,0.9764503,0.05773789,-0.9096597,-0.2146792,0.3555728,399.3507,-34.85577,-97.10272,-2.018141,-0.1497451,-2.783889,3.218828,-0.1699157,-20.96116,0.8025048,-0.003028895,-0.9847379,-0.02746802
1195,0.016545,1,100,0,-94.08583,100,0,0.8780934,0,0,134.9882,0.3744821,0.02534456,0.9268878,-0.2080595,0.9764329,0.05736109,-0.9035899,-0.2143285,0.3709298,399.3159,-34.85864,-97.14644,-2.077311,-0.1580199,-2.751927,3.236332,-0.2235384,-21.73856,1.008346,-0.004650319,-1.020589,-0.01721477
1196,0.01667,1,100,0,-102.4208,100,0,0.890133,0,0,134.9882,0.3899903,0.02929574,0.9203528,-0.2082151,0.9764121,0.05714893,-0.8969694,-0.2139189,0.3868911,399.28,-34.86167,-97.18985,-2.133145,-0.1659332,-2.715364,3.246517,-0.2841041,-22.691,1.210926,-0.006515141,-1.064697,-0.007786609
1197,0.016607,1,100,0,-87.05936,100,0,0.8983119,0,0,134.9889,0.4058909,0.03319104,0.9133186,-0.2083379,0.9763883,0.05710506,-0.8898582,-0.2134573,0.4032221,399.2431,-34.86487,-97.23225,-2.202989,-0.179655,-2.642048,3.253522,-0.3464093,-23.13726,1.404066,-0.008670719,-1.084985,0.002957694
1198,0.016738,1,100,0,-95.42836,100,0,0.9333646,0,0,134.9886,0.4221687,0.03702205,0.9057609,-0.2084222,0.9763627,0.05723628,-0.8822322,-0.2129441,0.419906,399.2049,-34.8683,-97.27379,-2.262399,-0.1909853,-2.574274,3.251672,-0.4140002,-23.78663,1.592461,-0.01099517,-1.114858,0.01267793
1199,0.016631,1,100,0,-103.7439,100,0,0.9556775,0,0,134.989,0.4387073,0.04078226,0.8977042,-0.2084703,0.9763356,0.05752479,-0.8741147,-0.2123812,0.4368275,399.166,-34.87193,-97.3138,-2.324451,-0.2042598,-2.496317,3.248204,-0.4825186,-24.61137,1.771376,-0.01319433,-1.153029,0.02118371
1200,0.016731,1,100,0,-88.26768,100,0,0.9847584,0,0,134.9893,0.4556588,0.04451476,0.8890408,-0.2084793,0.9763076,0.05796737,-0.8653969,-0.21176,0.4541436,399.1257,-34.87581,-97.35264,-2.392374,-0.2209614,-2.394423,3.242442,-0.5513109,-24.94182,1.940918,-0.01569426,-1.167937,0.03095853
1201,0.016625,1,100,0,-96.58018,100,0,1.029732,0,0,134.9894,0.4726221,0.04812328,0.8799504,-0.2084424,0.9762799,0.05856319,-0.8562597,-0.2110972,0.4714424,399.0847,-34.87995,-97.38951,-2.455397,-0.2373808,-2.292859,3.234639,-0.6192819,-25.47701,2.100156,-0.01797943,-1.192533,0.03935591
1202,0.016914,1,100,0,-105.0372,100,0,1.071617,0,0,134.9894,0.4901195,0.05174768,0.8701177,-0.2083587,0.9762527,0.05930448,-0.8463859,-0.2103629,0.4892626,399.0419,-34.88444,-97.42525,-2.517372,-0.2550211,-2.183587,3.224866,-0.6871486,-26.21935,2.251618,-0.01999385,-1.226918,0.0465492
1203,0.016455,1,100,0,-89.81631,100,0,1.115968,0,0,134.9901,0.5073357,0.05522894,0.8599769,-0.2082302,0.9762286,0.06014873,-0.8362121,-0.2095887,0.506776,398.9992,-34.88913,-97.45812,-2.587092,-0.276526,-2.056198,3.217753,-0.7491374,-26.46217,2.387074,-0.02208482,-1.23782,0.05458859
1204,0.016671,1,100,0,-98.15182,100,0,1.179283,0,0,134.9899,0.5247871,0.05866573,0.8492095,-0.2080439,0.9762077,0.06112603,-0.8254189,-0.208751,0.5245063,398.9549,-34.89421,-97.48938,-2.647798,-0.296882,-1.931458,3.213561,-0.8097529,-26.92529,2.513491,-0.02385291,-1.259137,0.0612937
1205,0.016941,1,100,0,-106.6223,100,0,1.234456,0,0,134.99,0.542649,0.06212295,0.8376593,-0.2077991,0.9761909,0.06221876,-0.8138502,-0.2078278,0.5426382,398.9088,-34.89974,-97.51891,-2.712085,-0.3203068,-1.791999,3.208251,-0.8663402,-27.60077,2.629486,-0.0250671,-1.290503,0.06662836
1206,0.01646,1,100,0,-91.39681,100,0,1.301392,0,0,134.9905,0.5600914,0.06545149,0.8258412,-0.2075047,0.9761797,0.06336468,-0.8020221,-0.2068559,0.5603313,398.8631,-34.9055,-97.54531,-2.777392,-0.3452238,-1.647062,3.207753,-0.916698,-27.78264,2.729861,-0.02642772,-1.298663,0.07279657
1207,0.016623,1,100,0,-99.70831,100,0,1.376041,0,0,134.9905,0.5776185,0.06873871,0.8134075,-0.2071441,0.976175,0.06460384,-0.7895873,-0.2058089,0.5780956,398.8159,-34.91172,-97.56957,-2.837725,-0.3704679,-1.498646,3.214278,-0.9626651,-28.1874,2.819122,-0.02724038,-1.317368,0.07750863
1208,0.016777,1,100,0,-108.0968,100,0,1.450516,0,0,134.9907,0.595331,0.07203611,0.800245,-0.2067179,0.9761781,0.0659117,-0.7764335,-0.2046642,0.5960401,398.7673,-34.91845,-97.59151,-2.903881,-0.399414,-1.336185,3.224378,-1.003728,-28.80084,2.902742,-0.02742531,-1.345932,0.08118737
1209,0.016599,1,100,0,-92.74274,100,0,1.539996,0,0,134.9908,0.6128411,0.07527816,0.7866125,-0.206231,0.9761897,0.06725177,-0.7628205,-0.2034386,0.6137739,398.7182,-34.92556,-97.61057,-2.961646,-0.4271202,-1.177101,3.243,-1.041059,-28.93304,2.972881,-0.02796097,-1.351859,0.08578212
1210,0.016745,1,100,0,-101.1152,100,0,1.623623,0,0,134.991,0.6303245,0.07848512,0.7723544,-0.2056707,0.9762107,0.06864886,-0.7485927,-0.2021217,0.6314716,398.6677,-34.93321,-97.62711,-3.020035,-0.4570217,-1.005036,3.264429,-1.071621,-29.29445,3.030506,-0.02775558,-1.368639,0.08883379
1211,0.016659,1,100,0,-85.70566,100,0,1.718499,0,0,134.9908,0.6475195,0.08162211,0.7576651,-0.2050448,0.9762415,0.07006741,-0.733945,-0.2007253,0.6488716,398.6166,-34.94129,-97.64079,-3.062559,-0.4834635,-0.8426268,3.292815,-1.099026,-29.19939,3.075211,-0.02799455,-1.363946,0.09271923
1212,0.016663,1,100,0,-94.03716,100,0,1.798037,0,0,134.9911,0.6643804,0.08466938,0.7425834,-0.20435,0.9762824,0.07151372,-0.7189161,-0.1992592,0.6659251,398.5649,-34.94981,-97.65174,-3.107108,-0.5122645,-0.6656027,3.31555,-1.117736,-29.34856,3.106794,-0.02737738,-1.370819,0.0949617
1213,0.016676,1,100,0,-102.3752,91.662,0,1.892582,0,0,134.9913,0.6810333,0.08768975,0.7269831,-0.2035921,0.976334,0.07295698,-0.7033807,-0.1976941,0.6827689,398.5125,-34.95881,-97.65975,-3.149014,-0.5426184,-0.4727325,3.344162,-1.129387,-29.71853,3.125789,-0.02597343,-1.388144,0.09570912
1214,0.016618,1,100,0,-87.0035,83.353,0,1.999461,0,0,134.991,0.6973865,0.0906781,0.710936,-0.2027772,0.9763966,0.07437562,-0.6874111,-0.1960302,0.6993132,398.4597,-34.96823,-97.66467,-3.165501,-0.5669907,-0.2947226,3.381285,-1.140008,-29.63265,3.132822,-0.02520381,-1.384023,0.0973253
1215,0.016612,1,100,0,-95.3095,75.047,0,2.081044,0,0,134.9914,0.7133594,0.09360623,0.6945188,-0.2019058,0.9764692,0.07577586,-0.6710832,-0.1942828,0.7154731,398.4067,-34.97807,-97.66651,-3.184676,-0.5942926,-0.09456944,3.402655,-1.141801,-29.78374,3.127611,-0.02352828,-1.391119,0.09740622
1216,0.016904,1,100,0,-103.7615,66.595,0,2.184981,0,0,134.9916,0.729338,0.09658418,0.6773018,-0.2009695,0.9765548,0.0771516,-0.6539707,-0.1923866,0.731649,398.3525,-34.98852,-97.665,-3.203802,-0.6241711,0.1256174,3.445957,-1.137355,-30.16346,3.110335,-0.02103209,-1.409032,0.0960475
1217,0.016413,1,100,0,-88.57948,58.3885,0,2.307183,0,0,134.9914,0.744568,0.09948067,0.6600927,-0.200018,0.9766485,0.07842736,-0.6368765,-0.1904249,0.7470791,398.2999,-34.99911,-97.66015,-3.201907,-0.6471625,0.3169248,3.494059,-1.133738,-30.08565,3.083223,-0.01938876,-1.40541,0.09563936
1218,0.016703,1,100,0,-96.93098,50.037,0,2.399223,0,0,134.9917,0.7596538,0.1023948,0.6422161,-0.199011,0.9767537,0.07966934,-0.6191292,-0.1883292,0.7623723,398.2463,-35.01027,-97.65192,-3.202856,-0.6735007,0.5343292,3.538319,-1.122883,-30.24469,3.04463,-0.01686416,-1.412993,0.09379526
1219,0.016795,1,100,0,-105.3285,41.6395,0,2.517179,0,0,134.992,0.7745002,0.1053452,0.6237403,-0.1979706,0.9768692,0.08083453,-0.6007971,-0.1860886,0.7774407,398.1925,-35.02192,-97.63999,-3.210846,-0.7033904,0.7719184,3.602351,-1.106556,-30.623,2.995732,-0.01355652,-1.430941,0.09067816
1220,0.01649,1,100,0,-90.07523,33.3945,0,2.660081,0,0,134.9916,0.7887399,0.1082648,0.6051183,-0.1969285,0.9769921,0.08188725,-0.5823303,-0.1837528,0.791913,398.1398,-35.03379,-97.62464,-3.19251,-0.7246492,0.9741461,3.685556,-1.094803,-30.54646,2.938691,-0.01137974,-1.427473,0.08857711
1221,0.016737,1,100,0,-98.44373,25.026,0,2.76369,0,0,134.992,0.8027361,0.1112122,0.5858725,-0.1958566,0.9771245,0.08287305,-0.5632539,-0.1812722,0.8061547,398.0865,-35.0462,-97.60555,-3.181569,-0.7500517,1.205446,3.752269,-1.076782,-30.70452,2.871745,-0.008346023,-1.435092,0.08518013
1222,0.016615,1,100,0,-83.07486,16.7185,0,2.899771,0,0,134.8817,0.8161688,0.1141288,0.5664302,-0.1947856,0.977263,0.08375977,-0.5439919,-0.1786945,0.8198423,398.0635,-35.04926,-97.62693,0.1467741,0.3321248,-3.826135,3.841353,-1.889204,-29.06021,2.81589,-0.06193388,-1.356136,0.08785658
1223,0.016751,1,100,0,-67.58018,8.343001,0,3.27602,0,0,134.9487,0.8285142,0.1167288,0.5476667,-0.1941079,0.9772598,0.08535617,-0.5252491,-0.1770252,0.8323315,398.0655,-35.04422,-97.68688,0.07663414,0.2402587,-3.084898,3.095189,-1.681062,-28.46705,2.712969,-0.04853231,-1.328939,0.08408447
1224,0.01672,1,100,0,-59.22018,0,0,2.650442,0,0,135,0.8401439,0.1192545,0.5290905,-0.1933341,0.9772932,0.08671843,-0.5067349,-0.1751472,0.8441229,398.0662,-35.04072,-97.73456,-0.02389605,0.1469971,-2.384135,2.388781,-1.479946,-27.68468,2.604146,-0.03607347,-1.292824,0.08058012
1225,0.016693,1,100,0,-50.87368,0,0,2.026139,0,0,135,0.8510178,0.1216753,0.5108463,-0.1924801,0.9773597,0.08786088,-0.48859,-0.1730989,0.8551705,398.0651,-35.03879,-97.77065,-0.150289,0.05328937,-1.718471,1.725853,-1.288571,-26.73425,2.490108,-0.0247178,-1.248778,0.07727521
1226,0.016696,1,100,0,-42.52568,0,0,1.40538,0,0,134.976,0.8611277,0.1239702,0.4930423,-0.1915607,0.9774553,0.08880153,-0.470918,-0.170917,0.8654616,398.0699,-35.03579,-97.80783,0.3067054,0.1852856,-2.295376,1.119565,-1.290624,-25.31834,2.377774,-0.02685481,-1.182386,0.07538171
1227,0.016575,1,100,0,-34.23819,0,0,2.162662,0,0,135,0.8702837,0.1260447,0.4761503,-0.1906725,0.9775442,0.08973005,-0.454148,-0.1688794,0.874774,398.074,-35.03325,-97.84236,0.1417981,0.08995122,-1.658355,1.666835,-1.095519,-24.10628,2.255637,-0.01617283,-1.126059,0.0721693
1228,0.016649,1,100,0,-25.91368,0,0,1.530274,0,0,134.9858,0.8787163,0.1279757,0.4598694,-0.1897331,0.9776586,0.09047139,-0.4380171,-0.1667511,0.8833657,398.0783,-35.03133,-97.87083,0.2660653,0.1203773,-1.780822,1.038608,-1.021005,-22.55919,2.136796,-0.01408175,-1.053678,0.07004196
1229,0.016696,1,100,0,-17.56569,0,0,1.709731,0,0,134.9928,0.8863428,0.1297058,0.4444917,-0.1887971,0.9777768,0.0911504,-0.4227909,-0.1647092,0.8911335,398.0818,-35.02982,-97.89719,0.1693392,0.07816016,-1.555252,1.161271,-0.8868802,-20.97067,2.012105,-0.008463959,-0.9795043,0.06753488
1230,0.016806,1,100,0,-9.162684,0,0,1.470406,0,0,134.9915,0.8932241,0.1312444,0.43003,-0.1878441,0.9779072,0.09171942,-0.4084918,-0.1627046,0.8981438,398.0843,-35.0288,-97.92085,0.1344398,0.05472743,-1.389735,0.9303944,-0.7699774,-19.26653,1.879129,-0.004376898,-0.899877,0.06469353
1231,0.016568,1,100,0,-0.878685,0,0,1.312003,0,0,134.9918,0.8992447,0.1325598,0.4168775,-0.1869132,0.9780412,0.09218962,-0.3955027,-0.1608209,0.9042755,398.0862,-35.02819,-97.94131,0.1061351,0.03365465,-1.217808,0.778128,-0.6599488,-17.50601,1.743354,-0.001022881,-0.8175972,0.06167041
1232,0.016666,1,100,0,7.454315,0,14.9994,1.148623,0,0,134.9916,0.904565,0.1336822,0.4048347,-0.185996,0.9781789,0.09258199,-0.3836242,-0.1590441,0.9096908,398.0876,-35.02791,-97.95913,0.09514965,0.01820827,-1.052534,0.6105735,-0.5575592,-15.65362,1.601718,0.001490942,-0.731001,0.05837836
1233,0.016794,1,100,0,15.85132,0,30.114,0.9968778,0,0,134.9914,0.9092056,0.1346105,0.3939867,-0.185103,0.9783175,0.09290875,-0.3729376,-0.1574013,0.9144085,398.0888,-35.02787,-97.97429,0.097243,0.007218219,-0.889342,0.451312,-0.4618134,-13.71249,1.454524,0.003249045,-0.6402406,0.05482379
1234,0.016638,1,100,0,24.17031,0,45.0882,0.8506236,0,0,134.9914,0.913113,0.1353309,0.3845909,-0.1842594,0.9784511,0.09317696,-0.3636937,-0.1559456,0.9183725,398.09,-35.02801,-97.98666,0.1090251,0.0002757534,-0.7315756,0.3069523,-0.3741158,-11.72515,1.30499,0.004276143,-0.5473045,0.05109067
1235,0.016663,1,100,0,32.50182,0,60.0849,0.7115536,0,0,134.9913,0.9163636,0.1358559,0.3765917,-0.1834643,0.9785793,0.09340161,-0.3558356,-0.154681,0.9216591,398.0915,-35.02824,-97.99649,0.1316036,-0.002466626,-0.5787058,0.1729364,-0.2933294,-9.675028,1.151889,0.004627526,-0.4514205,0.04716153
1236,0.016665,1,100,0,40.83432,0,75.0834,0.5798172,0,0,134.9912,0.9189709,0.1361859,0.3700617,-0.1827264,0.9786987,0.09359343,-0.3494328,-0.1536297,0.9242804,398.0932,-35.02852,-98.00381,0.1616289,-0.001850024,-0.4291973,0.104668,-0.2187879,-7.570882,0.9960364,0.004386439,-0.3530001,0.04307888
1237,0.016626,1,100,0,49.14732,0,90.04681,0.4528928,0,0,134.9911,0.9209478,0.1363218,0.3650639,-0.1820538,0.978808,0.09376208,-0.3445457,-0.1528113,0.926249,398.0954,-35.02879,-98.00867,0.1961857,0.001506723,-0.2834952,0.1818801,-0.1501039,-5.423606,0.8383808,0.003624751,-0.2525532,0.03889322
1238,0.016696,1,100,0,57.49532,0,100,0.3304123,0,0,134.991,0.9223171,0.1362642,0.3616121,-0.1814468,0.9789059,0.09391747,-0.3411866,-0.1522351,0.9275864,398.0981,-35.029,-98.01121,0.2319885,0.006853469,-0.1415382,0.3070878,-0.0861891,-3.222773,0.6784056,0.002408781,-0.1495931,0.03462394
1239,0.016675,1,100,0,65.83282,0,100,0.2114836,0,0,134.9911,0.9230739,0.1360109,0.3597714,-0.1809128,0.9789903,0.09406663,-0.3394186,-0.1519177,0.9282864,398.1013,-35.02912,-98.01143,0.2616396,0.01195065,-0.003788561,0.427918,-0.02593712,-0.9862894,0.5177718,0.000874866,-0.04495906,0.03035625
1240,0.016686,1,100,0,74.17582,0,100,0.09413774,0,0,134.9913,0.92322,0.1355588,0.3595674,-0.1804524,0.9790611,0.09421591,-0.3392667,-0.1518668,0.9283507,398.105,-35.02918,-98.00943,0.2847998,0.01490039,0.1319046,0.5417223,0.03232604,1.286495,0.3569815,-0.0008478484,0.06137801,0.02615475
1241,0.016886,1,100,0,82.61882,0,100,0.02356778,0,0,134.9915,0.922738,0.1348936,0.3610517,-0.1800614,0.979118,0.09437086,-0.3407822,-0.1520911,0.9277585,398.109,-35.02921,-98.00517,0.308414,0.01582137,0.2721113,0.6638131,0.08960068,3.622399,0.1947712,-0.00273338,0.1706752,0.02204306
1242,0.016525,1,100,0,90.88132,0,100,0.1449453,0,0,134.9919,0.9216332,0.1340319,0.3641807,-0.1797513,0.9791597,0.09453028,-0.343921,-0.1525842,0.9265185,398.1133,-35.02924,-97.99875,0.3328016,0.01467919,0.4204902,0.7835112,0.1436595,5.936661,0.03693364,-0.004696765,0.2789682,0.01819799
1243,0.016685,1,100,0,99.22382,0,100,0.2728947,0,0,134.9919,0.9198613,0.1329417,0.3690285,-0.179508,0.9791878,0.09470148,-0.3487584,-0.1533558,0.9245811,398.1179,-35.02929,-97.98984,0.3599451,0.01265647,0.5780133,0.9307891,0.195196,8.307457,-0.1213023,-0.00684896,0.3899211,0.01455879
1244,0.016906,1,100,0,107.6768,0,100,0.4069453,0,0,134.9919,0.9173573,0.1315986,0.375683,-0.1793302,0.9792023,0.09488907,-0.3553824,-0.1544185,0.9218779,398.123,-35.0294,-97.97812,0.3833044,0.008204728,0.7511699,1.089985,0.2452359,10.7426,-0.2798322,-0.009105928,0.5039005,0.01119312
1245,0.016401,1,100,0,92.50589,0,100,0.5550004,0,0,134.9918,0.9142575,0.1300857,0.3836809,-0.1792267,0.979203,0.09507655,-0.3633333,-0.1556903,0.9185585,398.1284,-35.02956,-97.96404,0.4158443,0.00688228,0.9032352,1.243768,0.2870722,12.48609,-0.4320627,-0.01016071,0.5853874,0.006488318
1246,0.016685,1,100,0,100.8484,0,100,0.6775128,0,0,134.9919,0.9105023,0.1283907,0.3930669,-0.1791991,0.9791904,0.09525672,-0.3726572,-0.1571687,0.9145626,398.1342,-35.02979,-97.94715,0.4335138,0.001174077,1.07114,1.398952,0.3269889,14.3444,-0.5836319,-0.01145585,0.6722813,0.002270278
1247,0.016748,1,100,0,85.35649,0,100,0.8178883,0,0,134.9913,0.9061248,0.1265432,0.4036392,-0.1792493,0.9791651,0.09542064,-0.3831546,-0.1588151,0.9099286,398.1404,-35.0301,-97.92754,0.4563384,-0.001601778,1.214566,1.562473,0.3585595,15.62185,-0.7326052,-0.01184633,0.7318847,-0.003248252
1248,0.016597,1,100,0,93.65499,0,100,0.9305745,0,0,134.9918,0.9012501,0.1246157,0.4149934,-0.1793835,0.9791277,0.09555508,-0.3944238,-0.160562,0.9047929,398.1467,-35.03049,-97.90563,0.4564856,-0.01061244,1.375394,1.695015,0.3879803,17.00932,-0.8756084,-0.0125033,0.7966857,-0.00797423
1249,0.016678,1,100,0,101.994,0,100,1.066102,0,0,134.992,0.895744,0.1225491,0.4273459,-0.1795924,0.9790782,0.09566873,-0.4066809,-0.1624428,0.8990123,398.153,-35.03105,-97.881,0.4409636,-0.02386512,1.546654,1.85039,0.414297,18.51947,-1.014583,-0.01347916,0.8672788,-0.01196756
1250,0.016752,1,100,0,86.49839,0,100,1.215006,0,0,134.9914,0.8895972,0.1203488,0.4406055,-0.1798733,0.979018,0.0957572,-0.4198364,-0.1644385,0.8925792,398.159,-35.03181,-97.85357,0.4304357,-0.03390684,1.688759,2.015657,0.4317836,19.48034,-1.149343,-0.01370721,0.9120708,-0.01712863
1251,0.016672,1,100,0,94.83439,0,100,1.332214,0,0,134.9919,0.8829322,0.1180785,0.4544099,-0.1802289,0.9789476,0.09581047,-0.4335303,-0.166492,0.8856255,398.1647,-35.03278,-97.82383,0.3944924,-0.05091747,1.849535,2.147209,0.4481479,20.58694,-1.277407,-0.01420399,0.9637418,-0.02135122
1252,0.016636,1,100,0,103.1524,0,100,1.475449,0,0,134.9922,0.875658,0.1156945,0.4688686,-0.1806464,0.9788678,0.09583694,-0.4478725,-0.1686198,0.8780532,398.1697,-35.03405,-97.79149,0.3406637,-0.072858,2.02187,2.29964,0.4623548,21.82966,-1.399262,-0.01497817,1.021843,-0.02466977
1253,0.016679,1,100,0,87.72431,0,100,1.635021,0,0,134.9915,0.867736,0.1131855,0.4839664,-0.1811197,0.9787808,0.09583373,-0.4628501,-0.1708142,0.8698235,398.1738,-35.03567,-97.75647,0.2936314,-0.09142607,2.158189,2.466754,0.470474,22.549,-1.508673,-0.01494861,1.055375,-0.02863602
1254,0.016678,1,100,0,96.06331,0,100,1.756953,0,0,134.992,0.8592569,0.1105941,0.4994461,-0.1816463,0.9786869,0.09579385,-0.4782071,-0.1730341,0.8610325,398.177,-35.03763,-97.71909,0.2197385,-0.1175035,2.314179,2.597635,0.4789372,23.43914,-1.611373,-0.01512574,1.096965,-0.03159295
1255,0.016761,1,100,0,104.4438,0,100,1.907835,0,0,134.9923,0.8500872,0.1078636,0.5154778,-0.1822149,0.978588,0.09572579,-0.494115,-0.175303,0.8515394,398.1789,-35.04006,-97.67896,0.1250442,-0.1494415,2.483897,2.754496,0.4867012,24.49356,-1.707973,-0.01551246,1.146306,-0.03356875
1256,0.016612,1,100,0,89.07771,0,100,2.079548,0,0,134.9917,0.8403516,0.1050328,0.531768,-0.1828106,0.9784864,0.09562827,-0.5102836,-0.1775742,0.8414737,398.1793,-35.04296,-97.63666,0.04275748,-0.176051,2.613687,2.923371,0.4857762,25.03312,-1.797216,-0.01536272,1.171465,-0.03658666
1257,0.016743,1,100,0,97.44921,0,100,2.208792,0,0,134.9922,0.82997,0.102095,0.5483854,-0.1834464,0.9783806,0.09549352,-0.5267802,-0.1798561,0.8307555,398.1782,-35.04637,-97.59178,-0.06807533,-0.2104814,2.763027,3.060103,0.4860578,25.76476,-1.880076,-0.01537236,1.20568,-0.0385477
1258,0.01715,1,100,0,106.0242,0,100,2.369117,0,0,134.9924,0.818645,0.0989496,0.5657111,-0.1841183,0.9782702,0.09532793,-0.5439857,-0.1821975,0.8190745,398.175,-35.05049,-97.54326,-0.2069719,-0.2525271,2.929667,3.231739,0.4868287,26.69768,-1.957587,-0.01552239,1.249388,-0.03944235
1259,0.01631,1,100,0,90.93745,0,100,2.558215,0,0,134.7889,0.8072158,0.09582733,0.5824257,-0.1847702,0.9781654,0.09514421,-0.5605912,-0.1844168,0.8072966,398.1903,-35.0484,-97.52445,-0.2430816,-0.2921565,3.351253,3.394183,0.50974,24.4152,-2.044137,-0.008800535,1.141695,-0.05121461
1260,0.016618,1,100,0,99.24645,0,100,2.895603,0,0,134.7446,0.7961549,0.09309668,0.5978883,-0.1855223,0.9780613,0.09475051,-0.5759504,-0.1863577,0.7959598,398.2325,-35.03812,-97.53822,2.87881,0.72346,-1.34035,3.808658,-0.2971489,23.94038,-2.078853,-0.05846112,1.120585,-0.05436794
1261,0.016729,1,100,0,107.611,0,100,2.859739,0,0,134.8115,0.7848833,0.09039609,0.6130146,-0.1867646,0.9778067,0.09493822,-0.5908278,-0.1890049,0.7843469,398.2775,-35.02683,-97.55836,2.32195,0.5761262,-0.9337941,2.568141,-0.1349166,25.04993,-2.114487,-0.0486971,1.172553,-0.05180714
1262,0.016668,1,100,0,92.19305,0,100,2.213182,0,0,134.8781,0.7729389,0.0874844,0.6284202,-0.1878801,0.9775873,0.09499408,-0.6060251,-0.1914923,0.7720519,398.3133,-35.01802,-97.57167,1.791507,0.4328969,-0.530418,1.917874,0.01671319,25.61944,-2.143373,-0.03858403,1.199135,-0.05059402
1263,0.016723,1,100,0,100.5546,0,100,1.578105,0,0,134.9223,0.7603551,0.0843963,0.6440012,-0.1888806,0.9774022,0.0949178,-0.6214375,-0.1938106,0.7591136,398.3437,-35.0105,-97.58308,2.140328,0.5427775,-1.067486,1.318165,-0.01758043,26.06342,-2.174433,-0.04004005,1.220069,-0.05002542
1264,0.016743,1,100,0,85.06728,0,91.6285,2.245619,0,0,134.9893,0.7473006,0.08121007,0.659505,-0.1898879,0.9772151,0.09483427,-0.6367767,-0.1961018,0.7456942,398.3766,-35.00221,-97.59865,1.620718,0.3995244,-0.6553942,1.79329,0.1341728,26.34499,-2.191497,-0.02926344,1.233141,-0.04904671
1265,0.01671,1,100,0,93.42228,0,83.2735,1.599106,0,0,134.981,0.7337877,0.07791154,0.6748967,-0.1907647,0.9770654,0.09461614,-0.6520466,-0.1981746,0.7318214,398.4056,-34.99478,-97.61427,1.867977,0.471445,-1.005622,1.173339,0.122953,26.57061,-2.209377,-0.02875487,1.24379,-0.04843861
1266,0.016682,1,100,0,101.7633,0,74.9325,2.047373,0,0,135,0.7198308,0.0745138,0.6901387,-0.1916178,0.9769209,0.09438436,-0.667178,-0.2001836,0.7174959,398.434,-34.9877,-97.62877,1.358189,0.3302372,-0.5986643,1.52057,0.2626007,27.2651,-2.215679,-0.01912082,1.276369,-0.04543739
1267,0.016641,1,100,0,86.37036,0,66.61199,1.401801,0,0,134.9811,0.705322,0.07096161,0.7053263,-0.192328,0.9768132,0.09405136,-0.682298,-0.2019905,0.7026157,398.4587,-34.98139,-97.64362,1.621302,0.4040882,-0.9422162,0.9048894,0.2373518,27.22058,-2.21922,-0.01896965,1.274339,-0.04495247
1268,0.016626,1,100,0,94.68336,0,58.29899,1.849849,0,0,135,0.6904908,0.0673556,0.7201984,-0.1930193,0.9767096,0.09371196,-0.6971127,-0.2037195,0.6874099,398.4829,-34.97544,-97.65704,1.118792,0.2653508,-0.5410066,1.270746,0.3616293,27.65022,-2.216411,-0.009778343,1.294494,-0.04238831
1269,0.016899,1,100,0,103.1329,0,49.84949,1.205875,0,0,134.9816,0.6748241,0.06352731,0.7352393,-0.1935774,0.9766399,0.09328583,-0.7121378,-0.2052772,0.6713575,398.5032,-34.97037,-97.67004,1.372309,0.3347863,-0.8500492,0.6458905,0.3248584,28.06089,-2.208051,-0.01071183,1.313945,-0.03963877
1270,0.016503,1,100,0,87.86759,0,41.59799,1.616684,0,0,135,0.659071,0.05967892,0.7497091,-0.1940975,0.9765741,0.09289354,-0.7266027,-0.2067401,0.6552152,398.5232,-34.96559,-97.6819,0.8767638,0.1994389,-0.4582631,1.009205,0.4309832,28.21889,-2.197662,-0.002166655,1.321349,-0.0376626
1271,0.016632,1,100,0,72.48299,0,33.28199,0.9785519,0,0,134.9835,0.6428805,0.05574608,0.7639352,-0.1944961,0.9765401,0.09241554,-0.7408615,-0.2079946,0.6386409,398.5383,-34.96194,-97.69218,1.079192,0.2527421,-0.6861789,0.3971194,0.3893334,27.73699,-2.180867,-0.002400756,1.298757,-0.03772381
1272,0.016995,1,100,0,56.76262,0,24.78449,1.290323,0,0,135,0.6263895,0.05181444,0.7777864,-0.1949018,0.9765069,0.09191118,-0.7547514,-0.2091641,0.6217724,398.5538,-34.95842,-97.70161,0.5716133,0.1160476,-0.2938711,0.6531225,0.4750646,27.02957,-2.170547,0.005659879,1.265395,-0.0390522
1273,0.01658,1,100,0,48.47262,0,16.49449,0.6384199,0,0,134.9838,0.6104631,0.04810613,0.7905826,-0.1952076,0.9765019,0.09131408,-0.7676127,-0.2100716,0.6055091,398.5638,-34.95618,-97.70912,0.7605203,0.1679492,-0.5283868,0.1097799,0.4113475,25.9962,-2.148016,0.004220377,1.216837,-0.04097693
1274,0.016622,1,100,0,40.16162,0,8.183492,0.9390094,0,0,135,0.5948851,0.04458214,0.8025736,-0.1955415,0.9764928,0.09069645,-0.7796639,-0.2108904,0.5896187,398.5737,-34.95411,-97.71581,0.2656649,0.03725404,-0.1523838,0.3085231,0.474917,24.9781,-2.131309,0.01070779,1.168875,-0.0432643
1275,0.016705,1,100,0,31.80912,0,0,0.3048342,0,0,134.9834,0.5796481,0.04124424,0.8138226,-0.1958095,0.9765055,0.08997706,-0.7909912,-0.2115092,0.5741056,398.5786,-34.95312,-97.72113,0.4524946,0.09441364,-0.4201617,0.3236832,0.391771,23.66168,-2.094379,0.007807426,1.10703,-0.04550642
1276,0.016639,1,100,0,23.48962,0,0,0.6191058,0,0,135,0.5650999,0.03817063,0.8241392,-0.1961237,0.9765092,0.08925131,-0.8013728,-0.2120691,0.5593114,398.5835,-34.95226,-97.72603,-0.03709689,-0.0330094,-0.0455001,0.06735027,0.4402332,22.36666,-2.070726,0.01306555,1.046057,-0.0485421
1277,0.016739,1,100,0,15.12012,0,0,0.01127998,0,0,134.9831,0.5511232,0.03534578,0.833675,-0.1963907,0.9765304,0.08842681,-0.8109835,-0.2124601,0.5451301,398.5839,-34.95226,-97.72986,0.192708,0.04738511,-0.3433578,0.5953823,0.3433076,20.82151,-2.018574,0.008932332,0.9734895,-0.0508065
1278,0.016722,1,100,0,6.759116,0,0,0.3535252,0,0,135,0.5380084,0.03281907,0.8423005,-0.1967206,0.9765383,0.08760321,-0.8196637,-0.2128291,0.531842,398.5844,-34.95217,-97.73349,-0.2904421,-0.07859296,0.03347852,0.3027445,0.3823212,19.2852,-1.987213,0.01324791,0.9011853,-0.05436546
1279,0.016629,1,100,0,-1.555384,0,0,0.272597,0,0,134.9825,0.5258352,0.03062192,0.8500351,-0.197014,0.9765601,0.08669375,-0.8274557,-0.2130554,0.5195426,398.5809,-34.95286,-97.73666,-0.048738,-0.001919642,-0.3419932,0.8373255,0.2755385,17.56491,-1.918873,0.00808218,0.8204254,-0.05634758
1280,0.016995,1,100,0,-10.05288,15.2955,0,0.1369425,0,0,135,0.5144467,0.02870699,0.8570418,-0.1973896,0.9765655,0.08577435,-0.8344951,-0.2132975,0.5080573,398.5775,-34.95359,-97.74026,-0.5148671,-0.1240112,0.04576531,0.5315651,0.3110295,15.79829,-1.878667,0.01184222,0.7373092,-0.06027546
1281,0.016415,1,100,0,-18.26038,30.069,0,0.4793568,0,0,134.9814,0.5044969,0.02721002,0.8629847,-0.1977271,0.9765825,0.08479857,-0.8404685,-0.2134161,0.498063,398.5708,-34.95488,-97.74384,-0.2548709,-0.03724854,-0.4048631,1.050542,0.1962629,13.94852,-1.792389,0.005793058,0.6505167,-0.0616578
1282,0.016672,1,100,0,-26.59638,45.0738,0,0.02051303,0,0,135,0.4955633,0.02602569,0.868182,-0.1981527,0.9765799,0.08383153,-0.8456673,-0.2135764,0.4891142,398.5641,-34.95615,-97.74847,-0.695519,-0.1533696,-0.02494106,0.7126647,0.2320237,12.05294,-1.744207,0.009243169,0.5613588,-0.06560476
1283,0.016944,1,100,0,-35.06838,60.3234,0,0.6087348,0,0,134.9804,0.4877269,0.02521611,0.8726321,-0.1985626,0.9765878,0.08275945,-0.850115,-0.2136361,0.4813151,398.5542,-34.95797,-97.75343,-0.4375359,-0.06209275,-0.5247438,1.223861,0.1160418,10.00729,-1.638076,0.002891965,0.4654104,-0.06648546
1284,0.016412,1,100,0,-43.27438,75.0942,0,0.132654,0,0,135,0.4814382,0.02478015,0.8761299,-0.1990436,0.9765748,0.08175446,-0.8535804,-0.2137478,0.4750928,398.5446,-34.95961,-97.75996,-0.8659365,-0.1756619,-0.1434087,0.8951364,0.1553622,8.003354,-1.581567,0.006359584,0.3711789,-0.0703336
1285,0.016693,1,100,0,-51.62088,90.1179,0,0.7085613,0,0,134.9797,0.4763755,0.02474155,0.8788939,-0.1995104,0.9765716,0.08064675,-0.8563075,-0.2137666,0.4701509,398.5323,-34.96171,-97.767,-0.6010066,-0.07897882,-0.6848767,1.361023,0.04203928,5.881524,-1.459508,2.647711e-05,0.2716993,-0.07050385
1286,0.016686,1,100,0,-59.96388,100,0,0.209534,0,0,135,0.4727345,0.02506259,0.8808486,-0.2000592,0.9765466,0.07958245,-0.8581952,-0.2138432,0.4666613,398.5198,-34.96367,-97.77619,-1.031526,-0.1941383,-0.2842422,1.087441,0.08745556,3.719487,-1.392712,0.003851277,0.1700519,-0.07430334
1287,0.016684,1,100,0,-68.30589,100,0,0.7941207,0,0,134.9785,0.4705451,0.02581087,0.8819985,-0.2005822,0.9765323,0.07843305,-0.8592756,-0.2138195,0.4646796,398.5051,-34.96594,-97.78609,-0.7483362,-0.08892848,-0.8804352,1.508227,-0.02620992,1.509744,-1.252782,-0.002480516,0.0664965,-0.07367607
1288,0.016708,1,100,0,-76.65988,100,0,0.2529213,0,0,135,0.4698491,0.0269218,0.8823363,-0.2011855,0.9764956,0.07733767,-0.8595154,-0.2138503,0.4642219,398.4902,-34.96807,-97.79843,-1.168499,-0.2036532,-0.454992,1.270387,0.02412271,-0.757618,-1.176392,0.001780063,-0.04008719,-0.07726642
1289,0.016711,1,100,0,-85.01538,100,0,0.8366771,0,0,134.9779,0.4706831,0.02847446,0.8818429,-0.2017586,0.9764701,0.07615857,-0.8589246,-0.2137659,0.465353,398.4733,-34.97049,-97.81116,-0.8832077,-0.09617892,-1.073088,1.634069,-0.08738837,-3.0464,-1.02117,-0.004202986,-0.147312,-0.07596104
1290,0.016714,1,100,0,-93.37238,100,0,0.2798039,0,0,135,0.473065,0.03039028,0.8805033,-0.2024047,0.9764224,0.07504436,-0.8574626,-0.2137188,0.4680624,398.4563,-34.97272,-97.82659,-1.290088,-0.2099645,-0.6211641,1.447155,-0.03478874,-5.401051,-0.935281,0.0005161613,-0.2579872,-0.07926649
1291,0.016666,1,100,0,-101.7054,100,0,0.860332,0,0,134.9778,0.4770105,0.03274891,0.8782873,-0.2030143,0.9763867,0.07385325,-0.8551294,-0.2135337,0.4723953,398.4374,-34.97525,-97.84186,-1.014416,-0.1046001,-1.240818,1.75128,-0.145135,-7.748003,-0.7676979,-0.004984938,-0.3679099,-0.07737012
1292,0.016683,1,100,0,-86.27361,100,0,0.3036359,0,0,135,0.4823778,0.03541992,0.8752469,-0.2036849,0.9763301,0.07274697,-0.8519532,-0.2133661,0.4781745,398.4183,-34.97762,-97.85991,-1.404779,-0.2166954,-0.7634895,1.613467,-0.09474754,-9.504322,-0.6727671,-0.0003095235,-0.4503689,-0.07784784
1293,0.016643,1,100,0,-94.59511,100,0,0.8779599,0,0,134.9785,0.4888932,0.03838802,0.8714986,-0.2043021,0.9762855,0.07160565,-0.8480826,-0.2130565,0.4851421,398.3974,-34.98035,-97.87686,-1.157164,-0.1206784,-1.338472,1.865235,-0.2024411,-11.30169,-0.498138,-0.005502272,-0.5343678,-0.07341722
1294,0.016849,1,100,0,-103.0196,100,0,0.3577327,0,0,135,0.496688,0.04162484,0.8669305,-0.2049698,0.9762217,0.0705604,-0.8433794,-0.2127411,0.4934095,398.3758,-34.98302,-97.89658,-1.53523,-0.2321033,-0.8343639,1.762659,-0.1566586,-13.24729,-0.39374,-0.0005143161,-0.6257276,-0.07393564
1295,0.016554,1,100,0,-87.70716,100,0,0.9324762,0,0,134.9789,0.5054371,0.04508345,0.861685,-0.2055694,0.9761713,0.06950708,-0.8380186,-0.2122675,0.5026609,398.3527,-34.98601,-97.91441,-1.303855,-0.1417239,-1.382339,1.986246,-0.2683037,-14.53139,-0.2137352,-0.005838486,-0.6855122,-0.06718977
1296,0.016676,1,100,0,-96.04516,100,0,0.4278902,0,0,135,0.5150711,0.04867244,0.8557645,-0.2061984,0.9761033,0.06859073,-0.8319761,-0.2117864,0.5127988,398.329,-34.98898,-97.93459,-1.661254,-0.2499706,-0.8647423,1.889452,-0.2312406,-15.98944,-0.103419,-0.001305935,-0.7538819,-0.06544562
1297,0.01671,1,100,0,-104.4002,100,0,0.991625,0,0,134.9798,0.5256277,0.05248247,0.8490944,-0.206765,0.9760479,0.06766739,-0.8252054,-0.2111309,0.5238894,398.3033,-34.99242,-97.95237,-1.461699,-0.1702671,-1.362465,2.09976,-0.3450291,-17.52628,0.08003768,-0.006098545,-0.8255643,-0.0593108
1298,0.016593,1,100,0,-89.05164,100,0,0.5283692,0,0,135,0.5368951,0.05636525,0.8417641,-0.2073443,0.9759783,0.06689627,-0.8177728,-0.2104513,0.535685,398.2772,-34.99583,-97.97205,-1.800446,-0.2758128,-0.8325072,2.002685,-0.3189196,-18.53105,0.1946488,-0.002232586,-0.872557,-0.05551634
1299,0.016728,1,100,0,-97.41563,100,0,1.084439,0,0,134.9806,0.5488325,0.06038265,0.8337488,-0.2078554,0.9759207,0.06614593,-0.8096787,-0.2096022,0.5481678,398.249,-34.99979,-97.98882,-1.625858,-0.2050925,-1.280066,2.215131,-0.4370326,-19.66653,0.3771884,-0.007265899,-0.9253165,-0.04784586
1300,0.016638,1,100,0,-105.7346,100,0,0.6577194,0,0,135,0.5613389,0.06443386,0.825074,-0.2083696,0.9758508,0.0655555,-0.8009251,-0.2087192,0.5612091,398.2201,-35.00378,-98.00711,-1.948821,-0.3088001,-0.7372715,2.106378,-0.4207877,-20.96004,0.4946471,-0.003357045,-0.9859157,-0.04479174
1301,0.016705,1,100,0,-90.28251,100,0,1.211549,0,0,134.9814,0.57446,0.06860629,0.8156526,-0.2088134,0.9757938,0.06499012,-0.79145,-0.2076534,0.5748804,398.1893,-35.00835,-98.02185,-1.795843,-0.2458029,-1.142646,2.335889,-0.5448617,-21.69787,0.6734915,-0.008846185,-1.01993,-0.03576743
1302,0.016692,1,100,0,-98.62851,100,0,0.8154772,0,0,135,0.5879185,0.07274058,0.805643,-0.2092494,0.9757259,0.06460273,-0.7813874,-0.2065614,0.5888683,398.1577,-35.01302,-98.03785,-2.103023,-0.3477247,-0.5890904,2.211481,-0.5386209,-22.62496,0.7912508,-0.005671594,-1.063253,-0.03121883
1303,0.016665,1,100,0,-106.961,100,0,1.368206,0,0,134.9823,0.6017846,0.07693386,0.7949445,-0.2096088,0.9756722,0.06425246,-0.7706621,-0.2052935,0.6032705,398.1243,-35.01826,-98.04983,-1.974871,-0.293379,-0.950145,2.467541,-0.6650447,-23.69621,0.9634911,-0.01061904,-1.113002,-0.0236601
1304,0.016613,1,100,0,-91.59399,100,0,1.008993,0,0,135,0.6159635,0.0810999,0.783589,-0.2099546,0.9756097,0.06406739,-0.7592812,-0.2039813,0.6179672,398.0899,-35.02369,-98.06253,-2.263983,-0.3928165,-0.3920437,2.331013,-0.6682835,-24.25539,1.077852,-0.008270993,-1.138985,-0.01785061
1305,0.016951,1,100,0,-100.0695,100,0,1.556857,0,0,134.9827,0.6306012,0.08533213,0.7714018,-0.2102227,0.9755608,0.06393556,-0.7470936,-0.202484,0.6331286,398.0533,-35.02979,-98.07124,-2.145449,-0.3426386,-0.7199116,2.626377,-0.7999984,-25.02317,1.243351,-0.01370465,-1.174434,-0.009465195
1306,0.016458,1,100,0,-84.84584,100,0,1.216434,0,0,135,0.6449445,0.08936211,0.7589869,-0.2104597,0.9755067,0.06398198,-0.7346792,-0.201001,0.6479548,398.0164,-35.03596,-98.08003,-2.415096,-0.4392867,-0.1607819,2.459982,-0.8079925,-25.28048,1.351188,-0.01200697,-1.186203,-0.002878398
1307,0.016679,1,100,0,-93.18534,100,0,1.758438,0,0,134.9833,0.6594381,0.09336369,0.7459389,-0.2106099,0.9754668,0.06409504,-0.7216545,-0.1993688,0.6629233,397.978,-35.04273,-98.08472,-2.296755,-0.3904821,-0.4647306,2.783675,-0.9383463,-25.7715,1.502611,-0.01771501,-1.20864,0.005704232
1308,0.016891,1,100,0,-101.6308,100,0,1.427233,0,0,135,0.6741831,0.09733201,0.7321227,-0.2107311,0.9754219,0.06437664,-0.7078626,-0.1976827,0.6781239,397.9377,-35.04988,-98.08931,-2.556255,-0.4879359,0.1149445,2.604944,-0.9458964,-26.44807,1.604909,-0.01521492,-1.240203,0.01063119
1309,0.01642,1,100,0,-86.44234,100,0,1.983881,0,0,134.9838,0.6885332,0.1011463,0.7181167,-0.2107597,0.975395,0.06469356,-0.6939039,-0.1958938,0.6929094,397.8977,-35.05733,-98.08937,-2.440725,-0.4411669,-0.1672295,2.958688,-1.072999,-26.66291,1.740191,-0.02113462,-1.249665,0.01926976
1310,0.016662,1,100,0,-94.77335,100,0,1.664176,0,0,135,0.7029741,0.1048861,0.7034391,-0.2107494,0.9753649,0.06517846,-0.6792735,-0.1940681,0.7077609,397.8557,-35.06521,-98.08896,-2.680367,-0.535851,0.4096632,2.763934,-1.078118,-27.06412,1.830371,-0.01893613,-1.268287,0.02449556
1311,0.016618,1,100,0,-103.0823,100,0,2.214638,0,0,134.9845,0.7173271,0.108567,0.6882259,-0.2106463,0.9753524,0.06569234,-0.6641307,-0.1920951,0.7225159,397.8133,-35.0735,-98.08426,-2.581581,-0.4961086,0.1722634,3.154646,-1.196128,-27.70497,1.950374,-0.02346276,-1.297894,0.03087121
1312,0.016645,1,100,0,-87.68572,100,0,1.93427,0,0,135,0.7316384,0.1121712,0.6724011,-0.2105007,0.9753405,0.06633729,-0.6483788,-0.1900758,0.7372087,397.7691,-35.08228,-98.07817,-2.804745,-0.5893389,0.7539839,2.963513,-1.197886,-27.8216,2.027577,-0.02155168,-1.303142,0.03637426
1313,0.016713,1,100,0,-96.04222,100,0,2.4864,0,0,134.9842,0.745774,0.1156891,0.6560772,-0.2102559,0.975347,0.06701406,-0.6321502,-0.1879214,0.7517127,397.7249,-35.09136,-98.06824,-2.685098,-0.544836,0.5137088,3.389516,-1.313336,-28.22631,2.130025,-0.02634,-1.321659,0.04257231
1314,0.016609,1,100,0,-104.3467,91.6955,0,2.185933,0,0,135,0.7597061,0.1191102,0.6392647,-0.2099708,0.975354,0.06779899,-0.6154338,-0.1857342,0.765992,397.6791,-35.10092,-98.05645,-2.886317,-0.6356745,1.102952,3.154586,-1.306875,-28.76187,2.192573,-0.02308394,-1.346726,0.04591177
1315,0.016715,1,100,0,-88.88535,83.33801,0,2.739256,0,0,134.985,0.7735403,0.1224959,0.6217959,-0.2095897,0.975381,0.06858517,-0.5980865,-0.1833754,0.7801704,397.6335,-35.11083,-98.04029,-2.771082,-0.5957511,0.9089898,3.603229,-1.41089,-28.8896,2.27514,-0.02769423,-1.352251,0.05190852
1316,0.016631,1,100,0,-97.20084,75.02251,0,2.47576,0,0,134.993,0.7870185,0.1257479,0.603978,-0.2091619,0.9754104,0.06947023,-0.5803908,-0.1810036,0.7939677,397.5866,-35.12119,-98.02206,-2.89115,-0.6360347,1.113335,3.381813,-1.439711,-29.1471,2.345251,-0.02727674,-1.364096,0.05675552
1317,0.016683,1,100,0,-105.5423,66.68101,0,2.677073,0,0,134.9923,0.8002921,0.1289253,0.5855858,-0.208646,0.975455,0.07038584,-0.5621381,-0.1785094,0.8075488,397.5382,-35.13205,-98.00112,-2.971212,-0.667088,1.294363,3.578102,-1.473609,-29.62704,2.412992,-0.02669446,-1.38642,0.06084685
1318,0.016701,1,100,0,-90.09392,58.33051,0,2.834574,0,0,134.8845,0.8133079,0.1320194,0.5666578,-0.2080464,0.9755148,0.0713287,-0.5433663,-0.1759033,0.8208601,397.5164,-35.13428,-98.01889,0.1948392,0.3811837,-3.648861,3.729823,-2.307125,-28.30985,2.491874,-0.08123109,-1.32212,0.07091001
1319,0.017064,1,100,0,-98.62592,49.79851,0,3.168125,0,0,134.9528,0.8256599,0.1348017,0.5478268,-0.2077512,0.9754474,0.0730885,-0.5245237,-0.1741579,0.833393,397.5189,-35.12831,-98.07711,0.05639046,0.2888698,-2.937556,2.952264,-2.145754,-28.67298,2.520326,-0.06866779,-1.339568,0.07256752
1320,0.016419,1,100,0,-106.8354,41.58901,0,2.528026,0,0,135,0.837311,0.137476,0.5291604,-0.2073069,0.9754264,0.07461365,-0.5058995,-0.1721734,0.845235,397.519,-35.12407,-98.12176,-0.09011991,0.1975247,-2.282192,2.292496,-1.992278,-29.2095,2.531858,-0.05622842,-1.365211,0.07277447
1321,0.016594,1,100,0,-91.48597,33.29201,0,1.917406,0,0,134.9792,0.8488132,0.1401725,0.5097724,-0.2067169,0.975446,0.07598158,-0.4866049,-0.1698727,0.8569475,397.52,-35.12021,-98.16113,0.2336077,0.2903262,-2.714562,1.667289,-2.001012,-28.97338,2.549942,-0.05595078,-1.353989,0.07581347
1322,0.016911,1,100,0,-75.84329,24.83651,0,2.489231,0,0,135,0.8599516,0.1427614,0.4900025,-0.2060342,0.9754802,0.07738445,-0.4669402,-0.1675042,0.8682795,397.523,-35.11585,-98.20335,0.06906683,0.1937952,-2.059546,2.069796,-1.835502,-28.61072,2.544593,-0.04496615,-1.337292,0.07782032
1323,0.016454,1,100,0,-67.61629,16.60951,0,1.852973,0,0,134.9843,0.870217,0.1451389,0.4708048,-0.2052315,0.9755523,0.07860009,-0.4478868,-0.1650231,0.8787293,397.527,-35.11194,-98.23949,0.2185457,0.2314675,-2.268946,1.447715,-1.801239,-27.82422,2.54322,-0.04355551,-1.300256,0.08126523
1324,0.016642,1,100,0,-59.2953,8.288508,0,2.129871,0,0,135,0.8799001,0.1473247,0.4517426,-0.2043329,0.9756421,0.0798163,-0.4289802,-0.1625362,0.8885708,397.5297,-35.10862,-98.27377,0.05043521,0.1364745,-1.639234,1.645678,-1.637281,-27.09121,2.52125,-0.0339104,-1.266127,0.08323842
1325,0.016643,1,100,0,-50.97379,0,0,1.500393,0,0,134.9843,0.88893,0.1493244,0.4330194,-0.2033152,0.9757662,0.08089069,-0.4104468,-0.1599456,0.8977478,397.5334,-35.1056,-98.30347,0.2044591,0.1753783,-1.854215,1.033686,-1.602813,-25.97295,2.496989,-0.03366183,-1.213498,0.08606552
1326,0.016706,1,100,0,-42.62079,0,0,1.776588,0,0,135,0.897252,0.1510879,0.4148631,-0.2022292,0.9759023,0.08196308,-0.3924822,-0.157439,0.9061847,397.5359,-35.1032,-98.331,0.02995183,0.08111425,-1.23547,1.238492,-1.438266,-24.91948,2.458524,-0.02514627,-1.164305,0.08772772
1327,0.01667,1,100,0,-34.28579,0,0,1.14409,0,0,134.9842,0.904879,0.1526367,0.3973616,-0.2010488,0.9760673,0.08289968,-0.3751981,-0.1549033,0.9139103,397.5391,-35.10115,-98.35376,0.1947077,0.1241816,-1.458079,0.6473492,-1.405155,-23.53473,2.411288,-0.02604352,-1.09917,0.08958702
1328,0.016729,1,100,0,-25.9213,0,0,1.424843,0,0,135,0.9118019,0.1539426,0.3806826,-0.1998259,0.976238,0.08384161,-0.35873,-0.1525172,0.9208973,397.5413,-35.09959,-98.37476,0.01402248,0.03146744,-0.8490962,0.8497948,-1.240622,-22.21354,2.356712,-0.01857568,-1.037411,0.09068324
1329,0.016721,1,100,0,-17.56079,0,0,0.79176,0,0,134.9837,0.91806,0.1550269,0.3648735,-0.1985303,0.9764317,0.08465831,-0.3431497,-0.1501599,0.9272005,397.5443,-35.09834,-98.39121,0.2107957,0.08552524,-1.095917,0.302674,-1.211448,-20.60227,2.285944,-0.02066083,-0.9616638,0.09132707
1330,0.016611,1,100,0,-9.255295,0,0,1.101312,0,0,135,0.9235936,0.1558669,0.3502578,-0.197234,0.9766225,0.08548263,-0.3287458,-0.1480339,0.9327445,397.5467,-35.09742,-98.40611,0.02391701,-0.00477949,-0.5000101,0.5006046,-1.047655,-19.0685,2.216448,-0.01410851,-0.8899454,0.09169643
1331,0.016731,1,100,0,-0.8897953,0,15.0579,0.4735367,0,0,134.983,0.9285511,0.1564942,0.3366041,-0.1958784,0.9768324,0.08619745,-0.3153165,-0.1459722,0.9376927,397.55,-35.09672,-98.41692,0.2572431,0.06270159,-0.7748098,0.200183,-1.022217,-17.27163,2.122792,-0.01720445,-0.8055253,0.09100233
1332,0.016681,1,100,0,7.450705,0,30.0708,0.8167992,0,0,135,0.932863,0.1568979,0.3242683,-0.1945456,0.9770337,0.0869337,-0.3031813,-0.1441822,0.9419625,397.5531,-35.09618,-98.42656,0.05774475,-0.02704768,-0.1839709,0.1947083,-0.8565102,-15.53706,2.038676,-0.01129821,-0.7244184,0.09061166
1333,0.016779,1,100,0,15.8402,0,45.1719,0.186901,0,0,134.982,0.9366327,0.1570904,0.3131164,-0.193176,0.9772488,0.08756647,-0.2922368,-0.1425042,0.9456692,397.5571,-35.09575,-98.43244,0.3315426,0.05946058,-0.4987322,0.4368131,-0.8358598,-13.58193,1.922382,-0.01532062,-0.6326206,0.08852153
1334,0.016587,1,100,0,24.13371,0,60.1002,0.576998,0,0,135,0.9397911,0.157081,0.3035101,-0.1918684,0.9774471,0.08822712,-0.2828062,-0.141149,0.948735,397.5614,-35.09526,-98.43752,0.1181276,-0.03022305,0.07962828,0.1456305,-0.6695446,-11.69719,1.825798,-0.009925238,-0.5445094,0.08739019
1335,0.016685,1,100,0,32.4762,0,75.1167,0.04640486,0,0,134.9821,0.9424582,0.1568689,0.2952367,-0.1905426,0.9776551,0.08879239,-0.2747109,-0.1399383,0.9512892,397.5663,-35.09486,-98.43931,0.3944405,0.06244096,-0.2741773,0.6261122,-0.6467673,-9.632973,1.69174,-0.01420888,-0.4476634,0.08413517
1336,0.016869,1,100,0,40.91071,0,90.2988,0.3779169,0,0,135,0.9446284,0.1564692,0.2884348,-0.18927,0.9778466,0.08940305,-0.2680562,-0.1390447,0.9533166,397.5717,-35.09432,-98.4407,0.1657586,-0.0292911,0.3019398,0.3456899,-0.477433,-7.574924,1.582021,-0.009146527,-0.35147,0.08234289
1337,0.016441,1,100,0,49.13121,0,100,0.2474843,0,0,134.9816,0.9462759,0.1558845,0.2833053,-0.1880345,0.9780387,0.0899078,-0.2630683,-0.1383487,0.9548062,397.5776,-35.09384,-98.4393,0.4958279,0.06940927,-0.07567859,0.8260831,-0.4597881,-5.437109,1.432374,-0.01396417,-0.2512245,0.07805409
1338,0.016692,1,100,0,57.47721,0,100,0.2122977,0,0,135,0.9474679,0.1551249,0.2797163,-0.1868668,0.978211,0.09046796,-0.2595877,-0.1379852,0.9558113,397.5845,-35.09319,-98.43749,0.2542925,-0.02205988,0.4753712,0.5395638,-0.2933112,-3.2899,1.314227,-0.009286078,-0.1508841,0.07578083
1339,0.016682,1,100,0,65.81821,0,100,0.3913979,0,0,134.9813,0.9482036,0.1541698,0.2777438,-0.185716,0.9783857,0.09094395,-0.2577197,-0.1378148,0.9563407,397.5919,-35.09261,-98.43308,0.6074017,0.07972922,0.1093966,1.006224,-0.2755772,-1.030178,1.149049,-0.01434696,-0.04497889,0.07069075
1340,0.016689,1,100,0,74.1627,0,100,0.06290684,0,0,135,0.9484627,0.1530525,0.2774771,-0.1846662,0.9785352,0.09147329,-0.2575209,-0.1379997,0.9563679,397.6006,-35.0918,-98.42829,0.3511083,-0.01278074,0.6428465,0.7325927,-0.1122093,1.212355,1.023335,-0.00999434,0.05980423,0.0681243
1341,0.016676,1,100,0,82.5007,0,100,0.5261437,0,0,134.9813,0.9482577,0.1517349,0.2788977,-0.1836409,0.9786856,0.09192646,-0.2590047,-0.138387,0.9559109,397.6094,-35.09111,-98.42096,0.7150568,0.08970442,0.2966295,1.176835,-0.09657123,3.546381,0.8478185,-0.01521138,0.1691476,0.06257468
1342,0.016683,1,100,0,90.8422,0,100,0.08593443,0,0,135,0.9475535,0.150252,0.2820763,-0.1827256,0.9788091,0.09243695,-0.26221,-0.1391315,0.9549288,397.6198,-35.09014,-98.41311,0.4418247,-0.004745832,0.8181708,0.9298576,0.06128353,5.871956,0.7165722,-0.01120653,0.2778114,0.05994883
1343,0.01668,1,100,0,99.18221,0,100,0.6661044,0,0,134.9816,0.9463432,0.1485541,0.2869951,-0.1818373,0.9789324,0.09288001,-0.2671511,-0.1400828,0.9534187,397.6299,-35.08938,-98.40269,0.8051452,0.09518228,0.5038069,1.356048,0.0741785,8.270841,0.5340946,-0.01649326,0.3901615,0.05427332
1344,0.016907,1,100,0,107.6357,0,100,0.2519102,0,0,135,0.9445491,0.1466505,0.2938037,-0.1810528,0.9790292,0.0933895,-0.2739468,-0.1414049,0.9512927,397.6419,-35.08832,-98.39124,0.5080627,-0.003355104,1.02329,1.14248,0.2259417,10.70537,0.3974026,-0.01282492,0.5039324,0.05180593
1345,0.016459,1,100,0,92.41113,0,100,0.8347406,0,0,134.9819,0.9422681,0.1445935,0.3020324,-0.1803207,0.9791237,0.09381621,-0.2821619,-0.1428627,0.9486702,397.6528,-35.08759,-98.37752,0.8678404,0.09411114,0.7300949,1.554128,0.230882,12.47959,0.2130716,-0.01666741,0.5868888,0.04474904
1346,0.016633,1,100,0,100.7276,0,100,0.4343028,0,0,135,0.93946,0.1424119,0.3116632,-0.1797113,0.9791914,0.0942784,-0.2917516,-0.1445802,0.9455042,397.6655,-35.08658,-98.36259,0.5540756,-0.005918828,1.231646,1.350551,0.3679374,14.33179,0.07683632,-0.01210539,0.6732992,0.04115972
1347,0.017475,1,100,0,84.56326,0,100,1.00373,0,0,134.9816,0.9359779,0.139973,0.3230371,-0.1791193,0.9792621,0.09466846,-0.303087,-0.1464698,0.9416396,397.6776,-35.08591,-98.3442,0.8998474,0.08718207,0.9599701,1.784703,0.3634435,15.66907,-0.1170577,-0.01511532,0.7356862,0.03269171
1348,0.016001,1,100,0,92.56375,0,100,0.6184442,0,0,135,0.9323331,0.1376999,0.3343559,-0.178719,0.9792996,0.09503698,-0.314348,-0.1483619,0.937643,397.6903,-35.08504,-98.32632,0.5766078,-0.01217676,1.432289,1.544046,0.4790074,16.97634,-0.2475207,-0.01030881,0.7965366,0.02832316
1349,0.016684,1,100,0,100.9058,0,100,1.163527,0,0,134.9833,0.9280272,0.135216,0.3471055,-0.178349,0.9793382,0.09533294,-0.3270431,-0.1503775,0.932968,397.7017,-35.08466,-98.30489,0.8709223,0.06536852,1.222593,1.952025,0.4639308,18.48704,-0.4287145,-0.01415817,0.867126,0.02133729
1350,0.016707,1,100,0,85.45178,0,100,0.8459809,0,0,135,0.923169,0.1326642,0.3607761,-0.1781151,0.9793507,0.09564278,-0.340638,-0.1525542,0.9277357,397.7142,-35.08416,-98.28177,0.5138123,-0.04124188,1.704971,1.781187,0.5667838,19.41781,-0.5619805,-0.008969842,0.9102984,0.01606962
1351,0.01661,1,100,0,93.75678,0,100,1.41303,0,0,134.9827,0.917857,0.1300615,0.3749968,-0.1779375,0.9793625,0.09585118,-0.3547913,-0.1547037,0.9220575,397.725,-35.08409,-98.25682,0.8169595,0.04061255,1.465502,2.204987,0.5275112,20.53214,-0.73739,-0.01317705,0.9623105,0.008626133
1352,0.016723,1,100,0,102.1183,0,100,1.055144,0,0,135,0.9119331,0.127383,0.3900664,-0.1778976,0.9793472,0.09608246,-0.3697712,-0.1570127,0.9157603,397.7365,-35.08402,-98.22968,0.4393299,-0.06915437,1.93616,1.986583,0.612533,21.76145,-0.8653697,-0.009559707,1.019585,0.004708868
1353,0.016681,1,100,0,86.68836,0,100,1.621465,0,0,134.9837,0.9054524,0.1246147,0.4057427,-0.1779036,0.9793316,0.09622875,-0.3853651,-0.1593136,0.9089076,397.7455,-35.08457,-98.20021,0.6997177,0.0007768422,1.73926,2.422638,0.5638084,22.49178,-1.030978,-0.0132542,1.053581,-0.00293871
1354,0.016677,1,100,0,95.02686,0,100,1.311056,0,0,135,0.8984399,0.1218289,0.4218574,-0.1780473,0.9792907,0.09638068,-0.4013791,-0.1617028,0.9015251,397.755,-35.08518,-98.16866,0.3051417,-0.1115857,2.19648,2.22038,0.6323896,23.35681,-1.151078,-0.009651203,1.093792,-0.007171392
1355,0.016683,1,100,0,103.3684,0,100,1.875748,0,0,134.9844,0.89083,0.1189481,0.4384899,-0.1782313,0.97925,0.09645355,-0.4179182,-0.1640763,0.8935456,397.7618,-35.08641,-98.13512,0.5318768,-0.05093865,2.031381,2.673957,0.5732274,24.42788,-1.304704,-0.01451693,1.143863,-0.01292431
1356,0.016676,1,100,0,87.94306,0,100,1.601208,0,0,135,0.8825977,0.1160077,0.4555914,-0.1785377,0.9791853,0.09654243,-0.4349088,-0.1665484,0.8849385,397.7684,-35.0879,-98.09875,0.1197271,-0.1662684,2.476112,2.484574,0.6283572,24.93465,-1.415344,-0.01079162,1.167292,-0.01740614
1357,0.016673,1,100,0,96.27956,0,100,2.166828,0,0,134.9842,0.8738294,0.1130151,0.4729163,-0.1788826,0.9791222,0.09654412,-0.4521319,-0.1689596,0.8758022,397.7724,-35.08994,-98.06117,0.3374314,-0.1060346,2.295963,2.957446,0.5547405,25.69201,-1.555441,-0.01571651,1.202673,-0.02304831
1358,0.016721,1,100,0,104.6401,0,100,1.876162,0,0,135,0.8643836,0.109944,0.4906664,-0.1793432,0.9790358,0.09656721,-0.469763,-0.1714688,0.8659802,397.7756,-35.09238,-98.02036,-0.09387287,-0.2248477,2.728089,2.738948,0.5995509,26.56484,-1.655343,-0.01316621,1.243381,-0.02563743
1359,0.016584,1,100,0,89.29986,0,100,2.445123,0,0,134.985,0.8543881,0.1068017,0.5085418,-0.1798216,0.9789529,0.09651821,-0.4875301,-0.1739108,0.8556109,397.7756,-35.0955,-97.97848,0.08559191,-0.1747842,2.577755,3.225836,0.5233449,26.99625,-1.779228,-0.01740535,1.26348,-0.03108363
1360,0.016679,1,100,0,97.63936,0,100,2.194224,0,0,134.993,0.8437557,0.1036053,0.5266331,-0.1804084,0.9788492,0.09647447,-0.5054991,-0.1764099,0.8446009,397.7748,-35.09903,-97.93346,-0.02132499,-0.2124179,2.797545,3.031365,0.5150732,27.5432,-1.891618,-0.01743297,1.288929,-0.03535463
1361,0.016792,1,100,0,106.0354,0,100,2.411062,0,0,134.9923,0.8324056,0.100313,0.5450124,-0.1810549,0.9787388,0.09638478,-0.5237561,-0.1789084,0.8328698,397.7726,-35.10306,-97.88526,-0.1237319,-0.2457285,2.976558,3.260803,0.4970804,28.29761,-1.997306,-0.01833249,1.324177,-0.03850636
1362,0.017023,1,100,0,90.28908,0,100,2.587853,0,0,134.9916,0.8202314,0.09689197,0.5637663,-0.1817601,0.9786206,0.09625421,-0.5423871,-0.181421,0.8203064,397.7686,-35.1077,-97.83362,-0.2275226,-0.2764902,3.112066,3.45332,0.4748568,28.5632,-2.088842,-0.01851847,1.33648,-0.04223045
1363,0.01635,1,100,0,98.46408,0,100,2.726414,0,0,134.775,0.8079941,0.09356065,0.5817147,-0.1824823,0.9785028,0.09608702,-0.5602195,-0.1837904,0.8076977,397.7856,-35.10534,-97.81476,-0.2723799,-0.3202974,3.586406,3.57974,0.4897879,26.15878,-2.19181,-0.01199223,1.223049,-0.05526739
1364,0.016667,1,100,0,106.7976,0,100,3.108192,0,0,134.7237,0.7961046,0.09064679,0.5983316,-0.1833251,0.9783834,0.09569721,-0.5767231,-0.1858742,0.7955134,397.8309,-35.09433,-97.82986,3.074783,0.7695881,-1.433941,4.046338,-0.3840842,25.67198,-2.237594,-0.06577853,1.201428,-0.05904511
1365,0.016731,1,100,0,91.3214,0,100,3.057064,0,0,134.7906,0.7840946,0.08781929,0.6143969,-0.1847089,0.9781013,0.09592021,-0.5925187,-0.1886951,0.783145,397.8792,-35.08228,-97.85159,2.5072,0.6219017,-1.031678,2.781577,-0.2256758,26.1806,-2.283617,-0.05515108,1.225099,-0.05896618
1366,0.016684,1,100,0,99.66341,0,100,2.410866,0,0,134.8573,0.7715335,0.08485427,0.6305045,-0.1859841,0.9778534,0.09598339,-0.6083963,-0.1913182,0.7702281,397.918,-35.0727,-97.86657,1.967082,0.4781474,-0.6312881,2.12051,-0.07686493,26.86736,-2.321865,-0.04528327,1.257194,-0.05784658
1367,0.016726,1,100,0,108.0264,0,100,1.77448,0,0,134.9037,0.7582551,0.0816939,0.6468194,-0.1871466,0.9776385,0.09591198,-0.6245201,-0.1937758,0.7565881,397.9485,-35.06534,-97.87553,2.243638,0.565505,-1.063181,1.503178,-0.09517291,27.43767,-2.363275,-0.04577508,1.284032,-0.05738551
1368,0.016642,1,100,0,92.63255,0,100,2.315168,0,0,134.9703,0.7444988,0.07843333,0.6630006,-0.1883003,0.9774263,0.09581667,-0.6405191,-0.1961786,0.7424617,397.9829,-35.05672,-97.89097,1.721153,0.4229542,-0.6578881,1.890523,0.05346885,27.81726,-2.387214,-0.03520399,1.301723,-0.05639946
1369,0.016839,1,100,0,101.0521,0,91.5805,1.673863,0,0,134.9809,0.7300059,0.07499599,0.6793138,-0.18934,0.9772487,0.09558116,-0.6566902,-0.1983961,0.727597,398.0139,-35.0488,-97.90694,1.969279,0.4946563,-1.005339,1.265934,0.04021491,28.13757,-2.418565,-0.03478619,1.316802,-0.0561923
1370,0.016504,1,100,0,85.78586,0,83.3285,2.122825,0,0,135,0.7153693,0.07155731,0.6950729,-0.1903485,0.9770784,0.09531711,-0.6723201,-0.200493,0.7125927,398.0437,-35.04141,-97.92133,1.459308,0.3540956,-0.6074287,1.619856,0.1768944,28.25446,-2.436068,-0.02447371,1.322159,-0.05581374
1371,0.016726,1,100,0,94.14886,0,74.9655,1.484965,0,0,134.9822,0.7000929,0.06798755,0.7108077,-0.1912438,0.9769423,0.09491806,-0.6879649,-0.202389,0.6969526,398.0694,-35.03493,-97.93524,1.681524,0.4142975,-0.894954,1.000439,0.1600571,28.35669,-2.451136,-0.02389024,1.327008,-0.05546354
1372,0.016842,1,100,0,102.5699,0,66.5445,1.86442,0,0,135,0.6842643,0.06430998,0.7263929,-0.1921207,0.9768111,0.09449796,-0.7034715,-0.2042167,0.6807522,398.0948,-35.02875,-97.94807,1.165797,0.2726192,-0.4966722,1.296181,0.2846579,28.92029,-2.456876,-0.01469633,1.353464,-0.05287755
1373,0.016544,1,100,0,87.26665,0,58.2725,1.213889,0,0,134.9824,0.6681628,0.06056291,0.7415462,-0.1928446,0.9767172,0.09399109,-0.7185885,-0.2058045,0.6642853,398.1154,-35.02368,-97.96006,1.398798,0.3346763,-0.7799548,0.6915054,0.2515281,28.77941,-2.456073,-0.01475048,1.346909,-0.05252442
1374,0.016687,1,100,0,95.61015,0,49.929,1.59215,0,0,135,0.6516176,0.05674548,0.7564221,-0.193556,0.9766262,0.09347346,-0.7334374,-0.207319,0.6473702,398.1359,-35.01886,-97.97092,0.8909951,0.1966151,-0.3935427,0.9936829,0.3582453,29.09659,-2.451058,-0.006281287,1.361811,-0.05026843
1375,0.016909,1,100,0,104.0647,0,41.4745,0.949019,0,0,134.9828,0.6342924,0.05273852,0.7712923,-0.1941365,0.9765678,0.09287859,-0.7483209,-0.2086481,0.6296681,398.1517,-35.01517,-97.98056,1.107558,0.2538873,-0.6458125,0.3872279,0.3133493,29.42808,-2.436918,-0.00739369,1.377552,-0.04749375
1376,0.01655,1,100,0,88.7559,0,33.1995,1.28843,0,0,135,0.6169062,0.04872135,0.7855272,-0.1946796,0.9765123,0.09232278,-0.762579,-0.2098806,0.6119015,398.1672,-35.0117,-97.98917,0.6050779,0.1195887,-0.272733,0.6743916,0.4016012,29.48865,-2.422697,0.0003045893,1.380411,-0.04571366
1377,0.016693,1,100,0,73.31487,0,24.853,0.6534048,0,0,134.9844,0.5991015,0.04463732,0.7994278,-0.1951064,0.9764866,0.0916916,-0.7765377,-0.2109061,0.5937237,398.1774,-35.00953,-97.99583,0.7788149,0.1650418,-0.4664335,0.1347015,0.34971,28.93561,-2.398422,-0.0004547607,1.35449,-0.0456778
1378,0.016663,1,100,0,57.9016,0,16.5215,0.91652,0,0,135,0.5814337,0.04065724,0.8125772,-0.1955312,0.9764613,0.09105378,-0.7897483,-0.211826,0.5756973,398.1875,-35.00751,-98.00159,0.2724741,0.03296835,-0.1048505,0.2938072,0.4195738,28.16562,-2.376324,0.006609032,1.318248,-0.04663222
1379,0.016645,1,100,0,42.50497,0,8.199,0.2825316,0,0,134.9845,0.5640509,0.03683467,0.8249182,-0.1958665,0.9764619,0.0903253,-0.8021741,-0.2125219,0.5579889,398.1921,-35.00674,-98.00558,0.4338371,0.08084352,-0.3205448,0.3456197,0.350117,26.88161,-2.338074,0.004892876,1.257923,-0.04861767
1380,0.016801,1,100,0,34.10447,0,0,0.5440543,0,0,135,0.5470846,0.03322006,0.8364179,-0.1962323,0.976458,0.08956969,-0.8137514,-0.2131344,0.5407239,398.1966,-35.00611,-98.00896,-0.07456639,-0.04884695,0.03622982,0.09622251,0.4037193,25.60023,-2.308326,0.01079427,1.197618,-0.05118412
1381,0.016716,1,100,0,25.74647,0,0,0.0906798,0,0,134.9846,0.5308173,0.029879,0.8469594,-0.1965306,0.9764751,0.08872418,-0.8243838,-0.2135498,0.524202,398.196,-35.00651,-98.01115,0.1218165,0.01743989,-0.2220901,0.6493101,0.3213657,24.0794,-2.255454,0.007829351,1.126181,-0.05330496
1382,0.016661,1,100,0,17.41597,0,0,0.2205679,0,0,135,0.515407,0.02683688,0.8565252,-0.196872,0.9764835,0.08787069,-0.8340245,-0.213915,0.5085698,398.1952,-35.00691,-98.01287,-0.3712177,-0.1069678,0.1325903,0.408442,0.3621401,22.57221,-2.218088,0.01245018,1.055273,-0.05638543
1383,0.017042,1,100,0,8.89497,0,0,0.399918,0,0,134.983,0.5005057,0.02404016,0.8653994,-0.1971721,0.9765092,0.08690823,-0.8429812,-0.2141307,0.4934885,398.1901,-35.00816,-98.01438,-0.1516173,-0.03689194,-0.2191995,0.9746703,0.2607395,20.82632,-2.144057,0.00780919,0.9733075,-0.0581231
1384,0.01636,1,100,0,0.7149696,0,0,0.02753779,0,0,135,0.4871938,0.02166729,0.8730251,-0.1975227,0.9765195,0.08599219,-0.8506627,-0.2143372,0.4800341,398.1852,-35.00938,-98.01608,-0.5986171,-0.1507838,0.127526,0.6303499,0.2954602,19.15136,-2.09923,0.01154847,0.894529,-0.0614491
1385,0.016695,1,100,0,-7.63253,0,0,0.6027566,0,0,134.9826,0.4746343,0.01958802,0.8799652,-0.1978446,0.9765433,0.08497527,-0.8576596,-0.2144285,0.4673764,398.1763,-35.01136,-98.01758,-0.3764192,-0.07635255,-0.2660617,1.17655,0.1900502,17.28871,-2.009339,0.006142372,0.8071193,-0.06268191
1386,0.016914,1,100,0,-16.08953,0,0,0.2148607,0,0,135,0.4631057,0.01782386,0.8861238,-0.1982427,0.97655,0.08396281,-0.8638476,-0.2145512,0.4557793,398.1674,-35.01331,-98.02006,-0.8314406,-0.1931249,0.09125615,0.8584396,0.2257653,15.37731,-1.95436,0.009571892,0.7172422,-0.06629311
1387,0.016455,1,100,0,-24.31703,0,0,0.8012658,0,0,134.9808,0.4530907,0.01648248,0.8913121,-0.1986005,0.9765684,0.08289777,-0.8690608,-0.2145752,0.4457475,398.1556,-35.01569,-98.02323,-0.5673574,-0.1013627,-0.3998117,1.38403,0.1122003,13.42063,-1.843926,0.003229041,0.6254811,-0.06660581
1388,0.01669,1,100,0,-32.66203,0,0,0.336603,0,0,135,0.4442324,0.01546082,0.8957782,-0.1990431,0.9765664,0.08185383,-0.8735214,-0.2146606,0.4368998,398.1437,-35.01802,-98.02784,-1.011372,-0.2168513,-0.02980308,1.034788,0.1517887,11.39209,-1.780875,0.00656144,0.5301192,-0.07016492
1389,0.016708,1,100,0,-41.01603,0,0,0.9169838,0,0,134.9794,0.436722,0.01484118,0.8994741,-0.1994573,0.9765755,0.08072925,-0.8772063,-0.214663,0.4294522,398.129,-35.02074,-98.03349,-0.7245048,-0.1141802,-0.5857725,1.53905,0.03731754,9.300385,-1.649535,-0.000101825,0.4320741,-0.06966728
1390,0.016628,1,100,0,-49.33003,14.9652,0,0.4084892,0,0,135,0.4306651,0.01456858,0.9023943,-0.1999508,0.9765625,0.07965999,-0.8800839,-0.2147413,0.4234844,398.1145,-35.02328,-98.04107,-1.161422,-0.2296301,-0.1946312,1.199797,0.08360651,7.15556,-1.577917,0.003458459,0.3312653,-0.07312853
1391,0.016679,1,100,0,-57.66953,29.9763,0,0.9890363,0,0,134.9789,0.4260576,0.0147155,0.9045764,-0.2004147,0.9765606,0.07850929,-0.8822184,-0.2147399,0.4190202,398.0971,-35.02629,-98.04909,-0.8898559,-0.1266369,-0.7842357,1.661844,-0.02311422,4.98333,-1.429151,-0.002837191,0.2294902,-0.07183191
1392,0.016703,1,100,0,-66.02103,45.009,0,0.4836305,0,0,135,0.4229517,0.01520925,0.9060245,-0.2009537,0.9765368,0.07741657,-0.8835888,-0.2148124,0.4160843,398.0798,-35.02905,-98.05988,-1.323902,-0.2429754,-0.3709688,1.396199,0.02971521,2.719466,-1.348519,0.001107044,0.123102,-0.07517589
1393,0.016721,1,100,0,-74.38153,60.0579,0,1.067625,0,0,134.9766,0.4214126,0.01614249,0.9067254,-0.2014585,0.9765252,0.07624535,-0.8842094,-0.2147982,0.4147721,398.0609,-35.03189,-98.07259,-1.003185,-0.1213204,-1.063742,1.813519,-0.08305194,0.4675617,-1.178197,-0.005527443,0.01765545,-0.07281635
1394,0.016638,1,100,0,-82.70053,75.0321,0,0.4718749,0,0,135,0.4214455,0.01741087,0.9066867,-0.2020359,0.9764901,0.0751589,-0.884062,-0.2148586,0.415055,398.0419,-35.03455,-98.08785,-1.427134,-0.2373596,-0.6256479,1.576225,-0.02462826,-1.878349,-1.089626,-0.001082542,-0.09257805,-0.07597111
1395,0.016744,1,100,0,-91.07253,90.1017,0,1.052995,0,0,134.9762,0.4231127,0.01913822,0.905875,-0.2025772,0.9764673,0.0739894,-0.8831413,-0.2148155,0.4170326,398.0211,-35.03735,-98.10447,-1.113609,-0.1165576,-1.327023,1.919351,-0.1327347,-4.203658,-0.9065565,-0.007175332,-0.2014372,-0.0730783
1396,0.01667,1,100,0,-99.40753,100,0,0.4551005,0,0,135,0.426384,0.02120136,0.9042938,-0.2031838,0.9764222,0.07291083,-0.8814268,-0.2148258,0.4206386,398.0002,-35.03994,-98.12402,-1.528114,-0.232488,-0.8637673,1.770671,-0.07200635,-6.631542,-0.8099503,-0.002236404,-0.3155173,-0.07602927
1397,0.016827,1,100,0,-107.821,100,0,1.033531,0,0,134.9758,0.4313716,0.02374727,0.9018618,-0.2037519,0.9763902,0.07174736,-0.8788652,-0.2147059,0.4260256,397.9777,-35.04267,-98.14457,-1.219444,-0.1128044,-1.568533,2.038658,-0.1804734,-9.027838,-0.6151134,-0.0078956,-0.4276783,-0.07264113
1398,0.016549,1,100,0,-92.51321,100,0,0.4277115,0,0,135,0.4377469,0.02654266,0.8987063,-0.2043669,0.9763371,0.07070877,-0.8755636,-0.2146184,0.432813,397.9554,-35.04516,-98.1678,-1.612135,-0.2265443,-1.074017,1.950337,-0.1229269,-10.84332,-0.5119293,-0.002926757,-0.5128887,-0.07286605
1399,0.01663,1,100,0,-100.8282,100,0,0.9952987,0,0,134.9772,0.4453847,0.02966354,0.8948479,-0.2049258,0.9762976,0.06963237,-0.8715723,-0.2143906,0.4409069,397.9312,-35.04794,-98.19052,-1.342373,-0.1211962,-1.702479,2.139928,-0.2264897,-12.663,-0.3160632,-0.008020899,-0.5978739,-0.06722204
1400,0.016804,1,100,0,-85.28451,100,0,0.445324,0,0,135,0.4541915,0.03298262,0.8902932,-0.205524,0.9762388,0.06868336,-0.8668735,-0.214172,0.4501781,397.9066,-35.05062,-98.21618,-1.722884,-0.2349596,-1.174066,2.098086,-0.1745839,-13.99341,-0.2049096,-0.003190679,-0.6602063,-0.06508648
1401,0.016614,1,100,0,-93.59151,100,0,1.015305,0,0,134.9777,0.4637752,0.03645558,0.8852026,-0.2060436,0.976195,0.06774739,-0.8616606,-0.2138099,0.4602465,397.8805,-35.0536,-98.24013,-1.468857,-0.1361962,-1.761497,2.251014,-0.2815632,-15.35038,-0.00701645,-0.008316137,-0.7233717,-0.05753232
1402,0.016672,1,100,0,-101.9275,100,0,0.4840532,0,0,135,0.4742841,0.04004686,0.8794605,-0.2065873,0.9761341,0.06696146,-0.8557898,-0.2134441,0.4712381,397.8541,-35.05648,-98.26647,-1.828494,-0.2471569,-1.217195,2.210439,-0.2381146,-16.90902,0.1077121,-0.003470831,-0.7964598,-0.05594945
1403,0.016693,1,100,0,-86.48648,100,0,1.043972,0,0,134.9785,0.485653,0.04382777,0.8730524,-0.2070593,0.9760876,0.06618074,-0.849275,-0.2129145,0.4831149,397.826,-35.05977,-98.29071,-1.597212,-0.1570322,-1.756139,2.343069,-0.3498988,-17.83565,0.3049369,-0.008780819,-0.8393363,-0.04675756
1404,0.016665,1,100,0,-94.81898,100,0,0.5414898,0,0,135,0.4975779,0.04760875,0.8661118,-0.2075386,0.9760262,0.06557956,-0.8422257,-0.2123826,0.4955297,397.7975,-35.063,-98.31688,-1.938786,-0.2658815,-1.19679,2.293881,-0.3162727,-18.98431,0.4217651,-0.004477509,-0.8930986,-0.0434308
1405,0.016669,1,100,0,-103.1535,100,0,1.096319,0,0,134.9801,0.5101945,0.05152767,0.8585143,-0.2079425,0.9759794,0.06499739,-0.8345431,-0.2116829,0.5086541,397.7671,-35.06675,-98.33971,-1.743637,-0.1908636,-1.645273,2.422248,-0.4278002,-20.21842,0.6106811,-0.009179572,-0.9504963,-0.0358009
1406,0.016628,1,100,0,-87.77259,100,0,0.6586681,0,0,135,0.5233611,0.05546363,0.8503041,-0.2083479,0.9759204,0.06458055,-0.8262473,-0.210958,0.5223145,397.7363,-35.07051,-98.36394,-2.069154,-0.2976624,-1.079625,2.352783,-0.4055898,-20.96734,0.7268739,-0.005617232,-0.9854189,-0.03092923
1407,0.016698,1,100,0,-96.12159,100,0,1.208523,0,0,134.9803,0.53698,0.05945958,0.8414971,-0.2086738,0.9758756,0.06420522,-0.8173788,-0.2100753,0.5364333,397.7038,-35.07481,-98.38475,-1.875775,-0.2239564,-1.51556,2.505953,-0.5265271,-21.85134,0.9106944,-0.01093958,-1.026314,-0.02221955
1408,0.016943,1,100,0,-104.5931,100,0,0.7672695,0,0,135,0.5512714,0.06351343,0.8319051,-0.2090022,0.975819,0.06399685,-0.8077241,-0.2091496,0.5512156,397.6703,-35.07922,-98.40714,-2.190362,-0.3307769,-0.9319568,2.403257,-0.512205,-22.9524,1.026051,-0.007224546,-1.077844,-0.0185578
1409,0.016454,1,100,0,-89.37315,100,0,1.324681,0,0,134.9813,0.5655658,0.06751293,0.8219352,-0.2092424,0.9757785,0.06382823,-0.7977175,-0.2080828,0.5659935,397.636,-35.08408,-98.42478,-2.01892,-0.2648211,-1.327887,2.580383,-0.6361295,-23.4831,1.19797,-0.01288048,-1.102114,-0.009189427
1410,0.016634,1,100,0,-97.69015,100,0,0.9140568,0,0,135,0.5802196,0.07148308,0.8113172,-0.2094725,0.9757287,0.06383687,-0.7870622,-0.206988,0.5811107,397.6008,-35.08906,-98.44368,-2.311682,-0.3678728,-0.7504284,2.458118,-0.629411,-24.23374,1.305694,-0.009848985,-1.137148,-0.004611753
1411,0.016976,1,100,0,-106.1781,100,0,1.4595,0,0,134.982,0.5954871,0.0755738,0.7998023,-0.2096247,0.9756929,0.06388079,-0.7755337,-0.2056985,0.5968547,397.5633,-35.09477,-98.45838,-2.16941,-0.3121127,-1.093632,2.675993,-0.7541371,-25.16289,1.469146,-0.01482145,-1.180226,0.002938166
1412,0.016378,1,100,0,-91.0285,100,0,1.093913,0,0,135,0.610462,0.07948487,0.7880474,-0.2097552,0.975652,0.06407991,-0.7637666,-0.2044154,0.6122708,397.5263,-35.10043,-98.47318,-2.441775,-0.4118135,-0.5216541,2.530608,-0.7534957,-25.57996,1.567233,-0.012441,-1.199561,0.008240648
1413,0.016694,1,100,0,-99.3755,100,0,1.629733,0,0,134.983,0.6257898,0.08343935,0.7755161,-0.2098028,0.9756254,0.06432734,-0.7512457,-0.2029608,0.6280422,397.4872,-35.10682,-98.4836,-2.315913,-0.3622126,-0.8269704,2.783351,-0.8759493,-26.20201,1.71383,-0.01754584,-1.228211,0.01595654
1414,0.016649,1,100,0,-107.7,91.6755,0,1.293962,0,0,135,0.6412322,0.08733907,0.7623603,-0.209827,0.9755943,0.0647205,-0.7381018,-0.2014647,0.6439086,397.4472,-35.1134,-98.49411,-2.57244,-0.4612195,-0.2379958,2.624274,-0.8768432,-27.0033,1.803426,-0.01455453,-1.265695,0.01952258
1415,0.016633,1,100,0,-92.31447,83.359,0,1.838395,0,0,134.9835,0.6567578,0.09123544,0.7485621,-0.2097677,0.9755791,0.06513709,-0.7243388,-0.1998034,0.6598575,397.4062,-35.12058,-98.49963,-2.448527,-0.4142216,-0.5120116,2.915085,-0.9986321,-27.31503,1.933638,-0.01994932,-1.279756,0.02744775
1416,0.016755,1,100,0,-100.692,74.9815,0,1.518471,0,0,135,0.6723316,0.0950588,0.7341213,-0.2096756,0.9755609,0.06570563,-0.7099342,-0.1981033,0.6758319,397.3638,-35.12806,-98.50485,-2.683027,-0.5110201,0.08988905,2.732738,-0.9994313,-27.8262,2.01166,-0.0172832,-1.303599,0.03145617
1417,0.016641,1,100,0,-85.29904,66.661,0,2.066757,0,0,134.9836,0.6876934,0.09879982,0.7192471,-0.2094953,0.9755596,0.0662963,-0.6951183,-0.1962704,0.691584,397.3213,-35.13599,-98.50521,-2.544888,-0.4614917,-0.1732984,3.06615,-1.119352,-27.8849,2.124439,-0.02296916,-1.305777,0.03926875
1418,0.016635,1,100,0,-93.61654,58.34349,0,1.739725,0,0,135,0.7028142,0.1023982,0.7039652,-0.2092775,0.9755561,0.06703168,-0.6798936,-0.1944349,0.7070643,397.2778,-35.14418,-98.50475,-2.755474,-0.5549721,0.4304823,2.84358,-1.114888,-28.14156,2.188173,-0.0204275,-1.317675,0.04335207
1419,0.016642,1,100,0,-101.9375,50.0225,0,2.285714,0,0,134.9844,0.7177871,0.1059449,0.6881552,-0.2089708,0.9755706,0.06777517,-0.6641635,-0.1924525,0.7223913,397.2342,-35.15281,-98.4995,-2.631058,-0.5117431,0.2112192,3.215871,-1.221993,-28.64209,2.281462,-0.02454931,-1.34076,0.04854653
1420,0.016661,1,100,0,-86.52612,41.69199,0,1.998521,0,0,135,0.7326129,0.1094107,0.6717944,-0.2086259,0.9755849,0.06862604,-0.6478841,-0.19043,0.737552,397.1893,-35.16185,-98.4926,-2.821821,-0.6029919,0.8197976,2.999724,-1.211686,-28.63113,2.330065,-0.02213374,-1.340095,0.05269724
1421,0.016666,1,100,0,-94.85912,33.35899,0,2.547684,0,0,134.9841,0.7471201,0.1127792,0.6550515,-0.2081892,0.9756176,0.06947999,-0.6312438,-0.1882845,0.752383,397.1451,-35.1711,-98.48154,-2.67338,-0.553963,0.5925263,3.412818,-1.31428,-28.90602,2.403423,-0.0264112,-1.352599,0.05750453
1422,0.016854,1,100,0,-103.2861,24.93199,0,2.237664,0,0,135,0.7615872,0.1161139,0.6375755,-0.2077127,0.975651,0.07043044,-0.6138732,-0.1860715,0.7671617,397.0991,-35.18095,-98.46808,-2.846344,-0.643848,1.210894,3.159506,-1.293758,-29.33927,2.436306,-0.02250348,-1.372945,0.05933432
1423,0.016423,1,100,0,-88.09484,16.72049,0,2.796048,0,0,134.985,0.7754321,0.1193193,0.620055,-0.2071666,0.9757025,0.07132186,-0.5964792,-0.18376,0.78131,397.0551,-35.19078,-98.4505,-2.707853,-0.6004436,1.016429,3.59919,-1.379539,-29.3656,2.481525,-0.02624039,-1.373838,0.06329112
1424,0.016683,1,100,0,-72.66307,8.378994,0,2.519661,0,0,134.9919,0.7890467,0.1224346,0.6020092,-0.206573,0.9757558,0.072307,-0.5785611,-0.1814125,0.7952086,397.0095,-35.20118,-98.43065,-2.766193,-0.625866,1.178558,3.362748,-1.398272,-28.88361,2.514336,-0.02682448,-1.35094,0.06811026
1425,0.01691,1,100,0,-57.02132,0,0,2.651151,0,0,134.9901,0.8021646,0.1253644,0.5837942,-0.2058881,0.9758226,0.07335242,-0.5604838,-0.179037,0.8085814,396.963,-35.2119,-98.40872,-2.739377,-0.6281245,1.271081,3.492913,-1.423744,-28.01869,2.536395,-0.02882229,-1.310003,0.07341049
1426,0.016428,1,100,0,-41.82542,0,0,2.675607,0,0,134.8932,0.8141211,0.1279388,0.5664262,-0.2051481,0.9758967,0.07443231,-0.5432506,-0.1767982,0.8207445,396.9411,-35.21489,-98.42004,0.2091358,0.3438779,-3.26579,3.498098,-2.162227,-25.64037,2.565784,-0.07994103,-1.196108,0.08340235
1427,0.016733,1,100,0,-33.45892,0,0,2.854789,0,0,134.9601,0.8249414,0.1300289,0.5500586,-0.2046748,0.9758538,0.07627469,-0.5268589,-0.1755053,0.8316358,396.9438,-35.20965,-98.47083,0.08122191,0.2520923,-2.573825,2.587417,-1.975125,-24.36451,2.55002,-0.06993111,-1.136445,0.08695909
1428,0.016742,1,100,0,-25.08792,0,0,2.227521,0,0,135,0.8349266,0.1318558,0.5343332,-0.2040311,0.9758521,0.07800237,-0.5111451,-0.1741468,0.8416676,396.9443,-35.20596,-98.51025,-0.07145986,0.1569807,-1.914898,1.92265,-1.78544,-22.95902,2.525276,-0.06026417,-1.070692,0.0903087
1429,0.016681,1,100,0,-16.74742,0,0,1.602519,0,0,134.9849,0.844034,0.1334014,0.519433,-0.2032328,0.975889,0.079607,-0.4962892,-0.1727569,0.850795,396.9424,-35.20382,-98.53899,0.1144799,0.1982211,-2.061471,1.308447,-1.709266,-21.22248,2.503089,-0.05880461,-0.9890491,0.0947134
1430,0.016573,1,100,0,-8.460919,0,0,1.844948,0,0,134.9933,0.8521756,0.1346087,0.5056453,-0.2023399,0.9759431,0.08120078,-0.4825507,-0.1715096,0.8589116,396.9435,-35.201,-98.57003,0.03339221,0.1519217,-1.806474,1.441878,-1.553816,-19.50353,2.473582,-0.0524631,-0.9084424,0.09849869
1431,0.016688,1,100,0,-0.1169195,0,0,1.593771,0,0,134.992,0.8595183,0.1355102,0.4928137,-0.2013137,0.9760269,0.08273148,-0.4697885,-0.1703194,0.8661931,396.9438,-35.19875,-98.59788,0.004360408,0.1203563,-1.609112,1.19345,-1.40378,-17.67886,2.430929,-0.04689318,-0.8228767,0.1016658
1432,0.016668,1,100,0,8.21708,0,0,1.416349,0,0,134.9921,0.8660102,0.1360987,0.4811482,-0.200181,0.9761351,0.08419049,-0.4582074,-0.1692265,0.8725874,396.9436,-35.19706,-98.62231,-0.01744531,0.08994339,-1.409015,1.007991,-1.250512,-15.78436,2.376376,-0.04143529,-0.7340643,0.1041792
1433,0.01661,1,100,0,16.52208,0,0,1.236716,0,0,134.992,0.8716646,0.1363808,0.4707453,-0.1989593,0.9762647,0.08557083,-0.4479018,-0.1682482,0.8781096,396.9431,-35.19586,-98.64339,-0.02673772,0.06290803,-1.21589,0.8246452,-1.097598,-13.82965,2.310062,-0.03626453,-0.6424542,0.1060195
1434,0.016738,1,100,0,24.89108,0,0,1.066293,0,0,134.9919,0.8765619,0.136365,0.4615668,-0.1976501,0.9764146,0.08688629,-0.4388323,-0.16739,0.8828404,396.9423,-35.19511,-98.66145,-0.02451663,0.03892734,-1.025882,0.6458193,-0.9445686,-11.79674,2.231294,-0.03136111,-0.5472039,0.1072024
1435,0.016672,1,100,0,33.22708,0,15.0048,0.9014477,0,0,134.9918,0.8806581,0.1360562,0.453795,-0.1962837,0.9765793,0.08812164,-0.4311773,-0.1666776,0.8867381,396.9416,-35.19475,-98.67632,-0.01590072,0.01757668,-0.8412604,0.4840473,-0.7944748,-9.714041,2.141217,-0.02681891,-0.4496458,0.1077223
1436,0.016824,1,100,0,41.63908,0,30.1464,0.7420512,0,0,134.9917,0.8840184,0.1354558,0.4473962,-0.1948573,0.9767586,0.08929393,-0.4249026,-0.1661159,0.8898671,396.9409,-35.19473,-98.6883,0.0003101826,-0.0008986145,-0.6591206,0.3388804,-0.6466795,-7.557302,2.038844,-0.02262142,-0.3486435,0.1076
1437,0.016506,1,100,0,49.89208,0,45.0018,0.5865123,0,0,134.9918,0.8865682,0.1345903,0.4425861,-0.1934264,0.9769436,0.09037463,-0.4202181,-0.1657311,0.8921604,396.9405,-35.19502,-98.69708,0.01907583,-0.01688198,-0.4811076,0.2443692,-0.506021,-5.398573,1.927637,-0.01886878,-0.2475735,0.1068586
1438,0.016694,1,100,0,58.23908,0,60.0264,0.4344433,0,0,134.9916,0.8884061,0.1334444,0.4392348,-0.1919616,0.9771371,0.09140073,-0.4169957,-0.1655172,0.8937107,396.9403,-35.19557,-98.70307,0.04350284,-0.02965311,-0.3035848,0.2519027,-0.3696539,-3.170386,1.804671,-0.01550772,-0.1432735,0.105528
1439,0.016785,1,100,0,66.63158,0,75.1329,0.2845494,0,0,134.9916,0.8895031,0.1320231,0.4374408,-0.1904849,0.977335,0.09236951,-0.4153313,-0.1654888,0.8944908,396.9405,-35.19632,-98.70612,0.06787813,-0.03933952,-0.1235788,0.3545401,-0.2389429,-0.8907514,1.670979,-0.01254607,-0.036588,0.103641
1440,0.016622,1,100,0,74.94257,0,90.0927,0.1322217,0,0,134.9917,0.8898404,0.1303533,0.4372553,-0.1890317,0.9775313,0.09327183,-0.4152725,-0.1656522,0.8944877,396.9409,-35.1972,-98.70621,0.08323891,-0.04302388,0.05431816,0.488237,-0.1168029,1.398011,1.529091,-0.01003612,0.0705028,0.1012576
1441,0.016621,1,100,0,83.25307,0,100,0.02114709,0,0,134.9924,0.8894229,0.1284268,0.4386727,-0.1875995,0.9777257,0.09412274,-0.4168137,-0.1660097,0.8937045,396.9415,-35.19816,-98.70348,0.07111049,-0.04958287,0.2247179,0.6046866,0.002080284,3.711768,1.379009,-0.007642763,0.1787337,0.09844975
1442,0.016682,1,100,0,91.59408,0,100,0.1794228,0,0,134.9927,0.8882273,0.1262369,0.4417202,-0.1861914,0.9779171,0.09492668,-0.4199825,-0.166561,0.892117,396.9418,-35.19927,-98.69797,0.07014163,-0.06599142,0.4055538,0.7568613,0.113535,6.065794,1.220385,-0.005631062,0.2888315,0.09526218
1443,0.016701,1,100,0,99.94458,0,100,0.3433348,0,0,134.9928,0.8862224,0.1237863,0.4464156,-0.1848203,0.9781029,0.09568702,-0.4247957,-0.1673066,0.8896949,396.9421,-35.20067,-98.68945,0.07177116,-0.08498062,0.5992841,0.9324796,0.2146712,8.453005,1.05396,-0.004132788,0.4004708,0.0917462
1444,0.016673,1,100,0,108.2811,0,100,0.5169097,0,0,134.9929,0.8833771,0.1210793,0.4527526,-0.1834993,0.978281,0.09640924,-0.4312461,-0.1682455,0.8864091,396.9424,-35.20241,-98.6777,0.06968692,-0.106086,0.8076801,1.120885,0.3047711,10.86344,0.8809019,-0.003135907,0.5131873,0.08797233
1445,0.016682,1,100,0,92.85023,0,100,0.7037313,0,0,134.9922,0.8797156,0.1181464,0.4605888,-0.1822394,0.978449,0.09709029,-0.4391918,-0.1693493,0.8822879,396.9427,-35.20446,-98.66267,0.08517949,-0.1204572,0.9845442,1.326146,0.3763317,12.64531,0.7013631,-0.001748932,0.5963262,0.0820444
1446,0.01669,1,100,0,101.1952,0,100,0.8516406,0,0,134.9926,0.8753297,0.1150579,0.4696379,-0.1810633,0.9786046,0.09772189,-0.4483461,-0.1705731,0.8774344,396.943,-35.2068,-98.64458,0.08044034,-0.1396488,1.18272,1.495836,0.4373608,14.50672,0.5171819,-0.0009710507,0.6832031,0.07615496
1447,0.016867,1,100,0,85.59326,0,100,1.025515,0,0,134.9917,0.8701779,0.1118062,0.4798855,-0.1799702,0.9787475,0.09830682,-0.4586954,-0.1719095,0.8718063,396.9433,-35.20945,-98.62319,0.08775532,-0.1521569,1.344851,1.695588,0.4788665,15.79632,0.3271007,-7.762678e-05,0.7431866,0.06828481
1448,0.016495,1,100,0,93.84076,0,100,1.158353,0,0,134.9924,0.8645214,0.1085601,0.4907317,-0.1790141,0.978871,0.0988221,-0.4696349,-0.1732817,0.8656887,396.9436,-35.21228,-98.59949,0.07058406,-0.1699913,1.526466,1.838945,0.5094668,17.17299,0.1386629,0.0001030575,0.8072861,0.06085187
1449,0.016696,1,100,0,102.1888,0,100,1.317752,0,0,134.9925,0.858101,0.1051837,0.5025924,-0.1781591,0.9789789,0.09929699,-0.4815829,-0.1747483,0.8588022,396.9435,-35.21545,-98.57253,0.03480917,-0.191226,1.720556,2.023503,0.5289601,18.68304,-0.05349581,-0.0004701243,0.8776622,0.05368415
1450,0.016834,1,100,0,86.61731,0,100,1.49427,0,0,134.9917,0.8509235,0.1017035,0.5153501,-0.1774185,0.9790695,0.09972799,-0.4944209,-0.1762935,0.8511573,396.9427,-35.21898,-98.54231,0.008009434,-0.2060511,1.877049,2.221244,0.5298007,19.64796,-0.2477389,-0.001051627,0.922419,0.04481078
1451,0.016515,1,100,0,94.87481,0,100,1.630029,0,0,134.9924,0.8432773,0.09826908,0.5284191,-0.1768263,0.9791387,0.1000996,-0.5075589,-0.1778502,0.843062,396.9415,-35.22271,-98.51,-0.0442788,-0.2264811,2.052782,2.364938,0.5230501,20.73802,-0.4378673,-0.002227456,0.9730862,0.03664368
1452,0.017096,1,100,0,103.4228,0,100,1.793376,0,0,134.9925,0.8346455,0.09465843,0.5425928,-0.1763469,0.9791903,0.1004409,-0.521794,-0.1795171,0.8339694,396.9391,-35.22694,-98.47354,-0.1232856,-0.2521027,2.244767,2.560104,0.5075669,22.01802,-0.6326081,-0.004074923,1.032683,0.02887974
1453,0.016402,1,100,0,88.25095,0,100,1.981653,0,0,134.9921,0.8256697,0.09114843,0.5567421,-0.1760181,0.9792202,0.100726,-0.5359921,-0.1811631,0.8245562,396.9357,-35.23137,-98.43574,-0.1848453,-0.269985,2.39331,2.738645,0.47723,22.73135,-0.8175569,-0.005845468,1.065684,0.02001291
1454,0.016724,1,100,0,96.61295,0,100,2.121406,0,0,134.8159,0.8159121,0.08757237,0.5715056,-0.1758244,0.97923,0.100968,-0.5507935,-0.1828656,0.814363,396.9344,-35.23512,-98.39962,-0.2386744,-0.307255,2.868491,2.901013,0.4784169,21.27769,-1.020516,-0.002177855,0.9966689,0.003168888
1455,0.016744,1,100,0,104.985,0,100,2.52364,0,0,134.6968,0.8064272,0.08442678,0.5852754,-0.1758278,0.9792249,0.1010115,-0.5645882,-0.1843661,0.8045182,396.9736,-35.22609,-98.41604,-0.06387949,-0.2594441,2.877366,3.366141,0.3948754,20.18289,-1.21315,-0.004784524,0.9446892,-0.01204246
1456,0.016687,1,100,0,89.54948,0,100,2.398792,0,0,134.6695,0.7972512,0.08169714,0.5980938,-0.1760617,0.9791907,0.1009346,-0.5774018,-0.1857717,0.7950447,397.0098,-35.21811,-98.42422,2.525365,0.5999151,-1.041996,3.31419,-0.3132524,19.98439,-1.360658,-0.04887839,0.9358979,-0.02174039
1457,0.016686,1,100,0,97.89248,0,100,2.39803,0,0,134.7363,0.7878942,0.07910387,0.6107088,-0.1768237,0.979014,0.101316,-0.589878,-0.1878141,0.7853469,397.049,-35.20881,-98.43928,2.000055,0.4715691,-0.6242351,2.147619,-0.2031294,21.13618,-1.50874,-0.04254359,0.9894983,-0.02661935
1458,0.016703,1,100,0,106.244,0,100,1.758597,0,0,134.8031,0.7777564,0.07637542,0.6239086,-0.1775918,0.97885,0.1015582,-0.6029564,-0.1897886,0.7748705,397.0796,-35.20164,-98.4474,1.495062,0.3453693,-0.2107707,1.548843,-0.104091,22.41548,-1.649683,-0.03692635,1.04914,-0.03056931
1459,0.01675,1,100,0,90.75023,0,100,1.130324,0,0,134.8434,0.7668297,0.07351559,0.6376266,-0.1783649,0.978698,0.1016676,-0.6165697,-0.191692,0.7636073,397.1097,-35.19403,-98.45995,1.977361,0.5091659,-0.9457192,1.047467,-0.2207592,22.8096,-1.787242,-0.04380091,1.067432,-0.03725592
1460,0.016674,1,100,0,99.08723,0,100,2.038942,0,0,134.9101,0.7554682,0.07066648,0.6513631,-0.1792833,0.9785185,0.1017779,-0.6301785,-0.1936685,0.7519089,397.14,-35.18626,-98.47332,1.485714,0.3807672,-0.5174159,1.618657,-0.1145567,23.74878,-1.912776,-0.03704001,1.11114,-0.04122655
1461,0.016741,1,100,0,107.4577,0,91.6295,1.399058,0,0,134.9562,0.7433084,0.06768079,0.6655165,-0.180184,0.9783562,0.1017501,-0.6442257,-0.1955471,0.7394153,397.1675,-35.17884,-98.4875,1.803056,0.4818054,-0.9524891,1.038845,-0.181231,24.56787,-2.034848,-0.04104882,1.149416,-0.04540448
1462,0.016585,1,100,0,92.1166,0,83.33701,1.960076,0,0,135,0.730656,0.06466158,0.6796769,-0.181169,0.9781797,0.1016978,-0.6582702,-0.1974425,0.7264276,397.1948,-35.17157,-98.50094,1.31744,0.3522561,-0.530196,1.463161,-0.07751162,25.15248,-2.14343,-0.03377764,1.176515,-0.04943085
1463,0.016666,1,100,0,100.4496,0,75.00401,1.321931,0,0,134.9802,0.7173262,0.06155123,0.6940135,-0.1821228,0.9780229,0.1015008,-0.6725136,-0.1992049,0.7127714,397.2191,-35.16479,-98.51479,1.614763,0.4403296,-0.9112701,0.8740916,-0.1376811,25.66839,-2.238508,-0.03681908,1.200602,-0.0528964
1464,0.016757,1,100,0,84.94937,0,66.6255,1.823194,0,0,135,0.7034375,0.05839536,0.7083544,-0.183153,0.9778547,0.1012693,-0.686754,-0.2009739,0.698555,397.2435,-35.15815,-98.52771,1.124762,0.3072985,-0.4917698,1.265448,-0.03468241,25.95515,-2.324823,-0.02909681,1.213771,-0.05653758
1465,0.016602,1,100,0,93.25037,0,58.3245,1.177722,0,0,134.9814,0.6891964,0.05523358,0.7224663,-0.1841223,0.9777111,0.100896,-0.7007905,-0.2025593,0.6840047,397.2638,-35.15237,-98.53992,1.393597,0.3820939,-0.817912,0.6755788,-0.09203433,26.217,-2.399866,-0.03158227,1.225954,-0.05965137
1466,0.016625,1,100,0,101.5629,0,50.012,1.613472,0,0,135,0.6744601,0.05202623,0.7364759,-0.1851432,0.9775593,0.1004961,-0.7147205,-0.2041341,0.668957,397.2843,-35.14676,-98.55125,0.9079891,0.2493813,-0.4102166,1.02709,0.003495861,26.91013,-2.468771,-0.02461217,1.258329,-0.06080361
1467,0.016685,1,100,0,86.12925,0,41.66951,0.9742829,0,0,134.9818,0.6590808,0.04871836,0.7504928,-0.1860948,0.9774323,0.0999778,-0.728685,-0.2055562,0.653273,397.3009,-35.14198,-98.56197,1.167655,0.3188561,-0.7155346,0.4410656,-0.05752856,26.90503,-2.523793,-0.02694828,1.258003,-0.06363939
1468,0.016847,1,100,0,94.55275,0,33.24601,1.383835,0,0,135,0.6432056,0.04537533,0.7643479,-0.1870979,0.9772967,0.0994276,-0.7424831,-0.2069603,0.6370923,397.3178,-35.13736,-98.57175,0.6746954,0.1842231,-0.3121731,0.7659008,0.0318041,27.34208,-2.576839,-0.01998255,1.278388,-0.06473954
1469,0.016557,1,100,0,79.23753,0,24.96751,0.7379599,0,0,134.9827,0.6271531,0.04204267,0.7777607,-0.1880047,0.9771888,0.09877604,-0.7558663,-0.2081704,0.6207512,397.33,-35.13387,-98.58005,0.9105148,0.2451799,-0.5815125,0.2109161,-0.03020912,27.1226,-2.612103,-0.02218385,1.268019,-0.06718998
1470,0.016789,1,100,0,63.7077,0,16.57301,1.100241,0,0,135,0.6107995,0.0387431,0.7908369,-0.188964,0.9770738,0.0980787,-0.7689062,-0.2093461,0.6041173,397.3425,-35.1305,-98.58762,0.4178199,0.1116929,-0.191462,0.4729761,0.05075639,26.66213,-2.648479,-0.01510138,1.246197,-0.07059237
1471,0.016663,1,100,0,48.29443,0,8.241506,0.4603122,0,0,134.9836,0.5946509,0.03560481,0.8031954,-0.1898515,0.9769847,0.0972491,-0.7812471,-0.2103171,0.5877244,397.3499,-35.12834,-98.59337,0.612361,0.1619257,-0.434265,0.1915169,-0.0110461,25.65382,-2.663472,-0.01695282,1.198724,-0.07477873
1472,0.016875,1,100,0,39.85693,0,0,0.7676891,0,0,135,0.5786974,0.03265487,0.8148883,-0.1907979,0.9768894,0.09634951,-0.7929095,-0.2112362,0.5715539,397.3575,-35.12635,-98.59854,0.1159891,0.02900514,-0.05222571,0.1304695,0.06325995,24.63291,-2.683326,-0.01026734,1.150557,-0.079358
1473,0.016556,1,100,0,31.57893,0,0,0.1279456,0,0,134.9847,0.5634744,0.02999482,0.8255889,-0.1916693,0.9768192,0.09532741,-0.8035917,-0.2119547,0.5561616,397.3586,-35.12595,-98.60032,0.2579285,0.06797693,-0.2776408,0.4894907,0.004141927,23.36268,-2.676195,-0.01222616,1.090801,-0.08328073
1474,0.016707,1,100,0,23.22543,0,0,0.3760903,0,0,135,0.5487403,0.0275811,0.8355378,-0.1925912,0.9767431,0.09424223,-0.8135065,-0.2126318,0.5412902,397.3603,-35.12553,-98.60287,-0.2292277,-0.0609133,0.09594306,0.2558531,0.0722072,22.0743,-2.678615,-0.006240693,1.030088,-0.0879091
1475,0.016915,1,100,0,14.76793,0,0,0.2513633,0,0,134.9828,0.5345055,0.02543046,0.8447824,-0.1934691,0.9766878,0.0930094,-0.8227233,-0.2131534,0.526965,397.3578,-35.12595,-98.60519,0.002469242,0.009068578,-0.2626906,0.8174962,-0.002672225,20.54155,-2.641497,-0.0095111,0.958062,-0.09104311
1476,0.016485,1,100,0,6.525426,0,0,0.1423932,0,0,135,0.5214732,0.02363203,0.8529403,-0.1943749,0.9766244,0.09177863,-0.8308334,-0.2136503,0.513877,397.3553,-35.12647,-98.60744,-0.4543816,-0.1121024,0.1137301,0.4816266,0.0637829,19.03878,-2.62636,-0.003972177,0.8873047,-0.09547973
1477,0.016639,1,100,0,-1.794074,0,0,0.4599094,0,0,134.9823,0.5091923,0.02214054,0.8603681,-0.1952352,0.97658,0.09041508,-0.8382164,-0.2140128,0.5015896,397.349,-35.12773,-98.60946,-0.2196977,-0.0372247,-0.2890705,1.026047,-0.0133232,17.34534,-2.563232,-0.007748362,0.8077886,-0.09766945
1478,0.016754,1,100,0,-10.17107,0,0,0.04712601,0,0,135,0.4978614,0.02095959,0.8670034,-0.196151,0.9765239,0.089029,-0.8447835,-0.2143876,0.4902848,397.3429,-35.12901,-98.61218,-0.6620979,-0.1548977,0.0892897,0.6858131,0.05617434,15.61498,-2.529963,-0.002292762,0.7263661,-0.1018922
1479,0.01668,1,100,0,-18.51107,0,0,0.636315,0,0,134.981,0.4876548,0.0201433,0.8728042,-0.1970063,0.9764867,0.08753558,-0.8505184,-0.2146351,0.4801568,397.3336,-35.13085,-98.61519,-0.4095793,-0.06972839,-0.3853312,1.218658,-0.02500305,13.76297,-2.438065,-0.006610734,0.6394741,-0.102925
1480,0.016676,1,100,0,-26.84907,0,0,0.1783015,0,0,135,0.4786376,0.0196552,0.8777926,-0.1979109,0.9764357,0.08605173,-0.8554167,-0.2149123,0.4712488,397.3243,-35.13266,-98.61947,-0.8437786,-0.1858387,-0.0002584239,0.8640013,0.04769855,11.87203,-2.386968,-0.001179355,0.5505409,-0.1066829
1481,0.016644,1,100,0,-35.17107,14.9796,0,0.7615995,0,0,134.9798,0.4708639,0.01954774,0.8819894,-0.1987548,0.9764026,0.08446812,-0.8595256,-0.2150726,0.4636379,397.3123,-35.1349,-98.62438,-0.5737425,-0.0912842,-0.5362013,1.370234,-0.03544765,9.895977,-2.267502,-0.005805068,0.4578985,-0.1064838
1482,0.016688,1,100,0,-43.51508,29.9988,0,0.2641759,0,0,135,0.4643845,0.01977054,0.8854131,-0.1996488,0.9763535,0.08291129,-0.862837,-0.2152743,0.4573506,397.3004,-35.13707,-98.63111,-1.005473,-0.2072175,-0.1381671,1.03586,0.04090508,7.858468,-2.198771,-0.0002458539,0.3621143,-0.1097182
1483,0.016744,1,100,0,-51.88708,45.0684,0,0.8489773,0,0,134.9786,0.4592535,0.02039393,0.8880711,-0.2004829,0.9763216,0.08125639,-0.8653859,-0.2153604,0.4524678,397.2859,-35.13956,-98.63884,-0.7188385,-0.1036203,-0.7347552,1.507269,-0.0447738,5.759616,-2.051889,-0.005072303,0.2637819,-0.1082764
1484,0.016636,1,100,0,-60.20508,60.04079,0,0.3119354,0,0,135,0.4555735,0.02134226,0.8899424,-0.201358,0.9762728,0.07966525,-0.8671263,-0.2154904,0.4490614,397.2716,-35.14193,-98.64877,-1.145056,-0.2189037,-0.3210149,1.209183,0.03350555,3.605781,-1.966402,0.0006487163,0.1625664,-0.1109154
1485,0.016666,1,100,0,-68.53808,75.04019,0,0.8959243,0,0,134.9778,0.4533497,0.02270032,0.8910437,-0.2021696,0.9762403,0.07799006,-0.8681023,-0.2154987,0.4471676,397.2552,-35.14455,-98.65965,-0.8513435,-0.1102371,-0.9561797,1.625153,-0.05431492,1.424377,-1.796241,-0.004199761,0.0604269,-0.1083273
1486,0.016895,1,100,0,-76.98558,90.24569,0,0.3352366,0,0,135,0.4526179,0.02440934,0.8913704,-0.2030362,0.9761888,0.07636519,-0.8682818,-0.2155447,0.4467965,397.2384,-35.14707,-98.67334,-1.278628,-0.2267126,-0.5183247,1.398194,0.02422903,-0.8726589,-1.693209,0.001764521,-0.04748625,-0.1104056
1487,0.016509,1,100,0,-85.24008,100,0,0.9274902,0,0,134.9771,0.4534402,0.02649418,0.8908929,-0.2038169,0.9761544,0.07470749,-0.8676698,-0.2154544,0.4480277,397.2202,-35.14972,-98.68763,-0.9793062,-0.1139916,-1.186742,1.751034,-0.06918263,-3.10998,-1.502811,-0.003154489,-0.1521862,-0.1067455
1488,0.01664,1,100,0,-93.56008,100,0,0.3425812,0,0,135,0.4558011,0.02891293,0.889612,-0.2046459,0.9761006,0.07312838,-0.8662364,-0.2153874,0.4508246,397.2016,-35.15225,-98.70485,-1.388277,-0.2274361,-0.7299896,1.584906,0.002842578,-5.455994,-1.386505,0.002770217,-0.2623724,-0.1081577
1489,0.016922,1,100,0,-102.0211,100,0,0.922466,0,0,134.9767,0.4598237,0.03180008,0.8874406,-0.205422,0.9760608,0.07146291,-0.8639235,-0.2151602,0.4553483,397.1809,-35.15502,-98.72268,-1.102285,-0.1175499,-1.393998,1.875087,-0.0966644,-7.823006,-1.175533,-0.002014298,-0.3731081,-0.1036512
1490,0.016511,1,100,0,-86.74841,100,0,0.3428274,0,0,135,0.4651747,0.03488338,0.8845315,-0.2062142,0.9760032,0.06995717,-0.8608652,-0.2149452,0.4612054,397.1606,-35.15757,-98.74305,-1.491513,-0.2281004,-0.911935,1.763028,-0.03574047,-9.56905,-1.046814,0.003371072,-0.4549799,-0.1019922
1491,0.016679,1,100,0,-95.08791,100,0,0.9124314,0,0,134.9779,0.4717602,0.03826768,0.8808961,-0.2069381,0.9759582,0.06842748,-0.8570992,-0.2145723,0.4683373,397.1381,-35.16047,-98.76273,-1.240548,-0.1302477,-1.510969,1.983391,-0.1383901,-11.35945,-0.8290349,-0.001434579,-0.5385087,-0.09484126
1492,0.016681,1,100,0,-103.4284,100,0,0.3835773,0,0,135,0.4795442,0.04183568,0.87652,-0.2076838,0.9758958,0.06704499,-0.8525873,-0.21419,0.4766738,397.1153,-35.16325,-98.7851,-1.617405,-0.2396844,-1.001296,1.917301,-0.09026263,-13.29248,-0.6876901,0.003770368,-0.6291595,-0.09300917
1493,0.016687,1,100,0,-87.99293,100,0,0.9530252,0,0,134.9782,0.4884482,0.04564696,0.8713983,-0.208354,0.9758464,0.06567113,-0.8473532,-0.2136363,0.4861611,397.0908,-35.16634,-98.80618,-1.378937,-0.1459285,-1.57623,2.106298,-0.2055277,-14.57243,-0.4615612,-0.001689158,-0.6885834,-0.08334245
1494,0.016681,1,100,0,-96.33343,100,0,0.4333205,0,0,135,0.4981837,0.04951275,0.8656568,-0.209034,0.97578,0.0644872,-0.8414976,-0.2130782,0.4964675,397.0658,-35.16937,-98.82954,-1.73823,-0.2528999,-1.04704,2.044919,-0.1729272,-16.03506,-0.3116186,0.002658552,-0.7570321,-0.07912059
1495,0.016654,1,100,0,-104.6604,100,0,0.9967826,0,0,134.9791,0.5088248,0.05354533,0.8592033,-0.209635,0.9757261,0.06333996,-0.8349555,-0.2123481,0.5076985,397.039,-35.1728,-98.85055,-1.528631,-0.16879,-1.571728,2.212814,-0.296447,-17.55205,-0.08315733,-0.002676388,-0.8276145,-0.07007799
1496,0.016686,1,100,0,-89.22588,100,0,0.5142168,0,0,135,0.5202852,0.05763493,0.8520455,-0.2102425,0.9756568,0.06238421,-0.8277084,-0.2115938,0.5197372,397.0115,-35.1762,-98.87376,-1.870401,-0.2733598,-1.027183,2.151332,-0.2804602,-18.56407,0.07203773,0.0006416765,-0.8748,-0.06374029
1497,0.016729,1,100,0,-97.59039,100,0,1.072122,0,0,134.98,0.532375,0.06179706,0.84425,-0.2107677,0.9756,0.06149629,-0.81985,-0.2106797,0.5324099,396.9821,-35.18009,-98.89395,-1.68669,-0.1982536,-1.497876,2.318281,-0.4126976,-19.68484,0.2992989,-0.005225845,-0.9266931,-0.05318895
1498,0.016625,1,100,0,-105.9029,100,0,0.6271167,0,0,135,0.5450337,0.0659394,0.8358171,-0.2112864,0.9755303,0.06081752,-0.8113546,-0.2097444,0.545629,396.9523,-35.18395,-98.91579,-2.010008,-0.3002905,-0.9443287,2.240996,-0.4104177,-20.97895,0.4555758,-0.002135793,-0.9871761,-0.04768693
1499,0.016668,1,100,0,-90.48499,100,0,1.17856,0,0,134.981,0.5583084,0.0701573,0.8266617,-0.2117249,0.9754729,0.0602075,-0.8021621,-0.2086392,0.5594687,396.9205,-35.18835,-98.93405,-1.85008,-0.2335091,-1.367261,2.420774,-0.5502685,-21.70308,0.6764841,-0.008602362,-1.020375,-0.03595279
1500,0.016867,1,100,0,-98.91849,100,0,0.7678435,0,0,135,0.5721057,0.07434377,0.8168037,-0.2121527,0.9754043,0.05981677,-0.7922668,-0.2075086,0.5738066,396.8876,-35.19286,-98.95392,-2.160534,-0.3350529,-0.7971255,2.327139,-0.5598686,-22.64574,0.8329578,-0.006364836,-1.064281,-0.02901268
1501,0.01641,1,100,0,-107.1235,100,0,1.32385,0,0,134.9819,0.5859744,0.07844529,0.8065237,-0.212485,0.9753504,0.05951361,-0.7819747,-0.2062477,0.5881988,396.8538,-35.1978,-98.96922,-2.020596,-0.2753023,-1.182883,2.530837,-0.7023245,-23.68816,1.042267,-0.01237195,-1.112522,-0.01902817
1502,0.016676,1,100,0,-91.69819,100,0,0.9410648,0,0,135,0.6004329,0.08255626,0.7954024,-0.2128021,0.9752874,0.05941304,-0.7708411,-0.2049368,0.6031629,396.8185,-35.20294,-98.98579,-2.310342,-0.3740464,-0.6126688,2.419287,-0.7210525,-24.25083,1.191143,-0.01100743,-1.13853,-0.01105885
1503,0.016892,1,100,0,-100.1442,100,0,1.488023,0,0,134.9823,0.6152668,0.08666775,0.7835402,-0.213029,0.975238,0.05940726,-0.7589895,-0.2034681,0.6184943,396.7812,-35.20871,-98.99816,-2.185081,-0.3200665,-0.9558336,2.663174,-0.8675195,-25.00379,1.392273,-0.01742704,-1.173134,-0.0003940091
1504,0.016518,1,100,0,-84.86504,100,0,1.1324,0,0,135,0.6299136,0.09057128,0.7713661,-0.2132175,0.9751843,0.05961492,-0.7468247,-0.202021,0.6335933,396.7436,-35.21453,-99.01082,-2.454842,-0.4165062,-0.3856745,2.519617,-0.8889717,-25.26182,1.530469,-0.01662808,-1.18481,0.008089304
1505,0.016674,1,100,0,-93.20203,100,0,1.673119,0,0,134.983,0.6446708,0.09440017,0.7586095,-0.2133071,0.9751459,0.05992402,-0.7340981,-0.2004481,0.6487844,396.7043,-35.22096,-99.01912,-2.332315,-0.3648409,-0.7006403,2.795732,-1.030703,-25.74066,1.712956,-0.02313878,-1.206546,0.01864319
1506,0.016636,1,100,0,-101.52,91.682,0,1.330715,0,0,135,0.6594704,0.09810583,0.7453014,-0.2133543,0.9751044,0.06042849,-0.7208183,-0.1988641,0.6639838,396.6641,-35.22756,-99.02754,-2.582729,-0.4602512,-0.117549,2.62605,-1.048263,-26.40223,1.839489,-0.02140489,-1.237305,0.02509483
1507,0.016706,1,100,0,-86.06699,83.329,0,1.875155,0,0,134.9834,0.6743568,0.1017599,0.7313604,-0.2132991,0.9750806,0.0610036,-0.7069276,-0.1971367,0.6792575,396.6228,-35.23473,-99.03123,-2.455489,-0.4108137,-0.3989344,2.934346,-1.180448,-26.59548,1.996302,-0.02775134,-1.245662,0.03513604
1508,0.016626,1,100,0,-94.37999,75.01601,0,1.545861,0,0,135,0.6890507,0.1052433,0.7170308,-0.2131925,0.9750564,0.06175788,-0.6926458,-0.1954199,0.6943004,396.5807,-35.24208,-99.03459,-2.680549,-0.5048431,0.1943464,2.73459,-1.187702,-26.98151,2.100738,-0.02583049,-1.263515,0.0412553
1509,0.016673,1,100,0,-102.7165,66.6795,0,2.090262,0,0,134.9841,0.7037432,0.1086739,0.7020938,-0.2129804,0.9750519,0.06255692,-0.6777796,-0.1935562,0.7093315,396.5381,-35.24993,-99.03322,-2.561094,-0.4605508,-0.04846382,3.07933,-1.306054,-27.59707,2.236053,-0.03054077,-1.291877,0.04861695
1510,0.01663,1,100,0,-87.33374,58.36451,0,1.790623,0,0,135,0.7183349,0.1119972,0.6866233,-0.2127137,0.9750494,0.06349457,-0.6623805,-0.1916645,0.7242354,396.4944,-35.2581,-99.0307,-2.764233,-0.5529778,0.5516666,2.872474,-1.305522,-27.69774,2.322918,-0.0286511,-1.296338,0.05471888
1511,0.016853,1,100,0,-95.76024,49.93801,0,2.336497,0,0,134.9853,0.7328898,0.1152545,0.6705142,-0.2123311,0.9750684,0.06447928,-0.6463657,-0.1896273,0.7390898,396.4496,-35.26699,-99.02248,-2.658454,-0.5177187,0.3814487,3.261151,-1.406885,-28.0689,2.433877,-0.03273857,-1.313269,0.06150025
1512,0.016542,1,100,0,-104.0312,41.66701,0,2.098432,0,0,135,0.7470599,0.1183678,0.6541334,-0.2118963,0.9750912,0.06555215,-0.6300805,-0.1875798,0.7535332,396.4045,-35.27605,-99.01286,-2.84267,-0.6085615,0.9813448,3.06825,-1.395551,-28.58806,2.501173,-0.02936902,-1.337551,0.06510565
1513,0.016628,1,100,0,-88.65034,33.35301,0,2.644741,0,0,134.9847,0.7611273,0.1214384,0.6371325,-0.2113551,0.9751358,0.06662547,-0.6131998,-0.1853717,0.7678691,396.3601,-35.28543,-98.99892,-2.703413,-0.5641464,0.7772412,3.494629,-1.49341,-28.6956,2.587799,-0.03379644,-1.342115,0.07134113
1514,0.016836,1,100,0,-97.06834,24.93501,0,2.359128,0,0,134.9929,0.7750855,0.1244273,0.619484,-0.2107486,0.9751854,0.06781208,-0.595674,-0.1831155,0.7820749,396.3137,-35.29542,-98.98251,-2.812287,-0.6047497,0.9951932,3.256845,-1.512148,-28.94501,2.659403,-0.03289989,-1.353586,0.07623826
1515,0.01649,1,100,0,-81.81509,16.69001,0,2.564261,0,0,134.9913,0.788427,0.1272345,0.6018258,-0.2100562,0.9752511,0.06900413,-0.5781516,-0.180822,0.7956407,396.2673,-35.3056,-98.96397,-2.839575,-0.621578,1.125488,3.435732,-1.541047,-28.7677,2.718155,-0.03366702,-1.344939,0.08169517
1516,0.016676,1,100,0,-66.38979,8.352011,0,2.649584,0,0,134.9907,0.8013946,0.1298829,0.5838639,-0.209263,0.9753319,0.07026181,-0.5603352,-0.1784885,0.8088054,396.2202,-35.31614,-98.94307,-2.827334,-0.6295397,1.245541,3.518015,-1.565614,-28.18145,2.764474,-0.03518216,-1.317048,0.08763908
1517,0.01668,1,100,0,-50.96078,0.01201057,0,2.704021,0,0,134.892,0.8136778,0.1322807,0.5660655,-0.2083751,0.975426,0.07158215,-0.542686,-0.1761988,0.8212465,396.1914,-35.3209,-98.94716,0.1637979,0.3521373,-3.331129,3.560153,-2.315094,-26.00797,2.81573,-0.08676346,-1.212617,0.09838584
1518,0.016791,1,100,0,-42.56528,0,0,2.886615,0,0,134.9592,0.8247573,0.1341771,0.5493377,-0.2077511,0.9754039,0.07366568,-0.5259419,-0.1748818,0.8323469,396.1935,-35.31551,-98.99919,0.04185064,0.2594868,-2.633696,2.646779,-2.129605,-24.95127,2.820238,-0.07650609,-1.163209,0.1025721
1519,0.016696,1,100,0,-34.21729,0,0,2.259539,0,0,135,0.8350129,0.1358184,0.5332045,-0.2069453,0.9754257,0.07562057,-0.5098307,-0.1734883,0.8426,396.1933,-35.31171,-99.0395,-0.1045831,0.1636557,-1.974121,1.983652,-1.941541,-23.7544,2.813335,-0.06660439,-1.107217,0.1064414
1520,0.016678,1,100,0,-25.87828,0,0,1.638467,0,0,134.9843,0.8444814,0.1372017,0.5177132,-0.2059694,0.9754884,0.07745354,-0.4943965,-0.1720412,0.8520412,396.1911,-35.30937,-99.0696,0.1009706,0.2079566,-2.148859,1.369923,-1.86995,-22.19783,2.806642,-0.06516221,-1.033974,0.1113136
1521,0.016589,1,100,0,-17.58378,0,0,1.916613,0,0,134.9932,0.8530405,0.1382639,0.503195,-0.2048874,0.97557,0.07927568,-0.479941,-0.1707236,0.8605292,396.192,-35.30642,-99.10204,0.02152113,0.1592811,-1.897419,1.526633,-1.713054,-20.64501,2.790695,-0.05847036,-0.9611392,0.1154957
1522,0.016683,1,100,0,-9.242285,0,0,1.670307,0,0,134.9919,0.8608341,0.1390326,0.4895248,-0.203659,0.9756832,0.08102734,-0.4663557,-0.1694472,0.8682166,396.1922,-35.30406,-99.13135,-0.004912347,0.1260139,-1.706632,1.281817,-1.560835,-18.97505,2.759471,-0.0525261,-0.8828133,0.1189637
1523,0.016679,1,100,0,-0.9027843,0,0,1.500788,0,0,134.992,0.8678184,0.139503,0.4768966,-0.2023118,0.9758232,0.08270061,-0.4538298,-0.1682509,0.8750604,396.1918,-35.30228,-99.15739,-0.02531895,0.0938005,-1.511662,1.10085,-1.4037,-17.22037,2.71411,-0.04661887,-0.8005499,0.121683
1524,0.016597,1,100,0,7.395716,0,0,1.327087,0,0,134.9919,0.8739832,0.1396808,0.4654488,-0.2008682,0.9759859,0.0842821,-0.4424989,-0.167155,0.8810527,396.1911,-35.30103,-99.18015,-0.03376728,0.06513231,-1.32366,0.921246,-1.245927,-15.39592,2.654937,-0.04095782,-0.7150458,0.123625
1525,0.016947,1,100,0,15.86922,0,0,1.162159,0,0,134.9917,0.8794913,0.1395719,0.4549888,-0.1993061,0.9761732,0.0858079,-0.4321715,-0.1661493,0.8863533,396.1902,-35.30023,-99.20019,-0.02880685,0.03983513,-1.136395,0.7367267,-1.084994,-13.45548,2.580102,-0.03546597,-0.6241366,0.1248151
1526,0.016421,1,100,0,24.07972,0,14.7789,1.001416,0,0,134.9919,0.8840811,0.1391916,0.4461237,-0.1977248,0.9763714,0.08720023,-0.4234449,-0.1653018,0.8907131,396.1895,-35.29987,-99.21663,-0.0213761,0.01727642,-0.9588386,0.5848907,-0.9301096,-11.51304,2.494331,-0.03041918,-0.5331657,0.1252114
1527,0.016734,1,100,0,32.44672,0,29.8395,0.8478543,0,0,134.9916,0.8880239,0.1385362,0.4384305,-0.1960618,0.976587,0.08853152,-0.4159008,-0.1645776,0.8943943,396.1888,-35.29986,-99.23047,-0.002613977,-0.001434781,-0.7848388,0.426226,-0.7757985,-9.467883,2.393479,-0.02568528,-0.4374111,0.1248626
1528,0.016734,1,100,0,40.81372,0,44.9001,0.700632,0,0,134.9915,0.8912356,0.1376174,0.4321582,-0.1943643,0.9768126,0.08977736,-0.4097826,-0.1640089,0.8973181,396.1883,-35.30017,-99.24139,0.02081364,-0.01736966,-0.6118724,0.2966743,-0.6253248,-7.366791,2.279695,-0.02132453,-0.339068,0.1237761
1529,0.016586,1,100,0,49.10672,0,59.8275,0.5547245,0,0,134.9915,0.8937067,0.1364544,0.4273977,-0.1926643,0.9770427,0.0909308,-0.4051779,-0.1636098,0.8994794,396.1882,-35.30072,-99.24942,0.04815494,-0.03011504,-0.4420603,0.2210881,-0.4814488,-5.235967,2.154677,-0.01741596,-0.2393616,0.1219983
1530,0.016685,1,100,0,57.44921,0,74.844,0.4122083,0,0,134.9914,0.8954844,0.1350391,0.4241135,-0.1909523,0.9772773,0.09201351,-0.4020511,-0.1633821,0.9009227,396.1886,-35.30148,-99.25471,0.07924135,-0.03937746,-0.2725953,0.2528656,-0.3432224,-3.045827,2.01718,-0.01394013,-0.1369056,0.1195531
1531,0.016685,1,100,0,65.79172,0,89.8605,0.2710128,0,0,134.9914,0.8965514,0.1333839,0.4223795,-0.1892537,0.977512,0.09302388,-0.4004731,-0.1633376,0.9016332,396.1893,-35.30238,-99.25722,0.1085327,-0.0449648,-0.1025056,0.3613226,-0.2123511,-0.8150485,1.868578,-0.01092782,-0.03257368,0.1164934
1532,0.016737,1,100,0,74.16022,0,100,0.1285424,0,0,134.9915,0.8969022,0.1314878,0.4222292,-0.1875774,0.9777446,0.09397063,-0.4004763,-0.1634831,0.9016054,396.1904,-35.30335,-99.25694,0.1258124,-0.0454009,0.06452888,0.4960018,-0.08900943,1.459278,1.709073,-0.008364744,0.07377107,0.112862
1533,0.016685,1,100,0,82.50272,0,100,0.01521698,0,0,134.9922,0.8965214,0.1293664,0.4236905,-0.1859468,0.9779706,0.09485409,-0.402086,-0.1638226,0.9008268,396.1917,-35.30436,-99.25397,0.1230912,-0.05151401,0.229142,0.609381,0.02921586,3.754487,1.54105,-0.006012413,0.1810624,0.1087707
1534,0.016634,1,100,0,90.81972,0,100,0.1653632,0,0,134.9925,0.8953975,0.127024,0.426765,-0.1843711,0.9781887,0.09567791,-0.4053033,-0.1643529,0.8992873,396.1928,-35.30548,-99.24839,0.1285601,-0.06431858,0.4025535,0.7527332,0.1382112,6.07525,1.364915,-0.004114049,0.2895307,0.1042809
1535,0.016685,1,100,0,99.16222,0,100,0.3204764,0,0,134.9926,0.8934957,0.1244462,0.4314843,-0.1828505,0.978398,0.09645368,-0.4101601,-0.1650781,0.8969494,396.1941,-35.30685,-99.23991,0.1369785,-0.07974471,0.5889592,0.9209532,0.2365039,8.435996,1.180304,-0.002762623,0.399857,0.09943544
1536,0.016681,1,100,0,107.5027,0,100,0.4852476,0,0,134.9927,0.8907811,0.1216379,0.4378507,-0.1813998,0.9785953,0.09718674,-0.416657,-0.1659982,0.8937793,396.1955,-35.30849,-99.22828,0.1419737,-0.09738064,0.7904276,1.102379,0.323273,10.82569,0.9886067,-0.001952701,0.5115276,0.09431673
1537,0.016738,1,100,0,92.02007,0,100,0.6634785,0,0,134.992,0.8872673,0.1186235,0.4457413,-0.1800286,0.9787799,0.09787562,-0.4246723,-0.1670881,0.889795,396.1969,-35.3104,-99.21344,0.1633821,-0.1087188,0.9627136,1.301652,0.3912886,12.5912,0.7896993,-0.0007679175,0.5938309,0.08703329
1538,0.016634,1,100,0,100.3371,0,100,0.8053995,0,0,134.9924,0.8830785,0.1155024,0.4547874,-0.1787724,0.9789469,0.09850617,-0.4338351,-0.1682921,0.8851357,396.1986,-35.31252,-99.19572,0.1648679,-0.1248193,1.155763,1.463561,0.4476982,14.42456,0.5875316,-0.0002461942,0.6793271,0.07983559
1539,0.016865,1,100,0,84.73694,0,100,0.9724879,0,0,134.9916,0.8781369,0.1122358,0.4650578,-0.1776166,0.9790986,0.09908824,-0.4442162,-0.169615,0.8797175,396.2003,-35.31491,-99.17474,0.1776602,-0.1344271,1.314198,1.659043,0.4844022,15.69394,0.3787503,0.0003625546,0.7383034,0.07065645
1540,0.016548,1,100,0,93.01094,0,100,1.100004,0,0,134.9922,0.872686,0.1089905,0.4759626,-0.1766178,0.9792274,0.09959906,-0.4552203,-0.1709822,0.8738077,396.202,-35.31746,-99.15141,0.1654304,-0.1495115,1.492632,1.800401,0.5100763,17.0582,0.1718037,0.0002291787,0.8017623,0.0619477
1541,0.016628,1,100,0,101.3249,0,100,1.25453,0,0,134.9924,0.8665358,0.1056646,0.487802,-0.1757481,0.9793365,0.1000628,-0.4671492,-0.1724382,0.8672005,396.2035,-35.32027,-99.12507,0.135825,-0.1677019,1.682428,1.976798,0.5241386,18.54503,-0.03720561,-0.0006886547,0.8709942,0.05356909
1542,0.016912,1,100,0,85.68134,0,100,1.42447,0,0,134.9916,0.8595935,0.1022313,0.5006474,-0.1750068,0.9794262,0.1004833,-0.4800746,-0.1739915,0.8597996,396.2045,-35.3234,-99.0953,0.1137931,-0.179798,1.836149,2.172422,0.5196619,19.49708,-0.2496468,-0.00162522,0.9150967,0.04345672
1543,0.016509,1,100,0,93.93584,0,100,1.555375,0,0,134.9923,0.8522266,0.09888311,0.5137433,-0.1744382,0.9794912,0.1008398,-0.4932357,-0.1755548,0.8519975,396.2049,-35.32669,-99.06361,0.06635669,-0.1976296,2.009438,2.30942,0.5079086,20.57066,-0.4558796,-0.003147435,0.9649438,0.03416739
1544,0.016631,1,100,0,102.2513,0,100,1.714001,0,0,134.9925,0.8441346,0.09548019,0.5275609,-0.1740137,0.9795341,0.101154,-0.5071057,-0.1771905,0.8434735,396.2045,-35.33032,-99.02885,-0.001799643,-0.2194878,2.19498,2.485654,0.4879093,21.79312,-0.6612721,-0.00529489,1.021806,0.0254782
1545,0.017106,1,100,0,86.42829,0,100,1.891211,0,0,134.9916,0.835114,0.09195824,0.5423359,-0.1737324,0.9795556,0.1014283,-0.521921,-0.1789255,0.8340167,396.203,-35.3344,-98.99018,-0.06345379,-0.2351593,2.33951,2.688398,0.4512481,22.50546,-0.8684618,-0.007493506,1.054704,0.01519139
1546,0.016401,1,100,0,94.62879,0,100,2.026385,0,0,134.9925,0.8258842,0.08860762,0.5568341,-0.1736228,0.9795533,0.1016397,-0.5364427,-0.1806217,0.8243819,396.2004,-35.33858,-98.95069,-0.1468269,-0.2565446,2.503,2.814126,0.4133207,23.34844,-1.063282,-0.009950626,1.093785,0.00613258
1547,0.016715,1,100,0,102.9863,0,100,2.188529,0,0,134.8106,0.8158055,0.0851788,0.5720193,-0.1736594,0.9795291,0.1018098,-0.5516375,-0.1823935,0.8138973,396.2085,-35.33927,-98.92553,-0.2158134,-0.297567,2.994499,2.994476,0.4076823,21.95605,-1.275998,-0.006890856,1.027661,-0.01108
1548,0.01669,1,100,0,87.54804,0,100,2.610539,0,0,134.7765,0.8060829,0.0822266,0.5860624,-0.1739075,0.9794891,0.1017704,-0.5656735,-0.183956,0.8038492,396.2472,-35.3303,-98.93886,2.618991,0.6355065,-1.211407,3.477727,-0.3588245,21.43452,-1.44804,-0.0540891,1.003704,-0.02327825
1549,0.016677,1,100,0,95.88654,0,100,2.572187,0,0,134.8432,0.796284,0.07949294,0.5996772,-0.1747379,0.9792955,0.1022115,-0.5791361,-0.1861757,0.7936878,396.288,-35.32041,-98.95667,2.099301,0.5083799,-0.7821261,2.297224,-0.2490285,22.41147,-1.607888,-0.04742448,1.049047,-0.0293861
1550,0.016863,1,100,0,104.318,0,100,1.931193,0,0,134.9107,0.7856491,0.07663609,0.6139076,-0.1755989,0.9791117,0.1024972,-0.5932291,-0.1883283,0.7826955,396.3206,-35.31255,-98.96743,1.594702,0.3818957,-0.3530671,1.677372,-0.1491848,23.5438,-1.761556,-0.04145639,1.101738,-0.03454402
1551,0.016537,1,100,0,89.02132,0,100,1.29429,0,0,134.9511,0.7745163,0.07374924,0.6282402,-0.1764603,0.978943,0.1026281,-0.6074426,-0.1903465,0.7712211,396.3515,-35.30458,-98.98141,2.062178,0.5381256,-1.032196,1.147469,-0.259168,23.78778,-1.911628,-0.04764621,1.112928,-0.04244527
1552,0.016711,1,100,0,97.37682,0,100,2.151136,0,0,135,0.7628263,0.07086795,0.6427081,-0.1774887,0.9787454,0.1027393,-0.6217667,-0.1924457,0.759191,396.3833,-35.2963,-98.99623,1.571542,0.4099618,-0.5967749,1.730304,-0.153572,24.60105,-2.047028,-0.04071106,1.150685,-0.04739859
1553,0.016758,1,100,0,105.7558,0,100,1.509094,0,0,134.9793,0.7503912,0.06788491,0.657499,-0.1785103,0.9785641,0.1026965,-0.6364334,-0.1944329,0.7464241,396.4125,-35.28835,-99.01189,1.890585,0.5095359,-1.013739,1.140651,-0.2194982,25.29904,-2.180151,-0.04448983,1.183232,-0.05262766
1554,0.016563,1,100,0,90.43504,0,100,2.058981,0,0,135,0.7375359,0.06490687,0.6721816,-0.1796225,0.9783692,0.1026139,-0.6509815,-0.1964204,0.7332411,396.4412,-35.28063,-99.0263,1.408684,0.3804092,-0.5843603,1.571808,-0.1163941,25.78248,-2.296062,-0.03712643,1.205554,-0.05740963
1555,0.016676,1,100,0,98.77303,0,100,1.420225,0,0,134.9818,0.7240111,0.06185932,0.6870092,-0.1807171,0.978193,0.1023724,-0.6656949,-0.1982731,0.7194017,396.4663,-35.27359,-99.04015,1.651306,0.4512022,-0.8904859,0.9796264,-0.1672795,26.21922,-2.405936,-0.03948701,1.225865,-0.06203191
1556,0.016687,1,100,0,107.1165,0,100,1.829345,0,0,135,0.7099011,0.05876176,0.7018459,-0.1818819,0.978007,0.1020862,-0.6804115,-0.2001242,0.704976,396.4912,-35.2668,-99.05263,1.167544,0.3196971,-0.465693,1.29701,-0.06895384,27.0904,-2.503586,-0.03266134,1.266516,-0.064304
1557,0.016672,1,100,0,91.69493,0,100,1.186692,0,0,134.9809,0.695116,0.05556491,0.716747,-0.1829938,0.9778433,0.1016651,-0.6952173,-0.2018293,0.6898825,396.5128,-35.26064,-99.06519,1.44897,0.39891,-0.8146654,0.7179718,-0.1339957,27.22078,-2.58849,-0.03543429,1.272495,-0.06842017
1558,0.016665,1,100,0,100.0274,0,100,1.649884,0,0,135,0.6799012,0.05236007,0.731432,-0.1841687,0.9776702,0.1012064,-0.7098001,-0.2035172,0.6743622,396.5343,-35.25473,-99.07643,0.9652486,0.2664739,-0.3981915,1.077622,-0.04092275,27.8029,-2.666665,-0.02846933,1.299624,-0.07047776
1559,0.016681,1,100,0,84.59751,0,100,1.007891,0,0,134.9824,0.6641197,0.04909181,0.7460128,-0.1852805,0.9775213,0.1006151,-0.724304,-0.2050422,0.6582869,396.5515,-35.24979,-99.08642,1.201879,0.3289502,-0.6763128,0.5031301,-0.09969091,27.69461,-2.730105,-0.03054007,1.294421,-0.07414114
1560,0.016637,1,100,0,92.91601,0,91.6815,1.383182,0,0,135,0.6480759,0.04585564,0.7601941,-0.1864353,0.9773666,0.09998298,-0.7384035,-0.2065236,0.6419568,396.5688,-35.24505,-99.09543,0.7155013,0.1963642,-0.2741645,0.7909913,-0.01340472,28.02818,-2.788796,-0.02369585,1.309924,-0.07591606
1561,0.016875,1,100,0,101.3535,0,83.244,0.7448843,0,0,134.9826,0.6312513,0.04249947,0.774413,-0.187525,0.977235,0.09922801,-0.7525663,-0.2078597,0.6248506,396.5816,-35.24133,-99.10314,0.9425029,0.2555445,-0.5446951,0.2581462,-0.07609164,28.3834,-2.829742,-0.02631047,1.326617,-0.07656883
1562,0.01663,1,100,0,85.97076,0,74.929,1.102767,0,0,135,0.614243,0.03914671,0.7881455,-0.1886225,0.9771005,0.09847134,-0.7662426,-0.2091473,0.6075611,396.5946,-35.23782,-99.11004,0.452346,0.1232978,-0.1574586,0.4945831,0.003790008,28.45501,-2.869274,-0.01955532,1.329858,-0.07815027
1563,0.01667,1,100,0,94.30576,0,66.594,0.4680599,0,0,134.9838,0.5968027,0.0357549,0.801591,-0.1896346,0.9769909,0.09760866,-0.7796571,-0.2102625,0.5898512,396.6024,-35.23553,-99.11502,0.6474124,0.172554,-0.3864487,0.2115875,-0.0565973,28.58269,-2.889143,-0.02179212,1.335892,-0.07838505
1564,0.016921,1,100,0,102.7663,0,58.1335,0.7689886,0,0,135,0.5786685,0.0322459,0.8149251,-0.1906656,0.9768772,0.09673512,-0.7929625,-0.2113558,0.5714362,396.6105,-35.23336,-99.11942,0.1430747,0.03818652,-0.01030382,0.1484411,0.02062537,29.10641,-2.904293,-0.01535596,1.360522,-0.07685366
1565,0.016461,1,100,0,87.53983,0,49.903,0.1274118,0,0,134.9843,0.5605177,0.02873369,0.8276439,-0.1915577,0.9767929,0.09581973,-0.8056834,-0.2122502,0.5530139,396.6131,-35.2325,-99.12208,0.3269244,0.08453461,-0.2376435,0.4854994,-0.04014159,28.99796,-2.897562,-0.01737936,1.35551,-0.07637168
1566,0.016709,1,100,0,95.89433,0,41.5485,0.4127602,0,0,135,0.5418246,0.02513726,0.8401155,-0.1924592,0.9767052,0.09490058,-0.8181596,-0.2131074,0.5340408,396.6158,-35.23182,-99.12405,-0.1737748,-0.04645275,0.1193669,0.2158796,0.02964392,29.27952,-2.895982,-0.01117609,1.368794,-0.0747793
1567,0.016941,1,100,0,104.3648,0,33.078,0.2158218,0,0,134.9858,0.5223578,0.02137969,0.8524584,-0.193251,0.9766434,0.09392346,-0.8305398,-0.2138001,0.514289,396.6128,-35.23242,-99.12418,0.001044095,-0.003737152,-0.04921809,0.7816659,-0.02345475,29.6464,-2.874993,-0.01275985,1.38621,-0.07173079
1568,0.01645,1,100,0,89.14858,0,24.853,0.02538048,0,0,135,0.5030516,0.01763883,0.8640764,-0.1939962,0.9765836,0.09300604,-0.8422024,-0.2144144,0.4946938,396.6102,-35.23313,-99.1231,-0.4746697,-0.1224118,0.291809,0.5704809,0.03730763,29.67748,-2.858544,-0.006903701,1.387747,-0.07024622
1569,0.016763,1,100,0,97.53008,0,16.4715,0.5703709,0,0,134.9865,0.4830402,0.01376493,0.8754901,-0.1946389,0.9765477,0.09203567,-0.8536909,-0.2148614,0.474391,396.6021,-35.23503,-99.12035,-0.331283,-0.08674549,0.1355518,1.135993,-0.01889731,29.82333,-2.822122,-0.008498324,1.394787,-0.06716374
1570,0.016674,1,100,0,105.8671,0,8.1345,0.3657561,0,0,135,0.4627344,0.009807914,0.8864428,-0.1952501,0.9765117,0.09111857,-0.864728,-0.2152417,0.4537805,396.594,-35.23713,-99.11652,-0.8025746,-0.2035572,0.4132124,0.9253681,0.03486245,30.30492,-2.792542,-0.003038194,1.417601,-0.06328601
1571,0.016687,1,100,0,90.4316,0,0,0.9253304,0,0,134.9879,0.4419458,0.005731039,0.8970236,-0.1957386,0.9764994,0.09019776,-0.875426,-0.2154447,0.4326816,396.5797,-35.2406,-99.11082,-0.7166518,-0.1835083,0.3192205,1.493575,-0.01806171,30.20006,-2.746971,-0.004227784,1.41284,-0.06068728
1572,0.016702,1,100,0,98.7826,0,0,0.8050324,0,0,135,0.4209146,0.001601227,0.9070989,-0.1962011,0.9764873,0.08931808,-0.8856276,-0.2155691,0.411332,396.5649,-35.24433,-99.10407,-1.210209,-0.3022476,0.5711351,1.371916,0.02666048,30.44765,-2.706354,0.0008447931,1.424664,-0.05712213
1573,0.016749,1,100,0,83.28977,0,0,1.371876,0,0,134.9877,0.3995278,-0.002607606,0.9167174,-0.196551,0.9764969,0.08843937,-0.8954024,-0.2155157,0.3896251,396.5439,-35.24938,-99.09635,-1.13575,-0.2812372,0.4504555,1.94913,-0.0354697,30.13884,-2.646837,-0.0008810433,1.410326,-0.05454148
1574,0.016548,1,100,0,67.98287,0,0,1.253073,0,0,135,0.3784901,-0.00672508,0.925581,-0.196888,0.9765042,0.08760682,-0.904423,-0.2153941,0.3682731,396.5223,-35.25469,-99.08762,-1.642705,-0.4001421,0.6781852,1.821683,0.001101007,29.52895,-2.597753,0.003590523,1.38177,-0.05378554
1575,0.016872,1,100,0,52.37627,0,0,1.821646,0,0,134.9863,0.3573695,-0.01079672,0.9339007,-0.1971456,0.9765303,0.08672993,-0.9129186,-0.215109,0.3468536,396.4944,-35.26122,-99.07914,-1.543915,-0.3649945,0.4575191,2.41007,-0.07610773,28.44511,-2.51818,0.0005653555,1.330966,-0.05294991
1576,0.016543,1,100,0,37.074,0,0,1.646675,0,0,135,0.3373272,-0.01459177,0.9412745,-0.1974222,0.9765489,0.08588934,-0.9204538,-0.2148013,0.3265357,396.466,-35.26792,-99.07035,-2.061822,-0.4847817,0.675739,2.223229,-0.04288986,27.1129,-2.462008,0.004267485,1.268399,-0.05452795
1577,0.016702,1,100,0,28.723,0,0,2.222597,0,0,134.9843,0.3179279,-0.01815572,0.947941,-0.19764,0.9765832,0.08499034,-0.9272863,-0.2143718,0.3068948,396.4323,-35.27548,-99.06353,-1.911619,-0.427928,0.3294588,2.811674,-0.1324886,25.61492,-2.360498,-0.0002419692,1.198146,-0.05388783
1578,0.016917,1,100,0,20.2645,0,0,1.965463,0,0,134.9914,0.2992829,-0.02150389,0.9539222,-0.1979084,0.9766058,0.08410687,-0.9334146,-0.2139609,0.2880256,396.3971,-35.28338,-99.05682,-2.005615,-0.4508205,0.3644757,2.569193,-0.162725,23.9378,-2.288293,-0.001291162,1.119367,-0.05574226
1579,0.016532,1,100,0,11.9985,0,0,2.073506,0,0,134.9901,0.282178,-0.02445615,0.9590504,-0.1981807,0.9766268,0.08321436,-0.9386694,-0.2135465,0.2707359,396.3619,-35.29122,-99.05091,-2.057609,-0.4558907,0.2951133,2.661822,-0.1975792,22.22942,-2.204141,-0.003004508,1.039157,-0.05693281
1580,0.016612,1,100,0,3.692501,0,0,2.108667,0,0,134.9899,0.2661746,-0.02710561,0.9635437,-0.198471,0.9766452,0.08230087,-0.9432712,-0.2131419,0.2545784,396.3256,-35.29918,-99.04617,-2.115379,-0.4594652,0.2022149,2.703264,-0.2264059,20.43631,-2.112586,-0.004659952,0.9549869,-0.05794085
1581,0.01671,1,100,0,-4.662499,0,0,2.144787,0,0,134.9895,0.2513537,-0.02944218,0.9674475,-0.1987785,0.976661,0.08136746,-0.9472639,-0.2127598,0.2396348,396.2882,-35.30721,-99.04313,-2.169316,-0.4590534,0.07782641,2.749036,-0.2502058,18.56404,-2.012255,-0.006305591,0.8671227,-0.05865353
1582,0.016689,1,100,0,-13.007,0,0,2.171233,0,0,134.9891,0.2379019,-0.03144231,0.9707803,-0.1991006,0.9766734,0.08042529,-0.950664,-0.2124163,0.2260923,396.2502,-35.31518,-99.0423,-2.216218,-0.4547768,-0.07016042,2.785514,-0.268496,16.63188,-1.904162,-0.007885789,0.7764688,-0.05906009
1583,0.016725,1,100,0,-21.3695,0,0,2.187618,0,0,134.9885,0.2258385,-0.03310915,0.973602,-0.199437,0.9766824,0.07947566,-0.9535313,-0.2121209,0.2139693,396.2114,-35.32306,-99.04406,-2.254318,-0.4464792,-0.2401784,2.819539,-0.2811753,14.63868,-1.787829,-0.00936611,0.6829737,-0.05913478
1584,0.016653,1,100,0,-29.696,0,0,2.192879,0,0,134.9881,0.2152949,-0.03443076,0.9759419,-0.199784,0.9766879,0.07852988,-0.9558945,-0.2118847,0.2033972,396.1722,-35.33075,-99.04871,-2.281478,-0.4343529,-0.4260266,2.846357,-0.2882732,12.60307,-1.66436,-0.01071026,0.5875109,-0.05888051
1585,0.01664,1,100,0,-38.016,0,0,2.186232,0,0,134.9875,0.2062723,-0.03541313,0.9778537,-0.200141,0.9766903,0.07758951,-0.957808,-0.2117132,0.1943765,396.1328,-35.33818,-99.05651,-2.297253,-0.4184626,-0.6262695,2.872012,-0.2900587,10.52248,-1.53345,-0.01190183,0.4899603,-0.05829228
1586,0.01673,1,100,0,-46.381,0,0,2.167189,0,0,134.9869,0.198769,-0.03605926,0.9793829,-0.2005078,0.9766889,0.07665378,-0.9593164,-0.2116103,0.1869053,396.093,-35.34537,-99.06774,-2.301981,-0.3990129,-0.8398305,2.898999,-0.2867319,8.386926,-1.394442,-0.01292463,0.3898535,-0.05737132
1587,0.016633,1,100,0,-54.69749,0,0,2.135795,0,0,134.9864,0.1929106,-0.03636114,0.9805424,-0.2008786,0.976684,0.07573864,-0.960434,-0.2115808,0.1811085,396.0535,-35.35215,-99.08247,-2.294688,-0.376552,-1.058961,2.920532,-0.2788515,6.224992,-1.249524,-0.01376095,0.2885287,-0.05615789
1588,0.016692,1,100,0,-63.0435,0,0,2.09178,0,0,134.9858,0.1886697,-0.03632208,0.9813687,-0.2012545,0.9766759,0.0748399,-0.9611976,-0.2116249,0.1769592,396.0141,-35.35857,-99.10085,-2.275901,-0.3510578,-1.285316,2.94637,-0.2669977,4.018567,-1.097536,-0.01442033,0.1851359,-0.05465338
1589,0.016954,1,100,0,-71.52049,0,0,2.034434,0,0,134.985,0.1860726,-0.0359306,0.9818788,-0.2016378,0.9766644,0.0739515,-0.9616232,-0.2117442,0.1744855,395.9746,-35.36462,-99.12337,-2.246475,-0.3226134,-1.51989,2.978043,-0.2515137,1.740514,-0.9368498,-0.0149024,0.07840192,-0.05286325
1590,0.016483,1,100,0,-79.76199,0,0,1.963375,0,0,134.9849,0.1852378,-0.03520783,0.9820629,-0.2020109,0.9766503,0.0731173,-0.9617063,-0.2119315,0.1738002,395.9367,-35.37004,-99.14898,-2.207009,-0.2932753,-1.74204,2.996796,-0.2339011,-0.5018331,-0.7759413,-0.01519267,-0.02664847,-0.05093776
1591,0.016635,1,100,0,-88.07949,0,0,1.881882,0,0,134.9843,0.1860984,-0.03413458,0.9819381,-0.2023851,0.9766332,0.0723065,-0.9614615,-0.2121858,0.1748415,395.8992,-35.37499,-99.17846,-2.157112,-0.2615674,-1.967262,3.02795,-0.2146846,-2.795363,-0.6085236,-0.01533825,-0.1340868,-0.04880712
1592,0.016919,1,100,0,-96.53899,0,0,1.785522,0,0,134.9836,0.1887491,-0.03268566,0.9814812,-0.2027617,0.976613,0.07151673,-0.9608648,-0.2125055,0.1777074,395.862,-35.37949,-99.21214,-2.098789,-0.2281866,-2.191996,3.062084,-0.194253,-5.160051,-0.4340329,-0.01532771,-0.2448531,-0.0465182
1593,0.016444,1,100,0,-104.761,0,0,1.675609,0,0,134.9837,0.1930702,-0.03092761,0.9806974,-0.2031232,0.9765911,0.07078704,-0.9599296,-0.2128693,0.1822685,395.8269,-35.38332,-99.24831,-2.036452,-0.1958944,-2.396681,3.090974,-0.1742337,-7.480663,-0.2618471,-0.01515837,-0.3535533,-0.04424426
1594,0.016748,1,100,0,-89.2691,0,0,1.559711,0,0,134.9842,0.1990743,-0.02882941,0.9795603,-0.2034797,0.9765669,0.07009412,-0.9586269,-0.2132746,0.1885431,395.792,-35.38674,-99.28816,-1.998784,-0.1734768,-2.541117,3.125435,-0.1494377,-9.217345,-0.09018843,-0.01418805,-0.4347403,-0.03987545
1595,0.016616,1,100,0,-97.5771,0,0,1.473976,0,0,134.984,0.2063458,-0.02652206,0.9781197,-0.2038088,0.9765426,0.06947515,-0.9570182,-0.2136853,0.1961001,395.7581,-35.38976,-99.32998,-1.952314,-0.1497923,-2.682259,3.15637,-0.1284544,-11.01929,0.08203115,-0.01332282,-0.519004,-0.03573918
1596,0.016731,1,100,0,-105.9426,0,0,1.374418,0,0,134.9836,0.2150392,-0.02395387,0.9763116,-0.2041172,0.9765177,0.06891712,-0.9550363,-0.2141019,0.2051002,395.7248,-35.39241,-99.37425,-1.899984,-0.1255902,-2.817598,3.182548,-0.1110876,-12.91057,0.2562636,-0.0125207,-0.6074741,-0.0318353
1597,0.016652,1,100,0,-90.5395,0,0,1.263553,0,0,134.9847,0.2249429,-0.02118671,0.9741416,-0.2043989,0.9764925,0.0684364,-0.9526919,-0.2145078,0.2153245,395.6924,-35.39471,-99.4201,-1.876057,-0.1128047,-2.885587,3.205323,-0.092389,-14.21266,0.4232505,-0.01119166,-0.6682073,-0.02621756
1598,0.016712,1,100,0,-98.8955,0,0,1.190165,0,0,134.9843,0.235872,-0.01826875,0.9716124,-0.2046457,0.9764684,0.06804055,-0.9499918,-0.2148851,0.2265829,395.6603,-35.3968,-99.46717,-1.841682,-0.09775856,-2.958606,3.214037,-0.08044202,-15.6395,0.5908047,-0.01016515,-0.7348211,-0.02104063
1599,0.016684,1,100,0,-107.2375,0,0,1.10022,0,0,134.9843,0.2478478,-0.01518748,0.96868,-0.2048613,0.9764454,0.06772532,-0.9468917,-0.2152306,0.2388985,395.6288,-35.39867,-99.51521,-1.805231,-0.08327086,-3.023576,3.219053,-0.07413648,-17.17549,0.7561486,-0.009331463,-0.8065892,-0.01642122
1600,0.016638,1,100,0,-91.84735,0,0,1.004953,0,0,134.9854,0.2607559,-0.01197057,0.9653307,-0.205045,0.9764228,0.06749503,-0.9433789,-0.215536,0.2521535,395.5979,-35.40035,-99.56371,-1.795727,-0.07927079,-3.029249,3.219111,-0.06844661,-18.15839,0.9130037,-0.008208618,-0.852326,-0.01027203
1601,0.016727,1,100,0,-100.2109,0,0,0.947301,0,0,134.9851,0.274461,-0.008655053,0.9615592,-0.2051899,0.9764016,0.06735668,-0.939451,-0.215789,0.2662083,395.567,-35.40196,-99.61256,-1.776784,-0.0730298,-3.042627,3.201607,-0.07060986,-19.29656,1.068422,-0.007465443,-0.9053867,-0.004789218
1602,0.016681,1,100,0,-84.78093,0,0,0.8749882,0,0,134.9861,0.2887881,-0.005283289,0.9573786,-0.2052971,0.9763823,0.06731493,-0.9351231,-0.2159868,0.2808829,395.5364,-35.40353,-99.66112,-1.78337,-0.07654993,-3.001912,3.183495,-0.07378504,-19.91423,1.214264,-0.006583693,-0.9339543,0.002051838
1603,0.017013,1,100,0,-93.28743,0,0,0.8410183,0,0,134.9856,0.3038561,-0.001833614,0.9527162,-0.205361,0.9763644,0.06737627,-0.9303218,-0.2161234,0.2962977,395.5051,-35.40518,-99.70995,-1.776981,-0.07658447,-2.974636,3.144831,-0.08547071,-20.73375,1.359484,-0.006149516,-0.9720365,0.008112736
1604,0.016309,1,100,0,-101.4419,0,0,0.7883382,0,0,134.9865,0.3188475,0.001523834,0.9478048,-0.2053876,0.9763486,0.06752397,-0.925285,-0.2161972,0.3116193,395.4752,-35.40679,-99.75615,-1.778299,-0.07937953,-2.938783,3.121005,-0.1008578,-21.67632,1.492788,-0.005882328,-1.015962,0.0129768
1605,0.016736,1,100,0,-85.96114,0,0,0.7468135,0,0,134.9868,0.3347217,0.005012713,0.9423037,-0.2053791,0.976334,0.06776027,-0.9196634,-0.2162103,0.3278297,395.4444,-35.40853,-99.80271,-1.792982,-0.08779988,-2.868092,3.079436,-0.1188783,-22.13754,1.620469,-0.005660043,-1.037222,0.01931619
1606,0.016721,1,100,0,-94.32163,0,0,0.7276769,0,0,134.9868,0.3508753,0.008488264,0.9363837,-0.2053297,0.9763214,0.06808943,-0.9136335,-0.2161583,0.34431,395.4134,-35.41041,-99.84801,-1.802925,-0.09505902,-2.803731,3.033989,-0.1424053,-22.79564,1.742072,-0.005707773,-1.067781,0.02455642
1607,0.016586,1,100,0,-102.6146,0,0,0.7024074,0,0,134.987,0.3673075,0.01197582,0.9300225,-0.2052469,0.9763109,0.06848932,-0.9071709,-0.2160409,0.3610643,395.3825,-35.41241,-99.89182,-1.813447,-0.1036812,-2.737936,2.989847,-0.1662433,-23.62582,1.850268,-0.00565242,-1.1065,0.02833026
1608,0.01666,1,100,0,-87.20413,0,0,0.6789345,0,0,134.9877,0.3841717,0.01551767,0.9231313,-0.2051297,0.9763029,0.06895562,-0.9001858,-0.2158525,0.378251,395.3512,-35.41461,-99.93446,-1.841104,-0.1188453,-2.637757,2.943878,-0.190016,-23.96641,1.948759,-0.005598438,-1.122179,0.03336124
1609,0.016712,1,100,0,-95.56013,0,0,0.6852543,0,0,134.9876,0.4012535,0.01905863,0.9157688,-0.2049724,0.9762977,0.06949241,-0.8927386,-0.2155914,0.3956494,395.3194,-35.41705,-99.97562,-1.862598,-0.1323089,-2.547677,2.893038,-0.2180173,-24.51569,2.040832,-0.005702516,-1.147713,0.03723709
1610,0.016715,1,100,0,-103.9176,0,0,0.6833507,0,0,134.9878,0.4186276,0.02263978,0.9078758,-0.2047823,0.9762956,0.07008053,-0.8847685,-0.2152546,0.4133405,395.2872,-35.41972,-100.0152,-1.887721,-0.1471892,-2.45426,2.845639,-0.2478182,-25.25567,2.124992,-0.005759481,-1.182263,0.03993704
1611,0.016629,1,100,0,-88.53581,0,0,0.6874343,0,0,134.9886,0.436156,0.0262391,0.8994884,-0.2045613,0.9762964,0.07071074,-0.8763119,-0.2148414,0.4311851,395.2547,-35.42267,-100.0528,-1.927823,-0.1674404,-2.333965,2.802138,-0.2762872,-25.50593,2.19853,-0.005852608,-1.193769,0.0438377
1612,0.016732,1,100,0,-73.05872,0,0,0.7189766,0,0,134.9888,0.4536991,0.02979653,0.8906568,-0.2042967,0.9763013,0.07140666,-0.8674217,-0.2143554,0.4490343,395.2213,-35.42597,-100.0887,-1.968729,-0.1887853,-2.202259,2.757866,-0.3054579,-25.30817,2.263142,-0.006209436,-1.18419,0.0488798
1613,0.016669,1,100,0,-57.63989,0,0,0.7592951,0,0,134.9892,0.4707839,0.03318469,0.8816243,-0.2039843,0.9763098,0.07217814,-0.8583432,-0.2138179,0.4664,395.1875,-35.42963,-100.1222,-2.00774,-0.2102232,-2.062183,2.716013,-0.3339431,-24.70306,2.317845,-0.006856516,-1.155446,0.05482833
1614,0.017008,1,100,0,-49.13589,0,0,0.8064771,0,0,134.9889,0.487589,0.03641412,0.8723137,-0.203611,0.9763226,0.07305466,-0.8489993,-0.2132334,0.4834584,395.1523,-35.4337,-100.154,-2.032487,-0.228402,-1.924801,2.672382,-0.3631962,-23.90294,2.364243,-0.007815128,-1.11754,0.06098302
1615,0.016302,1,100,0,-40.98489,0,0,0.8437215,0,0,134.9896,0.5029963,0.03926212,0.8633964,-0.2032023,0.9763377,0.07398328,-0.8400618,-0.2126574,0.4990724,395.1182,-35.4379,-100.1824,-2.055418,-0.245581,-1.789967,2.631173,-0.3875354,-22.98357,2.399021,-0.008787201,-1.074059,0.06682383
1616,0.01672,1,100,0,-32.62489,0,0,0.8855793,0,0,134.989,0.5180051,0.04191175,0.8543501,-0.2027293,0.9763569,0.07502078,-0.8310063,-0.212063,0.5142546,395.0829,-35.44247,-100.2093,-2.055496,-0.2570035,-1.667781,2.589779,-0.4119297,-21.89247,2.42541,-0.01005753,-1.022513,0.07275582
1617,0.016845,1,100,0,-24.20239,0,0,0.904967,0,0,134.989,0.5322344,0.04428057,0.8454384,-0.2021999,0.9763791,0.0761535,-0.8220962,-0.211479,0.528616,395.0474,-35.44727,-100.2344,-2.043764,-0.2658796,-1.545682,2.539912,-0.4318002,-20.65632,2.441185,-0.01135551,-0.9641742,0.07852357
1618,0.016461,1,100,0,-15.97189,0,0,0.9193266,0,0,134.9892,0.5452078,0.04628602,0.8370221,-0.2016314,0.9764031,0.07734229,-0.8136911,-0.2109376,0.5416753,395.0129,-35.45209,-100.257,-2.02123,-0.2715087,-1.433081,2.48496,-0.4459566,-19.33061,2.446151,-0.01258901,-0.9016588,0.08389664
1619,0.016703,1,100,0,-7.620392,0,0,0.9256642,0,0,134.9888,0.5573833,0.04799774,0.8288668,-0.2010032,0.9764303,0.07862465,-0.8055568,-0.2104289,0.5538936,394.9784,-35.45706,-100.2781,-1.977976,-0.2719553,-1.33319,2.427469,-0.4561633,-17.87227,2.440712,-0.01386914,-0.8329346,0.0890615
1620,0.016675,1,100,0,0.7171078,0,0,0.912154,0,0,134.9887,0.568497,0.0493696,0.8212026,-0.2003263,0.9764594,0.07997723,-0.7979226,-0.2099753,0.5650042,394.9447,-35.46202,-100.2976,-1.922194,-0.2694088,-1.238972,2.357384,-0.459706,-16.31428,2.423987,-0.01499707,-0.7595627,0.09383485
1621,0.016692,1,100,0,9.063107,0,0,0.8903062,0,0,134.9885,0.5785428,0.05039801,0.8140936,-0.1996005,0.9764909,0.08139632,-0.7908527,-0.2095847,0.5750012,394.9119,-35.46693,-100.3157,-1.850762,-0.2628996,-1.155802,2.280345,-0.4571859,-14.661,2.39607,-0.01598815,-0.681748,0.09820679
1622,0.016614,1,100,0,17.37011,0,14.9526,0.8541923,0,0,134.9885,0.5874362,0.05107228,0.8076572,-0.198832,0.9765239,0.08286663,-0.7844644,-0.209267,0.5838003,394.8804,-35.47171,-100.3325,-1.774795,-0.2545004,-1.085951,2.200697,-0.4476309,-12.92895,2.356655,-0.01674347,-0.6002721,0.102099
1623,0.016681,1,100,0,25.71061,0,29.9655,0.8115434,0,0,134.9884,0.5952284,0.05139472,0.8019112,-0.1980165,0.9765589,0.08439222,-0.7787762,-0.2090243,0.5914526,394.8501,-35.47636,-100.3483,-1.689996,-0.2433708,-1.030735,2.121033,-0.4319587,-11.10944,2.305551,-0.01729994,-0.5147255,0.1055359
1624,0.016664,1,100,0,34.04261,0,44.9631,0.7573685,0,0,134.9883,0.601849,0.05135844,0.7969568,-0.197161,0.9765955,0.08595791,-0.7738897,-0.2088625,0.5978888,394.8211,-35.48082,-100.3632,-1.598705,-0.2303371,-0.9856592,2.035378,-0.4100867,-9.219014,2.242769,-0.01760654,-0.4258884,0.1084632
1625,0.016714,1,100,0,42.3996,0,60.0057,0.6960155,0,0,134.9881,0.6072981,0.05096042,0.792838,-0.1962655,0.9766334,0.08756142,-0.7698499,-0.2087826,0.6031094,394.7936,-35.48506,-100.3776,-1.499439,-0.2151985,-0.9508755,1.946282,-0.382916,-7.255553,2.168166,-0.01768751,-0.333661,0.1108864
1626,0.016619,1,100,0,50.70911,0,74.9628,0.625791,0,0,134.9882,0.6115098,0.05020387,0.7896426,-0.1953423,0.9766721,0.08918087,-0.7667446,-0.2087856,0.6070515,394.7679,-35.48904,-100.3914,-1.395402,-0.1988209,-0.9222555,1.850069,-0.35102,-5.243775,2.082317,-0.01751861,-0.2392056,0.1127601
1627,0.016682,1,100,0,59.05011,0,89.9766,0.5515717,0,0,134.9881,0.6145072,0.04908297,0.787383,-0.1943872,0.9767114,0.09082294,-0.7645881,-0.2088685,0.6097373,394.7439,-35.49276,-100.4049,-1.284588,-0.1808487,-0.9008762,1.752357,-0.3156376,-3.168127,1.984805,-0.01715291,-0.1417902,0.1141233
1628,0.01688,1,100,0,67.4901,0,100,0.4706567,0,0,134.9879,0.6162627,0.04758009,0.7861021,-0.1933972,0.976751,0.09249379,-0.7634252,-0.2090304,0.611137,394.7213,-35.49622,-100.4182,-1.166165,-0.1616125,-0.8824799,1.649403,-0.2775727,-1.013879,1.874841,-0.0166109,-0.04072281,0.1149884
1629,0.016537,1,100,0,75.75861,0,100,0.3847452,0,0,134.9882,0.6167052,0.04574629,0.7858638,-0.1924107,0.976789,0.09413363,-0.7633168,-0.2092613,0.6111929,394.7011,-35.49929,-100.431,-1.045247,-0.1425381,-0.8568453,1.530774,-0.2382502,1.137261,1.7557,-0.01586917,0.06015988,0.1152745
1630,0.016687,1,100,0,84.1021,0,100,0.3039848,0,0,134.988,0.6158507,0.04353657,0.7866592,-0.1914043,0.9768265,0.09578325,-0.7642595,-0.2095581,0.6099124,394.6828,-35.50208,-100.4435,-0.9158916,-0.122093,-0.8332472,1.415798,-0.1997026,3.352081,1.625204,-0.01506908,0.1639983,0.1150947
1631,0.016839,1,100,0,92.52161,0,100,0.2173567,0,0,134.988,0.6136308,0.04094038,0.788531,-0.1903846,0.9768622,0.09743778,-0.766297,-0.209915,0.6072272,394.6664,-35.50457,-100.4558,-0.7855434,-0.1024038,-0.8030974,1.294717,-0.1620326,5.629289,1.483033,-0.01416371,0.2707306,0.1144321
1632,0.016517,1,100,0,100.7801,0,100,0.1357931,0,0,134.9884,0.6100885,0.03803492,0.7914197,-0.1893874,0.9768941,0.09904607,-0.7693661,-0.2103118,0.6031952,394.6524,-35.50669,-100.4673,-0.6606212,-0.08463801,-0.7617044,1.167395,-0.1273646,7.894021,1.333047,-0.01319403,0.3768456,0.1132625
1633,0.01664,1,100,0,85.38811,0,100,0.06660348,0,0,134.9887,0.6052531,0.03480098,0.795272,-0.1883989,0.976923,0.1006337,-0.7734174,-0.2107372,0.5978421,394.6402,-35.50855,-100.4783,-0.5496878,-0.07107614,-0.7081424,1.04987,-0.09561162,9.55205,1.172838,-0.0117563,0.4543414,0.1092579
1634,0.016668,1,100,0,93.72211,0,100,0.01675913,0,0,134.9888,0.5993437,0.03134672,0.7998779,-0.1874428,0.9769483,0.1021638,-0.7782368,-0.2111626,0.5914035,394.6299,-35.51019,-100.4884,-0.4461102,-0.05927002,-0.6524804,0.9433266,-0.07032914,11.30229,1.00412,-0.01055185,0.5361525,0.1050778
1635,0.01672,1,100,0,102.0821,0,100,0.0261842,0,0,134.9889,0.5922717,0.02765276,0.8052638,-0.186524,0.9769688,0.1036394,-0.7838517,-0.2115837,0.5837888,394.6211,-35.51166,-100.4976,-0.352635,-0.04996201,-0.5904732,0.845755,-0.05235192,13.14171,0.8271199,-0.009590857,0.6221368,0.1007263
1636,0.016667,1,100,0,86.66513,0,100,0.05772695,0,0,134.9894,0.5841427,0.02378037,0.8113027,-0.1856608,0.9769835,0.1050402,-0.7901314,-0.2119856,0.5751129,394.6137,-35.51299,-100.5057,-0.2805322,-0.04578586,-0.5154004,0.7571653,-0.0414739,14.38865,0.6437042,-0.008552871,0.6801904,0.09380575
1637,0.016673,1,100,0,95.00163,0,100,0.06505014,0,0,134.9895,0.5751235,0.01980188,0.817827,-0.184867,0.9769925,0.106349,-0.7969049,-0.212353,0.5655521,394.6075,-35.51426,-100.5127,-0.2192957,-0.04331416,-0.4404414,0.6911935,-0.04008139,15.76263,0.4547108,-0.007964996,0.7442114,0.08700953
1638,0.016765,1,100,0,103.3841,0,100,0.06513682,0,0,134.9897,0.5650636,0.01567265,0.8248985,-0.1841429,0.9769947,0.1075773,-0.8042354,-0.2126872,0.5549501,394.6022,-35.51549,-100.5184,-0.172104,-0.04358593,-0.3587482,0.6426434,-0.04785239,17.26201,0.2597086,-0.007758366,0.8141208,0.08030479
1639,0.01674,1,100,0,87.89964,0,100,0.0514051,0,0,134.9901,0.5540721,0.01145019,0.8323898,-0.1835041,0.9769896,0.1087085,-0.8119915,-0.2129793,0.5434239,394.5975,-35.51675,-100.5228,-0.1444319,-0.04744388,-0.2696004,0.611299,-0.06473539,18.19687,0.0611472,-0.007771624,0.857427,0.07128739
1640,0.016688,1,100,0,96.24364,0,100,0.01912522,0,0,134.9904,0.5423563,0.007219367,0.8401176,-0.1829666,0.9769771,0.1097226,-0.8199835,-0.2132222,0.5311905,394.5933,-35.51805,-100.5257,-0.1295916,-0.05273847,-0.1776096,0.6054325,-0.09038395,19.28193,-0.1396527,-0.008219254,0.9078023,0.06267902
1641,0.016626,1,100,0,104.5566,0,100,0.02316342,0,0,134.9908,0.52982,0.002952121,0.8481051,-0.1825293,0.9769569,0.1106273,-0.8282355,-0.2134165,0.5181501,394.5892,-35.51944,-100.5271,-0.1286044,-0.05965966,-0.0772305,0.6184793,-0.1238574,20.50176,-0.3420754,-0.008996351,0.964522,0.05446091
1642,0.017005,1,100,0,88.82701,0,100,0.0792301,0,0,134.991,0.5161498,-0.001442075,0.8564972,-0.1821887,0.9769285,0.111437,-0.8368972,-0.2135623,0.5039787,394.5849,-35.52098,-100.527,-0.1459564,-0.06776627,0.02003816,0.6641914,-0.1661819,21.19897,-0.5492108,-0.01011801,0.9966061,0.04399365
1643,0.016453,1,100,0,97.05351,0,100,0.1467216,0,0,134.9919,0.5022802,-0.005653411,0.8646866,-0.1819745,0.9768935,0.1120926,-0.8453404,-0.2136528,0.4896455,394.5805,-35.5226,-100.5253,-0.1842029,-0.08147649,0.1231606,0.6977134,-0.211214,22.03869,-0.7515728,-0.01135592,1.035421,0.03434158
1644,0.016621,1,100,0,105.364,0,100,0.2334269,0,0,134.9921,0.4875106,-0.009902894,0.8730608,-0.1818657,0.9768513,0.1126326,-0.853966,-0.2136894,0.4744244,394.5753,-35.52448,-100.522,-0.2429147,-0.1012172,0.2180568,0.7897332,-0.2637197,23.04843,-0.9544958,-0.01289873,1.082244,0.02526786
1645,0.016775,1,100,0,89.84714,0,100,0.3325214,0,0,134.9921,0.471863,-0.01417225,0.881558,-0.1818675,0.9768029,0.1130499,-0.8627106,-0.2136708,0.4583396,394.5689,-35.52672,-100.5173,-0.3162661,-0.1240605,0.3018313,0.8993398,-0.3249837,23.54753,-1.155411,-0.01496458,1.105017,0.01440252
1646,0.016592,1,100,0,98.14314,0,100,0.4376955,0,0,134.9924,0.4558286,-0.01831499,0.8898792,-0.1819881,0.9767488,0.1133239,-0.8712639,-0.2136037,0.4418969,394.5613,-35.52933,-100.5112,-0.4043238,-0.1507369,0.3941361,1.004033,-0.3889851,24.22891,-1.351192,-0.01712093,1.136395,0.004519619
1647,0.016763,1,100,0,106.5246,0,100,0.5586383,0,0,134.9926,0.4389357,-0.0224646,0.8982376,-0.1822191,0.9766886,0.1134704,-0.8798475,-0.2134823,0.42461,394.5521,-35.53241,-100.5036,-0.5093974,-0.1810797,0.4917642,1.137622,-0.4569498,25.09581,-1.544416,-0.01935146,1.176522,-0.004537374
1648,0.016702,1,100,0,91.07529,0,100,0.6956574,0,0,134.9925,0.421437,-0.02655517,0.9064689,-0.182555,0.9766244,0.1134842,-0.8882933,-0.2133069,0.4067379,394.5412,-35.53597,-100.4945,-0.6184222,-0.2103854,0.5731983,1.280428,-0.5303452,25.45563,-1.729616,-0.02206049,1.192784,-0.01499464
1649,0.016654,1,100,0,99.40228,0,100,0.8273584,0,0,134.9928,0.4035049,-0.03053576,0.9144678,-0.1829989,0.976556,0.1133564,-0.8964905,-0.2130864,0.3884571,394.5284,-35.54004,-100.4841,-0.744831,-0.2434768,0.6648299,1.416934,-0.6023493,26.01604,-1.908544,-0.02456744,1.218521,-0.02433395
1650,0.016656,1,100,0,107.7303,0,100,0.9778733,0,0,134.9931,0.3849506,-0.03446827,0.9222934,-0.1835356,0.9764854,0.1130984,-0.9045044,-0.212811,0.3695725,394.5134,-35.54464,-100.4723,-0.8875105,-0.2799177,0.7644067,1.575325,-0.6733016,26.76098,-2.080847,-0.02683651,1.252978,-0.03260098
1651,0.0167,1,100,0,92.28278,0,100,1.14483,0,0,134.9928,0.3657522,-0.038358,0.9299216,-0.1841583,0.9764133,0.1127079,-0.9123111,-0.2124759,0.3500613,394.4959,-35.54985,-100.4589,-1.030746,-0.3135377,0.8372966,1.75299,-0.747371,27.01682,-2.242728,-0.02954637,1.264422,-0.04205069
1652,0.016669,1,100,0,100.6173,0,100,1.300086,0,0,134.9932,0.3461754,-0.04213919,0.9372231,-0.1848643,0.9763408,0.11218,-0.9197763,-0.212093,0.3301951,394.4761,-35.55563,-100.4443,-1.194348,-0.3518134,0.9237374,1.913505,-0.8157222,27.482,-2.396775,-0.03175033,1.285762,-0.05025919
1653,0.016938,1,100,0,84.94963,0,100,1.478164,0,0,134.9928,0.3258793,-0.04587976,0.9442976,-0.185654,0.9762685,0.1115027,-0.9270037,-0.2116491,0.309628,394.4531,-35.56212,-100.4283,-1.358446,-0.3862928,0.9723579,2.109067,-0.8856188,27.47865,-2.539377,-0.03438308,1.285058,-0.05950312
1654,0.016473,1,100,0,93.18613,0,100,1.642112,0,0,134.9933,0.3059225,-0.04937883,0.9507751,-0.1864907,0.9761997,0.1107047,-0.9336129,-0.2111778,0.2894328,394.4281,-35.56902,-100.4119,-1.534109,-0.4243715,1.038662,2.26128,-0.945005,27.69813,-2.670071,-0.0362672,1.294906,-0.06719019
1655,0.016722,1,100,0,101.5471,0,100,1.822504,0,0,134.9926,0.2852917,-0.05284929,0.9569827,-0.1873846,0.9761343,0.1097693,-0.9399448,-0.2106401,0.2685799,394.4001,-35.57649,-100.3949,-1.697272,-0.4512131,1.060676,2.457263,-1.002521,28.14584,-2.788292,-0.03780799,1.315555,-0.07328909
1656,0.016887,1,100,0,85.92666,0,100,1.975262,0,0,134.9931,0.26409,-0.05628198,0.9628545,-0.1883208,0.9760728,0.1087069,-0.9459343,-0.2100339,0.247172,394.3685,-35.58465,-100.3768,-1.891302,-0.4868035,1.102459,2.617666,-1.05099,28.11563,-2.897939,-0.03920031,1.313714,-0.08063498
1657,0.016453,1,100,0,94.15316,0,100,2.16379,0,0,134.9935,0.2432601,-0.05951064,0.9681338,-0.1892571,0.97602,0.1075494,-0.9513183,-0.2093886,0.2261639,394.3346,-35.59318,-100.3586,-2.092024,-0.5256299,1.153771,2.796996,-1.089614,28.31113,-2.99483,-0.03983393,1.322563,-0.08637295
1658,0.016667,1,100,0,102.4867,0,100,2.361183,0,0,134.9937,0.2218303,-0.06272407,0.9730659,-0.1902064,0.9759753,0.1062731,-0.9563541,-0.2086579,0.2045704,394.2968,-35.60248,-100.3393,-2.317542,-0.5709345,1.213833,3.009658,-1.119942,28.72417,-3.082513,-0.03968465,1.341705,-0.09078927
1659,0.016687,1,100,0,87.05119,0,100,2.583835,0,0,134.9933,0.2000617,-0.06588843,0.9775655,-0.191143,0.9759412,0.1048969,-0.9609579,-0.2078407,0.1826543,394.2553,-35.6125,-100.3193,-2.531793,-0.6101,1.228674,3.243274,-1.148705,28.68052,-3.153764,-0.03993899,1.339374,-0.09587057
1660,0.016695,1,100,0,95.39868,0,100,2.784173,0,0,134.9937,0.1781456,-0.06896643,0.9815844,-0.1920637,0.9759175,0.1034255,-0.9650783,-0.2069515,0.1606094,394.2101,-35.62321,-100.2991,-2.769542,-0.6566784,1.261234,3.44895,-1.166887,28.86938,-3.215328,-0.03928675,1.348046,-0.09954067
1661,0.016671,1,100,0,103.7342,0,100,3.011291,0,0,134.9939,0.1559667,-0.07200954,0.9851341,-0.1929446,0.9759061,0.101882,-0.9687349,-0.2059665,0.138315,394.1608,-35.6347,-100.2784,-3.026958,-0.7094315,1.30661,3.68415,-1.176782,29.26961,-3.266951,-0.03783865,1.366722,-0.1018827
1662,0.016735,1,100,0,88.25431,0,100,3.259163,0,0,134.9935,0.1334298,-0.07503661,0.9882137,-0.1937776,0.9759084,0.1002663,-0.9719297,-0.2048721,0.1156749,394.1072,-35.64708,-100.2571,-3.271063,-0.7552249,1.301525,3.946633,-1.185844,29.21461,-3.301625,-0.03690037,1.363992,-0.1048439
1663,0.016631,1,100,0,96.56981,0,91.6845,3.484521,0,0,134.9938,0.1109415,-0.07798285,0.9907627,-0.1945549,0.9759234,0.09860031,-0.9745976,-0.2036967,0.09309848,394.0497,-35.66016,-100.2361,-3.53606,-0.8080748,1.31489,4.173263,-1.185543,29.38325,-3.327515,-0.03510934,1.371841,-0.1065
1664,0.016697,1,100,0,104.9183,0,83.336,3.733252,0,0,134.994,0.08811945,-0.08093187,0.9928167,-0.1952664,0.9759527,0.09688842,-0.9767836,-0.2024015,0.07019714,393.9875,-35.67421,-100.2147,-3.825287,-0.8680464,1.34128,4.433335,-1.17784,29.75851,-3.344965,-0.03253737,1.389466,-0.1069672
1665,0.016678,1,100,0,89.49117,0,74.997,4.006325,0,0,134.9937,0.06510735,-0.08386808,0.9943476,-0.1958987,0.9759973,0.09514727,-0.9784603,-0.2009862,0.04711495,393.9206,-35.68919,-100.1934,-4.096585,-0.9198131,1.313234,4.718536,-1.170631,29.67495,-3.346087,-0.03063872,1.385508,-0.1080835
1666,0.016696,1,100,0,97.83916,0,66.649,4.255089,0,0,134.9939,0.04203818,-0.08676262,0.9953418,-0.1964576,0.9760559,0.09337887,-0.979611,-0.199468,0.02398643,393.8489,-35.70509,-100.1724,-4.391366,-0.9789535,1.302008,4.973905,-1.155888,29.81519,-3.339797,-0.02795362,1.392131,-0.1080068
1667,0.016944,1,100,0,106.3112,0,58.177,4.528331,0,0,134.9939,0.01843653,-0.0897062,0.9957976,-0.1969342,0.9761301,0.09158056,-0.9802434,-0.197795,0.0003302321,393.771,-35.72227,-100.1513,-4.717703,-1.046712,1.30419,5.266079,-1.13491,30.1679,-3.32639,-0.02450074,1.408795,-0.1068403
1668,0.016389,1,100,0,91.15134,0,49.9825,4.831963,0,0,134.9938,-0.004548203,-0.09255701,0.995697,-0.1973034,0.9762168,0.08984493,-0.980332,-0.1960458,-0.02270184,393.6905,-35.73993,-100.1312,-5.004734,-1.102421,1.25637,5.565456,-1.117966,30.06092,-3.299129,-0.02206458,1.403826,-0.1064224
1669,0.016681,1,100,0,99.49184,0,41.642,5.093904,0,0,134.9937,-0.02791565,-0.09542628,0.9950451,-0.1975951,0.9763181,0.08808687,-0.9798863,-0.194157,-0.04611032,393.6036,-35.75889,-100.1115,-5.323261,-1.166489,1.220511,5.845686,-1.094822,30.17462,-3.265597,-0.01886962,1.409282,-0.1049313
1670,0.016809,1,100,0,107.8963,0,33.2375,5.386394,0,0,135,-0.05158685,-0.09833169,0.9938159,-0.1977932,0.9764338,0.08634482,-0.9788858,-0.1921157,-0.06982048,393.5106,-35.77906,-100.0924,-5.946445,-1.266874,0.9592583,6.155107,-1.026263,30.65984,-3.199366,-0.01211695,1.432425,-0.1002292
1671,0.016557,1,100,0,92.58112,0,24.959,5.997301,0,0,135,-0.07511237,-0.101262,0.9920201,-0.1978499,0.9765656,0.08470391,-0.97735,-0.1899088,-0.09338683,393.4087,-35.80059,-100.078,-6.562742,-1.366708,0.6951548,6.739489,-0.9663359,30.66544,-3.124762,-0.006702739,1.432968,-0.09670134
1672,0.016687,1,100,0,100.9246,0,16.6155,6.608727,0,0,135,-0.09883283,-0.1042368,0.9896296,-0.1977855,0.9767145,0.08312391,-0.9752501,-0.187519,-0.117148,393.2957,-35.82396,-100.0679,-7.185631,-1.467664,0.4177893,7.345875,-0.9124416,30.89648,-3.041087,-0.001245972,1.444144,-0.09195922
1673,0.016674,1,100,0,85.50116,0,8.278502,7.234059,0,0,135,-0.1225272,-0.1072329,0.9866551,-0.19761,0.9768761,0.08163004,-0.9725931,-0.184971,-0.1408841,393.1725,-35.84899,-100.0625,-7.807095,-1.567985,0.1262763,7.963998,-0.8661484,30.66632,-2.949636,0.002895813,1.433593,-0.08830903
1674,0.01668,1,100,0,70.07216,0,0,7.865368,0,0,135,-0.1458698,-0.1101688,0.9831507,-0.1973462,0.9770477,0.08020471,-0.9694211,-0.1823216,-0.1642632,393.0388,-35.8757,-100.0621,-8.430758,-1.668034,-0.1829957,8.596134,-0.8259356,30.01155,-2.851077,0.005774076,1.403048,-0.08558432
1675,0.016687,1,100,0,54.63668,0,0,8.507133,0,0,135,-0.1685437,-0.1129722,0.9791989,-0.1970154,0.977226,0.07883345,-0.9658046,-0.1796304,-0.1869625,392.8946,-35.90409,-100.067,-9.056822,-1.767977,-0.5075238,9.241717,-0.7903033,28.97714,-2.746022,0.007472978,1.354632,-0.08359073
1676,0.01668,1,100,0,46.29668,0,0,9.159591,0,0,135,-0.1902938,-0.1156221,0.9748947,-0.196619,0.9774089,0.07754146,-0.9618362,-0.1769272,-0.2087283,392.74,-35.93406,-100.0774,-9.697997,-1.853365,-0.8664853,9.911453,-0.6902876,27.79444,-2.5525,0.0127739,1.29964,-0.07636257
1677,0.016741,1,100,0,37.92619,0,0,9.836655,0,0,134.9891,-0.2110882,-0.1181692,0.9702979,-0.1961338,0.9775973,0.07638931,-0.9575875,-0.1741833,-0.2295362,392.5762,-35.96477,-100.0973,-9.732681,-1.813369,-1.279868,10.59694,-0.6670554,26.43467,-2.33315,0.01263597,1.236235,-0.06790481
1678,0.016848,1,100,0,29.50219,0,0,9.929529,0,0,134.9903,-0.2308393,-0.1206214,0.9654863,-0.1956531,0.9777722,0.07537737,-0.9531178,-0.1715004,-0.2493082,392.4102,-35.99524,-100.1232,-9.840563,-1.797253,-1.583597,10.68252,-0.6248135,24.90392,-2.125873,0.01319158,1.164795,-0.06057041
1679,0.016466,1,100,0,21.26919,0,0,10.08225,0,0,134.9903,-0.248894,-0.1228786,0.9607044,-0.1951839,0.9779321,0.07451493,-0.94866,-0.1689677,-0.2673853,392.2462,-36.02475,-100.1535,-9.933739,-1.77763,-1.885466,10.81726,-0.5747457,23.31103,-1.922428,0.01390071,1.090447,-0.05345554
1680,0.016671,1,100,0,12.93369,0,0,10.22825,0,0,134.9901,-0.265862,-0.1250183,0.9558704,-0.1947114,0.978083,0.07376719,-0.9441428,-0.166507,-0.2843775,392.0787,-36.05423,-100.1894,-10.02113,-1.75316,-2.216465,10.96947,-0.5148209,21.61516,-1.713691,0.01483934,1.011298,-0.04613406
1681,0.017011,1,100,0,4.428186,0,0,10.3836,0,0,134.9898,-0.281769,-0.1270396,0.9510348,-0.1942535,0.9782225,0.07311861,-0.9396127,-0.1641393,-0.3003107,391.9066,-36.08389,-100.2321,-10.08532,-1.734443,-2.573541,11.11788,-0.5096121,19.80898,-1.527753,0.01187956,0.9267825,-0.04037609
1682,0.016309,1,100,0,-3.726314,0,0,10.53384,0,0,134.9908,-0.2956383,-0.1288076,0.9465763,-0.1938787,0.9783373,0.07257662,-0.9354193,-0.1620645,-0.314207,391.7394,-36.11247,-100.2767,-10.19083,-1.735634,-2.821689,11.2349,-0.5006633,17.9638,-1.360935,0.008868347,0.8404,-0.03570077
1683,0.01669,1,100,0,-12.07131,0,0,10.70058,0,0,134.9896,-0.3083789,-0.130426,0.9422801,-0.1935588,0.9784371,0.07208496,-0.9313635,-0.1601572,-0.3269745,391.5678,-36.14126,-100.3288,-10.2399,-1.713792,-3.194248,11.41826,-0.4892894,16.05828,-1.174097,0.005709408,0.7512496,-0.02973704
1684,0.016683,1,100,0,-20.41281,0,0,10.85598,0,0,134.989,-0.3196417,-0.1318761,0.9383166,-0.1933136,0.9785157,0.07167274,-0.9276095,-0.1584798,-0.3382679,391.396,-36.1695,-100.3877,-10.26595,-1.684414,-3.597934,11.57071,-0.4742853,14.10961,-0.9811631,0.002529456,0.6601033,-0.02331893
1685,0.01673,1,100,0,-28.77781,0,0,11.00681,0,0,134.9883,-0.3294418,-0.1331716,0.934737,-0.1931472,0.9785725,0.07134339,-0.9242089,-0.1570384,-0.3481044,391.2236,-36.19723,-100.454,-10.27906,-1.65079,-4.018353,11.72286,-0.454493,12.11087,-0.7835642,-0.0005960384,0.5666322,-0.01657565
1686,0.016633,1,100,0,-37.09431,0,0,11.15805,0,0,134.9877,-0.3376829,-0.1343087,0.9316284,-0.1930637,0.9786066,0.07110246,-0.9212474,-0.1558536,-0.3563888,391.0523,-36.22415,-100.5272,-10.27757,-1.613396,-4.445793,11.87313,-0.4302842,10.08474,-0.5837511,-0.003624587,0.4718951,-0.009618977
1687,0.016685,1,100,0,-45.43681,0,0,11.30407,0,0,134.9869,-0.3444319,-0.1353031,0.9290102,-0.1930633,0.9786179,0.07094958,-0.9187456,-0.1549205,-0.3631893,390.8807,-36.25045,-100.6081,-10.26657,-1.573019,-4.88257,12.02959,-0.4007985,8.016589,-0.3805318,-0.006518658,0.3752054,-0.00243951
1688,0.016762,1,100,0,-53.81781,0,0,11.44936,0,0,134.986,-0.349668,-0.1361583,0.9269269,-0.1931472,0.9786058,0.07088792,-0.916748,-0.154246,-0.3684857,390.7088,-36.27609,-100.6972,-10.24692,-1.529884,-5.3279,12.19266,-0.3658337,5.907204,-0.1740305,-0.009249627,0.2765986,0.004932032
1689,0.016695,1,100,0,-62.16531,0,0,11.59308,0,0,134.9851,-0.3533305,-0.1368691,0.9254321,-0.1933139,0.9785704,0.07092072,-0.9153073,-0.1538405,-0.3722174,390.5382,-36.3008,-100.7936,-10.21536,-1.483965,-5.774909,12.35555,-0.3264176,3.7799,0.03354536,-0.01181323,0.1771606,0.01239107
1690,0.016686,1,100,0,-70.50831,0,0,11.72801,0,0,134.9841,-0.3554317,-0.1374395,0.9245424,-0.1935622,0.9785119,0.0710493,-0.9144406,-0.1537033,-0.3743973,390.3686,-36.32465,-100.8979,-10.17413,-1.435802,-6.222925,12.52064,-0.2824,1.63007,0.2422997,-0.0141952,0.07667284,0.01990178
1691,0.016686,1,100,0,-78.85131,0,0,11.85417,0,0,134.983,-0.3559621,-0.137869,0.9242744,-0.1938895,0.9784307,0.07127529,-0.9141651,-0.1538358,-0.3750156,390.2,-36.3476,-101.0099,-10.12346,-1.385647,-6.6704,12.68697,-0.2339529,-0.5404106,0.45185,-0.0163865,-0.02478057,0.02741432
1692,0.016905,1,100,0,-87.30381,0,0,11.96918,0,0,134.9816,-0.3548861,-0.1381565,0.9246453,-0.1942976,0.978326,0.07160429,-0.9144971,-0.154245,-0.3740378,390.0304,-36.3699,-101.1314,-10.06825,-1.334195,-7.122324,12.86155,-0.180015,-2.760053,0.6643158,-0.01837303,-0.1285358,0.03495497
1693,0.016452,1,100,0,-95.52981,0,0,12.0772,0,0,134.9807,-0.3522583,-0.1382896,0.9256296,-0.1947653,0.9782021,0.07202396,-0.915413,-0.1549095,-0.3715139,389.8665,-36.39066,-101.2573,-9.991282,-1.279788,-7.557047,13.01547,-0.1254256,-4.929901,0.8714503,-0.02020469,-0.2299722,0.04223568
1694,0.01668,1,100,0,-103.8698,0,0,12.15195,0,0,134.9793,-0.3479968,-0.1382696,0.9272432,-0.1953051,0.9780556,0.07254812,-0.9169266,-0.1558488,-0.367365,389.702,-36.41072,-101.3925,-9.911201,-1.225332,-7.988457,13.17414,-0.06570259,-7.147864,1.080123,-0.02181609,-0.333671,0.04939605
1695,0.016857,1,100,0,-88.27708,0,0,12.21349,0,0,134.9793,-0.3421986,-0.1381183,0.9294212,-0.195906,0.9778877,0.0731912,-0.9189786,-0.1570332,-0.36169,389.5369,-36.43013,-101.5361,-9.872392,-1.188253,-8.334443,13.33092,-0.0002355501,-8.766184,1.277614,-0.02159097,-0.409176,0.0573677
1696,0.016463,1,100,0,-96.50858,0,0,12.2736,0,0,134.9786,-0.335342,-0.1378873,0.9319512,-0.1965277,0.9777064,0.07394084,-0.9213701,-0.1583588,-0.3549647,389.3765,-36.44847,-101.6819,-9.815218,-1.150341,-8.655315,13.46215,0.06297722,-10.41574,1.466597,-0.02155768,-0.486193,0.06461792
1697,0.016734,1,100,0,-104.8756,0,0,12.29795,0,0,134.9772,-0.3271095,-0.1375431,0.9349233,-0.1971902,0.9775066,0.07481527,-0.924184,-0.1598849,-0.3468739,389.2145,-36.46644,-101.8356,-9.750285,-1.11221,-8.97235,13.58617,0.1286349,-12.1595,1.654742,-0.02155568,-0.5676578,0.07143081
1698,0.016633,1,100,0,-89.49005,0,0,12.30116,0,0,134.9775,-0.3177649,-0.1371081,0.9382041,-0.1978693,0.977293,0.07580321,-0.9272935,-0.1615542,-0.3376789,389.0546,-36.48372,-101.9932,-9.710737,-1.088658,-9.202914,13.69049,0.1954318,-13.32542,1.826887,-0.02005189,-0.6219687,0.07871962
1699,0.016668,1,100,0,-97.82405,0,0,12.28821,0,0,134.9764,-0.3074707,-0.1366133,0.9416999,-0.1985525,0.9770676,0.07691559,-0.9306122,-0.1633276,-0.3275446,388.895,-36.50065,-102.1549,-9.657001,-1.064771,-9.419233,13.77056,0.2607654,-14.60795,1.992845,-0.01888249,-0.6818051,0.08518702
1700,0.016739,1,100,0,-106.1936,0,0,12.24605,0,0,134.9751,-0.2961076,-0.136024,0.9454194,-0.1992378,0.9768307,0.07814161,-0.9341438,-0.165225,-0.3163481,388.7358,-36.51721,-102.321,-9.580441,-1.03759,-9.633537,13.82969,0.3246237,-15.99569,2.15427,-0.01800476,-0.7466278,0.09094757
1701,0.016697,1,100,0,-90.74883,0,0,12.1685,0,0,134.9754,-0.2838323,-0.1353538,0.9492727,-0.1999128,0.9765853,0.07947437,-0.9378029,-0.1672143,-0.3042454,388.5783,-36.53336,-102.4897,-9.524062,-1.023962,-9.763749,13.86454,0.3889879,-16.84184,2.298289,-0.01575853,-0.785996,0.09705344
1702,0.016679,1,100,0,-99.08833,0,0,12.07349,0,0,134.9745,-0.2708466,-0.134632,0.9531612,-0.2005612,0.976334,0.08091445,-0.9414973,-0.1692517,-0.2914387,388.422,-36.54928,-102.6602,-9.444614,-1.007888,-9.882857,13.86622,0.4499271,-17.83131,2.434036,-0.01402619,-0.8321598,0.1021367
1703,0.016709,1,100,0,-107.4428,0,0,11.94291,0,0,134.9733,-0.2570051,-0.133817,0.9571006,-0.2011839,0.9760777,0.08244743,-0.9452375,-0.1713638,-0.2777788,388.2669,-36.56492,-102.833,-9.335301,-0.9869158,-10.00127,13.84119,0.5079771,-18.95059,2.563123,-0.01272033,-0.884479,0.1063137
1704,0.016657,1,100,0,-92.0351,0,0,11.77134,0,0,134.9737,-0.2424435,-0.1329178,0.9610173,-0.2017713,0.9758186,0.0840625,-0.948952,-0.1735253,-0.2633999,388.114,-36.58026,-103.0066,-9.240269,-0.9779298,-10.03816,13.78848,0.5665416,-19.55634,2.673304,-0.01012493,-0.9126554,0.110735
1705,0.016687,1,100,0,-100.3786,0,0,11.58232,0,0,134.9728,-0.2272931,-0.1319568,0.9648448,-0.2023102,0.9755591,0.08576293,-0.95258,-0.1757046,-0.248434,387.9624,-36.59551,-103.1808,-9.117917,-0.965164,-10.06741,13.69881,0.6214103,-20.33175,2.774226,-0.008108471,-0.9488738,0.1139974
1706,0.016918,1,100,0,-84.72945,0,0,11.35622,0,0,134.9731,-0.2114041,-0.1309182,0.9685912,-0.2028006,0.9752975,0.08756153,-0.956128,-0.17792,-0.2327322,387.8106,-36.61087,-103.3573,-9.012512,-0.96503,-10.0175,13.58121,0.6779508,-20.62618,2.856279,-0.004827775,-0.9624702,0.1174723
1707,0.016445,1,100,0,-92.95195,0,0,11.12021,0,0,134.9729,-0.1956353,-0.1298741,0.972039,-0.2032108,0.9750474,0.08937726,-0.9593918,-0.1800435,-0.2171455,387.6649,-36.62581,-103.5277,-8.866202,-0.9560995,-9.970792,13.4288,0.72645,-21.10398,2.926448,-0.002455365,-0.9847701,0.1196323
1708,0.016681,1,100,0,-101.2924,0,0,10.84341,0,0,134.9717,-0.1791721,-0.1287282,0.9753597,-0.203564,0.9747992,0.09125987,-0.9625276,-0.182197,-0.2008612,387.5196,-36.64083,-103.6996,-8.690015,-0.9417326,-9.926284,13.24584,0.7724848,-21.76914,2.988113,-0.000597972,-1.015946,0.1206124
1709,0.016686,1,100,0,-85.8579,0,0,10.52977,0,0,134.9715,-0.1622646,-0.1275209,0.9784727,-0.2038933,0.9745472,0.0931967,-0.9654524,-0.1843815,-0.1841352,387.3771,-36.65534,-103.8703,-8.506819,-0.8815947,-9.860679,13.05952,0.7183704,-21.95264,3.112219,-0.004039401,-1.024425,0.1270776
1710,0.016681,1,100,0,-94.1984,0,0,10.19118,0,0,134.9718,-0.1451015,-0.1263338,0.9813182,-0.2042639,0.9742735,0.09522364,-0.9681022,-0.1866308,-0.167174,387.2375,-36.66897,-104.0392,-8.321769,-0.8254972,-9.74516,12.82957,0.6551312,-22.3665,3.21752,-0.008560531,-1.043862,0.1315648
1711,0.016688,1,100,0,-78.762,0,0,9.839523,0,0,134.9727,-0.1276754,-0.1251432,0.9838894,-0.2046772,0.9739794,0.09732254,-0.9704672,-0.188954,-0.1499671,387.1007,-36.68183,-104.2053,-8.151826,-0.7808881,-9.555368,12.56926,0.5896918,-22.3399,3.299435,-0.01223763,-1.042595,0.1359482
1712,0.016685,1,100,0,-63.32838,0,0,9.491623,0,0,134.9738,-0.1103277,-0.1240099,0.9861285,-0.2051166,0.9736674,0.09949447,-0.9724994,-0.1912943,-0.1328589,386.9663,-36.69412,-104.3674,-7.996522,-0.7479475,-9.298823,12.27894,0.5244918,-21.91222,3.357363,-0.01505129,-1.02247,0.1401336
1713,0.016644,1,100,0,-55.00638,0,0,9.155124,0,0,134.9746,-0.09335151,-0.1229789,0.988009,-0.2055671,0.9733412,0.1017303,-0.9741805,-0.1936055,-0.1161433,386.8347,-36.70595,-104.5242,-7.840639,-0.7205336,-9.009483,11.96472,0.4598911,-21.30923,3.394389,-0.017501,-0.9941294,0.1436256
1714,0.016681,1,100,0,-46.66588,0,0,8.824088,0,0,134.9752,-0.07680695,-0.1220623,0.9895461,-0.2060222,0.9730018,0.1040305,-0.9755282,-0.1958782,-0.09988084,386.7052,-36.71746,-104.6761,-7.684109,-0.6984088,-8.694362,11.63389,0.3976047,-20.54158,3.411078,-0.01951092,-0.9580654,0.1464471
1715,0.016729,1,100,0,-38.30138,0,0,8.501268,0,0,134.9758,-0.06081757,-0.1212771,0.9907537,-0.2064734,0.9726512,0.1063868,-0.9765601,-0.1980941,-0.08419477,386.5778,-36.72873,-104.8226,-7.527379,-0.6814758,-8.359316,11.29208,0.3390272,-19.62096,3.407561,-0.02102603,-0.9148238,0.1485907
1716,0.016631,1,100,0,-29.98588,0,0,8.189745,0,0,134.9767,-0.04564116,-0.1206458,0.9916459,-0.2069087,0.9722954,0.1087685,-0.9772952,-0.2002158,-0.06933936,386.4536,-36.73975,-104.9624,-7.370577,-0.669178,-8.012078,10.94609,0.2853507,-18.57045,3.384132,-0.02202617,-0.8654849,0.1500218
1717,0.017075,1,100,0,-21.44838,0,0,7.892762,0,0,134.9769,-0.03091392,-0.1201645,0.9922726,-0.2073322,0.9719254,0.1112411,-0.9777822,-0.2022912,-0.05495999,386.3286,-36.75094,-105.0996,-7.218674,-0.6634853,-7.64611,10.59174,0.2361957,-17.35577,3.340226,-0.02245865,-0.8084319,0.1508195
1718,0.016338,1,100,0,-13.27938,0,0,7.612738,0,0,134.9785,-0.01774642,-0.1198824,0.9926296,-0.2077107,0.9715688,0.1136253,-0.9780296,-0.2041633,-0.04214272,386.2113,-36.76163,-105.2248,-7.06524,-0.6596624,-7.289747,10.25208,0.192937,-16.09068,3.278954,-0.02248196,-0.7490183,0.1508387
1719,0.016732,1,100,0,-4.91338,0,0,7.351902,0,0,134.9788,-0.005270433,-0.1197784,0.9927866,-0.2080636,0.971204,0.1160699,-0.978101,-0.2059511,-0.03004019,386.0936,-36.77259,-105.3467,-6.920534,-0.6624924,-6.921258,9.909754,0.1543573,-14.68418,3.197864,-0.02196589,-0.682956,0.1502086
1720,0.01698,1,100,0,3.57662,0,0,7.113338,0,0,134.9792,0.006255157,-0.1198777,0.992769,-0.2083809,0.9708374,0.1185424,-0.9780279,-0.2076156,-0.01890748,385.9764,-36.78383,-105.464,-6.783307,-0.670568,-6.549652,9.577197,0.1195294,-13.15235,3.097495,-0.02099698,-0.6110009,0.1489225
1721,0.016389,1,100,0,11.77112,0,0,6.897321,0,0,134.9805,0.01620407,-0.1201667,0.9926216,-0.2086231,0.9704955,0.1208937,-0.9778621,-0.2090427,-0.009343561,385.8656,-36.79492,-105.571,-6.629395,-0.6925143,-6.18878,9.244182,0.1559757,-11.59288,2.931917,-0.01542662,-0.5377935,0.1437134
1722,0.016687,1,100,0,20.11462,0,0,6.685224,0,0,134.9809,0.02508674,-0.120624,0.9923812,-0.2087561,0.9701762,0.1232022,-0.9776458,-0.2102564,-0.000842439,385.7552,-36.80664,-105.6739,-6.487675,-0.7213789,-5.826905,8.924235,0.1945912,-9.918458,2.74808,-0.009485748,-0.4591781,0.1378817
1723,0.016672,1,100,0,28.45062,0,15.0048,6.499232,0,0,134.982,0.03263045,-0.1212587,0.9920844,-0.2087768,0.9698886,0.1254126,-0.9774187,-0.2112164,0.006331906,385.647,-36.81889,-105.7706,-6.372818,-0.75625,-5.481568,8.642036,0.2322685,-8.160093,2.547452,-0.003421989,-0.376622,0.1314027
1724,0.01668,1,100,0,36.79062,0,30.0168,6.353935,0,0,134.9831,0.0387815,-0.1220792,0.9917625,-0.2086892,0.9696333,0.1275157,-0.9772129,-0.2119153,0.01212723,385.5405,-36.83178,-105.8616,-6.284951,-0.796443,-5.150424,8.395774,0.2653036,-6.322073,2.331205,0.00253694,-0.290333,0.1243184
1725,0.01668,1,100,0,45.13062,0,45.0288,6.248053,0,0,134.9841,0.04347599,-0.1230918,0.9914424,-0.208501,0.9694107,0.1294995,-0.9770552,-0.2123469,0.01648131,385.4352,-36.84537,-105.9471,-6.223525,-0.8410119,-4.832408,8.184852,0.2902347,-4.411469,2.100925,0.008175361,-0.2006493,0.1166827
1726,0.016683,1,100,0,53.47212,0,60.0435,6.179669,0,0,134.985,0.04665937,-0.1243024,0.9911467,-0.2082229,0.9692209,0.131355,-0.9769679,-0.2125084,0.01934063,385.3307,-36.85974,-106.0274,-6.188238,-0.8892279,-4.526027,8.008717,0.3040097,-2.433387,1.858022,0.01331004,-0.1078165,0.1085424
1727,0.016677,1,100,0,61.81062,0,75.0528,6.147142,0,0,134.9859,0.04827934,-0.1257144,0.990891,-0.2078682,0.9690627,0.133073,-0.9769647,-0.2123994,0.02065369,385.2267,-36.87494,-106.1025,-6.178822,-0.9404146,-4.229709,7.866745,0.3039348,-0.394103,1.604026,0.01777992,-0.01213487,0.09994483
1728,0.016614,1,100,0,70.11762,0,90.00539,6.148875,0,0,134.9868,0.04829245,-0.1273244,0.9906848,-0.2074534,0.9689348,0.1346417,-0.9770522,-0.2120231,0.02037835,385.123,-36.89095,-106.1726,-6.194355,-0.9937801,-3.942217,7.757582,0.2878509,1.693401,1.341141,0.02144418,0.08578084,0.09095328
1729,0.01669,1,100,0,78.46262,0,100,6.182577,0,0,134.9874,0.04665701,-0.1291466,0.9905274,-0.206991,0.9688346,0.1360682,-0.97723,-0.2113788,0.01847074,385.0183,-36.90793,-106.2382,-6.233563,-1.049508,-3.657982,7.679922,0.2538175,3.841509,1.069185,0.02423393,0.1865092,0.08157176
1730,0.016738,1,100,0,86.83162,0,100,6.245903,0,0,134.988,0.04331998,-0.1311793,0.9904118,-0.2064986,0.9687595,0.1373436,-0.9774874,-0.2104684,0.0148783,384.9126,-36.9259,-106.2993,-6.290138,-1.106594,-3.372031,7.626423,0.1998126,6.03489,0.7906933,0.02601453,0.2893251,0.07187361
1731,0.016821,1,100,0,95.24212,0,100,6.331264,0,0,134.9887,0.03822836,-0.1334592,0.9903167,-0.2059757,0.9687065,0.138498,-0.9778101,-0.2092757,0.009542722,384.8051,-36.94489,-106.3559,-6.386448,-1.158687,-3.089328,7.615709,0.172114,8.271372,0.597266,0.02972233,0.39456,0.06759279
1732,0.016485,1,100,0,103.4846,0,100,6.457738,0,0,134.9895,0.03152517,-0.1359798,0.99021,-0.2054184,0.9686723,0.139562,-0.9781666,-0.2078071,0.002604811,384.698,-36.96436,-106.4068,-6.495554,-1.208952,-2.806924,7.624032,0.1277469,10.48689,0.3999066,0.03254189,0.4987541,0.06285162
1733,0.016689,1,100,0,88.04729,0,100,6.597651,0,0,134.9888,0.02316791,-0.1387572,0.9900554,-0.2048319,0.9686535,0.1405509,-0.9785231,-0.2060512,-0.005980223,384.5878,-36.98481,-106.454,-6.591299,-1.244311,-2.590805,7.669207,0.05919665,12.12111,0.2030467,0.03268024,0.575345,0.05591008
1734,0.016902,1,100,0,96.49829,0,100,6.721623,0,0,134.9894,0.01337775,-0.1417122,0.9898176,-0.2042493,0.9686468,0.1414417,-0.9788277,-0.2040617,-0.01598632,384.4744,-37.00613,-106.4983,-6.71675,-1.282514,-2.367968,7.725507,-0.02223436,13.86313,-0.002268745,0.03246855,0.6569861,0.04866056
1735,0.016517,1,100,0,104.7568,0,100,6.874108,0,0,134.9901,0.002451925,-0.1447413,0.9894665,-0.2036969,0.9686519,0.1422012,-0.979031,-0.2018999,-0.02710829,384.3614,-37.02759,-106.5378,-6.858202,-1.321291,-2.13996,7.794683,-0.1154625,15.62979,-0.2090431,0.03176993,0.7397603,0.04123987
1736,0.016632,1,100,0,89.37219,0,100,7.039171,0,0,134.9897,-0.009782122,-0.1478809,0.9889568,-0.2031721,0.9686684,0.1428375,-0.9790941,-0.1995312,-0.03952091,384.2452,-37.04976,-106.5743,-6.988439,-1.34662,-1.97658,7.90086,-0.2281118,16.84127,-0.4121098,0.02863943,0.7961857,0.03195464
1737,0.016733,1,100,0,97.73869,0,100,7.189149,0,0,134.9902,-0.02308239,-0.1510548,0.9882559,-0.2027014,0.9686942,0.1433304,-0.9789684,-0.1970124,-0.0529788,384.126,-37.07251,-106.6082,-7.148237,-1.376035,-1.805987,8.010653,-0.3476467,18.17844,-0.6198879,0.02554835,0.8585318,0.0226499
1738,0.016687,1,100,0,106.0822,0,100,7.364673,0,0,134.9908,-0.03742456,-0.1542307,0.9873259,-0.202303,0.9687293,0.1436574,-0.9786078,-0.1943627,-0.0674556,384.0044,-37.09576,-106.6392,-7.318772,-1.41891,-1.618564,8.129459,-0.5269539,19.61569,-0.8767987,0.01909681,0.9252957,0.01042948
1739,0.01668,1,100,0,90.65319,0,100,7.547173,0,0,134.9905,-0.0527434,-0.157347,0.986134,-0.202016,0.9687721,0.1437719,-0.9779612,-0.1916318,-0.08288296,383.88,-37.11964,-106.6674,-7.475596,-1.449726,-1.497206,8.278753,-0.7201977,20.5093,-1.122815,0.01042062,0.9662904,-0.003058188
1740,0.016683,1,100,0,98.99469,0,100,7.712749,0,0,134.991,-0.06880651,-0.1603467,0.9846598,-0.2018566,0.9688218,0.1436621,-0.9769956,-0.1888751,-0.09902826,383.7528,-37.14407,-106.6936,-7.659896,-1.486097,-1.369099,8.424724,-0.9125882,21.54529,-1.36656,0.002252016,1.01404,-0.01603986
1741,0.016612,1,100,0,107.3007,0,100,7.899951,0,0,134.9925,-0.08563586,-0.1632408,0.9828627,-0.2018093,0.9688799,0.143335,-0.975674,-0.1860763,-0.1159144,383.6226,-37.16915,-106.7171,-7.951893,-1.559316,-1.111272,8.595184,-1.090833,22.65336,-1.624307,-0.004732747,1.065196,-0.02980994
1742,0.016842,1,100,0,91.72184,0,100,8.17742,0,0,134.9916,-0.1034264,-0.1660284,0.9806823,-0.2018559,0.9689559,0.1427547,-0.9739391,-0.1831919,-0.1337294,383.4857,-37.19574,-106.7372,-8.175383,-1.596215,-1.033243,8.874743,-1.283771,23.29515,-1.855507,-0.01392893,1.094292,-0.04351081
1743,0.01654,1,100,0,99.99184,0,100,8.392914,0,0,134.9918,-0.1214183,-0.1685996,0.9781778,-0.2020086,0.9690422,0.1419503,-0.9718283,-0.180365,-0.151718,383.3476,-37.22243,-106.7557,-8.40573,-1.635016,-0.9573394,9.081274,-1.464654,24.08549,-2.075244,-0.02195536,1.130493,-0.05607527
1744,0.016675,1,100,0,108.3293,0,100,8.609073,0,0,134.992,-0.1401861,-0.1710593,0.9752367,-0.2022448,0.9691435,0.1409187,-0.9692497,-0.1774817,-0.1704563,383.2042,-37.25007,-106.773,-8.667902,-1.682301,-0.8694588,9.312181,-1.635271,25.02831,-2.290599,-0.02885443,1.173954,-0.06800933
1745,0.016977,1,100,0,92.62561,0,100,8.848144,0,0,134.9918,-0.1598637,-0.1734115,0.9717882,-0.2025517,0.9692644,0.1396404,-0.966135,-0.1745139,-0.190075,383.0537,-37.27898,-106.7895,-8.922509,-1.720277,-0.8510583,9.580286,-1.801812,25.47346,-2.490672,-0.03695626,1.193887,-0.08061324
1746,0.016388,1,100,0,100.8196,0,100,9.082325,0,0,134.9919,-0.1791933,-0.1755002,0.9680339,-0.2029094,0.969398,0.1381869,-0.962662,-0.171661,-0.2093202,382.9043,-37.30754,-106.805,-9.175082,-1.761675,-0.8197212,9.808503,-1.947178,26.06789,-2.675132,-0.04334882,1.220996,-0.09179328
1747,0.016707,1,100,0,85.36564,0,100,9.306498,0,0,134.9918,-0.19918,-0.1774437,0.963764,-0.2033135,0.9695535,0.1364911,-0.9586403,-0.1687599,-0.2291923,382.7477,-37.33732,-106.8206,-9.419127,-1.7946,-0.8555928,10.06977,-2.081903,26.20487,-2.842582,-0.05049829,1.226509,-0.1033178
1748,0.016763,1,100,0,93.74714,0,100,9.528506,0,0,134.9917,-0.2193307,-0.1791825,0.9590557,-0.2037495,0.9697291,0.1345802,-0.9541386,-0.1658896,-0.2491997,382.5863,-37.36781,-106.8368,-9.684022,-1.83506,-0.8829935,10.31657,-2.194547,26.5476,-2.999561,-0.05569815,1.24186,-0.1136039
1749,0.01662,1,100,0,102.0571,0,100,9.764358,0,0,135,-0.2395398,-0.1807422,0.9539146,-0.2041778,0.9699248,0.1325041,-0.9491745,-0.1630282,-0.2692392,382.4218,-37.39876,-106.8533,-10.32898,-1.91546,-1.209794,10.57452,-2.228131,27.25692,-3.117806,-0.05481523,1.274916,-0.1204695
1750,0.016695,1,100,0,86.61426,0,91.6525,10.442,0,0,135,-0.2601547,-0.1822022,0.9482205,-0.2045263,0.9701498,0.130302,-0.9436572,-0.1600374,-0.2896542,382.2457,-37.43119,-106.8755,-10.97421,-1.996197,-1.570061,11.26425,-2.255499,27.47293,-3.218154,-0.05511037,1.284668,-0.1277011
1751,0.016736,1,100,0,94.98225,0,83.2845,11.13014,0,0,135,-0.2809266,-0.1835271,0.942018,-0.2047953,0.9704016,0.1279833,-0.9376242,-0.1569669,-0.3101971,382.0584,-37.46505,-106.9039,-11.61665,-2.076857,-1.964584,11.96325,-2.27244,27.90075,-3.300108,-0.05413688,1.304518,-0.1332571
1752,0.016687,1,100,0,103.3258,0,74.941,11.82746,0,0,135,-0.3018761,-0.1847583,0.9352728,-0.2049671,0.9706772,0.1255954,-0.9310528,-0.1537859,-0.3308936,381.8611,-37.50015,-106.9391,-12.25114,-2.156651,-2.392023,12.66741,-2.280765,28.51789,-3.363089,-0.05204888,1.333393,-0.1372096
1753,0.016671,1,100,0,87.90508,0,66.6055,12.52962,0,0,135,-0.3229958,-0.1859048,0.9279619,-0.205038,0.9709752,0.1231543,-0.923923,-0.1504891,-0.3517385,381.6533,-37.53654,-106.9815,-12.87705,-2.235198,-2.853948,13.37757,-2.282376,28.6417,-3.407407,-0.05114687,1.338979,-0.1413898
1754,0.016631,1,100,0,96.22057,0,58.29,13.23762,0,0,135,-0.3440501,-0.1869373,0.9201543,-0.2050133,0.971292,0.1206709,-0.9162965,-0.147127,-0.3724977,381.4357,-37.57414,-107.0317,-13.49164,-2.311978,-3.350117,14.0923,-2.273846,28.97607,-3.433359,-0.04898326,1.354596,-0.1439177
1755,0.016694,1,100,0,104.5676,0,49.943,13.95041,0,0,135,-0.3652977,-0.1879087,0.911728,-0.204881,0.9716278,0.1181654,-0.9080646,-0.1436302,-0.3934324,381.2071,-37.61316,-107.0906,-14.09687,-2.386907,-3.883797,14.81563,-2.257156,29.50468,-3.441336,-0.04569897,1.379457,-0.1449308
1756,0.016998,1,100,0,88.84442,0,41.444,14.67171,0,0,135,-0.3869974,-0.1888363,0.9025375,-0.2046352,0.9719857,0.1156217,-0.8990871,-0.1399456,-0.4147985,380.9641,-37.65415,-107.1598,-14.69886,-2.460263,-4.464188,15.55759,-2.233883,29.53329,-3.431378,-0.04364472,1.380721,-0.1461786
1757,0.016356,1,100,0,97.02242,0,33.266,15.4116,0,0,135,-0.4077409,-0.1896443,0.8931867,-0.2043017,0.9723424,0.1131869,-0.8899485,-0.1363287,-0.4352084,380.7206,-37.69476,-107.2361,-15.26315,-2.527651,-5.058082,16.27688,-2.202234,29.767,-3.404727,-0.04045518,1.391749,-0.1458492
1758,0.01666,1,100,0,105.3524,0,24.936,16.12933,0,0,135,-0.428856,-0.1904254,0.8830746,-0.2038575,0.9727156,0.1107543,-0.8800709,-0.1325238,-0.4559746,380.4632,-37.73724,-107.3239,-15.82063,-2.592302,-5.698052,17.01412,-2.163114,30.19975,-3.361295,-0.0361507,1.412231,-0.1441237
1759,0.016942,1,100,0,89.68108,0,16.465,16.86499,0,0,135,-0.4502664,-0.1911815,0.8721868,-0.2033013,0.973103,0.1083478,-0.8694417,-0.1285314,-0.477023,380.192,-37.78151,-107.4243,-16.36764,-2.653151,-6.384899,17.76811,-2.118149,30.13551,-3.30094,-0.03313028,1.409272,-0.1425848
1760,0.01641,1,100,0,97.88608,0,8.26,17.61747,0,0,135,-0.4707541,-0.1918534,0.8611521,-0.2026748,0.9734828,0.1060858,-0.8586696,-0.1245935,-0.4971548,379.9206,-37.82534,-107.5329,-16.87695,-2.706881,-7.084442,18.50265,-2.066985,30.28257,-3.227409,-0.02906575,1.416345,-0.1397103
1761,0.016701,1,100,0,82.43765,0,0,18.35105,0,0,135,-0.4913283,-0.1924872,0.8494382,-0.2019533,0.9738715,0.1038714,-0.8472375,-0.1205118,-0.5173641,379.636,-37.87082,-107.6553,-17.37272,-2.755608,-7.829682,19.2538,-2.009507,29.96181,-3.138438,-0.02618535,1.40137,-0.136925
1762,0.016676,1,100,0,67.01235,0,0,19.1017,0,0,135,-0.511289,-0.1930264,0.8374511,-0.2011682,0.9742589,0.1017404,-0.8355328,-0.1164498,-0.5369586,379.3436,-37.91703,-107.7902,-17.85305,-2.800252,-8.600904,20.01371,-1.944572,29.2358,-3.036129,-0.02425052,1.36732,-0.1340501
1763,0.016669,1,100,0,51.59353,0,0,19.86123,0,0,135,-0.530406,-0.1934431,0.8253784,-0.2003369,0.9746426,0.09968524,-0.8237324,-0.1124801,-0.5557101,379.0434,-37.96393,-107.938,-18.31825,-2.840523,-9.398026,20.7834,-1.870564,28.13861,-2.92131,-0.02306667,1.31582,-0.1309513
1764,0.016689,1,100,0,43.24903,0,0,20.63141,0,0,135,-0.5485339,-0.1937266,0.8133761,-0.1994725,0.9750204,0.09770384,-0.8119861,-0.1086523,-0.5734749,378.7352,-38.01154,-108.0994,-18.76964,-2.876401,-10.22057,21.56463,-1.786173,26.89761,-2.794642,-0.02179267,1.257609,-0.1271471
1765,0.01666,1,100,0,34.91903,0,0,21.41446,0,0,135,-0.5655551,-0.1938863,0.8015956,-0.1985875,0.9753886,0.09581172,-0.8004438,-0.1050001,-0.5901394,378.42,-38.05964,-108.2743,-19.20722,-2.907857,-11.06377,22.35576,-1.691921,25.52899,-2.657353,-0.02039572,1.193455,-0.1226514
1766,0.01669,1,100,0,26.57403,0,0,22.20879,0,0,135,-0.581478,-0.193935,0.7901093,-0.1976891,0.9757464,0.09401169,-0.7891784,-0.1015302,-0.6057139,378.097,-38.10833,-108.4638,-19.63417,-2.935191,-11.92809,23.16021,-1.588029,24.03826,-2.509869,-0.01885795,1.123615,-0.1174666
1767,0.016686,1,100,0,18.23103,0,0,23.01789,0,0,134.928,-0.5962261,-0.1938858,0.7790526,-0.1967891,0.9760902,0.09231627,-0.7783244,-0.09826772,-0.6201251,377.8186,-38.13784,-108.7452,-17.12532,-2.040235,-15.55298,23.97705,-1.595837,20.32172,-1.834338,-0.03212771,0.9494072,-0.08201926
1768,0.016732,1,100,0,9.865029,0,0,23.17434,0,0,134.972,-0.6084722,-0.1940822,0.7694762,-0.1963738,0.9763006,0.09096397,-0.7688946,-0.0957559,-0.6321644,377.5414,-38.16753,-109.0284,-16.69863,-1.910574,-16.15517,24.08595,-1.547665,18.13823,-1.557299,-0.03645897,0.8470461,-0.06886639
1769,0.01675,1,100,0,1.490029,0,0,23.23516,0,0,134.984,-0.6192268,-0.1942953,0.7607939,-0.1961235,0.9764637,0.08974479,-0.7603246,-0.09363723,-0.6427584,377.2594,-38.19951,-109.3045,-16.75548,-1.956997,-16.06323,24.16863,-1.471786,16.27896,-1.381741,-0.03791468,0.7599182,-0.06137686
1770,0.016918,1,100,0,-6.96897,0,0,23.24763,0,0,135,-0.6288151,-0.1944688,0.7528437,-0.1959493,0.9766033,0.08860131,-0.7524598,-0.09180536,-0.6522089,376.9713,-38.23345,-109.5785,-17.57581,-2.10527,-16.45592,24.16896,-1.260282,14.6051,-1.231286,-0.03015686,0.6819614,-0.05502655
1771,0.0164,1,100,0,-15.16897,0,0,24.15106,0,0,135,-0.637031,-0.1946119,0.745867,-0.1957879,0.9767233,0.08762823,-0.7455592,-0.09020984,-0.6603056,376.6789,-38.26848,-109.851,-18.33517,-2.196649,-16.93663,25.057,-1.20794,12.89323,-1.047751,-0.03265109,0.6017401,-0.04640565
1772,0.01673,1,100,0,-23.53397,0,0,25.05147,0,0,135,-0.644291,-0.1947708,0.739563,-0.1957056,0.9768175,0.08675957,-0.7393163,-0.08883825,-0.6674725,376.368,-38.30543,-110.1375,-19.08812,-2.232933,-17.50788,25.99747,-1.001579,11.0545,-0.8310823,-0.02582156,0.516126,-0.0357676
1773,0.016866,1,100,0,-31.96697,0,0,25.99656,0,0,135,-0.6504373,-0.1949664,0.7341114,-0.1956118,0.9768921,0.08612856,-0.7339398,-0.08757959,-0.6735448,376.0421,-38.34335,-110.4363,-19.79764,-2.277494,-18.1301,26.94131,-0.6518778,9.116598,-0.6060362,-0.01024357,0.4263463,-0.02467897
1774,0.016502,1,100,0,-40.21797,14.8518,0,26.94117,0,0,135,-0.655275,-0.1951919,0.7297361,-0.1954466,0.9769527,0.08581458,-0.729668,-0.08639225,-0.6783223,375.7116,-38.3811,-110.7391,-20.47743,-2.308742,-18.79345,27.88995,-0.3055671,7.085499,-0.3903636,0.004795911,0.3321568,-0.01423109
1775,0.016633,1,100,0,-48.53447,29.8215,0,27.8892,0,0,135,-0.6589239,-0.1954411,0.7263762,-0.1952097,0.9770021,0.08579305,-0.7264385,-0.08526459,-0.681922,375.3672,-38.41962,-111.0556,-21.15936,-2.330854,-19.5053,28.87227,0.04570059,4.903021,-0.1786837,0.01962194,0.2308517,-0.004171736
1776,0.016723,1,100,0,-56.89597,44.8722,0,28.8708,0,0,135,-0.6612909,-0.1957014,0.7241516,-0.1949044,0.9770396,0.08605866,-0.7243667,-0.08423049,-0.6842504,375.0096,-38.4587,-111.386,-21.85013,-2.347658,-20.25529,29.88673,0.39184,2.578882,0.02803713,0.03362283,0.1228524,0.005457774
1777,0.016696,1,100,0,-65.24397,59.8986,0,29.88494,0,0,135,-0.6622903,-0.1959586,0.723168,-0.19454,0.9770648,0.0865944,-0.7235509,-0.08333449,-0.6852224,374.6408,-38.49797,-111.7285,-22.55317,-2.361995,-21.0305,30.92743,0.7261587,0.1360452,0.2276646,0.04644974,0.009213977,0.01455183
1778,0.016719,1,100,0,-73.60347,74.9457,0,30.92577,0,0,135,-0.6618635,-0.1962005,0.723493,-0.1941241,0.9770775,0.0873808,-0.7240529,-0.08261327,-0.6847792,374.2597,-38.53755,-112.0845,-23.27812,-2.376706,-21.82635,31.99858,1.046559,-2.428588,0.4202142,0.05795846,-0.1102181,0.02309305
1779,0.016622,1,100,0,-81.91447,89.9055,0,31.99717,0,0,135,-0.6599483,-0.1964298,0.7251784,-0.1937242,0.9770688,0.08836102,-0.7259059,-0.08217086,-0.6828681,373.8688,-38.57734,-112.4518,-24.00103,-2.427443,-22.63142,33.07753,1.179588,-5.089758,0.6578089,0.05722102,-0.2347743,0.03447281
1780,0.016665,1,100,0,-90.24696,100,0,33.07623,0,0,135,-0.6564583,-0.1966691,0.7282746,-0.1934586,0.9770212,0.08946136,-0.729134,-0.08216334,-0.6794209,373.4646,-38.61813,-112.8335,-24.75791,-2.489042,-23.43983,34.18443,1.285655,-7.840514,0.8853282,0.05444751,-0.3636649,0.04506815
1781,0.016955,1,100,0,-98.72446,100,0,34.18185,0,0,135,-0.6512416,-0.1969018,0.7328807,-0.1933379,0.9769337,0.0906701,-0.733829,-0.08264548,-0.6742885,373.0403,-38.66076,-113.2354,-25.56313,-2.56487,-24.24458,35.32494,1.370094,-10.6654,1.104977,0.05002934,-0.496147,0.05496715
1782,0.016413,1,100,0,-106.931,100,0,35.31878,0,0,135,-0.6445384,-0.197095,0.7387313,-0.1933701,0.9768124,0.09190136,-0.7397152,-0.08361458,-0.6677054,372.6162,-38.70335,-113.6375,-26.38298,-2.653172,-24.99899,36.44243,1.432779,-13.41226,1.305106,0.04449171,-0.6250755,0.06357159
1783,0.016674,1,100,0,-91.50751,100,0,36.4297,0,0,135,-0.6361605,-0.1972525,0.7459165,-0.1935455,0.9766544,0.09320278,-0.7468871,-0.08507688,-0.6594863,372.1714,-38.74818,-114.0584,-27.26112,-2.759436,-25.7336,37.58991,1.481725,-15.55942,1.495443,0.04013531,-0.7258335,0.0722053
1784,0.016938,1,100,0,-99.97651,100,0,37.5667,0,0,135,-0.6262321,-0.1973808,0.7542376,-0.1938562,0.9764603,0.09457976,-0.7551513,-0.08698474,-0.6497543,371.7043,-38.79563,-114.4983,-28.20406,-2.885944,-26.44012,38.76696,1.517962,-17.81805,1.674729,0.03459135,-0.8319286,0.07971612
1785,0.016434,1,100,0,-108.1935,100,0,38.72894,0,0,135,-0.6151453,-0.1974376,0.7632921,-0.194282,0.9762423,0.09594659,-0.7641016,-0.08927284,-0.6388894,371.2355,-38.84383,-114.9364,-29.1715,-3.02819,-27.08098,39.91899,1.543643,-20.06886,1.834223,0.02842669,-0.9377472,0.08568931
1786,0.016669,1,100,0,-92.77469,100,0,39.86207,0,0,135,-0.6025019,-0.1974079,0.7733186,-0.1948238,0.9759947,0.09735619,-0.7739737,-0.09200355,-0.6264985,370.7435,-38.89522,-115.3911,-30.20706,-3.192995,-27.68037,41.0958,1.56372,-21.75035,1.981395,0.02389434,-1.016799,0.09143071
1787,0.016858,1,100,0,-101.2037,100,0,41.01495,0,0,135,-0.5884645,-0.1972886,0.7840835,-0.1954625,0.9757209,0.09881075,-0.784541,-0.09511233,-0.6127396,370.2281,-38.9501,-115.8609,-31.3114,-3.381598,-28.22871,42.29301,1.578693,-23.56626,2.114923,0.01862123,-1.102254,0.09576055
1788,0.016496,1,100,0,-85.94489,100,0,42.18356,0,0,135,-0.573531,-0.1970721,0.7951255,-0.1962413,0.9754217,0.100208,-0.7953308,-0.09856403,-0.5981083,369.7052,-39.0067,-116.3292,-32.46979,-3.531286,-28.7148,43.48904,1.326779,-24.789,2.264069,-0.00149885,-1.160653,0.1018447
1789,0.016682,1,100,0,-94.28589,100,0,43.34684,0,0,135,-0.5573894,-0.19677,0.8065971,-0.1973309,0.9750679,0.1015054,-0.8064601,-0.1025884,-0.5823212,369.1567,-39.06653,-116.8107,-33.69886,-3.697342,-29.13877,44.70292,1.05022,-26.17559,2.399438,-0.02368885,-1.226923,0.1063591
1790,0.016697,1,100,0,-102.6344,100,0,44.52422,0,0,135,-0.5400673,-0.1963247,0.8184034,-0.1987368,0.9746612,0.1026618,-0.8178211,-0.1072026,-0.5653996,368.5869,-39.12927,-117.2992,-34.98615,-3.879352,-29.4916,45.92205,0.7562353,-27.70032,2.519076,-0.04736571,-1.299839,0.1091429
1791,0.016668,1,100,0,-87.21649,100,0,45.70282,0,0,135,-0.5216423,-0.1957005,0.830416,-0.2004445,0.9742043,0.1036733,-0.8292838,-0.1123719,-0.5474133,367.9963,-39.19501,-117.7923,-36.32885,-4.074768,-29.76844,47.14392,0.4892206,-28.68195,2.62329,-0.06736784,-1.347103,0.1114675
1792,0.016669,1,100,0,-95.55099,100,0,46.88046,0,0,135,-0.5022612,-0.1948884,0.842468,-0.2024203,0.9737,0.1045677,-0.8406901,-0.1180124,-0.5285012,367.383,-39.26412,-118.2897,-37.72427,-4.290833,-29.96549,48.36799,0.2297926,-29.83352,2.712824,-0.08733991,-1.40243,0.1120893
1793,0.016684,1,100,0,-103.893,100,0,48.05759,0,0,135,-0.481784,-0.1938378,0.8545823,-0.2045929,0.9731569,0.1053907,-0.8520713,-0.1240659,-0.5085093,366.7457,-39.33728,-118.7903,-39.14178,-4.575214,-30.08239,49.57784,0.2110396,-31.14174,2.829989,-0.0924228,-1.464325,0.1135929
1794,0.016671,1,100,0,-88.47232,100,0,49.2164,0,0,135,-0.4602785,-0.1925495,0.8666421,-0.2068043,0.9725955,0.1062552,-0.8633516,-0.1303184,-0.4874848,366.085,-39.4153,-119.292,-40.60336,-4.890493,-30.11201,50.78664,0.2277381,-31.92576,2.930664,-0.09331806,-1.501403,0.1148218
1795,0.01699,1,100,0,-96.96732,100,0,50.37145,0,0,135,-0.4374763,-0.1909947,0.8787125,-0.2090436,0.9720129,0.1071997,-0.8745944,-0.1367919,-0.4651588,365.3866,-39.50037,-119.8033,-42.12378,-5.241427,-30.04292,52.00445,0.2750907,-32.91858,3.017071,-0.09276364,-1.548307,0.114331
1796,0.016414,1,100,0,-105.1743,100,0,51.53294,0,0,135,-0.4144678,-0.1892032,0.890179,-0.2111576,0.9714493,0.1081617,-0.8852283,-0.1431385,-0.4425862,364.687,-39.5884,-120.2956,-43.61438,-5.608662,-29.87618,53.16256,0.3523209,-34.03984,3.086249,-0.09052996,-1.601241,0.1122582
1797,0.016676,1,100,0,-89.74902,100,0,52.63428,0,0,135,-0.3901483,-0.1870707,0.901548,-0.2132173,0.9708844,0.1091874,-0.8957247,-0.1496264,-0.4186756,363.9512,-39.68412,-120.7923,-45.14466,-6.004191,-29.60298,54.31783,0.4388431,-34.6699,3.142222,-0.0858279,-1.630967,0.1102723
1798,0.016949,1,100,0,-98.22353,100,0,53.72961,0,0,135,-0.3646474,-0.184597,0.9126644,-0.2151918,0.9703251,0.1102815,-0.9059387,-0.156184,-0.3935503,363.1772,-39.78828,-121.2919,-46.71153,-6.428187,-29.21592,55.46944,0.5313044,-35.51469,3.185152,-0.08116639,-1.670885,0.1066836
1799,0.016448,1,100,0,-106.4475,100,0,54.8197,0,0,135,-0.3390117,-0.1818458,0.9230402,-0.2169837,0.969802,0.1113651,-0.9154174,-0.1625306,-0.3682318,362.4005,-39.89637,-121.7699,-48.23827,-6.85956,-28.73305,56.56476,0.6246703,-36.50805,3.213859,-0.07665411,-1.717876,0.1017111
1800,0.01667,1,100,0,-91.02777,100,0,55.85347,0,0,135,-0.3121803,-0.178691,0.9330665,-0.2186602,0.9692977,0.1124715,-0.9245169,-0.1689132,-0.3416682,361.5877,-40.01324,-122.2456,-49.78608,-7.31505,-28.13499,57.65189,0.7217449,-37.01515,3.231326,-0.07003526,-1.74187,0.09719563
1801,0.016691,1,100,0,-99.37327,91.6545,0,56.87651,0,0,135,-0.284671,-0.1752368,0.9424728,-0.2200946,0.9688346,0.1136595,-0.9330175,-0.1750776,-0.3143678,360.7479,-40.13771,-122.7113,-51.35619,-7.743515,-27.41209,58.72685,1.109038,-37.64958,3.353853,-0.0451573,-1.770691,0.09884256
1802,0.016687,1,100,0,-107.7168,83.311,0,57.88942,0,0,135,-0.2564414,-0.1715412,0.9512158,-0.221129,0.9684368,0.115032,-0.9409251,-0.1808424,-0.2862801,359.8822,-40.26929,-123.1639,-52.9129,-8.169193,-26.53787,59.75591,1.438004,-38.39721,3.465666,-0.02406437,-1.805066,0.09960671
1803,0.016653,1,100,0,-92.31274,74.9845,0,58.86167,0,0,135,-0.2276356,-0.1676147,0.9592119,-0.2218966,0.968085,0.1165058,-0.9481267,-0.186325,-0.2575637,358.9927,-40.4079,-123.6002,-54.41192,-8.631561,-25.50808,60.71098,1.414276,-38.57979,3.524793,-0.02347329,-1.813844,0.09907242
1804,0.016664,1,100,0,-100.6447,66.6525,0,59.76763,0,0,135,-0.198433,-0.1634714,0.9663858,-0.2226085,0.9677414,0.1179914,-0.9544998,-0.1917123,-0.228422,358.0778,-40.5544,-124.0188,-55.87471,-9.111588,-24.33697,61.62217,1.389344,-38.90627,3.572073,-0.02318393,-1.829477,0.09733982
1805,0.016699,1,100,0,-85.19817,58.30301,0,60.6383,0,0,135,-0.1688782,-0.1591116,0.9727096,-0.2232582,0.967409,0.1194833,-0.9600191,-0.1969873,-0.1988973,357.1368,-40.70931,-124.418,-57.29449,-9.607542,-23.02901,62.49239,1.363983,-38.6954,3.607991,-0.02124616,-1.819653,0.09672597
1806,0.016743,1,100,0,-93.56967,49.9315,0,61.47678,0,0,135,-0.1392076,-0.1545888,0.9781225,-0.2238324,0.9670888,0.1209889,-0.9646348,-0.2020929,-0.1692281,356.1698,-40.87302,-124.7956,-58.66381,-10.11715,-21.59048,63.32415,1.336841,-38.65653,3.632926,-0.01979539,-1.818014,0.09496945
1807,0.016599,1,100,0,-101.8692,41.632,0,62.28748,0,0,134.6953,-0.109661,-0.1499168,0.9825984,-0.2243304,0.9667873,0.1224685,-0.9683238,-0.2069966,-0.1396498,355.2777,-41.00097,-125.2978,-49.8504,-6.325336,-33.55543,64.11121,0.272355,-33.2599,5.569457,-0.07156615,-1.557947,0.2341167
1808,0.016752,1,100,0,-86.37357,33.256,0,54.26665,0,0,134.6479,-0.08348989,-0.1481986,0.9854272,-0.2258022,0.9659719,0.1261418,-0.9705891,-0.2119801,-0.1141125,354.4723,-41.09273,-125.9026,-46.74339,-5.459634,-33.75585,59.71188,-0.1206326,-31.78913,6.11763,-0.0921395,-1.487589,0.2714235
1809,0.01698,1,100,0,-94.86357,24.766,0,50.37792,0,0,134.6264,-0.05785844,-0.1471497,0.9874207,-0.2275532,0.9649854,0.1304726,-0.9720455,-0.2171418,-0.08931692,353.6913,-41.18038,-126.4864,-44.40031,-5.057279,-32.27501,56.77294,-0.3735198,-31.1268,6.450568,-0.1061706,-1.456067,0.2921577
1810,0.016435,1,100,0,-103.0811,16.5485,0,47.13998,0,0,134.6074,-0.0333949,-0.1464186,0.988659,-0.2293622,0.9639323,0.1350093,-0.9727682,-0.2222524,-0.06577332,352.9723,-41.25988,-127.0226,-42.07908,-4.711412,-30.67217,53.8283,-0.5629398,-30.75927,6.718443,-0.117065,-1.438623,0.3077469
1811,0.016721,1,100,0,-87.61414,8.188004,0,43.99773,0,0,134.5906,-0.008832362,-0.1458817,0.9892627,-0.2312199,0.9627886,0.1399133,-0.9728616,-0.2275014,-0.04223444,352.2792,-41.33569,-127.5389,-39.72532,-4.419056,-28.9574,50.80847,-0.6379253,-29.95044,6.94171,-0.1196564,-1.400069,0.3221474
1812,0.016731,1,100,0,-72.13797,0,0,40.87558,0,0,134.5764,0.01506791,-0.1456404,0.9892229,-0.2329002,0.9616116,0.1451229,-0.972384,-0.2325769,-0.01943022,351.6248,-41.40695,-128.025,-37.3758,-4.123008,-27.19557,47.77073,-0.4507907,-28.76176,7.183752,-0.1047829,-1.342645,0.3393093
1813,0.0166,1,100,0,-56.78297,0,0,37.83097,0,0,134.5819,0.03782845,-0.1458002,0.9885906,-0.2341645,0.9604599,0.1506117,-0.9714609,-0.2371903,0.002191473,351.0126,-41.47369,-128.4756,-35.61306,-4.102594,-24.69506,44.78977,-0.09746194,-27.57479,7.270203,-0.07944383,-1.285425,0.3469574
1814,0.016695,1,100,0,-41.3401,0,0,35.51567,0,0,134.5773,0.05971574,-0.146229,0.9874468,-0.2348804,0.9593794,0.1562769,-0.9701883,-0.2412641,0.02294374,350.4264,-41.5405,-128.8876,-33.50488,-3.89521,-23.04684,42.05541,0.2273509,-25.85103,7.395614,-0.05473399,-1.202395,0.3597229
1815,0.01667,1,100,0,-33.0051,0,0,32.91704,0,0,134.5753,0.08022945,-0.1471056,0.9858617,-0.2351177,0.9583488,0.1621341,-0.9686503,-0.2448015,0.04230067,349.8764,-41.6041,-129.2713,-31.39696,-3.735507,-21.49086,39.37078,0.3883759,-24.08374,7.456182,-0.04049147,-1.117846,0.3691448
1816,0.016679,1,100,0,-24.6656,0,0,30.41806,0,0,134.5765,0.09937051,-0.1484055,0.9839213,-0.234991,0.9573461,0.1681299,-0.9669046,-0.2479198,0.06025801,349.3609,-41.6654,-129.6285,-29.34413,-3.598372,-19.98881,36.76641,0.5682334,-22.28171,7.458532,-0.0250523,-1.031726,0.3754064
1817,0.016639,1,100,0,-16.3461,0,0,28.0606,0,0,134.581,0.1170495,-0.150097,0.9817181,-0.2344946,0.9563854,0.1741824,-0.965045,-0.2505956,0.0767475,348.8802,-41.72456,-129.9592,-27.36411,-3.481244,-18.54875,34.26218,0.7611085,-20.45335,7.402932,-0.008754695,-0.9444527,0.3784717
1818,0.01669,1,100,0,-8.001097,0,0,25.85642,0,0,134.589,0.1333312,-0.1521586,0.9793216,-0.2336262,0.9554713,0.1802604,-0.9631419,-0.2528295,0.09184594,348.4308,-41.7822,-130.2664,-25.4634,-3.381609,-17.1696,31.8643,0.9628848,-18.58519,7.29074,0.008220613,-0.8553881,0.3784518
1819,0.016715,1,100,0,0.3564034,0,0,23.80288,0,0,134.6007,0.1481539,-0.1545851,0.9768081,-0.2324383,0.9545974,0.1863244,-0.9612615,-0.2546523,0.1054959,348.0117,-41.83831,-130.5506,-23.67833,-3.269413,-15.84855,29.59815,1.025576,-16.68638,7.192592,0.01641899,-0.7650576,0.3798106
1820,0.016925,1,100,0,8.818903,0,0,21.92167,0,0,134.616,0.1616389,-0.1574214,0.9742132,-0.2310186,0.9537279,0.1924412,-0.9594287,-0.2561674,0.1177923,347.6172,-41.89337,-130.8157,-21.98255,-3.165438,-14.58455,27.4464,1.080629,-14.72247,7.038437,0.02438166,-0.6717873,0.3781333
1821,0.01642,1,100,0,17.0289,0,0,20.18363,0,0,134.6338,0.1732125,-0.1605132,0.9717166,-0.2294604,0.9529021,0.1983076,-0.9577819,-0.2573198,0.1282232,347.2617,-41.94518,-131.0522,-20.41959,-3.06488,-13.41632,25.45646,1.120679,-12.8017,6.834558,0.03143211,-0.580745,0.373336
1822,0.01662,1,100,0,25.33891,0,0,18.62588,0,0,134.655,0.1834096,-0.1639371,0.9692706,-0.2277286,0.9520891,0.2041229,-0.9562953,-0.2581687,0.1372891,346.9274,-41.99601,-131.272,-18.95378,-2.96906,-12.30644,23.59246,1.14941,-10.81622,6.580389,0.03811007,-0.4867684,0.3658034
1823,0.016987,1,100,0,33.83241,0,0,17.20238,0,0,134.6776,0.1922231,-0.1677123,0.9669142,-0.225826,0.9512868,0.209896,-0.9550148,-0.2587013,0.1449855,346.6104,-42.04613,-131.4782,-17.51497,-2.821789,-11.348,21.84307,1.159614,-8.713266,6.283643,0.04414584,-0.3873098,0.3562306
1824,0.016438,1,100,0,42.05141,0,0,15.81176,0,0,134.7041,0.1991378,-0.1716269,0.9648256,-0.2238926,0.9505367,0.215296,-0.9540527,-0.2588909,0.1508618,346.3263,-42.09246,-131.6614,-16.26585,-2.713265,-10.35848,20.21544,1.160228,-6.693804,5.937646,0.04962272,-0.2920098,0.3432826
1825,0.01662,1,100,0,50.36141,0,0,14.65822,0,0,134.7336,0.2045326,-0.1757829,0.962947,-0.2218723,0.9498145,0.2205119,-0.9533833,-0.2587531,0.1552667,346.0595,-42.13749,-131.8304,-15.11658,-2.608701,-9.429026,18.72915,1.137367,-4.611207,5.550002,0.05407847,-0.193847,0.3280518
1826,0.01675,1,100,0,58.73641,0,15.075,13.62289,0,0,134.7666,0.2083043,-0.1801518,0.9613297,-0.2198057,0.9491252,0.225493,-0.9530452,-0.2582768,0.1581084,345.8092,-42.18113,-131.9855,-14.10605,-2.510278,-8.57271,17.4025,1.092012,-2.451213,5.118937,0.05766558,-0.0921413,0.3104524
1827,0.016672,1,100,0,67.07241,0,30.0798,12.73663,0,0,134.8023,0.2103494,-0.1846607,0.960028,-0.2177571,0.9484791,0.2301515,-0.9530663,-0.2574652,0.1593008,345.5763,-42.22291,-132.1259,-13.23224,-2.413948,-7.788171,16.23515,1.004228,-0.2528971,4.662632,0.05902787,0.01124622,0.2914334
1828,0.016679,1,100,0,75.41191,0,45.0909,11.99205,0,0,134.8406,0.2106538,-0.1893114,0.9590548,-0.2157616,0.9478707,0.2344952,-0.9534525,-0.2563245,0.1588264,345.3573,-42.26308,-132.2536,-12.47739,-2.321796,-7.064789,15.21061,0.8853015,1.993169,4.174491,0.05894672,0.1167689,0.2705698
1829,0.016702,1,100,0,83.76291,0,60.1227,11.36966,0,0,134.8813,0.2091752,-0.1940853,0.9584242,-0.2138548,0.947302,0.2385066,-0.9542078,-0.2548533,0.1566461,345.1501,-42.30174,-132.3696,-11.83152,-2.234329,-6.393906,14.31533,0.7330574,4.28541,3.658334,0.05730667,0.2243558,0.2480543
1830,0.016672,1,100,0,92.09891,0,75.1275,10.85757,0,0,134.9241,0.205882,-0.1989445,0.9581407,-0.2120791,0.9467751,0.2421555,-0.9553193,-0.2530571,0.152732,344.9536,-42.33886,-132.4745,-11.28618,-2.152334,-5.769278,13.53869,0.5465935,6.611264,3.119782,0.05402967,0.333418,0.2241433
1831,0.016685,1,100,0,100.4414,0,90.144,10.44542,0,0,134.9688,0.2007351,-0.2038791,0.9581957,-0.2104647,0.9462906,0.2454368,-0.956771,-0.2509342,0.1470444,344.7655,-42.37464,-132.5694,-10.83317,-2.076939,-5.182885,12.87192,0.3253015,8.974737,2.561652,0.04910946,0.4441513,0.1989866
1832,0.016694,1,100,0,84.99946,0,100,10.12393,0,0,134.9785,0.1938683,-0.2088065,0.9585485,-0.2090593,0.9458491,0.2483227,-0.9584936,-0.2485354,0.1397172,344.5847,-42.40905,-132.6551,-10.42732,-1.989841,-4.692148,12.30027,0.06066523,10.71971,1.997966,0.03969352,0.5249724,0.1706915
1833,0.016671,1,100,0,93.33496,0,100,9.833488,0,0,134.9799,0.1855825,-0.2135987,0.9591323,-0.2079255,0.9454497,0.2507831,-0.9603782,-0.245969,0.1310463,344.4107,-42.44197,-132.7326,-10.08302,-1.911934,-4.217578,11.78946,-0.2267092,12.52947,1.426149,0.02937198,0.6088353,0.1419776
1834,0.016931,1,100,0,101.8005,0,100,9.601091,0,0,134.981,0.1756525,-0.2183329,0.959936,-0.2070599,0.9450904,0.2528449,-0.9624306,-0.2431771,0.1207995,344.2395,-42.4741,-132.8033,-9.80138,-1.844361,-3.752968,11.35474,-0.5383227,14.4376,0.8403976,0.018201,0.6973259,0.1125778
1835,0.016468,1,100,0,86.56756,0,100,9.428298,0,0,134.9816,0.1646275,-0.2227544,0.9608737,-0.2065181,0.9447892,0.2544085,-0.9644937,-0.2403204,0.1095354,344.0776,-42.50414,-132.8651,-9.541721,-1.76808,-3.375516,10.97716,-0.8679934,15.71095,0.276603,0.003737753,0.7552623,0.08179138
1836,0.016645,1,100,0,94.89006,0,100,9.258098,0,0,134.9827,0.1523879,-0.226946,0.9619115,-0.2063023,0.9445341,0.255529,-0.9665495,-0.2373841,0.09711611,343.918,-42.53325,-132.9213,-9.340096,-1.703895,-3.005593,10.65697,-1.202464,17.10932,-0.2916299,-0.01039442,0.8192025,0.05105921
1837,0.016841,1,100,0,103.3106,0,100,9.140252,0,0,134.9838,0.1387951,-0.2309246,0.9630212,-0.2064032,0.9443325,0.256191,-0.968573,-0.2343287,0.08340514,343.7596,-42.56166,-132.972,-9.196567,-1.653144,-2.64107,10.40365,-1.540077,18.62811,-0.8618575,-0.02409807,0.8889384,0.02047735
1838,0.016454,1,100,0,88.09061,0,100,9.074646,0,0,134.9841,0.1244201,-0.2345227,0.9641156,-0.2068074,0.9441965,0.2563661,-0.9704382,-0.2312833,0.06897596,343.6073,-42.5885,-133.0161,-9.065519,-1.595611,-2.357071,10.19865,-1.877212,19.56693,-1.402581,-0.03999098,0.9308208,-0.01067559
1839,0.016724,1,100,0,96.45261,0,100,9.003983,0,0,134.9851,0.1089513,-0.2378246,0.9651784,-0.2075236,0.9441221,0.2560619,-0.972144,-0.2281956,0.05350914,343.4543,-42.61483,-133.0562,-8.995121,-1.54819,-2.078327,10.04747,-2.177809,20.66416,-1.924162,-0.05293368,0.9805571,-0.04018295
1840,0.016618,1,100,0,104.7616,0,100,8.986633,0,0,134.9862,0.09261647,-0.2407991,0.9661459,-0.2084808,0.9441189,0.2552945,-0.9736313,-0.2250674,0.03723896,343.3032,-42.64027,-133.0915,-8.970405,-1.516212,-1.80283,9.943657,-2.461126,21.8759,-2.430373,-0.06432329,1.035932,-0.0684559
1841,0.016704,1,100,0,89.31041,0,100,9.00798,0,0,134.9862,0.07531066,-0.243461,0.9669825,-0.2096631,0.9441923,0.254052,-0.9748691,-0.2218734,0.02006296,343.1517,-42.66526,-133.1228,-8.959453,-1.478821,-1.601573,9.898196,-2.738432,22.56771,-2.913758,-0.07747564,1.066324,-0.09740862
1842,0.01672,1,100,0,97.67041,0,91.64,9.030272,0,0,134.9911,0.05732887,-0.2457456,0.9676377,-0.211059,0.9443422,0.2523338,-0.975791,-0.2186946,0.002271269,342.9988,-42.69036,-133.1487,-9.170722,-1.553316,-1.085345,9.869968,-2.949918,23.29523,-3.426893,-0.08638581,1.09858,-0.1282659
1843,0.016684,1,100,0,106.0124,0,83.298,9.285944,0,0,134.9891,0.03869539,-0.2476202,0.9680843,-0.2125803,0.9445929,0.2501086,-0.9763775,-0.2154737,-0.01608778,342.8432,-42.71625,-133.1676,-9.288305,-1.557761,-0.8714095,10.05744,-3.172815,24.26078,-3.878771,-0.09519529,1.142457,-0.1544922
1844,0.016688,1,100,0,90.57601,0,74.95399,9.418568,0,0,134.9887,0.01937464,-0.2491471,0.9682719,-0.2142208,0.9449283,0.247427,-0.9765933,-0.2122177,-0.03506484,342.6858,-42.74202,-133.1839,-9.393855,-1.548228,-0.7596003,10.16814,-3.384265,24.7188,-4.293928,-0.1055367,1.162014,-0.1803584
1845,0.016831,1,100,0,98.99151,0,66.5385,9.529173,0,0,134.9893,-0.0005800873,-0.2503053,0.9681669,-0.2159815,0.9453473,0.2442762,-0.9763976,-0.2089645,-0.0546097,342.5252,-42.76789,-133.1986,-9.533273,-1.553422,-0.6500708,10.27544,-3.565036,25.35038,-4.687697,-0.113376,1.19011,-0.2043569
1846,0.016527,1,100,0,107.255,0,58.275,9.668375,0,0,134.9901,-0.02074952,-0.251123,0.9677329,-0.2177425,0.9458417,0.2407736,-0.975786,-0.2057207,-0.07430592,342.365,-42.79355,-133.211,-9.679299,-1.581524,-0.5308064,10.38325,-3.670095,26.1069,-5.054645,-0.1160783,1.224607,-0.2263761
1847,0.016685,1,100,0,91.82138,0,49.9325,9.809718,0,0,134.9901,-0.04161277,-0.2516243,0.9669301,-0.219482,0.9464316,0.2368444,-0.974729,-0.202368,-0.09461065,342.2008,-42.81991,-133.2218,-9.827174,-1.605141,-0.4831057,10.53377,-3.754081,26.36909,-5.386535,-0.1197156,1.235459,-0.2480285
1848,0.016928,1,100,0,100.2854,0,41.4685,9.949368,0,0,134.9906,-0.06307268,-0.2517763,0.9657281,-0.2211867,0.947117,0.2324783,-0.9731901,-0.1989432,-0.1154268,342.0315,-42.84716,-133.232,-10.00991,-1.645018,-0.4348358,10.69014,-3.803181,26.81853,-5.693227,-0.1205519,1.25552,-0.2675651
1849,0.016369,1,100,0,85.14405,0,33.284,10.119,0,0,134.9906,-0.08406138,-0.2515957,0.9641749,-0.2227371,0.9478613,0.2279195,-0.9712476,-0.1955983,-0.1357182,341.8648,-42.87414,-133.2413,-10.16349,-1.676154,-0.4513798,10.84744,-3.828751,26.78776,-5.949406,-0.1221555,1.252718,-0.2855278
1850,0.016746,1,100,0,93.51705,0,24.911,10.26037,0,0,134.9909,-0.1055726,-0.2510689,0.9621948,-0.2242045,0.9486976,0.2229472,-0.968807,-0.1921913,-0.1564472,341.6916,-42.90237,-133.2511,-10.35318,-1.723008,-0.4662189,11.01524,-3.818198,26.95965,-6.18068,-0.1208209,1.259864,-0.3013205
1851,0.016629,1,100,0,78.13522,0,16.5965,10.43432,0,0,134.9909,-0.1269399,-0.2502267,0.9598296,-0.2255038,0.9495994,0.2177362,-0.9659371,-0.1888058,-0.1769692,341.5164,-42.93118,-133.2612,-10.5205,-1.761003,-0.5449603,11.19282,-3.78313,26.6774,-6.368021,-0.1200636,1.245405,-0.3158116
1852,0.01667,1,100,0,62.71547,0,8.261497,10.59107,0,0,134.9908,-0.148015,-0.2490185,0.9571214,-0.2266476,0.9505658,0.2122628,-0.9626642,-0.1855112,-0.1971374,341.3381,-42.96061,-133.2732,-10.67144,-1.788846,-0.6997499,11.36521,-3.719117,25.98688,-6.510908,-0.1194139,1.211595,-0.3287157
1853,0.016693,1,100,0,47.27445,0,0,10.74281,0,0,134.9906,-0.1684601,-0.2474172,0.954152,-0.2276305,0.9515862,0.2065626,-0.959065,-0.1823965,-0.216624,341.1573,-42.99044,-133.2884,-10.80218,-1.806084,-0.9279497,11.5263,-3.622788,24.92527,-6.607809,-0.1184803,1.160272,-0.3397155
1854,0.016668,1,100,0,38.94045,0,0,10.89043,0,0,134.9906,-0.1879909,-0.2454288,0.9510124,-0.2284413,0.9526474,0.2006937,-0.9552355,-0.1795219,-0.2351551,340.9747,-43.02046,-133.3078,-10.92121,-1.82082,-1.194763,11.67542,-3.491279,23.73267,-6.661338,-0.1160271,1.102988,-0.3481719
1855,0.016732,1,100,0,30.57445,0,0,11.04016,0,0,134.9905,-0.206608,-0.2430734,0.9477491,-0.2290664,0.9537453,0.1946751,-0.9512317,-0.1768761,-0.2527314,340.7895,-43.0508,-133.332,-11.03267,-1.834319,-1.495047,11.82676,-3.325186,22.41343,-6.672185,-0.1120254,1.039958,-0.3541127
1856,0.016639,1,100,0,22.25495,0,0,11.19692,0,0,134.9904,-0.2240491,-0.2404077,0.9444609,-0.2294878,0.9548612,0.188615,-0.9471735,-0.1744832,-0.2691064,340.6037,-43.08117,-133.3614,-11.13135,-1.845962,-1.820312,11.97598,-3.129478,20.9923,-6.640541,-0.1066219,0.9723576,-0.3574588
1857,0.016662,1,100,0,13.92395,0,0,11.35527,0,0,134.9902,-0.2403651,-0.2374508,0.9411917,-0.2297016,0.955993,0.1825229,-0.9431129,-0.1723211,-0.2843302,340.4161,-43.11171,-133.3965,-11.22137,-1.855854,-2.170419,12.12965,-2.90576,19.47041,-6.567159,-0.09986567,0.9002419,-0.3582662
1858,0.016668,1,100,0,5.589948,0,0,11.51994,0,0,134.99,-0.2554683,-0.2342415,0.9380122,-0.2297041,0.9571309,0.1764558,-0.9391338,-0.1703864,-0.2983228,340.2271,-43.14237,-133.4378,-11.30238,-1.863495,-2.542045,12.28781,-2.658169,17.85907,-6.452744,-0.09191734,0.8241398,-0.3565497
1859,0.017085,1,100,0,-2.952553,0,0,11.69031,0,0,134.9897,-0.269626,-0.2307298,0.9349148,-0.2294887,0.9582942,0.170316,-0.9352204,-0.1686308,-0.3113309,340.0321,-43.17388,-133.4868,-11.38751,-1.869711,-2.946428,12.46909,-2.382502,16.12252,-6.294519,-0.08263008,0.7423676,-0.3522631
1860,0.016311,1,100,0,-11.10805,0,0,11.88244,0,0,134.9895,-0.2818292,-0.2272027,0.9321755,-0.2290838,0.9593931,0.1645765,-0.9317151,-0.1671638,-0.3224335,339.8448,-43.20395,-133.5404,-11.43982,-1.869689,-3.341548,12.62135,-2.108075,14.39918,-6.104283,-0.07317936,0.6614149,-0.3457163
1861,0.0167,1,100,0,-19.45805,0,0,12.04863,0,0,134.989,-0.2929643,-0.2234529,0.9296455,-0.2284814,0.9604989,0.1588663,-0.9284226,-0.1658646,-0.3324468,339.6523,-43.23468,-133.6023,-11.49809,-1.86768,-3.761194,12.7997,-1.815044,12.56806,-5.873449,-0.06282818,0.5755874,-0.3367742
1862,0.016894,1,100,0,-27.90505,0,0,12.23527,0,0,134.9885,-0.3027856,-0.2195511,0.9274257,-0.2276932,0.9615898,0.1533017,-0.9254606,-0.164751,-0.3411458,339.4567,-43.26562,-133.6723,-11.55527,-1.861516,-4.199551,12.99287,-1.512306,10.65642,-5.603813,-0.05197576,0.486157,-0.3254747
1863,0.016486,1,100,0,-36.14805,14.8374,0,12.43329,0,0,134.988,-0.310922,-0.2156706,0.9256424,-0.2267705,0.9626201,0.1481144,-0.922986,-0.1638564,-0.3482075,339.2651,-43.29559,-133.7483,-11.59696,-1.848075,-4.641012,13.18029,-1.218537,8.715031,-5.306154,-0.04154609,0.3954508,-0.3123569
1864,0.016671,1,100,0,-44.48355,29.8413,0,12.62269,0,0,134.9868,-0.3176523,-0.211701,0.9242726,-0.2257095,0.9636211,0.1431422,-0.920952,-0.1631476,-0.3538795,339.071,-43.32541,-133.8331,-11.62413,-1.814339,-5.136147,13.39057,-0.9231815,6.693908,-4.969764,-0.0310698,0.3011521,-0.2969124
1865,0.016684,1,100,0,-52.82555,44.8569,0,12.81884,0,0,134.9864,-0.322841,-0.2077141,0.9233789,-0.2245448,0.964575,0.1384736,-0.9194311,-0.162635,-0.3580455,338.8765,-43.35457,-133.9266,-11.66311,-1.781304,-5.61932,13.60786,-0.6362165,4.590535,-4.606853,-0.02114608,0.2030753,-0.2799357
1866,0.016735,1,100,0,-61.19305,59.9184,0,13.0251,0,0,134.9857,-0.3264375,-0.203718,0.9230046,-0.223302,0.9654785,0.1341176,-0.9184633,-0.1623278,-0.360659,338.6808,-43.38317,-134.0288,-11.70574,-1.742603,-6.111673,13.84521,-0.361267,2.413896,-4.216618,-0.01195426,0.1016384,-0.2613684
1867,0.016679,1,100,0,-69.53255,74.9295,0,13.23839,0,0,134.9849,-0.3283723,-0.1997567,0.9231843,-0.22202,0.9663211,0.1301191,-0.9180846,-0.1622379,-0.361663,338.4852,-43.41088,-134.1393,-11.74688,-1.69626,-6.612766,14.0947,-0.1045105,0.1855281,-3.803548,-0.003792555,-0.002169047,-0.2414564
1868,0.016629,1,100,0,-77.84705,89.8956,0,13.45142,0,0,134.9841,-0.328619,-0.1958444,0.9239343,-0.2207307,0.9670985,0.1264857,-0.918307,-0.162375,-0.3610358,338.2897,-43.4376,-134.2581,-11.78694,-1.642028,-7.121777,14.35617,0.130958,-2.091043,-3.370571,0.003161792,-0.1082004,-0.220401
1869,0.016699,1,100,0,-86.19655,100,0,13.66187,0,0,134.9832,-0.3271377,-0.1919649,0.9252732,-0.2194562,0.9678124,0.1231999,-0.9191409,-0.1627536,-0.3587358,338.0929,-43.46339,-134.3863,-11.82899,-1.580287,-7.637499,14.63174,0.3445823,-4.418689,-2.917499,0.008867849,-0.2165955,-0.1982281
1870,0.016762,1,100,0,-94.57755,100,0,13.86956,0,0,134.9822,-0.323878,-0.1881311,0.9272054,-0.2182276,0.9684581,0.1202732,-0.9205867,-0.163388,-0.3547176,337.8948,-43.48811,-134.5238,-11.87007,-1.511157,-8.149675,14.91285,0.5335278,-6.768324,-2.446585,0.01324526,-0.3259938,-0.1750314
1871,0.016592,1,100,0,-102.8735,100,0,14.06516,0,0,134.9813,-0.3188809,-0.1844064,0.9296824,-0.2170905,0.9690239,0.1177479,-0.922598,-0.1642776,-0.3490361,337.6983,-43.51129,-134.6688,-11.9014,-1.433998,-8.649113,15.18639,0.6924539,-9.102137,-1.966771,0.01606788,-0.4346524,-0.1513036
1872,0.016734,1,100,0,-87.39459,100,0,14.23463,0,0,134.9816,-0.3122041,-0.1807648,0.932659,-0.2160426,0.9695179,0.1155893,-0.9251241,-0.1654066,-0.3417404,337.4994,-43.53345,-134.823,-11.97375,-1.374651,-9.056767,15.46249,0.8241543,-10.84098,-1.484159,0.01931044,-0.5151525,-0.1258099
1873,0.017073,1,100,0,-95.93109,100,0,14.39964,0,0,134.9805,-0.3039659,-0.1772265,0.9360532,-0.215084,0.9699427,0.1137984,-0.928086,-0.1667393,-0.3329481,337.2952,-43.55503,-134.9871,-12.05552,-1.311865,-9.452063,15.73699,0.9292217,-12.69147,-0.9866099,0.02071789,-0.6009463,-0.09979238
1874,0.016277,1,100,0,-104.0696,100,0,14.55435,0,0,134.98,-0.2947012,-0.1740111,0.9396124,-0.2142998,0.9702706,0.1124756,-0.9312503,-0.168212,-0.3232305,337.0994,-43.57448,-135.15,-12.09698,-1.238252,-9.823129,15.96831,0.9972391,-14.50146,-0.5065622,0.0200554,-0.6849628,-0.07487945
1875,0.016706,1,100,0,-88.61655,100,0,14.64874,0,0,134.9801,-0.2838855,-0.1708928,0.9435066,-0.2136407,0.9705278,0.1115061,-0.934755,-0.1699165,-0.3120284,336.8976,-43.59332,-135.3229,-12.1833,-1.183623,-10.10613,16.19787,1.041909,-15.79148,-0.02469148,0.01962361,-0.7444127,-0.04847804
1876,0.016766,1,100,0,-96.99955,100,0,14.74292,0,0,134.9792,-0.2719274,-0.1679901,0.9475416,-0.2131287,0.9707062,0.1109329,-0.9384202,-0.1717826,-0.2997652,336.6936,-43.61131,-135.5011,-12.2588,-1.123597,-10.37563,16.40212,1.061204,-17.19381,0.4560887,0.01733392,-0.8092487,-0.02259927
1877,0.016636,1,100,0,-105.3176,100,0,14.80717,0,0,134.9781,-0.2588843,-0.1653043,0.9516583,-0.2127839,0.9708031,0.1107452,-0.9421796,-0.1738274,-0.2864997,336.4901,-43.62807,-135.6824,-12.30867,-1.054515,-10.64007,16.58046,1.057164,-18.67434,0.9295213,0.01341529,-0.8778729,0.00243124
1878,0.016717,1,100,0,-89.85432,100,0,14.82866,0,0,134.9783,-0.2446882,-0.1628101,0.955835,-0.2126049,0.9708204,0.110937,-0.9460058,-0.1760702,-0.2721625,336.2848,-43.64387,-135.8685,-12.37869,-1.002277,-10.81589,16.73755,1.033796,-19.61828,1.387632,0.009858726,-0.9212098,0.02794654
1879,0.016678,1,100,0,-98.19332,100,0,14.83047,0,0,134.9774,-0.229657,-0.1605558,0.9599373,-0.2125845,0.9707597,0.1115069,-0.9497716,-0.1784595,-0.2570734,336.0787,-43.65878,-136.0569,-12.4259,-0.9453478,-10.97861,16.85647,0.9940892,-20.69559,1.833985,0.004895815,-0.9709487,0.05217552
1880,0.016687,1,100,0,-106.5368,100,0,14.79278,0,0,134.9764,-0.2136473,-0.1585025,0.9639668,-0.2127086,0.9706233,0.1124537,-0.9534727,-0.1810186,-0.2410858,335.8719,-43.67264,-136.2481,-12.45758,-0.8707517,-11.14252,16.95993,1.001237,-21.89499,2.310854,0.002574536,-1.026254,0.07777257
1881,0.016684,1,100,0,-91.10412,100,0,14.72189,0,0,134.9767,-0.1967405,-0.1566812,0.9678555,-0.2129463,0.9704131,0.1138086,-0.9570514,-0.1837105,-0.2242842,335.6645,-43.68534,-136.4414,-12.50464,-0.8067471,-11.21998,17.03923,0.9656185,-22.57638,2.770561,-0.001065,-1.05723,0.1037741
1882,0.016684,1,100,0,-99.44612,100,0,14.63225,0,0,134.9758,-0.1791431,-0.1551165,0.9715178,-0.2133003,0.9701281,0.115563,-0.9604224,-0.1865228,-0.2068781,335.4564,-43.69703,-136.6357,-12.52206,-0.7384092,-11.28716,17.07427,0.9225893,-23.41669,3.212287,-0.005654653,-1.095823,0.128001
1883,0.016678,1,100,0,-107.7851,100,0,14.49926,0,0,134.9805,-0.1607491,-0.1537479,0.9749468,-0.2137687,0.9697695,0.1176853,-0.9635676,-0.1894953,-0.188756,335.2465,-43.70845,-136.8283,-12.6803,-0.7590566,-11.07514,17.07186,0.8677063,-24.52122,3.591745,-0.01170696,-1.147185,0.1472551
1884,0.016865,1,100,0,-92.18499,100,0,14.45266,0,0,134.9767,-0.1413185,-0.1524806,0.9781508,-0.214339,0.9693427,0.1201409,-0.9664825,-0.1926777,-0.1696686,335.0324,-43.71993,-137.0209,-12.73682,-0.7308545,-11.0338,17.04281,0.8074631,-25.01849,3.972912,-0.01649638,-1.169823,0.1684215
1885,0.016504,1,100,0,-100.437,100,0,14.32282,0,0,134.9754,-0.1217745,-0.1514198,0.9809398,-0.2149696,0.9688607,0.1228688,-0.9689988,-0.19591,-0.1505332,334.8226,-43.73051,-137.2093,-12.72697,-0.6863075,-11.03403,17.01082,0.7469232,-25.65897,4.328029,-0.02173806,-1.199347,0.1873629
1886,0.016626,1,100,0,-85.05794,100,0,14.12786,0,0,134.9756,-0.1016159,-0.1505155,0.9833714,-0.2156579,0.9683153,0.1259262,-0.9711674,-0.1992757,-0.1308561,334.6114,-43.74057,-137.3985,-12.71321,-0.66005,-10.9588,16.94968,0.6913525,-25.83493,4.652188,-0.0254915,-1.206973,0.205791
1887,0.016983,1,100,0,-93.54944,100,0,13.91221,0,0,134.9743,-0.08072954,-0.1497685,0.9854198,-0.216383,0.9677021,0.1293488,-0.9729652,-0.2027858,-0.1105295,334.3959,-43.75047,-137.5903,-12.66663,-0.632504,-10.8857,16.84532,0.6415563,-26.22328,4.956892,-0.02948401,-1.22474,0.222142
1888,0.016446,1,100,0,-101.7724,100,0,13.65565,0,0,134.9738,-0.06008793,-0.1491479,0.9869875,-0.2170944,0.9670587,0.1329196,-0.9742996,-0.2062826,-0.09048772,334.1884,-43.75961,-137.7747,-12.56074,-0.5970606,-10.82912,16.70807,0.5994195,-26.77482,5.226387,-0.03344008,-1.250364,0.2356279
1889,0.01668,1,100,0,-86.34344,100,0,13.34099,0,0,134.9741,-0.03878215,-0.1485937,0.9881376,-0.2178005,0.9663626,0.1367711,-0.9752225,-0.2099126,-0.06984142,333.9796,-43.7685,-137.9599,-12.45252,-0.5837295,-10.69125,16.53249,0.570275,-26.87239,5.461652,-0.03540993,-1.254556,0.2484389
1890,0.01669,1,100,0,-94.68844,100,0,13.01321,0,0,134.9733,-0.01727772,-0.1481229,0.988818,-0.2184576,0.9656307,0.1408323,-0.9756935,-0.2135816,-0.04904247,333.7725,-43.77726,-138.1427,-12.30142,-0.5681845,-10.56043,16.31265,0.5518741,-27.18124,5.668135,-0.03725739,-1.268868,0.2586057
1891,0.01668,1,100,0,-103.0284,100,0,12.64168,0,0,134.9724,0.004540248,-0.1476557,0.9890285,-0.2190519,0.9648708,0.1450547,-0.9757028,-0.2173072,-0.02796351,333.5684,-43.7858,-138.323,-12.1052,-0.5489242,-10.44217,16.06028,0.5451731,-27.68099,5.845843,-0.03882506,-1.292342,0.2661582
1892,0.016683,1,100,0,-87.59666,100,0,12.22236,0,0,134.9732,0.02664516,-0.1471658,0.988753,-0.2195614,0.9640898,0.1494117,-0.9752349,-0.2210731,-0.006623607,333.3674,-43.79425,-138.5005,-11.89997,-0.5497049,-10.25056,15.77592,0.5553256,-27.72378,5.983897,-0.03812173,-1.294215,0.2728373
1893,0.016682,1,100,0,-95.93767,91.659,0,11.79469,0,0,134.9722,0.04884052,-0.1466634,0.9879801,-0.2199541,0.9632984,0.1538728,-0.9742872,-0.2248255,0.01478877,333.17,-43.80281,-138.6743,-11.64203,-0.5469602,-10.05541,15.4284,0.5766212,-27.96275,6.093984,-0.03717947,-1.305499,0.2769802
1894,0.016677,1,100,0,-104.2762,83.3205,0,11.31694,0,0,134.9713,0.07124914,-0.1460728,0.9867048,-0.2202228,0.962504,0.1583922,-0.9728442,-0.2285802,0.03640903,332.9773,-43.81136,-138.8445,-11.32989,-0.5387805,-9.864092,15.03529,0.609077,-28.38072,6.176902,-0.03590922,-1.325387,0.2786621
1895,0.01668,1,100,0,-88.84717,74.9805,0,10.78623,0,0,134.9719,0.09382837,-0.1453754,0.9849175,-0.2203513,0.9617147,0.1629424,-0.9708975,-0.2323165,0.05820246,332.7897,-43.82,-139.0107,-10.99907,-0.5480125,-9.594122,14.59879,0.6583916,-28.32968,6.222476,-0.03230967,-1.323052,0.2797946
1896,0.016627,1,100,0,-97.16067,66.667,0,10.24788,0,0,134.9714,0.1163062,-0.1445941,0.982632,-0.2203144,0.9609436,0.1674794,-0.9684705,-0.2359669,0.07990749,332.6084,-43.82883,-139.1715,-10.62019,-0.5516794,-9.33079,14.11306,0.7169297,-28.48974,6.240407,-0.02858635,-1.330853,0.278372
1897,0.016743,1,100,0,-105.5322,58.2955,0,9.669916,0,0,134.9706,0.1390512,-0.1436405,0.9798124,-0.220113,0.9601906,0.1720015,-0.965513,-0.2395864,0.1018985,332.4323,-43.83787,-139.3286,-10.19473,-0.5498964,-9.074194,13.58823,0.7855906,-28.84802,6.231727,-0.02459431,-1.348186,0.2744471
1898,0.016886,1,100,0,-89.91261,49.8525,0,9.050244,0,0,134.9714,0.1620581,-0.1424912,0.9764394,-0.2197348,0.9594639,0.176483,-0.9620056,-0.2431582,0.1241786,332.262,-43.84716,-139.4818,-9.757263,-0.5646772,-8.743795,13.02802,0.8709451,-28.74086,6.186502,-0.01826615,-1.343426,0.2701227
1899,0.016412,1,100,0,-98.11861,41.6465,0,8.438056,0,0,134.9718,0.1842952,-0.1412209,0.9726726,-0.2191824,0.9587982,0.1807357,-0.9581204,-0.2465015,0.1457488,332.1036,-43.85651,-139.6249,-9.289931,-0.5704814,-8.434128,12.44987,0.9596964,-28.85886,6.116063,-0.01219003,-1.349479,0.2633916
1900,0.016724,1,100,0,-106.4806,33.2845,0,7.812233,0,0,134.9714,0.2069867,-0.1397061,0.9683175,-0.2184635,0.9581603,0.1849392,-0.9536406,-0.249822,0.1678058,331.9502,-43.86614,-139.765,-8.803137,-0.559239,-8.128747,11.84694,0.9901627,-29.19307,6.076427,-0.01023003,-1.36586,0.2577164
1901,0.016863,1,100,0,-90.88234,24.853,0,7.170688,0,0,134.9725,0.2298746,-0.1379726,0.9633906,-0.2176187,0.9575479,0.1890618,-0.948578,-0.2531123,0.1900905,331.8036,-43.87583,-139.9005,-8.317765,-0.5601472,-7.757658,11.22483,1.030557,-29.07227,6.001647,-0.006410031,-1.360633,0.251767
1902,0.016523,1,100,0,-99.14384,16.5915,0,6.557172,0,0,134.9732,0.2521288,-0.136101,0.9580751,-0.2166663,0.9569853,0.1929645,-0.9431264,-0.2562345,0.211795,331.668,-43.88538,-140.0267,-7.819691,-0.5504156,-7.412178,10.60013,1.07122,-29.18857,5.903305,-0.003043569,-1.366815,0.2434028
1903,0.016708,1,100,0,-83.68893,8.237499,0,5.946131,0,0,134.9744,0.2744527,-0.1340084,0.9522172,-0.2155867,0.9564595,0.1967429,-0.9371223,-0.259282,0.2336124,331.5391,-43.89503,-140.1479,-7.32933,-0.5509821,-7.013234,9.959999,1.122176,-28.87788,5.772636,0.002098042,-1.35269,0.234916
1904,0.016599,1,100,0,-68.33486,0,0,5.372961,0,0,134.976,0.2961369,-0.1318198,0.9460056,-0.2143825,0.9559875,0.2003208,-0.9307758,-0.2621294,0.2548433,331.419,-43.90473,-140.2611,-6.858224,-0.5587353,-6.581433,9.324149,1.179127,-28.1837,5.613441,0.008526459,-1.320311,0.2264832
1905,0.016675,1,100,0,-52.91049,0,0,4.852695,0,0,134.9775,0.3171472,-0.1295958,0.9394801,-0.2130315,0.955569,0.2037298,-0.9241406,-0.2647512,0.2754481,331.306,-43.91469,-140.3674,-6.416888,-0.5724783,-6.133514,8.707106,1.240339,-27.13894,5.425005,0.01598142,-1.271248,0.2179731
1906,0.016726,1,100,0,-44.54749,0,0,4.392206,0,0,134.9786,0.337247,-0.1274012,0.9327559,-0.2115356,0.955209,0.2069508,-0.9173426,-0.2671046,0.2951914,331.1999,-43.92494,-140.4663,-5.998661,-0.584659,-5.697681,8.11469,1.299141,-25.96357,5.211947,0.0234848,-1.216012,0.2087355
1907,0.016687,1,100,0,-36.20399,0,0,3.977086,0,0,134.9797,0.3562442,-0.1252737,0.9259571,-0.2099186,0.9549103,0.209953,-0.9105076,-0.2691702,0.313884,331.1009,-43.93538,-140.5577,-5.606881,-0.5944862,-5.277725,7.556119,1.35252,-24.67414,4.977314,0.03077682,-1.155388,0.1988964
1908,0.016672,1,100,0,-27.86799,0,0,3.608533,0,0,134.9807,0.3741015,-0.1232343,0.9191635,-0.2081976,0.9546723,0.2127319,-0.9037158,-0.270951,0.3314873,331.0084,-43.94598,-140.642,-5.240839,-0.6010805,-4.87606,7.030649,1.397706,-23.27715,4.723197,0.0376486,-1.089687,0.1885507
1909,0.016771,1,100,0,-19.48249,0,0,3.282741,0,0,134.9815,0.3908722,-0.1212934,0.9124181,-0.2063813,0.9544911,0.2152984,-0.8970093,-0.2724602,0.3480514,330.9213,-43.95673,-140.72,-4.897766,-0.6039805,-4.492344,6.535419,1.432346,-21.76848,4.450122,0.04394834,-1.018717,0.1777353
1910,0.016595,1,100,0,-11.18499,0,0,2.994336,0,0,134.9826,0.406234,-0.1195064,0.9059206,-0.2045237,0.9543667,0.2176101,-0.8905863,-0.2736829,0.3632543,330.8407,-43.9674,-140.791,-4.583186,-0.6029845,-4.130849,6.080378,1.454047,-20.18477,4.164198,0.04942144,-0.9442143,0.1666579
1911,0.016746,1,100,0,-2.811986,0,0,2.7462,0,0,134.9831,0.4204527,-0.1178579,0.8996271,-0.2026126,0.9542925,0.2197132,-0.8844024,-0.2746548,0.3773554,330.7645,-43.97812,-140.8566,-4.288419,-0.5973358,-3.789339,5.652792,1.460811,-18.49682,3.862671,0.05401114,-0.8648019,0.1552511
1912,0.016919,1,100,0,5.647514,0,0,2.526822,0,0,134.9836,0.4334694,-0.1163727,0.8936228,-0.20067,0.9542648,0.2216088,-0.878542,-0.2753839,0.3902921,330.6924,-43.98882,-140.9173,-4.013606,-0.5876629,-3.46494,5.25436,1.45121,-16.70677,3.546453,0.05761715,-0.7805862,0.1435437
1913,0.016434,1,100,0,13.86451,0,0,2.335616,0,0,134.9847,0.4447745,-0.1151249,0.8882127,-0.1987976,0.9542772,0.2232362,-0.8733011,-0.2758643,0.4015516,330.6267,-43.99903,-140.9709,-3.768899,-0.5749354,-3.164284,4.898387,1.425465,-14.90171,3.22903,0.0600628,-0.6956789,0.1319553
1914,0.01663,1,100,0,22.17951,0,0,2.179364,0,0,134.985,0.4548562,-0.114071,0.8832292,-0.1969406,0.9543245,0.224676,-0.8685163,-0.276139,0.4116152,330.5642,-44.0091,-141.0205,-3.53892,-0.5573011,-2.88433,4.56626,1.381221,-13.0033,2.9008,0.06138729,-0.6063842,0.1202184
1915,0.01673,1,100,0,30.54451,0,0,2.040269,0,0,134.9854,0.4635919,-0.1132411,0.8787827,-0.195134,0.9544004,0.2259261,-0.8642946,-0.2762179,0.4203551,330.505,-44.0189,-141.0657,-3.327182,-0.5371773,-2.618271,4.260794,1.319171,-11.02854,2.564323,0.06160899,-0.5135058,0.1083917
1916,0.016624,1,100,0,38.85651,0,14.9616,1.92344,0,0,134.9862,0.4708484,-0.1126619,0.8749911,-0.1934219,0.9544985,0.2269829,-0.8607499,-0.276117,0.4276328,330.4496,-44.02829,-141.1063,-3.148828,-0.5164014,-2.372871,3.997955,1.241543,-9.006618,2.22409,0.06082768,-0.418421,0.0965957
1917,0.016748,1,100,0,47.23051,0,30.0348,1.838223,0,0,134.9866,0.4767049,-0.1123382,0.8718559,-0.1917991,0.9546139,0.2278715,-0.8578845,-0.2758486,0.4335227,330.3965,-44.03737,-141.1434,-2.995456,-0.4941397,-2.146781,3.77066,1.146605,-6.910464,1.877773,0.05901074,-0.3198506,0.08479059
1918,0.016658,1,100,0,55.55952,0,45.027,1.775385,0,0,134.9873,0.4810559,-0.1122895,0.869469,-0.1903046,0.9547406,0.2285929,-0.855786,-0.2754299,0.4379144,330.3462,-44.04601,-141.1766,-2.86653,-0.47238,-1.935063,3.57514,1.036245,-4.775152,1.530873,0.05623468,-0.219448,0.07313509
1919,0.016649,1,100,0,63.88402,0,60.0111,1.735852,0,0,134.9877,0.4839152,-0.1125187,0.8678511,-0.1889458,0.9548749,0.229158,-0.8544738,-0.2748699,0.4408185,330.2979,-44.05426,-141.2065,-2.753515,-0.4518055,-1.736051,3.404671,0.916371,-2.593028,1.167684,0.05293131,-0.1169103,0.06065735
1920,0.016682,1,100,0,72.22502,0,75.0249,1.711711,0,0,134.9881,0.4852626,-0.113028,0.8670323,-0.1877343,0.9550152,0.2295692,-0.8539767,-0.2741731,0.442214,330.2513,-44.06218,-141.2332,-2.659477,-0.4332283,-1.545077,3.260071,0.78159,-0.3621576,0.8048602,0.04878392,-0.01207885,0.0483965
1921,0.016682,1,100,0,80.56602,0,90.0387,1.706656,0,0,134.9886,0.485066,-0.1138283,0.8670377,-0.1866835,0.9551567,0.2298374,-0.8543189,-0.273348,0.4420642,330.206,-44.06979,-141.2569,-2.583222,-0.4176291,-1.359266,3.139622,0.6330154,1.909109,0.4444132,0.04388161,0.09465673,0.03642155
1922,0.016678,1,100,0,88.90502,0,100,1.720171,0,0,134.989,0.4832996,-0.1149295,0.8678783,-0.1858018,0.9552956,0.2299741,-0.8555111,-0.2723997,0.4403398,330.162,-44.07713,-141.2776,-2.520939,-0.40571,-1.174723,3.039846,0.4717152,4.215897,0.08791091,0.03832018,0.2030718,0.0247909
1923,0.016846,1,100,0,97.32802,0,100,1.74993,0,0,134.9893,0.479896,-0.1163564,0.8695753,-0.1850879,0.9554305,0.2299897,-0.8575795,-0.271319,0.4369712,330.1184,-44.08435,-141.2954,-2.468326,-0.3980002,-0.9858645,2.958669,0.2968196,6.58034,-0.2666662,0.03213119,0.3142139,0.01346254
1924,0.016538,1,100,0,105.597,0,100,1.793976,0,0,134.9899,0.474934,-0.1180754,0.8720644,-0.1845644,0.9555547,0.2298952,-0.8604501,-0.2701371,0.4320329,330.0764,-44.09133,-141.3099,-2.427358,-0.3965961,-0.7904982,2.889016,0.1151941,8.923448,-0.6091884,0.02562909,0.4243644,0.002690721
1925,0.016605,1,100,0,90.23739,0,100,1.854234,0,0,134.9895,0.4684606,-0.1200599,0.8752888,-0.1842298,0.9556694,0.2296865,-0.8640629,-0.2688534,0.4255748,330.0349,-44.09826,-141.3214,-2.385636,-0.3892815,-0.6334848,2.847022,-0.08094424,10.65209,-0.9413458,0.01713568,0.5051243,-0.01035091
1926,0.016888,1,100,0,98.68139,0,100,1.896404,0,0,134.99,0.460597,-0.1222369,0.8791523,-0.1841111,0.9557735,0.229348,-0.8683052,-0.2674987,0.4177213,329.9932,-44.10523,-141.3305,-2.366577,-0.3914074,-0.4602974,2.817672,-0.2791258,12.49592,-1.271091,0.008916953,0.5913938,-0.02281075
1927,0.016508,1,100,0,106.9354,0,100,1.967336,0,0,134.9907,0.4515865,-0.1245459,0.883492,-0.1841987,0.9558641,0.2288992,-0.8730068,-0.2661059,0.4087141,329.9526,-44.11211,-141.3366,-2.363881,-0.4018278,-0.2784124,2.80485,-0.4721101,14.36374,-1.584736,0.001250364,0.6788881,-0.03425258
1928,0.016649,1,100,0,91.53506,0,100,2.056822,0,0,134.9903,0.4412673,-0.1270139,0.8883416,-0.1844889,0.9559463,0.2283213,-0.8782068,-0.2646399,0.3983952,329.9118,-44.11917,-141.34,-2.365351,-0.4072386,-0.1367821,2.831338,-0.6708315,15.66368,-1.885464,-0.007816225,0.7392595,-0.04755116
1929,0.016701,1,100,0,99.88557,0,100,2.130546,0,0,134.991,0.4298944,-0.1295427,0.8935376,-0.1849955,0.956019,0.2276052,-0.8837235,-0.2631466,0.3870224,329.8705,-44.1264,-141.341,-2.392562,-0.4238065,0.02214116,2.860754,-0.8597922,17.0854,-2.176341,-0.01586034,0.8055173,-0.05976868
1930,0.016736,1,100,0,108.2536,0,100,2.234456,0,0,134.9919,0.4173766,-0.1321691,0.8990708,-0.1856918,0.9560864,0.2267547,-0.8895593,-0.2615922,0.3745054,329.8285,-44.13403,-141.3391,-2.457129,-0.4548981,0.2170506,2.925,-1.035031,18.61483,-2.458503,-0.02262824,0.8769922,-0.07106416
1931,0.016618,1,100,0,92.88192,0,100,2.386047,0,0,134.9912,0.4039013,-0.1348391,0.9048107,-0.186555,0.9561521,0.2257671,-0.8955789,-0.2599846,0.3610362,329.7858,-44.14198,-141.3346,-2.512572,-0.4727419,0.3396305,3.036693,-1.210526,19.58535,-2.717107,-0.03054844,0.9218364,-0.08345623
1932,0.016686,1,100,0,101.2249,0,100,2.495731,0,0,134.9918,0.3895318,-0.1375121,0.9106895,-0.1875972,0.9562162,0.224628,-0.9017051,-0.2583425,0.3466797,329.7419,-44.15033,-141.328,-2.596441,-0.5039799,0.4833537,3.130424,-1.370305,20.70453,-2.963533,-0.03702795,0.9738756,-0.09450868
1933,0.016708,1,100,0,85.77002,0,100,2.638993,0,0,134.9914,0.3743485,-0.1401676,0.9166331,-0.1887951,0.9562836,0.2233337,-0.9078654,-0.2566605,0.3315204,329.6964,-44.15917,-141.3194,-2.682623,-0.5290186,0.5790049,3.260083,-1.522645,21.30489,-3.18879,-0.04418159,1.001211,-0.106584
1934,0.016677,1,100,0,94.10852,0,100,2.763191,0,0,134.992,0.3585948,-0.142738,0.9225159,-0.1901393,0.9563549,0.2218835,-0.9139239,-0.2549728,0.3158039,329.6494,-44.16846,-141.3091,-2.793976,-0.5662366,0.6926833,3.37674,-1.654065,22.08027,-3.398479,-0.04955786,1.03703,-0.1169739
1935,0.016711,1,100,0,102.464,0,100,2.916608,0,0,134.9925,0.3420816,-0.1452926,0.9283697,-0.1915926,0.9564352,0.2202822,-0.9199308,-0.2532232,0.2993419,329.6004,-44.17842,-141.297,-2.929212,-0.6140525,0.8185778,3.527533,-1.767576,23.02004,-3.592328,-0.0533285,1.080814,-0.1257436
1936,0.016714,1,100,0,87.00357,0,91.643,3.0952,0,0,134.9921,0.3248791,-0.1478209,0.934132,-0.1931276,0.9565278,0.2185322,-0.9258268,-0.2514032,0.2822075,329.5492,-44.18913,-141.2831,-3.063471,-0.6542963,0.8937675,3.704978,-1.87136,23.45166,-3.762455,-0.05769791,1.100421,-0.1352919
1937,0.01694,1,100,0,95.47357,0,83.173,3.252964,0,0,134.9926,0.3069428,-0.1503028,0.9397848,-0.1947573,0.9566354,0.2166073,-0.931588,-0.249516,0.2643597,329.4947,-44.20073,-141.2677,-3.22772,-0.7073516,0.9874901,3.87232,-1.954197,24.08224,-3.917904,-0.060211,1.129647,-0.1431433
1938,0.016386,1,100,0,103.6666,0,74.98,3.444453,0,0,134.9931,0.2889808,-0.1526859,0.9450806,-0.1963643,0.9567558,0.2146152,-0.9369801,-0.2475998,0.246502,329.4393,-44.21283,-141.2513,-3.401029,-0.7684202,1.095933,4.047217,-2.01701,24.84807,-4.052258,-0.06109719,1.165474,-0.1491656
1939,0.016691,1,100,0,88.2274,0,66.6345,3.647106,0,0,134.9927,0.2701168,-0.1550897,0.9502547,-0.1980068,0.9568984,0.2124589,-0.9422474,-0.2455456,0.2277656,329.38,-44.22613,-141.2332,-3.579253,-0.8215288,1.148931,4.267031,-2.07129,25.13797,-4.164211,-0.06263776,1.178654,-0.1558892
1940,0.01684,1,100,0,96.6474,0,58.2145,3.835951,0,0,134.9931,0.2506947,-0.1574445,0.9551772,-0.1996626,0.9570624,0.2101585,-0.9472526,-0.2433988,0.2084947,329.317,-44.24049,-141.214,-3.785628,-0.8866941,1.220616,4.466669,-2.105472,25.62916,-4.260459,-0.06236513,1.201562,-0.1608673
1941,0.016529,1,100,0,104.9119,0,49.95,4.056258,0,0,134.9935,0.2311146,-0.1597477,0.9597222,-0.2012478,0.9572455,0.2077987,-0.9518851,-0.2411673,0.1890846,329.2516,-44.25571,-141.194,-4.006085,-0.9604492,1.308899,4.683199,-2.123084,26.2798,-4.339085,-0.06059849,1.232198,-0.1641681
1942,0.016674,1,100,0,89.48845,0,41.613,4.292454,0,0,134.9932,0.2108906,-0.1620584,0.9639825,-0.2027856,0.957455,0.2053245,-0.9562444,-0.2387828,0.1690552,329.182,-44.27221,-141.1727,-4.225766,-1.024151,1.338987,4.935013,-2.133422,26.45395,-4.393779,-0.05964538,1.240168,-0.1680293
1943,0.016682,1,100,0,97.82945,0,33.272,4.511778,0,0,134.9935,0.1903737,-0.164314,0.967863,-0.2042598,0.9576873,0.2027633,-0.960227,-0.2362964,0.1487557,329.1085,-44.28984,-141.1509,-4.468208,-1.09813,1.387336,5.161934,-2.126969,26.82752,-4.433078,-0.05708757,1.257762,-0.1701915
1944,0.016682,1,100,0,106.1705,0,24.931,4.756352,0,0,134.9938,0.1694354,-0.1665728,0.9713625,-0.2056363,0.9579443,0.2001411,-0.9638493,-0.2336584,0.1280563,329.0308,-44.30877,-141.1282,-4.733479,-1.182113,1.453506,5.416483,-2.107165,27.38041,-4.457815,-0.05315039,1.284003,-0.1708356
1945,0.016722,1,100,0,90.70261,0,16.57,5.024702,0,0,134.9935,0.1480682,-0.1688356,0.9744591,-0.2069025,0.9582276,0.197462,-0.9670922,-0.2308559,0.1069505,328.9485,-44.32906,-141.1047,-4.992349,-1.253838,1.458775,5.699532,-2.083037,27.45492,-4.459032,-0.05028749,1.287486,-0.1720138
1946,0.016634,1,100,0,75.31615,0,8.252999,5.273535,0,0,134.9932,0.1267984,-0.1709893,0.9770798,-0.2080651,0.958532,0.1947446,-0.9698616,-0.2279895,0.08596339,328.8624,-44.35036,-141.0817,-5.235996,-1.311255,1.403638,5.952431,-2.052423,27.09617,-4.436686,-0.04834143,1.270384,-0.1734323
1947,0.016693,1,100,0,59.87513,0,0,5.497806,0,0,134.9928,0.1057733,-0.1729738,0.9792304,-0.2091474,0.9588568,0.1919664,-0.9721469,-0.2251084,0.06524439,328.7721,-44.37258,-141.0599,-5.468202,-1.354588,1.286102,6.183599,-2.012412,26.34154,-4.390081,-0.04709264,1.234501,-0.1748168
1948,0.016849,1,100,0,51.45063,0,0,5.704736,0,0,134.9926,0.08513608,-0.1747494,0.9809253,-0.2101608,0.9592009,0.1891194,-0.9739529,-0.2222529,0.04493714,328.6771,-44.39568,-141.0403,-5.697553,-1.390651,1.131675,6.395944,-1.958881,25.41707,-4.321156,-0.0456559,1.190643,-0.1753573
1949,0.016557,1,100,0,43.17213,0,0,5.909079,0,0,134.9924,0.06556405,-0.1762629,0.9821573,-0.2110765,0.9595522,0.1862966,-0.9752684,-0.2195247,0.02570717,328.5801,-44.41889,-141.0238,-5.90853,-1.417746,0.9511207,6.586749,-1.894358,24.36475,-4.232549,-0.04409298,1.140803,-0.174992
1950,0.016703,1,100,0,34.82063,0,0,6.098084,0,0,134.992,0.04664905,-0.1775544,0.9830047,-0.2119176,0.9599169,0.1834409,-0.9761736,-0.2168733,0.007152315,328.4788,-44.44268,-141.0105,-6.114182,-1.437545,0.738652,6.777044,-1.816506,23.1717,-4.122357,-0.04227526,1.084384,-0.1736597
1951,0.016888,1,100,0,26.37663,0,0,6.285551,0,0,134.9916,0.02848364,-0.1786207,0.9835057,-0.2126817,0.9602933,0.1805644,-0.9767065,-0.2143168,-0.01063669,328.373,-44.46698,-141.001,-6.314099,-1.449814,0.4944839,6.966445,-1.725454,21.84404,-3.990096,-0.04018958,1.021681,-0.1712845
1952,0.016449,1,100,0,18.15213,0,0,6.472482,0,0,134.9913,0.01181958,-0.1794313,0.9836995,-0.2133426,0.9606637,0.1777928,-0.9769061,-0.2119664,-0.02692569,328.267,-44.49076,-140.996,-6.488591,-1.452786,0.2348655,7.131372,-1.627288,20.44694,-3.841767,-0.0380215,0.9557738,-0.1679533
1953,0.016651,1,100,0,9.826628,0,0,6.640362,0,0,134.9907,-0.003933482,-0.1800304,0.9836532,-0.2139293,0.9610394,0.1750361,-0.9768413,-0.2097438,-0.04229402,328.1568,-44.51479,-140.9956,-6.657184,-1.448663,-0.05153975,7.302976,-1.517621,18.93603,-3.672637,-0.03560143,0.8845727,-0.1635615
1954,0.016719,1,100,0,1.467128,0,0,6.809039,0,0,134.9902,-0.01853954,-0.180431,0.983413,-0.2144288,0.9614131,0.1723521,-0.9765638,-0.2076767,-0.05651375,328.0435,-44.53872,-141.0003,-6.82507,-1.433164,-0.3623916,7.479164,-1.373332,17.32893,-3.44287,-0.03141542,0.8091367,-0.1555272
1955,0.016635,1,100,0,-6.850372,0,0,6.983231,0,0,134.9897,-0.03179121,-0.1806662,0.9830305,-0.2148238,0.9617766,0.1698127,-0.9761351,-0.2057798,-0.06938745,327.9281,-44.56216,-141.0105,-6.977314,-1.409672,-0.688591,7.651472,-1.222709,15.65209,-3.198631,-0.02712314,0.7304777,-0.146659
1956,0.016679,1,100,0,-15.18987,0,0,7.148663,0,0,134.989,-0.04373519,-0.1807474,0.9825567,-0.2151238,0.9621301,0.1674143,-0.9756072,-0.2040495,-0.08096203,327.8101,-44.58517,-141.0264,-7.117401,-1.378642,-1.031463,7.824346,-1.066577,13.90013,-2.939166,-0.02277747,0.6483387,-0.1369367
1957,0.016679,1,100,0,-23.52937,15.0111,0,7.308608,0,0,134.9882,-0.05427516,-0.1806815,0.982043,-0.2153355,0.962469,0.1651791,-0.9750308,-0.2025036,-0.09114529,327.6899,-44.60754,-141.0484,-7.246815,-1.339994,-1.392972,7.999115,-0.9079052,12.06682,-2.666123,-0.01856942,0.5624107,-0.1264888
1958,0.016729,1,100,0,-31.89387,30.0672,0,7.464185,0,0,134.9874,-0.06337501,-0.1804728,0.9815361,-0.2154691,0.9627911,0.1631139,-0.9744518,-0.2011533,-0.0999032,327.5674,-44.62922,-141.0769,-7.367347,-1.294089,-1.773049,8.178851,-0.7482522,10.1525,-2.380027,-0.01458103,0.4727034,-0.1153562
1959,0.01671,1,100,0,-40.24887,45.1062,0,7.616568,0,0,134.9865,-0.07093601,-0.1801264,0.9810823,-0.2155354,0.963092,0.1612393,-0.973916,-0.2000203,-0.1071415,327.4432,-44.64998,-141.112,-7.477556,-1.241247,-2.168444,8.36171,-0.5904245,8.171196,-2.08347,-0.01092924,0.3798675,-0.1036641
1960,0.016718,1,100,0,-48.60787,60.1524,0,7.763117,0,0,134.9857,-0.07692079,-0.1796452,0.9807196,-0.215547,0.9633692,0.159561,-0.9734594,-0.1991176,-0.1128251,327.3173,-44.66975,-141.1541,-7.578883,-1.182015,-2.578016,8.55068,-0.4358723,6.124485,-1.777593,-0.007684456,0.2839694,-0.09149642
1961,0.016623,1,100,0,-56.91937,75.1131,0,7.90396,0,0,134.9849,-0.0812562,-0.1790395,0.9804807,-0.2155103,0.963618,0.1581002,-0.973115,-0.198457,-0.1168848,327.1906,-44.68831,-141.203,-7.676732,-1.113943,-2.999203,8.749968,-0.2683679,4.030403,-1.453372,-0.003748822,0.1859463,-0.07825147
1962,0.016997,1,100,0,-65.41787,90.4104,0,8.041974,0,0,134.9878,-0.08398259,-0.1782961,0.9803865,-0.2154232,0.9638446,0.156834,-0.9729031,-0.1980266,-0.1193553,327.0586,-44.70648,-141.2591,-7.893168,-1.105348,-3.238808,8.972398,-0.09077814,1.741755,-1.144169,0.0002813746,0.07867256,-0.06656861
1963,0.016367,1,100,0,-73.60137,100,0,8.284745,0,0,134.9846,-0.08486765,-0.1774151,0.98047,-0.2152938,0.9640399,0.1558066,-0.9728546,-0.1978661,-0.1200121,326.9285,-44.72351,-141.3182,-8.015678,-1.041691,-3.653473,9.23051,0.0647819,-0.4276649,-0.8213696,0.003327346,-0.02292968,-0.05357239
1964,0.016682,1,100,0,-81.94238,100,0,8.442666,0,0,134.983,-0.08404864,-0.1763838,0.9807266,-0.2151333,0.9642096,0.1549762,-0.9729613,-0.1979614,-0.1189865,326.7942,-44.73953,-141.3861,-8.124794,-0.9664983,-4.101443,9.481453,0.2145754,-2.656951,-0.4859052,0.005891958,-0.1273346,-0.03997255
1965,0.016917,1,100,0,-90.40088,100,0,8.584455,0,0,134.9816,-0.08142722,-0.1752024,0.9811594,-0.2149519,0.9643487,0.1543615,-0.9732244,-0.1983328,-0.1161843,326.6564,-44.75438,-141.463,-8.223873,-0.8852465,-4.558709,9.734059,0.356474,-4.941318,-0.1427242,0.007878524,-0.2343402,-0.02609801
1966,0.016506,1,100,0,-98.65388,100,0,8.708898,0,0,134.9809,-0.07710603,-0.1739153,0.9817374,-0.2147668,0.9644501,0.1539849,-0.973617,-0.1989715,-0.1117161,326.5205,-44.76742,-141.5457,-8.296613,-0.7997807,-5.002416,9.966135,0.4824657,-7.185462,0.1935702,0.00908743,-0.3394932,-0.01257792
1967,0.016697,1,100,0,-107.0024,100,0,8.795708,0,0,134.9797,-0.07095543,-0.1724695,0.9824559,-0.2145813,0.9645172,0.1538227,-0.9741253,-0.1999021,-0.1054465,326.3821,-44.77913,-141.6368,-8.359706,-0.7118181,-5.44023,10.19645,0.5992236,-9.478203,0.5328099,0.00969225,-0.4469662,0.0008670092
1968,0.016671,1,100,0,-91.5817,100,0,8.859348,0,0,134.9802,-0.06317595,-0.1709185,0.9832578,-0.2144041,0.964546,0.15389,-0.9747,-0.2010924,-0.09758174,326.2428,-44.7895,-141.7346,-8.429447,-0.6490663,-5.779952,10.40701,0.68139,-11.1588,0.8619931,0.01004014,-0.5254732,0.01567878
1969,0.016677,1,100,0,-99.9202,100,0,8.910723,0,0,134.9794,-0.05403647,-0.1693196,0.9840788,-0.2142393,0.9645343,0.1541927,-0.9752856,-0.2024963,-0.08839494,326.1023,-44.79886,-141.8378,-8.484622,-0.5863186,-6.102761,10.5969,0.7500445,-12.91702,1.185481,0.009410326,-0.6077318,0.02974606
1970,0.016653,1,100,0,-108.2467,100,0,8.933111,0,0,134.9785,-0.04349815,-0.1676452,0.9848874,-0.2140967,0.9644821,0.1547162,-0.9758437,-0.2041313,-0.07784548,325.9612,-44.80713,-141.9462,-8.518674,-0.5204162,-6.41903,10.76685,0.8059785,-14.73801,1.502765,0.007914125,-0.6930376,0.04305805
1971,0.016718,1,100,0,-92.78255,100,0,8.91882,0,0,134.979,-0.03162177,-0.1659049,0.9856346,-0.2139729,0.9643892,0.155464,-0.9763277,-0.2059831,-0.06599484,325.819,-44.81448,-142.0597,-8.564154,-0.4754891,-6.642889,10.91721,0.8540176,-15.99522,1.80298,0.007659856,-0.751633,0.05711627
1972,0.016714,1,100,0,-101.1396,100,0,8.897758,0,0,134.9782,-0.01870503,-0.1641505,0.9862581,-0.2138536,0.9642593,0.1564331,-0.9766871,-0.2079887,-0.05314066,325.6761,-44.82113,-142.1767,-8.588092,-0.4290669,-6.855807,11.0346,0.8907872,-17.36691,2.093259,0.006454662,-0.8157479,0.07001022
1973,0.016759,1,100,0,-85.63748,100,0,8.841441,0,0,134.9788,-0.004795257,-0.1623826,0.9867164,-0.2137354,0.964092,0.1576207,-0.9768803,-0.2101404,-0.03933,325.5323,-44.82718,-142.2968,-8.61877,-0.4026378,-6.980879,11.1272,0.9212395,-18.20856,2.363206,0.006427676,-0.8547626,0.08338351
1974,0.016555,1,100,0,-93.91498,100,0,8.778675,0,0,134.9783,0.009659944,-0.1606655,0.9869617,-0.2136057,0.9638939,0.159001,-0.9768723,-0.2123566,-0.0250079,325.3898,-44.83278,-142.4173,-8.620269,-0.3727965,-7.101088,11.18135,0.9415404,-19.18819,2.617665,0.00542011,-0.9004328,0.09518929
1975,0.01673,1,100,0,-102.28,100,0,8.67765,0,0,134.9773,0.02509528,-0.1589047,0.986975,-0.2134691,0.9636626,0.1605792,-0.9766277,-0.2147184,-0.009737864,325.2459,-44.83794,-142.5409,-8.596287,-0.3385897,-7.224944,11.20948,0.9551238,-20.31496,2.862366,0.003665671,-0.9531685,0.1057068
1976,0.016791,1,100,0,-86.7483,100,0,8.538428,0,0,134.9779,0.04134626,-0.1571125,0.9867149,-0.2133206,0.9634005,0.162339,-0.9761071,-0.2171987,0.006317668,325.1018,-44.84272,-142.6664,-8.574459,-0.3231077,-7.266986,11.214,0.9672716,-20.93062,3.08375,0.003294317,-0.9816954,0.1165121
1977,0.016536,1,100,0,-95.0163,100,0,8.393859,0,0,134.9776,0.0578773,-0.1553565,0.9861616,-0.2131461,0.9631177,0.1642356,-0.9753048,-0.219702,0.02262903,324.9604,-44.84723,-142.7904,-8.520617,-0.3031018,-7.30984,11.18029,0.9735423,-21.7053,3.286588,0.002162308,-1.017882,0.1254817
1978,0.016654,1,100,0,-103.3433,100,0,8.211376,0,0,134.9767,0.07517156,-0.1535348,0.9852797,-0.2129476,0.9628105,0.1662802,-0.9741675,-0.2223125,0.0396811,324.819,-44.85147,-142.9157,-8.438463,-0.2784815,-7.357944,11.11893,0.9769968,-22.64058,3.475634,0.0005116756,-1.061784,0.1328539
1979,0.016924,1,100,0,-87.68859,100,0,7.990416,0,0,134.9772,0.09334052,-0.1516234,0.9840214,-0.2127149,0.9624795,0.1684814,-0.9726461,-0.2250422,0.05758577,324.6765,-44.85555,-143.0432,-8.359191,-0.2729487,-7.326379,11.03291,0.9842564,-23.08507,3.641002,0.0004916699,-1.082421,0.1404818
1980,0.016521,1,100,0,-95.94909,100,0,7.770064,0,0,134.9772,0.1114458,-0.149732,0.9824257,-0.2124389,0.9621423,0.1707395,-0.9707984,-0.2277336,0.07541779,324.5389,-44.85951,-143.1668,-8.246846,-0.2613962,-7.302222,10.9149,0.9888609,-23.70341,3.785216,-0.0001082662,-1.111428,0.1460658
1981,0.016672,1,100,0,-104.2851,100,0,7.514836,0,0,134.9765,0.1302124,-0.1477289,0.9804188,-0.2121174,0.9617925,0.1730942,-0.9685304,-0.2305029,0.09390144,324.402,-44.86336,-143.2909,-8.10687,-0.2453214,-7.284793,10.76867,0.99392,-24.49895,3.913705,-0.001027509,-1.148944,0.149862
1982,0.01668,1,100,0,-88.85609,100,0,7.224245,0,0,134.9774,0.1494312,-0.1456213,0.9779902,-0.2117459,0.9614365,0.1755099,-0.9658334,-0.233312,0.1128339,324.2673,-44.86713,-143.4139,-7.967896,-0.2466973,-7.193096,10.60302,1.00579,-24.81511,4.0149,-0.0001972103,-1.163727,0.1537492
1983,0.0167,1,100,0,-97.20609,100,0,6.941593,0,0,134.977,0.1689173,-0.1434365,0.9751374,-0.211305,0.9610808,0.1779719,-0.9627135,-0.236114,0.1320343,324.1348,-44.871,-143.5353,-7.802051,-0.2428969,-7.111053,10.40284,1.018125,-25.3327,4.098265,0.0002379422,-1.18818,0.1556661
1984,0.016669,1,100,0,-105.5406,100,0,6.629588,0,0,134.9767,0.1887433,-0.1411113,0.9718353,-0.2108048,0.9607306,0.18044,-0.959134,-0.2389244,0.1515845,324.0054,-44.87484,-143.6548,-7.610351,-0.2336099,-7.039477,10.18615,1.032175,-26.03227,4.163754,0.0004590545,-1.221379,0.1556544
1985,0.016687,1,100,0,-90.10511,100,0,6.288086,0,0,134.9779,0.2089179,-0.1386285,0.9680576,-0.2102394,0.9603886,0.1829024,-0.9550669,-0.2417354,0.1714972,323.879,-44.87873,-143.7725,-7.423144,-0.2412729,-6.897038,9.95282,1.055289,-26.26074,4.202186,0.002523797,-1.232214,0.1558098
1986,0.016695,1,100,0,-98.45261,100,0,5.965101,0,0,134.9776,0.2292362,-0.1360207,0.9638201,-0.2095923,0.9600626,0.1853402,-0.9505377,-0.2444959,0.1915722,323.7557,-44.8828,-143.8876,-7.21338,-0.2429945,-6.768364,9.690586,1.079177,-26.69966,4.223203,0.004238508,-1.253151,0.153988
1987,0.01683,1,100,0,-106.8676,100,0,5.619371,0,0,134.9775,0.2499959,-0.13321,0.9590398,-0.2088847,0.959747,0.1877588,-0.9454469,-0.2472676,0.2121073,323.6349,-44.88694,-144.0012,-6.99643,-0.230247,-6.647047,9.425214,1.051375,-27.34124,4.275141,0.002315571,-1.283745,0.1532418
1988,0.016464,1,100,0,-91.6384,100,0,5.261799,0,0,134.9793,0.2705418,-0.130303,0.9538491,-0.2081661,0.95944,0.1901093,-0.9399328,-0.2499915,0.232444,323.5201,-44.89095,-144.1096,-6.791691,-0.2314919,-6.461771,9.159313,1.031529,-27.51425,4.299134,0.002070021,-1.292088,0.152694
1989,0.016703,1,100,0,-99.98991,100,0,4.939605,0,0,134.9789,0.2914403,-0.1272246,0.9480909,-0.2073961,0.9591381,0.19246,-0.9338357,-0.252721,0.2531456,323.4072,-44.89506,-144.2162,-6.568796,-0.2253856,-6.292599,8.859343,1.011294,-27.90594,4.306822,0.001436041,-1.310934,0.1501563
1990,0.016921,1,100,0,-108.4504,91.5395,0,4.598192,0,0,134.9784,0.3128044,-0.1238975,0.9417021,-0.2065894,0.9588448,0.1947756,-0.9270783,-0.2554723,0.2743349,323.2967,-44.89917,-144.3211,-6.317637,-0.212375,-6.126496,8.534204,0.9920616,-28.49699,4.299108,0.0006197102,-1.339362,0.1457317
1991,0.01643,1,100,0,-93.25266,83.32449,0,4.230489,0,0,134.9802,0.3336918,-0.1204593,0.9349544,-0.2057824,0.9585748,0.1969478,-0.919948,-0.2581171,0.2950801,323.1935,-44.9031,-144.4195,-6.07594,-0.2129328,-5.896688,8.211613,0.9836849,-28.61236,4.268281,0.001611757,-1.345156,0.1419431
1992,0.016695,1,100,0,-101.6002,74.97699,0,3.904515,0,0,134.9797,0.3548737,-0.1167947,0.9275903,-0.2049235,0.9583217,0.1990629,-0.9121794,-0.2607272,0.3161492,323.0927,-44.90711,-144.5155,-5.809175,-0.2051413,-5.682246,7.84613,0.9755864,-28.94377,4.223929,0.002326896,-1.361318,0.1363509
1993,0.016696,1,100,0,-86.15636,66.62899,0,3.556058,0,0,134.981,0.3759872,-0.1129506,0.9197151,-0.2040304,0.9580926,0.2010731,-0.9038836,-0.2632507,0.3371852,322.9963,-44.91111,-144.6073,-5.550267,-0.2100787,-5.410597,7.478985,0.9771916,-28.82406,4.15863,0.00467584,-1.356004,0.1314802
1994,0.01671,1,100,0,-94.51136,58.27399,0,3.247725,0,0,134.9808,0.3968802,-0.1089665,0.9113794,-0.2030924,0.9578921,0.2029687,-0.8951198,-0.2656485,0.3580382,322.9043,-44.9152,-144.6946,-5.276516,-0.2068498,-5.162093,7.094724,0.9783127,-28.9427,4.081276,0.006610803,-1.362118,0.1248492
1995,0.016698,1,100,0,-102.8604,49.92499,0,2.929837,0,0,134.981,0.4176689,-0.1047745,0.9025381,-0.2021331,0.9577218,0.2047221,-0.88583,-0.2679389,0.3788323,322.8169,-44.91925,-144.7775,-4.997005,-0.1995082,-4.925274,6.714245,0.9814775,-29.28205,3.991737,0.008409217,-1.378814,0.116491
1996,0.016662,1,100,0,-87.44801,41.59399,0,2.6141,0,0,134.9824,0.4383022,-0.100374,0.8932055,-0.20116,0.9575838,0.2063192,-0.8760283,-0.2701074,0.3995199,322.7343,-44.92328,-144.8558,-4.734838,-0.2041919,-4.643316,6.339274,0.9936303,-29.17067,3.885355,0.01171672,-1.374028,0.1091876
1997,0.01672,1,100,0,-95.80801,33.23399,0,2.347909,0,0,134.9824,0.4587331,-0.09578901,0.883396,-0.2001598,0.9574817,0.207762,-0.8657369,-0.2721277,0.4200554,322.6558,-44.92738,-144.9297,-4.468287,-0.2020991,-4.387106,5.958305,1.003935,-29.30042,3.769629,0.01459116,-1.380796,0.1002677
1998,0.016612,1,100,0,-80.44191,24.92799,0,2.080529,0,0,134.9838,0.4787574,-0.09105853,0.8732123,-0.1991539,0.9574155,0.2090296,-0.8550608,-0.2739781,0.4402351,322.5821,-44.9315,-144.9985,-4.22361,-0.2108477,-4.094762,5.594878,1.020384,-28.99954,3.640455,0.01862472,-1.367027,0.09259528
1999,0.016688,1,100,0,-65.00551,16.58399,0,1.866554,0,0,134.9845,0.4983103,-0.08624571,0.8626984,-0.1981142,0.9573867,0.2101463,-0.8440602,-0.2756309,0.4599892,322.5122,-44.93579,-145.0627,-3.991593,-0.2239542,-3.789372,5.232098,1.03657,-28.29755,3.499891,0.023224,-1.334132,0.08621608
2000,0.016679,1,100,0,-49.57743,8.24449,0,1.687803,0,0,134.9854,0.5170376,-0.08148716,0.8520751,-0.1970363,0.9573947,0.2111205,-0.8329758,-0.277047,0.4789531,322.4461,-44.94033,-145.1216,-3.773184,-0.2400468,-3.477346,4.882408,1.049216,-27.23089,3.349738,0.0279596,-1.283847,0.0811177
2001,0.016847,1,100,0,-41.15393,0,0,1.54399,0,0,134.9856,0.5349521,-0.07682008,0.8413829,-0.1959072,0.9574381,0.2119742,-0.8218559,-0.278229,0.4971339,322.383,-44.94515,-145.176,-3.55876,-0.2531508,-3.178114,4.542229,1.053226,-26.01182,3.191088,0.03212351,-1.226323,0.0763761
2002,0.016453,1,100,0,-32.92744,0,0,1.415273,0,0,134.9866,0.55141,-0.07244113,0.8310834,-0.1947765,0.9575096,0.212692,-0.811178,-0.2791561,0.5138705,322.3248,-44.95006,-145.2243,-3.37109,-0.2660606,-2.898275,4.245217,1.050092,-24.70377,3.028862,0.03561386,-1.164568,0.07200046
2003,0.016681,1,100,0,-24.58694,0,0,1.319488,0,0,134.9866,0.5670063,-0.06821623,0.8208839,-0.1936124,0.9576077,0.2133114,-0.8006361,-0.2798822,0.5297621,322.2689,-44.95521,-145.2688,-3.191041,-0.2743982,-2.641394,3.965376,1.036558,-23.26208,2.85925,0.03833054,-1.096471,0.06793042
2004,0.016765,1,100,0,-16.20444,0,0,1.232352,0,0,134.9869,0.5815341,-0.06422462,0.810983,-0.1924368,0.9577276,0.2138371,-0.7904344,-0.2804166,0.5445921,322.2156,-44.96051,-145.3093,-3.022328,-0.28028,-2.400502,3.709684,1.013409,-21.70759,2.683602,0.04025209,-1.023027,0.06413681
2005,0.016636,1,100,0,-7.886437,0,0,1.160253,0,0,134.9874,0.5947827,-0.06055905,0.8016022,-0.1912754,0.9578592,0.2142887,-0.7807992,-0.280782,0.5581346,322.1654,-44.96583,-145.3456,-2.873904,-0.280036,-2.179022,3.485771,0.9603674,-20.07133,2.536788,0.03999999,-0.9455749,0.06264221
2006,0.016616,1,100,0,0.4215622,0,0,1.106384,0,0,134.9875,0.6068364,-0.05724002,0.7927631,-0.1901292,0.9579934,0.2147084,-0.7717518,-0.2810203,0.5704623,322.1177,-44.97109,-145.3784,-2.730934,-0.2749641,-1.979193,3.280206,0.898034,-18.35002,2.386041,0.03891338,-0.8640975,0.06137462
2007,0.016696,1,100,0,8.769563,0,0,1.055819,0,0,134.9876,0.6177447,-0.05427369,0.7845035,-0.1890005,0.9581264,0.2151107,-0.7633284,-0.2811551,0.5816197,322.0721,-44.97628,-145.4081,-2.591131,-0.2657861,-1.797047,3.089307,0.8276721,-16.53931,2.230644,0.03709204,-0.7783903,0.06029192
2008,0.016654,1,100,0,17.09656,0,0,1.007414,0,0,134.9877,0.62741,-0.05170523,0.7769706,-0.1879056,0.9582533,0.2155044,-0.7556773,-0.2812068,0.591502,322.0289,-44.98127,-145.4349,-2.455283,-0.2533578,-1.631504,2.91204,0.7513605,-14.66024,2.071874,0.03465815,-0.6894516,0.05935808
2009,0.016715,1,100,0,25.45406,0,0,0.9616096,0,0,134.9878,0.6358808,-0.0495382,0.770196,-0.1868441,0.9583716,0.2159016,-0.7488293,-0.2811942,0.6001541,321.9877,-44.98605,-145.4591,-2.32043,-0.2374297,-1.482608,2.745747,0.6697234,-12.70602,1.909182,0.03168692,-0.5969586,0.05855861
2010,0.016695,1,100,0,33.80156,0,15.0255,0.9145767,0,0,134.988,0.643102,-0.04780245,0.7642872,-0.1858262,0.9584774,0.2163097,-0.7428922,-0.2811338,0.6075158,321.9487,-44.99055,-145.481,-2.198458,-0.2205276,-1.350856,2.599231,0.58569,-10.69071,1.742914,0.02838144,-0.5015801,0.05783746
2011,0.01667,1,100,0,42.13656,0,30.0285,0.874549,0,0,134.9881,0.6490682,-0.04651165,0.7593069,-0.1848552,0.9585688,0.2167349,-0.7379286,-0.2810376,0.6135786,321.9117,-44.99475,-145.5008,-2.085031,-0.2022299,-1.236371,2.469279,0.4996928,-8.620675,1.5736,0.02480226,-0.4036164,0.05718996
2012,0.016738,1,100,0,50.50556,0,45.0927,0.8368278,0,0,134.9882,0.6538002,-0.0456735,0.7552875,-0.1839287,0.9586453,0.2171853,-0.7339724,-0.2809149,0.6183618,321.8764,-44.99864,-145.519,-1.9773,-0.1830223,-1.135594,2.351725,0.4122056,-6.48804,1.400509,0.02102981,-0.3026928,0.05660276
2013,0.016595,1,100,0,58.80306,0,60.0282,0.8004898,0,0,134.9884,0.6572344,-0.04530845,0.7523232,-0.1830597,0.9587041,0.2176598,-0.7311171,-0.2807736,0.6217991,321.8431,-45.00219,-145.5354,-1.87612,-0.1646063,-1.043854,2.24237,0.3253618,-4.327502,1.22574,0.01721984,-0.2004535,0.05603679
2014,0.016646,1,100,0,67.12606,0,75.0096,0.7688132,0,0,134.9885,0.659412,-0.04541723,0.7504088,-0.1822383,0.9587456,0.218166,-0.7293596,-0.2806144,0.6239316,321.8113,-45.00543,-145.5504,-1.778042,-0.1463134,-0.961646,2.142488,0.238141,-2.115456,1.04778,0.01337871,-0.09577758,0.05550803
2015,0.016996,1,100,0,75.62406,0,90.306,0.7378882,0,0,134.9884,0.6603127,-0.04602799,0.7495791,-0.181451,0.9587696,0.2187156,-0.7287407,-0.2804326,0.624736,321.7804,-45.00845,-145.5645,-1.682236,-0.1288442,-0.8848474,2.050788,0.1495085,0.1899798,0.8635701,0.009529045,0.01332046,0.05502298
2016,0.016319,1,100,0,83.78356,0,100,0.7092502,0,0,134.9891,0.6598884,-0.04710319,0.7498859,-0.1807452,0.9587747,0.2192774,-0.7293002,-0.2802369,0.6241706,321.7521,-45.01107,-145.5768,-1.593272,-0.1166487,-0.8012023,1.951832,0.06626084,2.428727,0.683208,0.006037356,0.1192552,0.05444411
2017,0.016676,1,100,0,92.12156,0,100,0.6945763,0,0,134.9888,0.6581435,-0.04869523,0.7513162,-0.1800725,0.9587628,0.2198817,-0.7310412,-0.2800051,0.6222348,321.7248,-45.01354,-145.5881,-1.498168,-0.1038021,-0.72441,1.86714,-0.02005178,4.755079,0.4975889,0.002547682,0.2293437,0.05393733
2018,0.016704,1,100,0,100.4736,0,100,0.6735342,0,0,134.9891,0.6550322,-0.05079994,0.7538914,-0.1794476,0.9587334,0.2205192,-0.7339832,-0.2797312,0.6188853,321.6988,-45.01583,-145.5981,-1.40678,-0.09652422,-0.6349608,1.776773,-0.1052061,7.115692,0.3089277,-0.000646395,0.3410558,0.05337958
2019,0.016659,1,100,0,85.06398,0,100,0.6665862,0,0,134.9892,0.6506631,-0.05334589,0.7574905,-0.1788855,0.958688,0.2211728,-0.7379957,-0.279413,0.6142401,321.6744,-45.01801,-145.6068,-1.319599,-0.0910157,-0.5518759,1.692798,-0.191517,8.83607,0.1199899,-0.004252356,0.4222066,0.04972144
2020,0.016711,1,100,0,93.41948,0,100,0.660305,0,0,134.9895,0.6452193,-0.05622707,0.7619256,-0.1784072,0.9586269,0.2218229,-0.7428749,-0.2790574,0.6084932,321.6512,-45.02013,-145.614,-1.242143,-0.09124793,-0.460291,1.617898,-0.2753494,10.64625,-0.07106741,-0.007397325,0.507641,0.04633182
2021,0.016637,1,100,0,101.738,0,100,0.668136,0,0,134.9898,0.6386755,-0.05944259,0.7671768,-0.1780086,0.9585527,0.2224632,-0.7486032,-0.2786459,0.6016228,321.6294,-45.02225,-145.6198,-1.174674,-0.09734046,-0.3596117,1.555159,-0.3570995,12.5232,-0.2625808,-0.01008539,0.5962684,0.04319606
2022,0.016753,1,100,0,86.24146,0,100,0.6901373,0,0,134.9898,0.6310184,-0.0629814,0.773207,-0.1776922,0.9584662,0.2230872,-0.7551431,-0.278165,0.5936185,321.6085,-45.02451,-145.624,-1.116782,-0.1051169,-0.2687031,1.512734,-0.4408507,13.81744,-0.4542917,-0.01323479,0.6570789,0.03723795
2023,0.016702,1,100,0,94.59245,0,100,0.7130631,0,0,134.9903,0.6225024,-0.06670374,0.7797701,-0.1774816,0.95837,0.2236679,-0.7622277,-0.2776286,0.5847489,321.5884,-45.02691,-145.6266,-1.074781,-0.120131,-0.1656044,1.479503,-0.5206712,15.22893,-0.6457316,-0.01578728,0.7234986,0.03181464
2024,0.016681,1,100,0,102.933,0,100,0.7557425,0,0,134.9906,0.6130261,-0.07064728,0.7868977,-0.1773626,0.9582664,0.2242056,-0.7698971,-0.2770101,0.5749121,321.5691,-45.02958,-145.6277,-1.047002,-0.1410533,-0.05420661,1.470867,-0.5986331,16.74944,-0.8364541,-0.01783863,0.7951362,0.02690072
2025,0.01665,1,100,0,87.5317,0,100,0.8139931,0,0,134.9907,0.6026437,-0.07477245,0.7944996,-0.1773376,0.9581578,0.2246889,-0.7780565,-0.276302,0.5641679,321.5501,-45.03258,-145.627,-1.030232,-0.1623859,0.04333848,1.484499,-0.6784057,17.70847,-1.023699,-0.02045287,0.8399809,0.01949693
2026,0.016872,1,100,0,95.9677,0,100,0.8708968,0,0,134.991,0.5913592,-0.07904855,0.8025246,-0.1774233,0.9580441,0.2251057,-0.7866482,-0.2755049,0.5525231,321.531,-45.03601,-145.6246,-1.034358,-0.1910394,0.1520928,1.517054,-0.7554777,18.83609,-1.211422,-0.02247406,0.8928822,0.01280127
2027,0.0166,1,100,0,104.2677,0,100,0.9503427,0,0,134.9915,0.5793944,-0.08339256,0.81077,-0.1776006,0.9579312,0.2254463,-0.7954625,-0.2746156,0.5402094,321.5121,-45.03987,-145.6205,-1.054064,-0.2258245,0.2728726,1.563326,-0.8292199,20.07706,-1.394385,-0.02392584,0.951229,0.00686983
2028,0.016679,1,100,0,88.83962,0,100,1.047891,0,0,134.9914,0.56655,-0.08786399,0.8193298,-0.1778703,0.9578193,0.2257092,-0.8046017,-0.27361,0.5270241,321.4927,-45.0443,-145.6146,-1.084253,-0.2582002,0.3700028,1.644936,-0.9067168,20.78965,-1.572051,-0.02617176,0.9843602,-0.001276068
2029,0.016943,1,100,0,97.31113,0,100,1.138038,0,0,134.9917,0.5528309,-0.09242978,0.8281515,-0.1782511,0.957708,0.2258807,-0.8140055,-0.2724928,0.5129748,321.4723,-45.04938,-145.6069,-1.139087,-0.2988324,0.4820542,1.734249,-0.9808213,21.69233,-1.748662,-0.02774845,1.026583,-0.008542024
2030,0.016387,1,100,0,105.5046,0,100,1.255934,0,0,134.9923,0.538797,-0.09691603,0.8368424,-0.1787033,0.9576052,0.2259591,-0.8232636,-0.2712926,0.4986356,321.4516,-45.05496,-145.5977,-1.204762,-0.3442281,0.6069003,1.827643,-1.050485,22.7088,-1.916265,-0.02873921,1.074292,-0.01478721
2031,0.016721,1,100,0,90.0377,0,100,1.387845,0,0,134.9919,0.5237412,-0.10154,0.8458043,-0.179245,0.9575079,0.2259427,-0.8328065,-0.2699417,0.4832858,321.4294,-45.06137,-145.5865,-1.281976,-0.3853091,0.6996963,1.969181,-1.125565,23.23218,-2.077832,-0.03071175,1.098462,-0.02302687
2032,0.016654,1,100,0,98.3647,0,100,1.509803,0,0,134.9928,0.5081719,-0.1061177,0.8546932,-0.1798763,0.9574183,0.2258203,-0.8422624,-0.2684946,0.467445,321.4058,-45.06848,-145.5737,-1.39022,-0.438981,0.8333064,2.090233,-1.191149,23.93565,-2.236193,-0.03168134,1.131266,-0.03031196
2033,0.016683,1,100,0,106.7062,0,100,1.678319,0,0,134.9928,0.4918757,-0.1107246,0.8635963,-0.1805754,0.9573402,0.2255936,-0.8517342,-0.2669082,0.4508983,321.3803,-45.07648,-145.5588,-1.508383,-0.4919192,0.9531835,2.264439,-1.257708,24.81494,-2.386514,-0.03225514,1.172503,-0.03638919
2034,0.016743,1,100,0,91.21893,0,100,1.845827,0,0,134.9925,0.4748424,-0.1153568,0.8724778,-0.181339,0.957274,0.2252613,-0.8611857,-0.2651779,0.4336357,321.3526,-45.08537,-145.542,-1.632937,-0.5395604,1.042013,2.440497,-1.327825,25.19279,-2.526391,-0.03389061,1.189817,-0.04418997
2035,0.016704,1,100,0,99.57092,0,100,2.001196,0,0,134.9929,0.4573449,-0.1199167,0.8811674,-0.1821721,0.9572203,0.2248179,-0.8704308,-0.2633434,0.4159343,321.3229,-45.09506,-145.5238,-1.777627,-0.5953489,1.1505,2.600534,-1.391714,25.76735,-2.6596,-0.03469538,1.216568,-0.05076413
2036,0.016629,1,100,0,107.8854,0,100,2.182614,0,0,134.9933,0.4392921,-0.1244505,0.8896823,-0.1830471,0.9571807,0.2242742,-0.8794978,-0.2613756,0.3977017,321.2907,-45.10564,-145.5038,-1.93918,-0.6573541,1.272705,2.787617,-1.451605,26.51799,-2.78519,-0.03479194,1.251769,-0.05617768
2037,0.016705,1,100,0,92.4333,0,100,2.383477,0,0,134.9929,0.4205486,-0.1289865,0.8980543,-0.1839636,0.9571574,0.2236235,-0.8884237,-0.2592538,0.3788024,321.2557,-45.11724,-145.4821,-2.103534,-0.7107218,1.352591,3.001854,-1.515194,26.78323,-2.897915,-0.03607569,1.263818,-0.06305194
2038,0.016725,1,100,0,100.7958,0,100,2.565452,0,0,134.9933,0.4013464,-0.1334471,0.9061528,-0.1849266,0.9571488,0.2228635,-0.8970635,-0.2570172,0.3594703,321.2178,-45.1298,-145.4589,-2.289891,-0.7728512,1.454023,3.192518,-1.571543,27.25537,-3.003593,-0.03642021,1.285793,-0.06865764
2039,0.016675,1,100,0,85.37142,0,100,2.775491,0,0,134.9929,0.3817846,-0.1378103,0.9139195,-0.18592,0.9571578,0.2219972,-0.9053587,-0.254671,0.3398064,321.1769,-45.14325,-145.4345,-2.473391,-0.8238972,1.507426,3.41166,-1.629286,27.26388,-3.094207,-0.03792242,1.285666,-0.0754192
2040,0.016862,1,100,0,93.80242,0,100,2.961361,0,0,134.9933,0.361749,-0.1420859,0.9213845,-0.1869627,0.9571831,0.2210106,-0.9133361,-0.2522149,0.3196953,321.1323,-45.15777,-145.4088,-2.682648,-0.8842317,1.581451,3.610972,-1.677742,27.50596,-3.177659,-0.03830778,1.296746,-0.08078778
2041,0.016525,1,100,0,102.0649,0,100,3.178758,0,0,134.9936,0.3417153,-0.146206,0.9283612,-0.1879939,0.9572255,0.2199494,-0.920809,-0.2496863,0.2996128,321.0851,-45.173,-145.3825,-2.901115,-0.9498367,1.672557,3.825993,-1.718714,27.94315,-3.251684,-0.03777308,1.317199,-0.08479542
2042,0.016728,1,100,0,86.59151,0,91.636,3.409654,0,0,134.9932,0.3210585,-0.1503021,0.9350566,-0.1890354,0.9572878,0.2187823,-0.9280017,-0.2470008,0.278933,321.0337,-45.18943,-145.3546,-3.122258,-1.004355,1.710364,4.075605,-1.76082,27.92192,-3.310574,-0.03844224,1.315797,-0.08989771
2043,0.016823,1,100,0,95.00301,0,83.2245,3.622614,0,0,134.9936,0.3000763,-0.1542974,0.9413537,-0.190086,0.9573685,0.2175162,-0.9347846,-0.2442096,0.2579538,320.9781,-45.20691,-145.326,-3.36691,-1.067745,1.768915,4.297898,-1.793183,28.12692,-3.361902,-0.03795093,1.325253,-0.0936404
2044,0.016493,1,100,0,103.2495,0,74.978,3.864388,0,0,134.9938,0.2791558,-0.1581524,0.9471325,-0.1910924,0.9574662,0.2162001,-0.9410399,-0.2413433,0.2370605,320.9194,-45.22511,-145.2969,-3.620485,-1.136682,1.845678,4.53713,-1.818437,28.52135,-3.404994,-0.03654181,1.343803,-0.09614795
2045,0.016695,1,100,0,87.80664,0,66.63051,4.118889,0,0,134.9935,0.2576566,-0.1619864,0.9525616,-0.1920776,0.9575852,0.2147954,-0.9469528,-0.2383092,0.2156142,320.8559,-45.2446,-145.2665,-3.875206,-1.193582,1.865433,4.81155,-1.844691,28.46094,-3.432306,-0.03642059,1.340673,-0.09963364
2046,0.016694,1,100,0,96.15364,0,58.28351,4.356293,0,0,134.9938,0.2360107,-0.1657063,0.9575177,-0.1930363,0.9577216,0.2133215,-0.9523841,-0.2351819,0.1940452,320.7879,-45.26508,-145.2358,-4.149146,-1.258502,1.905335,5.055387,-1.862155,28.62173,-3.452413,-0.03518404,1.348154,-0.1018254
2047,0.016691,1,100,0,104.4991,0,49.93801,4.617279,0,0,134.9939,0.2140708,-0.1693692,0.9620229,-0.1939438,0.9578772,0.2117959,-0.9573715,-0.2319176,0.1722054,320.7153,-45.28668,-145.2044,-4.442441,-1.331432,1.964645,5.326473,-1.87311,28.98193,-3.465839,-0.03296996,1.365196,-0.1028992
2048,0.016686,1,100,0,89.06459,0,41.59501,4.900171,0,0,134.9937,0.19187,-0.1729681,0.966058,-0.1947921,0.9580516,0.2102225,-0.9618952,-0.2285159,0.1501286,320.6378,-45.30941,-145.1723,-4.727718,-1.390106,1.96436,5.623483,-1.885842,28.88191,-3.463481,-0.03222531,1.360301,-0.1048805
2049,0.016684,1,100,0,97.40659,0,33.25301,5.160137,0,0,134.9937,0.1695868,-0.1764603,0.9695886,-0.1955917,0.9582421,0.2086054,-0.9659112,-0.2250202,0.1279911,320.5554,-45.33315,-145.1403,-5.03052,-1.456374,1.983082,5.890929,-1.891182,29.00134,-3.454906,-0.03042112,1.365924,-0.1056682
2050,0.016719,1,100,0,105.7661,0,24.89351,5.440566,0,0,135,0.1470212,-0.1799071,0.9726347,-0.1963229,0.9584494,0.2069589,-0.9694545,-0.2213778,0.1055925,320.4677,-45.35809,-145.1077,-5.682939,-1.56274,1.872675,6.184243,-1.848668,29.47478,-3.417087,-0.02451987,1.388695,-0.1033928
2051,0.01682,1,100,0,90.20759,0,16.48351,6.053047,0,0,135,0.1240014,-0.1833723,0.9751914,-0.1969299,0.9586798,0.2053083,-0.9725441,-0.2175028,0.08276613,320.3683,-45.38498,-145.0769,-6.344415,-1.669459,1.751191,6.790093,-1.813797,29.46397,-3.368361,-0.02056386,1.38835,-0.1024
2052,0.016489,1,100,0,98.45209,0,8.23901,6.678275,0,0,135,0.1013232,-0.1867131,0.9771754,-0.19742,0.958923,0.203696,-0.9750687,-0.2135531,0.06030029,320.2601,-45.41309,-145.0487,-6.998,-1.773105,1.61862,7.398367,-1.784797,29.6736,-3.310711,-0.01635203,1.398533,-0.1000692
2053,0.016679,1,100,0,83.02401,0,0,7.299786,0,0,134.9925,0.0782893,-0.1900392,0.97865,-0.1978163,0.9591825,0.2020837,-0.9771078,-0.2094139,0.03750087,320.1398,-45.44315,-145.0228,-7.255843,-1.821996,1.583508,8.025477,-1.817921,29.27562,-3.259669,-0.01803573,1.379481,-0.1004114
2054,0.016999,1,100,0,67.29993,0,0,7.530675,0,0,134.9924,0.05519672,-0.1932296,0.9795999,-0.1982159,0.9594485,0.2004234,-0.9786033,-0.205235,0.01465723,320.0129,-45.47446,-144.9977,-7.511769,-1.853181,1.468953,8.282702,-1.846325,28.47466,-3.191673,-0.02087624,1.341274,-0.1010579
2055,0.016384,1,100,0,52.14473,0,0,7.752911,0,0,134.9922,0.03360591,-0.1960558,0.9800167,-0.1986153,0.9597028,0.1988027,-0.9795012,-0.2013273,-0.006688006,319.8867,-45.505,-144.9758,-7.729339,-1.864386,1.299094,8.489011,-1.867554,27.36446,-3.111761,-0.02457199,1.28839,-0.1017688
2056,0.016669,1,100,0,43.81023,0,0,7.93756,0,0,134.9921,0.01252693,-0.1986518,0.9799902,-0.1990461,0.9599575,0.1971353,-0.9799103,-0.1975328,-0.02751555,319.7548,-45.53617,-144.9568,-7.948829,-1.866524,1.086556,8.685106,-1.875833,26.10939,-3.01798,-0.02816411,1.228695,-0.1018955
2057,0.016769,1,100,0,35.42574,0,0,8.127942,0,0,134.9919,-0.007666517,-0.2009807,0.9795652,-0.1995024,0.9602078,0.1954477,-0.9798673,-0.1939272,-0.04745758,319.6184,-45.56746,-144.9416,-8.162256,-1.859721,0.8390834,8.876264,-1.87019,24.73085,-2.911278,-0.03153762,1.163216,-0.1013728
2058,0.016662,1,100,0,27.09473,0,0,8.318757,0,0,134.9917,-0.02662788,-0.2030192,0.9788126,-0.1999766,0.9604491,0.1937702,-0.9794387,-0.1905799,-0.06617381,319.4796,-45.59835,-144.9309,-8.361252,-1.843994,0.5644268,9.057188,-1.850725,23.2578,-2.793143,-0.03460345,1.093332,-0.1001622
2059,0.016619,1,100,0,18.78523,0,0,8.503411,0,0,134.9914,-0.04436139,-0.2047875,0.9778006,-0.2004676,0.9606808,0.1921071,-0.9786954,-0.1874952,-0.08367039,319.338,-45.62879,-144.9252,-8.547665,-1.820139,0.2641835,9.232624,-1.817044,21.69616,-2.663353,-0.03729654,1.019327,-0.09823186
2060,0.016735,1,100,0,10.41773,0,0,8.684723,0,0,134.991,-0.06095605,-0.2063116,0.9765858,-0.2009771,0.9609035,0.1904541,-0.9776976,-0.1846621,-0.1000368,319.1924,-45.65895,-144.9247,-8.72645,-1.788875,-0.06339328,9.410167,-1.768546,20.03937,-2.520693,-0.03957992,0.9408973,-0.09553652
2061,0.016683,1,100,0,2.076233,0,0,8.868508,0,0,134.9906,-0.07617104,-0.2075866,0.9752466,-0.2014973,0.9611131,0.1888403,-0.976523,-0.1821254,-0.1150371,319.0444,-45.68838,-144.9301,-8.891577,-1.750409,-0.4115232,9.583615,-1.706661,18.31304,-2.366796,-0.04144048,0.8592543,-0.09209162
2062,0.016624,1,100,0,-6.235767,0,0,9.048964,0,0,134.9928,-0.08995683,-0.2086357,0.9738474,-0.2020087,0.961309,0.1872895,-0.9752436,-0.1798777,-0.1286226,318.8936,-45.71739,-144.9401,-9.179119,-1.778816,-0.5061309,9.770607,-1.570418,16.40151,-2.215527,-0.0393963,0.7690612,-0.08919439
2063,0.01668,1,100,0,-14.57577,0,0,9.336946,0,0,134.9909,-0.1022752,-0.2094334,0.9724595,-0.2024707,0.9615049,0.18578,-0.9739331,-0.1778939,-0.1407423,318.7377,-45.74678,-144.9524,-9.383503,-1.737038,-0.855455,10.0688,-1.427258,14.51974,-2.02745,-0.03696861,0.68044,-0.08365279
2064,0.016682,1,100,0,-22.91677,0,0,9.568312,0,0,134.9899,-0.1131027,-0.2100319,0.9711306,-0.202884,0.9616908,0.1843615,-0.9726492,-0.1761751,-0.1513819,318.5788,-45.77509,-144.9718,-9.562996,-1.677896,-1.261207,10.29639,-1.274392,12.60257,-1.825244,-0.03416191,0.5902269,-0.07713433
2065,0.016987,1,100,0,-31.41027,0,0,9.787968,0,0,134.989,-0.1225728,-0.2104559,0.9698889,-0.2032551,0.9618671,0.1830283,-0.9714236,-0.1747006,-0.160675,318.4142,-45.80272,-144.9992,-9.738905,-1.611359,-1.695734,10.52756,-1.10947,10.60353,-1.609412,-0.03097066,0.4962148,-0.06983918
2066,0.01637,1,100,0,-39.59527,0,0,10.01457,0,0,134.9883,-0.1301744,-0.2106988,0.9688451,-0.2035669,0.9620219,0.1818637,-0.9703687,-0.1735508,-0.1681219,318.2531,-45.82811,-145.033,-9.882274,-1.539428,-2.123997,10.73133,-0.9471108,8.642393,-1.392732,-0.02786405,0.404019,-0.06222083
2067,0.016681,1,100,0,-47.93577,0,0,10.21371,0,0,134.9873,-0.1363681,-0.2107889,0.9679731,-0.2038425,0.9621629,0.1808064,-0.9694597,-0.1726579,-0.174176,318.0866,-45.85266,-145.0751,-10.02649,-1.464054,-2.566978,10.95449,-0.7771001,6.604178,-1.164626,-0.02459464,0.3082282,-0.05399808
2068,0.016823,1,100,0,-56.34727,0,0,10.42017,0,0,134.9863,-0.1409978,-0.2107275,0.9673229,-0.2040875,0.9622843,0.1798819,-0.9687457,-0.1720556,-0.1786868,317.9166,-45.87603,-145.1255,-10.15915,-1.387706,-3.020095,11.18004,-0.6219769,4.514205,-0.9215979,-0.02248388,0.2099772,-0.04488102
2069,0.016535,1,100,0,-64.61477,14.8815,0,10.62005,0,0,134.9854,-0.1439309,-0.2105266,0.9669345,-0.2043148,0.9623776,0.1791216,-0.968266,-0.1717779,-0.1815295,317.7474,-45.89758,-145.1829,-10.27628,-1.307547,-3.477569,11.40095,-0.4721778,2.408129,-0.6763055,-0.02077197,0.110959,-0.03560485
2070,0.01668,1,100,0,-72.95477,29.8935,0,10.80606,0,0,134.9843,-0.1452319,-0.2101815,0.9668151,-0.2045389,0.9624445,0.1785062,-0.9680246,-0.1718265,-0.1827679,317.575,-45.91787,-145.2489,-10.39324,-1.224619,-3.948412,11.63796,-0.322998,0.2294212,-0.4240092,-0.01935189,0.008510421,-0.0260739
2071,0.016746,1,100,0,-81.32777,44.9649,0,10.99297,0,0,134.9832,-0.1448221,-0.2096895,0.9669834,-0.2047558,0.9624833,0.178048,-0.9680402,-0.1722102,-0.182324,317.4002,-45.93673,-145.3235,-10.49816,-1.14397,-4.429964,11.87787,-0.1472672,-2.00888,-0.1592905,-0.01644181,-0.09663677,-0.01596109
2072,0.016677,1,100,0,-89.66628,59.9742,0,11.16733,0,0,134.9822,-0.1426658,-0.2090524,0.9674418,-0.2049513,0.9624949,0.1777598,-0.9683189,-0.1729182,-0.1801607,317.2245,-45.95406,-145.4062,-10.59562,-1.061443,-4.917708,12.12355,0.02404477,-4.283562,0.1071318,-0.01389361,-0.2035235,-0.005899614
2073,0.016688,1,100,0,-98.01028,74.9934,0,11.32946,0,0,134.9811,-0.1387268,-0.2082576,0.9681858,-0.2051316,0.9624791,0.1776378,-0.9688529,-0.1739624,-0.1762418,317.0473,-45.96991,-145.4975,-10.68839,-0.977465,-5.411577,12.37791,0.1908348,-6.604458,0.3750633,-0.01172863,-0.3126221,0.004026853
2074,0.016682,1,100,0,-106.3513,90.0072,0,11.47927,0,0,134.9801,-0.1329717,-0.207292,0.9692001,-0.2053014,0.9624355,0.1776783,-0.9696238,-0.1753519,-0.170534,316.8687,-45.98426,-145.5973,-10.77558,-0.8920873,-5.909842,12.63924,0.3517499,-8.967049,0.6430473,-0.009992117,-0.4237298,0.01369471
2075,0.016625,1,100,0,-90.97315,100,0,11.61251,0,0,134.9806,-0.1255622,-0.2061841,0.9704238,-0.205453,0.9623643,0.1778883,-0.970579,-0.1770404,-0.1631977,316.6892,-45.99724,-145.7047,-10.88276,-0.8304077,-6.316841,12.90054,0.5069855,-10.73093,0.8974946,-0.006382384,-0.5064002,0.02414612
2076,0.01681,1,100,0,-99.37815,100,0,11.74049,0,0,134.9796,-0.1166484,-0.2049609,0.9717944,-0.2055692,0.9622677,0.1782763,-0.971666,-0.1789754,-0.1543806,316.506,-46.00939,-145.8198,-10.98645,-0.7721746,-6.705249,13.15203,0.654521,-12.58516,1.151187,-0.003482433,-0.59341,0.03411599
2077,0.016558,1,100,0,-107.6572,100,0,11.84852,0,0,134.9786,-0.1064129,-0.2036292,0.9732478,-0.2056546,0.9621481,0.178821,-0.9728217,-0.181124,-0.1442623,316.3239,-46.02032,-145.9398,-11.06474,-0.7110062,-7.083735,13.37972,0.7883436,-14.46254,1.399402,-0.001420378,-0.6815957,0.04349211
2078,0.016691,1,100,0,-92.21797,100,0,11.91472,0,0,134.9789,-0.09476405,-0.2021777,0.9747533,-0.2057071,0.9620042,0.1795349,-0.9740148,-0.1835002,-0.1327528,316.1391,-46.03045,-146.0665,-11.15787,-0.6726892,-7.368234,13.5927,0.9154578,-15.78031,1.63465,0.002286374,-0.7432086,0.05359838
2079,0.016959,1,100,0,-100.6975,91.5205,0,11.96952,0,0,134.9775,-0.08182493,-0.2006313,0.9762437,-0.2057083,0.9618365,0.1804288,-0.9751866,-0.1860579,-0.1199737,315.9497,-46.04013,-146.1998,-11.2353,-0.635437,-7.63215,13.77158,1.032118,-17.20864,1.868951,0.005048363,-0.8101363,0.06313043
2080,0.016408,1,100,0,-85.52007,83.3165,0,11.9904,0,0,134.9782,-0.0683424,-0.1990812,0.9775971,-0.2056587,0.9616536,0.1814571,-0.9762345,-0.1886501,-0.1066645,315.7653,-46.04897,-146.3326,-11.29299,-0.6147078,-7.798289,13.9046,1.132653,-18.0481,2.081725,0.008889912,-0.8491482,0.07306603
2081,0.016684,1,100,0,-93.86208,74.97449,0,11.97237,0,0,134.9769,-0.05390803,-0.1974882,0.9788221,-0.2055449,0.9614499,0.1826629,-0.9771621,-0.1913449,-0.09242256,315.5769,-46.05767,-146.4701,-11.32998,-0.5939473,-7.945563,13.9935,1.22195,-19.02808,2.291416,0.01160726,-0.8949118,0.08223795
2082,0.016725,1,100,0,-102.2246,66.61199,0,11.91922,0,0,134.9754,-0.03861178,-0.195836,0.9798763,-0.2053793,0.9612272,0.1840159,-0.9779207,-0.1941411,-0.07733537,315.3877,-46.06598,-146.6105,-11.32979,-0.5660247,-8.092298,14.04598,1.298038,-20.11721,2.496883,0.01320074,-0.9459445,0.09065526
2083,0.016585,1,100,0,-86.88345,58.31949,0,11.81534,0,0,134.9758,-0.0227175,-0.194155,0.9807078,-0.2051642,0.960988,0.1854985,-0.9784638,-0.1969921,-0.0616649,315.2002,-46.07386,-146.7515,-11.31455,-0.5541297,-8.149732,14.05835,1.364347,-20.67184,2.683808,0.01603743,-0.9716102,0.09957409
2084,0.016731,1,100,0,-95.24895,49.95399,0,11.68259,0,0,134.9745,-0.006181035,-0.1924527,0.9812869,-0.204883,0.9607316,0.1871308,-0.9787672,-0.1998923,-0.0453686,315.0114,-46.08164,-146.8945,-11.26453,-0.5381561,-8.196216,14.01908,1.418958,-21.38243,2.86392,0.01766499,-1.004778,0.1074568
2085,0.016651,1,100,0,-103.5745,41.62849,0,11.50477,0,0,134.9735,0.01088344,-0.1907081,0.9815866,-0.2045528,0.9604614,0.1888718,-0.9787954,-0.2028418,-0.02855674,314.8246,-46.08907,-147.0374,-11.17728,-0.5122935,-8.231969,13.93867,1.465303,-22.22589,3.03311,0.01840213,-1.044353,0.1140965
2086,0.016747,1,100,0,-88.08348,33.25499,0,11.27926,0,0,134.9735,0.02858126,-0.1889045,0.9815795,-0.2041663,0.9601762,0.1907303,-0.9785191,-0.2058568,-0.01112489,314.6382,-46.09624,-147.1811,-11.071,-0.5001398,-8.192029,13.81735,1.505816,-22.55898,3.184959,0.02050631,-1.059682,0.1213208
2087,0.016686,1,100,0,-96.42648,24.91199,0,11.02727,0,0,134.9725,0.04652755,-0.1870971,0.981239,-0.203714,0.959882,0.1926844,-0.9779243,-0.2088573,0.006546661,314.4545,-46.1032,-147.3234,-10.91952,-0.4804981,-8.151862,13.64521,1.535504,-23.06294,3.326055,0.02140789,-1.083234,0.1272279
2088,0.01669,1,100,0,-104.7715,16.56699,0,10.72545,0,0,134.9713,0.06491153,-0.1852269,0.9805497,-0.2032094,0.9595786,0.1947178,-0.9769815,-0.2118963,0.02464787,314.2736,-46.10983,-147.4648,-10.72164,-0.4520252,-8.116834,13.43093,1.556873,-23.72362,3.457202,0.0213512,-1.114331,0.1318708
2089,0.016695,1,100,0,-89.32861,8.219494,0,10.37056,0,0,134.9718,0.08367215,-0.1832948,0.9794906,-0.2026516,0.9592671,0.1968216,-0.9756696,-0.2149639,0.04311895,314.0959,-46.11615,-147.6049,-10.50463,-0.4390356,-7.99999,13.17562,1.576791,-23.8972,3.566697,0.02281351,-1.122278,0.1368484
2090,0.016971,1,100,0,-97.81411,0,0,9.998471,0,0,134.9705,0.1029179,-0.181299,0.978028,-0.2020157,0.9589478,0.1990202,-0.97396,-0.2180597,0.06206763,313.9193,-46.12243,-147.745,-10.2453,-0.4196159,-7.88347,12.86584,1.59069,-24.2744,3.665186,0.02331065,-1.140004,0.1403411
2091,0.016389,1,100,0,-82.65428,0,0,9.580706,0,0,134.9723,0.1216417,-0.1793372,0.9762384,-0.201339,0.9586369,0.2011912,-0.9719392,-0.2210281,0.08050263,313.7528,-46.12834,-147.8776,-9.975761,-0.4112573,-7.71336,12.54902,1.603387,-24.21562,3.736157,0.02509753,-1.137022,0.1437529
2092,0.016679,1,100,0,-67.2262,0,0,9.165787,0,0,134.9731,0.1405084,-0.1773767,0.974061,-0.2005638,0.9583243,0.2034424,-0.9695523,-0.2239467,0.09907725,313.5878,-46.13447,-148.0088,-9.706102,-0.4210747,-7.469329,12.19011,1.617537,-23.7596,3.781868,0.02819322,-1.115162,0.1471099
2093,0.016847,1,100,0,-58.8027,0,0,8.764832,0,0,134.9736,0.1591171,-0.175489,0.9715377,-0.1996763,0.9580171,0.2057495,-0.9668565,-0.2267313,0.1173959,313.4256,-46.14101,-148.1365,-9.427172,-0.4378979,-7.19364,11.80588,1.628739,-23.12037,3.804895,0.03160525,-1.084638,0.1498434
2094,0.016472,1,100,0,-50.5667,0,0,8.369503,0,0,134.9749,0.1767393,-0.1737615,0.9687983,-0.1987056,0.9577271,0.2080259,-0.9639912,-0.229272,0.1347406,313.2715,-46.1478,-148.2563,-9.141254,-0.4570888,-6.904579,11.41656,1.634828,-22.34228,3.80489,0.03501401,-1.047568,0.1518262
2095,0.016727,1,100,0,-42.2032,0,0,7.986559,0,0,134.9754,0.1939426,-0.1721461,0.965791,-0.197617,0.9574465,0.2103426,-0.9609029,-0.2316511,0.1516706,313.1198,-46.15515,-148.3727,-8.851443,-0.4819852,-6.591674,11.00768,1.637261,-21.40352,3.782422,0.03858799,-1.002906,0.1531571
2096,0.016681,1,100,0,-33.8627,0,0,7.617266,0,0,134.9762,0.2102918,-0.1706982,0.9626213,-0.1964309,0.9571819,0.2126455,-0.9577019,-0.2338061,0.1677571,312.9732,-46.16301,-148.483,-8.559951,-0.5091248,-6.268699,10.59752,1.634265,-20.33324,3.737985,0.04210057,-0.9520454,0.1537877
2097,0.01669,1,100,0,-25.5177,0,0,7.265299,0,0,134.9771,0.225747,-0.1694324,0.9593388,-0.1951495,0.9569337,0.2149293,-0.9544397,-0.2357342,0.1829603,312.8314,-46.17143,-148.5877,-8.269828,-0.5383664,-5.937168,10.18662,1.625415,-19.13892,3.671899,0.04549705,-0.8953404,0.1537121
2098,0.016631,1,100,0,-17.2022,0,0,6.933697,0,0,134.978,0.2401621,-0.1683713,0.9560196,-0.1937864,0.9567041,0.217173,-0.9511936,-0.2374203,0.197136,312.6947,-46.18039,-148.6862,-7.984033,-0.5685948,-5.602068,9.781047,1.609894,-17.83671,3.585081,0.04867409,-0.8335629,0.1529274
2099,0.016677,1,100,0,-8.863702,0,0,6.624988,0,0,134.9787,0.2535533,-0.1675232,0.952705,-0.1923425,0.9564921,0.2193792,-0.9480059,-0.23887,0.2102999,312.5624,-46.18995,-148.7791,-7.704714,-0.5997977,-5.264027,9.3822,1.587072,-16.42594,3.477836,0.05159852,-0.7666799,0.1514476
2100,0.016683,1,100,0,-0.5222025,0,0,6.340364,0,0,134.9796,0.2658132,-0.1669059,0.9494661,-0.1908321,0.9562984,0.2215324,-0.944948,-0.2400749,0.2223457,312.4345,-46.20008,-148.8663,-7.434343,-0.6312271,-4.926422,8.995193,1.556058,-14.91824,3.351117,0.05418581,-0.6952479,0.1492795
2101,0.016753,1,100,0,7.854297,0,15.0777,6.08124,0,0,134.9807,0.2769151,-0.1665324,0.9463537,-0.1892611,0.9561222,0.2236316,-0.9420716,-0.2410349,0.2332465,312.3105,-46.21084,-148.948,-7.193835,-0.664588,-4.596803,8.644329,1.517979,-13.30533,3.202586,0.0565446,-0.6188769,0.1462959
2102,0.016673,1,100,0,16.1908,0,30.0834,5.865108,0,0,134.9821,0.2866989,-0.1664343,0.9434529,-0.1876693,0.9559569,0.2256696,-0.9394594,-0.2417564,0.2428372,312.1907,-46.2221,-149.0237,-7.002425,-0.6898425,-4.275178,8.345374,1.415781,-11.61412,3.085639,0.05494296,-0.5387973,0.1457774
2103,0.016685,1,100,0,24.53329,0,45.0999,5.707096,0,0,134.9831,0.2951798,-0.16665,0.9407959,-0.1860887,0.9557865,0.2276918,-0.9371448,-0.2422815,0.2511171,312.0738,-46.23382,-149.0941,-6.838758,-0.7147712,-3.96148,8.078737,1.303602,-9.838614,2.949188,0.05289492,-0.4547825,0.1444622
2104,0.016852,1,100,0,32.9593,0,60.2667,5.587286,0,0,134.9839,0.302364,-0.1671917,0.9384152,-0.1845182,0.9556085,0.229708,-0.9351628,-0.2426101,0.2580917,311.9582,-46.24611,-149.1598,-6.70237,-0.740306,-3.653271,7.844784,1.181288,-7.964464,2.793026,0.05046022,-0.3661459,0.1423806
2105,0.016512,1,100,0,41.2153,0,75.1275,5.504533,0,0,134.9851,0.308001,-0.1680451,0.9364274,-0.1830176,0.9554278,0.2316513,-0.9336165,-0.2427315,0.2635175,311.8471,-46.25858,-149.2192,-6.589708,-0.7649189,-3.357384,7.642343,1.052544,-6.063797,2.622585,0.04770105,-0.276303,0.1395581
2106,0.016635,1,100,0,49.5328,0,90.099,5.453201,0,0,134.9858,0.3122415,-0.1692269,0.9348088,-0.181556,0.9552399,0.2335683,-0.9324927,-0.2426499,0.2675414,311.7368,-46.27158,-149.2741,-6.502035,-0.7910371,-3.066183,7.47181,0.9153085,-4.081019,2.43517,0.04467945,-0.1826104,0.1360348
2107,0.016911,1,100,0,57.9883,0,100,5.434714,0,0,134.9863,0.3150296,-0.1707611,0.9335937,-0.1801321,0.9550433,0.2354677,-0.9318311,-0.2423495,0.2701073,311.626,-46.28525,-149.325,-6.435331,-0.81957,-2.774643,7.329579,0.7679604,-2.000736,2.230455,0.04137591,-0.08433533,0.1318336
2108,0.016442,1,100,0,66.2093,0,100,5.445812,0,0,134.9871,0.3162184,-0.172578,0.9328574,-0.1788189,0.9548461,0.2372616,-0.9316813,-0.241839,0.2710797,311.5193,-46.29901,-149.3697,-6.373757,-0.847571,-2.488749,7.198613,0.6154701,0.06010441,2.018706,0.03780293,0.01298354,0.1270916
2109,0.016708,1,100,0,74.56329,0,100,5.468637,0,0,134.9874,0.3158713,-0.1747451,0.9325715,-0.1775665,0.9546401,0.2390239,-0.9320384,-0.2410942,0.2705145,311.4118,-46.31347,-149.4104,-6.326651,-0.8789757,-2.198211,7.092145,0.4532501,2.203228,1.792469,0.03400788,0.1141721,0.1217361
2110,0.01672,1,100,0,82.92329,0,100,5.513949,0,0,134.9879,0.3139135,-0.1772365,0.9327624,-0.1764048,0.9544291,0.240721,-0.9329201,-0.2401093,0.2683428,311.3048,-46.32849,-149.4463,-6.29364,-0.9137906,-1.905146,7.0063,0.2835233,4.388034,1.555229,0.03005468,0.2173091,0.1157886
2111,0.016636,1,100,0,91.24129,0,100,5.57964,0,0,134.9885,0.3103314,-0.1800302,0.9334258,-0.175348,0.9542149,0.2423369,-0.9343168,-0.2388791,0.2645549,311.1988,-46.34402,-149.4772,-6.275503,-0.9524318,-1.610017,6.942945,0.1074127,6.596138,1.308974,0.02599791,0.3215272,0.1092686
2112,0.016685,1,100,0,99.58379,0,100,5.664886,0,0,134.9891,0.3050708,-0.1831385,0.9345546,-0.1743941,0.9539975,0.2438769,-0.936226,-0.2373805,0.2590985,311.0926,-46.36026,-149.5033,-6.276349,-0.9964208,-1.309983,6.908108,-0.07610377,8.844298,1.052718,0.02186661,0.4276227,0.1021482
2113,0.016734,1,100,0,107.9508,0,100,5.773197,0,0,134.9896,0.2980817,-0.1865542,0.936133,-0.1735496,0.9537784,0.245332,-0.9386312,-0.2355945,0.2519275,310.9859,-46.37732,-149.5244,-6.298611,-1.046649,-1.003827,6.903799,-0.2671194,11.12931,0.7871038,0.01768725,0.5354453,0.09441614
2114,0.016689,1,100,0,92.51347,0,100,5.905766,0,0,134.9891,0.2895314,-0.1901904,0.9380828,-0.1728396,0.9535609,0.2466741,-0.9414341,-0.2335578,0.2432134,310.8791,-46.39507,-149.5408,-6.319963,-1.082132,-0.7672331,6.930078,-0.4719894,12.79032,0.5236318,0.01093777,0.6133586,0.08415231
2115,0.016748,1,100,0,100.8875,0,100,6.015968,0,0,134.9897,0.2796366,-0.1939656,0.9403088,-0.1722936,0.9533436,0.2478924,-0.94452,-0.231329,0.2331707,310.7714,-46.41352,-149.5533,-6.366458,-1.125812,-0.5196254,6.965631,-0.6770304,14.53814,0.2527187,0.004721032,0.6954173,0.07358937
2116,0.016611,1,100,0,85.52229,0,100,6.152519,0,0,134.9893,0.2686139,-0.1977835,0.9427238,-0.1719244,0.9531335,0.2489545,-0.9477808,-0.2289499,0.2220211,310.6638,-46.43245,-149.5621,-6.411813,-1.155582,-0.3388159,7.027674,-0.8876265,15.7046,-0.01205662,-0.003555508,0.7496357,0.06097626
2117,0.016682,1,100,0,93.8633,0,100,6.266339,0,0,134.9899,0.2565742,-0.201605,0.9452645,-0.1717476,0.9529291,0.2498573,-0.9511426,-0.2264538,0.2098718,310.5548,-46.45198,-149.5678,-6.483616,-1.194483,-0.1448422,7.095283,-1.091541,16.99848,-0.2816989,-0.01080291,0.8099745,0.04840251
2118,0.016892,1,100,0,102.3093,0,100,6.40694,0,0,134.9905,0.243294,-0.205495,0.9479347,-0.1717252,0.9527358,0.2506102,-0.9546304,-0.2237562,0.1965062,310.4429,-46.47242,-149.5703,-6.603743,-1.236206,0.06235909,7.215363,-1.242468,18.42365,-0.5107685,-0.01406612,0.8769547,0.03866505
2119,0.016509,1,100,0,87.03847,0,100,6.592997,0,0,134.9902,0.2293249,-0.2093079,0.9505789,-0.1718135,0.9525657,0.251195,-0.9580659,-0.2209276,0.1824851,310.3315,-46.49299,-149.5698,-6.714616,-1.262967,0.203172,7.349989,-1.391005,19.28172,-0.729223,-0.01902834,0.9168006,0.0272871
2120,0.016638,1,100,0,95.35747,0,100,6.749145,0,0,134.9907,0.2144846,-0.2130856,0.9532005,-0.1720253,0.9524158,0.2516185,-0.9614595,-0.2179429,0.1676225,310.2173,-46.5142,-149.567,-6.853003,-1.299343,0.3584478,7.488328,-1.528448,20.29422,-0.9517409,-0.02261832,0.9640787,0.01606771
2121,0.016757,1,100,0,103.736,0,100,6.932151,0,0,134.9913,0.1986495,-0.2168467,0.9557802,-0.1723354,0.952292,0.2518735,-0.9647998,-0.2147493,0.151802,310.0997,-46.53625,-149.5613,-7.020141,-1.346426,0.5308696,7.657693,-1.656811,21.44884,-1.177738,-0.02497559,1.018193,0.004948437
2122,0.0166,1,100,0,88.38097,0,100,7.142761,0,0,135,0.1821448,-0.2204961,0.95823,-0.1727297,0.9522024,0.2519424,-0.9679812,-0.2114048,0.1353525,309.9796,-46.55943,-149.5511,-7.66391,-1.496087,0.7933814,7.848773,-1.710977,22.14121,-1.406079,-0.02425499,1.050407,-0.008232541
2123,0.016691,1,100,0,96.72646,0,100,7.842187,0,0,135,0.164889,-0.2240246,0.9605336,-0.1731493,0.952165,0.2517963,-0.970995,-0.2078342,0.1182118,309.848,-46.58521,-149.5366,-8.334234,-1.641032,1.009722,8.554062,-1.767226,23.02285,-1.62873,-0.02290972,1.091704,-0.02056317
2124,0.016695,1,100,0,105.074,0,100,8.552923,0,0,134.9907,0.1468277,-0.227448,0.9626573,-0.1735747,0.95218,0.2514467,-0.9738141,-0.2040123,0.1003271,309.7055,-46.61292,-149.5205,-8.517787,-1.674785,1.066256,9.273294,-1.908493,23.99503,-1.832873,-0.02653613,1.137068,-0.03155961
2125,0.016652,1,100,0,89.67086,0,100,8.743393,0,0,134.9911,0.1281264,-0.2307347,0.9645439,-0.1740851,0.9522274,0.2509131,-0.9763595,-0.2000613,0.08183804,309.5605,-46.64099,-149.504,-8.720704,-1.717062,1.137894,9.466785,-2.039799,24.43621,-2.033549,-0.0315528,1.157008,-0.04433952
2126,0.016742,1,100,0,98.04186,0,100,8.951183,0,0,134.9915,0.1088621,-0.2338418,0.966161,-0.1746858,0.9523122,0.2501727,-0.9785877,-0.1960089,0.06282189,309.411,-46.67002,-149.486,-8.949651,-1.770611,1.231258,9.687358,-2.156152,25.05767,-2.232702,-0.03493483,1.185647,-0.05655063
2127,0.016647,1,100,0,106.3654,0,100,9.182424,0,0,134.9917,0.08911832,-0.2367662,0.9674709,-0.1753352,0.952438,0.2492383,-0.9804673,-0.1918434,0.04336622,309.2584,-46.69988,-149.4663,-9.197031,-1.834252,1.346145,9.928849,-2.259067,25.83174,-2.427638,-0.03687128,1.221658,-0.06815623
2128,0.016676,1,100,0,90.94006,0,100,9.427654,0,0,134.9915,0.0688099,-0.2395103,0.9684523,-0.1760215,0.9526086,0.2480986,-0.9819782,-0.1875401,0.02338993,309.1013,-46.73082,-149.4449,-9.443085,-1.884281,1.394992,10.19649,-2.356791,26.12069,-2.607059,-0.04046679,1.234463,-0.0805091
2129,0.016875,1,100,0,99.37756,0,100,9.658911,0,0,134.9915,0.04792367,-0.2420564,0.9690779,-0.1767467,0.9528278,0.2467381,-0.9830889,-0.1831059,0.002880339,308.9381,-46.76304,-149.4223,-9.708673,-1.946529,1.455624,10.45182,-2.41999,26.60856,-2.782031,-0.04113402,1.256942,-0.09210233
2130,0.016532,1,100,0,107.6436,0,100,9.905102,0,0,135,0.02699795,-0.2443602,0.9693086,-0.1774382,0.9530926,0.2452143,-0.9837615,-0.1786127,-0.01762729,308.7736,-46.79575,-149.3988,-10.42852,-2.041471,1.340446,10.71067,-2.405423,27.43563,-2.923088,-0.03559059,1.296088,-0.100684
2131,0.016624,1,100,0,92.26637,0,100,10.60018,0,0,135,0.00540477,-0.24653,0.9691201,-0.1780224,0.953416,0.243528,-0.9840116,-0.1738413,-0.03873488,308.5962,-46.83021,-149.3773,-11.16163,-2.135651,1.194122,11.42667,-2.39098,27.77929,-3.049592,-0.03209199,1.312083,-0.1100373
2132,0.016852,1,100,0,100.6924,0,100,11.30818,0,0,135,-0.0168376,-0.2485351,0.9684765,-0.1785103,0.9537988,0.2416649,-0.983794,-0.168814,-0.06042577,308.4038,-46.86673,-149.3582,-11.91317,-2.22923,1.012891,12.1622,-2.371751,28.34785,-3.161797,-0.02741105,1.338889,-0.1180278
2133,0.016574,1,100,0,85.36142,0,100,12.03523,0,0,135,-0.039042,-0.2503198,0.9673757,-0.1788785,0.9542261,0.2396979,-0.9830962,-0.1636844,-0.08203174,308.2022,-46.90417,-149.3425,-12.65967,-2.318805,0.8008263,12.89517,-2.3505,28.44387,-3.255669,-0.02470016,1.3431,-0.1263207
2134,0.016649,1,100,0,93.68592,0,100,12.75953,0,0,135,-0.06148043,-0.2518936,0.9658001,-0.1791446,0.954702,0.2375952,-0.9819,-0.1584104,-0.1038209,307.9872,-46.94326,-149.3306,-13.41562,-2.405768,0.5530487,13.64083,-2.322212,28.77612,-3.333368,-0.0206486,1.358677,-0.1330458
2135,0.01666,1,100,0,102.0159,0,100,13.49647,0,0,135,-0.08423142,-0.253297,0.9637146,-0.1792814,0.9552213,0.235395,-0.9801856,-0.1529485,-0.1258711,307.7595,-46.98381,-149.3229,-14.17701,-2.489175,0.2693989,14.39639,-2.288999,29.32528,-3.394074,-0.0154356,1.384678,-0.1382861
2136,0.016682,1,100,0,86.58507,0,100,14.24291,0,0,135,-0.1072868,-0.2545353,0.961094,-0.1792825,0.9557801,0.2331147,-0.9779305,-0.1472972,-0.1481763,307.5187,-47.02578,-149.3202,-14.94304,-2.568322,-0.05155755,15.16224,-2.253101,29.40842,-3.437572,-0.01214478,1.388412,-0.1438025
2137,0.016687,1,100,0,94.92857,0,100,14.9992,0,0,135,-0.1304287,-0.2555791,0.9579498,-0.1791577,0.9563733,0.2307655,-0.9751365,-0.1415257,-0.1705275,307.2651,-47.06906,-149.323,-15.7116,-2.642449,-0.4105133,15.93754,-2.209917,29.73031,-3.463792,-0.00746668,1.40362,-0.1477254
2138,0.016684,1,100,0,103.2706,0,100,15.76493,0,0,135,-0.1538085,-0.2564732,0.9542351,-0.1788853,0.9569965,0.2283817,-0.9717734,-0.1355716,-0.1930735,306.9987,-47.11353,-149.332,-16.48095,-2.710857,-0.8078849,16.72193,-2.161638,30.27107,-3.472665,-0.001590923,1.429331,-0.1501982
2139,0.016681,1,100,0,87.84064,0,100,16.53924,0,0,135,-0.1774008,-0.2572227,0.9499292,-0.1784624,0.9576444,0.2259837,-0.9678226,-0.1294369,-0.2157915,306.7195,-47.1591,-149.3479,-17.24953,-2.772718,-1.244617,17.51523,-2.110394,30.34644,-3.4643,0.002359114,1.432831,-0.1528051
2140,0.016704,1,100,0,96.19264,0,100,17.32195,0,0,135,-0.2010479,-0.2578053,0.9450482,-0.1779011,0.9583132,0.2235775,-0.9632917,-0.1231754,-0.2385307,306.4271,-47.20572,-149.3714,-18.01694,-2.827392,-1.722188,18.31858,-2.05197,30.66243,-3.438974,0.00772182,1.447874,-0.1539081
2141,0.016666,1,100,0,104.5256,0,100,18.11463,0,0,135,-0.2248225,-0.2582591,0.9395516,-0.1771865,0.9589959,0.2212054,-0.9581545,-0.1167439,-0.2613638,306.1226,-47.25311,-149.4029,-18.77886,-2.873987,-2.239171,19.12902,-1.988683,31.1973,-3.397025,0.01428358,1.473399,-0.1536715
2142,0.016657,1,100,0,89.11792,0,100,18.91381,0,0,135,-0.2487383,-0.2585898,0.9334133,-0.1763183,0.9596884,0.2188832,-0.9523869,-0.1101333,-0.2843054,305.8055,-47.3012,-149.4433,-19.53481,-2.911739,-2.797055,19.9477,-1.922636,31.26898,-3.338844,0.01890655,1.476843,-0.1534822
2143,0.016953,1,100,0,97.59442,0,91.5235,19.72059,0,0,135,-0.2730341,-0.2587792,0.9265451,-0.1752946,0.9603987,0.2165786,-0.9458987,-0.1032851,-0.3075842,305.4701,-47.35071,-149.4942,-20.28815,-2.936774,-3.416562,20.78236,-1.848783,31.56215,-3.263641,0.02491676,1.490896,-0.1519581
2144,0.01642,1,100,0,105.8044,0,83.3135,20.54473,0,0,135,-0.2966559,-0.2588518,0.919234,-0.174157,0.9610868,0.2144333,-0.9389701,-0.09647812,-0.3301929,305.133,-47.399,-149.5538,-21.00035,-2.947671,-4.065506,21.5924,-1.772687,32.0328,-3.175553,0.03178834,1.513433,-0.1493564
2145,0.016677,1,100,0,90.3782,0,74.975,21.34548,0,0,135,-0.3206861,-0.2588145,0.9111396,-0.1728609,0.961781,0.212359,-0.9312783,-0.08939977,-0.3531687,304.7789,-47.44815,-149.6255,-21.7029,-2.94462,-4.773026,22.41581,-1.692774,32.02053,-3.071681,0.03669584,1.512976,-0.1467415
2146,0.01668,1,100,0,98.7182,0,66.63499,22.16037,0,0,135,-0.3445525,-0.2586476,0.9024327,-0.1714442,0.9624658,0.2103957,-0.9229789,-0.08222447,-0.3759637,304.4131,-47.49718,-149.7093,-22.38222,-2.926827,-5.528513,23.23993,-1.606748,32.22214,-2.953897,0.04286142,1.522744,-0.1429802
2147,0.016655,1,100,0,107.0457,0,58.3075,22.97749,0,0,134.8819,-0.3683467,-0.2583783,0.8930631,-0.1699023,0.9631357,0.2085748,-0.914032,-0.07490562,-0.3986669,304.0597,-47.52794,-149.8672,-19.88071,-1.060695,-12.00584,24.06315,-1.638498,29.19168,-1.952451,0.02693539,1.379316,-0.08689253
2148,0.016739,1,100,0,91.56213,0,49.938,23.03739,0,0,134.9073,-0.3896427,-0.2586569,0.8838978,-0.1688969,0.9635422,0.2075097,-0.9053466,-0.06843294,-0.4191235,303.7387,-47.53344,-150.1142,-19.27846,-0.6246046,-13.54398,24.09611,-1.625931,28.13101,-1.551167,0.02303506,1.329183,-0.06576152
2149,0.016737,1,100,0,99.93063,0,41.5695,23.17303,0,0,134.9499,-0.409987,-0.2590814,0.8745213,-0.1680543,0.9638507,0.2067597,-0.8964756,-0.06219825,-0.438706,303.4162,-47.54052,-150.3562,-19.1422,-0.5324218,-13.88926,24.35496,-1.59123,27.91169,-1.301103,0.02437893,1.319027,-0.05306169
2150,0.016701,1,100,0,108.2811,0,33.21899,23.28693,0,0,134.9793,-0.4299496,-0.2595643,0.8647369,-0.1672564,0.9641029,0.2062302,-0.8872253,-0.05596413,-0.4579294,303.0938,-47.54823,-150.596,-19.10418,-0.5126134,-13.97349,24.44222,-1.542795,28.05737,-1.091369,0.0282547,1.326254,-0.0425432
2151,0.016683,1,100,0,92.84935,0,24.87749,23.37727,0,0,134.9813,-0.4496462,-0.260073,0.854506,-0.1664733,0.9643105,0.2058933,-0.8775564,-0.04967323,-0.4768938,302.7714,-47.55641,-150.8341,-19.10879,-0.526102,-13.93279,24.47498,-1.485806,27.81837,-0.907889,0.03097783,1.315205,-0.03408891
2152,0.01669,1,100,0,101.1944,0,16.5325,23.43964,0,0,134.982,-0.4689985,-0.2605726,0.8438853,-0.1656998,0.9644806,0.2057203,-0.8675161,-0.04334912,-0.4955168,302.4478,-47.56547,-151.0694,-19.32631,-0.7172003,-13.25788,24.47352,-1.430899,28.14966,-0.8242444,0.03613811,1.331184,-0.03156428
2153,0.016603,1,100,0,85.83658,0,8.230995,23.36648,0,0,135,-0.488133,-0.2609696,0.8328393,-0.1649132,0.9646386,0.2056121,-0.8570474,-0.03698014,-0.5139093,302.1219,-47.57801,-151.2905,-20.24121,-0.8305566,-13.42667,24.30375,-1.349355,28.10772,-0.7245964,0.04125538,1.329545,-0.028345
2154,0.016959,1,100,0,70.14951,0,0,24.27848,0,0,135,-0.5072963,-0.261267,0.8212126,-0.1640345,0.9647878,0.2056144,-0.8460162,-0.03039978,-0.5322901,301.7735,-47.59234,-151.5199,-21.13179,-0.8718884,-13.74459,25.22353,-1.164778,27.58725,-0.6456164,0.05066062,1.305608,-0.02680286
2155,0.016462,1,100,0,54.92216,0,0,25.22046,0,0,135,-0.5252445,-0.2614241,0.8098,-0.1630747,0.9649259,0.2057308,-0.8351799,-0.02399889,-0.5494537,301.4212,-47.60666,-151.7486,-21.93495,-0.8643682,-14.17692,26.13186,-0.9922385,26.7025,-0.5708075,0.05760351,1.264304,-0.02546275
2156,0.01669,1,100,0,46.57716,0,0,26.12994,0,0,135,-0.542592,-0.2614536,0.7982705,-0.1620202,0.9650558,0.2059533,-0.8242228,-0.01758731,-0.5659923,301.0509,-47.62085,-151.9882,-22.69139,-0.8194892,-14.7192,27.05966,-0.8052533,25.6444,-0.4903847,0.06461494,1.214831,-0.02361581
2157,0.016979,1,100,0,38.08765,0,0,27.04812,0,0,135,-0.5592762,-0.2613661,0.7867006,-0.1608759,0.9651749,0.2062919,-0.8132214,-0.01118705,-0.5818469,300.6616,-47.63432,-152.2417,-23.40966,-0.738593,-15.36003,28.00872,-0.6195263,24.41496,-0.4104537,0.07072857,1.157214,-0.02158366
2158,0.016349,1,100,0,29.91315,0,0,27.98269,0,0,135,-0.574349,-0.2611855,0.7758257,-0.1597233,0.9652748,0.2067202,-0.8028773,-0.005187862,-0.5961221,300.2753,-47.64581,-152.4966,-24.05724,-0.6318934,-16.04932,28.9263,-0.445355,23.10668,-0.335146,0.07573033,1.095804,-0.0194122
2159,0.016686,1,100,0,21.57015,0,0,28.88565,0,0,135,-0.5886816,-0.2609223,0.7650971,-0.1585131,0.9653595,0.2072548,-0.7926711,0.0007292107,-0.6096489,299.8704,-47.65563,-152.7686,-24.68012,-0.4994857,-16.81174,29.86625,-0.2721293,21.64647,-0.259968,0.07997014,1.027176,-0.01693664
2160,0.016637,1,100,0,13.25165,0,0,29.81212,0,0,135,-0.6018654,-0.260602,0.7548807,-0.1572884,0.9654254,0.207881,-0.7829552,0.006382369,-0.6220458,299.4565,-47.66311,-153.0527,-25.26833,-0.348226,-17.62092,30.80757,-0.1037463,20.07946,-0.1866608,0.08342252,0.9534572,-0.01417125
2161,0.016682,1,100,0,4.910654,0,0,30.74276,0,0,135,-0.6139395,-0.2602464,0.7452182,-0.1560573,0.9654706,0.2085972,-0.7737728,0.01176932,-0.6333539,299.0318,-47.668,-153.3514,-25.83105,-0.1816315,-18.47168,31.75657,0.06117211,18.40526,-0.1148128,0.08618558,0.8746347,-0.01107996
2162,0.016696,1,100,0,-3.437346,0,0,31.68434,0,0,135,-0.6248459,-0.2598804,0.7362268,-0.1548356,0.9654939,0.2093982,-0.765241,0.01684745,-0.6435236,298.5975,-47.67005,-153.6647,-26.373,-0.003942516,-19.35417,32.71268,0.2228828,16.63549,-0.04462432,0.08833958,0.7912605,-0.007661083
2163,0.016671,1,100,0,-11.77285,0,0,32.6365,0,0,135,-0.6345366,-0.2595299,0.7280162,-0.153638,0.965494,0.2102777,-0.7574686,0.02157793,-0.652515,298.1549,-47.66909,-153.9924,-26.89885,0.1806832,-20.25873,33.67487,0.381607,14.78277,0.02366576,0.08996395,0.7039341,-0.003928923
2164,0.016683,1,100,0,-20.11435,0,0,33.59806,0,0,135,-0.6430164,-0.2592184,0.7206497,-0.1524721,0.9654703,0.2112338,-0.7505215,0.02594784,-0.6603368,297.7032,-47.66504,-154.3355,-27.41577,0.3692064,-21.1805,34.64641,0.5383031,12.84991,0.09008019,0.09113651,0.6127908,0.0001057372
2165,0.016687,1,100,0,-28.45785,0,0,34.57196,0,0,135,-0.6502632,-0.2589697,0.7142076,-0.1513471,0.9654214,0.2122625,-0.7444808,0.02993328,-0.6669723,297.2429,-47.65783,-154.6941,-27.92945,0.5583227,-22.11283,35.62784,0.6936532,10.84444,0.1544022,0.0919354,0.5181895,0.00441068
2166,0.016675,1,100,0,-36.79535,0,0,35.5583,0,0,135,-0.6562571,-0.2588061,0.7087639,-0.1502709,0.9653479,0.2133596,-0.7394225,0.03351212,-0.6724074,296.7743,-47.64749,-155.068,-28.44538,0.7448578,-23.04908,36.61905,0.8482251,8.774606,0.216308,0.0924305,0.4205216,0.008937998
2167,0.01669,1,100,0,-45.14034,15.021,0,36.55649,0,0,135,-0.6609758,-0.2587482,0.7043865,-0.1492488,0.9652487,0.2145222,-0.7354155,0.03666518,-0.6766239,296.2965,-47.63406,-155.458,-28.98499,0.9265429,-23.99658,37.64072,1.002953,6.550601,0.2756396,0.09227479,0.3155214,0.01370398
2168,0.016868,1,100,0,-53.57434,30.2022,0,37.58664,0,0,135,-0.664376,-0.2588193,0.7011543,-0.1482881,0.9651234,0.2157492,-0.7325404,0.0393657,-0.6795847,295.8044,-47.61747,-155.8682,-29.55685,1.096745,-24.96182,38.70275,1.131644,4.153224,0.3328771,0.08972488,0.2021556,0.0187247
2169,0.016498,1,100,0,-61.82334,45.0504,0,38.65844,0,0,135,-0.6662958,-0.2590346,0.6992503,-0.1474404,0.9649771,0.2169803,-0.7309659,0.04147527,-0.6811524,295.3135,-47.59852,-156.2852,-30.15019,1.253556,-25.91018,39.77365,1.259583,1.678174,0.3855699,0.08678075,0.08508122,0.02374922
2170,0.016678,1,100,0,-70.16234,60.0606,0,39.73954,0,0,135,-0.6667639,-0.2594135,0.6986635,-0.1466792,0.9648068,0.2182502,-0.7306923,0.043042,-0.6813489,294.8071,-47.5768,-156.7227,-30.78982,1.400879,-26.87046,40.89007,1.393163,-0.9580615,0.4351634,0.08345274,-0.03964734,0.02886616
2171,0.01685,1,100,0,-78.58734,75.2256,0,40.86634,0,0,135,-0.665655,-0.259958,0.6995181,-0.1460579,0.9646201,0.2194891,-0.7318271,0.04393387,-0.6800731,294.2842,-47.55217,-157.1808,-31.50787,1.583782,-27.83383,42.07109,1.307111,-3.753025,0.4403488,0.06554817,-0.1728922,0.03131027
2172,0.016514,1,100,0,-86.84435,90.0882,0,42.05694,0,0,135,-0.6629351,-0.2606279,0.7018477,-0.1456902,0.9644387,0.2205272,-0.7343646,0.04394295,-0.6773312,293.7598,-47.52508,-157.6456,-32.26367,1.754112,-28.77185,43.26477,1.220107,-6.607868,0.4419805,0.04725101,-0.309012,0.03355219
2173,0.016693,1,100,0,-95.19084,100,0,43.25845,0,0,135,-0.6584856,-0.261412,0.705734,-0.1454286,0.9642597,0.2214807,-0.7384085,0.0432079,-0.6729679,293.2164,-47.49438,-158.1311,-33.13025,2.008163,-29.69207,44.53387,1.59048,-9.578135,0.3629304,0.05710103,-0.448536,0.03067826
2174,0.016673,1,100,0,-103.5273,100,0,44.53224,0,0,135,-0.6522961,-0.2622424,0.7111531,-0.1449951,0.9640862,0.2225183,-0.7439666,0.04203413,-0.6668935,292.6589,-47.45951,-158.631,-34.05093,2.258085,-30.57396,45.81846,2.009674,-12.55119,0.2850919,0.06991687,-0.5879966,0.02771726
2175,0.016689,1,100,0,-88.09002,100,0,45.81725,0,0,135,-0.6444479,-0.2631012,0.7179586,-0.1443354,0.9639168,0.2236773,-0.7509021,0.04052149,-0.659169,292.0852,-47.42049,-159.146,-35.03346,2.497739,-31.4116,47.11975,2.468118,-14.86684,0.2090596,0.08807491,-0.6960388,0.02420335
2176,0.016685,1,100,0,-96.43252,100,0,47.11346,0,0,135,-0.6351596,-0.2639595,0.7258773,-0.1433925,0.9637524,0.2249891,-0.7589539,0.03881856,-0.6499864,291.4948,-47.37757,-159.6745,-36.0808,2.720639,-32.19675,48.43404,2.948767,-17.24341,0.1354029,0.107282,-0.8068945,0.02070059
2177,0.016677,1,100,0,-104.771,100,0,48.41672,0,0,135,-0.6243566,-0.2648108,0.7348839,-0.1421499,0.9635934,0.2264544,-0.7680968,0.0369246,-0.6392687,290.8869,-47.33107,-160.2155,-37.19464,2.92161,-32.92311,49.7585,3.442789,-19.67515,0.06469663,0.1270087,-0.9203297,0.01720995
2178,0.01668,1,100,0,-89.34202,100,0,49.72368,0,0,135,-0.6120874,-0.2656397,0.7448387,-0.1405807,0.9634409,0.2280768,-0.7781943,0.03489304,-0.6270539,290.26,-47.28137,-160.7683,-38.37584,3.095866,-33.58295,51.08918,3.942958,-21.4931,-0.002679668,0.1498539,-1.004552,0.0133444
2179,0.01676,1,100,0,-97.72202,100,0,51.0302,0,0,135,-0.598469,-0.2664274,0.755547,-0.1386886,0.963298,0.2298311,-0.7890502,0.032761,-0.6134545,289.61,-47.22889,-161.3344,-39.60236,3.2022,-34.16297,52.39952,4.269951,-23.4244,-0.06871881,0.1612604,-1.094966,0.009422569
2180,0.016608,1,100,0,-106.026,100,0,52.31059,0,0,135,-0.5835785,-0.2671309,0.766862,-0.1366911,0.9631847,0.2314972,-0.8004698,0.03027356,-0.5986083,288.945,-47.1749,-161.9044,-40.90389,3.347222,-34.63228,53.70034,4.199465,-25.42975,-0.2027471,0.1473273,-1.190685,0.0008144118
2181,0.016676,1,100,0,-90.60072,100,0,53.57484,0,0,135,-0.5672616,-0.2676858,0.7788188,-0.1347469,0.9631233,0.2328881,-0.8124394,0.02716503,-0.5824127,288.2554,-47.11847,-162.4841,-42.25865,3.456392,-35.00957,54.98554,4.122427,-26.86413,-0.3305414,0.1356327,-1.25926,-0.008135566
2182,0.016876,1,100,0,-99.03871,100,0,54.81649,0,0,135,-0.5495379,-0.2680628,0.7912968,-0.1328334,0.9631152,0.2340189,-0.8248417,0.02349161,-0.564876,287.5342,-47.05974,-163.0766,-43.67652,3.526294,-35.29115,56.26311,4.037698,-28.45383,-0.4523315,0.1228069,-1.33525,-0.01707543
2183,0.016482,1,100,0,-107.2797,100,0,56.04417,0,0,135,-0.5309266,-0.2682348,0.8038452,-0.1310388,0.9631593,0.2348472,-0.8372252,0.01935175,-0.5465161,286.8065,-47.00147,-163.6592,-45.10412,3.552184,-35.46447,57.48676,3.954606,-30.12273,-0.5631411,0.109812,-1.414984,-0.02573208
2184,0.016578,1,100,0,-91.94506,100,0,57.21295,0,0,135,-0.5109473,-0.2681886,0.8167055,-0.1293089,0.9632547,0.2354139,-0.8498307,0.01467685,-0.5268516,286.0507,-46.94267,-164.2476,-46.57906,3.534477,-35.53404,58.69216,3.875656,-31.25413,-0.665867,0.09966581,-1.469102,-0.0345415
2185,0.01677,1,100,0,-100.3301,100,0,58.35736,0,0,135,-0.489656,-0.2678674,0.8297495,-0.1273603,0.963406,0.2358571,-0.8625641,0.009811714,-0.5058532,285.2606,-46.88327,-164.8433,-48.17677,3.556931,-35.48627,59.94104,4.617339,-32.55812,-0.8410852,0.1404406,-1.527614,-0.0482174
2186,0.016601,1,100,0,-84.97414,100,0,59.5413,0,0,135,-0.467567,-0.2672319,0.8425962,-0.1247627,0.9636172,0.2363817,-0.8751089,0.005399719,-0.4838961,284.4519,-46.82409,-165.4315,-49.79285,3.579416,-35.31737,61.15109,5.209837,-33.33073,-0.9960864,0.1744893,-1.561508,-0.06062799
2187,0.016748,1,100,0,-93.34814,91.626,0,60.68343,0,0,135,-0.4444534,-0.2662923,0.8553068,-0.1215816,0.9638916,0.2369203,-0.8875131,0.001310498,-0.4607812,283.6087,-46.76409,-166.0212,-51.44859,3.588578,-34.99099,62.32338,5.666336,-34.21363,-1.133244,0.1996998,-1.601241,-0.07183727
2188,0.01662,1,100,0,-101.6581,83.316,0,61.78919,0,0,135,-0.420602,-0.2650851,0.8676542,-0.1180051,0.9642216,0.2373844,-0.899538,-0.002543233,-0.4368349,282.7444,-46.70449,-166.6002,-53.10639,3.579373,-34.51311,63.43702,5.98885,-35.17833,-1.249759,0.2163222,-1.645444,-0.08171831
2189,0.016666,1,100,0,-86.24208,74.983,0,62.83865,0,0,135,-0.395849,-0.2636188,0.879664,-0.1141166,0.9646065,0.237722,-0.9111976,-0.006282255,-0.4119218,281.85,-46.64502,-167.1719,-54.7731,3.546746,-33.88099,64.50266,6.19611,-35.55936,-1.346667,0.2285561,-1.662383,-0.09034082
2190,0.016687,1,100,0,-94.58558,66.6395,0,63.84316,0,0,135,-0.3704689,-0.2619156,0.8911527,-0.1100148,0.9650401,0.2378963,-0.9223068,-0.009906836,-0.386332,280.9268,-46.58616,-167.733,-56.43599,3.485992,-33.09741,65.51802,6.294647,-36.06499,-1.423815,0.2335697,-1.685703,-0.09769484
2191,0.016689,1,100,0,-102.9301,58.295,0,64.80335,0,0,135,-0.3444001,-0.2599941,0.9021041,-0.1058238,0.9655154,0.237869,-0.9328399,-0.01354198,-0.3600372,279.9757,-46.5285,-168.2803,-58.08229,3.393702,-32.1683,66.48209,6.300992,-36.68118,-1.481101,0.2324655,-1.714652,-0.1038687
2192,0.016677,1,100,0,-87.50385,49.9565,0,65.71731,0,0,135,-0.3177614,-0.2578506,0.9124367,-0.1015098,0.9660333,0.2376454,-0.9427213,-0.0171067,-0.3331424,278.9979,-46.47233,-168.8108,-59.73193,3.314935,-31.08116,67.4161,6.594032,-36.72939,-1.584241,0.2521107,-1.715326,-0.1128674
2193,0.016974,1,100,0,-95.99085,41.4695,0,66.60831,0,0,135,-0.290323,-0.2554302,0.9222082,-0.09681921,0.966612,0.2372491,-0.9520181,-0.02040859,-0.3053603,277.9746,-46.41662,-169.3313,-61.37461,3.216233,-29.83388,68.31726,6.749744,-36.92623,-1.665152,0.2626545,-1.723629,-0.1203209
2194,0.016484,1,100,0,-104.2328,33.2275,0,67.47419,0,0,135,-0.2632693,-0.2528757,0.9309905,-0.09207777,0.9672156,0.236677,-0.9603184,-0.02341372,-0.2779224,276.9543,-46.36415,-169.8158,-62.93551,3.11734,-28.49329,69.15536,6.921522,-37.24207,-1.723027,0.273801,-1.737488,-0.126176
2195,0.016564,1,100,0,-88.91115,24.9455,0,68.28406,0,0,135,-0.2357677,-0.250139,0.9390656,-0.08716357,0.9678547,0.2359237,-0.9678928,-0.02622911,-0.2499919,275.9035,-46.31316,-170.2797,-64.45099,3.000311,-27.02613,69.95245,6.965505,-37.01597,-1.757843,0.2793885,-1.726161,-0.1302015
2196,0.016848,1,100,0,-97.33514,16.5215,0,69.05927,0,0,135,-0.2077205,-0.2472211,0.9464324,-0.08212942,0.9685276,0.2349671,-0.9747347,-0.02892246,-0.2214871,274.8092,-46.26341,-170.7261,-65.92973,2.858291,-25.41938,70.71806,6.894314,-36.94697,-1.77021,0.2771483,-1.722754,-0.1327497
2197,0.016544,1,100,0,-105.6071,8.2495,0,69.81139,0,0,135,-0.180001,-0.2442248,0.9528663,-0.07738502,0.969202,0.2337933,-0.980618,-0.03165454,-0.1933567,273.711,-46.21757,-171.1375,-67.28255,2.596847,-23.74889,71.39814,6.412991,-37.01898,-1.818775,0.2485075,-1.727782,-0.1376561
2198,0.016715,1,100,0,-90.14577,0,0,70.48829,0,0,135,-0.1518902,-0.2410394,0.9585561,-0.07307097,0.969893,0.2323116,-0.9856931,-0.03475678,-0.1649302,272.5791,-46.17588,-171.5246,-68.57324,2.288557,-21.97494,72.0446,5.942248,-36.55375,-1.847176,0.2228822,-1.707277,-0.1411913
2199,0.016684,1,100,0,-74.71307,0,0,71.13696,0,0,135,-0.1241345,-0.2377309,0.9633664,-0.06921116,0.9705856,0.2305942,-0.989849,-0.03805102,-0.1369368,271.4282,-46.1396,-171.8813,-69.79536,1.947603,-20.16936,72.67729,5.487089,-35.69412,-1.855539,0.1998671,-1.668021,-0.1432483
2200,0.016681,1,100,0,-59.28315,0,0,71.77468,0,0,135,-0.09701664,-0.2343295,0.9673043,-0.06576761,0.9712741,0.228695,-0.9931076,-0.04143007,-0.109641,270.2574,-46.10918,-172.2076,-70.95155,1.575148,-18.33505,73.29923,5.046609,-34.47246,-1.844939,0.179185,-1.611574,-0.1437764
2201,0.016674,1,100,0,-50.94615,0,0,72.40753,0,0,135,-0.07079573,-0.2308741,0.9704047,-0.06271465,0.9719514,0.2266667,-0.9955177,-0.04481155,-0.0832892,269.0683,-46.08515,-172.5031,-72.0424,1.174091,-16.4816,73.91299,4.620703,-33.11818,-1.816465,0.1598224,-1.548811,-0.142906
2202,0.016684,1,100,0,-42.60415,0,0,73.03962,0,0,135,-0.04557334,-0.2273955,0.9727355,-0.06003052,0.9726109,0.2245539,-0.9971557,-0.04816015,-0.05797579,267.8605,-46.06793,-172.7677,-73.07064,0.7474448,-14.61789,74.52221,4.210341,-31.64088,-1.771213,0.1417595,-1.480191,-0.1406732
2203,0.016689,1,100,0,-34.25965,0,0,73.67429,0,0,135,-0.02147535,-0.2239311,0.9743683,-0.05767893,0.9732473,0.2224023,-0.9981042,-0.05142435,-0.03381694,266.6356,-46.05787,-173.0013,-74.04328,0.3137243,-12.75244,75.13409,3.862038,-30.05125,-1.707374,0.1278518,-1.406043,-0.1369356
2204,0.016683,1,100,0,-25.91815,0,0,74.31802,0,0,135,0.001376901,-0.2205225,0.975381,-0.05560902,0.9738557,0.2202561,-0.9984518,-0.05454325,-0.01092214,265.3952,-46.05514,-173.2038,-74.95786,-0.1357616,-10.89925,75.74624,3.521378,-28.35982,-1.628949,0.1145834,-1.327089,-0.1319075
2205,0.016686,1,100,0,-17.57515,0,0,74.96826,0,0,135,0.02290445,-0.2172041,0.9758575,-0.05380373,0.9744312,0.2181494,-0.9982889,-0.05750137,0.01063242,264.1396,-46.05998,-173.3756,-75.81868,-0.5980352,-9.067676,76.36133,3.189925,-26.57425,-1.537197,0.1019965,-1.243689,-0.1256675
2206,0.016682,1,100,0,-9.234147,0,0,75.62692,0,0,135,0.04301714,-0.2140128,0.9758833,-0.05224554,0.9749691,0.2161153,-0.9977075,-0.06028222,0.03075917,262.8703,-46.07258,-173.5168,-76.62971,-1.06969,-7.268496,76.98108,2.869192,-24.70336,-1.433511,0.09013142,-1.156259,-0.1183085
2207,0.016816,1,100,0,-0.8261471,0,0,76.29495,0,0,135,0.06179405,-0.2109575,0.9755401,-0.05090386,0.9754698,0.2141667,-0.99679,-0.06289299,0.04953968,261.5773,-46.09327,-173.6292,-77.40199,-1.551448,-5.496598,77.61242,2.557662,-22.73644,-1.318353,0.07892759,-1.0643,-0.109857
2208,0.016531,1,100,0,7.439353,0,0,76.97881,0,0,135,0.07871194,-0.2081339,0.9749282,-0.04966052,0.9759297,0.2123571,-0.9956601,-0.06513048,0.06648128,260.2936,-46.12116,-173.7106,-78.1554,-1.957342,-3.780919,78.27128,2.635332,-20.73569,-1.22769,0.09219793,-0.9694047,-0.102709
2209,0.0167,1,100,0,15.78935,0,0,77.69234,0,0,135,0.09419198,-0.2054762,0.9741188,-0.04822103,0.9763789,0.2106157,-0.9943855,-0.06681132,0.08205879,258.9843,-46.15599,-173.7644,-78.8833,-2.341625,-2.102467,78.94605,2.660269,-18.64681,-1.125571,0.1021935,-0.8705828,-0.09437102
2210,0.016678,1,100,0,24.12835,0,0,78.42434,0,0,135,0.1079944,-0.2030414,0.9731964,-0.046747,0.9768018,0.2089811,-0.9930518,-0.06806279,0.0959975,257.6649,-46.19738,-173.7906,-79.5545,-2.761359,-0.5009264,79.60398,2.351469,-16.5006,-1.044312,0.0909941,-0.7703227,-0.08696865
2211,0.016677,1,100,0,32.46685,0,0,79.14159,0,0,135,0.1201116,-0.2008294,0.972235,-0.0454617,0.977185,0.2074683,-0.9917192,-0.06911881,0.1082412,256.3346,-46.24574,-173.7905,-80.20197,-3.175691,1.022179,80.27132,2.053946,-14.29982,-0.9554068,0.08045494,-0.6674865,-0.07886782
2212,0.016691,1,100,0,40.81236,0,0,79.86797,0,0,135,0.1305161,-0.1988582,0.9712987,-0.04434556,0.9775274,0.2060923,-0.9904542,-0.06997115,0.1187646,254.9925,-46.30101,-173.7654,-80.83188,-3.582363,2.460784,80.94864,1.768322,-12.04698,-0.8599939,0.07062333,-0.5621907,-0.07016298
2213,0.016677,1,100,0,49.15086,0,15.0093,80.60319,0,0,135,0.1391051,-0.1971538,0.9704536,-0.04337756,0.9778276,0.2048696,-0.9893271,-0.07059433,0.1274688,253.6407,-46.36295,-173.717,-81.49105,-3.97745,3.793424,81.6762,1.495718,-9.548866,-0.7594248,0.06225379,-0.4453326,-0.0607212
2214,0.01668,1,100,0,57.49086,0,30.0213,81.38563,0,0,135,0.1457073,-0.1957436,0.96977,-0.04252622,0.978086,0.2038117,-0.9884132,-0.07093751,0.1341901,252.2776,-46.43142,-173.6469,-82.1846,-4.36039,5.023539,82.45337,1.235219,-6.819756,-0.6547817,0.05525078,-0.3175913,-0.05064533
2215,0.016693,1,100,0,65.83736,0,45.045,82.21577,0,0,135,0.150146,-0.1946433,0.9693143,-0.04161978,0.9783151,0.2028975,-0.9877875,-0.07080691,0.1387891,250.9014,-46.5058,-173.5566,-82.95367,-4.646366,6.179117,83.31316,1.401367,-3.87292,-0.5760353,0.07589534,-0.1782192,-0.04199494
2216,0.016678,1,100,0,74.17635,0,60.0552,83.1272,0,0,135,0.1522397,-0.1938566,0.9691454,-0.0403722,0.9785371,0.2020772,-0.9875187,-0.06989069,0.1411457,249.5134,-46.5846,-173.4477,-83.76597,-4.881786,7.232208,84.2192,1.508475,-0.7269548,-0.4945514,0.09335155,-0.02971195,-0.0329082
2217,0.016687,1,100,0,82.51985,0,75.0735,84.08245,0,0,135,0.1518455,-0.1933959,0.9692993,-0.03883023,0.9787467,0.2013638,-0.9876413,-0.0682143,0.1411086,248.1108,-46.6671,-173.3218,-84.62582,-5.068394,8.178392,85.17103,1.55871,2.611012,-0.4114761,0.1077762,0.1275999,-0.02360469
2218,0.016806,1,100,0,90.92285,0,90.1989,85.07973,0,0,135,0.1487891,-0.1932667,0.9697988,-0.03700209,0.9789402,0.2007654,-0.9881763,-0.06575628,0.1385044,246.6834,-46.75298,-173.1796,-85.54843,-5.190917,9.01871,86.17898,1.627949,6.156594,-0.3205921,0.1240863,0.2947132,-0.01383768
2219,0.01655,1,100,0,99.19785,0,100,86.1274,0,0,135,0.1430413,-0.1934632,0.9706243,-0.0349305,0.9791114,0.2003026,-0.9891005,-0.06255594,0.1332956,245.2624,-46.83926,-173.0265,-86.49419,-5.258286,9.720307,87.19736,1.632856,9.738081,-0.2322704,0.1364775,0.4632602,-0.004604273
2220,0.016683,1,100,0,107.5394,0,100,87.17606,0,0,135,0.1344698,-0.1939563,0.9717504,-0.03263351,0.9792583,0.1999706,-0.9903802,-0.05860163,0.1253512,243.8141,-46.92707,-172.8612,-87.45906,-5.271882,10.2789,88.21868,1.580137,13.29842,-0.145483,0.1452368,0.6305849,0.003951984
2221,0.016921,1,100,0,91.88743,0,100,88.21513,0,0,135,0.1231483,-0.1946604,0.9731094,-0.03030581,0.9793782,0.1997496,-0.9919254,-0.05408969,0.1147094,242.3288,-47.01671,-172.685,-88.4136,-5.347949,10.67102,89.21568,1.09662,16.17838,-0.174101,0.1245089,0.7643167,0.003903643
2222,0.016452,1,100,0,100.1134,0,100,89.21304,0,0,135,0.1099574,-0.1954053,0.974539,-0.02836573,0.979468,0.1995942,-0.9935316,-0.04959036,0.1021569,240.8691,-47.10498,-172.5084,-89.35153,-5.39788,10.86248,90.1711,0.6531904,18.98245,-0.2001806,0.1061529,0.8946083,0.003481468
2223,0.016688,1,100,0,84.67702,0,100,90.15093,0,0,135,0.09455223,-0.1961825,0.9759981,-0.02670545,0.9795377,0.1994811,-0.9951616,-0.04492585,0.08737832,239.3726,-47.1952,-172.3271,-90.30922,-5.422735,10.86298,91.12171,0.2293709,21.17274,-0.2245119,0.08702881,0.9960995,0.00217081
2224,0.016677,1,100,0,93.01553,0,100,91.06508,0,0,135,0.07742986,-0.1969373,0.9773537,-0.02535176,0.9795908,0.1993966,-0.9966753,-0.04021688,0.07085688,237.8612,-47.28563,-172.147,-91.26772,-5.41989,10.66356,92.04827,-0.1640398,23.42487,-0.2465324,0.0700989,1.1006,0.0006590374
2225,0.016912,1,100,0,101.4715,0,100,91.93784,0,0,135,0.05824415,-0.1976691,0.978537,-0.02409017,0.9796373,0.1993252,-0.9980118,-0.03518265,0.05229626,236.312,-47.37621,-171.9687,-92.27695,-5.227082,10.28825,92.99574,-0.07521908,25.77032,-0.2410934,0.08411664,1.211161,0.0003751907
2226,0.016529,1,100,0,86.18221,0,100,92.81542,0,0,135,0.03781748,-0.1983279,0.9794058,-0.02265697,0.9796848,0.1992592,-0.9990276,-0.02972585,0.0325557,234.7813,-47.46121,-171.8017,-93.2512,-4.970309,9.729063,93.889,-0.0427171,27.45592,-0.236797,0.09230451,1.290499,-0.0009340867
2227,0.016635,1,100,0,94.4997,0,100,93.625,0,0,135,0.01589464,-0.1988851,0.979894,-0.02109145,0.9797331,0.1991946,-0.9996514,-0.02383351,0.01137773,233.2248,-47.54213,-171.644,-94.21068,-4.650436,8.97595,94.7515,-0.05528534,29.25533,-0.2332918,0.09801703,1.375027,-0.002783997
2228,0.01671,1,100,0,102.8547,0,91.645,94.39081,0,0,135,-0.007531841,-0.1992738,0.9799149,-0.01958864,0.979784,0.1990966,-0.9997797,-0.01769564,-0.01128308,231.6456,-47.61848,-171.4995,-95.08086,-4.404803,7.985587,95.51724,-0.5383794,31.02555,-0.322718,0.07374856,1.456508,-0.01107342
2229,0.016649,1,100,0,87.45438,0,83.3205,95.04777,0,0,135,-0.03204349,-0.199403,0.9793935,-0.01848774,0.9798473,0.1988905,-0.9993154,-0.01173362,-0.03508424,230.0582,-47.69033,-171.3733,-95.88004,-4.13671,6.766002,96.20744,-0.9749866,32.0871,-0.4052003,0.0498369,1.504836,-0.01936382
2230,0.016709,1,100,0,95.80888,0,74.966,95.62556,0,0,135,-0.0574394,-0.199263,0.9782611,-0.01775417,0.9799278,0.1985601,-0.9981909,-0.005963043,-0.05982422,228.452,-47.75784,-171.2683,-96.60342,-3.845181,5.316789,96.826,-1.364913,33.17079,-0.4804395,0.02880798,1.554363,-0.0273165
2231,0.016849,1,100,0,104.2334,0,66.5415,96.13351,0,0,135,-0.08386005,-0.198847,0.9764362,-0.01717659,0.9800307,0.1981038,-0.9963298,-0.0001588557,-0.08560093,226.8205,-47.8199,-171.1879,-97.28488,-3.357693,3.673286,97.41209,-1.267478,34.27877,-0.5541241,0.03858745,1.606715,-0.03542426
2232,0.016797,1,100,0,88.69615,0,58.143,96.61393,0,0,135,-0.1108413,-0.1981393,0.9738865,-0.01643933,0.9801561,0.1975438,-0.9937021,0.00588597,-0.111899,225.1831,-47.87325,-171.1364,-97.86418,-2.811969,1.841538,97.92189,-1.21069,34.71952,-0.6221901,0.04328419,1.627555,-0.04347425
2233,0.016513,1,100,0,96.95265,0,49.8865,97.02522,0,0,135,-0.1376435,-0.1971503,0.9706627,-0.01561632,0.9803005,0.1968933,-0.9903587,0.01194291,-0.1380107,223.5644,-47.91647,-171.1168,-98.32747,-2.227103,-0.1338528,98.35278,-1.184658,35.21614,-0.683091,0.04603804,1.650905,-0.05117576
2234,0.016552,1,100,0,105.2287,0,41.6105,97.37134,0,0,135,-0.1647977,-0.1958426,0.9666889,-0.0148677,0.9804713,0.1961002,-0.9862155,0.01794442,-0.1644911,221.9351,-47.95075,-171.1308,-98.64082,-1.757953,-2.280519,98.68284,-1.629721,35.77208,-0.8007077,0.01889681,1.675429,-0.06262958
2235,0.016837,1,100,0,89.65443,0,33.19199,97.62468,0,0,135,-0.1925413,-0.1941628,0.9618881,-0.01449162,0.9806851,0.1950563,-0.9811819,0.02361709,-0.1916361,220.2731,-47.97772,-171.1823,-98.83659,-1.288707,-4.616204,98.95273,-2.01617,35.71335,-0.9061033,-0.006880857,1.671263,-0.07296515
2236,0.016527,1,100,0,97.91792,0,24.92849,97.83087,0,0,135,-0.2195879,-0.1922076,0.9564714,-0.01445081,0.9809335,0.1938058,-0.9754858,0.02873563,-0.2181787,218.6392,-47.99654,-171.2719,-98.90574,-0.838622,-7.037723,99.15936,-2.330022,35.75758,-0.994821,-0.02788413,1.672168,-0.08192949
2237,0.016671,1,100,0,106.2534,0,16.59299,97.99252,0,0,135,-0.2467492,-0.1899414,0.9502827,-0.01452314,0.9812183,0.1923537,-0.9689707,0.03366203,-0.2448734,216.9903,-48.00703,-171.4032,-98.89246,-0.2101342,-9.551205,99.35284,-2.195944,35.89652,-1.110104,-0.02035927,1.679026,-0.09249678
2238,0.016642,1,100,0,90.85957,0,8.271995,98.15565,0,0,135,-0.2736386,-0.1873755,0.9434047,-0.01440622,0.9815292,0.1907691,-0.9617247,0.03861089,-0.2712837,215.3454,-48.00693,-171.5764,-98.72679,0.4380658,-12.13401,99.47063,-2.081491,35.45863,-1.21202,-0.01616756,1.658713,-0.1018538
2239,0.016697,1,100,0,75.41485,0,0,98.25666,0,0,135,-0.2999492,-0.184537,0.9359363,-0.01414777,0.981864,0.1890585,-0.9538504,0.04346652,-0.2971201,213.6983,-47.99592,-171.7938,-98.46185,1.101786,-14.794,99.57315,-1.978917,34.48827,-1.300482,-0.01457367,1.613356,-0.1098081
2240,0.016678,1,100,0,67.07585,0,0,98.36137,0,0,135,-0.3252464,-0.1814748,0.9280528,-0.01392413,0.9822256,0.1871881,-0.9455271,0.04795992,-0.3219922,212.0582,-47.97495,-172.0554,-98.08106,1.567762,-17.46186,99.63568,-2.315905,33.36842,-1.40468,-0.04141007,1.559596,-0.1183306
2241,0.016653,1,100,0,58.74935,0,0,98.43607,0,0,135,-0.349407,-0.1782257,0.9198643,-0.01400524,0.9826262,0.1850661,-0.9368663,0.05178046,-0.3458326,210.4272,-47.94652,-172.3609,-97.6317,1.986089,-20.11381,99.70184,-2.576896,32.11232,-1.488788,-0.06383795,1.49969,-0.1248772
2242,0.016691,1,100,0,50.40385,0,0,98.5267,0,0,135,-0.3724359,-0.1748377,0.9114402,-0.01432625,0.9830602,0.1827223,-0.9279473,0.05499481,-0.3686317,208.8004,-47.91128,-172.7112,-97.12092,2.360203,-22.74512,99.77667,-2.772262,30.7262,-1.552973,-0.08243293,1.433899,-0.1295157
2243,0.016662,1,100,0,42.07285,0,0,98.63747,0,0,135,-0.3941731,-0.1713549,0.9029204,-0.01471052,0.9835149,0.1802281,-0.9189186,0.05775863,-0.3901958,207.185,-47.86911,-173.1044,-96.60294,2.871315,-25.29929,99.90208,-2.565491,29.22647,-1.670478,-0.07570469,1.364085,-0.1369942
2244,0.01669,1,100,0,33.72785,0,0,98.80775,0,0,135,-0.4146447,-0.1677575,0.8943865,-0.01488798,0.9839794,0.17766,-0.9098617,0.06035016,-0.4104995,205.5757,-47.81838,-173.5405,-96.04232,3.374824,-27.80194,100.0423,-2.358487,27.61787,-1.769711,-0.06914768,1.289175,-0.1429531
2245,0.01672,1,100,0,25.36785,0,0,99.00159,0,0,135,-0.433795,-0.1640849,0.8859448,-0.01487154,0.9844478,0.1750468,-0.900889,0.06275909,-0.4294888,203.9731,-47.7592,-174.019,-95.44867,3.866765,-30.24329,100.2001,-2.151851,25.90871,-1.850493,-0.0627274,1.209562,-0.1473861
2246,0.017015,1,100,0,16.86035,0,0,99.22048,0,0,135,-0.4518419,-0.1603192,0.8775743,-0.01480868,0.984932,0.1723071,-0.8919752,0.06485986,-0.4474076,202.3528,-47.69194,-174.5473,-94.77966,4.124303,-32.67171,100.3376,-2.368405,24.07519,-1.913756,-0.08340155,1.122931,-0.150355
2247,0.016306,1,100,0,8.707352,14.6754,0,99.42618,0,0,135,-0.467667,-0.1567371,0.8698972,-0.01496238,0.9854155,0.1695071,-0.8837783,0.06625715,-0.4631915,200.8104,-47.62364,-175.0922,-94.19099,4.317208,-34.90755,100.5441,-2.516752,22.00915,-1.953009,-0.1000622,1.025639,-0.1510911
2248,0.016696,1,100,0,0.3593512,29.7018,0,99.69888,0,0,135,-0.4822144,-0.1531615,0.8625606,-0.01530336,0.9859208,0.1665107,-0.8759195,0.06709377,-0.4777691,199.2408,-47.55071,-175.6873,-93.64771,4.467581,-37.10981,100.8315,-2.617633,19.58415,-1.972807,-0.114407,0.9117091,-0.1498487
2249,0.016858,1,100,0,-8.069649,44.874,0,100.0575,0,0,135,-0.4950372,-0.1496718,0.8558835,-0.01569578,0.9864314,0.1634229,-0.8687301,0.06746665,-0.4906695,197.6645,-47.47395,-176.3247,-93.21079,4.724491,-39.21971,101.2362,-2.344686,16.84603,-2.069912,-0.1054508,0.7842824,-0.1529023
2250,0.016511,1,100,0,-16.32515,59.7339,0,100.5377,0,0,135,-0.5056376,-0.1463531,0.850242,-0.01589082,0.9869194,0.1604293,-0.8625997,0.06760806,-0.5013493,196.1274,-47.39457,-176.9831,-92.85708,4.973332,-41.19284,101.7056,-2.070382,13.91428,-2.145056,-0.09651907,0.6478425,-0.1542246
2251,0.016683,1,100,0,-24.66665,74.7486,0,101.0867,0,0,135,-0.5142555,-0.1431492,0.8456061,-0.0160486,0.9874055,0.1573939,-0.8574869,0.06736986,-0.510076,194.58,-47.31126,-177.6809,-92.54193,5.031992,-43.10239,102.2113,-2.206887,10.70808,-2.184772,-0.1140867,0.4975504,-0.1529351
2252,0.016678,1,100,0,-33.00565,89.7588,0,101.678,0,0,135,-0.5206331,-0.1401521,0.8421988,-0.01643185,0.9878969,0.1542401,-0.8536226,0.06646362,-0.5166348,193.0378,-47.22725,-178.4099,-92.32117,5.04707,-44.91667,102.7919,-2.291536,7.278028,-2.204788,-0.1285146,0.3369919,-0.1500481
2253,0.016689,1,100,0,-41.35015,100,0,102.3484,0,0,135,-0.5246793,-0.1373931,0.8401397,-0.01701656,0.9883859,0.1510096,-0.8511299,0.06493532,-0.5209236,191.4978,-47.14315,-179.169,-92.18726,5.023051,-46.629,103.4311,-2.330305,3.716517,-2.206407,-0.1399591,0.170476,-0.1458883
2254,0.016685,1,100,0,-49.69265,100,0,103.0797,0,0,135,-0.5263665,-0.1348911,0.8394895,-0.0177774,0.9888654,0.1477466,-0.8500718,0.06284493,-0.5229037,189.96,-47.05967,-179.9559,-92.1162,4.963126,-48.2189,104.0917,-2.328092,0.2105594,-2.190998,-0.1483131,0.006725994,-0.140879
2255,0.016669,1,100,0,-58.02715,100,0,103.8311,0,0,135,-0.5257437,-0.1326474,0.8402371,-0.01868713,0.9893296,0.1444917,-0.8504379,0.060264,-0.5226126,188.4245,-46.97744,-180.7677,-92.12329,4.870325,-49.66781,104.7727,-2.289567,-3.242026,-2.159986,-0.153933,-0.1543764,-0.1352051
2256,0.016683,1,100,0,-66.36865,100,0,104.5957,0,0,135,-0.5228421,-0.1306219,0.8423623,-0.01972882,0.9897795,0.141236,-0.8522015,0.05722529,-0.5200754,186.8871,-46.89689,-181.6034,-92.22218,4.743541,-50.94452,105.4646,-2.284909,-6.652298,-2.197339,-0.1613812,-0.31343,-0.1343218
2257,0.01694,1,100,0,-74.83865,100,0,105.3583,0,0,135,-0.5175865,-0.1287189,0.8458934,-0.02090685,0.9902269,0.1378895,-0.8553753,0.05368477,-0.5152192,185.3237,-46.81746,-182.4728,-92.42355,4.578215,-52.07215,106.1818,-2.241222,-10.07634,-2.219352,-0.1661491,-0.4729733,-0.1328896
2258,0.016445,1,100,0,-83.06116,100,0,106.1312,0,0,135,-0.5102465,-0.1270065,0.8505985,-0.02214247,0.9906477,0.1346353,-0.8597429,0.04986282,-0.5082867,183.8021,-46.74322,-183.3341,-92.72597,4.385712,-52.98678,106.8875,-2.163837,-13.35476,-2.225858,-0.1682561,-0.6255935,-0.1310817
2259,0.016664,1,100,0,-91.39316,100,0,106.8717,0,0,135,-0.5005715,-0.1253874,0.8565665,-0.02346326,0.9910567,0.1313628,-0.8653773,0.04565863,-0.4990368,182.2547,-46.67136,-184.2212,-93.14264,4.162984,-53.72368,107.6063,-2.053926,-16.64539,-2.218585,-0.1681441,-0.7786555,-0.1289314
2260,0.016926,1,100,0,-99.85616,100,0,107.6037,0,0,135,-0.4884194,-0.1238407,0.8637767,-0.02485367,0.9914509,0.1280921,-0.8722552,0.04109466,-0.4873218,180.6751,-46.60231,-185.1336,-93.68182,3.912352,-54.26391,108.3336,-1.912524,-19.95825,-2.197585,-0.1659082,-0.932631,-0.1264974
2261,0.016451,1,100,0,-108.0817,100,0,108.3192,0,0,135,-0.474321,-0.1224099,0.8718002,-0.02623146,0.9918115,0.1249889,-0.8799614,0.03641628,-0.473648,179.1304,-46.53938,-186.028,-94.32005,3.648892,-54.5715,109.0304,-1.748422,-23.14069,-2.164334,-0.1618085,-1.080438,-0.1239432
2262,0.017072,1,100,0,-92.29005,100,0,108.9786,0,0,135,-0.4574626,-0.1209633,0.8809631,-0.0276555,0.9921607,0.1218708,-0.8887989,0.03138786,-0.4572217,177.5158,-46.47871,-186.9602,-95.09629,3.362632,-54.6582,109.7366,-1.543896,-25.72591,-2.119736,-0.153684,-1.200293,-0.1216803
2263,0.016323,1,100,0,-100.4516,100,0,109.6179,0,0,135,-0.4394562,-0.1195826,0.8902688,-0.02897021,0.9924704,0.1190102,-0.897797,0.02650848,-0.4396116,175.9589,-46.42536,-187.8516,-95.94389,3.078332,-54.50324,110.3871,-1.331017,-28.21695,-2.065136,-0.144728,-1.315724,-0.1192091
2264,0.016648,1,100,0,-85.05215,100,0,110.18,0,0,135,-0.419303,-0.1181552,0.9001247,-0.0302442,0.9927622,0.1162267,-0.9073426,0.02151066,-0.4198417,174.3564,-46.37575,-188.7568,-96.90083,2.781945,-54.10872,111.0192,-1.100759,-30.12508,-1.998024,-0.1332975,-1.403957,-0.1166543
2265,0.0167,1,100,0,-93.40215,100,0,110.6992,0,0,135,-0.3975073,-0.1166842,0.91015,-0.03142887,0.9930314,0.1135834,-0.9170609,0.01654523,-0.3984044,172.7323,-46.33095,-189.6569,-97.94326,2.481938,-53.46957,111.6156,-0.862558,-32.11893,-1.919461,-0.1214152,-1.49615,-0.1136633
2266,0.016668,1,100,0,-101.7362,100,0,111.1635,0,0,135,-0.3740841,-0.1151645,0.9202164,-0.03263962,0.9932799,0.1110397,-0.9268202,0.01150269,-0.3753292,171.0938,-46.29219,-190.5433,-99.00832,2.010512,-52.59134,112.1273,-1.014417,-34.17965,-1.846914,-0.1344477,-1.592236,-0.1114548
2267,0.016691,1,100,0,-86.29698,100,0,111.5251,0,0,135,-0.3490334,-0.1135555,0.9302048,-0.03411482,0.9935129,0.1084833,-0.9364893,0.00613052,-0.3506431,169.4351,-46.26149,-191.415,-100.1268,1.496754,-51.47648,112.5942,-1.131087,-35.64071,-1.76865,-0.143863,-1.660322,-0.109519
2268,0.016683,1,100,0,-94.63848,100,0,111.8268,0,0,135,-0.3226441,-0.1118331,0.9398905,-0.03580569,0.9937268,0.1059475,-0.9458429,0.0005299076,-0.3246243,167.7582,-46.23955,-192.2663,-101.2825,0.9499383,-50.12853,113.0129,-1.21219,-37.21445,-1.685934,-0.1510745,-1.733564,-0.1077212
2269,0.016678,1,100,0,-102.9775,100,0,112.0708,0,0,135,-0.2948218,-0.1099758,0.9492026,-0.0376814,0.9939204,0.1034531,-0.9548092,-0.005267071,-0.2971735,166.0624,-46.2269,-193.0937,-102.4584,0.3753442,-48.5536,113.3813,-1.263782,-38.89071,-1.597902,-0.1564144,-1.811501,-0.1060368
2270,0.016688,1,100,0,-87.54108,100,0,112.2551,0,0,135,-0.2656244,-0.107962,0.9580126,-0.03970845,0.994092,0.1010182,-0.9632588,-0.01120831,-0.2683421,164.3459,-46.22395,-193.894,-103.6399,-0.2208927,-46.75422,113.698,-1.287135,-39.99497,-1.504544,-0.1586372,-1.862769,-0.1043443
2271,0.016799,1,100,0,-95.94057,100,0,112.3806,0,0,135,-0.2351207,-0.1057195,0.9661996,-0.0417086,0.9942489,0.09863894,-0.971071,-0.01710678,-0.2381779,162.598,-46.23056,-194.668,-104.8605,-0.7391408,-44.69476,113.9907,-0.8842562,-41.25029,-1.53734,-0.1336579,-1.920282,-0.1109986
2272,0.016557,1,100,0,-104.2191,100,0,112.4849,0,0,135,-0.2038788,-0.103211,0.9735405,-0.04332979,0.9944043,0.09634881,-0.9780372,-0.02253983,-0.20721,160.8552,-46.24541,-195.3957,-106.0378,-1.214045,-42.45683,114.2282,-0.4871715,-42.61225,-1.554502,-0.1089412,-1.982769,-0.116614
2273,0.016683,1,100,0,-88.78731,100,0,112.5338,0,0,135,-0.1713064,-0.1004061,0.9800882,-0.04461286,0.9945636,0.09409132,-0.9842075,-0.0276061,-0.1748545,159.0797,-46.2681,-196.0904,-107.1825,-1.652287,-40.00123,114.4156,-0.09631604,-43.43595,-1.555964,-0.08330917,-2.020243,-0.1209439
2274,0.016856,1,100,0,-97.21531,100,0,112.5299,0,0,135,-0.1375407,-0.09732353,0.9857032,-0.04555271,0.9947296,0.09185853,-0.9894481,-0.03226716,-0.1412492,157.2668,-46.29819,-196.7497,-108.2827,-2.048519,-37.32413,114.5532,0.2857141,-44.43396,-1.541368,-0.05823757,-2.065835,-0.1241805
2275,0.016499,1,100,0,-105.4648,100,0,112.4783,0,0,135,-0.1035599,-0.09408721,0.9901631,-0.04614512,0.9948983,0.0897109,-0.9935522,-0.03640075,-0.1073732,155.4746,-46.33387,-197.3502,-109.2903,-2.38992,-34.52328,114.6383,0.6285695,-45.55289,-1.510903,-0.03563526,-2.117112,-0.126222
2276,0.016683,1,100,0,-90.03304,100,0,112.3795,0,0,135,-0.06835724,-0.09059609,0.993539,-0.04659668,0.9950715,0.08752991,-0.9965722,-0.04031232,-0.07224182,153.6462,-46.37652,-197.9095,-110.1784,-2.888888,-31.52073,114.635,0.5130013,-46.15288,-1.545282,-0.04117073,-2.145069,-0.132002
2277,0.016693,1,100,0,-98.37953,100,0,112.1943,0,0,135,-0.03254259,-0.08684851,0.99569,-0.04720723,0.9952394,0.08526632,-0.9983552,-0.04422897,-0.03648754,151.8025,-46.42756,-198.4182,-110.9682,-3.393035,-28.36172,114.5855,0.4171415,-46.9308,-1.566917,-0.04543443,-2.181246,-0.1371918
2278,0.016722,1,100,0,-106.7405,100,0,111.9706,0,0,135,0.004016088,-0.08283952,0.9965549,-0.04796484,0.9954,0.08293681,-0.9988411,-0.04813268,2.422975e-05,149.9429,-46.48711,-198.8741,-111.6489,-3.897143,-25.05542,114.4921,0.3385593,-47.87281,-1.575389,-0.04851238,-2.225006,-0.1417757
2279,0.016672,1,100,0,-91.31893,100,0,111.7065,0,0,135,0.04104672,-0.07860157,0.9960607,-0.04883791,0.9955515,0.08057395,-0.997963,-0.05195282,0.03702539,148.0782,-46.5548,-199.2728,-112.2105,-4.382945,-21.62728,114.3597,0.301658,-48.29382,-1.569579,-0.04786815,-2.244485,-0.1450261
2280,0.016684,1,100,0,-99.66093,100,0,111.4089,0,0,135,0.07841346,-0.07415084,0.9941595,-0.04978928,0.9956943,0.07819241,-0.9956769,-0.05562982,0.07438391,146.2036,-46.63056,-199.6139,-112.6433,-4.855142,-18.07726,114.1879,0.2720875,-48.90546,-1.549738,-0.04676045,-2.272796,-0.1474994
2281,0.016692,1,100,0,-108.0069,100,0,111.0818,0,0,135,0.1161947,-0.06949568,0.9907921,-0.05081374,0.9958267,0.07580797,-0.9919256,-0.05915434,0.1121785,144.3215,-46.71415,-199.8954,-112.9387,-5.309324,-14.42048,113.9793,0.2477402,-49.69151,-1.515784,-0.04525907,-2.309187,-0.1491984
2282,0.016869,1,100,0,-92.40311,100,0,110.7232,0,0,135,0.1546736,-0.06460842,0.9858508,-0.05191276,0.9959494,0.07341501,-0.9866007,-0.0625336,0.1506931,142.4153,-46.80618,-200.1174,-113.0892,-5.746257,-10.63019,113.733,0.2261423,-49.96789,-1.467288,-0.0426619,-2.32189,-0.1493702
2283,0.016529,1,100,0,-100.6676,100,0,110.3313,0,0,135,0.1923953,-0.05966771,0.979502,-0.05285545,0.996071,0.07105898,-0.9798934,-0.06544343,0.1884856,140.5457,-46.90266,-200.272,-113.1299,-6.014075,-6.80835,113.494,0.7375424,-50.43636,-1.449096,-0.006037237,-2.342961,-0.1513599
2284,0.016677,1,100,0,-85.24138,100,0,109.9655,0,0,135,0.2303851,-0.05455379,0.9715693,-0.05332566,0.9962195,0.06858284,-0.9716377,-0.06761004,0.226605,138.6594,-47.00401,-200.3638,-113.018,-6.199724,-2.884595,113.2247,1.177922,-50.42828,-1.409478,0.02674312,-2.341969,-0.1507791
2285,0.016888,1,100,0,-93.68538,91.556,0,109.578,0,0,135,0.2685014,-0.04932819,0.9620156,-0.05337709,0.9963918,0.06598856,-0.9617995,-0.06906761,0.2648996,136.7524,-47.1093,-200.3894,-112.6915,-6.300521,1.229889,112.8742,1.562698,-50.49417,-1.345622,0.05600086,-2.344451,-0.1480984
2286,0.016481,1,100,0,-101.9259,83.3155,0,109.1476,0,0,135,0.3053538,-0.04418962,0.9512131,-0.05320591,0.9965704,0.06337664,-0.9507514,-0.06996246,0.3019554,134.8981,-47.21417,-200.3465,-112.1194,-6.484109,5.353196,112.4342,1.521471,-50.62271,-1.397358,0.05786161,-2.350357,-0.1523696
2287,0.016682,1,100,0,-86.49503,74.97449,0,108.6677,0,0,135,0.3421361,-0.03890224,0.9388449,-0.05312876,0.9967436,0.06066265,-0.9381476,-0.07063454,0.3389552,133.0319,-47.32327,-200.2336,-111.3224,-6.646759,9.594707,111.9327,1.461269,-50.14904,-1.430966,0.0590794,-2.328307,-0.1545271
2288,0.016765,1,100,0,-94.87753,66.592,0,108.1586,0,0,135,0.3782608,-0.03356156,0.9250907,-0.05315591,0.9969064,0.05790192,-0.9241721,-0.07107606,0.3753066,131.1711,-47.43551,-200.0487,-110.3042,-6.786131,13.8963,111.383,1.381165,-49.78787,-1.44607,0.05891097,-2.311473,-0.155427
2289,0.01663,1,100,0,-103.1925,58.277,0,107.6377,0,0,135,0.4133004,-0.0282602,0.9101562,-0.05330023,0.9970539,0.0551619,-0.9090338,-0.07130997,0.4105765,129.3433,-47.54902,-199.7939,-109.086,-6.90054,18.17009,110.804,1.283846,-49.53499,-1.443008,0.05748029,-2.299659,-0.1551138
2290,0.016652,1,100,0,-87.78943,49.951,0,107.1152,0,0,135,0.4474737,-0.02301884,0.8940008,-0.05342063,0.9971955,0.0524145,-0.8927001,-0.07121219,0.4449891,127.5342,-47.6635,-199.4676,-107.7113,-6.817631,22.44023,110.2351,1.587254,-48.71703,-1.335627,0.08186188,-2.261317,-0.1471297
2291,0.016686,1,100,0,-96.13243,41.60799,0,106.625,0,0,135,0.4805497,-0.01796766,0.8767833,-0.053253,0.9973471,0.04962538,-0.8753489,-0.0705388,0.478318,125.7455,-47.77645,-199.0695,-106.1432,-6.668714,26.67967,109.6478,1.782452,-48.04496,-1.210458,0.09894833,-2.229784,-0.137699
2292,0.016674,1,100,0,-104.4694,33.27099,0,106.1441,0,0,135,0.5125178,-0.01315312,0.8585758,-0.05289187,0.9975004,0.04685465,-0.8570459,-0.06942552,0.510541,123.9851,-47.88656,-198.6014,-104.3979,-6.468053,30.85019,109.0527,1.875846,-47.51031,-1.069757,0.1091601,-2.204655,-0.1270863
2293,0.016676,1,100,0,-89.04413,24.93299,0,105.6731,0,0,135,0.5433316,-0.008555872,0.8394745,-0.05249709,0.9976448,0.04414554,-0.8378751,-0.06805564,0.5416028,122.2548,-47.99404,-198.0642,-102.4454,-6.394852,34.94257,108.4294,1.707032,-46.43662,-1.068329,0.1023764,-2.154766,-0.1245415
2294,0.016692,1,100,0,-73.60403,16.58699,0,105.1966,0,0,135,0.5726721,-0.004119687,0.8197743,-0.05227017,0.9977692,0.04152871,-0.8181165,-0.06663208,0.5711793,120.5566,-48.10033,-197.4588,-100.2924,-6.309365,38.89833,107.7565,1.523397,-44.86902,-1.051938,0.09437433,-2.081965,-0.1204633
2295,0.016678,1,100,0,-58.17688,8.247994,0,104.6892,0,0,135,0.6002113,0.0001002252,0.7998415,-0.05220236,0.9978728,0.03904827,-0.7981362,-0.06519082,0.5989398,118.8963,-48.20509,-196.7887,-98.03921,-6.221118,42.73833,107.1305,1.330415,-42.85354,-1.021711,0.08535905,-1.988389,-0.115047
2296,0.016989,1,100,0,-49.68238,0,0,104.2519,0,0,135,0.626264,0.004097085,0.7796004,-0.05214876,0.9979669,0.03664715,-0.7778653,-0.06360598,0.6252044,117.2437,-48.30921,-196.0411,-95.71328,-5.940222,46.52355,106.5869,1.497392,-40.58282,-0.8488561,0.09893747,-1.882838,-0.1002081
2297,0.016381,1,100,0,-41.49188,0,0,103.9166,0,0,135,0.6494451,0.007544063,0.7603713,-0.05187038,0.9980614,0.03440099,-0.7586378,-0.06178231,0.6485774,115.6879,-48.4049,-195.2601,-93.47187,-5.64074,49.97,106.1405,1.567332,-38.35382,-0.672425,0.1056051,-1.779234,-0.08515143
2298,0.016684,1,100,0,-33.14988,0,0,103.6692,0,0,135,0.6711651,0.01063359,0.7412317,-0.05142244,0.9981565,0.03224223,-0.7395223,-0.0597558,0.6704746,114.1409,-48.49725,-194.408,-91.20113,-5.321583,53.28342,105.7596,1.565067,-36.03589,-0.4852568,0.1071267,-1.671503,-0.06932556
2299,0.016887,1,100,0,-24.70638,0,0,103.4884,0,0,135,0.691265,0.01332271,0.7224786,-0.05084486,0.9982488,0.03024019,-0.7208106,-0.05763831,0.6907319,112.6135,-48.58531,-193.4904,-88.93118,-4.997203,56.43954,105.4474,1.503965,-33.64639,-0.2904887,0.104367,-1.560454,-0.05305145
2300,0.016471,1,100,0,-16.47088,0,0,103.3752,0,0,135,0.709099,0.01552165,0.7049381,-0.05019047,0.9983329,0.02850498,-0.7033204,-0.05559403,0.7086959,111.1605,-48.66595,-192.5448,-86.7619,-4.690968,59.32961,105.2123,1.402852,-31.28533,-0.09753269,0.09855098,-1.450734,-0.03714122
2301,0.016685,1,100,0,-8.128379,0,0,103.3289,0,0,135,0.725458,0.01733238,0.6880484,-0.04945527,0.9984117,0.02699355,-0.6864877,-0.05361031,0.7251629,109.7247,-48.7426,-191.5396,-84.6194,-4.399475,62.07689,105.0397,1.273956,-28.85767,0.09868921,0.09055047,-1.337933,-0.02115983
2302,0.016664,1,100,0,0.2036209,0,0,103.3419,0,0,135,0.740143,0.01878059,0.6721873,-0.04870329,0.9984819,0.02572991,-0.6706836,-0.05178154,0.7399341,108.3262,-48.81491,-190.4908,-82.51954,-4.217631,64.65516,104.9169,1.082506,-26.40313,0.1601508,0.07820319,-1.224007,-0.01402952
2303,0.016673,1,100,0,8.540121,0,0,103.4035,0,0,135,0.7532477,0.01994922,0.6574343,-0.04796794,0.9985444,0.02465881,-0.6559855,-0.05010997,0.7531082,106.9613,-48.88388,-189.3994,-80.52884,-3.971577,67.06564,104.8736,1.049781,-23.91992,0.3038701,0.07577598,-1.108745,-0.001827367
2304,0.016693,1,100,0,16.88662,0,0,103.5324,0,0,135,0.7648448,0.02079024,0.643879,-0.04713034,0.9986066,0.02374068,-0.6424882,-0.04850417,0.7647589,105.6276,-48.94894,-188.2673,-78.62888,-3.748584,69.31618,104.887,0.9969047,-21.40851,0.4455034,0.07181872,-0.9921812,0.01009323
2305,0.016668,1,100,0,25.22062,0,15.0012,103.7101,0,0,135,0.7749228,0.02132135,0.631696,-0.04618602,0.9986691,0.02295031,-0.630366,-0.04696025,0.7748763,104.3265,-49.01012,-187.1002,-76.91052,-3.514506,71.42603,105.0203,1.050246,-18.61922,0.5489367,0.07438423,-0.8628231,0.01963715
2306,0.016683,1,100,0,33.56212,0,30.0159,103.9932,0,0,135,0.7834463,0.02156794,0.6210852,-0.04511012,0.998735,0.0222203,-0.6198204,-0.04542564,0.7834282,103.052,-49.06758,-185.8976,-75.36282,-3.303882,73.40721,105.2572,1.073129,-15.56705,0.6488451,0.07476368,-0.7212849,0.02901189
2307,0.016656,1,100,0,41.89012,0,45.0063,104.3708,0,0,135,0.7903433,0.02153182,0.6122859,-0.04392547,0.9988019,0.02157518,-0.6110877,-0.04394674,0.7903422,101.8043,-49.1216,-184.6645,-73.98798,-3.119797,75.26885,105.5905,1.073485,-12.28061,0.7437819,0.07351963,-0.5689004,0.03807244
2308,0.016671,1,100,0,50.22562,0,60.0102,104.8384,0,0,135,0.7955865,0.02121903,0.6054685,-0.04264499,0.9988692,0.02102957,-0.6043376,-0.04255104,0.7955917,100.5775,-49.17274,-183.3999,-72.78394,-2.963366,77.02611,106.0156,1.058135,-8.768326,0.8328767,0.07114332,-0.4060632,0.04674369
2309,0.016677,1,100,0,58.56412,0,75.0195,105.3935,0,0,135,0.7991207,0.02063729,0.6008164,-0.04128165,0.9989355,0.02059482,-0.5997518,-0.04126044,0.7991219,99.36942,-49.22145,-182.1062,-71.75561,-2.835569,78.68488,106.528,1.032437,-5.047296,0.91504,0.06804076,-0.2335699,0.05494009
2310,0.016918,1,100,0,67.02312,0,90.2457,106.0314,0,0,135,0.8009034,0.01977506,0.5984673,-0.03981066,0.9990019,0.02026705,-0.5974692,-0.04005732,0.8008913,98.16026,-49.26872,-180.766,-70.90363,-2.71161,80.27237,107.137,1.038121,-1.068588,1.012007,0.06692915,-0.04915371,0.06409661
2311,0.016425,1,100,0,75.23562,0,100,106.7608,0,0,135,0.8008308,0.01867105,0.5985996,-0.03828015,0.999066,0.02005066,-0.5976661,-0.03897167,0.8007976,96.99926,-49.31274,-179.4397,-70.24712,-2.616401,81.70991,107.7869,1.03348,2.872658,1.096611,0.06530232,0.133506,0.07227085
2312,0.016675,1,100,0,83.57312,0,100,107.5194,0,0,135,0.7989398,0.01730193,0.6011621,-0.03663817,0.9991297,0.01993608,-0.6002939,-0.0379532,0.7988784,95.83075,-49.35596,-178.0698,-69.73407,-2.542936,83.04048,108.4667,1.021496,6.787959,1.172246,0.06339929,0.3149447,0.0797091
2313,0.01685,1,100,0,91.99812,0,100,108.2967,0,0,135,0.7951829,0.01566575,0.6061672,-0.03481492,0.9991966,0.01984778,-0.6053692,-0.03688627,0.7950894,94.65752,-49.39785,-176.6637,-69.41968,-2.372791,84.25613,109.1962,1.327982,10.66236,1.29812,0.08216274,0.4944147,0.09019227
2314,0.01651,1,100,0,100.2531,0,100,109.1032,0,0,135,0.7896867,0.01379972,0.613355,-0.03272365,0.9992712,0.01964893,-0.6126369,-0.03558772,0.7895628,93.51208,-49.43608,-175.2669,-69.29816,-2.200887,85.29622,109.9205,1.563352,14.37681,1.406557,0.09669177,0.666473,0.09924902
2315,0.016683,1,100,0,84.82135,0,100,109.8797,0,0,135,0.7823957,0.0116922,0.6226718,-0.03035929,0.999351,0.01938158,-0.6220411,-0.03406794,0.7822428,92.35561,-49.47183,-173.839,-69.37006,-2.025997,86.18639,110.6544,1.741804,17.39638,1.500481,0.1080411,0.8063372,0.1067113
2316,0.01668,1,100,0,93.16135,0,100,110.6387,0,0,135,0.7735205,0.009410406,0.6337016,-0.02779482,0.9994316,0.01908596,-0.6331618,-0.032377,0.7733424,91.19702,-49.50467,-172.3974,-69.64299,-1.853163,86.90398,111.3817,1.863879,20.40534,1.578065,0.1160678,0.9457023,0.1128946
2317,0.016679,1,100,0,101.5008,0,100,111.3618,0,0,135,0.7629886,0.006985823,0.6463743,-0.02507866,0.9995087,0.01880078,-0.6459254,-0.03055498,0.762789,90.03284,-49.53465,-170.9449,-70.11494,-1.684873,87.44184,112.0938,1.935508,23.40423,1.638976,0.1211656,1.084589,0.1177681
2318,0.016642,1,100,0,86.10699,0,100,112.0402,0,0,133.3141,0.750859,0.004462652,0.6604475,-0.0222628,0.99958,0.01855627,-0.6600873,-0.02863656,0.750643,88.86161,-49.55216,-170.2201,-68.1749,-0.2516726,-8.504807,112.7813,-8.031398,40.49942,9.893036,-0.5180547,1.88126,0.6546648
2319,0.016815,1,100,0,94.5145,0,100,38.62452,0,0,133.3813,0.7298478,-0.007557832,0.6835681,-0.01956049,0.9992988,0.03193349,-0.6833301,-0.03667752,0.7291882,87.74352,-49.55553,-170.3282,-63.17555,-0.1200002,-2.25455,63.21588,-6.288817,40.51502,9.617459,-0.3977172,1.882141,0.642717
2320,0.016681,1,100,0,102.855,0,100,41.53017,0,0,133.448,0.7081875,-0.01945414,0.7057564,-0.01608792,0.9989161,0.04367841,-0.7058412,-0.04228666,0.7071069,86.71133,-49.55742,-170.3352,-59.31778,-0.1168096,3.27655,59.40832,-4.598896,40.78973,9.27366,-0.2807874,1.895373,0.624889
2321,0.016801,1,100,0,87.31407,0,100,44.19074,0,0,133.5152,0.6855365,-0.03123464,0.7273679,-0.01184737,0.9984684,0.05404226,-0.7279419,-0.04566534,0.6841165,85.73138,-49.55964,-170.2526,-56.37991,-0.1797737,8.221213,56.97644,-3.110693,40.62868,8.863584,-0.1770096,1.888642,0.6008861
2322,0.016573,1,100,0,95.60057,0,100,46.67378,0,0,133.5815,0.6624939,-0.04248962,0.7478614,-0.00707246,0.9979908,0.06296583,-0.7490342,-0.04700369,0.6608623,84.80872,-49.56311,-170.0927,-54.28663,-0.2786231,12.51441,55.7111,-1.866776,40.73605,8.400206,-0.08914382,1.894446,0.5722094
2323,0.016667,1,100,0,103.9341,0,100,48.94595,0,0,133.4197,0.6384883,-0.0533149,0.7677827,-0.001833804,0.9974896,0.07079075,-0.7696295,-0.04660703,0.6367877,83.91231,-49.5676,-169.9898,-50.68103,-0.2736329,3.417747,55.31945,0.06629634,43.1931,6.929081,0.04485008,2.009339,0.4796193
2324,0.016912,1,100,0,88.29047,0,100,41.19475,0,0,133.424,0.6120498,-0.06272209,0.7883281,0.003874563,0.9970757,0.0763226,-0.7908099,-0.0436588,0.610503,83.06469,-49.57306,-169.9141,-46.99821,-0.4009256,4.575963,49.61046,1.064871,42.60295,6.277413,0.1153244,1.982841,0.4351303
2325,0.016519,1,100,0,96.54996,0,100,39.97779,0,0,133.4247,0.5858105,-0.07102241,0.8073301,0.009669166,0.9966944,0.08066507,-0.8103904,-0.03944824,0.5845608,82.29473,-49.5803,-169.835,-43.957,-0.5123781,4.961741,46.59382,1.764796,42.44279,5.564377,0.1661903,1.976054,0.3861407
2326,0.016693,1,100,0,104.8965,0,100,38.54298,0,0,133.4322,0.55868,-0.07839802,0.8256697,0.01545743,0.9963337,0.08414362,-0.8292392,-0.03424663,0.5578436,81.56552,-49.58957,-169.7495,-41.35707,-0.6466219,5.380458,43.95187,1.992051,42.50029,4.787474,0.1863595,1.978825,0.3324952
2327,0.016838,1,100,0,89.32131,0,100,37.31851,0,0,133.4478,0.5307462,-0.08474547,0.8432834,0.02095098,0.9959964,0.08690616,-0.8472722,-0.0284575,0.5303968,80.87187,-49.60077,-169.6575,-39.17813,-0.7146406,5.93674,41.73751,2.146306,42.05006,4.037434,0.2003337,1.958011,0.2798643
2328,0.016532,1,100,0,97.58731,0,100,36.3637,0,0,133.4631,0.5029888,-0.08990821,0.8596039,0.025946,0.9956973,0.08896052,-0.8639035,-0.02244286,0.5031573,80.22532,-49.61272,-169.5616,-37.34838,-0.7553481,6.128441,39.91903,2.097653,41.92308,3.276312,0.2008699,1.951942,0.2265822
2329,0.016671,1,100,0,105.9228,0,100,35.36592,0,0,133.4851,0.474514,-0.09402492,0.8752119,0.03043644,0.9954368,0.09043908,-0.8797217,-0.01627628,0.4752105,79.60265,-49.62521,-169.4602,-35.79186,-0.7569476,6.466094,38.32646,1.869616,41.95984,2.529273,0.1894106,1.953236,0.1741635
2330,0.016651,1,100,0,90.52064,0,100,34.57195,0,0,133.5104,0.4456751,-0.09706885,0.8899165,0.034257,0.995225,0.09139942,-0.8945392,-0.01024858,0.4468723,79.00558,-49.63748,-169.3543,-34.48347,-0.717701,6.723079,37.0104,1.502525,41.54286,1.790756,0.1674893,1.933239,0.1222979
2331,0.016699,1,100,0,98.87014,0,100,33.85853,0,0,133.5397,0.4165533,-0.09907194,0.9036968,0.03732738,0.9950698,0.09188331,-0.9083445,-0.004541665,0.4181978,78.42772,-49.6489,-169.2443,-33.38336,-0.64171,6.98841,35.89645,1.033767,41.3452,1.071951,0.1386512,1.923274,0.07202682
2332,0.0167,1,100,0,107.2201,0,100,33.24904,0,0,133.5726,0.3871248,-0.1000718,0.9165806,0.03958968,0.99498,0.09191041,-0.921177,0.0007063262,0.3891433,77.86741,-49.65886,-169.1299,-32.46107,-0.5342758,7.265733,34.96726,0.4976863,41.34211,0.382129,0.1051081,1.922238,0.02397479
2333,0.016686,1,100,0,91.78559,0,100,32.72943,0,0,133.6077,0.3574781,-0.100126,0.9285387,0.04102169,0.9949602,0.09149538,-0.9330202,0.005382635,0.3597838,77.32229,-49.66687,-169.0115,-31.6947,-0.4008871,7.459871,34.19783,-0.0742397,40.88278,-0.2820825,0.06776833,1.899936,-0.021983
2334,0.016659,1,100,0,100.1151,0,100,32.25358,0,0,133.6454,0.3278343,-0.09929641,0.9395025,0.04162734,0.9950135,0.09063776,-0.9438177,0.009394825,0.330333,76.79026,-49.67253,-168.89,-31.05618,-0.2497724,7.658036,33.5426,-0.6466673,40.63868,-0.906895,0.03013583,1.887633,-0.06490739
2335,0.017052,1,100,0,84.34199,0,91.474,31.83873,0,0,133.7137,0.2975061,-0.0976143,0.9497167,0.04143951,0.9951423,0.08930202,-0.9538205,0.0127879,0.300106,76.25603,-49.67564,-168.7542,-31.88129,-0.04685377,8.585119,33.01702,-1.390811,40.03479,-1.475785,-0.01970889,1.858301,-0.1036972
2336,0.016325,1,100,0,92.50449,0,83.3115,32.98488,0,0,133.779,0.2686021,-0.09530389,0.958525,0.04041064,0.9953323,0.0876395,-0.9624033,0.01519446,0.2711996,75.73083,-49.67541,-168.6104,-32.75502,0.1371444,9.233957,34.03199,-1.94469,39.70103,-2.030868,-0.05734369,1.841856,-0.1409126
2337,0.016729,1,100,0,100.869,0,74.947,34.02987,0,0,133.8459,0.238959,-0.09226815,0.966636,0.03867507,0.9955897,0.08547112,-0.9702592,0.01696062,0.2414736,75.17748,-49.67208,-168.4535,-33.7232,0.3224411,9.672915,35.08452,-2.420762,39.58776,-2.564842,-0.09013221,1.835782,-0.1763643
2338,0.016862,1,100,0,85.27164,0,66.516,35.06147,0,0,133.9133,0.209085,-0.08859008,0.9738765,0.0363543,0.9959039,0.0827888,-0.9772217,0.0180947,0.2114493,74.60303,-49.66565,-168.2891,-34.75708,0.4993193,9.895407,36.1417,-2.804557,39.00393,-3.064111,-0.118204,1.807992,-0.2089878
2339,0.016493,1,100,0,93.51814,0,58.2695,36.06678,0,0,133.9793,0.1800672,-0.08446009,0.9800217,0.03365052,0.9962527,0.07967603,-0.9830787,0.0186312,0.1822346,74.02399,-49.65655,-168.1257,-35.81008,0.6568122,9.911196,37.16215,-3.079267,38.67147,-3.51183,-0.139159,1.792044,-0.237955
2340,0.016639,1,100,0,101.8376,0,49.95,37.02253,0,0,134.0459,0.1508398,-0.07982375,0.9853302,0.0306305,0.9966334,0.07605036,-0.9880835,0.01870973,0.152777,73.4221,-49.64485,-167.9617,-36.8994,0.79589,9.741779,38.172,-3.263661,38.55476,-3.920905,-0.1543305,1.786236,-0.2641943
2341,0.016722,1,100,0,86.36978,0,41.589,37.96291,0,0,134.1127,0.1215464,-0.07474788,0.9897674,0.02734291,0.9970343,0.07193889,-0.9922093,0.01831921,0.1232297,72.79885,-49.63084,-167.8006,-38.01128,0.9200243,9.401591,39.16751,-3.58902,37.96907,-4.300012,-0.1794303,1.758467,-0.2880422
2342,0.016681,1,100,0,94.71028,0,33.2485,38.89055,0,0,134.1795,0.09260836,-0.06933372,0.9932857,0.02376021,0.9974425,0.06740861,-0.995419,0.01735808,0.0940189,72.15857,-49.61495,-167.6465,-39.12484,1.017433,8.900735,40.1374,-3.831792,37.6211,-4.63181,-0.1990746,1.741849,-0.3085556
2343,0.016684,1,100,0,103.0523,0,24.9065,39.80011,0,0,134.2189,0.06379265,-0.06363413,0.9959324,0.02002387,0.9978458,0.0624738,-0.9977624,0.01595705,0.06492943,71.49955,-49.59745,-167.5133,-38.69949,1.062578,8.033812,41.09393,-4.112828,37.22432,-4.893209,-0.2213511,1.722938,-0.3242621
2344,0.016683,1,100,0,87.62051,0,16.565,39.15148,0,0,134.2857,0.03533833,-0.05774646,0.9977058,0.01608427,0.998233,0.05720728,-0.9992463,0.01402576,0.03620469,70.84786,-49.57934,-167.3834,-39.78537,1.129822,7.272734,40.46041,-4.06662,36.6357,-5.131301,-0.2229111,1.695506,-0.3380923
2345,0.016684,1,100,0,72.18781,0,8.223002,40.03454,0,0,134.246,0.007402559,-0.05170891,0.9986349,0.01228595,0.9985916,0.0516156,-0.9998974,0.01188709,0.008027426,70.17821,-49.56026,-167.2962,-39.28735,1.107472,0.5173144,41.35586,-3.996275,35.99599,-5.252134,-0.2229439,1.665721,-0.3443022
2346,0.016734,1,100,0,56.70886,0,0,39.30063,0,0,134.2126,-0.02003602,-0.04563267,0.9987574,0.00865178,0.9989127,0.04581333,-0.9997621,0.009558946,-0.01961943,69.5149,-49.54169,-167.321,-38.81575,1.02202,-4.986345,40.34575,-3.866772,31.5514,-4.611971,-0.2221565,1.45958,-0.3010148
2347,0.016697,1,100,0,41.26414,0,0,38.91411,0,0,134.2386,-0.04397498,-0.04039032,0.9982158,0.005188806,0.9991596,0.04065709,-0.9990191,0.006967443,-0.04372845,68.8608,-49.52477,-167.4426,-38.3869,0.8790025,-6.032117,40.11698,-3.749904,28.85953,-4.472236,-0.2195553,1.334812,-0.2902671
2348,0.016729,1,100,0,32.89964,0,0,38.61914,0,0,134.2764,-0.06586792,-0.03540069,0.9972002,0.001894392,0.9993643,0.03560264,-0.9978266,0.00423416,-0.06575899,68.21261,-49.51048,-167.5536,-37.99324,0.7280848,-6.06175,39.83421,-3.589418,26.63963,-4.441126,-0.2132421,1.231993,-0.2866976
2349,0.017018,1,100,0,24.39064,0,0,38.31236,0,0,134.3184,-0.08635899,-0.0304608,0.9957984,-0.001222749,0.9995351,0.03046907,-0.9962636,0.001413666,-0.08635608,67.55977,-49.49849,-167.6585,-37.64041,0.5862841,-5.758743,39.49005,-3.378543,24.56312,-4.444111,-0.203205,1.135869,-0.2854948
2350,0.016395,1,100,0,16.19314,0,0,37.9979,0,0,134.3587,-0.1045127,-0.02578437,0.9941894,-0.003956165,0.999667,0.02551055,-0.9945161,-0.001267001,-0.1045799,66.93687,-49.48922,-167.7511,-37.25843,0.4584012,-5.398991,39.08085,-3.139575,22.61451,-4.448307,-0.1908362,1.045696,-0.2846326
2351,0.016616,1,100,0,7.88514,0,0,37.61815,0,0,134.4251,-0.1213775,-0.02111212,0.992382,-0.006420193,0.9997697,0.02048404,-0.9925859,-0.003884984,-0.121485,66.31191,-49.48193,-167.84,-38.31907,0.3994738,-5.238712,38.67758,-2.702839,20.94065,-4.4553,-0.1653606,0.968323,-0.28414
2352,0.016839,1,100,0,-0.534359,0,0,38.66984,0,0,134.4925,-0.1371219,-0.01642887,0.990418,-0.008406062,0.9998458,0.01542145,-0.9905187,-0.006210897,-0.1372388,65.66065,-49.47554,-167.9283,-39.38883,0.3389596,-5.260916,39.74006,-2.256079,19.14817,-4.430816,-0.1390008,0.8854452,-0.2818998
2353,0.01657,1,100,0,-8.819359,0,0,39.73527,0,0,134.5588,-0.1512177,-0.01188786,0.988429,-0.009862947,0.9998959,0.01051686,-0.9884511,-0.008158487,-0.1513192,65.00219,-49.47026,-168.0164,-40.43539,0.2779418,-5.431021,40.79944,-1.82131,17.30366,-4.3764,-0.113076,0.8001382,-0.2780146
2354,0.016681,1,100,0,-17.15986,0,0,40.78796,0,0,134.6255,-0.1639548,-0.007401055,0.9864401,-0.01084998,0.9999249,0.005698869,-0.9864082,-0.009768494,-0.1640228,64.32186,-49.46597,-168.1085,-41.48325,0.2149838,-5.718638,41.87611,-1.396724,15.3686,-4.292993,-0.08750141,0.7106197,-0.2725082
2355,0.016678,1,100,0,-25.49886,0,0,41.8553,0,0,134.6922,-0.175177,-0.003011941,0.9845324,-0.01134622,0.9999352,0.001040239,-0.9844718,-0.01098849,-0.1751998,63.62424,-49.46286,-168.206,-42.51828,0.1292219,-6.093012,42.95283,-0.8945296,13.36324,-4.195395,-0.05662228,0.6178306,-0.2663105
2356,0.016679,1,100,0,-33.83836,0,0,42.92412,0,0,134.7589,-0.1848396,0.001276509,0.9827678,-0.01134668,0.9999297,-0.003432891,-0.9827031,-0.01178569,-0.1848121,62.90937,-49.46132,-168.31,-43.54422,0.01839025,-6.531798,44.0314,-0.5104159,11.2937,-4.079833,-0.03297667,0.5220403,-0.2591472
2357,0.016687,1,100,0,-42.18186,0,0,43.99798,0,0,134.8257,-0.1929034,0.00545547,0.9812026,-0.01099236,0.9999098,-0.007720568,-0.9811562,-0.01227506,-0.1928261,62.17698,-49.46151,-168.4217,-44.57904,-0.07204234,-7.017804,45.12811,-0.26907,9.164533,-3.94533,-0.01814279,0.4234773,-0.2508922
2358,0.016715,1,100,0,-50.53936,0,0,45.0931,0,0,134.8925,-0.1993353,0.009515524,0.9798852,-0.01037554,0.9998763,-0.01182032,-0.9798765,-0.01252305,-0.1992119,61.42601,-49.46311,-168.5419,-45.62526,-0.1427126,-7.53372,46.24328,0.01408265,6.97724,-3.793204,-0.0002873477,0.322203,-0.2415875
2359,0.016679,1,100,0,-58.87886,0,0,46.20971,0,0,134.9592,-0.2040755,0.0134249,0.9788631,-0.009490479,0.9998319,-0.01569108,-0.9789092,-0.01249204,-0.2039138,60.65918,-49.46585,-168.6705,-46.67551,-0.2073737,-8.061249,47.36697,0.259356,4.745882,-3.619025,0.01547948,0.2188783,-0.2309225
2360,0.01696,1,100,0,-67.35886,0,0,47.33747,0,0,135,-0.2071484,0.01723351,0.9781578,-0.008364309,0.9997771,-0.01938575,-0.9782739,-0.01219734,-0.2069581,59.86147,-49.46969,-168.8102,-47.753,-0.2657644,-8.595386,48.52113,0.4679916,2.42712,-3.420975,0.02923957,0.1114995,-0.2187554
2361,0.016346,1,100,0,-75.53186,0,0,48.49764,0,0,135,-0.2083985,0.02072303,0.9778246,-0.007109747,0.9997172,-0.02270226,-0.9780185,-0.0116832,-0.2081923,59.07518,-49.4743,-168.9534,-48.80393,-0.3134972,-9.094072,49.64498,0.6269729,0.1599708,-3.211411,0.04011293,0.006508441,-0.2058159
2362,0.016686,1,100,0,-83.87486,0,0,49.62812,0,0,135,-0.2079323,0.02408222,0.9778467,-0.005709733,0.9996501,-0.02583332,-0.9781267,-0.01095483,-0.207722,58.25479,-49.47974,-169.1078,-49.89123,-0.3527048,-9.574754,50.80291,0.7467455,-2.196508,-2.981009,0.04878816,-0.102619,-0.1915088
2363,0.017075,1,100,0,-92.41236,0,0,50.7927,0,0,135,-0.2056009,0.02728658,0.9782555,-0.004203029,0.9995775,-0.02876467,-0.978627,-0.01002568,-0.2053994,57.39657,-49.48593,-169.2739,-51.00261,-0.3817194,-10.0208,51.97911,0.8245571,-4.648977,-2.730066,0.05508984,-0.2161881,-0.1758248
2364,0.016349,1,100,0,-100.5869,0,0,51.97462,0,0,135,-0.2015645,0.030117,0.9790121,-0.002745091,0.9995059,-0.03131261,-0.9794714,-0.008998988,-0.2013822,56.55693,-49.49223,-169.4397,-52.06752,-0.391916,-10.38883,53.09528,0.8283197,-7.018569,-2.491975,0.05683399,-0.3259003,-0.1608582
2365,0.016627,1,100,0,-85.20689,0,0,53.0943,0,0,135,-0.1958109,0.03274962,0.9800948,-0.001307637,0.9994328,-0.03365704,-0.9806411,-0.007872025,-0.195657,55.68519,-49.49875,-169.6142,-53.15283,-0.3938102,-10.69833,54.22022,0.8070273,-8.79947,-2.239028,0.0568353,-0.4083449,-0.1447538
2366,0.016761,1,100,0,-93.58739,0,0,54.22015,0,0,135,-0.1886183,0.03513226,0.9814219,6.590877e-05,0.9993604,-0.03576175,-0.9820505,-0.006680635,-0.1885,54.78817,-49.50532,-169.7948,-54.24994,-0.3871141,-10.93583,55.34256,0.7632809,-10.67912,-1.975022,0.0555795,-0.495359,-0.1278684
2367,0.016604,1,100,0,-101.8894,0,0,55.34018,0,0,135,-0.1800458,0.037216,0.9829539,0.001284135,0.999292,-0.03759937,-0.9836572,-0.005507363,-0.1799661,53.88143,-49.51174,-169.9772,-55.3286,-0.3842036,-11.08615,56.42964,0.5625012,-12.61426,-1.722812,0.04439079,-0.5848527,-0.1116692
2368,0.016679,1,100,0,-86.46131,0,0,56.42163,0,0,135,-0.1700974,0.03903336,0.984654,0.002259035,0.9992282,-0.03922087,-0.9854251,-0.004446999,-0.1700543,52.95257,-49.51814,-170.1625,-56.41447,-0.3827289,-11.15291,57.50762,0.3670619,-13.96244,-1.464731,0.03321195,-0.6471638,-0.09499554
2369,0.016674,1,100,0,-94.79831,0,0,57.49053,0,0,135,-0.159078,0.04056566,0.9864324,0.002990553,0.999171,-0.04060724,-0.987262,-0.003509739,-0.1590674,52.00587,-49.52453,-170.3484,-57.50142,-0.3823824,-11.13127,58.57016,0.1806712,-15.42946,-1.204015,0.02270881,-0.7149881,-0.07814259
2370,0.016692,1,100,0,-103.1443,0,0,58.54092,0,0,135,-0.1468781,0.04181464,0.9882706,0.003539055,0.9991222,-0.0417478,-0.9891487,-0.002634296,-0.1468972,51.03994,-49.53083,-170.5336,-58.60009,-0.3676567,-11.02051,59.6285,0.1296535,-17.00802,-0.9501798,0.0209575,-0.7880808,-0.06170506
2371,0.016649,1,100,0,-87.74399,0,0,59.58406,0,0,135,-0.1336267,0.0427783,0.9901081,0.003997746,0.9990832,-0.04262653,-0.9910239,-0.001737841,-0.1336752,50.05824,-49.53683,-170.716,-59.69353,-0.3452358,-10.81873,60.66697,0.06622015,-18.01877,-0.6974233,0.01795433,-0.8348624,-0.04526303
2372,0.016692,1,100,0,-96.08999,0,0,60.60451,0,0,135,-0.119504,0.04345975,0.9918821,0.004358864,0.9990548,-0.04324887,-0.9928242,-0.0008449354,-0.1195805,49.05576,-49.54243,-170.895,-60.78497,-0.3158837,-10.52366,61.69003,-0.005697103,-19.18039,-0.4462793,0.01446333,-0.888629,-0.02889549
2373,0.016691,1,100,0,-104.4355,0,0,61.60748,0,0,135,-0.1044319,0.04385734,0.9935646,0.004620747,0.999038,-0.04361326,-0.9945216,3.639655e-05,-0.1045341,48.03516,-49.54752,-171.0685,-61.86865,-0.2807089,-10.13654,62.69416,-0.08459447,-20.47774,-0.1992562,0.01055632,-0.9486785,-0.01275923
2374,0.016888,1,100,0,-88.81409,0,0,62.58931,0,0,135,-0.08828843,0.04397458,0.9951239,0.004783534,0.9990323,-0.04372289,-0.9960835,0.0008999826,-0.08841334,46.9842,-49.55203,-171.237,-62.9544,-0.2403035,-9.650774,63.69028,-0.1700786,-21.23655,0.04474417,0.005715678,-0.9837732,0.003208509
2375,0.016418,1,100,0,-97.02309,0,0,63.56087,0,0,135,-0.0719626,0.04381805,0.9964444,0.004841388,0.9990382,-0.04358247,-0.9973956,0.001687866,-0.07210553,45.9449,-49.55574,-171.3923,-63.99663,-0.1974659,-9.086782,64.63882,-0.2542562,-22.13747,0.2745439,0.0009653753,-1.025451,0.01826397
2376,0.01669,1,100,0,-105.3681,0,0,64.48483,0,0,135,-0.05460871,0.04339549,0.9975644,0.004808077,0.9990549,-0.04319713,-0.9984962,0.002437427,-0.05476575,44.87098,-49.55879,-171.5404,-65.03954,-0.1516239,-8.424606,65.58306,-0.339886,-23.21136,0.4992384,-0.003858726,-1.075141,0.03300928
2377,0.01692,1,100,0,-89.71709,0,0,65.40274,0,0,135,-0.03629643,0.04271395,0.9984279,0.004649981,0.9990827,-0.04257292,-0.9993305,0.003097426,-0.03646175,43.7647,-49.56121,-171.6786,-66.06726,-0.1261398,-7.656762,66.50958,-0.527183,-23.76377,0.6953542,-0.01572121,-1.100588,0.04588408
2378,0.016447,1,100,0,-97.94059,0,0,66.30183,0,0,135,-0.0180243,0.04183535,0.998962,0.004317651,0.9991183,-0.04176399,-0.9998285,0.003560403,-0.01818904,42.67272,-49.56319,-171.8,-67.04367,-0.1085667,-6.823008,67.39005,-0.6857401,-24.48211,0.8743268,-0.0257177,-1.133745,0.05759832
2379,0.016672,1,100,0,-106.2766,0,0,67.15589,0,0,135,0.001103502,0.04074455,0.9991689,0.003835715,0.999162,-0.04074851,-0.999992,0.003877494,0.0009462928,41.54959,-49.56494,-171.9086,-68.00777,-0.09776841,-5.894592,68.26282,-0.8246709,-25.38357,1.043113,-0.03444201,-1.175397,0.06861839
2380,0.016757,1,100,0,-90.77637,0,0,68.00126,0,0,135,0.02089535,0.03946164,0.9990026,0.003268638,0.9992127,-0.03953831,-0.9997763,0.004091545,0.02074991,40.40466,-49.56643,-172.0018,-68.95673,-0.07075822,-4.878928,69.12915,-0.8419183,-25.77751,1.200234,-0.03585097,-1.193622,0.07881557
2381,0.016612,1,100,0,-75.41026,0,0,68.83978,0,0,135,0.04069145,0.03802166,0.9984481,0.002712226,0.9992679,-0.03816341,-0.9991682,0.004260942,0.04055854,39.25409,-49.56745,-172.0768,-69.86563,-0.0433343,-3.791439,69.96844,-0.8535874,-25.70652,1.342315,-0.03730826,-1.190311,0.08799554
2382,0.01667,1,100,0,-59.99051,0,0,69.65355,0,0,135,0.06037655,0.03642685,0.9975109,0.002165557,0.9993268,-0.03662424,-0.9981735,0.004371412,0.06025703,38.08452,-49.56802,-172.1336,-70.74352,-0.01596522,-2.626295,70.79226,-0.8580104,-25.20963,1.470678,-0.03864434,-1.167276,0.09623583
2383,0.016672,1,100,0,-51.65451,0,0,70.45599,0,0,135,0.07960919,0.03470039,0.996222,0.00163851,0.999388,-0.0349416,-0.9968249,0.004413992,0.07950361,36.90037,-49.56813,-172.1706,-71.58595,0.0104682,-1.397017,71.59959,-0.8536811,-24.52108,1.584341,-0.03956758,-1.135367,0.1034867
2384,0.016699,1,100,0,-43.30501,0,0,71.24763,0,0,135,0.09826838,0.03285794,0.9946175,0.001140437,0.9994506,-0.03313028,-0.9951596,0.004389958,0.09817692,35.70042,-49.56781,-172.1868,-72.39368,0.03526979,-0.1136922,72.39378,-0.8402799,-23.65533,1.683094,-0.04001996,-1.095257,0.1097388
2385,0.016766,1,100,0,-34.92201,0,0,72.03226,0,0,135,0.116258,0.03091293,0.9927379,0.0006799414,0.9995129,-0.03120352,-0.9932188,0.004302661,0.1161803,34.48231,-49.56709,-172.1813,-73.16885,0.05789671,1.214867,73.17896,-0.8177496,-22.62342,1.766849,-0.0399635,-1.047458,0.1149919
2386,0.016561,1,100,0,-26.64151,0,0,72.81407,0,0,135,0.1331731,0.02892429,0.9906707,0.000246237,0.9995731,-0.02921731,-0.9910928,0.004134901,0.1331091,33.26654,-49.56615,-172.1538,-73.89309,0.05458741,2.558797,73.9374,-0.8581386,-21.46031,1.811175,-0.04395213,-0.9935504,0.1176802
2387,0.016689,1,100,0,-18.29701,0,0,73.57574,0,0,135,0.1492545,0.0268886,0.9884332,-0.0002110982,0.9996312,-0.02716134,-0.9887991,0.003845295,0.1492051,32.02942,-49.5653,-172.1035,-74.59112,0.04294973,3.927919,74.69448,-0.8789619,-20.15249,1.8409,-0.04669082,-0.9329557,0.1193857
2388,0.017,1,100,0,-9.797012,0,0,74.34187,0,0,135,0.16454,0.02480047,0.9860586,-0.0006738687,0.9996865,-0.02503078,-0.9863702,0.003454091,0.1645052,30.75748,-49.56465,-172.0288,-75.27378,0.02728115,5.325819,75.46196,-0.8657528,-18.69003,1.857442,-0.04723947,-0.8652202,0.1202159
2389,0.016354,1,100,0,-1.620012,0,0,75.12403,0,0,135,0.1781067,0.02279283,0.9837473,-0.001091847,0.9997358,-0.0229656,-0.9840109,0.003016224,0.1780845,29.52298,-49.56431,-171.9344,-75.90535,0.007137164,6.661704,76.19711,-0.8394145,-17.17952,1.859108,-0.04683268,-0.7952693,0.120096
2390,0.016693,1,100,0,6.726487,0,15.0237,75.87806,0,0,135,0.1906915,0.0207602,0.9814306,-0.001481289,0.9997815,-0.02086056,-0.9816492,0.002524151,0.1906806,28.25218,-49.56432,-171.8158,-76.56886,-0.01777469,7.997502,76.9854,-0.8011502,-15.34097,1.847301,-0.04568173,-0.7101368,0.1191061
2391,0.016752,1,100,0,15.10249,0,30.1005,76.68869,0,0,135,0.2018222,0.01875409,0.9792427,-0.0018029,0.9998222,-0.01877665,-0.9794207,0.002024068,0.2018201,26.9656,-49.56466,-171.6746,-77.26348,-0.02576469,9.307069,77.82202,-0.678041,-13.22007,1.814145,-0.03904726,-0.6119632,0.1167676
2392,0.016588,1,100,0,23.39649,0,45.0297,77.55176,0,0,135,0.2111699,0.01681816,0.9773048,-0.002002559,0.9998575,-0.01677356,-0.9774476,0.001584961,0.2111735,25.67999,-49.56511,-171.5132,-77.97782,-0.03033984,10.5635,78.69008,-0.5595604,-10.87019,1.769282,-0.03261249,-0.5031872,0.1137222
2393,0.016706,1,100,0,31.74949,0,60.0651,78.44992,0,0,135,0.2187274,0.01492941,0.9756719,-0.002094463,0.9998881,-0.01483042,-0.9757842,0.00120031,0.2187341,24.3731,-49.56561,-171.33,-78.72897,-0.03140312,11.78099,79.60555,-0.4452867,-8.263588,1.712808,-0.02634629,-0.3825249,0.109972
2394,0.016666,1,100,0,40.08249,0,75.0645,79.39935,0,0,135,0.2242402,0.01311574,0.9744457,-0.002088263,0.9999137,-0.01297798,-0.9745318,0.0008752858,0.2242482,23.05663,-49.56612,-171.1272,-79.51489,-0.02870437,12.93895,80.56076,-0.3379513,-5.44124,1.645835,-0.0203922,-0.2518728,0.1055871
2395,0.016642,1,100,0,48.40349,0,90.0423,80.3913,0,0,135,0.22757,0.01138396,0.9736953,-0.001997112,0.9999351,-0.01122398,-0.9737599,0.000609662,0.2275779,21.72875,-49.56656,-170.9059,-80.34122,-0.02217999,14.02983,81.55702,-0.2389503,-2.414632,1.569146,-0.01482755,-0.1117627,0.1006126
2396,0.016668,1,100,0,56.73749,0,100,81.42592,0,0,135,0.2285954,0.009737319,0.973473,-0.001834443,0.9999527,-0.009571414,-0.9735201,0.0004022003,0.2286024,20.38484,-49.56687,-170.6664,-81.20181,-0.01197489,15.04544,82.58389,-0.1500221,0.7461164,1.483249,-0.009746017,0.03455908,0.09507472
2397,0.016698,1,100,0,65.08649,0,100,82.491,0,0,135,0.2272454,0.008183925,0.9738032,-0.00161418,0.9999666,-0.008027122,-0.9738364,0.0002522329,0.227251,19.02408,-49.56699,-170.41,-82.07545,0.001906847,15.96662,83.61407,-0.07175563,3.898117,1.388993,-0.005167719,0.1804773,0.08902052
2398,0.016623,1,100,0,73.39799,0,100,83.55649,0,0,135,0.2235441,0.00674082,0.9746706,-0.001351791,0.9999774,-0.006605804,-0.9746931,0.0001591383,0.2235482,17.65483,-49.56686,-170.1401,-82.96164,0.01917447,16.77076,84.63978,-0.005638365,7.021146,1.287844,-0.001204171,0.3250559,0.08253411
2399,0.016938,1,100,0,81.86699,0,100,84.61121,0,0,135,0.2173663,0.005383365,0.9760754,-0.001054893,0.9999857,-0.005280319,-0.9760899,0.000118108,0.2173689,16.24442,-49.56642,-169.8522,-83.88519,0.03998956,17.45974,85.68295,0.04903758,10.19492,1.17828,0.002166161,0.4719853,0.07550917
2400,0.016423,1,100,0,90.07849,0,100,85.67469,0,0,135,0.209037,0.004183591,0.9778988,-0.000751912,0.9999913,-0.004117376,-0.9779075,0.0001253902,0.2090383,14.86175,-49.56564,-169.5625,-84.80324,0.06300682,17.98456,86.68932,0.08907047,13.25276,1.066565,0.004722376,0.6135492,0.06833964
2401,0.016673,1,100,0,98.41499,0,100,86.68919,0,0,135,0.1982422,0.003088031,0.9801483,-0.0004429418,0.9999954,-0.003060973,-0.9801533,0.0001726654,0.1982427,13.44252,-49.56445,-169.2606,-85.75851,0.08872381,18.36282,87.70247,0.1168255,16.34978,0.948695,0.006589785,0.7569275,0.06076302
2402,0.01682,1,100,0,106.825,0,100,87.69679,0,0,135,0.1849533,0.002118625,0.9827451,-0.0001614442,0.9999977,-0.002125435,-0.9827474,0.0002344477,0.1849532,11.99456,-49.56288,-168.9505,-86.7407,0.1023597,18.57554,88.70744,0.08090966,19.46521,0.8112923,0.00445217,0.9011623,0.05192402
2403,0.016539,1,100,0,91.52642,0,100,88.67982,0,0,135,0.1696842,0.001312164,0.9854977,4.54196e-05,0.9999992,-0.001339293,-0.9854985,0.0002720176,0.1696839,10.55451,-49.5611,-168.6431,-87.72855,0.117257,18.60282,89.6793,0.05549271,21.85922,0.6754335,0.003046474,1.011997,0.04319047
2404,0.016675,1,100,0,99.86392,0,100,89.61298,0,0,135,0.1524049,0.0006483367,0.988318,0.0002056413,0.9999998,-0.0006877112,-0.9883182,0.0003080495,0.1524047,9.085982,-49.55901,-168.3337,-88.74409,0.1429271,18.44275,90.64033,0.06277201,24.31959,0.5322361,0.003743096,1.125904,0.03398363
2405,0.016761,1,100,0,108.2444,0,100,90.5182,0,0,135,0.1330834,0.0001371916,0.991105,0.0003397585,1,-0.0001840449,-0.9911051,0.0003612296,0.1330833,7.592771,-49.55646,-168.0266,-89.77515,0.1701838,18.08589,91.57896,0.05734819,26.83475,0.3884436,0.003610606,1.242348,0.02472697
2406,0.016582,1,100,0,92.90607,0,100,91.38359,0,0,135,0.1121654,-0.0002141983,0.9936895,0.0004376161,0.9999999,0.0001661614,-0.9936895,0.000416217,0.1121655,6.098448,-49.55348,-167.7297,-90.79813,0.1975585,17.53372,92.47579,0.04054249,28.69886,0.2473954,0.002708315,1.32865,0.01564544
2407,0.016688,1,100,0,101.2501,0,100,92.19192,0,0,134.8727,0.08960326,-0.0004150732,0.9959775,0.0004951408,0.9999998,0.0003722041,-0.9959774,0.0004597984,0.08960345,4.577158,-49.55214,-167.5481,-88.50336,0.09639178,10.30414,93.34245,-0.5580087,32.86084,0.9413648,-0.03552916,1.521324,0.06007759
2408,0.016764,1,100,0,85.74338,0,100,89.07069,0,0,134.8765,0.06388117,-0.001362443,0.9979566,-5.970032e-06,0.9999992,0.001365614,-0.9979576,-9.319484e-05,0.06388111,3.087783,-49.55126,-167.4206,-86.24105,0.09722265,8.646504,90.07919,-0.9556301,33.97458,0.9586043,-0.06043622,1.572878,0.06150445
2409,0.016737,1,100,0,94.11188,0,100,86.61726,0,0,134.8877,0.03727156,-0.002352486,0.9993024,-0.0009258193,0.9999968,0.002388652,-0.9993048,-0.001014202,0.03726926,1.638604,-49.54969,-167.2868,-84.08572,0.1264494,8.28842,87.67039,-1.257642,34.56464,0.7856708,-0.07917216,1.600181,0.05098582
2410,0.016697,1,100,0,102.4604,0,100,84.33604,0,0,134.8176,0.01020811,-0.003195714,0.9999428,-0.002169422,0.9999924,0.003218019,-0.9999455,-0.002202147,0.0102011,0.228763,-49.54755,-167.1553,-82.05389,0.0108334,0.5545573,85.48444,-1.114309,36.16796,0.6449394,-0.06937165,1.674415,0.04275889
2411,0.016753,1,100,0,86.96386,0,100,82.05505,0,0,134.7744,-0.0180424,-0.003935153,0.9998296,-0.003281746,0.9999872,0.003876553,-0.9998321,-0.003211244,-0.01805509,-1.152096,-49.54856,-167.2148,-80.10398,-0.07655897,-4.782934,83.12333,-1.286717,33.63001,1.229132,-0.08012751,1.556941,0.08071665
2412,0.016724,1,100,0,95.32586,0,100,80.17713,0,0,134.7782,-0.04437187,-0.005323722,0.999001,-0.004596061,0.9999764,0.00512478,-0.9990047,-0.004364073,-0.04439529,-2.498034,-49.55064,-167.3353,-78.24673,-0.1049172,-6.24066,81.31642,-1.450508,33.18112,1.327273,-0.08983755,1.536157,0.08765932
2413,0.016941,1,100,0,103.7964,0,100,78.44636,0,0,134.7924,-0.07072642,-0.006874893,0.9974721,-0.00611808,0.9999605,0.006458237,-0.9974771,-0.005645846,-0.07076568,-3.830134,-49.55268,-167.4546,-76.48714,-0.1138352,-6.718891,79.60271,-1.585081,33.49666,1.27262,-0.09750862,1.550753,0.08494405
2414,0.016465,1,100,0,88.56623,0,100,76.77028,0,0,134.8078,-0.09639919,-0.008371492,0.9953076,-0.007745476,0.9999408,0.007660283,-0.9953128,-0.006970686,-0.09645832,-5.095696,-49.55462,-167.5698,-74.76184,-0.1137083,-6.889938,77.88416,-1.69898,33.5361,1.150089,-0.1039109,1.552558,0.07788465
2415,0.016688,1,100,0,96.91023,0,100,75.0768,0,0,134.8255,-0.1224367,-0.009804826,0.9924279,-0.009508334,0.999917,0.008705763,-0.9924309,-0.008370431,-0.1225198,-6.349667,-49.55647,-167.6855,-73.10017,-0.108597,-7.013379,76.21484,-1.781345,33.90934,0.9869876,-0.1082691,1.569814,0.06832125
2416,0.016861,1,100,0,105.3407,0,100,73.40705,0,0,134.893,-0.1489937,-0.01113019,0.9887757,-0.01136749,0.9998901,0.009542393,-0.9887733,-0.009818138,-0.1491039,-7.588587,-49.55827,-167.8053,-74.23221,-0.1039241,-7.296529,74.59002,-1.518463,35.25797,0.7492595,-0.09034825,1.632282,0.0541918
2417,0.016501,1,100,0,90.0773,0,100,74.48779,0,0,134.959,-0.1757577,-0.01223575,0.9843575,-0.01289347,0.9998658,0.01012638,-0.9843493,-0.010912,-0.1758919,-8.819288,-49.55997,-167.9287,-75.2815,-0.1009356,-7.852951,75.69005,-1.298162,36.05735,0.5168984,-0.07535829,1.669313,0.04013943
2418,0.016632,1,100,0,98.3933,0,100,75.48566,0,0,135,-0.2032543,-0.01314804,0.9790378,-0.01416397,0.9998448,0.01048694,-0.9790237,-0.01173555,-0.203409,-10.07689,-49.56162,-168.0638,-76.27159,-0.09638161,-8.666133,76.76241,-1.097821,37.0421,0.2831167,-0.06169961,1.71492,0.02588833
2419,0.016736,1,100,0,106.7613,0,100,76.43559,0,0,135,-0.2315499,-0.01385491,0.9727245,-0.01518517,0.9998285,0.01062624,-0.9727048,-0.01231048,-0.2317206,-11.35854,-49.5632,-168.2146,-77.18954,-0.09125912,-9.716744,77.79877,-0.9235388,38.19859,0.04778941,-0.04977611,1.76847,0.01143646
2420,0.016634,1,100,0,91.37486,0,100,77.33533,0,0,135,-0.2602139,-0.01433974,0.9654444,-0.01596486,0.9998168,0.01054731,-0.9654188,-0.01266863,-0.2603952,-12.64713,-49.5647,-168.3832,-78.01362,-0.08819231,-10.97407,78.78174,-0.7848098,38.83403,-0.1815993,-0.04039107,1.797884,-0.002880285
2421,0.016705,1,100,0,99.72736,0,100,78.17453,0,0,135,-0.2892931,-0.01460327,0.9571291,-0.01653824,0.9998106,0.01025577,-0.9570976,-0.0128623,-0.2894799,-13.95448,-49.56618,-168.5746,-78.7446,-0.08808742,-12.43123,79.71986,-0.6752191,39.66503,-0.4060767,-0.03296749,1.836343,-0.01694482
2422,0.016681,1,100,0,108.0679,0,100,78.96599,0,0,135,-0.3187207,-0.01464639,0.9477355,-0.01692158,0.9998093,0.009760468,-0.9476977,-0.01292632,-0.3189077,-15.27157,-49.56767,-168.791,-79.37074,-0.09195474,-14.0623,80.60689,-0.5929234,40.67022,-0.6228933,-0.02739924,1.88286,-0.03056587
2423,0.016676,1,100,0,92.64256,0,100,79.70523,0,0,135,-0.348444,-0.01447287,0.937218,-0.01713489,0.9998122,0.009068967,-0.9371732,-0.0128991,-0.3486266,-16.5981,-49.56925,-169.0354,-79.88585,-0.1007277,-15.85289,81.44369,-0.5348776,41.16954,-0.8309615,-0.02367501,1.905944,-0.04380761
2424,0.016724,1,100,0,101.0046,0,100,80.39491,0,0,135,-0.3783149,-0.01408437,0.92557,-0.01719501,0.9998189,0.008185971,-0.9255176,-0.01281831,-0.3784885,-17.93642,-49.57101,-169.3113,-80.28514,-0.1153141,-17.79395,82.23346,-0.4956925,41.87332,-1.029676,-0.0212711,1.938491,-0.05644326
2425,0.016594,1,100,0,85.65511,0,100,81.04159,0,0,135,-0.407953,-0.0134951,0.9129031,-0.01711448,0.999828,0.007132054,-0.9128424,-0.01271432,-0.4081138,-19.27028,-49.57304,-169.6179,-80.56039,-0.1363263,-19.84827,82.96957,-0.4728999,42.09467,-1.215727,-0.0201959,1.948697,-0.06839608
2426,0.016696,1,100,0,94.00311,0,100,81.64102,0,0,135,-0.4375543,-0.0127064,0.8991022,-0.01690348,0.9998397,0.005903862,-0.8990331,-0.01261469,-0.4376989,-20.61626,-49.57547,-169.9614,-80.7123,-0.1648315,-22.02839,83.66452,-0.4616084,42.54191,-1.390668,-0.01996183,1.969359,-0.07958335
2427,0.016952,1,100,0,102.4791,0,100,82.20692,0,0,135,-0.4674949,-0.0117224,0.8839182,-0.01656302,0.9998528,0.004499902,-0.8838409,-0.01253668,-0.4676203,-21.98474,-49.57847,-170.3479,-80.73579,-0.2017157,-24.34152,84.32566,-0.4592288,43.20809,-1.554834,-0.02041555,2.000159,-0.09001616
2428,0.016397,1,100,0,87.31187,0,100,82.74271,0,0,135,-0.4962883,-0.01060883,0.868093,-0.01611841,0.9998657,0.003004321,-0.8680083,-0.01250127,-0.4963927,-23.30808,-49.58201,-170.7597,-80.62971,-0.2454644,-26.66356,84.92441,-0.4633541,43.38808,-1.699555,-0.02150272,2.00845,-0.09927955
2429,0.01669,1,100,0,95.65688,0,100,83.22591,0,0,135,-0.5252159,-0.009327913,0.8509179,-0.01555509,0.999878,0.001359702,-0.8508268,-0.01252197,-0.5252969,-24.65257,-49.5864,-171.2183,-80.39011,-0.2981673,-29.09847,85.4949,-0.4702266,43.79776,-1.832297,-0.02286499,2.027378,-0.1076803
2430,0.016846,1,100,0,104.0799,0,100,83.68712,0,0,135,-0.5541245,-0.007905855,0.8323964,-0.01487598,0.9998894,-0.0004062518,-0.8323011,-0.01260782,-0.5541808,-26.00482,-49.59176,-171.7226,-80.01275,-0.359178,-31.61624,86.03345,-0.4762525,44.42246,-1.950838,-0.02427265,2.056266,-0.1150708
2431,0.016509,1,100,0,88.80904,0,100,84.12035,0,0,135,-0.5821103,-0.00640498,0.8130845,-0.01410522,0.999898,-0.002221748,-0.8129873,-0.01276204,-0.5821412,-27.32309,-49.59806,-172.2584,-79.50872,-0.4268099,-34.13239,86.52652,-0.4819131,44.56645,-2.051174,-0.02580671,2.062903,-0.1213475
2432,0.016705,1,100,0,97.16154,0,100,84.5149,0,0,135,-0.6098786,-0.004796416,0.7924803,-0.0132235,0.999904,-0.004124738,-0.7923844,-0.01299495,-0.6098835,-28.64781,-49.6056,-172.843,-78.86279,-0.5027481,-36.71632,86.99241,-0.4846868,44.94098,-2.136694,-0.02722954,2.080219,-0.1265571
2433,0.016671,1,100,0,105.497,0,100,84.88885,0,0,135,-0.6371271,-0.003125043,0.7707525,-0.01224609,0.9999067,-0.00606883,-0.7706616,-0.01330532,-0.6371059,-29.95831,-49.61444,-173.4696,-78.08204,-0.5861284,-39.32189,87.42631,-0.4849309,45.52315,-2.205081,-0.02855092,2.107155,-0.1305538
2434,0.016674,1,100,0,90.07359,0,100,85.23483,0,0,135,-0.6638503,-0.001409054,0.7478641,-0.0111768,0.9999052,-0.008037288,-0.7477819,-0.01369428,-0.6638031,-31.25528,-49.62471,-174.1399,-77.16454,-0.6760037,-41.94544,87.83076,-0.4800991,45.63067,-2.257147,-0.02963017,2.112123,-0.1335494
2435,0.016687,1,100,0,98.41709,0,100,85.55502,0,0,135,-0.6898737,0.0003346335,0.7239298,-0.01001996,0.9998999,-0.01001079,-0.7238607,-0.01415993,-0.6898013,-32.53718,-49.63651,-174.8545,-76.1097,-0.7715971,-44.57956,88.20782,-0.4685106,45.96866,-2.293042,-0.03030682,2.127769,-0.1353862
2436,0.01666,1,100,0,106.7471,0,100,85.85479,0,0,135,-0.7152134,0.002077409,0.6989033,-0.00878515,0.9998901,-0.01196222,-0.6988514,-0.01469551,-0.7151166,-33.7987,-49.64992,-175.6118,-74.92194,-0.8717101,-47.20773,88.55861,-0.4499189,46.51624,-2.312925,-0.03056254,2.153125,-0.1360785
2437,0.016724,1,100,0,91.27739,0,100,86.13115,0,0,135,-0.7399393,0.003809165,0.672663,-0.007469202,0.9998759,-0.01387834,-0.6726325,-0.01529339,-0.739819,-35.04443,-49.66504,-176.416,-73.59553,-0.9709791,-49.83641,88.88708,-0.4123163,46.59034,-2.319624,-0.02959227,2.156564,-0.1359922
2438,0.016995,1,100,0,99.77489,0,100,86.38751,0,0,135,-0.7641574,0.005536515,0.6450064,-0.006055319,0.9998578,-0.01575635,-0.6450019,-0.01594605,-0.7640152,-36.2869,-49.68212,-177.2781,-72.10991,-1.073406,-52.48882,89.19678,-0.3682441,46.90657,-2.311144,-0.028232,2.171218,-0.1348167
2439,0.016389,1,100,0,107.9694,0,100,86.6304,0,0,135,-0.7867108,0.007149713,0.6172805,-0.004631297,0.9998366,-0.0174832,-0.6173046,-0.01661303,-0.7865491,-37.4603,-49.70024,-178.1522,-70.54861,-1.172464,-55.0204,89.47472,-0.3199771,47.41548,-2.288527,-0.02655085,2.194801,-0.1326594
2440,0.016678,1,100,0,92.54224,0,100,86.8457,0,0,135,-0.8087898,0.00872134,0.5880331,-0.003133202,0.999812,-0.01913804,-0.5880895,-0.01732108,-0.8086105,-38.62749,-49.72035,-179.084,-68.83084,-1.272719,-57.56181,89.73665,-0.2654218,47.46254,-2.252081,-0.02438855,2.197006,-0.1297106
2441,0.016892,1,100,0,100.9882,0,100,87.04582,0,0,135,-0.830099,0.0102294,0.5575224,-0.001578154,0.9997848,-0.02069374,-0.5576141,-0.01805771,-0.8299043,-39.77978,-49.74241,-180.0707,-66.96045,-1.372634,-60.09283,89.98186,-0.2046522,47.74959,-2.20211,-0.02182038,2.210325,-0.1257921
2442,0.016499,1,100,0,85.72667,0,100,87.23418,0,0,135,-0.8498567,0.01160753,0.526886,-3.556907e-05,0.9997562,-0.02208244,-0.5270139,-0.01878565,-0.8496491,-40.87396,-49.76556,-181.0756,-65.01152,-1.465295,-62.51567,90.20451,-0.1370948,47.58667,-2.144477,-0.01862839,2.202812,-0.1215337
2443,0.016655,1,100,0,94.05417,0,100,87.40589,0,0,135,-0.8686241,0.0128978,0.4953038,0.001534924,0.9997265,-0.02334124,-0.4954694,-0.01951451,-0.8684063,-41.94527,-49.79045,-182.1301,-62.9251,-1.554784,-64.90434,90.41327,-0.06547005,47.67196,-2.075263,-0.01515033,2.206794,-0.1164495
2444,0.016697,1,100,0,102.4027,0,100,87.57114,0,0,135,-0.8863194,0.01407344,0.4628607,0.003105098,0.9996963,-0.02445025,-0.4630642,-0.02023351,-0.8860939,-42.98377,-49.81688,-183.2269,-60.7192,-1.639538,-67.2337,90.60839,0.009195139,47.98756,-1.995632,-0.01144143,2.221445,-0.1106211
2445,0.016693,1,100,0,86.96165,0,100,87.72543,0,0,135,-0.9028544,0.01512074,0.4296806,0.004654309,0.9996667,-0.02539918,-0.4299214,-0.0209319,-0.9026239,-43.98458,-49.84468,-184.3619,-58.40305,-1.718527,-69.49084,90.79012,0.08610206,47.84657,-1.906769,-0.007368649,2.214954,-0.1043809
2446,0.01664,1,100,0,95.28165,0,100,87.86879,0,0,135,-0.9180842,0.01603387,0.396061,0.006163357,0.9996383,-0.02618181,-0.3963376,-0.02159604,-0.9178509,-44.94313,-49.87368,-185.5303,-55.98817,-1.790878,-71.66396,90.95936,0.1638372,47.95296,-1.809971,-0.003194052,2.219921,-0.09756964
2447,0.01667,1,100,0,103.6166,0,100,88.00572,0,0,135,-0.9321389,0.01680557,0.3617111,0.007621971,0.999612,-0.02680127,-0.3620212,-0.02222556,-0.9319053,-45.86257,-49.90389,-186.7367,-53.46847,-1.856422,-73.75774,91.1182,0.2420733,48.28656,-1.70586,0.001062408,2.235409,-0.09022683
2448,0.016681,1,100,0,88.18672,0,100,88.13321,0,0,135,-0.944964,0.01742897,0.3267103,0.009012738,0.9995881,-0.02725681,-0.3270507,-0.02281215,-0.9447318,-46.74002,-49.93518,-187.9783,-50.84991,-1.914604,-75.7643,91.26669,0.3200825,48.16242,-1.595603,0.005565679,2.229703,-0.08270589
2449,0.016744,1,100,0,96.55872,0,100,88.25111,0,0,135,-0.9565086,0.01790677,0.2911544,0.01032638,0.9995671,-0.02755155,-0.2915217,-0.02334672,-0.9562794,-47.57637,-49.96752,-189.2578,-48.12774,-1.965269,-77.68472,91.40601,0.3965907,48.28576,-1.479887,0.01002124,2.235456,-0.07477924
2450,0.016597,1,100,0,104.8572,0,100,88.36446,0,0,135,-0.9666728,0.01822861,0.2553653,0.01153486,0.9995501,-0.02768571,-0.2557551,-0.02381741,-0.9664482,-48.35984,-50.00033,-190.5572,-45.34465,-2.000264,-79.49178,91.53732,0.4824954,48.63104,-1.369218,0.01513951,2.25148,-0.06713482
2451,0.01666,1,100,0,89.44672,0,100,88.46946,0,0,135,-0.9755642,0.01840522,0.2189429,0.01264911,0.9995374,-0.02766331,-0.2193508,-0.0242179,-0.9753457,-49.09941,-50.03379,-191.8912,-42.46735,-2.026108,-81.20348,91.66016,0.5628253,48.51928,-1.25519,0.02017291,2.246337,-0.05952757
2452,0.01695,1,100,0,97.92172,0,100,88.56578,0,0,135,-0.9832004,0.01844151,0.1815958,0.01367027,0.9995288,-0.02749073,-0.1820172,-0.02454644,-0.9829893,-49.80232,-50.06823,-193.2769,-39.45811,-2.043386,-82.83575,91.77625,0.6372273,48.65789,-1.137155,0.02486596,2.25279,-0.05161774
2453,0.016448,1,100,0,106.1457,0,100,88.65887,0,0,135,-0.9892696,0.01833323,0.144947,0.01453899,0.9995245,-0.02719291,-0.1453766,-0.02479373,-0.9890658,-50.43501,-50.10189,-194.6476,-36.46569,-2.051763,-84.31088,91.88189,0.7019586,49.00959,-1.021447,0.02899493,2.269113,-0.0438324
2454,0.016651,1,100,0,90.74355,0,100,88.74113,0,0,135,-0.9940416,0.01808349,0.1074919,0.01528781,0.9995246,-0.0267758,-0.107925,-0.02497294,-0.9938455,-51.02508,-50.13606,-196.0593,-33.36699,-2.052642,-85.69054,91.98064,0.7602407,48.90663,-0.9041762,0.03298273,2.264377,-0.03620564
2455,0.016846,1,100,0,99.16654,0,100,88.81555,0,0,135,-0.9974277,0.01769735,0.06946111,0.01590654,0.9995289,-0.0262505,-0.06989296,-0.02507809,-0.9972393,-51.56928,-50.17061,-197.5102,-30.16549,-2.046465,-86.96678,92.07262,0.810662,49.05047,-0.7862154,0.03650655,2.271072,-0.02848962
2456,0.016562,1,100,0,107.4475,0,100,88.88637,0,0,135,-0.9993462,0.01718458,0.03180932,0.0163714,0.9995369,-0.0256505,-0.03223538,-0.02511296,-0.9991647,-52.05125,-50.20444,-198.9569,-26.95954,-2.034095,-88.10133,92.15638,0.8519052,49.41118,-0.6716831,0.03948855,2.287809,-0.02095757
2457,0.016612,1,100,0,92.08144,0,100,88.94787,0,0,135,-0.9998441,0.01654595,-0.006159543,0.01669497,0.9995484,-0.02498375,0.005743381,-0.02508269,-0.9996688,-52.48107,-50.23812,-200.4262,-23.69079,-2.013835,-89.11602,92.23326,0.8816401,49.31479,-0.5658333,0.04198557,2.283372,-0.01424344
2458,0.016676,1,100,0,100.4194,0,100,89.00095,0,0,132.8406,-0.9988956,0.01579648,-0.04425161,0.01688209,0.9995631,-0.02426741,0.04384894,-0.02498767,-0.9987258,-52.8548,-50.25997,-201.3246,-19.21758,-0.1510747,-4.831461,92.30306,-10.35781,26.43698,0.3285021,-0.6714585,1.227406,0.03274455
2459,0.01674,1,100,0,84.93494,0,100,3.98641,0,0,132.9076,-0.9977932,0.01452939,-0.06479118,0.01681426,0.9992509,-0.0348604,0.06423615,-0.03587289,-0.9972901,-53.16153,-50.26233,-201.4083,-16.53055,-0.1206748,-5.328571,17.36857,-8.513078,26.65167,0.3861309,-0.5525624,1.237036,0.04167441
2460,0.017083,1,100,0,93.47644,0,100,4.256601,0,0,132.8329,-0.9962179,0.0128774,-0.08593146,0.01667719,0.9989079,-0.04364858,0.08527553,-0.04491659,-0.9953446,-53.43012,-50.26364,-201.4726,-13.81842,0.1501218,2.338872,15.28459,-7.772426,25.92496,0.5906252,-0.5041439,1.203492,0.05847062
2461,0.016323,1,100,0,101.6379,0,100,3.5131,0,0,132.8981,-0.9943501,0.01089082,-0.1055897,0.01638284,0.9985496,-0.0512858,0.104878,-0.0527259,-0.9930863,-53.64548,-50.26105,-201.4371,-11.94254,0.1755851,1.849425,12.08617,-5.92194,26.63476,0.6227942,-0.3847483,1.236199,0.06479956
2462,0.017177,1,100,0,85.74921,0,91.4115,3.098407,0,0,132.9669,-0.9919121,0.008537997,-0.1266397,0.01590994,0.9982294,-0.05731524,0.1259261,-0.05886651,-0.9902916,-53.84056,-50.25791,-201.4083,-10.18388,0.1980749,1.34643,10.27441,-4.113081,26.8527,0.6435943,-0.267721,1.246171,0.06927451
2463,0.016584,1,100,0,94.04121,0,83.1195,2.627435,0,0,133.0332,-0.9891018,0.006091436,-0.1471075,0.01526508,0.9980019,-0.06131194,0.1464401,-0.06288935,-0.9872184,-54.00119,-50.25454,-201.3886,-8.687037,0.2128686,0.8684728,8.732936,-2.533109,27.26684,0.6517069,-0.1653225,1.265296,0.07218396
2464,0.016254,1,100,0,102.1682,0,74.9925,2.14289,0,0,133.0982,-0.985875,0.00357313,-0.1674458,0.01443147,0.9978666,-0.06367505,0.166861,-0.06519213,-0.9838232,-54.13536,-50.25105,-201.377,-7.38838,0.2198572,0.4068913,7.402841,-1.157248,27.85261,0.6475227,-0.07594641,1.292411,0.073715
2465,0.016708,1,100,0,86.71331,0,66.6385,1.647475,0,0,133.1352,-0.9820543,0.0009202156,-0.1885968,0.0133614,0.9978151,-0.06470641,0.1881251,-0.06606513,-0.9799209,-54.25216,-50.24713,-201.3602,-6.21586,0.2552818,1.642557,6.206779,-0.1812288,27.76926,0.6859482,-0.01206996,1.288581,0.07651104
2466,0.017047,1,100,0,95.23681,0,58.11501,2.795801,0,0,133.2034,-0.9776812,-0.001830564,-0.2100867,0.01204962,0.9978276,-0.06476977,0.2097489,-0.06585564,-0.9755352,-54.35228,-50.24283,-201.3351,-5.185679,0.2468038,1.122951,5.31161,0.9239053,28.14429,0.6528196,0.0601399,1.305945,0.07472397
2467,0.016345,1,100,0,103.4093,0,49.9425,2.199423,0,0,133.2549,-0.9729633,-0.004433155,-0.2309174,0.01059034,0.9979079,-0.06377991,0.2307171,-0.064501,-0.9708809,-54.43229,-50.23881,-201.3161,-4.40864,0.2305947,1.419914,4.367621,1.664585,28.57128,0.6325001,0.1089515,1.325727,0.07323333
2468,0.016635,1,100,0,88.02193,0,41.625,2.41059,0,0,133.3214,-0.9676448,-0.007018518,-0.2522188,0.008936636,0.9980325,-0.06205801,0.2521582,-0.06230409,-0.9656782,-54.50134,-50.23507,-201.2953,-3.632255,0.2139971,0.9029299,3.748914,2.393309,28.65861,0.5758377,0.156986,1.32973,0.06858321
2469,0.016731,1,100,0,96.38744,0,33.25951,1.801175,0,0,133.3732,-0.9617828,-0.009482695,-0.2736495,0.007123088,0.9981955,-0.05962536,0.2737211,-0.05929587,-0.9599797,-54.55821,-50.23147,-201.2766,-3.082994,0.1800205,1.243758,2.969532,2.805474,28.83565,0.5343457,0.1846885,1.337872,0.06457999
2470,0.016683,1,100,0,104.7289,0,24.91801,2.048537,0,0,133.4399,-0.9554007,-0.01180623,-0.2950766,0.005213274,0.9983706,-0.05682508,0.2952667,-0.05582903,-0.9537824,-54.60627,-50.22857,-201.2588,-2.4749,0.1629482,0.7152116,2.58132,3.221782,29.36064,0.4566408,0.2126738,1.362121,0.05834645
2471,0.016622,1,100,0,89.35358,0,16.60701,1.422009,0,0,133.4925,-0.9484714,-0.01394134,-0.316556,0.00322958,0.9985545,-0.05365354,0.3168464,-0.05191119,-0.9470554,-54.64437,-50.22585,-201.2446,-2.115765,0.1227487,0.9712716,1.945053,3.349205,29.27569,0.3935668,0.2219326,1.358056,0.05218628
2472,0.016742,1,100,0,73.86723,0,8.236006,1.596593,0,0,133.5595,-0.9410585,-0.01588218,-0.3378707,0.00122553,0.9987303,-0.05036042,0.3382415,-0.04780617,-0.9398442,-54.67707,-50.22387,-201.2313,-1.624279,0.1110658,0.4375459,1.685843,3.501151,28.89052,0.2999354,0.232573,1.340074,0.04372705
2473,0.016625,1,100,0,58.48911,0,0,0.9659333,0,0,133.613,-0.9333627,-0.01755299,-0.3585053,-0.0007478902,0.9988965,-0.04696043,0.358934,-0.04356299,-0.9323458,-54.70158,-50.222,-201.2226,-1.378101,0.07436311,0.6345923,1.182883,3.404702,27.98849,0.2231211,0.2269662,1.2981,0.03593389
2474,0.016675,1,100,0,50.15161,0,0,1.089546,0,0,133.6797,-0.9254668,-0.01897454,-0.3783532,-0.002634057,0.9990431,-0.04365934,0.3788196,-0.03940867,-0.9246313,-54.72231,-50.22078,-201.215,-0.972099,0.07059196,0.1027859,0.9800636,3.353349,27.04507,0.1204608,0.2240639,1.254225,0.02663263
2475,0.016743,1,100,0,41.78011,0,0,0.4660711,0,0,133.7332,-0.9174212,-0.02012849,-0.397408,-0.004422394,0.9991738,-0.04039843,0.3978928,-0.03530488,-0.9167522,-54.73644,-50.21952,-201.2115,-0.7923752,0.04393026,0.3289106,0.7216731,3.088866,25.83687,0.04052877,0.2072335,1.198044,0.0187861
2476,0.016628,1,100,0,33.46611,0,0,0.6183609,0,0,133.7997,-0.9094439,-0.02103332,-0.4152946,-0.006025488,0.9992818,-0.03741531,0.4157833,-0.03152477,-0.9089174,-54.74771,-50.21878,-201.2089,-0.4465748,0.04730922,-0.1994969,0.4913921,2.90251,24.60871,-0.0652731,0.195246,1.140972,0.009585993
2477,0.017033,1,100,0,24.94962,0,0,0.005843535,0,0,133.8538,-0.9013515,-0.02169988,-0.4325443,-0.007489208,0.9993756,-0.03453037,0.4330235,-0.02788459,-0.9009512,-54.75337,-50.21785,-201.2099,-0.3018516,0.03188439,0.07886803,0.7112637,2.53146,23.12777,-0.1424366,0.1711837,1.072152,0.002320059
2478,0.016345,1,100,0,16.77711,0,0,0.2026542,0,0,133.9192,-0.8937896,-0.0221354,-0.4479404,-0.008667628,0.9994476,-0.03209386,0.4484034,-0.02480257,-0.8934877,-54.75669,-50.2173,-201.2114,-0.003114613,0.03831435,-0.4358012,0.4374933,2.276938,21.68389,-0.2447198,0.1544818,1.0051,-0.006135747
2479,0.016689,1,100,0,8.432614,0,0,0.3870361,0,0,133.9711,-0.8863343,-0.0223626,-0.462506,-0.009656732,0.9995089,-0.02982128,0.4629457,-0.02196533,-0.886115,-54.75519,-50.21651,-201.2157,0.09222057,0.03368834,-0.09067333,0.9575754,1.868093,20.03667,-0.3096632,0.1277098,0.9285972,-0.012031
2480,0.016751,1,100,0,0.05711365,0,0,0.1223001,0,0,134.0381,-0.8792378,-0.02242603,-0.4758551,-0.01039185,0.9995565,-0.02790592,0.4762699,-0.01959093,-0.8790809,-54.75242,-50.21593,-201.22,0.3139595,0.03707913,-0.5914401,0.6706316,1.589082,18.34595,-0.4086393,0.1091758,0.8501313,-0.01980749
2481,0.016646,1,100,0,-8.265886,0,0,0.6687267,0,0,134.0885,-0.8726372,-0.02230638,-0.4878594,-0.01089092,0.9995968,-0.02622388,0.4882476,-0.0175707,-0.8725283,-54.74581,-50.21513,-201.2261,0.4012319,0.04320984,-0.1703731,1.216844,1.181751,16.54374,-0.4566974,0.08231414,0.7664784,-0.02410719
2482,0.016663,1,100,0,-16.59739,0,0,0.3437967,0,0,134.1552,-0.8665741,-0.02207074,-0.49856,-0.01113691,0.9996279,-0.02489482,0.498924,-0.01602079,-0.8664975,-54.73806,-50.21437,-201.2319,0.5948646,0.05100736,-0.6877196,0.9107271,0.92686,14.68767,-0.5464585,0.0651795,0.6803876,-0.03084427
2483,0.016687,1,100,0,-24.94089,0,0,0.8918824,0,0,134.2038,-0.8611143,-0.02168659,-0.5079487,-0.01116283,0.9996554,-0.02375564,0.5082889,-0.01478618,-0.8610596,-54.72684,-50.21333,-201.2384,0.6893017,0.06377539,-0.1606688,1.445945,0.5500193,12.75298,-0.5730501,0.04017911,0.5906337,-0.03337824
2484,0.01671,1,100,0,-33.29589,0,0,0.4877668,0,0,134.2706,-0.8563309,-0.02123009,-0.515991,-0.0109598,0.9996767,-0.02294227,0.5163112,-0.01399101,-0.8562867,-54.71439,-50.21224,-201.244,0.8582999,0.06830416,-0.699114,1.109101,0.3456396,10.74095,-0.6526011,0.0262161,0.497358,-0.0391579
2485,0.016616,1,100,0,-41.60389,0,0,1.040836,0,0,134.3172,-0.8523197,-0.02065603,-0.5226133,-0.01056926,0.9996961,-0.0222753,0.5229146,-0.01346204,-0.8522791,-54.69896,-50.21091,-201.2498,0.9578762,0.0842769,-0.08002532,1.614323,0.02369851,8.711052,-0.6565138,0.004725138,0.403235,-0.03999465
2486,0.016704,1,100,0,-49.95589,15.0336,0,0.5679569,0,0,134.384,-0.8490772,-0.02004342,-0.5278884,-0.009991117,0.9997106,-0.02188793,0.5281743,-0.01331035,-0.8490317,-54.68216,-50.20951,-201.2542,1.10187,0.0838044,-0.6398482,1.276928,-0.1139075,6.569974,-0.7247524,-0.004953383,0.3040209,-0.04489896
2487,0.016717,1,100,0,-58.31438,30.0789,0,1.124115,0,0,134.4292,-0.846692,-0.0193284,-0.5317322,-0.009266158,0.9997241,-0.02158509,0.5320027,-0.01334881,-0.8466375,-54.66267,-50.20793,-201.2581,1.212574,0.1007578,0.05941975,1.744873,-0.3733603,4.433599,-0.7065731,-0.02240218,0.2050065,-0.04423567
2488,0.016788,1,100,0,-66.70838,45.1881,0,0.5934409,0,0,134.4964,-0.8451769,-0.01860131,-0.5341631,-0.008402865,0.9997333,-0.0215186,0.5344208,-0.01369853,-0.8451079,-54.64163,-50.20627,-201.2604,1.334603,0.09473341,-0.5245205,1.437102,-0.43963,2.167084,-0.7636225,-0.02745765,0.1000168,-0.04841716
2489,0.016561,1,100,0,-74.98888,60.093,0,1.155219,0,0,134.5397,-0.84461,-0.01779414,-0.5350864,-0.007454677,0.9997416,-0.02147923,0.5353303,-0.01415268,-0.8445244,-54.61859,-50.20454,-201.2617,1.453575,0.1106537,0.2336947,1.844647,-0.6325637,-0.02667222,-0.724717,-0.0405506,-0.001618035,-0.04645755
2490,0.016663,1,100,0,-83.32038,75.0897,0,0.579216,0,0,134.6063,-0.8449525,-0.0169924,-0.5345715,-0.006421655,0.9997456,-0.0216287,0.534803,-0.01484239,-0.8448467,-54.59382,-50.20275,-201.2612,1.553318,0.09942902,-0.3658235,1.598909,-0.6303907,-2.370543,-0.7672973,-0.04112005,-0.1101623,-0.04980624
2491,0.016925,1,100,0,-91.78288,90.3222,0,1.138308,0,0,134.6499,-0.8462917,-0.01609416,-0.5324764,-0.005324408,0.9997491,-0.02175517,0.5326929,-0.0155761,-0.8461651,-54.56667,-50.20093,-201.2596,1.68677,0.1131223,0.4250674,1.945763,-0.7646462,-4.690869,-0.7079387,-0.05035306,-0.2176272,-0.0466749
2492,0.016449,1,100,0,-100.0074,100,0,0.537091,0,0,134.7157,-0.8485184,-0.01524356,-0.5289463,-0.004229706,0.9997485,-0.02202631,0.5291491,-0.01645244,-0.8483694,-54.53851,-50.19915,-201.256,1.76132,0.09735713,-0.185396,1.773724,-0.7047439,-7.081765,-0.73965,-0.04709139,-0.328331,-0.04948083
2493,0.016722,1,100,0,-84.53954,100,0,1.087683,0,0,134.759,-0.8516582,-0.01430204,-0.5239028,-0.003112141,0.9997481,-0.02223305,0.5240888,-0.0173045,-0.8514882,-54.5084,-50.19742,-201.252,1.88969,0.106921,0.5627002,2.030355,-0.7830051,-8.76897,-0.6699532,-0.05241947,-0.4064554,-0.04563987
2494,0.016857,1,100,0,-92.96803,100,0,0.5093827,0,0,134.8265,-0.8554875,-0.0133886,-0.5176504,-0.002001818,0.9997438,-0.02254928,0.5178196,-0.01825438,-0.8552952,-54.4763,-50.19573,-201.2461,1.9329,0.08681775,-0.08342239,1.936646,-0.6774446,-10.67368,-0.6926515,-0.0459647,-0.4946361,-0.04786206
2495,0.016506,1,100,0,-101.221,100,0,1.070659,0,0,134.8687,-0.8599408,-0.01242567,-0.5102425,-0.0009425664,0.9997406,-0.0227576,0.5103928,-0.01908925,-0.8597295,-54.44391,-50.19421,-201.2405,2.056294,0.09333746,0.6639193,2.127956,-0.7219892,-12.49798,-0.6117742,-0.04904136,-0.5790935,-0.04345607
2496,0.016707,1,100,0,-85.76706,100,0,0.4769453,0,0,134.9355,-0.8650163,-0.01149375,-0.5016121,8.363649e-05,0.9997344,-0.02305175,0.5017439,-0.0199821,-0.8647856,-54.40949,-50.19278,-201.2331,2.06744,0.0706891,0.007602954,2.068662,-0.5877239,-13.86975,-0.6253213,-0.04050845,-0.6425921,-0.04501125
2497,0.016649,1,100,0,-94.09156,100,0,1.029338,0,0,134.9771,-0.8705232,-0.0105106,-0.4920152,0.001053995,0.9997298,-0.02322141,0.4921263,-0.02073336,-0.8702769,-54.37475,-50.19154,-201.2271,2.179866,0.07320932,0.6789671,2.205235,-0.6038774,-15.25111,-0.5405443,-0.04156043,-0.7065291,-0.04027234
2498,0.016669,1,100,0,-102.4261,91.6655,0,0.4803622,0,0,135,-0.8764561,-0.009573984,-0.4813867,0.001959676,0.9997232,-0.0234508,0.481478,-0.02149696,-0.8761948,-54.33852,-50.19045,-201.2195,2.159226,0.04913517,0.01189975,2.159818,-0.4551804,-16.85455,-0.545979,-0.03204791,-0.7807564,-0.04144197
2499,0.016677,1,100,0,-86.99983,83.327,0,1.028137,0,0,134.9774,-0.8827754,-0.008588472,-0.4697168,0.002802718,0.9997189,-0.02354659,0.4697871,-0.02210283,-0.8825032,-54.30239,-50.18958,-201.2135,2.256046,0.04946483,0.6507763,2.262158,-0.4615812,-17.7943,-0.4560045,-0.03230698,-0.8242386,-0.03622632
2500,0.016634,1,100,0,-95.31683,75.00999,0,0.4844559,0,0,135,-0.8892706,-0.007666359,-0.4573174,0.003566132,0.999713,-0.02369343,0.4573677,-0.02270072,-0.888988,-54.26516,-50.1889,-201.2065,2.200258,0.0252448,-0.02466752,2.200541,-0.3095596,-18.98146,-0.4574223,-0.02243211,-0.879193,-0.03698677
2501,0.016712,1,100,0,-103.6728,66.65399,0,1.027683,0,0,134.9781,-0.8960447,-0.006699809,-0.4439135,0.004268292,0.9997101,-0.02370382,0.4439436,-0.02313444,-0.8957564,-54.22845,-50.18844,-201.202,2.284453,0.02425425,0.5669184,2.283312,-0.3140761,-20.21968,-0.3678814,-0.02254342,-0.9364941,-0.03190396
2502,0.016955,1,100,0,-87.98946,58.17649,0,0.5057862,0,0,135,-0.903067,-0.005781098,-0.4294608,0.004900369,0.9997057,-0.02376179,0.4294718,-0.02356301,-0.9027729,-54.1902,-50.18816,-201.1963,2.196855,0.0005310203,-0.1254832,2.200436,-0.1649706,-21.01291,-0.3630851,-0.01273636,-0.9732099,-0.03208397
2503,0.016352,1,100,0,-96.16547,50.00049,0,1.056757,0,0,134.9791,-0.9098815,-0.004873537,-0.41484,0.00544565,0.9997048,-0.02368864,0.414833,-0.02381293,-0.9095864,-54.15448,-50.18812,-201.194,2.269796,-0.0005111098,0.4175626,2.284037,-0.1766591,-21.86072,-0.2743134,-0.01322032,-1.012432,-0.02684702
2504,0.016734,1,100,0,-104.5325,41.63349,0,0.5617894,0,0,135,-0.9168903,-0.004011337,-0.3991195,0.005927043,0.9997026,-0.02366357,0.3990957,-0.0240625,-0.9165938,-54.1171,-50.18825,-201.1908,2.159579,-0.02203251,-0.2637546,2.175738,-0.04233812,-22.96924,-0.2646274,-0.004353514,-1.06375,-0.0267985
2505,0.016888,1,100,0,-88.91107,33.18949,0,1.104165,0,0,134.9796,-0.9239669,-0.003124617,-0.38246,0.006353381,0.9997035,-0.02351619,0.3824201,-0.0241581,-0.9236731,-54.08099,-50.18859,-201.1914,2.223002,-0.0228516,0.2265453,2.285068,-0.06235707,-23.48648,-0.1759017,-0.005303551,-1.087664,-0.02137316
2506,0.016428,1,100,0,-97.12507,24.97549,0,0.6414188,0,0,135,-0.9307191,-0.002338591,-0.3657274,0.006694265,0.999703,-0.02342832,0.3656736,-0.02425346,-0.930427,-54.04515,-50.18908,-201.1913,2.095272,-0.0414566,-0.4361628,2.140589,0.05297957,-24.2346,-0.1627223,0.002387534,-1.122297,-0.0208917
2507,0.016773,1,100,0,-105.5116,16.58899,0,1.173009,0,0,134.981,-0.9375195,-0.00152957,-0.3479299,0.006991311,0.9997059,-0.02323345,0.3478631,-0.0242143,-0.9372331,-54.01047,-50.18974,-201.1956,2.155412,-0.04138114,-0.01814711,2.282437,0.02341244,-25.11808,-0.07803166,0.000816697,-1.16317,-0.01582735
2508,0.016605,1,100,0,-90.15194,8.286489,0,0.7677985,0,0,135,-0.9440967,-0.0008011931,-0.3296677,0.007217673,0.9997072,-0.02309944,0.3295896,-0.02418754,-0.9438145,-53.97547,-50.19051,-201.1995,2.010687,-0.05735492,-0.6784921,2.122853,0.1216734,-25.54184,-0.06228656,0.00743542,-1.182784,-0.01498902
2509,0.016721,1,100,0,-74.68501,0,0,1.30446,0,0,134.9814,-0.9504247,-8.086814e-05,-0.3109549,0.007399242,0.9997109,-0.02287556,0.3108669,-0.02404233,-0.9501493,-53.94239,-50.19143,-201.2078,2.061902,-0.05487275,-0.2727559,2.320348,0.074322,-25.46183,0.01871789,0.004727305,-1.179043,-0.009696832
2510,0.016625,1,100,0,-59.30689,0,0,0.9014552,0,0,135,-0.9562989,0.0005401876,-0.2923904,0.007513137,0.9997135,-0.02272568,0.2922944,-0.02392931,-0.9560289,-53.90894,-50.19241,-201.2159,1.909576,-0.06801223,-0.9209403,2.121141,0.1555196,-24.9945,0.0355641,0.01020963,-1.157395,-0.008367103
2511,0.016725,1,100,0,-43.83627,0,0,1.440232,0,0,134.9809,-0.9617152,0.001126674,-0.2740486,0.007583314,0.999718,-0.02250197,0.2739459,-0.02371868,-0.9614525,-53.87755,-50.19347,-201.2277,1.948115,-0.06191387,-0.4752494,2.379587,0.0864477,-24.12145,0.1117657,0.00602507,-1.116931,-0.003020741
2512,0.016677,1,100,0,-35.49776,0,0,0.9920764,0,0,135,-0.9665831,0.001602449,-0.256349,0.007590057,0.9997211,-0.02236958,0.2562416,-0.02356776,-0.9663256,-53.84591,-50.19456,-201.2391,1.793331,-0.07254656,-1.111927,2.111322,0.1551006,-23.09726,0.1282894,0.01060134,-1.069499,-0.001467407
2513,0.016675,1,100,0,-27.16026,0,0,1.535719,0,0,134.9801,-0.9709266,0.002028616,-0.2393691,0.007555861,0.9997256,-0.02217549,0.2392585,-0.02333941,-0.9706755,-53.81658,-50.19567,-201.2532,1.813103,-0.06251364,-0.6054999,2.415725,0.06681742,-21.95074,0.1979053,0.005075753,-1.016373,0.003564712
2514,0.016677,1,100,0,-18.82177,0,0,1.023003,0,0,135,-0.9747676,0.002347072,-0.2232099,0.007464809,0.9997282,-0.02208693,0.2230974,-0.02319584,-0.9745202,-53.78719,-50.19676,-201.2668,1.657822,-0.07112101,-1.229883,2.065441,0.1283135,-20.64048,0.2126239,0.009087832,-0.9556955,0.005105073
2515,0.016669,1,100,0,-10.48727,0,0,1.570051,0,0,134.9792,-0.9781219,0.002612404,-0.2080164,0.007336521,0.9997324,-0.02194206,0.2079034,-0.02298812,-0.9778794,-53.76014,-50.19782,-201.2819,1.6567,-0.05743361,-0.6574178,2.404264,0.02595378,-19.2674,0.274105,0.002559793,-0.8920823,0.009683754
2516,0.016835,1,100,0,-2.069766,0,0,0.9886291,0,0,135,-0.9810562,0.002776504,-0.1937041,0.007155865,0.9997345,-0.02191249,0.1935918,-0.0228835,-0.9808156,-53.7331,-50.19883,-201.2965,1.502388,-0.06471442,-1.276368,1.972428,0.08649775,-17.69722,0.2858793,0.006419766,-0.819371,0.01111388
2517,0.016501,1,100,0,6.180734,0,0,1.544212,0,0,134.9781,-0.98351,0.002884309,-0.1808318,0.006945174,0.9997379,-0.02182743,0.1807215,-0.02272341,-0.9832722,-53.70887,-50.19975,-201.3111,1.482357,-0.04781387,-0.6273205,2.334364,-0.02559495,-16.15557,0.3379047,-0.0008109593,-0.7479562,0.01512233
2518,0.016672,1,100,0,14.51673,0,0,0.885807,0,0,135,-0.9856123,0.002898476,-0.1689974,0.006688864,0.9997387,-0.0218637,0.1688899,-0.02267953,-0.9853742,-53.68496,-50.20058,-201.3249,1.335806,-0.05432396,-1.230244,1.816818,0.03763664,-14.39605,0.3454595,0.00315582,-0.6664806,0.01632955
2519,0.016758,1,100,0,22.89573,0,0,1.439086,0,0,134.977,-0.9873629,0.002860377,-0.1584495,0.006400838,0.999741,-0.02183859,0.158346,-0.02257682,-0.9871255,-53.66311,-50.20132,-201.3381,1.29472,-0.03505229,-0.5176547,2.202881,-0.07863237,-12.67108,0.3875315,-0.00439499,-0.586581,0.01974559
2520,0.016566,1,100,0,31.17873,0,0,0.7167953,0,0,135,-0.9887839,0.002736768,-0.1493288,0.006080133,0.999741,-0.02193736,0.14923,-0.02259924,-0.9885445,-53.64241,-50.20194,-201.35,1.159334,-0.04146449,-1.108279,1.604387,-0.008964982,-10.74849,0.3901394,-5.058261e-05,-0.4975573,0.02068119
2521,0.016682,1,100,0,39.51973,0,15.0138,1.269528,0,0,134.9763,-0.9899175,0.00256295,-0.1416236,0.005731251,0.9997425,-0.02196791,0.1415309,-0.0225581,-0.9896773,-53.62353,-50.20244,-201.3603,1.106413,-0.02081154,-0.3414061,2.003163,-0.1246668,-8.898956,0.4213659,-0.007585063,-0.4118956,0.02343312
2522,0.016686,1,100,0,47.86273,0,30.0312,0.4949429,0,0,134.99,-0.9907961,0.002311794,-0.1353431,0.005354293,0.999741,-0.0221202,0.1352569,-0.02264127,-0.9905518,-53.60569,-50.20282,-201.3691,1.016754,-0.01447487,-0.3585907,1.360766,-0.1191141,-6.875212,0.4314817,-0.00735218,-0.3181815,0.02488396
2523,0.01672,1,100,0,56.22273,0,45.0792,0.4930534,0,0,134.9871,-0.9914312,0.002001258,-0.1306151,0.004951874,0.9997398,-0.02226928,0.1305366,-0.02272525,-0.9911831,-53.58922,-50.20306,-201.3759,0.9279522,-0.005678121,-0.209449,1.317536,-0.1334899,-4.812604,0.4394219,-0.008385238,-0.2226679,0.02621699
2524,0.016657,1,100,0,64.55123,0,60.0705,0.3288631,0,0,134.9876,-0.9918383,0.001634483,-0.1274925,0.004531257,0.9997382,-0.02243441,0.1274225,-0.02282901,-0.991586,-53.57423,-50.20316,-201.3806,0.8348498,0.002079152,-0.08116418,1.154878,-0.1404414,-2.703262,0.4416986,-0.008923707,-0.1249926,0.02721122
2525,0.016691,1,100,0,72.89673,0,75.0924,0.1868124,0,0,134.9873,-0.9920303,0.001213894,-0.1259944,0.004094729,0.9997361,-0.02260831,0.1259337,-0.02294404,-0.9917734,-53.5607,-50.20313,-201.383,0.738826,0.009314424,0.06070012,1.009286,-0.1455049,-0.5433487,0.4391091,-0.009315279,-0.02497765,0.02792193
2526,0.016748,1,100,0,81.27073,0,90.1656,0.03262863,0,0,134.9872,-0.9920087,0.0007421044,-0.1261673,0.003646265,0.9997336,-0.02278894,0.1261168,-0.02306686,-0.9917471,-53.54866,-50.20298,-201.383,0.6406653,0.01577367,0.2063907,0.8572858,-0.1478425,1.667681,0.4316241,-0.009498983,0.0774025,0.02834889
2527,0.016826,1,100,0,89.68373,0,100,0.1242526,0,0,134.9869,-0.9917657,0.0002215207,-0.1280654,0.00318982,0.9997309,-0.02297336,0.1280259,-0.02319269,-0.9914995,-53.53814,-50.20274,-201.3806,0.5411177,0.02140685,0.3556382,0.7105689,-0.1487742,3.932833,0.4194817,-0.009552278,0.182287,0.02850953
2528,0.016551,1,100,0,97.95923,0,100,0.2838345,0,0,134.987,-0.9912958,-0.0003330635,-0.1316538,0.00273953,0.9997282,-0.02315662,0.1316258,-0.02331573,-0.9910254,-53.52935,-50.20241,-201.3759,0.4419512,0.0260867,0.4975582,0.5646955,-0.1480338,6.197522,0.4029348,-0.009452663,0.2871488,0.02839755
2529,0.016615,1,100,0,106.2667,0,100,0.4355289,0,0,134.9868,-0.9905715,-0.0009286602,-0.1369938,0.002290574,0.999725,-0.02333961,0.1369778,-0.02343335,-0.990297,-53.52206,-50.202,-201.3688,0.3446169,0.03001282,0.6382822,0.4434443,-0.1464987,8.50927,0.3821569,-0.00925043,0.3941879,0.02804309
2530,0.016917,1,100,0,90.61851,0,100,0.5855873,0,0,134.9874,-0.989567,-0.001566177,-0.1440651,0.001842307,0.9997217,-0.0235229,0.1440618,-0.0235429,-0.9892888,-53.51619,-50.20153,-201.3596,0.255082,0.03219851,0.726066,0.3519703,-0.1372234,10.22859,0.3567609,-0.008511454,0.4737931,0.02715251
2531,0.016446,1,100,0,98.84151,0,100,0.6822994,0,0,134.9877,-0.988342,-0.002202578,-0.1522349,0.001421214,0.9997184,-0.02369104,0.1522442,-0.02363121,-0.9880605,-53.51186,-50.20105,-201.3491,0.1711479,0.03371571,0.8096262,0.3029791,-0.1287772,11.98177,0.3284582,-0.007785484,0.5549647,0.02609206
2532,0.016741,1,100,0,107.212,0,100,0.7747001,0,0,134.9874,-0.9868008,-0.002865549,-0.1619132,0.001010319,0.999715,-0.02385052,0.1619354,-0.0236993,-0.9865167,-53.50876,-50.20053,-201.3372,0.09186687,0.03462413,0.8935952,0.2841201,-0.1212719,13.85331,0.2968532,-0.007067572,0.6416168,0.02487044
2533,0.016753,1,100,0,91.71548,0,100,0.8674907,0,0,134.9884,-0.9849396,-0.00353775,-0.1728625,0.0006211742,0.9997119,-0.02399913,0.1728976,-0.02374507,-0.9846537,-53.50689,-50.2,-201.3241,0.02048075,0.03394349,0.9209468,0.3091572,-0.1079144,15.14009,0.2617089,-0.005964556,0.7011895,0.02317311
2534,0.016612,1,100,0,100.0215,0,100,0.9040786,0,0,134.9884,-0.982786,-0.004200302,-0.1847,0.0002620178,0.9997088,-0.02412878,0.1847475,-0.02376183,-0.9824988,-53.50613,-50.19949,-201.3107,-0.04517476,0.03289818,0.9524854,0.3178216,-0.09807657,16.5386,0.2247427,-0.00505081,0.7659351,0.02139988
2535,0.016678,1,100,0,84.59434,0,100,0.9449433,0,0,134.9891,-0.9802951,-0.004856341,-0.1974796,-6.870134e-05,0.9997063,-0.02424335,0.1975393,-0.02375207,-0.9800075,-53.50637,-50.199,-201.2969,-0.1009243,0.03058636,0.9382551,0.3364543,-0.08503812,17.40029,0.1852465,-0.003947365,0.8058222,0.01922988
2536,0.016658,1,100,0,92.92334,0,100,0.94016,0,0,134.989,-0.9774922,-0.00549171,-0.2109006,-0.0003654407,0.9997038,-0.02433785,0.2109718,-0.02371299,-0.9772047,-53.50747,-50.19854,-201.2833,-0.149064,0.02810075,0.9309651,0.3223826,-0.07655938,18.42134,0.144782,-0.003107209,0.8530879,0.01705529
2537,0.016661,1,100,0,101.2538,0,100,0.9418582,0,0,134.9891,-0.974319,-0.006109687,-0.2250894,-0.0006282232,0.9997017,-0.02441597,0.2251714,-0.02364754,-0.9740323,-53.50928,-50.19814,-201.27,-0.1920998,0.02530733,0.9161952,0.318812,-0.07073918,19.59076,0.1030201,-0.002404232,0.9072236,0.01484944
2538,0.016756,1,100,0,85.75454,0,100,0.9362575,0,0,134.9897,-0.970735,-0.006709598,-0.2400599,-0.0008561327,0.9997001,-0.02447934,0.2401521,-0.02355743,-0.9704496,-53.51176,-50.19777,-201.257,-0.2253669,0.02169121,0.8637861,0.3076576,-0.06368367,20.2379,0.05968142,-0.001665366,0.9371732,0.01231167
2539,0.016608,1,100,0,94.05854,0,100,0.8928942,0,0,134.9898,-0.9668172,-0.007273493,-0.2553658,-0.001043105,0.9996988,-0.02452487,0.2554672,-0.02344469,-0.9665335,-53.51469,-50.19747,-201.245,-0.2524672,0.01818017,0.8157244,0.2708903,-0.06116361,21.05629,0.01645718,-0.00119461,0.9750533,0.009842257
2540,0.016755,1,100,0,102.436,0,100,0.8533483,0,0,134.9898,-0.9624356,-0.007815056,-0.2713977,-0.001193013,0.9996977,-0.0245562,0.2715075,-0.02330998,-0.962154,-53.51802,-50.19722,-201.2337,-0.2731279,0.01462667,0.7617262,0.2289158,-0.06161059,22.04982,-0.02727179,-0.0008819338,1.021042,0.007401307
2541,0.01695,1,100,0,86.75729,0,100,0.8073951,0,0,134.9903,-0.9575469,-0.008332638,-0.2881571,-0.001304101,0.9996973,-0.02457471,0.2882746,-0.02315565,-0.9572679,-53.52165,-50.19704,-201.2234,-0.2826801,0.01061662,0.6766957,0.1813756,-0.06167315,22.52886,-0.0717172,-0.0006115832,1.043208,0.004689559
2542,0.016416,1,100,0,94.96529,0,100,0.7295144,0,0,134.9907,-0.9524101,-0.008796988,-0.3046924,-0.001370457,0.9996969,-0.02457917,0.3048162,-0.02299188,-0.9521334,-53.52528,-50.19692,-201.2148,-0.2905769,0.006918828,0.5920613,0.1354867,-0.06497799,23.17687,-0.1149207,-0.0005355573,1.073196,0.002120091
2543,0.016627,1,100,0,103.2788,0,100,0.652453,0,0,134.9906,-0.9467403,-0.009235675,-0.3218654,-0.001398812,0.999697,-0.02457103,0.3219948,-0.02281216,-0.9464664,-53.529,-50.19686,-201.2074,-0.2892839,0.003633934,0.5047474,0.08871221,-0.07004077,24.01212,-0.154454,-0.0005416278,1.111857,-0.0001486782
2544,0.016935,1,100,0,87.61392,0,100,0.5709572,0,0,134.9909,-0.9404692,-0.009651358,-0.3397419,-0.001390108,0.9996976,-0.02455124,0.3398761,-0.02261741,-0.9401982,-53.53266,-50.19685,-201.2016,-0.2742704,0.0002426999,0.3948251,0.1077511,-0.07496878,24.35044,-0.1938531,-0.0006215497,1.127506,-0.002620907
2545,0.016499,1,100,0,95.86342,0,91.7505,0.4644373,0,0,134.9913,-0.9339256,-0.0100199,-0.3573272,-0.001343839,0.9996985,-0.02452049,0.3574651,-0.02242012,-0.9336575,-53.53594,-50.1969,-201.1976,-0.2566741,-0.002780525,0.2821558,0.1750602,-0.08144841,24.87718,-0.2319117,-0.0007830073,1.151881,-0.004935469
2546,0.016686,1,100,0,104.2064,0,83.4075,0.3551266,0,0,134.9914,-0.9268018,-0.01036108,-0.375408,-0.001261251,0.9996997,-0.02447746,0.3755488,-0.02221227,-0.9265365,-53.53886,-50.19699,-201.1954,-0.2286424,-0.005488439,0.1642019,0.2779321,-0.08921136,25.59938,-0.2691654,-0.000996166,1.185307,-0.007129644
2547,0.016672,1,100,0,88.78482,0,75.0715,0.2378835,0,0,134.9918,-0.9191652,-0.01067022,-0.3937279,-0.001143433,0.9997011,-0.02442304,0.3938708,-0.02199861,-0.9189027,-53.54123,-50.19713,-201.1953,-0.1881366,-0.007920128,0.03394452,0.3837017,-0.09658302,25.82921,-0.3053678,-0.001283981,1.195934,-0.00945734
2548,0.016715,1,100,0,97.14232,0,66.714,0.105119,0,0,134.9921,-0.9110493,-0.01094313,-0.4121524,-0.0009896941,0.999703,-0.0243556,0.4122966,-0.02178125,-0.9107896,-53.54282,-50.1973,-201.1973,-0.135783,-0.00985911,-0.1022183,0.5005734,-0.1030111,26.27441,-0.340796,-0.001483638,1.216534,-0.01165536
2549,0.016591,1,100,0,105.4378,0,58.4185,0.03733122,0,0,134.9928,-0.9024604,-0.01118278,-0.430628,-0.0008048201,0.9997052,-0.02427424,0.4307725,-0.02155996,-0.9022033,-53.54352,-50.1975,-201.2014,-0.08780666,-0.01194897,-0.251491,0.6094528,-0.1063763,26.90791,-0.3765584,-0.001460961,1.245854,-0.01380789
2550,0.016697,1,100,0,89.9931,0,50.07,0.189329,0,0,134.9928,-0.8932739,-0.01139089,-0.4493685,-0.0005875509,0.9997078,-0.02417329,0.4495125,-0.02132934,-0.8930196,-53.54342,-50.19773,-201.208,-0.0412508,-0.0145007,-0.3927426,0.7536097,-0.1116268,27.06337,-0.4097609,-0.00166615,1.253038,-0.01598741
2551,0.016676,1,100,0,98.33109,0,41.732,0.3324934,0,0,134.993,-0.8836279,-0.01156263,-0.4680469,-0.0003398843,0.9997104,-0.02405518,0.4681895,-0.02109675,-0.8833759,-53.5425,-50.19802,-201.2169,0.008449927,-0.01745376,-0.5443995,0.8964717,-0.1168107,27.4402,-0.4411122,-0.001837973,1.270473,-0.01796736
2552,0.016772,1,100,0,106.7171,0,33.346,0.4852338,0,0,134.9932,-0.873364,-0.01170575,-0.4869274,-6.388687e-05,0.999714,-0.02391856,0.4870681,-0.0208585,-0.873115,-53.54066,-50.19835,-201.2283,0.06632426,-0.02065913,-0.7084166,1.055954,-0.1218896,28.02402,-0.4707716,-0.001971829,1.297493,-0.01976795
2553,0.016656,1,100,0,91.3103,0,25.018,0.6512645,0,0,134.9931,-0.8626073,-0.01181953,-0.505736,0.0002349019,0.9997175,-0.02376501,0.505874,-0.02061867,-0.8623608,-53.53779,-50.19873,-201.2423,0.1348198,-0.02358023,-0.8603504,1.222818,-0.1291183,28.12551,-0.4967164,-0.002356943,1.30218,-0.02151325
2554,0.016657,1,100,0,75.90257,0,16.6895,0.8106204,0,0,134.993,-0.8514633,-0.01189853,-0.5242792,0.0005587507,0.9997215,-0.02359616,0.524414,-0.0203842,-0.8512195,-53.5337,-50.19915,-201.2588,0.2192278,-0.0260526,-0.9947485,1.386226,-0.1379484,27.79183,-0.5180035,-0.002953974,1.286718,-0.02311611
2555,0.016853,1,100,0,60.31355,0,8.263003,0.9622465,0,0,134.9928,-0.8399829,-0.01193916,-0.5424816,0.0009107497,0.9997255,-0.02341258,0.5426122,-0.02016023,-0.8397414,-53.52803,-50.19962,-201.2775,0.324407,-0.0279207,-1.10483,1.545886,-0.1479824,27.04926,-0.5334648,-0.003734802,1.252322,-0.02448437
2556,0.016545,1,100,0,52.04105,0,0,1.104362,0,0,134.9928,-0.828675,-0.0119406,-0.5596029,0.001277716,0.9997295,-0.02322394,0.5597288,-0.01996011,-0.8284355,-53.52072,-50.2001,-201.2976,0.4367483,-0.02933437,-1.196726,1.676889,-0.1574563,26.15578,-0.543864,-0.004531228,1.210941,-0.02556472
2557,0.01671,1,100,0,43.68605,0,0,1.236456,0,0,134.9924,-0.8173237,-0.01190624,-0.5760557,0.001665814,0.9997334,-0.02302654,0.5761763,-0.01977974,-0.8170859,-53.51139,-50.20061,-201.3193,0.5645625,-0.03017356,-1.264639,1.812526,-0.166531,25.10432,-0.5479749,-0.005351742,1.162247,-0.0262824
2558,0.016944,1,100,0,35.21405,0,0,1.359203,0,0,134.9921,-0.8059943,-0.01183946,-0.5918048,0.002072109,0.9997373,-0.02282249,0.5919195,-0.01962108,-0.8057581,-53.49973,-50.20115,-201.3423,0.7068698,-0.03048584,-1.30989,1.939767,-0.1744212,23.89832,-0.5454885,-0.006141535,1.1064,-0.02661518
2559,0.01645,1,100,0,26.98905,0,0,1.474463,0,0,134.992,-0.7952768,-0.01174891,-0.6061326,0.002474055,0.999741,-0.02262447,0.6062415,-0.01949232,-0.7950417,-53.48613,-50.20167,-201.3653,0.8450007,-0.0303704,-1.333913,2.035136,-0.1809605,22.60673,-0.5376791,-0.00686938,1.046592,-0.02661761
2560,0.01668,1,100,0,18.64905,0,0,1.573383,0,0,134.9915,-0.7847909,-0.01163551,-0.6196515,0.002884197,0.9997444,-0.02242556,0.6197541,-0.01938657,-0.7845567,-53.47001,-50.20219,-201.3887,0.9943718,-0.02967005,-1.329725,2.139459,-0.1861902,21.18555,-0.5226487,-0.007544685,0.9807867,-0.02618725
2561,0.016665,1,100,0,10.31655,0,0,1.660086,0,0,134.9911,-0.7747971,-0.01150668,-0.6321053,0.003290883,0.9997474,-0.02223291,0.6322014,-0.01930618,-0.7745635,-53.45145,-50.2027,-201.412,1.146546,-0.02853601,-1.303357,2.224702,-0.189528,19.66364,-0.5012554,-0.008119059,0.9103199,-0.02536943
2562,0.016633,1,100,0,2.000051,0,0,1.734931,0,0,134.9907,-0.7653974,-0.01136807,-0.6434577,0.003688268,0.9997501,-0.02204997,0.6435475,-0.01925024,-0.7651642,-53.43044,-50.20318,-201.4346,1.29947,-0.0269638,-1.253485,2.300391,-0.1911364,18.05259,-0.4734534,-0.008596816,0.8357276,-0.02415912
2563,0.016671,1,100,0,-6.335448,0,0,1.795911,0,0,134.9902,-0.7566401,-0.0112247,-0.6537353,0.004072608,0.9997523,-0.02187953,0.6538189,-0.01921733,-0.7564069,-53.40688,-50.20364,-201.4564,1.45287,-0.02497455,-1.180726,2.368587,-0.1909697,16.35358,-0.4391502,-0.008971849,0.7570658,-0.02255226
2564,0.016718,1,100,0,-14.69445,0,0,1.843503,0,0,134.9897,-0.7486088,-0.01108206,-0.6629194,0.004438657,0.9997542,-0.02172535,0.6629972,-0.01920626,-0.7483756,-53.38076,-50.20407,-201.4768,1.605104,-0.02261247,-1.086346,2.429057,-0.1890325,14.57251,-0.3985008,-0.009240729,0.6746078,-0.02055905
2565,0.016653,1,100,0,-23.02095,0,0,1.877609,0,0,134.9892,-0.7414336,-0.01094659,-0.6709372,0.004778931,0.9997556,-0.02159244,0.6710096,-0.01921572,-0.7412,-53.35228,-50.20445,-201.4955,1.752299,-0.01992701,-0.973075,2.479084,-0.1855584,12.72886,-0.3522216,-0.00941264,0.5892534,-0.01822099
2566,0.016908,1,100,0,-31.47495,15.2172,0,1.897436,0,0,134.9884,-0.7350606,-0.01082045,-0.6779152,0.005094782,0.9997565,-0.02148172,0.6779826,-0.0192442,-0.7348265,-53.32093,-50.20479,-201.5124,1.90273,-0.01688317,-0.8375321,2.534741,-0.1803821,10.78516,-0.299353,-0.009484019,0.4992693,-0.01549178
2567,0.016479,1,100,0,-39.71445,30.0483,0,1.905783,0,0,134.9882,-0.7298046,-0.01071402,-0.6835719,0.005369432,0.9997566,-0.02140235,0.6836349,-0.01928993,-0.7295695,-53.28801,-50.20508,-201.5266,2.042654,-0.01371501,-0.6927725,2.569013,-0.1739643,8.830776,-0.2436476,-0.009466032,0.4087919,-0.01258367
2568,0.016716,1,100,0,-48.07245,45.0927,0,1.90212,0,0,134.9875,-0.7254891,-0.01062504,-0.6881517,0.005611205,0.9997563,-0.02135187,0.6882108,-0.01935191,-0.7252527,-53.25233,-50.20531,-201.5384,2.185149,-0.01023442,-0.5274519,2.622363,-0.1663166,6.788872,-0.1823251,-0.009376248,0.3142643,-0.009346887
2569,0.016831,1,100,0,-56.48795,60.2406,0,1.886577,0,0,134.9869,-0.7222318,-0.01055863,-0.6915706,0.005813507,0.9997556,-0.02133513,0.6916268,-0.01942936,-0.7219939,-53.21408,-50.20549,-201.5475,2.327111,-0.006596647,-0.3493574,2.676135,-0.1573125,4.677073,-0.116878,-0.009204286,0.216502,-0.005873108
2570,0.016494,1,100,0,-64.73495,75.0852,0,1.861855,0,0,134.9868,-0.7201465,-0.01051915,-0.6937423,0.005968746,0.9997542,-0.0213551,0.6937965,-0.01951957,-0.7199067,-53.17436,-50.2056,-201.5535,2.461303,-0.00295366,-0.1674476,2.725609,-0.1474822,2.560862,-0.05030204,-0.008973966,0.1185357,-0.002333744
2571,0.016675,1,100,0,-73.07245,90.0927,0,1.828248,0,0,134.9862,-0.7191833,-0.01050536,-0.6947411,0.006080489,0.9997523,-0.02141193,0.6947939,-0.01962347,-0.7189413,-53.13204,-50.20565,-201.5565,2.596829,0.0008195387,0.02713299,2.793998,-0.1367817,0.3740472,0.01951978,-0.008697912,0.01730154,0.001382304
2572,0.016735,1,100,0,-81.43995,100,0,1.784738,0,0,134.9857,-0.7194043,-0.01051926,-0.694512,0.006144943,0.99975,-0.02150766,0.6945646,-0.01974044,-0.7191598,-53.08739,-50.20565,-201.5562,2.729001,0.004584948,0.2264643,2.867909,-0.1252832,-1.863,0.09107314,-0.008379938,-0.08625808,0.005183171
2573,0.016636,1,100,0,-89.75795,100,0,1.732513,0,0,134.9854,-0.7208252,-0.01056093,-0.6930366,0.006160242,0.9997469,-0.02164202,0.6930897,-0.01986939,-0.7205777,-53.04095,-50.20558,-201.5527,2.850384,0.008285692,0.42581,2.942682,-0.1135972,-4.120797,0.163214,-0.008056981,-0.1907785,0.009004153
2574,0.016728,1,100,0,-98.12195,100,0,1.668578,0,0,134.9849,-0.7234695,-0.01063004,-0.6902746,0.006125809,0.9997433,-0.02181617,0.6903294,-0.02001182,-0.7232187,-52.99235,-50.20545,-201.5459,2.963098,0.01191929,0.6263415,3.021062,-0.101624,-6.424983,0.2362232,-0.007730872,-0.2974467,0.01285235
2575,0.016681,1,100,0,-106.4624,100,0,1.592294,0,0,134.9847,-0.7273243,-0.01072531,-0.6862102,0.006041086,0.9997391,-0.02202874,0.6862674,-0.02016749,-0.7270697,-52.94215,-50.20527,-201.5358,3.065149,0.01536627,0.8210116,3.098699,-0.08914617,-8.753633,0.3084194,-0.007386829,-0.4052485,0.01662591
2576,0.016686,1,100,0,-91.0279,100,0,1.506269,0,0,134.9855,-0.7322735,-0.01084937,-0.6809243,0.00590443,0.9997343,-0.02227876,0.6809851,-0.02033461,-0.7320149,-52.89038,-50.20504,-201.523,3.151492,0.01739903,0.9466347,3.175876,-0.07051135,-10.46031,0.373246,-0.006541546,-0.484251,0.02013704
2577,0.016677,1,100,0,-99.3664,100,0,1.452815,0,0,134.9851,-0.7380871,-0.01100173,-0.6746159,0.005714498,0.9997295,-0.02255587,0.6746815,-0.02050329,-0.7378246,-52.83731,-50.20478,-201.5081,3.228279,0.01936935,1.078506,3.24599,-0.05370914,-12.24936,0.436856,-0.005843547,-0.567069,0.02352965
2578,0.01663,1,100,0,-107.6814,100,0,1.381915,0,0,134.985,-0.7447633,-0.01117819,-0.6672351,0.005474205,0.9997238,-0.02285864,0.6673064,-0.02067685,-0.7444964,-52.78326,-50.20449,-201.4912,3.295078,0.02106935,1.20367,3.309429,-0.03733651,-14.11113,0.4976081,-0.005203284,-0.6532564,0.02670032
2579,0.016733,1,100,0,-92.20338,100,0,1.302263,0,0,134.9858,-0.7522587,-0.01137973,-0.6587697,0.005182045,0.9997178,-0.02318679,0.6588476,-0.02085624,-0.7519874,-52.72787,-50.20418,-201.4725,3.347501,0.02136829,1.264648,3.365279,-0.01570432,-15.40063,0.5500255,-0.004128752,-0.7129459,0.02953608
2580,0.016899,1,100,0,-100.6529,100,0,1.254048,0,0,134.9853,-0.7604108,-0.01160524,-0.6493386,0.004836469,0.9997114,-0.02353101,0.6494243,-0.02103374,-0.7601352,-52.67116,-50.20387,-201.4527,3.391816,0.02159339,1.334654,3.40442,0.003441326,-16.82951,0.6002702,-0.003258794,-0.7790915,0.03217266
2581,0.016397,1,100,0,-85.48566,100,0,1.187756,0,0,134.9867,-0.7688076,-0.01184523,-0.6393704,0.004455107,0.999705,-0.02387795,0.6394646,-0.02120601,-0.768528,-52.61552,-50.20356,-201.4327,3.42161,0.02048948,1.338344,3.44103,0.02691755,-17.69005,0.6394995,-0.002007537,-0.8189225,0.03431041
2582,0.016698,1,100,0,-93.83466,100,0,1.159009,0,0,134.9861,-0.7776719,-0.0121058,-0.6285537,0.004022811,0.9996983,-0.02423115,0.6286573,-0.02137244,-0.7773886,-52.55845,-50.20327,-201.4122,3.44479,0.01948875,1.36171,3.452949,0.04653458,-18.72598,0.6768857,-0.001055619,-0.8668776,0.03625999
2583,0.016795,1,100,0,-102.2322,100,0,1.106598,0,0,134.986,-0.7869566,-0.0123781,-0.6168843,0.003549105,0.9996915,-0.02458689,0.6169984,-0.02153821,-0.7866699,-52.50076,-50.203,-201.3914,3.460697,0.01822047,1.379317,3.461016,0.06524967,-19.91799,0.7096707,-0.0002096226,-0.9220618,0.0378489
2584,0.016654,1,100,0,-86.8272,100,0,1.049785,0,0,134.987,-0.7964619,-0.01265488,-0.6045563,0.003044664,0.9996843,-0.02493705,0.604681,-0.02170208,-0.796172,-52.44338,-50.20275,-201.3708,3.465509,0.01583854,1.342983,3.463752,0.08797527,-20.57839,0.7329536,0.0009999964,-0.952632,0.03902778
2585,0.016629,1,100,0,-95.1417,100,0,1.025939,0,0,134.9868,-0.8060882,-0.01293444,-0.5916542,0.002509743,0.9996775,-0.0252738,0.5917903,-0.02185781,-0.8057958,-52.38607,-50.20256,-201.3508,3.465451,0.01359286,1.320092,3.450047,0.1072282,-21.41512,0.7525192,0.001938869,-0.9913696,0.03989908
2586,0.016704,1,100,0,-103.4937,91.648,0,0.9867988,0,0,134.9867,-0.8159466,-0.01321018,-0.5779764,0.001947762,0.9996705,-0.02559809,0.5781241,-0.02201244,-0.815652,-52.32864,-50.2024,-201.3313,3.45249,0.01120107,1.294781,3.422467,0.124822,-22.41924,0.76781,0.002725227,-1.037861,0.04042655
2587,0.016673,1,100,0,-88.07117,83.3115,0,0.9396305,0,0,134.9874,-0.8259172,-0.01347707,-0.5636306,0.00136666,0.9996636,-0.02590576,0.5637901,-0.02216631,-0.8256209,-52.27164,-50.20229,-201.3125,3.423484,0.007894238,1.223727,3.383968,0.1457802,-22.91191,0.7749247,0.003843831,-1.06067,0.0406266
2588,0.016712,1,100,0,-96.42718,74.9555,0,0.9196166,0,0,134.9872,-0.8358946,-0.01373383,-0.5487183,0.000767583,0.9996567,-0.02618964,0.5488895,-0.02231296,-0.835597,-52.2151,-50.20223,-201.2948,3.384735,0.004762748,1.164429,3.327296,0.1633887,-23.59897,0.7784539,0.004699729,-1.092485,0.04051994
2589,0.016753,1,100,0,-104.8037,66.57899,0,0.8847462,0,0,134.9873,-0.8459354,-0.01397199,-0.5331025,0.0001574643,0.9996502,-0.02644953,0.5332856,-0.02245854,-0.8456373,-52.15918,-50.20222,-201.2781,3.337675,0.001532416,1.099244,3.263294,0.1804758,-24.46673,0.7772864,0.005479068,-1.132669,0.04003691
2590,0.016642,1,100,0,-89.40983,58.258,0,0.8503374,0,0,134.988,-0.8558989,-0.01418573,-0.5169485,-0.0004534852,0.9996438,-0.02668069,0.5171428,-0.02260154,-0.8556005,-52.10448,-50.20228,-201.263,3.280487,-0.002327819,0.9976677,3.194643,0.2006542,-24.83136,0.7690053,0.00658732,-1.149555,0.03929699
2591,0.016767,1,100,0,-97.79333,49.8745,0,0.8429282,0,0,134.9878,-0.8657942,-0.01437656,-0.5001937,-0.001070313,0.9996382,-0.02687897,0.5003992,-0.02273629,-0.8654964,-52.05043,-50.2024,-201.2493,3.216969,-0.00597157,0.9065326,3.114672,0.2180439,-25.40584,0.757134,0.007470618,-1.176162,0.03824393
2592,0.016617,1,100,0,-106.1018,41.56599,0,0.8253038,0,0,134.9881,-0.8755132,-0.01453324,-0.4829758,-0.00167582,0.999633,-0.02704216,0.4831915,-0.02286639,-0.8752162,-51.99797,-50.20258,-201.2373,3.151565,-0.009644493,0.8055544,3.035404,0.2357543,-26.16059,0.740923,0.008339786,-1.211118,0.03683873
2593,0.016609,1,100,0,-90.7385,33.26149,0,0.8179956,0,0,134.9886,-0.8850969,-0.01465372,-0.4651763,-0.002270817,0.9996285,-0.02716902,0.4654016,-0.02299089,-0.8848013,-51.94669,-50.20282,-201.2272,3.079715,-0.01364705,0.68185,2.955475,0.2552502,-26.42805,0.7192541,0.009463687,-1.22351,0.03528236
2594,0.01688,1,100,0,-99.1785,24.8215,0,0.8303164,0,0,134.9885,-0.8945855,-0.01473949,-0.4466535,-0.00286153,0.9996244,-0.02725619,0.4468875,-0.02310488,-0.8942917,-51.89586,-50.20313,-201.2189,3.002664,-0.01748777,0.5626362,2.871735,0.2726343,-26.91982,0.6938483,0.01040874,-1.246291,0.03339797
2595,0.016532,1,100,0,-107.4445,16.5555,0,0.8390962,0,0,134.9891,-0.9036838,-0.0147798,-0.4279453,-0.003419448,0.9996214,-0.0273028,0.4281868,-0.02320976,-0.9033923,-51.84738,-50.2035,-201.2129,2.930057,-0.0213045,0.4302284,2.794945,0.2908162,-27.59076,0.6652542,0.01137853,-1.27737,0.03123775
2596,0.01661,1,100,0,-92.08025,8.250496,0,0.8664412,0,0,134.9893,-0.9125917,-0.01477356,-0.4086049,-0.00395553,0.9996191,-0.02730792,0.4088528,-0.02330474,-0.9123026,-51.79992,-50.20393,-201.209,2.853077,-0.02515059,0.2889536,2.724877,0.3089063,-27.78434,0.6328372,0.01249045,-1.286345,0.02903301
2597,0.016752,1,100,0,-76.58466,0,0,0.9034615,0,0,134.9894,-0.9211701,-0.01472805,-0.3888817,-0.004470129,0.9996182,-0.02726968,0.3891348,-0.02338166,-0.9208842,-51.7534,-50.20443,-201.2075,2.768441,-0.02890409,0.1449125,2.659516,0.3252574,-27.53326,0.5966032,0.0136271,-1.274729,0.02677706
2598,0.016607,1,100,0,-61.22318,0,0,0.9445248,0,0,134.9896,-0.9291437,-0.01465192,-0.3694283,-0.004952397,0.999618,-0.0271902,0.3696856,-0.02343405,-0.9288613,-51.70866,-50.20498,-201.2083,2.68507,-0.03227279,0.006118119,2.604716,0.3386698,-26.88414,0.5574998,0.01469368,-1.244682,0.02451584
2599,0.016723,1,100,0,-45.75441,0,0,0.9877052,0,0,134.9895,-0.9365476,-0.0145512,-0.3502384,-0.005407681,0.9996191,-0.02707044,0.3504989,-0.02345878,-0.9362696,-51.66499,-50.20558,-201.2113,2.596211,-0.03505759,-0.1151189,2.557001,0.3467823,-25.86067,0.5153744,0.01552723,-1.197299,0.02223139
2600,0.016691,1,100,0,-37.40891,0,0,1.018574,0,0,134.9894,-0.9432676,-0.01443203,-0.3317198,-0.005828348,0.9996208,-0.02691689,0.3319825,-0.02345645,-0.9429941,-51.62288,-50.20622,-201.2162,2.503045,-0.03723463,-0.2212523,2.507464,0.3498286,-24.70079,0.4707243,0.01607559,-1.143603,0.019855
2601,0.016641,1,100,0,-29.08841,0,0,1.04048,0,0,134.9893,-0.949312,-0.01429604,-0.3140099,-0.006210197,0.9996232,-0.02673558,0.3142738,-0.02343034,-0.9490431,-51.58243,-50.20689,-201.2227,2.405478,-0.03869809,-0.3079846,2.455899,0.3474044,-23.41891,0.4240267,0.01630649,-1.084258,0.01740814
2602,0.016725,1,100,0,-20.72591,0,0,1.049176,0,0,134.9891,-0.9547476,-0.01414333,-0.2970813,-0.006552683,0.9996266,-0.02653109,0.2973456,-0.02338382,-0.9544837,-51.5434,-50.20758,-201.2305,2.301415,-0.03940942,-0.3742181,2.399538,0.339492,-22.01442,0.3750721,0.01621685,-1.019238,0.01487455
2603,0.016624,1,100,0,-12.41391,0,0,1.042422,0,0,134.9891,-0.9595398,-0.01397678,-0.2812261,-0.006848977,0.9996305,-0.02631244,0.28149,-0.02332172,-0.959281,-51.5063,-50.20827,-201.2393,2.193496,-0.03938975,-0.4219068,2.333279,0.326941,-20.51398,0.3246794,0.01585122,-0.9497758,0.01229202
2604,0.016749,1,100,0,-4.03941,0,0,1.023093,0,0,134.9888,-0.9637844,-0.0137949,-0.266326,-0.007100674,0.9996347,-0.02608208,0.2665886,-0.02324641,-0.9635303,-51.4707,-50.20897,-201.2488,2.079054,-0.0385551,-0.4468462,2.261074,0.3092592,-18.90456,0.2724234,0.01517975,-0.8752685,0.009636354
2605,0.016932,1,100,0,4.42659,0,0,0.9856981,0,0,134.9885,-0.9675143,-0.01359752,-0.2524505,-0.007305309,0.9996393,-0.02584516,0.2527108,-0.02316134,-0.9672647,-51.43663,-50.20966,-201.2587,1.957895,-0.03694161,-0.4516113,2.176784,0.2871639,-17.18545,0.2182185,0.01424629,-0.7956845,0.006899706
2606,0.01642,1,100,0,12.63659,0,0,0.9324645,0,0,134.9888,-0.9706256,-0.01339408,-0.240222,-0.007454256,0.999644,-0.02561806,0.2404796,-0.02307487,-0.9703799,-51.40551,-50.21029,-201.2683,1.839447,-0.03479818,-0.444028,2.073097,0.2631547,-15.4426,0.164793,0.0131854,-0.7150008,0.004217925
2607,0.016673,1,100,0,20.97309,0,0,0.8740284,0,0,134.9883,-0.9733126,-0.01317582,-0.229105,-0.007555293,0.9996491,-0.02539244,0.2293592,-0.02298383,-0.9730706,-51.37584,-50.21088,-201.2777,1.714941,-0.03180031,-0.4090119,1.974919,0.2344247,-13.59747,0.1100087,0.01183687,-0.6295828,0.001486684
2608,0.016821,1,100,0,29.38359,0,0,0.7920659,0,0,134.9881,-0.9755746,-0.01294476,-0.2192867,-0.007605369,0.9996541,-0.02517563,0.2195367,-0.02289295,-0.9753355,-51.34797,-50.21144,-201.2865,1.58626,-0.02822488,-0.3595755,1.857837,0.2034197,-11.66484,0.05415779,0.01035101,-0.5401139,-0.001283283
2609,0.016545,1,100,0,37.65609,0,14.8905,0.6995952,0,0,134.9882,-0.9773895,-0.01270777,-0.2110652,-0.007603633,0.9996592,-0.02497679,0.2113107,-0.02280719,-0.9771529,-51.32257,-50.21191,-201.2942,1.465798,-0.02420058,-0.2992728,1.730974,0.1716913,-9.702213,-0.0009552091,0.008810699,-0.4492561,-0.004000916
2610,0.016634,1,100,0,45.97309,0,29.8611,0.602726,0,0,134.9879,-0.9788323,-0.01246064,-0.204285,-0.007551556,0.9996644,-0.02479257,0.2045254,-0.0227251,-0.9785979,-51.29894,-50.21232,-201.3009,1.348279,-0.01961769,-0.2208147,1.609221,0.1379363,-7.669683,-0.05617439,0.007140801,-0.3551618,-0.006703571
2611,0.016672,1,100,0,54.30909,0,44.8659,0.4922919,0,0,134.9878,-0.9799165,-0.01220534,-0.199035,-0.007449401,0.9996691,-0.02462639,0.1992698,-0.02264911,-0.9796831,-51.27713,-50.21265,-201.3062,1.233084,-0.01471144,-0.1321028,1.479118,0.1035824,-5.57789,-0.1111865,0.005428312,-0.2583238,-0.009375626
2612,0.016697,1,100,0,62.65759,0,59.8932,0.3754685,0,0,134.9877,-0.9806561,-0.01194461,-0.1953738,-0.007299165,0.9996737,-0.02447997,0.1956024,-0.02258036,-0.9804233,-51.25712,-50.2129,-201.3099,1.120402,-0.00944952,-0.03400707,1.346243,0.06842729,-3.433139,-0.162229,0.003657014,-0.1590322,-0.01177807
2613,0.016686,1,100,0,71.00059,0,74.9106,0.252708,0,0,134.9877,-0.98106,-0.01168299,-0.1933517,-0.007104696,0.9996781,-0.02435511,0.193574,-0.02252012,-0.9808273,-51.2389,-50.21306,-201.312,1.009271,-0.004110219,0.07031125,1.210357,0.03368418,-1.244646,-0.2124096,0.001901314,-0.05771494,-0.01411319
2614,0.016731,1,100,0,79.36609,0,89.9685,0.1264979,0,0,134.9876,-0.9811321,-0.01142133,-0.1930015,-0.006866769,0.9996825,-0.02425111,0.1932172,-0.02246824,-0.980899,-51.22241,-50.21313,-201.3123,0.8992521,0.001221653,0.1794653,1.075362,-0.0004290268,0.9918569,-0.2616091,0.0001753452,0.04582583,-0.01637078
2615,0.016623,1,100,0,87.67759,0,100,0.002313793,0,0,134.9877,-0.9808689,-0.01116402,-0.1943498,-0.006589467,0.9996864,-0.02416837,0.1945587,-0.02242534,-0.9806348,-51.20777,-50.21311,-201.3109,0.7897274,0.00630031,0.2873625,0.9390371,-0.03291409,3.250339,-0.309209,-0.001462499,0.150385,-0.01852068
2616,0.016691,1,100,0,96.02309,0,100,0.1282906,0,0,134.9875,-0.9802565,-0.01091045,-0.1974292,-0.006272067,0.9996899,-0.02410398,0.1976309,-0.02238979,-0.9800209,-51.19481,-50.21301,-201.3076,0.6788048,0.01113418,0.3970573,0.8110616,-0.06507979,5.55755,-0.3551647,-0.003090753,0.2572013,-0.02054852
2617,0.01671,1,100,0,104.3781,0,100,0.2552209,0,0,134.9875,-0.9792718,-0.01066421,-0.2022703,-0.005917451,0.9996933,-0.02405762,0.2024648,-0.02236203,-0.9790347,-51.1836,-50.21282,-201.3025,0.5685475,0.01554674,0.5005139,0.6872198,-0.09560614,7.904233,-0.3992799,-0.004626257,0.365846,-0.02244449
2618,0.016685,1,100,0,88.94447,0,100,0.3752573,0,0,134.9882,-0.9779212,-0.01042349,-0.2087138,-0.005527425,0.999696,-0.0240278,0.2089008,-0.02234365,-0.9776816,-51.17414,-50.21257,-201.296,0.4662176,0.01877877,0.5586161,0.5743303,-0.1190953,9.621058,-0.4416451,-0.005847125,0.4453258,-0.02447948
2619,0.016777,1,100,0,97.33296,0,100,0.4491751,0,0,134.988,-0.9762268,-0.01017918,-0.2165122,-0.005099518,0.9996988,-0.02400706,0.2166914,-0.02233222,-0.9759846,-51.16623,-50.21226,-201.2884,0.3714374,0.0217694,0.6218856,0.4848786,-0.1419036,11.4365,-0.4810022,-0.007021945,0.5293734,-0.02628216
2620,0.016596,1,100,0,105.631,0,100,0.5269496,0,0,134.9882,-0.9741722,-0.009940786,-0.2255876,-0.004644795,0.9997013,-0.02399505,0.2257587,-0.02232751,-0.9739273,-51.15987,-50.21191,-201.28,0.2830095,0.0241149,0.6710457,0.4066741,-0.1611311,13.31066,-0.5174116,-0.00797125,0.6161417,-0.02787176
2621,0.016681,1,100,0,90.20104,0,100,0.5901963,0,0,134.9888,-0.9717164,-0.009702578,-0.2359522,-0.004157439,0.9997039,-0.02398728,0.2361151,-0.02232788,-0.971469,-51.15485,-50.21153,-201.2709,0.2052298,0.0255301,0.6820555,0.3423628,-0.1742499,14.60901,-0.5547128,-0.008644302,0.676247,-0.02974633
2622,0.016776,1,100,0,98.58904,0,100,0.614708,0,0,134.9887,-0.9688774,-0.009456683,-0.2473603,-0.003636155,0.9997059,-0.02397681,0.2475143,-0.02233115,-0.9686268,-51.15099,-50.21112,-201.2616,0.136914,0.02664984,0.6942496,0.2872898,-0.1859457,16.04123,-0.5882331,-0.009216813,0.7425526,-0.03132451
2623,0.016576,1,100,0,106.877,0,100,0.6391757,0,0,134.9891,-0.9656498,-0.00921462,-0.259684,-0.003095514,0.9997082,-0.02396278,0.259829,-0.0223358,-0.9653966,-51.14822,-50.21071,-201.2522,0.07442988,0.02716849,0.6918769,0.2447891,-0.1941092,17.56693,-0.6182855,-0.009558933,0.813189,-0.03264268
2624,0.016652,1,100,0,91.47395,0,100,0.6492034,0,0,134.9896,-0.9619673,-0.008972959,-0.2730174,-0.002530286,0.9997102,-0.02394099,0.2731531,-0.02233963,-0.9617112,-51.14638,-50.21029,-201.2431,0.02338581,0.02681498,0.6574,0.2034767,-0.1966975,18.54487,-0.6451879,-0.009644193,0.8584623,-0.03397682
2625,0.016735,1,100,0,99.84145,0,100,0.6264401,0,0,134.9896,-0.957852,-0.008727513,-0.28713,-0.001942795,0.9997125,-0.02390588,0.2872561,-0.02234046,-0.9575935,-51.14528,-50.20987,-201.2344,-0.01822866,0.02614956,0.6222125,0.1607564,-0.1978042,19.68094,-0.6679394,-0.009619662,0.9110602,-0.03498293
2626,0.016614,1,100,0,108.1484,0,100,0.6016472,0,0,134.9899,-0.9532881,-0.008489238,-0.3019437,-0.001346188,0.9997145,-0.02385713,0.30206,-0.02233624,-0.9530274,-51.14479,-50.20947,-201.2264,-0.0544184,0.02494956,0.5731502,0.1290091,-0.1959386,20.94509,-0.6872272,-0.009392543,0.9695907,-0.03571799
2627,0.016688,1,100,0,92.71204,0,100,0.5632228,0,0,134.9903,-0.9482068,-0.008256556,-0.3175465,-0.0007375795,0.9997168,-0.02379129,0.3176529,-0.02232484,-0.9479443,-51.14481,-50.20909,-201.2194,-0.07900164,0.02304167,0.49896,0.1104407,-0.1898365,21.67901,-0.7030486,-0.008980303,1.00357,-0.03644465
2628,0.016694,1,100,0,101.059,0,100,0.4985958,0,0,134.9904,-0.9426643,-0.008026912,-0.333646,-0.0001225895,0.999719,-0.02370505,0.3337425,-0.022305,-0.9424003,-51.14515,-50.20874,-201.2135,-0.09460638,0.02080986,0.4212806,0.1351131,-0.1823955,22.5857,-0.7148123,-0.008462433,1.045551,-0.03684627
2629,0.016726,1,100,0,85.58749,0,100,0.4290533,0,0,134.9908,-0.9366374,-0.007802716,-0.3502137,0.0004951176,0.9997215,-0.02359784,0.3503003,-0.02227602,-0.9363727,-51.14565,-50.20844,-201.2091,-0.09738157,0.01797309,0.3243966,0.1916316,-0.1716712,22.98584,-0.722815,-0.0078096,1.064077,-0.03721219
2630,0.016708,1,100,0,93.9415,0,100,0.3382693,0,0,134.9909,-0.9301938,-0.007581921,-0.3669907,0.001110174,0.999724,-0.02346791,0.3670673,-0.02223713,-0.9299287,-51.14611,-50.20818,-201.2062,-0.0902169,0.01481838,0.2257978,0.2761769,-0.1600306,23.58659,-0.7267125,-0.007072741,1.091894,-0.03724013
2631,0.01662,1,100,0,102.2515,0,100,0.2434211,0,0,134.9912,-0.9232911,-0.007374015,-0.3840303,0.001713801,0.9997268,-0.02331675,0.3840973,-0.0221863,-0.9230263,-51.14637,-50.20798,-201.205,-0.07612796,0.01113931,0.1166404,0.3652485,-0.1467377,24.3647,-0.7274777,-0.006205864,1.127926,-0.03700326
2632,0.016663,1,100,0,86.83822,0,100,0.1371498,0,0,134.9914,-0.9158676,-0.007179102,-0.4014165,0.002306761,0.9997296,-0.02314267,0.4014741,-0.02212159,-0.9156034,-51.14629,-50.20784,-201.2056,-0.04629439,0.006648445,0.0001311898,0.4704426,-0.1319794,24.64953,-0.7245765,-0.005308042,1.141117,-0.03673326
2633,0.016946,1,100,0,95.31122,0,100,0.01885319,0,0,134.992,-0.9078643,-0.006992059,-0.4192063,0.002894061,0.9997329,-0.02294242,0.4192547,-0.02204181,-0.9076015,-51.14553,-50.20779,-201.2082,0.008427888,-0.0005807611,-0.1298153,0.5767447,-0.111993,25.15654,-0.719743,-0.00404592,1.164598,-0.03625961
2634,0.016472,1,100,0,103.5472,0,100,0.1213668,0,0,134.9929,-0.8995657,-0.006827234,-0.4367322,0.00344437,0.9997359,-0.022723,0.436772,-0.0219451,-0.8993046,-51.14406,-50.20784,-201.2127,0.02572936,-0.003495456,-0.2707089,0.6587612,-0.08895181,25.83299,-0.7148306,-0.002560583,1.195925,-0.0357239
2635,0.016676,1,100,0,88.12192,0,91.662,0.2547644,0,0,134.9926,-0.8906382,-0.006675974,-0.4546636,0.003978257,0.9997395,-0.02247248,0.4546952,-0.02182362,-0.8903797,-51.14216,-50.20793,-201.2195,0.06019206,-0.005966589,-0.3975896,0.8033642,-0.0694007,26.03526,-0.7047803,-0.001352926,1.205295,-0.0350571
2636,0.016753,1,100,0,96.49841,0,83.28551,0.3815049,0,0,134.9929,-0.8812085,-0.006538745,-0.4726827,0.004489,0.9997436,-0.02219843,0.4727066,-0.02168332,-0.8809533,-51.1396,-50.20807,-201.2284,0.1050082,-0.008764293,-0.5411974,0.9364841,-0.04961175,26.45941,-0.6921854,-9.872187e-05,1.224941,-0.03415124
2637,0.016589,1,100,0,104.7929,0,74.991,0.5265977,0,0,134.9931,-0.8713281,-0.006424258,-0.4906589,0.004965242,0.9997477,-0.02190726,0.4906759,-0.02152465,-0.8710763,-51.13625,-50.20824,-201.2397,0.155487,-0.0118316,-0.6962452,1.081005,-0.03087438,27.07435,-0.6778833,0.001118709,1.253423,-0.03307378
2638,0.016648,1,100,0,89.39352,0,66.66701,0.6830311,0,0,134.993,-0.8608654,-0.006331232,-0.5087935,0.005411981,0.9997521,-0.02159747,0.5088041,-0.02134609,-0.8606177,-51.13194,-50.20847,-201.2534,0.2209917,-0.01469247,-0.8384629,1.245057,-0.01546866,27.21357,-0.6594641,0.002077024,1.259876,-0.03192645
2639,0.016718,1,100,0,97.75252,0,58.30801,0.8343512,0,0,134.9933,-0.8498917,-0.006257937,-0.5269205,0.005828363,0.9997569,-0.02127435,0.5269256,-0.02115198,-0.8496485,-51.12643,-50.20875,-201.2697,0.297578,-0.01789745,-0.9986318,1.402893,0.0003201589,27.57657,-0.6394656,0.003093982,1.276691,-0.0306021
2640,0.016693,1,100,0,106.099,0,49.96151,1.005666,0,0,134.9935,-0.8383723,-0.006210721,-0.5450628,0.006208806,0.9997615,-0.02094168,0.5450629,-0.02094111,-0.8381338,-51.11956,-50.20908,-201.2886,0.3827713,-0.02140422,-1.173228,1.578487,0.01564129,28.14052,-0.6185077,0.004115204,1.302812,-0.0291522
2641,0.016728,1,100,0,90.62561,0,41.5975,1.192405,0,0,134.9933,-0.8262643,-0.006189126,-0.5632486,0.006553945,0.9997662,-0.02060008,0.5632445,-0.02071261,-0.8260305,-51.11114,-50.20947,-201.3102,0.4833295,-0.02451636,-1.325583,1.772459,0.02679528,28.22691,-0.5935708,0.004828823,1.306821,-0.0276366
2642,0.016689,1,100,0,98.97011,0,33.253,1.367713,0,0,134.9936,-0.8137192,-0.006191387,-0.5812254,0.006862687,0.9997713,-0.02025767,0.5812179,-0.02047282,-0.8134906,-51.10099,-50.20991,-201.3344,0.5926936,-0.02803097,-1.499444,1.950418,0.03875719,28.53602,-0.5687156,0.005630756,1.321142,-0.02605145
2643,0.016763,1,100,0,107.3516,0,24.8715,1.564842,0,0,134.9938,-0.8005485,-0.006221756,-0.5992358,0.007135259,0.9997764,-0.01991284,0.5992257,-0.02021689,-0.800325,-51.08885,-50.21041,-201.3617,0.7135652,-0.03186652,-1.689886,2.155467,0.05074505,29.0522,-0.5437273,0.006471746,1.345051,-0.02439414
2644,0.016999,1,100,0,91.62753,0,16.372,1.780689,0,0,134.9935,-0.7866133,-0.006279944,-0.617414,0.007373417,0.9997815,-0.01956321,0.617402,-0.01994113,-0.7863951,-51.07434,-50.21098,-201.3923,0.8551371,-0.03516701,-1.850221,2.384749,0.05843369,29.08706,-0.5141982,0.006998521,1.346674,-0.02263181
2645,0.0163,1,100,0,76.55003,0,8.222001,1.983669,0,0,134.9934,-0.7729147,-0.006355935,-0.634478,0.007568285,0.9997863,-0.01923505,0.6344647,-0.01966896,-0.7727014,-51.05813,-50.21158,-201.4241,0.9943294,-0.037868,-1.976414,2.568853,0.06113751,28.70271,-0.4833239,0.007167662,1.328885,-0.02092851
2646,0.016696,1,100,0,61.10623,0,0,2.15879,0,0,134.993,-0.7587624,-0.006448015,-0.6513359,0.007737118,0.9997915,-0.01891083,0.6513221,-0.01938829,-0.7585543,-51.03907,-50.21223,-201.4585,1.159601,-0.0398098,-2.064968,2.759454,0.06058086,27.91871,-0.4461333,0.007088957,1.292593,-0.01895883
2647,0.016895,1,100,0,52.65873,0,0,2.322436,0,0,134.9927,-0.7445083,-0.006555611,-0.667581,0.007876697,0.9997959,-0.0186023,0.6675667,-0.0191079,-0.7443048,-51.01692,-50.21292,-201.4947,1.340369,-0.0412503,-2.131371,2.928586,0.05827489,26.9625,-0.4045307,0.006882945,1.24833,-0.01675697
2648,0.01646,1,100,0,44.42873,0,0,2.481964,0,0,134.9926,-0.7308066,-0.00667612,-0.682552,0.007982768,0.9998003,-0.01832629,0.6825381,-0.01884163,-0.7306074,-50.99241,-50.21362,-201.5308,1.51742,-0.04209625,-2.170769,3.071022,0.05333479,25.88895,-0.3608517,0.006496469,1.198632,-0.01444528
2649,0.016698,1,100,0,36.07973,0,0,2.62247,0,0,134.9922,-0.7172066,-0.006815257,-0.6968275,0.00806121,0.9998043,-0.01807546,0.6968143,-0.01858111,-0.7170113,-50.96454,-50.21433,-201.568,1.707835,-0.04227827,-2.181676,3.216803,0.04682231,24.6695,-0.3121144,0.005995086,1.142181,-0.01184489
2650,0.016668,1,100,0,27.74573,0,0,2.755116,0,0,134.9918,-0.7040452,-0.006974227,-0.7101209,0.00811007,0.9998076,-0.01785997,0.7101089,-0.01833336,-0.7038532,-50.93356,-50.21505,-201.605,1.901565,-0.0418184,-2.165806,3.345087,0.03872992,23.33343,-0.2596317,0.005380196,1.080332,-0.009025844
2651,0.016733,1,100,0,19.37923,0,0,2.875494,0,0,134.9914,-0.691357,-0.007156692,-0.722478,0.008129818,0.9998106,-0.01768351,0.7224677,-0.01809923,-0.6911678,-50.89923,-50.21576,-201.6417,2.099287,-0.0406824,-2.122104,3.465127,0.02933322,21.88385,-0.2029238,0.004668857,1.013228,-0.005955408
2652,0.016638,1,100,0,11.06023,0,0,2.984134,0,0,134.991,-0.6793654,-0.007364124,-0.7337633,0.008120457,0.9998131,-0.01755267,0.7337554,-0.01788317,-0.6791787,-50.86185,-50.21643,-201.6773,2.294522,-0.03890475,-2.052423,3.569456,0.01873161,20.34538,-0.1429471,0.003868283,0.9420084,-0.002685076
2653,0.016676,1,100,0,2.722231,0,0,3.078275,0,0,134.9904,-0.668067,-0.007600922,-0.7440624,0.008082362,0.9998149,-0.01747041,0.7440575,-0.01768518,-0.6678818,-50.82117,-50.21708,-201.7116,2.489183,-0.03648433,-1.956573,3.666645,0.007241033,18.71498,-0.07917263,0.002996738,0.8665342,0.0008176435
2654,0.016752,1,100,0,-5.653769,0,0,3.1595,0,0,134.9898,-0.6575339,-0.007871103,-0.7533838,0.008015167,0.9998157,-0.01744117,0.7533822,-0.01750666,-0.6573497,-50.7771,-50.21768,-201.7442,2.68233,-0.03344547,-1.835544,3.756124,-0.004918702,16.9961,-0.01161974,0.002066295,0.7869638,0.0045524
2655,0.016625,1,100,0,-13.96627,0,0,3.227999,0,0,134.9893,-0.6479756,-0.008174587,-0.7616174,0.00791982,0.9998162,-0.01746932,0.7616202,-0.01735156,-0.6477918,-50.73024,-50.21823,-201.7744,2.866985,-0.02987118,-1.692888,3.83095,-0.01768259,15.21826,0.05832586,0.001081048,0.7046643,0.008439621
2656,0.016665,1,100,0,-22.29877,14.9985,0,3.280711,0,0,134.9886,-0.6393653,-0.008516513,-0.768856,0.007795815,0.9998155,-0.01755767,0.7688637,-0.01721962,-0.639181,-50.68026,-50.21871,-201.802,3.049674,-0.02578829,-1.527262,3.90405,-0.0306566,13.36167,0.1311871,6.036079e-05,0.6187194,0.01250496
2657,0.016683,1,100,0,-30.64027,30.0132,0,3.321425,0,0,134.9879,-0.631795,-0.00889896,-0.7750844,0.007643094,0.999814,-0.01770926,0.7750979,-0.01711267,-0.6316096,-50.62724,-50.21913,-201.8268,3.229235,-0.02127652,-1.340879,3.973151,-0.04357986,11.43456,0.2063215,-0.0009825649,0.5295096,0.01670837
2658,0.016824,1,100,0,-39.05227,45.1548,0,3.35025,0,0,134.9872,-0.625292,-0.009326858,-0.7803351,0.007460032,0.9998114,-0.01792794,0.7803552,-0.01703152,-0.6251045,-50.57081,-50.21947,-201.8484,3.408136,-0.01637435,-1.133645,4.045169,-0.05615281,9.426517,0.283898,-0.002035056,0.4365531,0.0210555
2659,0.016598,1,100,0,-47.35127,60.093,0,3.368482,0,0,134.9867,-0.6200541,-0.009792444,-0.784498,0.007250613,0.999808,-0.0182108,0.7845257,-0.01697977,-0.619864,-50.51227,-50.21973,-201.8661,3.577594,-0.0112529,-0.9131416,4.107856,-0.06824723,7.389084,0.3611518,-0.003087633,0.3422352,0.02538274
2660,0.016706,1,100,0,-55.70427,75.1284,0,3.372929,0,0,134.986,-0.6160136,-0.01030411,-0.787668,0.007011153,0.9998031,-0.01856245,0.7877042,-0.01695719,-0.6158201,-50.45059,-50.21989,-201.8802,3.745434,-0.005920112,-0.6760011,4.181171,-0.07944484,5.283939,0.4393664,-0.004124552,0.244782,0.02975766
2661,0.016725,1,100,0,-64.06677,90.18089,0,3.366689,0,0,134.9854,-0.6132552,-0.01085947,-0.7898102,0.006742271,0.9997971,-0.01898177,0.7898561,-0.01696579,-0.6130576,-50.38611,-50.21998,-201.8902,3.909523,-0.000500733,-0.4261875,4.258242,-0.08943004,3.126027,0.5172666,-0.005129864,0.144885,0.03409996
2662,0.01663,1,100,0,-72.38177,100,0,3.349247,0,0,134.9848,-0.6118293,-0.01145333,-0.790907,0.006445765,0.99979,-0.01946453,0.7909638,-0.01700697,-0.6116269,-50.31938,-50.21997,-201.8958,4.065028,0.004910881,-0.1683002,4.337518,-0.09808318,0.9381595,0.5936942,-0.006097927,0.04360009,0.03833866
2663,0.016684,1,100,0,-80.72378,100,0,3.318143,0,0,134.9841,-0.6117463,-0.01208847,-0.7909617,0.006118894,0.9997811,-0.02001239,0.7910305,-0.01708232,-0.6115384,-50.24997,-50.21988,-201.8972,4.209137,0.01026405,0.09716231,4.420074,-0.1054081,-1.290672,0.6693084,-0.007036873,-0.05958255,0.04250881
2664,0.016688,1,100,0,-89.06778,100,0,3.269963,0,0,134.9835,-0.6130344,-0.01276107,-0.7899532,0.005761969,0.9997708,-0.02062202,0.7900354,-0.0171937,-0.6128204,-50.17828,-50.2197,-201.8941,4.339984,0.01544135,0.3665835,4.501014,-0.1109924,-3.551465,0.7431485,-0.007924288,-0.1642464,0.0465472
2665,0.016631,1,100,0,-97.38328,100,0,3.203825,0,0,134.983,-0.615696,-0.01346543,-0.7878687,0.005375846,0.999759,-0.0212879,0.7879655,-0.01734234,-0.6154752,-50.10481,-50.21943,-201.8866,4.455935,0.02033669,0.6363015,4.579144,-0.1144861,-5.833473,0.8142439,-0.00874023,-0.2698944,0.05039029
2666,0.016725,1,100,0,-105.7458,100,0,3.119142,0,0,134.9823,-0.6197647,-0.01420347,-0.7846593,0.004956282,0.9997456,-0.02201157,0.7847723,-0.01753099,-0.6195367,-50.02914,-50.21909,-201.8746,4.558569,0.02486078,0.9065617,4.656116,-0.1153574,-8.157459,0.8826992,-0.009460797,-0.3774879,0.05403313
2667,0.016687,1,100,0,-90.3103,100,0,3.015355,0,0,134.9832,-0.6250821,-0.01496894,-0.7804154,0.004504117,0.9997302,-0.02278318,0.7805459,-0.01775644,-0.6248461,-49.95211,-50.21869,-201.8586,4.640038,0.02737225,1.094327,4.728405,-0.1072164,-9.858224,0.9386575,-0.009503788,-0.456226,0.05704944
2668,0.016687,1,100,0,-98.6538,100,0,2.937491,0,0,134.9827,-0.6314082,-0.01575617,-0.7752908,0.004016141,0.999714,-0.0235879,0.7754406,-0.01800727,-0.6311643,-49.87385,-50.21825,-201.8396,4.707721,0.02943576,1.287075,4.791505,-0.09754924,-11.64003,0.9905574,-0.009522527,-0.5387194,0.05976075
2669,0.016841,1,100,0,-107.0743,100,0,2.837672,0,0,134.9821,-0.6388401,-0.0165651,-0.7691612,0.003488577,0.9996955,-0.02442751,0.7693317,-0.01828855,-0.6385878,-49.79388,-50.21778,-201.8173,4.762426,0.03092391,1.481913,4.845295,-0.08552141,-13.51634,1.038215,-0.009472947,-0.6255903,0.06214605
2670,0.01652,1,100,0,-91.7933,100,0,2.716988,0,0,134.9834,-0.6470467,-0.01737022,-0.7622525,0.002936247,0.9996762,-0.02527311,0.7624447,-0.01859104,-0.6467862,-49.7147,-50.2173,-201.7928,4.79519,0.03044158,1.594944,4.890274,-0.06487778,-14.79009,1.071476,-0.008737735,-0.6845624,0.06378341
2671,0.016684,1,100,0,-100.1353,100,0,2.623913,0,0,134.9828,-0.6560291,-0.01818489,-0.7545165,0.002342916,0.9996558,-0.02613018,0.754732,-0.01890993,-0.6557607,-49.63432,-50.21685,-201.7662,4.816707,0.02948879,1.718666,4.912963,-0.04329853,-16.19644,1.100272,-0.008024727,-0.7496774,0.0650715
2672,0.0169,1,100,0,-84.50281,100,0,2.507731,0,0,134.9836,-0.6657491,-0.01900749,-0.7459337,0.001707042,0.9996343,-0.02699569,0.746174,-0.0192457,-0.6654732,-49.55267,-50.21641,-201.7377,4.820766,0.02647541,1.771467,4.925259,-0.01339615,-17.07177,1.115878,-0.006641784,-0.7902045,0.06567475
2673,0.016408,1,100,0,-92.70681,100,0,2.417757,0,0,134.9837,-0.6755917,-0.01979632,-0.7370102,0.00105711,0.9996124,-0.02781892,0.7372752,-0.01957333,-0.6753089,-49.47344,-50.21604,-201.7093,4.813099,0.02344354,1.833089,4.921153,0.0154533,-18.07245,1.125421,-0.005385329,-0.8365396,0.06583796
2674,0.016717,1,100,0,-101.0653,100,0,2.310218,0,0,134.9831,-0.6860927,-0.02057866,-0.7272231,0.0003675725,0.99959,-0.02863277,0.7275142,-0.01991204,-0.6858039,-49.39296,-50.21572,-201.6794,4.795956,0.02000659,1.904816,4.900337,0.0451216,-19.23877,1.129895,-0.00416293,-0.8905475,0.06560195
2675,0.016708,1,100,0,-85.6104,100,0,2.182398,0,0,134.9842,-0.696995,-0.02133495,-0.7167585,-0.0003460301,0.9995672,-0.02941651,0.7170759,-0.02025514,-0.6967007,-49.31295,-50.21547,-201.6488,4.76346,0.0149296,1.908786,4.87454,0.082282,-19.88732,1.121234,-0.002286629,-0.9205806,0.06469515
2676,0.016671,1,100,0,-93.94591,100,0,2.085608,0,0,134.9839,-0.7080998,-0.0220557,-0.7057679,-0.001079762,0.9995449,-0.03015309,0.7061118,-0.02058933,-0.7078014,-49.23374,-50.2153,-201.6183,4.723376,0.009955809,1.928705,4.827205,0.1179188,-20.71137,1.107641,-0.0005813248,-0.9587437,0.06340311
2677,0.016633,1,100,0,-102.2624,100,0,1.969887,0,0,134.9839,-0.7194762,-0.02273175,-0.694145,-0.001826284,0.9995226,-0.03083928,0.6945146,-0.02092043,-0.7191743,-49.15548,-50.21523,-201.5877,4.676157,0.005020512,1.95314,4.774795,0.1535223,-21.69647,1.088477,0.00105274,-1.004368,0.06168557
2678,0.016727,1,100,0,-86.78993,100,0,1.842906,0,0,134.9848,-0.7311552,-0.02336307,-0.681811,-0.002586897,0.9995012,-0.03147499,0.6822063,-0.02124932,-0.7308509,-49.07767,-50.21524,-201.5569,4.616771,-0.001165459,1.918082,4.71427,0.1957073,-22.18315,1.057554,0.003310359,-1.026911,0.05939189
2679,0.016638,1,100,0,-95.10893,100,0,1.747783,0,0,134.9847,-0.7428458,-0.02393745,-0.6690345,-0.00334978,0.999481,-0.03204118,0.6694543,-0.02156054,-0.7425404,-49.00135,-50.21535,-201.527,4.553937,-0.006504171,1.898649,4.638443,0.2336468,-22.85886,1.024915,0.005227389,-1.058211,0.05691732
2680,0.016719,1,100,0,-103.4684,100,0,1.638969,0,0,134.9846,-0.7547427,-0.02445339,-0.6555651,-0.00411474,0.9994619,-0.03254392,0.6560081,-0.02186481,-0.7544371,-48.92578,-50.21556,-201.4973,4.486677,-0.01148734,1.883918,4.557982,0.2707183,-23.71692,0.9873001,0.007020185,-1.097959,0.05404828
2681,0.016683,1,100,0,-88.03665,100,0,1.52225,0,0,134.9857,-0.7667128,-0.02490306,-0.6415071,-0.004870656,0.9994442,-0.03297676,0.6419719,-0.02215914,-0.766408,-48.85158,-50.21585,-201.4684,4.41116,-0.01716884,1.814059,4.476201,0.3129977,-24.08129,0.9397208,0.009378929,-1.114842,0.05073029
2682,0.01668,1,100,0,-96.37665,91.66,0,1.441912,0,0,134.9854,-0.7786286,-0.02528318,-0.6269756,-0.005614636,0.9994287,-0.03332987,0.6274601,-0.02243135,-0.7783259,-48.77877,-50.21622,-201.4405,4.324415,-0.0221954,1.762744,4.367582,0.3504859,-24.64622,0.8898234,0.01136482,-1.141017,0.04718954
2683,0.016782,1,100,0,-104.7676,83.269,0,1.341906,0,0,134.9853,-0.7906392,-0.02558853,-0.6117475,-0.006342112,0.999415,-0.03360739,0.6122496,-0.02269155,-0.790339,-48.7071,-50.21669,-201.4136,4.226923,-0.02680658,1.712762,4.249786,0.3859596,-25.40312,0.8363686,0.01316016,-1.176086,0.04334318
2684,0.01659,1,100,0,-89.4219,74.97401,0,1.234878,0,0,134.9864,-0.8024904,-0.02581234,-0.5961064,-0.007034618,0.9994037,-0.03380559,0.5966236,-0.02293528,-0.8021935,-48.63796,-50.21723,-201.3881,4.118606,-0.03178657,1.613919,4.129542,0.4248438,-25.66873,0.7761562,0.01542964,-1.1884,0.0392649
2685,0.016631,1,100,0,-97.7374,66.65851,0,1.163311,0,0,134.9861,-0.8142112,-0.0259574,-0.5799883,-0.007698293,0.999395,-0.03392078,0.5805179,-0.02315376,-0.8139185,-48.57053,-50.21785,-201.3641,4.004854,-0.03586134,1.532853,3.990525,0.4586201,-26.14481,0.7145211,0.01730879,-1.210465,0.03501815
2686,0.016895,1,100,0,-106.1849,58.21101,0,1.078102,0,0,134.986,-0.8260278,-0.02601733,-0.5630285,-0.008332375,0.9993885,-0.03395681,0.5635676,-0.02335791,-0.8257394,-48.50407,-50.21854,-201.3413,3.88426,-0.03936559,1.450795,3.845071,0.4903715,-26.82957,0.6497296,0.01899951,-1.242197,0.03048547
2687,0.016533,1,100,0,-90.89188,49.9445,0,0.9919834,0,0,134.9872,-0.8374671,-0.02598993,-0.5458695,-0.008908163,0.999385,-0.0339159,0.5464153,-0.02354076,-0.8371835,-48.44106,-50.21927,-201.3206,3.761961,-0.04288725,1.325747,3.708831,0.5245715,-27.02488,0.5811071,0.02111494,-1.251258,0.02591777
2688,0.016624,1,100,0,-99.20387,41.6325,0,0.9467096,0,0,134.987,-0.8487196,-0.02587759,-0.5282096,-0.009439585,0.9993843,-0.03379359,0.5287589,-0.0236952,-0.8484413,-48.3798,-50.22005,-201.3017,3.638922,-0.04536053,1.218433,3.560532,0.5530221,-27.43839,0.5121692,0.02280276,-1.270427,0.02125042
2689,0.016761,1,100,0,-107.5844,33.252,0,0.8914187,0,0,134.9872,-0.8598797,-0.0256737,-0.5098507,-0.009919319,0.9993863,-0.03359517,0.5104004,-0.02383044,-0.8596067,-48.32015,-50.22088,-201.2846,3.515537,-0.04718153,1.10513,3.414651,0.5792143,-28.05923,0.4416697,0.02429822,-1.2992,0.01640236
2690,0.016608,1,100,0,-92.22197,24.948,0,0.8454784,0,0,134.988,-0.8707206,-0.02538224,-0.4911228,-0.01033479,0.9993912,-0.03332787,0.4916697,-0.02394361,-0.8704528,-48.26313,-50.22173,-201.2697,3.392998,-0.04884778,0.9613677,3.277192,0.6060826,-28.19962,0.3693287,0.02610328,-1.305718,0.01164927
2691,0.01668,1,100,0,-100.562,16.608,0,0.8325787,0,0,134.988,-0.8812769,-0.02500427,-0.4719383,-0.01069017,0.9993985,-0.03298784,0.4724793,-0.02402632,-0.8810142,-48.20794,-50.2226,-201.2571,3.273285,-0.0495736,0.8279508,3.14023,0.6272802,-28.56517,0.2976684,0.02748981,-1.322667,0.006858421
2692,0.016731,1,100,0,-85.08579,8.242502,0,0.8183141,0,0,134.9886,-0.8915157,-0.02454151,-0.4523245,-0.01098026,0.9994087,-0.03258263,0.4528567,-0.02408128,-0.8912581,-48.15462,-50.22347,-201.2467,3.152185,-0.05006024,0.6728505,3.011426,0.6470129,-28.47225,0.224801,0.02903128,-1.318381,0.002199924
2693,0.016685,1,100,0,-93.42829,0,0,0.8290101,0,0,134.9887,-0.9012882,-0.02400246,-0.4325548,-0.01120164,0.9994215,-0.03211771,0.4330755,-0.02410199,-0.9010357,-48.10347,-50.22434,-201.2389,3.036245,-0.04972646,0.5255941,2.891158,0.6604692,-28.62422,0.1538036,0.03010286,-1.325437,-0.002426189
2694,0.016695,1,100,0,-77.98541,0,0,0.8425425,0,0,134.9891,-0.9106293,-0.02338801,-0.4125618,-0.01135215,0.9994361,-0.03160064,0.4130683,-0.024093,-0.9103813,-48.05419,-50.22521,-201.2336,2.927597,-0.04889688,0.3684251,2.788903,0.6707214,-28.33732,0.08317854,0.03119328,-1.312168,-0.006825141
2695,0.016638,1,100,0,-62.59526,0,0,0.8750679,0,0,134.9893,-0.9193701,-0.02271346,-0.3927377,-0.01143286,0.9994529,-0.03103855,0.3932278,-0.02404581,-0.9191269,-48.00685,-50.22605,-201.2308,2.823737,-0.04741129,0.2179576,2.703179,0.6743811,-27.65289,0.01430367,0.03204553,-1.280487,-0.01092278
2696,0.016672,1,100,0,-47.17366,0,0,0.9111812,0,0,134.9893,-0.9274626,-0.02198805,-0.3732689,-0.01144547,0.9994712,-0.03043696,0.3737408,-0.0239569,-0.9272239,-47.96112,-50.22686,-201.2304,2.719532,-0.04521092,0.08094347,2.628556,0.6696388,-26.6019,-0.05284756,0.03251063,-1.231831,-0.01473474
2697,0.016786,1,100,0,-31.64661,0,0,0.9424304,0,0,134.9892,-0.934872,-0.02121993,-0.3543504,-0.0113902,0.999491,-0.02980313,0.3548024,-0.02382598,-0.9346378,-47.9168,-50.22763,-201.2322,2.61085,-0.04221015,-0.03675091,2.559171,0.6552496,-25.2057,-0.1183324,0.03248005,-1.167191,-0.01827766
2698,0.016572,1,100,0,-23.36061,0,0,0.9616903,0,0,134.9893,-0.9414394,-0.02043419,-0.3365624,-0.01126922,0.9995112,-0.02916222,0.3369938,-0.02366166,-0.9412096,-47.87479,-50.22832,-201.2357,2.50207,-0.0386061,-0.1356243,2.48946,0.6320601,-23.72257,-0.1804771,0.03188621,-1.098526,-0.02156221
2699,0.016634,1,100,0,-15.04361,0,0,0.9717464,0,0,134.9891,-0.9473167,-0.0196236,-0.3196968,-0.01108201,0.9995319,-0.02851529,0.3201067,-0.02347012,-0.9470908,-47.83441,-50.22896,-201.2407,2.388728,-0.03420363,-0.2102773,2.419909,0.5996299,-22.13667,-0.2401323,0.03070426,-1.025106,-0.0246421
2700,0.016721,1,100,0,-6.683111,0,0,0.9646022,0,0,134.9889,-0.9525387,-0.01879194,-0.3038373,-0.01082852,0.9995529,-0.02787334,0.3042252,-0.02326033,-0.9523163,-47.79569,-50.22952,-201.2469,2.270345,-0.02909308,-0.2645271,2.343604,0.5593802,-20.45225,-0.2973862,0.02901597,-0.9471251,-0.0275314
2701,0.016654,1,100,0,1.643888,0,0,0.9432864,0,0,134.9888,-0.957094,-0.01795159,-0.2892217,-0.01051289,0.9995736,-0.02725285,0.2895876,-0.02304298,-0.9568746,-47.75904,-50.22999,-201.2538,2.149419,-0.02343896,-0.2988332,2.259184,0.5128412,-18.69331,-0.3514313,0.02690129,-0.8656955,-0.0301945
2702,0.016696,1,100,0,9.991889,0,0,0.9089313,0,0,134.9886,-0.961054,-0.01710152,-0.275831,-0.0101361,0.9995932,-0.02665844,0.2761746,-0.02282435,-0.9608364,-47.72427,-50.23036,-201.2612,2.024856,-0.01721197,-0.3113929,2.168405,0.4605681,-16.85454,-0.402497,0.02439362,-0.7805704,-0.03264743
2703,0.016676,1,100,0,18.32989,0,0,0.8588043,0,0,134.9885,-0.9644429,-0.01624917,-0.2637914,-0.009702827,0.9996123,-0.02610035,0.2641132,-0.02261277,-0.9642266,-47.69157,-50.23062,-201.2687,1.897925,-0.01060407,-0.3054776,2.067407,0.4043608,-14.94917,-0.4503132,0.02159792,-0.692362,-0.03488149
2704,0.016756,1,100,0,26.70789,0,0,0.7960566,0,0,134.9883,-0.9673166,-0.01539346,-0.2531039,-0.009214225,0.9996303,-0.02558116,0.2534041,-0.02241293,-0.9671009,-47.66078,-50.23077,-201.276,1.768054,-0.003618541,-0.2800831,1.958965,0.344864,-12.97012,-0.4950368,0.01855444,-0.6007424,-0.03690498
2705,0.016632,1,100,0,35.02389,0,0,0.7189819,0,0,134.9882,-0.9696772,-0.0145489,-0.2439558,-0.008680735,0.9996469,-0.02511215,0.244235,-0.02223297,-0.9694611,-47.63231,-50.2308,-201.2827,1.638227,0.003403266,-0.2407386,1.838665,0.284564,-10.94855,-0.5360347,0.01540793,-0.5071539,-0.03869087
2706,0.016685,1,100,0,43.36639,0,0,0.6334234,0,0,134.988,-0.9715853,-0.01371036,-0.2362921,-0.008101828,0.9996623,-0.02469026,0.2365508,-0.0220743,-0.9713683,-47.60585,-50.23071,-201.2886,1.507125,0.01053455,-0.1843281,1.714679,0.2234105,-8.866259,-0.5736453,0.01215973,-0.4107524,-0.04025208
2707,0.016717,1,100,0,51.72488,0,0,0.5353295,0,0,134.9879,-0.973062,-0.01288307,-0.2301833,-0.007482822,0.9996763,-0.02431822,0.2304221,-0.02194072,-0.9728435,-47.58146,-50.23051,-201.2935,1.375555,0.01756604,-0.1159301,1.582145,0.1630856,-6.729477,-0.6078122,0.008913536,-0.3118276,-0.04158613
2708,0.016945,1,100,0,60.19738,0,0,0.4293548,0,0,134.9876,-0.9741365,-0.01206174,-0.225638,-0.006820833,0.9996889,-0.02399227,0.2258572,-0.02183271,-0.9739157,-47.55888,-50.23018,-201.2973,1.242531,0.02455017,-0.03385502,1.446831,0.1036127,-4.513583,-0.6387591,0.005675459,-0.2092382,-0.0426953
2709,0.016414,1,100,0,68.40438,0,0,0.3130705,0,0,134.9881,-0.974784,-0.01128736,-0.2228652,-0.006151261,0.9996997,-0.02372653,0.2230661,-0.02175734,-0.9745606,-47.53909,-50.22975,-201.2995,1.114833,0.03059411,0.04509979,1.295802,0.04989225,-2.330973,-0.6653224,0.002732665,-0.108188,-0.04354628
2710,0.01669,1,100,0,76.74938,0,0,0.2040634,0,0,134.9877,-0.9750558,-0.01052496,-0.221711,-0.005447282,0.9997092,-0.02350128,0.2218938,-0.02170734,-0.9748296,-47.52102,-50.22922,-201.3004,0.9869354,0.03650111,0.1404667,1.161967,-0.002471671,-0.06917465,-0.6884654,-0.0001685958,-0.003469742,-0.04415336
2711,0.01678,1,100,0,85.13938,0,0,0.08127144,0,0,134.9877,-0.9749343,-0.009788822,-0.2222781,-0.004721079,0.9997171,-0.02331904,0.2224435,-0.02168513,-0.9747047,-47.5049,-50.22859,-201.2998,0.8605893,0.04173423,0.2345341,1.019882,-0.05009103,2.243934,-0.7082161,-0.002817192,0.1036264,-0.04452617
2712,0.016581,1,100,0,93.42989,0,0,0.03807396,0,0,134.9879,-0.9744151,-0.009095976,-0.2245714,-0.00399035,0.9997233,-0.02317838,0.22472,-0.02168925,-0.9741818,-47.49096,-50.22789,-201.2976,0.7385263,0.04605591,0.3248352,0.8802033,-0.09210435,4.561122,-0.7242532,-0.005162911,0.2109135,-0.04465905
2713,0.016683,1,100,0,101.7714,0,0,0.1514858,0,0,134.9877,-0.9734761,-0.008437894,-0.2286336,-0.003246988,0.9997287,-0.02307071,0.2287663,-0.02171641,-0.9732394,-47.47885,-50.22711,-201.2938,0.6208223,0.04967317,0.415558,0.7544066,-0.1298839,6.9257,-0.7366748,-0.007283051,0.320397,-0.04453874
2714,0.016638,1,100,0,86.38123,0,0,0.2634929,0,0,134.9884,-0.9721345,-0.00782045,-0.2342933,-0.002500874,0.9997324,-0.02299328,0.2344105,-0.02176662,-0.9718939,-47.46861,-50.2263,-201.2888,0.514148,0.05176021,0.465035,0.635105,-0.1574592,8.656034,-0.7460304,-0.00888607,0.4005138,-0.04446159
2715,0.016662,1,100,0,94.71223,0,0,0.3325696,0,0,134.9883,-0.9704307,-0.00723548,-0.2412714,-0.00175161,0.9997354,-0.02293579,0.2413735,-0.02183498,-0.9701865,-47.46,-50.22544,-201.283,0.4177749,0.0532052,0.518811,0.5415908,-0.1808207,10.47324,-0.7511295,-0.01023984,0.4846557,-0.04407142
2716,0.016696,1,100,0,103.0602,0,0,0.4036653,0,0,134.9884,-0.9683176,-0.006689662,-0.2496328,-0.00100454,0.9997375,-0.02289439,0.2497204,-0.02191828,-0.9680701,-47.45286,-50.22457,-201.2762,0.3302251,0.05384478,0.5626726,0.4581563,-0.1981734,12.37298,-0.7526181,-0.01122789,0.572622,-0.04340997
2717,0.016693,1,100,0,87.61921,0,0,0.4634228,0,0,134.989,-0.9657919,-0.006185171,-0.2592446,-0.0002653534,0.9997386,-0.02286365,0.2593182,-0.02201274,-0.9655412,-47.44706,-50.2237,-201.269,0.2557106,0.05320946,0.5694773,0.3868722,-0.2060937,13.68188,-0.7510029,-0.01170277,0.6332304,-0.04277262
2718,0.016671,1,100,0,95.95471,0,0,0.4847147,0,0,134.989,-0.9628936,-0.005717895,-0.2698209,0.0004620273,0.9997392,-0.02283472,0.2698811,-0.02211208,-0.9626399,-47.4424,-50.22284,-201.2616,0.191604,0.0520028,0.5770426,0.3327882,-0.2098931,15.11121,-0.7453731,-0.01191481,0.6994189,-0.04182493
2719,0.016753,1,100,0,104.3312,0,0,0.5049238,0,0,134.9891,-0.9595436,-0.005292483,-0.2815108,0.001176033,0.9997394,-0.02280395,0.2815581,-0.02221245,-0.9592873,-47.43868,-50.222,-201.2542,0.1356486,0.05013804,0.5740894,0.2885011,-0.2084413,16.66215,-0.7363511,-0.01179023,0.7712396,-0.04060631
2720,0.016637,1,100,0,88.94199,0,0,0.5136374,0,0,134.9897,-0.9557683,-0.004915035,-0.2940799,0.001864215,0.9997392,-0.02276766,0.2941151,-0.02230884,-0.9555098,-47.43582,-50.22121,-201.247,0.09041062,0.04720507,0.5381279,0.2506122,-0.1993511,17.64462,-0.7247983,-0.01123367,0.8167397,-0.03944713
2721,0.01668,1,100,0,97.28198,0,0,0.4886485,0,0,134.9897,-0.9515726,-0.004576719,-0.3073901,0.002530436,0.9997387,-0.02271842,0.3074137,-0.02239606,-0.9513124,-47.4336,-50.22047,-201.2403,0.05457681,0.04383592,0.5030224,0.2303463,-0.1876416,18.78097,-0.709609,-0.01049689,0.8693659,-0.0379931
2722,0.016925,1,100,0,105.7445,0,0,0.4627355,0,0,134.9898,-0.9468262,-0.004281852,-0.3217176,0.003176302,0.9997386,-0.02265384,0.3217305,-0.02247112,-0.9465652,-47.43185,-50.21978,-201.2343,0.02700917,0.03988673,0.4560488,0.2283483,-0.1720051,20.07896,-0.691241,-0.00949433,0.9294792,-0.03627148
2723,0.016487,1,100,0,90.49401,0,0,0.4238865,0,0,134.9906,-0.9417103,-0.00404272,-0.3364006,0.003772655,0.999738,-0.02257549,0.3364038,-0.0225287,-0.9414483,-47.43053,-50.21918,-201.2292,0.005465299,0.03512347,0.3811105,0.2280139,-0.1516425,20.81359,-0.6718303,-0.008221747,0.9635063,-0.03471224
2724,0.016682,1,100,0,98.83501,0,0,0.3577486,0,0,134.9904,-0.9360866,-0.00384283,-0.3517492,0.004341404,0.9997383,-0.02247554,0.3517435,-0.02256614,-0.9358249,-47.42946,-50.21865,-201.2253,-0.005307794,0.0300118,0.3085411,0.2751643,-0.1304862,21.73063,-0.649002,-0.006877011,1.005981,-0.03286685
2725,0.016775,1,100,0,107.2225,0,0,0.2912847,0,0,134.9907,-0.9299017,-0.003691534,-0.36779,0.004873257,0.9997385,-0.02235574,0.3677764,-0.02258098,-0.9296405,-47.42846,-50.2182,-201.2227,-0.009523839,0.02430065,0.2195949,0.3327826,-0.1068323,22.81241,-0.6243516,-0.005348261,1.056085,-0.03084635
2726,0.016598,1,100,0,91.86937,0,0,0.2081957,0,0,134.9911,-0.9232446,-0.003590542,-0.384196,0.005357532,0.9997389,-0.02221761,0.3841755,-0.02257063,-0.9229842,-47.42747,-50.21786,-201.2216,-0.005804524,0.0178699,0.1163395,0.4015447,-0.08172926,23.36544,-0.5984557,-0.003744824,1.081705,-0.02896867
2727,0.016654,1,100,0,100.1964,0,0,0.1100128,0,0,134.9912,-0.9160839,-0.00353182,-0.4009711,0.005800786,0.9997399,-0.02205872,0.4009447,-0.02253358,-0.9158251,-47.42633,-50.21764,-201.2221,0.006192669,0.01005595,0.007277638,0.4964711,-0.05659587,24.10812,-0.5707368,-0.002111507,1.116107,-0.0269096
2728,0.016705,1,100,0,84.74424,0,0,0.004408723,0,0,134.9917,-0.9084086,-0.003515853,-0.4180691,0.006200636,0.9997416,-0.02188073,0.418038,-0.02246893,-0.908152,-47.425,-50.21765,-201.2246,0.01394503,-0.01643002,-0.111077,0.5805931,-0.02901223,24.36024,-0.5421532,-0.0003344468,1.127795,-0.02500458
2729,0.016634,1,100,0,93.06124,0,0,0.1070735,0,0,134.9928,-0.9003408,-0.003536512,-0.4351713,0.006553835,0.9997435,-0.02168408,0.4351363,-0.02237511,-0.9000867,-47.42339,-50.21794,-201.2289,0.04335171,-0.01349976,-0.2452549,0.6491398,0.00393394,24.82158,-0.5158851,0.001815469,1.149169,-0.023178
2730,0.016664,1,100,0,77.64704,0,0,0.2399166,0,0,134.9925,-0.8918296,-0.003590031,-0.4523577,0.006862045,0.9997464,-0.02146287,0.45232,-0.02224533,-0.8915788,-47.42121,-50.21819,-201.2351,0.08648223,-0.01372347,-0.3581024,0.7853712,0.03064463,24.81746,-0.4862829,0.003551031,1.148991,-0.02133975
2731,0.016687,1,100,0,62.21157,0,0,0.3586994,0,0,134.9925,-0.8830316,-0.003668276,-0.4692995,0.007127157,0.9997495,-0.02122496,0.4692598,-0.02208708,-0.8827843,-47.41824,-50.21845,-201.2432,0.14349,-0.01460364,-0.4640693,0.9070622,0.05323422,24.38614,-0.4540478,0.005005444,1.129031,-0.01951326
2732,0.016722,1,100,0,46.74372,0,0,0.4773297,0,0,134.9923,-0.8741047,-0.003763687,-0.485723,0.007351163,0.9997529,-0.02097583,0.4856819,-0.0219057,-0.873861,-47.41424,-50.21872,-201.253,0.2157718,-0.01549154,-0.5507922,1.028586,0.07045613,23.56314,-0.4182311,0.006095654,1.090935,-0.01761737
2733,0.016929,1,100,0,31.08439,0,0,0.5864516,0,0,134.9919,-0.8651307,-0.003871943,-0.5015318,0.007537334,0.9997571,-0.02072008,0.5014902,-0.02170579,-0.8648913,-47.40892,-50.21901,-201.2643,0.3056343,-0.0157707,-0.6110942,1.145396,0.08220498,22.36547,-0.3776132,0.006811592,1.035491,-0.0155607
2734,0.016493,1,100,0,22.83789,0,0,0.6821449,0,0,134.992,-0.8565983,-0.00398699,-0.5159686,0.007680533,0.999761,-0.02047638,0.515927,-0.02150295,-0.8563629,-47.40229,-50.21929,-201.2762,0.397764,-0.01593718,-0.6588156,1.227156,0.08946375,21.07537,-0.3357189,0.007231109,0.9757696,-0.01345021
2735,0.016618,1,100,0,14.52889,0,0,0.7697451,0,0,134.9916,-0.848302,-0.004112347,-0.5294968,0.007787937,0.9997649,-0.02024168,0.5294557,-0.02129474,-0.8480706,-47.39407,-50.21958,-201.2889,0.5017813,-0.01562193,-0.6816949,1.320075,0.09193413,19.66245,-0.2896376,0.00733301,0.9103606,-0.01111043
2736,0.016938,1,100,0,6.059893,0,0,0.844129,0,0,134.9911,-0.8402485,-0.00425191,-0.5421851,0.007859765,0.9997689,-0.02002099,0.542145,-0.02108406,-0.8400208,-47.3839,-50.21986,-201.302,0.6181118,-0.01482028,-0.6841336,1.407703,0.09062305,18.11437,-0.2389473,0.007180578,0.8386948,-0.008516284
2737,0.016458,1,100,0,-2.169106,0,0,0.9101052,0,0,134.991,-0.8329028,-0.004401531,-0.5534018,0.007893525,0.9997722,-0.01983201,0.5533631,-0.02088642,-0.8326784,-47.3722,-50.22012,-201.3148,0.7297586,-0.01368244,-0.6718087,1.463459,0.08578262,16.51855,-0.1875426,0.006793445,0.7648186,-0.005878625
2738,0.016739,1,100,0,-10.53861,0,0,0.9635078,0,0,134.9904,-0.825995,-0.004568463,-0.5636591,0.007892846,0.9997756,-0.0196695,0.5636225,-0.02069578,-0.8257737,-47.35843,-50.22036,-201.3275,0.849844,-0.0119114,-0.6340057,1.534822,0.07732785,14.80804,-0.1316786,0.006161375,0.6856335,-0.002984298
2739,0.016688,1,100,0,-18.88261,0,0,1.002783,0,0,134.9901,-0.8197528,-0.004752622,-0.5726979,0.007857352,0.9997782,-0.01954373,0.5726637,-0.02052092,-0.8195336,-47.34277,-50.22058,-201.3394,0.9696801,-0.009718867,-0.5813268,1.58692,0.06654093,13.02357,-0.07369183,0.005367397,0.6030247,3.437232e-05
2740,0.016634,1,100,0,-27.19961,0,0,1.031917,0,0,134.9897,-0.8142428,-0.004955352,-0.5805034,0.007788104,0.9997804,-0.01945841,0.5804724,-0.02036489,-0.8140255,-47.32524,-50.22075,-201.3504,1.088293,-0.007058367,-0.5113026,1.634741,0.05350577,11.17348,-0.01366394,0.004415515,0.5173777,0.003174976
2741,0.016704,1,100,0,-35.55161,0,0,1.048081,0,0,134.9892,-0.8094892,-0.005179686,-0.5871121,0.007685193,0.9997821,-0.01941646,0.5870847,-0.02022948,-0.809273,-47.30573,-50.22088,-201.3602,1.206379,-0.003952057,-0.4248203,1.680807,0.03876608,9.249075,0.04860555,0.003337738,0.4282909,0.006446211
2742,0.016637,1,100,0,-43.87011,0,0,1.052122,0,0,134.9888,-0.8055904,-0.005425321,-0.5924484,0.007549847,0.9997832,-0.01942149,0.5924253,-0.02011866,-0.8053747,-47.28442,-50.22096,-201.3684,1.320574,-0.0005266163,-0.3263275,1.719533,0.02305577,7.272444,0.1119289,0.00218009,0.3367858,0.00977878
2743,0.016675,1,100,0,-52.20761,0,0,1.045168,0,0,134.9883,-0.8025698,-0.005694327,-0.596531,0.007381755,0.999783,-0.01947504,0.5965125,-0.02003353,-0.8023537,-47.26125,-50.22099,-201.375,1.431689,0.003216874,-0.2150915,1.759295,0.006672762,5.235488,0.1764797,0.0009581062,0.2424878,0.01317874
2744,0.016688,1,100,0,-60.55161,15.0192,0,1.026536,0,0,134.988,-0.8004813,-0.005986818,-0.5993279,0.007181279,0.9997826,-0.01957859,0.5993148,-0.01997624,-0.8002643,-47.23629,-50.22095,-201.3798,1.542866,0.007119279,-0.09516841,1.800183,-0.009402119,3.142319,0.2412663,-0.0002683026,0.145587,0.01658159
2745,0.016687,1,100,0,-68.89511,30.0375,0,1.00068,0,0,134.9876,-0.7993655,-0.006301924,-0.6008121,0.006948787,0.9997812,-0.0197319,0.600805,-0.01994791,-0.7991468,-47.20956,-50.22085,-201.3825,1.653949,0.01109413,0.03176683,1.846536,-0.02467294,0.9989194,0.3056836,-0.001470197,0.04635984,0.01994773
2746,0.01667,1,100,0,-77.23011,45.0405,0,0.9680932,0,0,134.9873,-0.7992519,-0.006637972,-0.6009596,0.006684763,0.9997789,-0.01993364,0.6009591,-0.01994927,-0.7990308,-47.18108,-50.22068,-201.3832,1.764854,0.0150362,0.1627711,1.899736,-0.03861349,-1.188825,0.3690152,-0.002616549,-0.0549211,0.0232301
2747,0.016884,1,100,0,-85.67211,60.2361,0,0.9302459,0,0,134.9869,-0.8001771,-0.006997447,-0.5997232,0.006385297,0.9997761,-0.02018473,0.5997301,-0.01998077,-0.7999533,-47.15043,-50.22046,-201.3816,1.878223,0.01891202,0.2992356,1.96542,-0.05107944,-3.451108,0.4317311,-0.003705263,-0.1596539,0.02644456
2748,0.016493,1,100,0,-93.91861,75.0798,0,0.8866745,0,0,134.9871,-0.8021104,-0.007365313,-0.5971307,0.006061665,0.9997723,-0.02047418,0.5971455,-0.02004216,-0.8018831,-47.11873,-50.22017,-201.378,1.988038,0.02238401,0.4252074,2.031869,-0.06038089,-5.697266,0.4901074,-0.004618825,-0.2636417,0.02938103
2749,0.016737,1,100,0,-102.2871,90.1431,0,0.8457329,0,0,134.9867,-0.8051099,-0.007750182,-0.5930752,0.005702497,0.9997675,-0.02080599,0.5930985,-0.02013312,-0.8048785,-47.08479,-50.21983,-201.3722,2.101424,0.02565253,0.5555228,2.115151,-0.0677586,-8.016973,0.547008,-0.005451059,-0.3710358,0.03218742
2750,0.016709,1,100,0,-86.83128,100,0,0.7987065,0,0,134.9875,-0.8090442,-0.008147183,-0.5876914,0.005312045,0.9997618,-0.02117254,0.5877239,-0.02025136,-0.8088081,-47.04911,-50.21944,-201.3646,2.207153,0.02752556,0.6299205,2.201997,-0.06739286,-9.707662,0.5960636,-0.005729705,-0.4493061,0.03470524
2751,0.016603,1,100,0,-95.13278,100,0,0.7871545,0,0,134.9872,-0.8136859,-0.008553794,-0.581242,0.004891574,0.9997557,-0.02156057,0.5812843,-0.02038672,-0.8134453,-47.01202,-50.21902,-201.3558,2.304449,0.02916761,0.710314,2.285733,-0.06668872,-11.47286,0.6419667,-0.006023865,-0.5310282,0.03698337
2752,0.016683,1,100,0,-103.4743,100,0,0.7611437,0,0,134.9871,-0.8190951,-0.008968642,-0.5735875,0.004438789,0.9997487,-0.0219708,0.5736405,-0.02054221,-0.8188495,-46.97323,-50.21858,-201.3457,2.394347,0.03030278,0.7839223,2.362905,-0.06389286,-13.32864,0.6840429,-0.006225898,-0.616946,0.03896977
2753,0.01673,1,100,0,-87.99903,100,0,0.7309577,0,0,134.9877,-0.8251746,-0.009389,-0.5647997,0.003955036,0.9997413,-0.02239762,0.5648638,-0.02071575,-0.824924,-46.93295,-50.21814,-201.3347,2.471568,0.0300728,0.8081722,2.433732,-0.05455008,-14.60259,0.7182305,-0.005939898,-0.6759248,0.04064993
2754,0.016688,1,100,0,-96.34303,100,0,0.7287956,0,0,134.9875,-0.8317096,-0.009811143,-0.5551244,0.003443439,0.9997337,-0.02282816,0.5552006,-0.02089794,-0.8314543,-46.89158,-50.21769,-201.3233,2.541007,0.0295195,0.8367294,2.494002,-0.04499863,-15.99857,0.7483466,-0.005681411,-0.7405561,0.04201345
2755,0.016672,1,100,0,-104.679,100,0,0.7144492,0,0,134.9875,-0.8387285,-0.01022802,-0.5444541,0.002907259,0.9997255,-0.02325929,0.5445426,-0.0210911,-0.8384686,-46.84919,-50.21727,-201.3116,2.603347,0.02839141,0.8558964,2.546236,-0.03339581,-17.50892,0.7734679,-0.005331596,-0.8104852,0.04300136
2756,0.016721,1,100,0,-89.2121,100,0,0.6993921,0,0,134.9881,-0.8461773,-0.0106376,-0.5327955,0.002346641,0.9997168,-0.02368688,0.5328965,-0.02129358,-0.8459126,-46.80574,-50.21686,-201.2997,2.654194,0.0260333,0.8330581,2.590998,-0.01626316,-18.46735,0.7907692,-0.004542706,-0.8548598,0.04368369
2757,0.016654,1,100,0,-97.53911,100,0,0.7091619,0,0,134.988,-0.8538401,-0.01103544,-0.5204187,0.001767399,0.9997083,-0.02409848,0.5205328,-0.02149604,-0.8535715,-46.76169,-50.2165,-201.2883,2.698493,0.02338234,0.81325,2.625457,0.0007204339,-19.57522,0.8035395,-0.003802646,-0.9061561,0.04401156
2758,0.016711,1,100,0,-105.8946,100,0,0.7099848,0,0,134.9881,-0.8618014,-0.01141568,-0.5071173,0.001170589,0.9996992,-0.02449347,0.5072444,-0.02170213,-0.8615288,-46.71684,-50.21619,-201.2772,2.737054,0.02022088,0.784534,2.65285,0.01930114,-20.82961,0.811211,-0.002999163,-0.9642394,0.04394668
2759,0.01668,1,100,0,-90.46561,100,0,0.7120181,0,0,134.9887,-0.8699511,-0.01177237,-0.4929977,0.0005628383,0.9996908,-0.02486496,0.493138,-0.02190878,-0.8696755,-46.67152,-50.21594,-201.2669,2.765816,0.01609682,0.7203221,2.675102,0.04224945,-21.54951,0.8115955,-0.001811392,-0.9975743,0.04361377
2760,0.016639,1,100,0,-98.78511,100,0,0.7371298,0,0,134.9886,-0.8781366,-0.01210432,-0.4782569,-5.253032e-05,0.9996823,-0.02520475,0.47841,-0.02210809,-0.8778583,-46.6259,-50.21576,-201.2576,2.789369,0.01181246,0.6587846,2.690142,0.06450018,-22.4422,0.8076078,-0.0007048813,-1.038913,0.04293025
2761,0.016908,1,100,0,-107.2391,100,0,0.7558812,0,0,134.9886,-0.8865441,-0.01240789,-0.4624777,-0.0006806171,0.9996743,-0.02551572,0.4626437,-0.02230604,-0.8862638,-46.57923,-50.21565,-201.2494,2.80745,0.007086236,0.5880889,2.699525,0.087859,-23.51672,0.7986003,0.0004337618,-1.088673,0.04184698
2762,0.016466,1,100,0,-92.00806,100,0,0.7774888,0,0,134.9895,-0.8947641,-0.01266748,-0.4463593,-0.001290621,0.9996667,-0.02578293,0.4465371,-0.02249356,-0.8944822,-46.53354,-50.21563,-201.2427,2.81962,0.001830135,0.4869352,2.70885,0.114352,-24.05696,0.7836518,0.001901476,-1.113695,0.04059391
2763,0.016671,1,100,0,-100.3436,100,0,0.8234689,0,0,134.9892,-0.9029893,-0.01289365,-0.4294698,-0.001903321,0.99966,-0.02601018,0.4296591,-0.0226695,-0.9027068,-46.48714,-50.21569,-201.2374,2.826324,-0.003443472,0.3920178,2.715249,0.1390254,-24.7962,0.7648578,0.003216541,-1.147933,0.03901552
2764,0.01691,1,100,0,-84.70182,100,0,0.860557,0,0,134.9894,-0.9111921,-0.01308257,-0.4117742,-0.002514366,0.9996538,-0.02619633,0.4119743,-0.02283453,-0.9109095,-46.44004,-50.21584,-201.2339,2.822257,-0.009198968,0.2768745,2.718701,0.1650974,-25.04605,0.7402547,0.004746252,-1.159509,0.03726404
2765,0.016445,1,100,0,-92.92432,100,0,0.9106998,0,0,134.9899,-0.918932,-0.01322843,-0.3941944,-0.003094546,0.9996485,-0.02633246,0.3944041,-0.02297789,-0.9186499,-46.39433,-50.21608,-201.2323,2.816566,-0.0147489,0.1582513,2.721136,0.1897662,-25.49843,0.7126532,0.006156065,-1.180466,0.03524588
2766,0.016677,1,100,0,-101.2628,100,0,0.9658267,0,0,134.9898,-0.9265862,-0.01332918,-0.3758467,-0.003661894,0.9996444,-0.02642402,0.3760652,-0.02310783,-0.9263055,-46.34814,-50.21642,-201.2327,2.805895,-0.02030214,0.03645623,2.725869,0.2132437,-26.15765,0.6813154,0.007458969,-1.211003,0.03290706
2767,0.01667,1,100,0,-85.84306,100,0,1.021899,0,0,134.99,-0.9340084,-0.01338004,-0.3570006,-0.004202932,0.9996408,-0.0264696,0.3572265,-0.02322238,-0.9337291,-46.30219,-50.21684,-201.2351,2.788016,-0.02583908,-0.09431916,2.731754,0.2362191,-26.33553,0.6462719,0.008865816,-1.219251,0.03053403
2768,0.016737,1,100,0,-94.21156,100,0,1.084622,0,0,134.9901,-0.9411412,-0.0133836,-0.3377486,-0.004716545,0.9996386,-0.02646889,0.3379808,-0.02331795,-0.9408643,-46.25641,-50.21735,-201.2397,2.765205,-0.03125034,-0.2305501,2.739251,0.2576584,-26.7395,0.6081262,0.01014237,-1.237971,0.02787657
2769,0.016625,1,100,0,-102.5241,100,0,1.152231,0,0,134.9905,-0.9479491,-0.01333211,-0.3181431,-0.005190861,0.9996374,-0.02642397,0.31838,-0.02339714,-0.9476745,-46.21135,-50.21795,-201.2466,2.74126,-0.03656367,-0.379168,2.749717,0.2787129,-27.34219,0.5677008,0.01137368,-1.265893,0.02499679
2770,0.016768,1,100,0,-87.01366,100,0,1.232946,0,0,134.9903,-0.9545044,-0.013223,-0.2979032,-0.005629305,0.9996373,-0.02633409,0.2981434,-0.02345902,-0.9542327,-46.16636,-50.21865,-201.2559,2.709773,-0.04146072,-0.5207528,2.771457,0.2966433,-27.46984,0.5249652,0.01254633,-1.271818,0.02217428
2771,0.016648,1,100,0,-95.33766,100,0,1.305793,0,0,134.9907,-0.9606292,-0.01306256,-0.2775265,-0.006022467,0.9996385,-0.02620461,0.2777685,-0.02350152,-0.9603606,-46.12225,-50.21941,-201.2676,2.675446,-0.04623963,-0.6768643,2.789555,0.3139674,-27.82219,0.4804945,0.01365362,-1.288149,0.0191558
2772,0.016859,1,100,0,-103.7672,100,0,1.394275,0,0,134.9909,-0.9664737,-0.01283985,-0.2564446,-0.006372639,0.9996408,-0.0260339,0.2566868,-0.02352685,-0.9662084,-46.07822,-50.22026,-201.282,2.637025,-0.05090797,-0.8449507,2.821848,0.3302923,-28.39241,0.4339725,0.01468032,-1.31457,0.01592271
2773,0.016452,1,100,0,-88.54906,100,0,1.494486,0,0,134.991,-0.9718052,-0.01256362,-0.2354508,-0.006664954,0.9996442,-0.02583178,0.2356916,-0.02353418,-0.9715431,-46.03589,-50.22116,-201.2987,2.597859,-0.05486693,-0.9991193,2.859867,0.3425384,-28.48634,0.3883626,0.0155842,-1.318935,0.0129564
2774,0.016684,1,100,0,-96.89107,100,0,1.584272,0,0,134.9911,-0.9767745,-0.01223034,-0.2139206,-0.006911205,0.9996485,-0.02559527,0.2141585,-0.02352236,-0.9765157,-45.99368,-50.22214,-201.3182,2.551718,-0.05904973,-1.166549,2.904126,0.3534666,-28.81263,0.3411784,0.01638296,-1.334059,0.009801606
2775,0.016853,1,100,0,-105.3176,100,0,1.687015,0,0,134.9914,-0.98137,-0.01183333,-0.1917623,-0.007104689,0.9996539,-0.02532774,0.1919956,-0.02349348,-0.9811144,-45.95187,-50.22319,-201.3408,2.501422,-0.06320715,-1.355027,2.958882,0.3644181,-29.35628,0.2930027,0.01717438,-1.35925,0.00650139
2776,0.016508,1,100,0,-90.04767,91.746,0,1.811183,0,0,134.9913,-0.9854344,-0.01138616,-0.1696745,-0.007239078,0.9996602,-0.02504005,0.1699019,-0.02344704,-0.9851819,-45.9118,-50.22427,-201.3658,2.444077,-0.06648773,-1.517082,3.022096,0.3693651,-29.42515,0.2469425,0.01771149,-1.362454,0.00354483
2777,0.016669,1,100,0,-98.38217,83.4115,0,1.911414,0,0,134.9916,-0.9890507,-0.01088563,-0.1471748,-0.007322248,0.9996674,-0.02473207,0.1473951,-0.02338362,-0.9888014,-45.87238,-50.22543,-201.3937,2.375456,-0.06920177,-1.701147,3.079428,0.3717227,-29.72264,0.205409,0.0180674,-1.376243,0.0007922892
2778,0.016691,1,100,0,-106.7277,75.066,0,2.033845,0,0,134.9919,-0.9921924,-0.01033367,-0.1242883,-0.007353735,0.999675,-0.02441091,0.1245002,-0.02330633,-0.9919459,-45.83411,-50.22662,-201.4248,2.299891,-0.07184039,-1.903929,3.152196,0.3738212,-30.22807,0.1645229,0.01840124,-1.399661,-0.001996927
2779,0.016717,1,100,0,-91.26444,66.7075,0,2.176605,0,0,134.9914,-0.9948356,-0.009731804,-0.1010337,-0.007333866,0.9996834,-0.02407843,0.101236,-0.02321311,-0.9945919,-45.79712,-50.22785,-201.459,2.214274,-0.07345351,-2.07281,3.245851,0.368634,-30.26565,0.124933,0.01838628,-1.401414,-0.004499621
2780,0.016645,1,100,0,-99.58694,58.38501,0,2.28747,0,0,134.992,-0.9969325,-0.009091577,-0.07773764,-0.007265131,0.9996918,-0.02374564,0.07792957,-0.02310803,-0.9966913,-45.76176,-50.2291,-201.496,2.121884,-0.07520525,-2.267987,3.314919,0.3648812,-30.52873,0.08658138,0.0184483,-1.413608,-0.007009222
2781,0.016715,1,100,0,-107.9444,50.0275,0,2.427578,0,0,134.9923,-0.9985033,-0.008403752,-0.05404368,-0.007146748,0.9997005,-0.02341037,0.05422423,-0.0229891,-0.9982643,-45.72787,-50.23038,-201.5364,2.023076,-0.07702248,-2.482862,3.414986,0.3612688,-31.00222,0.04965287,0.01851987,-1.435544,-0.009505121
2782,0.016648,1,100,0,-92.54504,41.7035,0,2.590023,0,0,134.9918,-0.9995153,-0.007676719,-0.030172,-0.006981591,0.9997093,-0.02307704,0.03034038,-0.02285521,-0.9992783,-45.69581,-50.23168,-201.5798,1.916824,-0.07781999,-2.655845,3.536726,0.3498177,-31.01212,0.01481448,0.01818584,-1.436014,-0.01166807
2783,0.01667,1,100,0,-100.88,33.3685,0,2.713864,0,0,134.9923,-0.9999569,-0.006914969,-0.006185248,-0.006772577,0.9997181,-0.02275311,0.006340841,-0.02271024,-0.9997218,-45.66555,-50.23298,-201.6263,1.802958,-0.07892441,-2.857205,3.629791,0.3403882,-31.24868,-0.01822038,0.01797293,-1.446978,-0.01380091
2784,0.016696,1,100,0,-85.43624,25.0205,0,2.869635,0,0,134.8801,-0.9998209,-0.006120687,0.01790747,-0.006521991,0.999727,-0.02243797,-0.01776524,-0.02255074,-0.999588,-45.63694,-50.23317,-201.6201,1.896012,0.05060287,3.35642,3.755224,-0.5207736,-29.67929,-0.03903591,-0.03661974,-1.374402,-0.01441414
2785,0.016742,1,100,0,-93.80724,16.6495,0,3.389861,0,0,134.9471,-0.9991477,-0.005327538,0.04093577,-0.006272684,0.9997161,-0.02299486,-0.04080164,-0.02323204,-0.9988974,-45.60711,-50.23236,-201.5676,1.550026,0.04347306,2.703126,3.116306,-0.3457989,-29.83782,-0.0921063,-0.02499562,-1.381754,-0.01824161
2786,0.016994,1,100,0,-102.3042,8.152504,0,2.7644,0,0,135,-0.9979097,-0.004441496,0.06447031,-0.005959701,0.999709,-0.02337572,-0.06434772,-0.02371109,-0.9976458,-45.58247,-50.23166,-201.5253,1.2458,0.03650931,2.055769,2.404067,-0.1808548,-30.22231,-0.1418892,-0.0139821,-1.399569,-0.02184922
2787,0.016395,1,100,0,-87.13887,0,0,2.13196,0,0,135,-0.9961748,-0.003519462,0.08731335,-0.00559881,0.9997064,-0.02358132,-0.08720473,-0.02397997,-0.9959021,-45.56343,-50.2311,-201.495,0.988832,0.02992089,1.444894,1.751114,-0.03681404,-30.14042,-0.1856868,-0.004247644,-1.395787,-0.0247662
2788,0.016743,1,100,0,-95.51037,0,0,1.525921,0,0,134.9733,-0.9938629,-0.002526675,0.1105914,-0.005172879,0.9997071,-0.02364738,-0.1104993,-0.02407433,-0.9935848,-45.54809,-50.23034,-201.4593,0.9855505,0.05625292,2.341624,1.124694,-0.1089022,-29.95407,-0.2184787,-0.008328487,-1.387174,-0.02683848
2789,0.016853,1,100,0,-79.92134,0,0,2.436859,0,0,135,-0.9910198,-0.00149819,0.133707,-0.004721158,0.9997059,-0.02379091,-0.1336321,-0.02420851,-0.9907354,-45.53271,-50.22943,-201.4234,0.7642422,0.04833075,1.709137,1.872846,0.0352163,-29.6879,-0.2541031,0.001466081,-1.374859,-0.02907864
2790,0.016498,1,100,0,-64.66069,0,0,1.7966,0,0,134.9861,-0.9877626,-0.0004648401,0.1559647,-0.00422754,0.9997081,-0.0237945,-0.1559081,-0.02416267,-0.9874762,-45.52115,-50.2286,-201.3947,0.7940028,0.05689953,1.864273,1.238968,0.05144212,-28.81222,-0.2710307,0.003059008,-1.334315,-0.02976273
2791,0.016677,1,100,0,-49.23447,0,0,1.966092,0,0,135,-0.9840981,0.0005683543,0.1776252,-0.003715822,0.9997103,-0.02378561,-0.1775873,-0.0240674,-0.9838109,-45.50903,-50.2277,-201.3671,0.5887504,0.04801648,1.249194,1.381817,0.1697636,-27.78388,-0.2970706,0.01116345,-1.286707,-0.03094236
2792,0.01665,1,100,0,-33.83321,0,0,1.334681,0,0,134.9851,-0.9801399,0.001591315,0.1983017,-0.003165,0.9997151,-0.02366599,-0.1982828,-0.0238236,-0.9798557,-45.50026,-50.22683,-201.3434,0.6089367,0.05453578,1.467511,0.7583848,0.1533859,-26.21453,-0.3132359,0.01057456,-1.21404,-0.03119246
2793,0.016706,1,100,0,-25.48021,0,0,1.55999,0,0,135,-0.9760017,0.002585461,0.2177477,-0.002609922,0.9997189,-0.02356866,-0.2177474,-0.02357136,-0.9757206,-45.49116,-50.22597,-201.3223,0.4133713,0.04469648,0.8597878,0.9550439,0.2475597,-24.73447,-0.3301207,0.0170073,-1.145513,-0.03153596
2794,0.016698,1,100,0,-17.13121,0,0,0.9299768,0,0,134.9848,-0.9717565,0.003548898,0.2359595,-0.002027422,0.9997246,-0.02338571,-0.2359775,-0.02320361,-0.9714817,-45.48528,-50.22517,-201.3054,0.4168007,0.04934073,1.108578,0.3472217,0.2049678,-22.97112,-0.3451212,0.0145894,-1.063859,-0.03160733
2795,0.016606,1,100,0,-8.828215,0,0,1.176463,0,0,135,-0.9675452,0.00446855,0.252659,-0.001455194,0.9997286,-0.02325389,-0.2526943,-0.02286685,-0.967276,-45.47937,-50.22441,-201.2903,0.2320826,0.03874828,0.5109527,0.5625268,0.2770402,-21.30451,-0.3531088,0.01945299,-0.9866918,-0.0313032
2796,0.01668,1,100,0,-0.4882145,0,0,0.5537643,0,0,134.9839,-0.9633783,0.005348991,0.2680929,-0.0008656634,0.9997338,-0.02305741,-0.2681449,-0.02244508,-0.9631172,-45.47649,-50.2237,-201.2787,0.2168715,0.04279026,0.8240023,0.0942443,0.2085699,-19.38501,-0.3683868,0.01521464,-0.8978055,-0.03135585
2797,0.016857,1,100,0,7.940286,0,0,0.8527241,0,0,135,-0.9593474,0.006198151,0.2821605,-0.0002867314,0.9997371,-0.02293587,-0.2822285,-0.02208437,-0.9590934,-45.4738,-50.22304,-201.2682,0.04321483,0.03132812,0.2204975,0.2268658,0.265451,-17.52055,-0.3680708,0.0189482,-0.811475,-0.03047811
2798,0.016505,1,100,0,16.19279,0,0,0.224366,0,0,134.9829,-0.9556241,0.006976792,0.2945064,0.0002824562,0.9997409,-0.02276712,-0.2945889,-0.02167363,-0.9553785,-45.47398,-50.22247,-201.261,0.01674949,0.03430526,0.6082273,0.38078,0.1760721,-15.49259,-0.3845145,0.01320952,-0.7175632,-0.03062195
2799,0.01674,1,100,0,24.56279,0,0,0.5867651,0,0,135,-0.9521738,0.007728646,0.3054593,0.0008348045,0.9997423,-0.02269296,-0.3055559,-0.02135264,-0.9519349,-45.47454,-50.22196,-201.2541,-0.1352097,0.02251995,0.009173119,0.1373789,0.2226972,-13.49949,-0.3764107,0.01613143,-0.6252745,-0.02925636
2800,0.016908,1,100,0,33.01678,0,0,0.03210106,0,0,134.9824,-0.9490615,0.008426069,0.3149789,0.001384013,0.9997444,-0.02257422,-0.3150886,-0.02098839,-0.9488305,-45.4775,-50.22152,-201.2499,-0.1490674,0.0253455,0.4456737,0.6109405,0.1254551,-11.31314,-0.3930307,0.009737481,-0.5240255,-0.02941766
2801,0.016439,1,100,0,41.23629,0,0,0.3764313,0,0,135,-0.946481,0.009068407,0.3226321,0.001888095,0.9997436,-0.02256141,-0.322754,-0.02074479,-0.9462554,-45.48064,-50.22117,-201.2458,-0.2763895,0.01382082,-0.14068,0.3104401,0.166842,-9.239104,-0.3780221,0.01218499,-0.4279873,-0.02764061
2802,0.016676,1,100,0,49.57429,0,0,0.2220383,0,0,134.9822,-0.9443359,0.009653605,0.3288413,0.002382474,0.9997439,-0.02250713,-0.3289744,-0.02047084,-0.9441171,-45.48589,-50.22085,-201.2438,-0.3187713,0.02171999,0.3318172,0.7899165,0.06756629,-6.997098,-0.3945708,0.005532098,-0.324159,-0.02783966
2803,0.016696,1,100,0,57.92229,0,0,0.2088513,0,0,135,-0.9427308,0.01020472,0.3333983,0.002844329,0.9997416,-0.02255754,-0.3335423,-0.02031739,-0.9425162,-45.49178,-50.22055,-201.2416,-0.4199695,0.00984717,-0.2586935,0.4933494,0.1102557,-4.783244,-0.3729724,0.007935025,-0.2216455,-0.02563537
2804,0.01667,1,100,0,66.25729,0,0,0.3837003,0,0,134.9814,-0.9416866,0.0106818,0.3363218,0.003282166,0.9997401,-0.02256246,-0.3364754,-0.02014291,-0.9414768,-45.49937,-50.22029,-201.2411,-0.4876768,0.01967679,0.2557635,0.9646074,0.009841979,-2.467464,-0.3907726,0.001098572,-0.1143993,-0.02593145
2805,0.016678,1,100,0,74.59628,0,0,0.07710047,0,0,135,-0.9412416,0.01112635,0.3375508,0.003686912,0.9997362,-0.02267255,-0.337714,-0.02009583,-0.9410343,-45.50792,-50.22003,-201.2401,-0.5622301,0.007592675,-0.3304398,0.6521892,0.0573782,-0.1670093,-0.3635272,0.003709595,-0.007874895,-0.02335994
2806,0.016685,1,100,0,82.93878,0,0,0.5006756,0,0,134.9813,-0.9413996,0.01149152,0.337098,0.004064525,0.9997336,-0.02272965,-0.3372694,-0.02002754,-0.9411955,-45.51781,-50.21981,-201.2409,-0.6493013,0.01786149,0.1839772,1.102891,-0.03588211,2.213557,-0.3809824,-0.002754432,0.102372,-0.02363019
2807,0.016629,1,100,0,91.25328,0,0,0.04547322,0,0,135,-0.9421747,0.01182192,0.3349139,0.004409666,0.9997285,-0.02288361,-0.3350935,-0.0200835,-0.941971,-45.52888,-50.21958,-201.2411,-0.6988524,0.005348087,-0.4011578,0.8058231,0.01899551,4.582798,-0.348987,0.0002517025,0.2120822,-0.02072996
2808,0.016739,1,100,0,99.62278,0,0,0.6119525,0,0,134.9814,-0.9435642,0.01206803,0.3309698,0.004727225,0.9997249,-0.02297571,-0.331156,-0.02011449,-0.9433617,-45.54098,-50.21941,-201.2433,-0.803309,0.01539668,0.09733957,1.238667,-0.06366357,7.025661,-0.3654962,-0.005591737,0.3252139,-0.02091123
2809,0.016639,1,100,0,107.9423,0,0,0.1738845,0,0,135,-0.9455445,0.01227611,0.3252612,0.005014919,0.9997194,-0.02315321,-0.3254541,-0.02026123,-0.9453408,-45.55449,-50.21922,-201.245,-0.8281029,0.002251226,-0.4925206,0.963502,-0.0001117227,9.461785,-0.3295393,-0.002076297,0.4380215,-0.01770923
2810,0.016718,1,100,0,92.47813,0,0,0.7350637,0,0,134.9816,-0.9480496,0.01239676,0.3178808,0.005273902,0.9997156,-0.02325813,-0.3180788,-0.02037339,-0.9478453,-45.56861,-50.21911,-201.249,-0.9425253,0.01168925,-0.01591671,1.382692,-0.07138955,11.28224,-0.3443516,-0.007067387,0.5223312,-0.01797983
2811,0.01692,1,100,0,100.9381,0,0,0.3146457,0,0,135,-0.9509773,0.01249088,0.309009,0.005515017,0.9997104,-0.02343816,-0.3092123,-0.02058497,-0.9507707,-45.58456,-50.21899,-201.2527,-0.9421481,-0.002277271,-0.6198517,1.12777,0.001528959,13.19964,-0.3047613,-0.002838315,0.611119,-0.0146968
2812,0.016419,1,100,0,85.75055,0,0,0.8807075,0,0,134.9818,-0.9541281,0.0125015,0.2991379,0.005721373,0.9997069,-0.02353066,-0.2993444,-0.02073979,-0.9539201,-45.60017,-50.21895,-201.2587,-1.057104,0.006627373,-0.1539528,1.535865,-0.06195761,14.49215,-0.317765,-0.007198085,0.670981,-0.01501705
2813,0.016717,1,100,0,94.10905,0,0,0.4631594,0,0,135,-0.9575311,0.01249241,0.2880598,0.005916222,0.9997021,-0.02368857,-0.2882699,-0.02097831,-0.9573197,-45.61772,-50.21892,-201.2646,-1.032748,-0.007619382,-0.753392,1.278369,0.01647426,15.9259,-0.2765813,-0.002486793,0.7373726,-0.01178
2814,0.016846,1,100,0,102.532,0,0,1.019107,0,0,134.9824,-0.961149,0.01240185,0.2757517,0.006083651,0.9996994,-0.02375627,-0.2759635,-0.02115574,-0.9609355,-45.63513,-50.21898,-201.2734,-1.147695,-0.00024404,-0.3406521,1.698462,-0.03626998,17.49567,-0.285679,-0.006188746,0.8100728,-0.01172196
2815,0.016526,1,100,0,87.24549,0,0,0.6440716,0,0,135,-0.9648215,0.01228777,0.2626183,0.006233272,0.9996955,-0.02387507,-0.2628317,-0.02139821,-0.9646043,-45.65386,-50.21906,-201.2823,-1.102231,-0.01454746,-0.9339697,1.444792,0.04537072,18.47373,-0.2438598,-0.001133613,0.8553632,-0.008593049
2816,0.016669,1,100,0,95.57999,0,0,1.190924,0,0,134.9828,-0.968543,0.01210059,0.2485522,0.006356218,0.9996943,-0.02390088,-0.2487654,-0.02156918,-0.9683238,-45.67213,-50.21924,-201.2942,-1.210954,-0.008099351,-0.5488168,1.869777,-0.002317816,19.62378,-0.2503769,-0.00437681,0.9086267,-0.008513289
2817,0.016653,1,100,0,103.9065,0,0,0.8328506,0,0,135,-0.972272,0.01188852,0.2335511,0.006465137,0.999692,-0.02397326,-0.2337642,-0.02179859,-0.9720495,-45.69194,-50.21946,-201.3067,-1.145027,-0.02250548,-1.146215,1.620309,0.08147039,20.89771,-0.2080435,0.0007989336,0.9676182,-0.005225026
2818,0.016697,1,100,0,88.46176,0,0,1.382335,0,0,134.9835,-0.9759625,0.01160129,0.2176295,0.00654267,0.9996917,-0.02395039,-0.2178402,-0.02195081,-0.9757375,-45.71084,-50.21978,-201.3224,-1.248419,-0.01720622,-0.8028156,2.060748,0.03852686,21.65167,-0.2118869,-0.002002825,1.002539,-0.00512044
2819,0.016667,1,100,0,96.79526,0,0,1.055671,0,0,135,-0.9795126,0.01129551,0.2010662,0.006608118,0.999691,-0.02396865,-0.2012748,-0.02214893,-0.9792846,-45.73119,-50.22014,-201.3391,-1.164238,-0.03137547,-1.399045,1.820374,0.1215287,22.558,-0.1702283,0.003253694,1.044509,-0.002016226
2820,0.016631,1,100,0,81.41158,0,0,1.60509,0,0,134.9836,-0.9828796,0.01092554,0.1839244,0.006641283,0.9996923,-0.02389348,-0.1841288,-0.02226292,-0.9826497,-45.75023,-50.2206,-201.3588,-1.257697,-0.02636933,-1.060631,2.276843,0.07570814,22.98478,-0.1725323,0.0003818928,1.064279,-0.001949315
2821,0.016763,1,100,0,65.90581,0,0,1.274394,0,0,135,-0.9860049,0.01054519,0.1663828,0.006665183,0.9996932,-0.02386096,-0.1665834,-0.02241805,-0.9857726,-45.77075,-50.22112,-201.3799,-1.155124,-0.0401723,-1.658079,2.021176,0.156517,22.91425,-0.1321258,0.005731112,1.061013,0.0006762547
2822,0.016658,1,100,0,57.57681,0,0,1.827814,0,0,134.982,-0.9887836,0.01012575,0.1490111,0.006660185,0.999696,-0.02373772,-0.1492062,-0.02247903,-0.9885504,-45.78954,-50.22169,-201.4025,-1.225297,-0.03342836,-1.230405,2.495104,0.09320222,22.676,-0.1333943,0.001886347,1.04999,0.000524126
2823,0.016645,1,100,0,49.25431,0,0,1.399891,0,0,134.992,-0.9912231,0.009713372,0.1318429,0.006647376,0.9996976,-0.02367516,-0.132033,-0.02259096,-0.990988,-45.80929,-50.22232,-201.4262,-1.249291,-0.03773306,-1.386165,2.130642,0.1153347,22.15366,-0.1219204,0.003562073,1.025802,0.001094795
2824,0.016743,1,100,0,40.8828,0,0,1.539473,0,0,134.9897,-0.9933237,0.009298539,0.114986,0.006628113,0.9997,-0.02358451,-0.1151708,-0.02266492,-0.9930874,-45.82948,-50.22299,-201.451,-1.251373,-0.03942437,-1.40862,2.273045,0.1156962,21.46479,-0.1113445,0.003862884,0.9939058,0.001523885
2825,0.017004,1,100,0,32.38081,0,0,1.543898,0,0,134.9896,-0.9951051,0.008882903,0.09842298,0.006600931,0.9997024,-0.02348679,-0.09860232,-0.02272214,-0.9948676,-45.84991,-50.2237,-201.4766,-1.229235,-0.04093055,-1.430634,2.29232,0.1147354,20.59081,-0.09898745,0.004098366,0.9534378,0.001984278
2826,0.016277,1,100,0,24.24231,0,0,1.545427,0,0,134.9898,-0.9964946,0.008493574,0.08322708,0.006567346,0.9997051,-0.02339075,-0.08340121,-0.02276218,-0.9962565,-45.86909,-50.2244,-201.5013,-1.196456,-0.04174038,-1.433388,2.275217,0.1103319,19.61117,-0.08683759,0.004106984,0.9080793,0.002380766
2827,0.016725,1,100,0,15.87981,0,0,1.528758,0,0,134.9891,-0.9976254,0.008105157,0.06839613,0.006525235,0.9997076,-0.02329146,-0.06856491,-0.02278986,-0.9973866,-45.8882,-50.22512,-201.5265,-1.143514,-0.04174283,-1.407728,2.268655,0.1013422,18.46671,-0.07285743,0.003831506,0.8550887,0.002822162
2828,0.016687,1,100,0,7.536305,0,0,1.483405,0,0,134.9889,-0.9984839,0.007731587,0.05450148,0.006474875,0.9997101,-0.02319731,-0.05466503,-0.02280925,-0.9982445,-45.90635,-50.22584,-201.5511,-1.078318,-0.04104903,-1.363706,2.216349,0.08996829,17.19811,-0.05779277,0.003399883,0.7963508,0.003278988
2829,0.016643,1,100,0,-0.7851954,0,0,1.421194,0,0,134.9886,-0.9991055,0.007374899,0.04164119,0.006416149,0.9997123,-0.02311096,-0.04179966,-0.02282311,-0.9988654,-45.92337,-50.22654,-201.5747,-1.003423,-0.03958778,-1.297597,2.14374,0.0761022,15.81818,-0.04169692,0.002801465,0.7324582,0.003754216
2830,0.01674,1,100,0,-9.155195,15.066,0,1.338971,0,0,134.9883,-0.9995311,0.007033848,0.02980192,0.006348352,0.9997147,-0.02303426,-0.02995544,-0.02283427,-0.9992906,-45.93927,-50.22721,-201.5971,-0.9237617,-0.0373252,-1.208641,2.054813,0.0600144,14.32012,-0.02432107,0.002053878,0.663097,0.004262085
2831,0.01662,1,100,0,-17.46519,30.024,0,1.236308,0,0,134.9881,-0.9997928,0.0067143,0.01922112,0.006272168,0.9997166,-0.02297099,-0.01936991,-0.02284568,-0.9995515,-45.95378,-50.22783,-201.6178,-0.8422239,-0.03436614,-1.100846,1.938153,0.04274865,12.73446,-0.006076147,0.001218154,0.5896795,0.004789485
2832,0.016747,1,100,0,-25.8387,45.0963,0,1.117451,0,0,134.9877,-0.9999312,0.006412773,0.009817007,0.006186373,0.999718,-0.02292125,-0.009961228,-0.02285895,-0.9996889,-45.96707,-50.2284,-201.6366,-0.7567865,-0.03068354,-0.9712262,1.811128,0.02420016,11.04461,0.01341044,0.0002904781,0.5114381,0.005353793
2833,0.016693,1,100,0,-34.1852,60.12,0,0.9791639,0,0,134.9193,-0.9999797,0.006133756,0.001771035,0.006091626,0.9997197,-0.02288742,-0.001910924,-0.02287617,-0.9997368,-45.97888,-50.22863,-201.6387,-0.7147744,-0.02691844,-0.9710989,1.658134,0.02593103,8.157885,0.03187221,0.0007715476,0.3777716,0.005364934
2834,0.016678,1,100,0,-42.5242,75.1302,0,0.972825,0,0,134.9459,-0.9999745,0.005906214,-0.00404093,0.005997044,0.9997212,-0.0228471,0.003904864,-0.02287075,-0.9997312,-45.98995,-50.22858,-201.6297,-0.6040306,0.008472305,0.7588758,1.643228,-0.2048572,5.796788,0.05823726,-0.01374113,0.2684728,0.00609216
2835,0.016732,1,100,0,-50.8902,90.189,0,0.7612243,0,0,135,-0.9999516,0.005707838,-0.008032059,0.005891548,0.9997174,-0.02303739,0.007898296,-0.02308359,-0.9997026,-45.99942,-50.2285,-201.6204,-0.4897865,-0.001879616,0.1437513,0.5104496,-0.09552556,3.871044,0.08276937,-0.006516505,0.1792977,0.006895392
2836,0.016941,1,100,0,-59.3607,100,0,0.1475336,0,0,134.9882,-0.9999292,0.005529165,-0.01053821,0.005771571,0.9997162,-0.02311271,0.01040743,-0.0231719,-0.9996774,-46.00707,-50.2285,-201.6169,-0.3779704,0.002240337,0.2221996,0.5886236,-0.08778321,1.71831,0.1075173,-0.005795964,0.07962175,0.007599688
2837,0.01639,1,100,0,-67.55569,100,0,0.2261135,0,0,134.9936,-0.9999214,0.005383258,-0.01133334,0.005644825,0.9997156,-0.0231754,0.01120536,-0.02323756,-0.9996673,-46.01278,-50.22849,-201.6154,-0.2747384,1.37249e-05,0.002909601,0.4623417,-0.0427409,-0.350739,0.130995,-0.002705877,-0.01618319,0.008250677
2838,0.016725,1,100,0,-75.9182,100,0,0.005987493,0,0,134.9933,-0.999931,0.005261972,-0.01051718,0.005504746,0.9997161,-0.02318951,0.01039217,-0.0232458,-0.999676,-46.01691,-50.22852,-201.617,-0.1654359,-0.002557041,-0.1925645,0.6034599,-0.00475812,-2.514873,0.15527,-6.910073e-05,-0.1163901,0.008911045
2839,0.016855,1,100,0,-84.3457,100,0,0.1908423,0,0,134.9939,-0.9999548,0.005168992,-0.007986406,0.005352749,0.9997175,-0.02316134,0.00786443,-0.02320304,-0.9997,-46.01938,-50.22859,-201.622,-0.06802675,-0.006075935,-0.4016841,0.757781,0.03100138,-4.741217,0.1798678,0.002423896,-0.2194771,0.009570005
2840,0.016514,1,100,0,-92.60269,100,0,0.4011696,0,0,134.9941,-0.9999797,0.005106973,-0.003803578,0.005193492,0.9997198,-0.02309532,0.003684565,-0.0231146,-0.9997261,-46.02036,-50.22872,-201.6303,0.01281305,-0.01007154,-0.6148229,0.9453764,0.05995334,-6.961309,0.2042503,0.004476417,-0.3222738,0.01022679
2841,0.016625,1,100,0,-100.9152,100,0,0.6149344,0,0,134.9942,-0.9999849,0.005073551,0.002132962,0.005023171,0.9997229,-0.02299628,-0.002249044,-0.02298521,-0.9997333,-46.02124,-50.22873,-201.6317,0.08947331,-0.01455777,-0.8407271,1.164977,0.0826212,-9.239002,0.2288829,0.006131087,-0.4277366,0.01088969
2842,0.016697,1,100,0,-85.47047,100,0,0.8406363,0,0,134.9542,-0.9999402,0.005063868,0.009698525,0.004840963,0.9997267,-0.02287064,-0.009811688,-0.02282232,-0.9996914,-46.01976,-50.22878,-201.6366,0.1700076,0.02592999,1.215029,1.399625,-0.2056237,-10.30209,0.2489705,-0.01225188,-0.4769293,0.01177148
2843,0.016666,1,100,0,-93.80347,100,0,1.216914,0,0,135,-0.9998233,0.005060656,0.01810729,0.004642982,0.9997239,-0.02303478,-0.01821887,-0.02294664,-0.9995707,-46.01707,-50.2284,-201.6198,0.1414392,0.01518352,0.5856647,0.6026928,-0.1042333,-12.08557,0.2603558,-0.005592275,-0.5595202,0.01175008
2844,0.016701,1,100,0,-102.154,100,0,0.5883386,0,0,134.9754,-0.999597,0.005090945,0.02793106,0.004446377,0.9997236,-0.02309092,-0.02804089,-0.02295742,-0.9993434,-46.01484,-50.22795,-201.6006,0.2200672,0.0312752,1.368214,0.1113813,-0.2025571,-13.62198,0.2789876,-0.01174938,-0.6306489,0.01231384
2845,0.016758,1,100,0,-86.65282,100,0,1.374205,0,0,134.9889,-0.9992325,0.005136315,0.03883557,0.004235505,0.9997209,-0.0232423,-0.03894411,-0.02305997,-0.9989754,-46.01139,-50.22746,-201.5798,0.2911788,0.03206639,1.355846,0.7536794,-0.1813709,-14.76388,0.298959,-0.01027577,-0.6835207,0.01310028
2846,0.016679,1,100,0,-94.99232,100,0,1.366536,0,0,134.9873,-0.9987056,0.005191368,0.05059872,0.004012826,0.9997189,-0.02336576,-0.0507058,-0.02313247,-0.9984457,-46.00685,-50.22693,-201.5581,0.3553737,0.03425721,1.438473,0.7605042,-0.1737745,-16.01991,0.3166378,-0.009658262,-0.7416763,0.0136971
2847,0.016693,1,100,0,-103.3388,100,0,1.45505,0,0,134.9875,-0.9979764,0.005261455,0.06336737,0.003780051,0.9997173,-0.02347526,-0.06347297,-0.02318822,-0.9977142,-46.00132,-50.22638,-201.5352,0.4150541,0.0359023,1.509811,0.8534872,-0.1641721,-17.40856,0.3327639,-0.008892642,-0.8059745,0.01414157
2848,0.016696,1,100,0,-87.89501,100,0,1.533537,0,0,134.9885,-0.9970124,0.005345698,0.07705746,0.00353863,0.9997161,-0.02356843,-0.07716157,-0.02322534,-0.9967483,-45.99487,-50.2258,-201.5115,0.4663513,0.03603017,1.520196,0.9358007,-0.1465329,-18.26132,0.3472565,-0.007654641,-0.8454592,0.01470643
2849,0.016679,1,100,0,-96.23451,100,0,1.552074,0,0,134.9883,-0.9957979,0.005437947,0.09141636,0.003289406,0.9997153,-0.02363706,-0.09151886,-0.02323703,-0.9955323,-45.98764,-50.22522,-201.4876,0.5118635,0.0360973,1.543004,0.9610541,-0.1317903,-19.27441,0.3596452,-0.006581519,-0.8923681,0.0150776
2850,0.016856,1,100,0,-104.6625,100,0,1.583794,0,0,134.9881,-0.9942718,0.005545205,0.1067374,0.003033036,0.9997149,-0.02368393,-0.1068383,-0.02322453,-0.9940051,-45.97965,-50.22464,-201.4632,0.5527485,0.0359349,1.565372,0.9893327,-0.1180364,-20.45294,0.3701617,-0.005546714,-0.9469386,0.01526873
2851,0.016514,1,100,0,-89.38706,100,0,1.615877,0,0,134.9894,-0.9924551,0.005663683,0.1224787,0.002779083,0.9997152,-0.02370988,-0.1225781,-0.02319062,-0.9921882,-45.9712,-50.22408,-201.4393,0.5885752,0.03442392,1.528289,1.035568,-0.09820838,-21.09641,0.379475,-0.004167637,-0.9767333,0.01561241
2852,0.016686,1,100,0,-97.73006,100,0,1.589295,0,0,134.989,-0.9902906,0.005790414,0.1388929,0.002520255,0.9997158,-0.02370881,-0.1389907,-0.02312857,-0.9900237,-45.96215,-50.22353,-201.4157,0.6173753,0.03309101,1.508202,1.008291,-0.08283618,-21.92605,0.3863839,-0.00304912,-1.015149,0.01573698
2853,0.016757,1,100,0,-106.1086,100,0,1.579731,0,0,134.989,-0.9877366,0.00593107,0.1560178,0.002261837,0.9997171,-0.02368508,-0.1561141,-0.02304173,-0.9874706,-45.95264,-50.22301,-201.3924,0.6424354,0.03160223,1.483332,0.9980676,-0.06901342,-22.92713,0.3915384,-0.002002442,-1.061505,0.01569068
2854,0.016594,1,100,0,-90.75912,100,0,1.565768,0,0,134.99,-0.9848053,0.006083252,0.1735555,0.002008989,0.9997185,-0.02364129,-0.1736505,-0.0229334,-0.9845404,-45.94286,-50.22253,-201.3701,0.661657,0.02911634,1.409065,0.9914945,-0.05107182,-23.41543,0.3957142,-0.0007373194,-1.084116,0.01580326
2855,0.016678,1,100,0,-99.09811,100,0,1.502847,0,0,134.9898,-0.9814638,0.006242748,0.191546,0.001758368,0.9997206,-0.02357256,-0.1916397,-0.0227988,-0.9812006,-45.93279,-50.22208,-201.3488,0.674274,0.02691685,1.348949,0.9317347,-0.03787718,-24.09877,0.3975571,0.0002509142,-1.115758,0.01570019
2856,0.016638,1,100,0,-107.4171,100,0,1.453421,0,0,134.9899,-0.9776832,0.006414622,0.2099874,0.001515182,0.9997233,-0.02348464,-0.2100799,-0.02264237,-0.9774224,-45.92258,-50.22167,-201.3287,0.6840133,0.02467496,1.282729,0.8869405,-0.02657279,-24.95687,0.3979892,0.001147283,-1.155494,0.01544919
2857,0.016697,1,100,0,-91.97239,100,0,1.398024,0,0,134.9906,-0.9734185,0.006599389,0.2289389,0.00127922,0.999726,-0.02337901,-0.2290304,-0.0224647,-0.9731603,-45.91225,-50.2213,-201.3099,0.6853022,0.02176736,1.177626,0.8332757,-0.01271448,-25.31953,0.3974127,0.002160344,-1.172287,0.0153462
2858,0.016653,1,100,0,-100.2989,100,0,1.303463,0,0,134.9905,-0.9687172,0.006789878,0.2480749,0.001052126,0.9997292,-0.02325437,-0.2481657,-0.0222659,-0.968462,-45.90199,-50.22097,-201.2928,0.6810061,0.01916336,1.082058,0.749859,-0.003081694,-25.88348,0.3949311,0.002931853,-1.198402,0.01505329
2859,0.016684,1,100,0,-84.86619,100,0,1.217361,0,0,134.9911,-0.9635462,0.006987662,0.2674505,0.0008341102,0.9997324,-0.02311488,-0.2675405,-0.02204918,-0.9632942,-45.89185,-50.2207,-201.2774,0.6666768,0.01608418,0.9550461,0.6711823,0.008116215,-25.97413,0.3914028,0.003752093,-1.202601,0.0148915
2860,0.016739,1,100,0,-93.23569,100,0,1.098708,0,0,134.991,-0.9579321,0.00718788,0.2869053,0.0006251456,0.9997363,-0.02295928,-0.2869946,-0.02181407,-0.9576839,-45.88198,-50.22047,-201.264,0.6440122,0.01340353,0.839793,0.5677126,0.01505269,-26.29331,0.3856838,0.004330149,-1.217382,0.01450976
2861,0.016701,1,100,0,-101.5862,100,0,0.9893766,0,0,134.9911,-0.9518473,0.007396307,0.3064835,0.0004291991,0.9997402,-0.02279357,-0.3065724,-0.02156446,-0.9516032,-45.87257,-50.22028,-201.2526,0.6171123,0.0108161,0.719604,0.4772217,0.02022132,-26.8194,0.378927,0.004828293,-1.241744,0.01399161
2862,0.016668,1,100,0,-86.16829,100,0,0.8742003,0,0,134.9915,-0.9452835,0.007612982,0.3261617,0.0002467223,0.9997443,-0.02262011,-0.3262505,-0.02130194,-0.9450437,-45.86368,-50.22015,-201.2433,0.5814967,0.0080527,0.5803168,0.3916112,0.02573095,-26.87134,0.3713855,0.00529197,-1.244151,0.01361395
2863,0.016609,1,100,0,-94.47279,100,0,0.7383099,0,0,134.9916,-0.9383044,0.007832367,0.345722,7.734122e-05,0.9997483,-0.02243949,-0.3458108,-0.02102833,-0.9380688,-45.85548,-50.22005,-201.2363,0.5393676,0.005596035,0.4472868,0.3159469,0.02842746,-27.1501,0.3625007,0.005608626,-1.257061,0.01307106
2864,0.016935,1,100,0,-102.9403,100,0,0.6062226,0,0,134.9916,-0.9306704,0.008065818,0.3657701,-8.030841e-05,0.9997525,-0.02225049,-0.365859,-0.02073724,-0.9304394,-45.84793,-50.21999,-201.2314,0.4867573,0.003243961,0.3078093,0.2792068,0.03011402,-27.65308,0.3522722,0.005901768,-1.280353,0.01237051
2865,0.016443,1,100,0,-87.73051,100,0,0.4645497,0,0,134.9922,-0.922748,0.008302324,0.3853149,-0.0002185665,0.9997568,-0.02206503,-0.3854044,-0.02044468,-0.9225217,-45.84148,-50.21998,-201.229,0.4330261,0.0007634778,0.1567618,0.3000981,0.0319817,-27.67741,0.3428005,0.006141533,-1.281482,0.01189866
2866,0.01669,1,100,0,-96.07552,100,0,0.3115219,0,0,134.9922,-0.9142549,0.00854615,0.4050495,-0.0003455253,0.9997608,-0.02187388,-0.4051396,-0.02013826,-0.9140332,-45.83593,-50.22,-201.229,0.3664809,-0.00147527,0.009231746,0.3893326,0.03241448,-27.93506,0.3319746,0.006328587,-1.293414,0.01126343
2867,0.016842,1,100,0,-104.4965,100,0,0.1568843,0,0,134.9926,-0.9051473,0.008801863,0.4250071,-0.0004579974,0.999765,-0.02168046,-0.425098,-0.01981866,-0.9049305,-45.83154,-50.22006,-201.2315,0.2925907,-0.003846783,-0.15133,0.5025462,0.03394582,-28.41031,0.3215347,0.006628369,-1.315422,0.01058558
2868,0.016511,1,100,0,-89.22384,100,0,0.01263968,0,0,134.993,-0.8956883,0.009060622,0.4445902,-0.000553445,0.999769,-0.02149,-0.4446822,-0.0194944,-0.8954763,-45.82844,-50.22016,-201.2364,0.2212252,-0.006226407,-0.3105069,0.6263025,0.03554145,-28.41034,0.3120025,0.006861542,-1.315425,0.01013866
2869,0.016762,1,100,0,-97.60484,100,0,0.1797981,0,0,134.9931,-0.8856233,0.009325345,0.4643109,-0.0006371988,0.9997731,-0.0212951,-0.4644042,-0.0191553,-0.8854164,-45.82654,-50.22029,-201.244,0.1467466,-0.008641689,-0.4724139,0.7831454,0.03641883,-28.65189,0.3018071,0.007091752,-1.326611,0.009574348
2870,0.016666,1,100,0,-105.9378,100,0,0.3502989,0,0,134.9933,-0.8750685,0.009595405,0.4839041,-0.0007060328,0.9997772,-0.02110148,-0.4839987,-0.0188069,-0.8748667,-45.8259,-50.22047,-201.2543,0.07583939,-0.01130196,-0.6454544,0.9434852,0.03671867,-29.10658,0.2923726,0.007326381,-1.347666,0.00899516
2871,0.016622,1,100,0,-90.56248,100,0,0.528193,0,0,134.9933,-0.8639939,0.009869994,0.5034056,-0.0007614167,0.9997813,-0.02090897,-0.5035019,-0.01844852,-0.8637974,-45.82649,-50.22068,-201.2673,-0.001790494,-0.01368105,-0.8049575,1.121119,0.03364391,-29.09824,0.2814574,0.007270083,-1.347282,0.008483999
2872,0.016694,1,100,0,-98.90948,100,0,0.6964741,0,0,134.9935,-0.8524052,0.01014768,0.5227833,-0.0008055549,0.9997849,-0.02072017,-0.5228812,-0.01808311,-0.8522137,-45.82845,-50.22094,-201.283,-0.08770126,-0.01629562,-0.9785331,1.293538,0.03066923,-29.32785,0.2708607,0.007264714,-1.357913,0.007920176
2873,0.016671,1,100,0,-107.245,100,0,0.8800714,0,0,134.9936,-0.8402727,0.01043064,0.542064,-0.0008373214,0.9997889,-0.02053634,-0.5421637,-0.01771001,-0.8400865,-45.83191,-50.22124,-201.3015,-0.1800432,-0.01913948,-1.16473,1.480654,0.02750245,-29.77266,0.2611199,0.007292031,-1.378511,0.007350423
2874,0.016687,1,100,0,-91.80951,91.6565,0,1.076426,0,0,134.9934,-0.8275662,0.01071787,0.5612659,-0.0008579604,0.9997925,-0.02035696,-0.5613676,-0.01732827,-0.8273853,-45.83701,-50.22159,-201.323,-0.2862453,-0.02164976,-1.32621,1.68341,0.02047704,-29.75349,0.2491922,0.006990247,-1.377623,0.006794152
2875,0.016951,1,100,0,-100.285,83.181,0,1.25835,0,0,134.9937,-0.8141811,0.01101144,0.5805066,-0.0008693216,0.999796,-0.02018407,-0.5806105,-0.01693813,-0.8140054,-45.8441,-50.22198,-201.3477,-0.4082028,-0.02454896,-1.51311,1.876591,0.01562808,-29.97767,0.2384088,0.006878854,-1.388005,0.006242054
2876,0.016479,1,100,0,-85.04194,74.9415,0,1.469102,0,0,134.9935,-0.8007058,0.01129717,0.5989515,-0.0008717515,0.9997993,-0.02002319,-0.5990574,-0.01655482,-0.8005353,-45.85304,-50.2224,-201.3746,-0.5336847,-0.02680737,-1.664478,2.077409,0.006651625,-29.75719,0.2261665,0.006411593,-1.377795,0.005726879
2877,0.016718,1,100,0,-93.40094,66.5825,0,1.652625,0,0,134.9937,-0.7866733,0.01158552,0.6172608,-0.0008677505,0.9998022,-0.01987145,-0.6173689,-0.01616797,-0.7865077,-45.86431,-50.22288,-201.4044,-0.6754047,-0.02939485,-1.836516,2.270936,6.690621e-05,-29.78654,0.2149819,0.006148298,-1.379155,0.005206469
2878,0.016787,1,100,0,-101.7944,58.189,0,1.861883,0,0,134.9939,-0.7721088,0.0118765,0.6353796,-0.0008558063,0.9998051,-0.01972831,-0.63549,-0.01577616,-0.7719481,-45.87811,-50.2234,-201.4371,-0.8284626,-0.03230141,-2.024683,2.486345,-0.005007584,-30.04686,0.2054664,0.006032343,-1.391208,0.004731224
2879,0.016575,1,100,0,-86.46257,49.9015,0,2.08994,0,0,134.9936,-0.7572638,0.01216317,0.6529959,-0.0008372273,0.9998076,-0.01959405,-0.6531085,-0.01538457,-0.7571079,-45.89433,-50.22395,-201.4724,-0.9903371,-0.03448408,-2.172756,2.713393,-0.01401421,-29.85871,0.193594,0.005567589,-1.382496,0.004231202
2880,0.016615,1,100,0,-94.77007,41.594,0,2.292339,0,0,134.9939,-0.7420346,0.01244893,0.670246,-0.0008139042,0.9998102,-0.01947123,-0.6703612,-0.01499384,-0.7418836,-45.91336,-50.22454,-201.5102,-1.162426,-0.037124,-2.344566,2.919216,-0.02003265,-29.91155,0.1842722,0.005345418,-1.384943,0.003827305
2881,0.016756,1,100,0,-103.1481,33.216,0,2.519197,0,0,134.9941,-0.7262092,0.01273655,0.6873561,-0.0007846318,0.9998126,-0.01935529,-0.6874738,-0.01459531,-0.7260631,-45.93555,-50.22519,-201.5512,-1.347868,-0.04017658,-2.535407,3.155535,-0.02397204,-30.18941,0.1772669,0.00530905,-1.397808,0.003518329
2882,0.016606,1,100,0,-87.78752,24.913,0,2.768075,0,0,134.9938,-0.710068,0.0130181,0.7040129,-0.0007508779,0.9998147,-0.01924519,-0.7041329,-0.01419402,-0.7099267,-45.9607,-50.22586,-201.5947,-1.543334,-0.04242434,-2.679693,3.406536,-0.03193457,-30.01613,0.1673932,0.004909786,-1.389784,0.003144874
2883,0.016655,1,100,0,-96.11502,16.58549,0,2.9897,0,0,134.994,-0.6935467,0.01329668,0.7202889,-0.0007143347,0.9998165,-0.01914463,-0.7204112,-0.01379222,-0.69341,-45.98926,-50.22659,-201.6408,-1.748703,-0.04522,-2.850166,3.632382,-0.03667066,-30.07927,0.160879,0.004770017,-1.392707,0.002926547
2884,0.016733,1,100,0,-80.63699,8.218995,0,3.236742,0,0,134.9937,-0.6766208,0.01356928,0.7362068,-0.0006753458,0.9998186,-0.01904869,-0.7363317,-0.01338593,-0.6764889,-46.02149,-50.22736,-201.6897,-1.969913,-0.04707732,-2.969469,3.88695,-0.04494642,-29.70823,0.1503545,0.004295863,-1.375527,0.002557894
2885,0.016696,1,100,0,-65.19319,0,0,3.459952,0,0,134.9934,-0.6596622,0.01383239,0.7514349,-0.0006367313,0.99982,-0.01896362,-0.751562,-0.01298804,-0.6595346,-46.0574,-50.22815,-201.7401,-2.202313,-0.04799722,-3.039922,4.110417,-0.05588853,-28.94268,0.1356883,0.003545085,-1.34008,0.002005208
2886,0.016615,1,100,0,-49.82432,0,0,3.660732,0,0,134.993,-0.6429681,0.01408536,0.7657635,-0.0006003715,0.9998214,-0.01889469,-0.7658929,-0.01260843,-0.6428449,-46.09702,-50.22895,-201.7911,-2.440291,-0.04788058,-3.058671,4.306092,-0.06914446,-27.83051,0.1159508,0.002546818,-1.288583,0.001185243
2887,0.016689,1,100,0,-34.38699,0,0,3.835856,0,0,134.9924,-0.6266255,0.01433279,0.7791888,-0.0005666763,0.9998224,-0.01884696,-0.7793205,-0.01225154,-0.6265061,-46.14081,-50.22974,-201.8423,-2.686404,-0.0466403,-3.024024,4.477498,-0.08392616,-26.39341,0.08997099,0.001355172,-1.222044,1.015794e-05
2888,0.016687,1,100,0,-26.04349,0,0,3.988711,0,0,134.9921,-0.6109073,0.01457857,0.791568,-0.0005351286,0.9998228,-0.01882706,-0.7917023,-0.01192518,-0.6107912,-46.18867,-50.23051,-201.8927,-2.933722,-0.04469244,-2.959121,4.620955,-0.09800015,-24.85848,0.05989325,0.0001700973,-1.150975,-0.00143865
2889,0.016839,1,100,0,-17.62399,0,0,4.130572,0,0,134.9915,-0.5957849,0.01482993,0.8030071,-0.0005035605,0.9998224,-0.01883833,-0.8031438,-0.01162795,-0.5956717,-46.24113,-50.23125,-201.9421,-3.18521,-0.04201947,-2.862771,4.75917,-0.1110721,-23.21967,0.02496186,-0.0009892938,-1.075097,-0.003207005
2890,0.016511,1,100,0,-9.368492,0,0,4.263942,0,0,134.9911,-0.5817812,0.01508533,0.8132054,-0.0004709531,0.9998215,-0.01888408,-0.8133451,-0.01136938,-0.5816703,-46.2966,-50.23193,-201.9888,-3.42319,-0.03875406,-2.739999,4.873093,-0.123433,-21.5352,-0.0131568,-0.002128488,-0.9971066,-0.005202618
2891,0.016678,1,100,0,-1.029492,0,0,4.378451,0,0,134.9905,-0.5685524,0.01535688,0.8225037,-0.0004346035,0.9998201,-0.01896795,-0.822647,-0.01114174,-0.5684435,-46.35658,-50.23254,-202.0335,-3.662324,-0.03485491,-2.588702,4.988559,-0.1343209,-19.76165,-0.05616665,-0.003207254,-0.9149926,-0.007520528
2892,0.016889,1,100,0,7.415008,0,0,4.484719,0,0,134.9897,-0.556182,0.01565121,0.830913,-0.0003915513,0.9998175,-0.01909481,-0.8310602,-0.01094553,-0.5560744,-46.42132,-50.2331,-202.076,-3.901793,-0.03035364,-2.409528,5.101161,-0.1435886,-17.8987,-0.104275,-0.004216952,-0.8287405,-0.01017228
2893,0.016468,1,100,0,15.64901,0,0,4.582835,0,0,134.9893,-0.5451972,0.01596288,0.838156,-0.0003411919,0.9998145,-0.01926365,-0.838308,-0.01078846,-0.5450906,-46.48824,-50.23357,-202.1142,-4.120648,-0.0254643,-2.211474,5.187829,-0.1520368,-16.02664,-0.1547894,-0.005191276,-0.7420669,-0.01300069
2894,0.016722,1,100,0,24.01001,0,0,4.660101,0,0,134.9884,-0.5351945,0.01630793,0.8445715,-0.0002797777,0.9998103,-0.01948275,-0.8447291,-0.01066335,-0.5350884,-46.5598,-50.23396,-202.1494,-4.338451,-0.02008786,-1.989145,5.284374,-0.1585974,-14.07157,-0.2101986,-0.006081105,-0.6515507,-0.01614564
2895,0.016674,1,100,0,32.34701,0,0,4.729399,0,0,134.9876,-0.526443,0.01668574,0.8500466,-0.0002055084,0.9998049,-0.01975265,-0.8502104,-0.01057333,-0.5263368,-46.63468,-50.23426,-202.1805,-4.544672,-0.01436189,-1.7477,5.369925,-0.1637987,-12.07466,-0.2690614,-0.006913198,-0.5590979,-0.01952034
2896,0.016719,1,100,0,40.70651,0,0,4.783958,0,0,134.9868,-0.5189495,0.01710234,0.8546339,-0.0001157615,0.9997985,-0.02007756,-0.854805,-0.01051818,-0.5188429,-46.7131,-50.23445,-202.2075,-4.740815,-0.008342121,-1.488218,5.453031,-0.1674807,-10.0286,-0.3314706,-0.007682788,-0.4643703,-0.02312586
2897,0.016627,1,100,0,49.02001,0,0,4.824712,0,0,134.986,-0.5128211,0.01755801,0.858316,-9.09809e-06,0.9997908,-0.02045751,-0.8584957,-0.01049885,-0.5127137,-46.79423,-50.23454,-202.2297,-4.922148,-0.002143191,-1.214719,5.52792,-0.169861,-7.955233,-0.3964454,-0.008402297,-0.3683783,-0.02689984
2898,0.016672,1,100,0,57.35601,0,0,4.848468,0,0,134.985,-0.5080437,0.01805906,0.861142,0.0001173494,0.9997817,-0.02089725,-0.8613313,-0.01051566,-0.507935,-46.87848,-50.23453,-202.2471,-5.091315,0.004177705,-0.9275229,5.601614,-0.1706802,-5.839953,-0.4641858,-0.009064118,-0.2704457,-0.03084843
2899,0.016741,1,100,0,65.72651,0,0,4.856387,0,0,134.9841,-0.5046618,0.01860899,0.8631167,0.0002662167,0.9997711,-0.02139964,-0.8633174,-0.0105698,-0.5045512,-46.96578,-50.23441,-202.2597,-5.247662,0.01054803,-0.6280239,5.672627,-0.1699132,-3.682172,-0.534385,-0.009672865,-0.1705452,-0.03494783
2900,0.016871,1,100,0,74.16201,0,0,4.847157,0,0,134.983,-0.5027199,0.01921225,0.8642361,0.0004407326,0.9997588,-0.0219686,-0.8644497,-0.01066315,-0.5026071,-47.05627,-50.23418,-202.2671,-5.391144,0.01688362,-0.3171464,5.741732,-0.1673909,-1.475464,-0.6068606,-0.01022667,-0.06837915,-0.0391808
2901,0.01645,1,100,0,82.38701,0,0,4.819592,0,0,134.9825,-0.5022746,0.01985025,0.8644804,0.0006367173,0.9997448,-0.02258626,-0.8647081,-0.01079408,-0.5021591,-47.14665,-50.23386,-202.2691,-5.509394,0.02302749,-0.005944192,5.792692,-0.1639345,0.7004496,-0.6783554,-0.01075758,0.03236218,-0.04334896
2902,0.016757,1,100,0,90.76551,0,0,4.766755,0,0,134.9813,-0.503302,0.02054864,0.8638663,0.0008642385,0.9997287,-0.02327686,-0.8641102,-0.0109687,-0.5031832,-47.24058,-50.23343,-202.2658,-5.616395,0.02892255,0.3138193,5.849919,-0.1579923,2.947169,-0.7516262,-0.01120761,0.1363826,-0.04760477
2903,0.016898,1,100,0,99.21451,0,15.2082,4.694959,0,0,134.9804,-0.5058727,0.02130187,0.8623452,0.001124846,0.9997107,-0.02403525,-0.8626077,-0.01118877,-0.5057503,-47.337,-50.23289,-202.257,-5.717497,0.03460727,0.642565,5.909839,-0.1491317,5.255551,-0.8242313,-0.01155491,0.2432592,-0.05178738
2904,0.016463,1,100,0,107.446,0,30.0249,4.606592,0,0,134.9802,-0.509883,0.02208157,0.8599604,0.001411011,0.9996908,-0.02483288,-0.8602428,-0.01144845,-0.5097565,-47.43245,-50.23228,-202.243,-5.802938,0.03998511,0.9669421,5.965802,-0.1380312,7.538264,-0.8924801,-0.01181404,0.3489492,-0.05567253
2905,0.016695,1,100,0,92.00313,0,45.0504,4.498573,0,0,134.9809,-0.5153234,0.02291446,0.8566895,0.001736965,0.9996684,-0.02569399,-0.8569942,-0.01175267,-0.5151923,-47.53056,-50.23159,-202.224,-5.879784,0.04317738,1.208196,6.032306,-0.1173602,9.254678,-0.9483004,-0.0113014,0.4284162,-0.05885056
2906,0.016756,1,100,0,100.3811,0,60.1308,4.415979,0,0,134.9804,-0.5219231,0.02378222,0.8526611,0.002104541,0.9996442,-0.02659363,-0.8529902,-0.01208537,-0.5217875,-47.63025,-50.23085,-202.2009,-5.951999,0.0459258,1.453918,6.102182,-0.09438199,11.07077,-0.9997452,-0.01074081,0.5125009,-0.06170246
2907,0.016614,1,100,0,85.01318,0,75.0834,4.317805,0,0,134.9816,-0.5294931,0.02466999,0.8479555,0.002510233,0.9996183,-0.02751491,-0.8483106,-0.01244039,-0.5293529,-47.73018,-50.23008,-202.1746,-6.012945,0.04662853,1.618644,6.172976,-0.06376798,12.32081,-1.036102,-0.009502897,0.5703742,-0.06368592
2908,0.016635,1,100,0,93.33067,0,90.0549,4.243431,0,0,134.9813,-0.5378723,0.02557299,0.8426384,0.002959008,0.999591,-0.02844751,-0.8430213,-0.01280775,-0.537728,-47.8312,-50.22931,-202.1456,-6.071367,0.0470011,1.791748,6.238847,-0.03221634,13.70616,-1.066876,-0.008309685,0.6345161,-0.06526192
2909,0.016734,1,100,0,101.6977,0,81.6879,4.154217,0,0,134.9804,-0.5471725,0.02648641,0.8366006,0.003450402,0.999562,-0.02938899,-0.8370126,-0.01319424,-0.5470243,-47.9336,-50.22853,-202.1137,-6.105001,0.04667952,1.970533,6.278213,-0.001325674,15.19933,-1.09524,-0.007257009,0.7036532,-0.0666347
2910,0.01668,1,100,0,86.26868,0,73.3479,4.031418,0,0,134.9812,-0.5572113,0.0273999,0.8299186,0.003979334,0.9995322,-0.03032798,-0.8303614,-0.01359657,-0.5570597,-48.03602,-50.22778,-202.0795,-6.107362,0.04406656,2.069722,6.293914,0.03515613,16.13793,-1.111095,-0.005624084,0.7471091,-0.06731458
2911,0.016688,1,100,0,94.61268,0,65.0039,3.917759,0,0,134.9805,-0.5678021,0.02830683,0.8226782,0.004547677,0.9995011,-0.03125223,-0.8231524,-0.01400381,-0.5676476,-48.13834,-50.22708,-202.0437,-6.08534,0.04099227,2.178438,6.274047,0.06986716,17.21687,-1.123716,-0.004203896,0.7970677,-0.0677373
2912,0.01668,1,100,0,102.9527,0,56.6639,3.772004,0,0,134.9799,-0.5790024,0.02919988,0.8148029,0.005150142,0.9994696,-0.03215802,-0.8153098,-0.01442322,-0.5788457,-48.24004,-50.22644,-202.0063,-6.039015,0.03757693,2.295645,6.23122,0.1034844,18.42381,-1.132993,-0.002950637,0.8529578,-0.06789327
2913,0.016687,1,100,0,87.5172,0,48.3204,3.594301,0,0,134.9807,-0.5907387,0.03007655,0.8063024,0.00578515,0.9994375,-0.03304234,-0.8068426,-0.01485481,-0.5905804,-48.34081,-50.22587,-201.9675,-5.964122,0.03221063,2.338773,6.165967,0.143196,19.1076,-1.129633,-0.001059358,0.8846194,-0.06735519
2914,0.016914,1,100,0,95.97421,0,39.8634,3.430396,0,0,134.9799,-0.6029744,0.03093755,0.7971605,0.006460809,0.9994044,-0.0338996,-0.7977345,-0.01529029,-0.6028151,-48.4415,-50.22539,-201.9276,-5.867579,0.02664014,2.397009,6.062705,0.1813445,19.9711,-1.122728,0.0006169675,0.9246066,-0.06652898
2915,0.01645,1,100,0,104.1992,0,31.6384,3.23541,0,0,134.98,-0.6152817,0.03174297,0.7876678,0.007142675,0.9993722,-0.03469519,-0.7882746,-0.01572126,-0.6151222,-48.53765,-50.22502,-201.8881,-5.752175,0.0215051,2.462255,5.952602,0.2175049,20.95841,-1.111775,0.002090127,0.9703318,-0.06539702
2916,0.016633,1,100,0,88.81367,0,23.3219,3.019369,0,0,134.9808,-0.6280661,0.0325197,0.7774803,0.007853535,0.9993405,-0.03545519,-0.7781206,-0.01616224,-0.6279073,-48.63278,-50.22474,-201.8476,-5.61271,0.01476787,2.460596,5.815604,0.26028,21.45679,-1.088587,0.004253145,0.9934102,-0.06360231
2917,0.016759,1,100,0,97.19318,0,14.9424,2.8221,0,0,134.9803,-0.6411129,0.03325523,0.7667258,0.008589596,0.9993091,-0.03616071,-0.7673985,-0.01659723,-0.6409555,-48.72612,-50.22458,-201.8069,-5.457153,0.008391747,2.476114,5.648923,0.300938,22.14638,-1.061613,0.006169679,1.025349,-0.06150303
2918,0.016647,1,100,0,105.5167,0,6.618897,2.600593,0,0,134.9802,-0.6543251,0.03393302,0.7554517,0.009333416,0.9992791,-0.03680112,-0.7561559,-0.01702895,-0.6541702,-48.81611,-50.22452,-201.7665,-5.289401,0.002750726,2.500701,5.477069,0.34088,23.00251,-1.032866,0.007945208,1.065003,-0.05923019
2919,0.01668,1,100,0,90.08768,0,0,2.363681,0,0,134.9813,-0.6677614,0.03455664,0.7435729,0.01008818,0.9992503,-0.0373793,-0.7443071,-0.01745915,-0.6676094,-48.90334,-50.22456,-201.7262,-5.106737,-0.00379267,2.461584,5.295444,0.3872432,23.37285,-0.9922067,0.01043342,1.082154,-0.05633222
2920,0.016688,1,100,0,98.43168,0,0,2.157671,0,0,134.9812,-0.6812371,0.03511696,0.7312201,0.01084975,0.9992234,-0.03787975,-0.7319824,-0.01787154,-0.681089,-48.9875,-50.22471,-201.6865,-4.926452,-0.009113085,2.441186,5.103443,0.4314849,23.94979,-0.947144,0.01267517,1.108878,-0.05308824
2921,0.016679,1,100,0,106.7712,0,0,1.943574,0,0,134.9814,-0.6948333,0.03560506,0.718289,0.01160824,0.999199,-0.03830039,-0.7190774,-0.01827432,-0.6946901,-49.06855,-50.22495,-201.6474,-4.749205,-0.013296,2.429966,4.918211,0.4747987,24.71653,-0.8975044,0.01475731,1.144396,-0.04948485
2922,0.01668,1,100,0,91.34218,0,0,1.727215,0,0,134.9827,-0.708514,0.03601695,0.7047772,0.01235825,0.999177,-0.03863819,-0.7055889,-0.01866589,-0.708376,-49.14659,-50.22526,-201.609,-4.570921,-0.01779018,2.359609,4.738342,0.5240246,25.00689,-0.8369362,0.01754501,1.157846,-0.04533327
2923,0.016687,1,100,0,99.68568,0,0,1.554033,0,0,134.9827,-0.7221315,0.03634625,0.6908003,0.01309589,0.9991581,-0.03888055,-0.6916319,-0.01903022,-0.7219995,-49.22165,-50.22563,-201.5718,-4.399224,-0.02088625,2.30884,4.548272,0.569235,25.51126,-0.7734603,0.01996996,1.181212,-0.04093108
2924,0.016655,1,100,0,84.2798,0,0,1.376059,0,0,134.984,-0.7356305,0.0365909,0.6763942,0.01381188,0.9991428,-0.03902915,-0.6772425,-0.01936876,-0.7355052,-49.29368,-50.22605,-201.5359,-4.230689,-0.02374379,2.205707,4.370579,0.6162387,25.56009,-0.7028048,0.02283984,1.183475,-0.03623115
2925,0.016767,1,100,0,68.77032,0,0,1.243353,0,0,134.9848,-0.7488811,0.03675405,0.6616844,0.01450952,0.9991308,-0.03907633,-0.6625455,-0.0196628,-0.7487635,-49.36336,-50.22652,-201.5018,-4.064321,-0.02635648,2.070038,4.182029,0.6623447,25.18496,-0.624639,0.02596626,1.166098,-0.03121784
2926,0.016626,1,100,0,53.39127,0,0,1.143347,0,0,134.9859,-0.7614785,0.03683661,0.6471427,0.01517318,0.9991235,-0.03901809,-0.6480128,-0.01989223,-0.7613699,-49.42971,-50.22703,-201.4704,-3.904342,-0.0284957,1.910069,3.998979,0.7042047,24.43062,-0.5411385,0.02910695,1.131157,-0.02602936
2927,0.016622,1,100,0,45.08027,0,0,1.076361,0,0,134.9863,-0.7733966,0.03684258,0.6328509,0.01580154,0.9991198,-0.03885479,-0.6337254,-0.02005014,-0.773298,-49.49343,-50.22756,-201.4416,-3.750535,-0.02967655,1.751885,3.816161,0.7374185,23.51918,-0.4546481,0.03183116,1.088942,-0.02074173
2928,0.016931,1,100,0,36.61477,0,0,1.022675,0,0,134.9864,-0.7847909,0.03677215,0.6186687,0.01639605,0.9991207,-0.03858664,-0.6195436,-0.02013872,-0.7847038,-49.55576,-50.22811,-201.415,-3.598217,-0.02994717,1.593847,3.634787,0.7614717,22.43996,-0.3641324,0.03410916,1.038961,-0.01528938
2929,0.01649,1,100,0,28.36977,0,0,0.9791578,0,0,134.9873,-0.795123,0.03663245,0.6053408,0.01692162,0.9991255,-0.03823573,-0.606212,-0.02015876,-0.7950476,-49.61403,-50.22864,-201.3918,-3.457077,-0.02930766,1.437449,3.477164,0.7755355,21.26105,-0.2740118,0.03583566,0.9843662,-0.009927709
2930,0.016684,1,100,0,20.02777,0,0,0.953472,0,0,134.9873,-0.8047853,0.03642164,0.5924477,0.01739181,0.9991342,-0.03779816,-0.5933114,-0.02011566,-0.8047219,-49.67068,-50.22915,-201.3708,-3.318505,-0.0275965,1.291565,3.319394,0.7784008,19.94372,-0.1825172,0.03695389,0.923366,-0.004551099
2931,0.016714,1,100,0,11.67078,0,0,0.9301114,0,0,134.9876,-0.8136455,0.03614415,0.5802364,0.01779315,0.999146,-0.0372882,-0.5810886,-0.02001514,-0.8135938,-49.72517,-50.22963,-201.3521,-3.183706,-0.02500204,1.150323,3.173296,0.7707919,18.51091,-0.09058611,0.03748744,0.8570215,0.0007952196
2932,0.01661,1,100,0,3.365775,0,0,0.9146198,0,0,134.9879,-0.8216263,0.03580578,0.5689008,0.01811641,0.9991613,-0.03672138,-0.5697385,-0.01986481,-0.8215859,-49.77715,-50.23005,-201.3359,-3.053885,-0.02156647,1.017772,3.03794,0.7527271,16.98497,0.0001951717,0.03741464,0.7863688,0.00602477
2933,0.016721,1,100,0,-4.994724,0,0,0.9041568,0,0,134.988,-0.8288255,0.03540529,0.558386,0.01836058,0.9991796,-0.03610143,-0.559206,-0.0196695,-0.8287956,-49.82737,-50.2304,-201.3218,-2.92617,-0.01725821,0.8954244,2.909034,0.7241446,15.35215,0.09026989,0.03673392,0.7107719,0.0111673
2934,0.016677,1,100,0,-13.33322,0,0,0.8945478,0,0,134.9882,-0.8351674,0.03494971,0.5488843,0.01851863,0.9992,-0.03544571,-0.549684,-0.01943851,-0.8351465,-49.87539,-50.23067,-201.3096,-2.801681,-0.01229968,0.7807887,2.789022,0.6863658,13.63675,0.1784988,0.0355054,0.6313545,0.0161655
2935,0.016676,1,100,0,-21.67122,0,0,0.8882055,0,0,134.9883,-0.8406727,0.03444137,0.5404473,0.01858849,0.9992227,-0.03476336,-0.5412245,-0.01917851,-0.8406594,-49.92142,-50.23086,-201.2993,-2.67979,-0.006741949,0.675785,2.675973,0.6399131,11.84109,0.2644503,0.03375353,0.5482244,0.02099821
2936,0.016722,1,100,0,-30.03222,0,0,0.882392,0,0,134.9884,-0.845355,0.03388218,0.5331292,0.01856833,0.999247,-0.03406273,-0.5338819,-0.01889578,-0.8453476,-49.96561,-50.23095,-201.2907,-2.559867,-0.0006902777,0.5789386,2.569088,0.5857457,9.965862,0.3479797,0.03153177,0.4614136,0.02566141
2937,0.016686,1,100,0,-38.37522,0,0,0.8772755,0,0,134.9886,-0.8491914,0.03327843,0.5270356,0.0184576,0.9992731,-0.03335678,-0.5277625,-0.01859848,-0.8491883,-50.00778,-50.23093,-201.2836,-2.44251,0.005630928,0.4886438,2.468209,0.5254195,8.027275,0.4283443,0.02892189,0.3716717,0.03011755
2938,0.016618,1,100,0,-46.68422,14.9562,0,0.87401,0,0,134.9889,-0.8521818,0.03263524,0.522227,0.01825788,0.9992999,-0.03265506,-0.5229272,-0.01829329,-0.852181,-50.04797,-50.2308,-201.2781,-2.33756,0.01228122,0.4030967,2.382434,0.4610327,6.034016,0.5055699,0.02604603,0.2793998,0.0343743
2939,0.016905,1,100,0,-55.13672,30.1707,0,0.8786378,0,0,134.9889,-0.8543733,0.03194108,0.5186773,0.01796511,0.9993282,-0.03194801,-0.5193493,-0.01797744,-0.8543732,-50.08722,-50.23055,-201.2737,-2.241336,0.01938583,0.3240188,2.310672,0.3916622,3.942348,0.5804973,0.02286467,0.1825736,0.03847317
2940,0.016509,1,100,0,-63.39122,45.0288,0,0.8868548,0,0,134.9895,-0.8556729,0.0312284,0.5165741,0.01759377,0.9993563,-0.031271,-0.5172182,-0.01766926,-0.8556715,-50.12408,-50.23018,-201.2708,-2.154257,0.02593199,0.242471,2.246105,0.3221793,1.852152,0.6505203,0.01962407,0.08581576,0.04228194
2941,0.01662,1,100,0,-71.70122,59.9868,0,0.9062871,0,0,134.9895,-0.8561373,0.03047898,0.5158488,0.01713821,0.9993846,-0.03060502,-0.5164642,-0.01736138,-0.8561329,-50.15987,-50.22971,-201.2691,-2.073992,0.03239576,0.1665648,2.195343,0.2503242,-0.3035836,0.7167264,0.0162137,-0.01397579,0.04584873
2942,0.016837,1,100,0,-80.11972,75.14011,0,0.9279783,0,0,134.9896,-0.8557284,0.02969136,0.5165727,0.01659727,0.9994136,-0.0299497,-0.517159,-0.01705511,-0.8557194,-50.1949,-50.22911,-201.2687,-1.999597,0.03852799,0.08665067,2.154114,0.1777157,-2.537233,0.7796343,0.0127369,-0.1173748,0.04920407
2943,0.016512,1,100,0,-88.37572,90.00091,0,0.9593037,0,0,134.9902,-0.8544414,0.02889528,0.5187438,0.01599325,0.999442,-0.02932827,-0.5193018,-0.01676289,-0.8544268,-50.22815,-50.22844,-201.2695,-1.930274,0.04362993,-0.0008445382,2.116501,0.107927,-4.764238,0.8375239,0.009373927,-0.220467,0.05226292
2944,0.016744,1,100,0,-96.74772,100,0,1.002385,0,0,134.9902,-0.8522184,0.02806736,0.5224329,0.01531199,0.9994704,-0.0287182,-0.5229623,-0.0164747,-0.8521969,-50.26082,-50.22766,-201.2718,-1.864701,0.04816695,-0.09158987,2.094429,0.03870204,-7.065504,0.8912958,0.006016969,-0.326998,0.05505871
2945,0.016691,1,100,0,-105.0932,100,0,1.052427,0,0,134.9906,-0.8490443,0.02722619,0.5276198,0.01456957,0.9994981,-0.0281307,-0.5281209,-0.01619702,-0.8490148,-50.2924,-50.22683,-201.2756,-1.798226,0.05153169,-0.1959233,2.074003,-0.0269893,-9.392461,0.9405175,0.002828772,-0.4347199,0.05757736
2946,0.016658,1,100,0,-89.68456,100,0,1.115188,0,0,134.9904,-0.8449733,0.02637111,0.5341579,0.01376991,0.9995252,-0.02756373,-0.5346311,-0.01593531,-0.8449352,-50.3229,-50.22593,-201.281,-1.738554,0.05451626,-0.281422,2.064052,-0.09180471,-11.08689,0.9822274,-0.0006728757,-0.5131474,0.05981357
2947,0.016618,1,100,0,-97.99356,100,0,1.1664,0,0,134.9909,-0.840144,0.02550299,0.5417635,0.01291776,0.9995514,-0.02702059,-0.5422096,-0.01570282,-0.8400966,-50.35244,-50.225,-201.2879,-1.684142,0.05629231,-0.3878871,2.056625,-0.1488539,-12.86186,1.019281,-0.00369488,-0.5953096,0.06173807
2948,0.016705,1,100,0,-106.3461,100,0,1.238136,0,0,134.9912,-0.8344512,0.02462087,0.5505317,0.01201546,0.9995769,-0.026491,-0.550951,-0.01549056,-0.834394,-50.38135,-50.22404,-201.2966,-1.637108,0.05703752,-0.5089357,2.071398,-0.1991527,-14.72687,1.051373,-0.006303393,-0.6816442,0.06332914
2949,0.016682,1,100,0,-90.91521,100,0,1.325736,0,0,134.991,-0.827953,0.02373316,0.5602952,0.01107589,0.9996014,-0.02597449,-0.5606883,-0.01529989,-0.8278858,-50.40956,-50.22307,-201.3071,-1.602933,0.0574038,-0.6120386,2.103129,-0.2454532,-16.00126,1.075481,-0.008965457,-0.7406294,0.06457707
2950,0.016695,1,100,0,-99.26271,100,0,1.404565,0,0,134.9915,-0.8207539,0.02284044,0.5708252,0.01010367,0.9996245,-0.02547056,-0.5711926,-0.01513763,-0.8206764,-50.43733,-50.2221,-201.3195,-1.579247,0.05654049,-0.7396234,2.141113,-0.2817169,-17.39971,1.094926,-0.0109757,-0.8053652,0.06549262
2951,0.016764,1,100,0,-107.6447,100,0,1.50819,0,0,134.9919,-0.8127392,0.02194659,0.5822141,0.009106188,0.9996467,-0.02496998,-0.5825564,-0.01499233,-0.8126519,-50.46496,-50.22114,-201.3341,-1.567304,0.05457966,-0.8855309,2.20771,-0.309238,-18.91863,1.10943,-0.01242341,-0.8756838,0.06606179
2952,0.016658,1,100,0,-92.23606,100,0,1.631853,0,0,134.9917,-0.804009,0.02106432,0.5942441,0.008102454,0.9996678,-0.0244729,-0.5945622,-0.0148616,-0.8039125,-50.49234,-50.22023,-201.3508,-1.570618,0.05234169,-1.008023,2.294163,-0.332366,-19.87219,1.115595,-0.01384572,-0.9198246,0.06624863
2953,0.016801,1,100,0,-100.6366,100,0,1.743414,0,0,134.9922,-0.7945464,0.02018411,0.6068678,0.00708513,0.9996874,-0.02397282,-0.6071621,-0.01474778,-0.794441,-50.52015,-50.21935,-201.3698,-1.58864,0.04894541,-1.158,2.387888,-0.3451166,-20.9878,1.117375,-0.01457389,-0.9714739,0.06610997
2954,0.016523,1,100,0,-85.35278,100,0,1.883803,0,0,134.992,-0.7846023,0.0193315,0.6196979,0.006088952,0.9997059,-0.02347661,-0.6199695,-0.01464649,-0.7844893,-50.5479,-50.21854,-201.3907,-1.620407,0.04543738,-1.277205,2.499752,-0.3540426,-21.57193,1.110727,-0.01526394,-0.9985153,0.06556948
2955,0.016733,1,100,0,-93.71928,100,0,2.005891,0,0,134.9924,-0.774002,0.01848568,0.6329136,0.005092401,0.9997234,-0.0229716,-0.6331632,-0.01455702,-0.773882,-50.57666,-50.21779,-201.414,-1.668795,0.04086433,-1.423553,2.61763,-0.352875,-22.34825,1.099759,-0.01525884,-1.03446,0.06469955
2956,0.016948,1,100,0,-102.1933,100,0,2.157686,0,0,134.9927,-0.7626119,0.01765454,0.6466154,0.004107269,0.9997395,-0.02245181,-0.6468433,-0.0144662,-0.7624858,-50.60677,-50.21711,-201.4401,-1.733936,0.03527899,-1.592646,2.767778,-0.3430815,-23.30816,1.084415,-0.0146605,-1.078911,0.06350499
2957,0.016376,1,100,0,-87.04549,100,0,2.335445,0,0,134.9925,-0.7509832,0.01687926,0.6601057,0.003186491,0.9997544,-0.02193908,-0.6603139,-0.01437246,-0.7508526,-50.63699,-50.21655,-201.4678,-1.805542,0.02978255,-1.72468,2.919708,-0.3322547,-23.7429,1.062089,-0.01415799,-1.099045,0.06200176
2958,0.016673,1,100,0,-95.38199,91.6635,0,2.486777,0,0,134.9929,-0.7386361,0.01612129,0.6739116,0.002286363,0.9997681,-0.02141047,-0.6741005,-0.01427374,-0.7385017,-50.66909,-50.21608,-201.4983,-1.895169,0.02334947,-1.884423,3.078526,-0.3129044,-24.37807,1.03616,-0.01305615,-1.128462,0.06022007
2959,0.016716,1,100,0,-103.74,83.3055,0,2.66885,0,0,134.9932,-0.7256317,0.01539906,0.6879111,0.00143107,0.9997813,-0.02087081,-0.688082,-0.01416007,-0.725495,-50.7029,-50.21571,-201.5315,-1.997826,0.01604411,-2.067216,3.261111,-0.2871481,-25.1884,1.007698,-0.01149688,-1.165993,0.05824088
2960,0.016733,1,100,0,-88.26196,74.939,0,2.874196,0,0,134.9929,-0.7119985,0.01471492,0.7020268,0.0006283009,0.9997934,-0.02031907,-0.7021807,-0.01402607,-0.7118607,-50.73859,-50.21547,-201.5676,-2.118405,0.009209082,-2.207938,3.468216,-0.2618661,-25.50153,0.9710577,-0.01010147,-1.180503,0.05587437
2961,0.016697,1,100,0,-96.61047,66.59049,0,3.059119,0,0,134.9933,-0.6979095,0.01407497,0.7160476,-0.0001152698,0.9998046,-0.01976499,-0.7161859,-0.01387671,-0.6977715,-50.77632,-50.21534,-201.606,-2.249887,0.001544826,-2.37822,3.654459,-0.2306754,-26.01116,0.9335833,-0.008265326,-1.204113,0.05341437
2962,0.016629,1,100,0,-104.925,58.27599,0,3.27077,0,0,134.9936,-0.6832823,0.01348302,0.7300301,-0.0007927762,0.9998156,-0.01920773,-0.7301545,-0.01370305,-0.6831456,-50.81619,-50.21534,-201.6471,-2.39216,-0.006753179,-2.570372,3.867901,-0.1956984,-26.69654,0.895592,-0.006133222,-1.235861,0.05089252
2963,0.016698,1,100,0,-89.47932,49.92699,0,3.502677,0,0,134.9932,-0.668012,0.01293303,0.7440383,-0.001406688,0.9998254,-0.01864213,-0.7441495,-0.0134998,-0.6678772,-50.85875,-50.21548,-201.6913,-2.554126,-0.01427096,-2.715174,4.108578,-0.1632061,-26.89903,0.850107,-0.004265559,-1.245251,0.0480251
2964,0.016763,1,100,0,-97.86082,41.54549,0,3.714247,0,0,134.9936,-0.6522318,0.01242882,0.7579178,-0.001954457,0.9998347,-0.01807785,-0.7580172,-0.01327227,-0.6520996,-50.9043,-50.21576,-201.7382,-2.729479,-0.0223847,-2.890253,4.327932,-0.1267972,-27.30757,0.8051137,-0.002083064,-1.264182,0.04515371
2965,0.016604,1,100,0,-106.1628,33.24349,0,3.954022,0,0,134.9938,-0.6360373,0.01197781,0.7715654,-0.002426343,0.9998436,-0.01752176,-0.7716545,-0.01301658,-0.6359088,-50.95242,-50.21616,-201.7875,-2.91255,-0.03090189,-3.087568,4.569592,-0.08903782,-27.89264,0.7619016,0.0002425899,-1.291286,0.04237276
2966,0.016683,1,100,0,-90.73105,24.90199,0,4.211297,0,0,134.9935,-0.619221,0.01156973,0.7851315,-0.002829712,0.9998521,-0.01696562,-0.7852117,-0.01272716,-0.6190968,-51.00396,-50.2167,-201.8401,-3.113151,-0.03833915,-3.232434,4.836227,-0.05530607,-28.00222,0.712374,0.0022245,-1.296374,0.03931713
2967,0.016903,1,100,0,-75.09577,16.45049,0,4.446159,0,0,134.9932,-0.6019146,0.01120126,0.7984819,-0.003168326,0.9998602,-0.01641459,-0.7985541,-0.01241003,-0.601795,-51.05972,-50.21737,-201.8955,-3.337415,-0.04457326,-3.32538,5.087434,-0.0250547,-27.66716,0.6553453,0.003912892,-1.280875,0.03589393
2968,0.016515,1,100,0,-59.8194,8.192993,0,4.666857,0,0,134.9929,-0.5850175,0.01088613,0.8109477,-0.003433216,0.9998678,-0.01589891,-0.8110136,-0.0120853,-0.5849028,-51.1179,-50.21811,-201.9507,-3.56256,-0.04933565,-3.361815,5.299359,-0.0007782057,-26.94843,0.5933206,0.005174325,-1.247612,0.03223294
2969,0.016709,1,100,0,-51.4649,0,0,4.856216,0,0,134.9927,-0.5681568,0.0106147,0.8228519,-0.003637915,0.9998748,-0.01541015,-0.8229124,-0.01174885,-0.568047,-51.18063,-50.21894,-202.007,-3.803822,-0.0530224,-3.366733,5.497163,0.02158729,-26.05243,0.5257569,0.006308228,-1.206142,0.02825114
2970,0.016856,1,100,0,-43.0369,0,0,5.043297,0,0,134.9924,-0.551523,0.01039254,0.8340951,-0.003781293,0.9998811,-0.01495846,-0.8341513,-0.01140389,-0.5514181,-51.24802,-50.21983,-202.0635,-4.055724,-0.05551318,-3.339796,5.689387,0.04133353,-24.99936,0.4526614,0.007275915,-1.1574,0.02393965
2971,0.016494,1,100,0,-34.78989,0,0,5.225344,0,0,134.9921,-0.5357361,0.01022965,0.8443236,-0.003862436,0.9998866,-0.0145652,-0.8443769,-0.01106425,-0.5356358,-51.31806,-50.22073,-202.1181,-4.298457,-0.05674791,-3.282717,5.856657,0.05648568,-23.83828,0.3770579,0.007963062,-1.103656,0.01947347
2972,0.016635,1,100,0,-26.47239,0,0,5.388486,0,0,134.9917,-0.5204179,0.01012299,0.8538518,-0.003888599,0.9998914,-0.01422447,-0.8539031,-0.01072296,-0.5203221,-51.39276,-50.22166,-202.172,-4.54779,-0.05669042,-3.195399,6.022759,0.06886108,-22.5481,0.296354,0.008478389,-1.043937,0.0146916
2973,0.016678,1,100,0,-18.13339,0,0,5.546617,0,0,134.9913,-0.5057787,0.01007844,0.8626044,-0.003861435,0.9998953,-0.01394662,-0.8626547,-0.0103848,-0.5056869,-51.4718,-50.22258,-202.2242,-4.798283,-0.05530585,-3.078742,6.180154,0.07794871,-21.14612,0.2112323,0.008791308,-0.9790411,0.009630315
2974,0.016693,1,100,0,-9.786893,0,0,5.696714,0,0,134.9908,-0.4919492,0.01010065,0.8705652,-0.003784041,0.9998983,-0.01373955,-0.8706155,-0.01005342,-0.4918609,-51.55507,-50.22346,-202.2742,-5.047165,-0.05259093,-2.934129,6.329264,0.08363323,-19.64466,0.1221254,0.00889389,-0.9095393,0.004312079
2975,0.016729,1,100,0,-1.422394,0,0,5.837852,0,0,134.9902,-0.4790108,0.01019409,0.8777499,-0.003659723,0.9999006,-0.01360994,-0.8778014,-0.00973163,-0.4789259,-51.64264,-50.2243,-202.3215,-5.293516,-0.04856706,-2.762826,6.471966,0.08595954,-18.05088,0.02916987,0.00878627,-0.8357635,-0.001257706
2976,0.016645,1,100,0,6.900105,0,0,5.970318,0,0,134.9896,-0.4671404,0.01036204,0.8841225,-0.003493321,0.999902,-0.01356474,-0.8841764,-0.009425162,-0.4670584,-51.7338,-50.22506,-202.3655,-5.531825,-0.04330254,-2.567622,6.604254,0.08468053,-16.38573,-0.06649796,0.00845091,-0.758683,-0.007012159
2977,0.016631,1,100,0,15.21561,0,14.9679,6.090747,0,0,134.989,-0.4563611,0.01060812,0.8897315,-0.003288545,0.9999021,-0.01360842,-0.8897888,-0.009136278,-0.4562816,-51.82881,-50.22571,-202.4058,-5.767297,-0.03684762,-2.347728,6.734133,0.08016191,-14.63546,-0.1650379,0.007902313,-0.6776609,-0.01295967
2978,0.016903,1,100,0,23.66711,0,30.1806,6.203238,0,0,134.9881,-0.4465946,0.01094138,0.8946695,-0.003044732,0.9999008,-0.01374815,-0.8947312,-0.00886388,-0.446517,-51.92936,-50.22626,-202.4427,-6.008803,-0.02917128,-2.100951,6.872724,0.0732236,-12.77367,-0.267858,0.007181539,-0.5914753,-0.01918579
2979,0.016505,1,100,0,31.91961,0,45.0351,6.314633,0,0,134.9875,-0.4382959,0.01135219,0.8987591,-0.002775155,0.9998984,-0.01398303,-0.8988265,-0.008622902,-0.4382199,-52.0314,-50.22666,-202.4744,-6.234047,-0.02064632,-1.83663,6.992427,0.06273347,-10.88588,-0.3698547,0.006220805,-0.5040851,-0.02537929
2980,0.016641,1,100,0,40.2401,0,60.012,6.408353,0,0,134.9867,-0.4312285,0.01185286,0.9021649,-0.002476028,0.9998944,-0.01432037,-0.9022394,-0.008409139,-0.4311537,-52.13802,-50.22692,-202.5016,-6.460365,-0.01122686,-1.551852,7.123394,0.05040159,-8.914185,-0.4737319,0.005111068,-0.412809,-0.03170137
2981,0.016902,1,100,0,48.6911,0,75.2238,6.497977,0,0,134.9857,-0.4254491,0.01245142,0.9048967,-0.002146753,0.9998887,-0.01476784,-0.9049798,-0.008225555,-0.425375,-52.25012,-50.22701,-202.524,-6.691308,-0.0009748936,-1.244778,7.26619,0.03662217,-6.845826,-0.5797464,0.003864049,-0.3170567,-0.03816505
2982,0.016459,1,100,0,56.9206,0,90.0369,6.585003,0,0,134.9852,-0.4212378,0.01312408,0.9068552,-0.001803816,0.9998811,-0.01530824,-0.9069484,-0.008084211,-0.4211641,-52.36296,-50.22693,-202.5406,-6.904786,0.009644247,-0.9269547,7.394458,0.02071628,-4.778084,-0.6824362,0.002443071,-0.221331,-0.04443283
2983,0.016743,1,100,0,65.29211,0,100,6.652606,0,0,134.9842,-0.4184272,0.01389697,0.9081441,-0.001435342,0.9998717,-0.01596198,-0.9082495,-0.007982424,-0.4183536,-52.48129,-50.22667,-202.5518,-7.120598,0.0207081,-0.5937877,7.541437,0.004539125,-2.623567,-0.7857099,0.0009385269,-0.1215862,-0.05073797
2984,0.016642,1,100,0,73.61311,0,100,6.715528,0,0,134.9834,-0.4171478,0.01475357,0.908719,-0.001050537,0.9998598,-0.01671554,-0.9088382,-0.007927494,-0.4170738,-52.60238,-50.22622,-202.5572,-7.32093,0.03190344,-0.2528051,7.68229,-0.01233751,-0.4512439,-0.8871205,-0.0006741378,-0.02101515,-0.05692946
2985,0.016719,1,100,0,81.9726,0,100,6.758727,0,0,134.9824,-0.417405,0.01570087,0.908585,-0.0006464231,0.9998454,-0.01757487,-0.9087204,-0.007923168,-0.4173303,-52.72727,-50.22558,-202.5567,-7.50969,0.04307621,0.09549314,7.823994,-0.02900011,1.761367,-0.9870737,-0.002353399,0.08142335,-0.06302448
2986,0.016688,1,100,0,90.3166,0,100,6.784016,0,0,134.9815,-0.4192246,0.0167309,0.9077284,-0.0002256869,0.9998283,-0.01853268,-0.9078827,-0.00797422,-0.4191488,-52.85494,-50.22476,-202.5503,-7.68254,0.05398778,0.4481903,7.960467,-0.04497766,3.996599,-1.084344,-0.004075982,0.1849117,-0.06894077
2987,0.016629,1,100,0,98.6311,0,100,6.786556,0,0,134.9806,-0.4226045,0.01783788,0.9061387,0.0002111811,0.9998084,-0.01958333,-0.9063144,-0.008084645,-0.4225273,-52.98489,-50.22376,-202.5379,-7.837523,0.06441218,0.8022531,8.090033,-0.05950075,6.248517,-1.178076,-0.005801157,0.2891753,-0.07461709
2988,0.016684,1,100,0,106.9731,0,100,6.763766,0,0,134.9797,-0.4275747,0.01902432,0.9037798,0.000668305,0.9997849,-0.02072903,-0.9039797,-0.008259206,-0.4274954,-53.1177,-50.2226,-202.5195,-7.975998,0.07415739,1.157074,8.213701,-0.07164862,8.532247,-1.268255,-0.007485658,0.3949148,-0.08004247
2989,0.016696,1,100,0,91.5293,0,100,6.714884,0,0,134.9803,-0.4339814,0.02028392,0.9006934,0.001147928,0.9997581,-0.02196178,-0.900921,-0.008497072,-0.4338997,-53.25275,-50.22128,-202.4957,-8.091447,0.08121224,1.42067,8.327914,-0.07596832,10.20582,-1.343146,-0.008558601,0.472404,-0.08455364
2990,0.016733,1,100,0,99.89581,0,100,6.672637,0,0,135,-0.4415662,0.02160412,0.8969687,0.001654828,0.9997282,-0.0232645,-0.8972275,-0.008788489,-0.441482,-53.38993,-50.22004,-202.4768,-8.410124,0.05951759,0.5346168,8.427309,0.01471377,12.27197,-1.290054,-0.003780859,0.5680581,-0.0807737
2991,0.016674,1,100,0,108.2328,0,100,7.309247,0,0,134.9626,-0.4505319,0.02283735,0.8924683,0.00221108,0.9996983,-0.02446507,-0.8927577,-0.009048975,-0.4504465,-53.53195,-50.21845,-202.4341,-8.540195,0.08275801,1.84243,8.769778,-0.05822699,13.76735,-1.467135,-0.009334206,0.6373124,-0.09182739
2992,0.016863,1,100,0,92.63453,0,100,6.79366,0,0,134.9776,-0.4604609,0.02425263,0.8873488,0.002792343,0.9996616,-0.02587331,-0.887676,-0.009435867,-0.4603728,-53.67738,-50.217,-202.3975,-8.585982,0.08604193,2.110817,8.842119,-0.05961605,15.00747,-1.525854,-0.01030592,0.6947407,-0.09528794
2993,0.01646,1,100,0,100.8645,0,100,6.648996,0,0,134.9787,-0.4709495,0.02567341,0.8817866,0.003387609,0.9996218,-0.02729493,-0.8821539,-0.009867385,-0.4708583,-53.81988,-50.21556,-202.3592,-8.600608,0.08689491,2.298104,8.874156,-0.05206638,16.35602,-1.567253,-0.01081834,0.757192,-0.09758931
2994,0.016663,1,100,0,85.45126,0,100,6.504121,0,0,134.9794,-0.4822922,0.02713122,0.8755903,0.004020881,0.9995785,-0.02875837,-0.8760014,-0.01034929,-0.482198,-53.96422,-50.21412,-202.3181,-8.593393,0.08468464,2.398456,8.878317,-0.03353511,17.19644,-1.591097,-0.0104614,0.7961128,-0.09882237
2995,0.016757,1,100,0,93.82976,0,100,6.370418,0,0,134.9788,-0.4942221,0.02859948,0.8688651,0.00469222,0.999532,-0.0302315,-0.8693231,-0.01086417,-0.494125,-54.1091,-50.21272,-202.2751,-8.568144,0.08133763,2.5096,8.854509,-0.01136323,18.19739,-1.607619,-0.009999815,0.8424702,-0.09952993
2996,0.016671,1,100,0,102.1653,0,100,6.207546,0,0,134.9783,-0.5066956,0.03005168,0.8616012,0.005392827,0.9994834,-0.03168941,-0.8621085,-0.01141042,-0.5065958,-54.25266,-50.2114,-202.2307,-8.522957,0.07718262,2.634381,8.813346,0.01420826,19.33275,-1.617079,-0.00943907,0.8950549,-0.09972852
2997,0.016673,1,100,0,86.74274,0,100,6.012266,0,0,134.9792,-0.5196968,0.03148716,0.8537705,0.006126703,0.9994324,-0.03312982,-0.854329,-0.01198666,-0.5195947,-54.39529,-50.21017,-202.1849,-8.454165,0.070483,2.684374,8.753844,0.0500041,19.95977,-1.609375,-0.007990728,0.9240953,-0.09890207
2998,0.016668,1,100,0,95.07674,0,100,5.827006,0,0,134.9787,-0.533022,0.03288921,0.845462,0.006894981,0.9993801,-0.03452981,-0.8460736,-0.0125757,-0.5329185,-54.53659,-50.20906,-202.1385,-8.367788,0.06312368,2.748399,8.664968,0.08832118,20.761,-1.594329,-0.006502575,0.9612073,-0.09754863
2999,0.016696,1,100,0,103.4247,0,100,5.614298,0,0,134.9782,-0.5467917,0.0342492,0.8365679,0.007694985,0.9993263,-0.03588301,-0.8372333,-0.01318315,-0.5466869,-54.67652,-50.20808,-202.091,-8.264311,0.05528081,2.827231,8.559967,0.12955,21.72336,-1.572403,-0.004949863,1.005785,-0.0956923
3000,0.016612,1,100,0,88.05864,0,100,5.372817,0,0,134.9794,-0.5608488,0.03555092,0.8271548,0.008519455,0.9992728,-0.03717193,-0.8278748,-0.01380092,-0.5607438,-54.81385,-50.20725,-202.0431,-8.139446,0.04556665,2.835619,8.44155,0.1801577,22.19098,-1.534251,-0.002506093,1.027444,-0.09289255
3001,0.01674,1,100,0,96.42864,0,100,5.147758,0,0,134.9789,-0.5751898,0.03679576,0.8171921,0.009378338,0.9992189,-0.03839085,-0.8179665,-0.01441812,-0.5750857,-54.95001,-50.20658,-201.995,-8.000015,0.03565761,2.860939,8.292617,0.2321973,22.85368,-1.48932,-9.701648e-05,1.058142,-0.08959785
3002,0.016688,1,100,0,104.7726,0,100,4.897945,0,0,134.9787,-0.589761,0.03796001,0.8066853,0.01025543,0.9991663,-0.03951988,-0.8075129,-0.01503438,-0.5896585,-55.08326,-50.20609,-201.9467,-7.846816,0.02603224,2.90103,8.13453,0.2854646,23.6887,-1.438234,0.002278772,1.096825,-0.08584863
3003,0.016774,1,100,0,89.25669,0,100,4.625396,0,0,134.9797,-0.6046277,0.03904619,0.7955506,0.01115374,0.9991149,-0.04056029,-0.7964301,-0.01565051,-0.6045281,-55.21448,-50.20576,-201.8982,-7.675678,0.01502339,2.873246,7.963326,0.3476362,24.03966,-1.37191,0.005561007,1.113082,-0.08123895
3004,0.016545,1,100,0,97.52919,0,91.7275,4.375948,0,0,134.9796,-0.6193352,0.0400239,0.784106,0.01205326,0.9990669,-0.04147595,-0.7850345,-0.01623648,-0.6192397,-55.34088,-50.20562,-201.851,-7.482968,0.004571317,2.86318,7.75813,0.406551,24.57541,-1.302539,0.008536519,1.137901,-0.07638604
3005,0.016734,1,100,0,105.8962,0,83.3605,4.101318,0,0,134.979,-0.634351,0.04091008,0.7719619,0.01296689,0.9990214,-0.04228769,-0.7729365,-0.01681529,-0.6342607,-55.46529,-50.20566,-201.8036,-7.267924,-0.005647715,2.866655,7.526784,0.4647145,25.29655,-1.228892,0.01135133,1.171313,-0.07119566
3006,0.01678,1,100,0,90.37469,0,74.9705,3.799532,0,0,134.98,-0.6494979,0.04169231,0.7592195,0.01388066,0.9989793,-0.04298401,-0.7602367,-0.01737955,-0.6494136,-55.58624,-50.20588,-201.7567,-7.028504,-0.01678862,2.804994,7.280215,0.529255,25.53234,-1.143299,0.01496027,1.182235,-0.06538141
3007,0.016515,1,100,0,98.63219,0,66.71301,3.522017,0,0,134.9801,-0.6643297,0.04235214,0.7462388,0.01477324,0.9989424,-0.04354243,-0.7472937,-0.01790216,-0.6642528,-55.70118,-50.20626,-201.7117,-6.778527,-0.02592592,2.762367,7.014179,0.5867416,25.96767,-1.058343,0.0180165,1.202406,-0.05955896
3008,0.016696,1,100,0,106.9802,0,58.36501,3.231104,0,0,134.9798,-0.6793473,0.04290283,0.7325619,0.01565742,0.99891,-0.04398158,-0.7336504,-0.01840873,-0.6792785,-55.81303,-50.20681,-201.667,-6.514264,-0.03387641,2.732623,6.729638,0.642009,26.59995,-0.9699994,0.02082145,1.231704,-0.05345429
3009,0.016743,1,100,0,91.49292,0,49.99351,2.923604,0,0,134.981,-0.6943877,0.04333617,0.718295,0.01651835,0.9988818,-0.04429597,-0.7194114,-0.01889353,-0.6943271,-55.92063,-50.20749,-201.6234,-6.235088,-0.04181381,2.642308,6.439493,0.7023148,26.75826,-0.8717344,0.02435924,1.239039,-0.04687211
3010,0.016647,1,100,0,99.81642,0,41.67001,2.651758,0,0,134.981,-0.7091721,0.04364459,0.7036834,0.01734367,0.9988601,-0.0444734,-0.7048223,-0.01933484,-0.7091207,-56.02285,-50.20829,-201.5816,-5.953062,-0.04769564,2.572259,6.134873,0.7567109,27.13282,-0.7727722,0.02740802,1.256397,-0.04018914
3011,0.016691,1,100,0,108.1619,0,33.3245,2.372731,0,0,134.9811,-0.7239246,0.04382639,0.6884856,0.01812853,0.9988438,-0.04452095,-0.6896408,-0.01974858,-0.7238821,-56.12053,-50.20917,-201.541,-5.668454,-0.05171701,2.51155,5.828741,0.8074276,27.71067,-0.6722177,0.0301206,1.283176,-0.03334038
3012,0.016675,1,100,0,92.73754,0,24.98701,2.092152,0,0,134.9824,-0.7385573,0.04388053,0.6727613,0.01886243,0.9988341,-0.04444129,-0.6739271,-0.02013253,-0.738524,-56.21328,-50.21012,-201.502,-5.380445,-0.05511465,2.396418,5.526553,0.8613983,27.82121,-0.5647821,0.03346711,1.2883,-0.02622438
3013,0.016676,1,100,0,101.0755,0,16.64901,1.857325,0,0,134.9825,-0.7529457,0.04380592,0.6566233,0.01954122,0.9988306,-0.04422812,-0.6577929,-0.02047015,-0.7529212,-56.30118,-50.21111,-201.4648,-5.09788,-0.05626564,2.30143,5.215869,0.9081439,28.15701,-0.4580359,0.03623907,1.303864,-0.01909225
3014,0.016723,1,100,0,85.60677,0,8.287506,1.621706,0,0,134.9837,-0.7671131,0.04360401,0.6400284,0.02015794,0.9988331,-0.04388823,-0.6411952,-0.02076558,-0.7670969,-56.38454,-50.21211,-201.4296,-4.816517,-0.0566069,2.160028,4.914192,0.955528,28.04473,-0.3461717,0.03946508,1.298663,-0.01181495
3015,0.016668,1,100,0,70.18887,0,0,1.432553,0,0,134.9846,-0.7807501,0.0432826,0.6233425,0.02070623,0.9988422,-0.0434209,-0.6245002,-0.0209938,-0.7807424,-56.46295,-50.2131,-201.397,-4.542451,-0.05577657,1.993243,4.614459,0.9981714,27.52255,-0.2321612,0.04276161,1.274471,-0.004587818
3016,0.016739,1,100,0,61.81937,0,0,1.281723,0,0,134.9853,-0.7938062,0.04284641,0.6066598,0.021185,0.9988581,-0.04282583,-0.607802,-0.02114332,-0.7938074,-56.53717,-50.21407,-201.3671,-4.286442,-0.05298295,1.823138,4.329639,1.032416,26.81937,-0.1169972,0.04570723,1.241897,0.002602912
3017,0.016918,1,100,0,53.36037,0,0,1.159208,0,0,134.9858,-0.8062873,0.04229616,0.59001,0.02158793,0.9988799,-0.04210556,-0.5911301,-0.02121208,-0.8062973,-56.60793,-50.21497,-201.3398,-4.045384,-0.04835222,1.651545,4.060381,1.056489,25.9405,-0.001011357,0.04817551,1.201188,0.009738561
3018,0.01641,1,100,0,45.15536,0,0,1.060737,0,0,134.9868,-0.817659,0.0416641,0.5741933,0.02189343,0.9989067,-0.04130523,-0.5752865,-0.02120253,-0.8176773,-56.67275,-50.21576,-201.3161,-3.831118,-0.04240049,1.481806,3.828119,1.069083,24.94472,0.1102195,0.05001413,1.155068,0.01648808
3019,0.016669,1,100,0,36.82087,0,0,0.9932507,0,0,134.9869,-0.8284408,0.04092943,0.5585793,0.02211203,0.998939,-0.0404016,-0.5596402,-0.02111902,-0.8284669,-56.73509,-50.21645,-201.2947,-3.627274,-0.03483026,1.324267,3.601844,1.068354,23.79352,0.2201495,0.05113373,1.101756,0.02306439
3020,0.016953,1,100,0,28.34436,0,0,0.9335928,0,0,134.9871,-0.8385876,0.04009487,0.5432897,0.02223393,0.9989762,-0.03940574,-0.5443134,-0.0209657,-0.8386205,-56.79509,-50.21701,-201.2757,-3.431935,-0.0259171,1.171215,3.390889,1.054604,22.49064,0.3287615,0.05153723,1.041423,0.02947472
3021,0.016466,1,100,0,20.11136,0,0,0.8863871,0,0,134.9879,-0.8476362,0.03920755,0.5291274,0.02225063,0.9990156,-0.03838114,-0.5301113,-0.02075983,-0.8476741,-56.8503,-50.21739,-201.2596,-3.25651,-0.01655839,1.02581,3.209455,1.029135,21.11444,0.4303383,0.05122209,0.9777021,0.03539428
3022,0.016616,1,100,0,11.80336,0,0,0.8571034,0,0,134.9879,-0.8559625,0.03824263,0.5156217,0.02216392,0.9990581,-0.03730472,-0.5165627,-0.02050324,-0.8560038,-56.90316,-50.21761,-201.2457,-3.088899,-0.006206357,0.8985139,3.037625,0.9901028,19.61801,0.5276393,0.05010335,0.9084182,0.04098794
3023,0.016689,1,100,0,3.458864,0,0,0.8266059,0,0,134.988,-0.8635128,0.03721137,0.5029523,0.02197079,0.9991031,-0.03619812,-0.5038483,-0.02020728,-0.8635558,-56.95354,-50.21765,-201.2337,-2.928527,0.004680512,0.7805904,2.879535,0.9395694,18.01632,0.6202605,0.04828721,0.8342655,0.04624467
3024,0.016733,1,100,0,-4.907636,0,0,0.8013554,0,0,134.9881,-0.8702721,0.0361223,0.4912452,0.02167074,0.9991497,-0.0350785,-0.4920946,-0.0198822,-0.8703149,-57.00146,-50.2175,-201.2236,-2.774858,0.01590553,0.6754807,2.733143,0.8782375,16.31932,0.707327,0.04579826,0.7557039,0.05111992
3025,0.016681,1,100,0,-13.24814,15.0129,0,0.7772955,0,0,134.9884,-0.8762115,0.03498919,0.4806549,0.02126722,0.9991967,-0.03396718,-0.4814573,-0.01954024,-0.8762518,-57.04683,-50.21716,-201.2153,-2.639643,0.02743918,0.5809616,2.609566,0.8089098,14.54393,0.7885538,0.04279121,0.6735166,0.05560881
3026,0.016678,1,100,0,-21.58714,30.0231,0,0.7612708,0,0,134.9886,-0.8813646,0.03381562,0.471225,0.02076275,0.9992439,-0.03287283,-0.4719803,-0.01918903,-0.8814003,-57.09007,-50.21662,-201.2084,-2.518407,0.03905523,0.5002307,2.503579,0.7321408,12.69162,0.8635776,0.03929097,0.5877712,0.05969336
3027,0.016675,1,100,0,-29.92463,45.0306,0,0.7469854,0,0,134.9887,-0.8857436,0.03260858,0.4630282,0.02016163,0.9992906,-0.03180673,-0.4637369,-0.0188372,-0.8857727,-57.13141,-50.21589,-201.2027,-2.407881,0.05040705,0.4307905,2.410932,0.6495222,10.76891,0.9321924,0.03538556,0.498768,0.0633665
3028,0.016712,1,100,0,-38.28064,60.0714,0,0.7340913,0,0,134.9888,-0.8893677,0.03137189,0.4561152,0.0194675,0.9993368,-0.03077583,-0.4567783,-0.0184916,-0.8893886,-57.17111,-50.21495,-201.1981,-2.305353,0.06130952,0.3719557,2.328456,0.5623837,8.776307,0.9943014,0.03115132,0.406531,0.06662474
3029,0.016616,1,100,0,-46.58863,75.0258,0,0.7210882,0,0,134.989,-0.89222,0.03012243,0.4505955,0.01869246,0.9993812,-0.02979613,-0.4512142,-0.01816197,-0.892231,-57.209,-50.21386,-201.1944,-2.209724,0.07130731,0.3206654,2.253304,0.4732575,6.737012,1.049363,0.02672832,0.3121328,0.06944268
3030,0.016673,1,100,0,-54.92513,90.0315,0,0.7096564,0,0,134.989,-0.8943362,0.02885542,0.4464641,0.01783687,0.9994242,-0.0288638,-0.4470399,-0.01785041,-0.894336,-57.24554,-50.21259,-201.1915,-2.118801,0.08048691,0.2778369,2.184812,0.3826781,4.635187,1.097691,0.02215482,0.2148392,0.07183451
3031,0.016895,1,100,0,-63.37263,100,0,0.6972724,0,0,134.9889,-0.8957208,0.02756503,0.4437621,0.01689836,0.9994659,-0.02797467,-0.4442962,-0.01755865,-0.8957082,-57.28111,-50.21115,-201.1892,-2.028026,0.0887927,0.2406151,2.118602,0.2913812,2.451434,1.139508,0.01748156,0.113752,0.07380768
3032,0.016483,1,100,0,-71.61414,100,0,0.6839643,0,0,134.9893,-0.8963261,0.02630716,0.4426144,0.0159211,0.9995043,-0.027165,-0.4431096,-0.01730179,-0.8963006,-57.31438,-50.20963,-201.1876,-1.933881,0.09511138,0.2005716,2.044475,0.2048357,0.2824982,1.173622,0.01300522,0.01334909,0.07531455
3033,0.016652,1,100,0,-79.94013,100,0,0.6755034,0,0,134.9892,-0.8961865,0.0250437,0.44297,0.01488108,0.9995404,-0.02640352,-0.4434277,-0.01707061,-0.8961473,-57.3465,-50.20799,-201.1865,-1.836455,0.1003593,0.1668082,1.973704,0.1201416,-1.952814,1.200771,0.00857961,-0.09012873,0.0763739
3034,0.016764,1,100,0,-88.32213,100,0,0.6631372,0,0,134.9893,-0.8952665,0.02378682,0.4448958,0.01378969,0.9995749,-0.02569423,-0.4453179,-0.01686821,-0.895214,-57.37729,-50.20626,-201.186,-1.736979,0.1042149,0.1271116,1.900678,0.04045241,-4.243496,1.221423,0.004397999,-0.1961728,0.07701635
3035,0.016656,1,100,0,-96.65013,100,0,0.6579576,0,0,134.9896,-0.8935525,0.02256005,0.4483916,0.01267053,0.9996061,-0.02504367,-0.44878,-0.01669648,-0.8934864,-57.40631,-50.20449,-201.1862,-1.637177,0.1064501,0.08004224,1.827904,-0.03214937,-6.553155,1.23553,0.0005791386,-0.3030988,0.07724671
3036,0.016675,1,100,0,-104.9876,100,0,0.6614385,0,0,134.9898,-0.8910089,0.02136048,0.4534832,0.01152488,0.9996349,-0.02444174,-0.4538397,-0.01655146,-0.8909298,-57.4338,-50.20269,-201.1872,-1.538429,0.1072198,0.02523875,1.761279,-0.09746499,-8.898713,1.243343,-0.002855775,-0.4116899,0.077073
3037,0.016632,1,100,0,-89.60303,100,0,0.6739394,0,0,134.9899,-0.887686,0.02019542,0.4600062,0.01036485,0.999661,-0.02388628,-0.4603327,-0.01643562,-0.8875944,-57.45968,-50.20088,-201.1891,-1.447464,0.106787,-0.02768451,1.700694,-0.1554864,-10.60908,1.243834,-0.006144846,-0.4908695,0.07662205
3038,0.016701,1,100,0,-97.95354,100,0,0.6891325,0,0,134.9902,-0.8836702,0.01905767,0.4677221,0.009189939,0.9996848,-0.02337026,-0.4680201,-0.01635326,-0.8835667,-57.48426,-50.19909,-201.1918,-1.3637,0.1049557,-0.09472352,1.651231,-0.2033439,-12.41348,1.238202,-0.008815604,-0.5744084,0.07575106
3039,0.016662,1,100,0,-106.2845,100,0,0.7202171,0,0,134.9906,-0.8789231,0.01796271,0.4766255,0.008018522,0.999706,-0.02288959,-0.4768965,-0.01629636,-0.8788087,-57.5075,-50.19734,-201.1957,-1.286894,0.1016889,-0.1764469,1.615715,-0.240828,-14.29138,1.226964,-0.01086025,-0.6613548,0.07449831
3040,0.016742,1,100,0,-90.79819,100,0,0.767121,0,0,134.9906,-0.8734269,0.0169062,0.4866618,0.006851171,0.9997249,-0.02243355,-0.4869072,-0.01625986,-0.8733025,-57.5297,-50.19564,-201.2009,-1.223643,0.09753783,-0.252964,1.600109,-0.2703924,-15.58497,1.20838,-0.0126353,-0.7212478,0.07294176
3041,0.016722,1,100,0,-99.15919,100,0,0.8151288,0,0,134.9911,-0.8673078,0.0158965,0.4975187,0.005702881,0.9997419,-0.02200168,-0.49774,-0.01624494,-0.8671746,-57.55093,-50.19403,-201.2074,-1.171174,0.09208593,-0.3496377,1.595508,-0.2885093,-17.00059,1.18479,-0.01367664,-0.7867967,0.07102437
3042,0.016837,1,100,0,-107.5777,100,0,0.884641,0,0,134.9913,-0.8604301,0.01493341,0.5093496,0.004575521,0.9997566,-0.02158214,-0.5095479,-0.01623938,-0.860289,-57.57155,-50.1925,-201.2156,-1.130461,0.08553453,-0.4622123,1.618922,-0.2966578,-18.54231,1.156073,-0.01408112,-0.8581881,0.06873948
3043,0.016496,1,100,0,-92.31889,100,0,0.9722709,0,0,134.9915,-0.8529976,0.0140455,0.521726,0.00350736,0.9997697,-0.02118065,-0.5219033,-0.01623716,-0.8528504,-57.59119,-50.19112,-201.2254,-1.102418,0.07845073,-0.5662233,1.653715,-0.2980347,-19.50154,1.12209,-0.01422314,-0.9026105,0.06628475
3044,0.016723,1,100,0,-100.6804,100,0,1.056986,0,0,134.9918,-0.8448597,0.01320182,0.5348252,0.002467996,0.9997811,-0.02078028,-0.5349825,-0.01623647,-0.8447074,-57.61077,-50.18985,-201.2371,-1.090132,0.07052493,-0.689537,1.71317,-0.2899133,-20.62825,1.083411,-0.01373116,-0.9547915,0.06347998
3045,0.016868,1,100,0,-85.07749,100,0,1.164514,0,0,134.9917,-0.836039,0.01241147,0.5485296,0.001472323,0.9997913,-0.02037803,-0.548668,-0.01622922,-0.8358828,-57.63046,-50.1887,-201.2508,-1.097718,0.06250194,-0.7971824,1.798952,-0.2768547,-21.23207,1.037712,-0.01305141,-0.9827634,0.06037904
3046,0.016459,1,100,0,-93.30699,100,0,1.267619,0,0,134.9923,-0.8269356,0.01170099,0.562175,0.0005580569,0.9998002,-0.01998876,-0.5622966,-0.01621569,-0.826777,-57.64987,-50.18771,-201.2661,-1.113058,0.05379397,-0.9272823,1.872797,-0.2560548,-21.99491,0.9909261,-0.0118282,-1.018101,0.05716523
3047,0.016648,1,100,0,-101.631,100,0,1.391652,0,0,134.9925,-0.8171349,0.01104782,0.5763406,-0.0003016796,0.999808,-0.01959294,-0.5764464,-0.01618395,-0.8169746,-57.6699,-50.18687,-201.2836,-1.144149,0.04461172,-1.071598,1.988877,-0.2290546,-22.93595,0.9405172,-0.01016853,-1.061691,0.05367547
3048,0.016718,1,100,0,-86.16684,100,0,1.534286,0,0,134.9923,-0.8066953,0.01045977,0.5908749,-0.00109356,0.9998151,-0.0191919,-0.5909664,-0.01612817,-0.8065347,-57.69065,-50.18616,-201.3034,-1.193355,0.03570564,-1.193868,2.124068,-0.2007369,-23.37354,0.8842994,-0.008512344,-1.081971,0.04996929
3049,0.016654,1,100,0,-94.49384,100,0,1.667553,0,0,134.9927,-0.7958037,0.009942149,0.6054732,-0.001807529,0.9998219,-0.01879326,-0.6055523,-0.01605016,-0.795644,-57.71225,-50.18562,-201.3253,-1.253495,0.02630318,-1.341444,2.250812,-0.1671113,-24.0037,0.8273252,-0.006461083,-1.111169,0.04616989
3050,0.016749,1,100,0,-102.8683,100,0,1.825947,0,0,134.993,-0.7842497,0.009493448,0.6203728,-0.002445215,0.999828,-0.01839132,-0.6204407,-0.01594033,-0.7840917,-57.73511,-50.18523,-201.3498,-1.327118,0.01655049,-1.507711,2.409612,-0.1299075,-24.81907,0.7690218,-0.004130509,-1.148943,0.04224845
3051,0.016672,1,100,0,-87.44673,100,0,2.005318,0,0,134.9927,-0.7721539,0.00911757,0.6353702,-0.002997517,0.9998337,-0.01799045,-0.6354285,-0.01579593,-0.7719981,-57.75919,-50.18501,-201.3766,-1.415411,0.00747645,-1.642387,2.585766,-0.09538448,-25.13716,0.7064312,-0.00203226,-1.163692,0.03821107
3052,0.016622,1,100,0,-95.75773,100,0,2.167194,0,0,134.9931,-0.7596152,0.008812322,0.6503133,-0.003465982,0.9998393,-0.01759724,-0.6503639,-0.0156211,-0.7594626,-57.78476,-50.18493,-201.4058,-1.513686,-0.00188546,-1.804274,2.747545,-0.05817148,-25.65673,0.6449664,0.000297837,-1.18777,0.03420519
3053,0.016698,1,100,0,-104.1067,100,0,2.354755,0,0,134.9934,-0.746427,0.008576512,0.665412,-0.003852342,0.9998444,-0.01720839,-0.6654561,-0.0154082,-0.7462779,-57.81221,-50.18501,-201.4378,-1.624766,-0.01140054,-1.986866,2.940814,-0.01976901,-26.36714,0.5841757,0.002760054,-1.220684,0.03021118
3054,0.016659,1,100,0,-88.69715,100,0,2.56414,0,0,134.993,-0.7326835,0.008408936,0.6805176,-0.00415445,0.9998498,-0.01682773,-0.6805569,-0.01515658,-0.7325385,-57.84156,-50.18525,-201.4724,-1.75081,-0.01990593,-2.130789,3.153829,0.01333646,-26.59395,0.5197767,0.004837261,-1.231206,0.02614041
3055,0.016687,1,100,0,-97.04065,100,0,2.752712,0,0,134.9934,-0.7184497,0.008307338,0.6955295,-0.004376265,0.9998552,-0.01646265,-0.6955655,-0.01487141,-0.7183093,-57.87316,-50.18563,-201.5097,-1.887997,-0.0285339,-2.304365,3.348487,0.0473487,-27.03207,0.4580134,0.007034034,-1.251511,0.02220066
3056,0.016952,1,100,0,-105.5166,91.524,0,2.968896,0,0,134.9936,-0.7033911,0.008270823,0.7107549,-0.004520127,0.99986,-0.01610834,-0.7107887,-0.01454316,-0.7032552,-57.90774,-50.18616,-201.5505,-2.043149,-0.03722702,-2.503232,3.580187,0.08170429,-27.67449,0.3980228,0.009313152,-1.281274,0.01834716
3057,0.016436,1,100,0,-90.31335,83.306,0,3.2132,0,0,134.9934,-0.6882198,0.008295138,0.7254549,-0.004584461,0.9998651,-0.01578201,-0.7254879,-0.01418731,-0.688089,-57.94386,-50.18681,-201.593,-2.200475,-0.04446241,-2.652363,3.814423,0.107207,-27.8257,0.3378652,0.0109821,-1.288291,0.01462842
3058,0.016665,1,100,0,-98.64584,74.9735,0,3.422111,0,0,134.9937,-0.6723952,0.00837639,0.7401451,-0.004580509,0.9998699,-0.01547698,-0.7401785,-0.01379689,-0.6722694,-57.98324,-50.18758,-201.6386,-2.375078,-0.05171701,-2.832073,4.037984,0.1330871,-28.19009,0.281078,0.01273552,-1.305179,0.01109246
3059,0.016887,1,100,0,-107.0893,66.53,0,3.662612,0,0,134.9938,-0.6557832,0.008514087,0.7549013,-0.004508734,0.9998745,-0.01519373,-0.7549359,-0.01336744,-0.6556625,-58.02625,-50.18849,-201.688,-2.567634,-0.05891577,-3.038535,4.295165,0.1581625,-28.75647,0.2282648,0.01449773,-1.331416,0.00778806
3060,0.016494,1,100,0,-91.83239,58.283,0,3.93144,0,0,134.9936,-0.6390081,0.008693493,0.7691509,-0.004380603,0.9998789,-0.01494074,-0.7691876,-0.0129166,-0.6388927,-58.07148,-50.18949,-201.7393,-2.763514,-0.06515904,-3.189413,4.561101,0.170909,-28.84134,0.1815938,0.01541969,-1.335357,0.005007876
3061,0.016633,1,100,0,-100.1489,49.9665,0,4.164194,0,0,134.9938,-0.6216822,0.008911802,0.7832189,-0.00420573,0.9998829,-0.01471541,-0.7832583,-0.01244231,-0.6215718,-58.12047,-50.19061,-201.7936,-2.97452,-0.07135176,-3.369676,4.807095,0.1828407,-29.13752,0.1401088,0.01634353,-1.349079,0.002526728
3062,0.016691,1,100,0,-84.70972,41.621,0,4.4252,0,0,134.9935,-0.6038967,0.009161644,0.7970101,-0.003989923,0.9998869,-0.01451689,-0.7970529,-0.01194671,-0.6037918,-58.17328,-50.19182,-201.8508,-3.203379,-0.07596499,-3.494698,5.08142,0.1873232,-28.9826,0.09591937,0.0167351,-1.341914,-1.571327e-05
3063,0.016675,1,100,0,-93.04722,33.2835,0,4.664241,0,0,134.9937,-0.5858693,0.009441319,0.8103507,-0.003740709,0.9998901,-0.01435409,-0.8103971,-0.01144091,-0.5857695,-58.22994,-50.1931,-201.9101,-3.440841,-0.08038616,-3.646374,5.326611,0.1906164,-29.0567,0.05798239,0.0171029,-1.345352,-0.002201514
3064,0.016678,1,100,0,-101.3862,24.9445,0,4.925302,0,0,134.9937,-0.5674496,0.009746835,0.8233504,-0.003463105,0.9998928,-0.0142235,-0.8234008,-0.01092247,-0.567355,-58.29068,-50.19446,-201.972,-3.688122,-0.08465952,-3.822911,5.59753,0.1924796,-29.3379,0.02678344,0.01742911,-1.358377,-0.003987802
3065,0.016754,1,100,0,-85.88876,16.5675,0,5.206675,0,0,134.9935,-0.5485739,0.01007168,0.8360416,-0.003162255,0.9998955,-0.01412053,-0.8360964,-0.01038993,-0.5484847,-58.35594,-50.19589,-202.0368,-3.950563,-0.08730838,-3.940146,5.891796,0.1876715,-29.16361,-0.006525008,0.01725924,-1.350311,-0.005812491
3066,0.016669,1,100,0,-70.46994,8.233002,0,5.465068,0,0,134.9933,-0.5297186,0.01040961,0.8481097,-0.002848778,0.9998974,-0.01405195,-0.848169,-0.009859658,-0.5296346,-58.42532,-50.19735,-202.1029,-4.223052,-0.08820624,-3.995622,6.156391,0.1764032,-28.57815,-0.04237218,0.01660381,-1.323207,-0.007732248
3067,0.016709,1,100,0,-62.11544,0,0,5.698951,0,0,134.9932,-0.5109841,0.01076477,0.8595229,-0.002524912,0.9998986,-0.0140239,-0.8595867,-0.009336209,-0.5109051,-58.49949,-50.19881,-202.1697,-4.507746,-0.08685013,-4.014964,6.396407,0.1656412,-27.80671,-0.08396593,0.01594674,-1.287494,-0.01000392
3068,0.016614,1,100,0,-53.80844,0,0,5.926874,0,0,134.9931,-0.4926651,0.01113754,0.8701476,-0.002194212,0.9998989,-0.01404063,-0.8702161,-0.008826619,-0.4925909,-58.57798,-50.20023,-202.2362,-4.793204,-0.08411451,-3.999872,6.6216,0.1514098,-26.88173,-0.1260074,0.01503555,-1.244671,-0.01230122
3069,0.0167,1,100,0,-45.45844,0,0,6.142166,0,0,134.9929,-0.474695,0.01153248,0.8800749,-0.001857976,0.9998989,-0.01410481,-0.8801486,-0.008330639,-0.4746256,-58.66168,-50.2016,-202.3025,-5.084618,-0.08002751,-3.95075,6.838023,0.1345698,-25.80827,-0.169426,0.01392464,-1.194974,-0.01468788
3070,0.016763,1,100,0,-37.07694,0,0,6.351013,0,0,134.9926,-0.4572311,0.01195083,0.8892676,-0.001520563,0.9998977,-0.01421941,-0.8893465,-0.007853745,-0.4571662,-58.7506,-50.2029,-202.3679,-5.379217,-0.07465444,-3.86803,7.044851,0.1154868,-24.59977,-0.2143824,0.01263642,-1.139023,-0.01718158
3071,0.016636,1,100,0,-28.75894,0,0,6.552907,0,0,134.9924,-0.4405876,0.0123899,0.8976241,-0.0011894,0.9998958,-0.01438536,-0.8977088,-0.007405648,-0.440527,-58.8437,-50.20409,-202.4311,-5.667971,-0.0681905,-3.755771,7.235991,0.09447569,-23.283,-0.2600968,0.01119137,-1.078058,-0.01974214
3072,0.016676,1,100,0,-20.42094,0,0,6.743211,0,0,134.992,-0.4247007,0.01285592,0.9052426,-0.000864381,0.9998931,-0.01460565,-0.9053335,-0.006985503,-0.4246442,-58.94182,-50.20517,-202.4923,-5.956084,-0.0606235,-3.611131,7.420843,0.0721257,-21.85792,-0.3077279,0.009625657,-1.012079,-0.02244405
3073,0.016791,1,100,0,-12.02544,0,0,6.926112,0,0,134.9915,-0.4096117,0.01335436,0.9121622,-0.0005463595,0.9998891,-0.01488406,-0.9122599,-0.006595053,-0.409559,-59.04546,-50.20612,-202.5511,-6.244884,-0.05205914,-3.436333,7.600729,0.04908372,-20.32641,-0.3575547,0.007978428,-0.9411717,-0.02530633
3074,0.016571,1,100,0,-3.739943,0,0,7.104682,0,0,134.9911,-0.3957087,0.01387846,0.9182712,-0.0002433858,0.9998841,-0.01521681,-0.9183759,-0.006244918,-0.3956594,-59.15243,-50.20691,-202.6058,-6.520295,-0.04279001,-3.236339,7.764155,0.02531249,-18.73065,-0.4083419,0.006250001,-0.8672882,-0.02825782
3075,0.016681,1,100,0,4.600557,0,0,7.268836,0,0,134.9905,-0.3827862,0.01444106,0.9237241,4.910585e-05,0.9998782,-0.01561126,-0.923837,-0.005930415,-0.3827403,-59.26468,-50.20754,-202.6572,-6.794044,-0.03281236,-3.010579,7.927547,0.001836792,-17.04669,-0.4613339,0.004499802,-0.7893218,-0.03137211
3076,0.0167,1,100,0,12.95056,0,0,7.429054,0,0,134.9898,-0.3710057,0.01504283,0.928509,0.0003289925,0.9998711,-0.01606751,-0.9286311,-0.005655665,-0.3709628,-59.38158,-50.208,-202.7045,-7.061639,-0.02231389,-2.761257,8.086247,-0.02115741,-15.29123,-0.5162585,0.0027383,-0.7080441,-0.03463281
3077,0.016682,1,100,0,21.29156,0,15.0138,7.582107,0,0,134.9891,-0.3604675,0.01568563,0.9326398,0.0005954946,0.9998623,-0.01658605,-0.9327716,-0.00542335,-0.3604272,-59.50278,-50.20829,-202.7472,-7.325134,-0.011405,-2.488187,8.244026,-0.0434742,-13.45721,-0.5731939,0.0009705602,-0.6231284,-0.03804226
3078,0.016668,1,100,0,29.62556,0,30.015,7.729548,0,0,134.9883,-0.3512413,0.01637268,0.9361417,0.0008489299,0.9998521,-0.01716842,-0.9362844,-0.00523554,-0.3512032,-59.62822,-50.20838,-202.7849,-7.584718,-0.0002233861,-2.192849,8.401849,-0.06467404,-11.551,-0.6319283,-0.0007794366,-0.5348696,-0.04158462
3079,0.016675,1,100,0,37.96306,0,45.0225,7.87159,0,0,134.9874,-0.3433824,0.01710757,0.9390399,0.001090374,0.9998408,-0.01781653,-0.9391953,-0.005093976,-0.3433464,-59.75801,-50.20828,-202.8172,-7.841227,0.01109711,-1.876778,8.562318,-0.08432619,-9.575849,-0.692202,-0.002489643,-0.4434178,-0.04524013
3080,0.016743,1,100,0,46.33456,0,60.0912,8.008772,0,0,134.9865,-0.3369331,0.01789545,0.9413586,0.001321946,0.9998275,-0.0185338,-0.941528,-0.005000225,-0.3368987,-59.8926,-50.20799,-202.844,-8.096909,0.02244276,-1.540775,8.729465,-0.1019482,-7.528625,-0.7538663,-0.004137195,-0.3486286,-0.04899479
3081,0.016823,1,100,0,54.74606,0,75.2319,8.142439,0,0,134.9855,-0.3319654,0.0187391,0.9431055,0.001545548,0.9998122,-0.01932182,-0.9432904,-0.00495656,-0.331932,-60.0321,-50.2075,-202.8648,-8.352176,0.03369149,-1.186033,8.904766,-0.1171986,-5.411415,-0.8165219,-0.005708058,-0.2505977,-0.0528185
3082,0.016484,1,100,0,62.98806,0,90.0675,8.272042,0,0,134.9848,-0.328622,0.01961809,0.9442578,0.001757668,0.9997952,-0.02016024,-0.9444599,-0.004965407,-0.3285892,-60.1729,-50.20683,-202.879,-8.592378,0.04454344,-0.8207911,9.072881,-0.130472,-3.285878,-0.8780616,-0.007216623,-0.15218,-0.05657632
3083,0.016694,1,100,0,71.33505,0,100,8.384638,0,0,134.9838,-0.3268096,0.02055979,0.9448665,0.001967558,0.9997759,-0.02107405,-0.9450881,-0.005028123,-0.3267768,-60.31948,-50.20597,-202.887,-8.834203,0.05499745,-0.4428048,9.257416,-0.1402614,-1.086747,-0.9399006,-0.008594031,-0.05035384,-0.0603472
3084,0.016956,1,100,0,79.81305,0,100,8.493522,0,0,134.9826,-0.3266228,0.02156811,0.9449088,0.002179346,0.9997543,-0.02206667,-0.9451526,-0.005148193,-0.3265895,-60.47242,-50.20493,-202.8883,-9.072829,0.06487097,-0.05379784,9.451166,-0.146499,1.175175,-1.002602,-0.009842948,0.05438092,-0.06416145
3085,0.01646,1,100,0,88.04305,0,100,8.592443,0,0,134.9819,-0.3280625,0.02259798,0.9443857,0.002386903,0.9997306,-0.02309315,-0.9446531,-0.00532184,-0.3280281,-60.62462,-50.20376,-202.883,-9.282063,0.07391746,0.3341956,9.624444,-0.1506718,3.388083,-1.063327,-0.01102231,0.1568481,-0.06784083
3086,0.016686,1,100,0,96.38605,0,100,8.65831,0,0,134.9808,-0.3311551,0.02368999,0.9432788,0.002602436,0.9997039,-0.02419345,-0.9435727,-0.005556961,-0.3311187,-60.78232,-50.20242,-202.8708,-9.484088,0.08203793,0.7245704,9.804144,-0.1504891,5.656008,-1.123672,-0.01203305,0.2618643,-0.07147057
3087,0.016678,1,100,0,104.725,0,100,8.708552,0,0,134.9797,-0.3359031,0.02482749,0.9415693,0.002827599,0.9996747,-0.02535089,-0.9418925,-0.00585306,-0.335864,-60.94319,-50.20095,-202.852,-9.669796,0.08915804,1.116744,9.977385,-0.1464446,7.94185,-1.183026,-0.01289877,0.3677119,-0.07500717
3088,0.016685,1,100,0,89.29142,0,100,8.732312,0,0,134.9802,-0.3421534,0.02600978,0.9392842,0.003068754,0.9996426,-0.02656331,-0.9396393,-0.006206295,-0.3421109,-61.10708,-50.19938,-202.8271,-9.834338,0.09333598,1.415569,10.14258,-0.1340958,9.617529,-1.229249,-0.01305046,0.4453047,-0.07773495
3089,0.016686,1,100,0,97.63442,0,100,8.755871,0,0,134.9794,-0.3496245,0.02722299,0.9364944,0.003332741,0.9996076,-0.0278134,-0.936884,-0.006603154,-0.349578,-61.2736,-50.19775,-202.7973,-9.980514,0.0961529,1.707624,10.29348,-0.1181394,11.3704,-1.271956,-0.01308508,0.5264743,-0.08019851
3090,0.016679,1,100,0,105.9739,0,100,8.753,0,0,134.9784,-0.3583547,0.02846025,0.9331516,0.003622087,0.9995701,-0.02909498,-0.9335785,-0.007046366,-0.3583038,-61.44233,-50.19608,-202.7626,-10.10707,0.09783443,2.00351,10.42829,-0.09889291,13.18909,-1.312296,-0.01302352,0.6106933,-0.0824663
3091,0.016688,1,100,0,90.53752,0,100,8.717188,0,0,134.9789,-0.368225,0.02971913,0.9292617,0.003941844,0.99953,-0.03040444,-0.9297286,-0.00753267,-0.3681691,-61.61311,-50.1944,-202.7236,-10.20909,0.09656049,2.211377,10.54588,-0.07155298,14.43894,-1.338669,-0.01222824,0.6685695,-0.083875
3092,0.01668,1,100,0,98.87752,0,100,8.676799,0,0,134.9781,-0.3789726,0.03098413,0.9248891,0.004297295,0.9994876,-0.0317224,-0.9253982,-0.008047396,-0.3789116,-61.78535,-50.19276,-202.6812,-10.28953,0.09409475,2.41871,10.63644,-0.04159817,15.8034,-1.36091,-0.01138633,0.7317558,-0.08497277
3093,0.016689,1,100,0,107.222,0,100,8.604679,0,0,134.9772,-0.3906737,0.03224919,0.9199641,0.004689309,0.9994428,-0.03304393,-0.9205171,-0.008595397,-0.3906072,-61.95885,-50.19117,-202.6354,-10.34787,0.09070393,2.634905,10.70538,-0.009188771,17.27091,-1.38018,-0.01050773,0.799716,-0.08582903
3094,0.0166,1,100,0,91.86702,0,100,8.495395,0,0,134.9779,-0.4031503,0.03350305,0.9145203,0.005118099,0.9993964,-0.03435623,-0.9151193,-0.009170119,-0.4030785,-62.13222,-50.18966,-202.5868,-10.37722,0.08477792,2.769147,10.75178,0.03058197,18.197,-1.385165,-0.0088969,0.8426005,-0.08582034
3095,0.016939,1,100,0,100.3365,0,100,8.37943,0,0,134.9769,-0.4165092,0.03476229,0.9084666,0.005599667,0.9993478,-0.03567253,-0.9091142,-0.009770826,-0.4164322,-62.30947,-50.18823,-202.5353,-10.38847,0.07769129,2.907801,10.76581,0.07343382,19.29214,-1.385738,-0.007236402,0.8933161,-0.08547164
3096,0.016529,1,100,0,85.0472,0,100,8.232642,0,0,134.978,-0.4300874,0.03596826,0.9020705,0.006112789,0.9992992,-0.03693062,-0.9027667,-0.01036922,-0.4300058,-62.4824,-50.18698,-202.4833,-10.36585,0.06892035,2.97436,10.75753,0.1208325,19.86363,-1.372386,-0.004979112,0.9197779,-0.08430448
3097,0.016625,1,100,0,93.3597,0,100,8.078236,0,0,134.9773,-0.4440835,0.03714421,0.8952153,0.006672865,0.9992499,-0.03815064,-0.8959609,-0.01096842,-0.4439983,-62.65579,-50.18586,-202.4302,-10.32181,0.05970754,3.049759,10.71156,0.1686821,20.6142,-1.354477,-0.002824923,0.9545361,-0.08279764
3098,0.016811,1,100,0,101.7652,0,100,7.893192,0,0,134.9764,-0.4586878,0.03828763,0.8877723,0.00727934,0.9991997,-0.03933221,-0.8885677,-0.01157881,-0.4585994,-62.83021,-50.18489,-202.3753,-10.25686,0.0503611,3.143609,10.64358,0.2171189,21.53468,-1.33323,-0.0007679395,0.9971673,-0.08102155
3099,0.016617,1,100,0,86.39447,0,100,7.671676,0,0,134.9774,-0.4735077,0.03937029,0.8799094,0.007916547,0.9991505,-0.04044542,-0.8807543,-0.01218537,-0.4734171,-63.00134,-50.18411,-202.3201,-10.1628,0.03975765,3.167833,10.55725,0.2707203,21.9579,-1.298492,0.001955188,1.016763,-0.07846998
3100,0.016681,1,100,0,94.73497,0,100,7.450735,0,0,134.9769,-0.48858,0.04039695,0.8715835,0.008593335,0.999102,-0.04149016,-0.8724769,-0.01278146,-0.4884884,-63.17138,-50.1835,-202.2646,-10.04764,0.0295097,3.206422,10.43461,0.3231834,22.57404,-1.259717,0.004472708,1.045297,-0.07561078
3101,0.016689,1,100,0,103.0795,0,100,7.199653,0,0,134.9763,-0.5039657,0.04135485,0.8627332,0.009301488,0.9990553,-0.04245594,-0.863674,-0.01337163,-0.5038742,-63.33939,-50.18307,-202.2085,-9.910254,0.01848304,3.265044,10.29159,0.3811693,23.36372,-1.212267,0.007222334,1.081871,-0.07214361
3102,0.016625,1,100,0,87.70134,0,100,6.91381,0,0,134.9774,-0.5195432,0.04223365,0.8533998,0.01003593,0.9990104,-0.04332993,-0.8543853,-0.01394711,-0.5194529,-63.50428,-50.18284,-202.1525,-9.747814,0.006520415,3.255273,10.13156,0.4448279,23.67504,-1.15202,0.01070201,1.09628,-0.06796434
3103,0.016735,1,100,0,96.06884,0,100,6.637338,0,0,134.9769,-0.5353003,0.04303167,0.843565,0.0108024,0.9989686,-0.04410421,-0.8445928,-0.01449647,-0.5352131,-63.66736,-50.1828,-202.0964,-9.567155,-0.004554611,3.263284,9.937983,0.5061809,24.19237,-1.088436,0.01390103,1.120237,-0.06352301
3104,0.016641,1,100,0,104.3893,0,91.6795,6.333864,0,0,134.9764,-0.5511554,0.04373376,0.8332557,0.01158202,0.9989302,-0.04476836,-0.8343222,-0.01502354,-0.5510724,-63.82629,-50.18295,-202.0408,-9.355887,-0.01480913,3.287879,9.715334,0.563309,24.87757,-1.024586,0.01672629,1.151975,-0.05901937
3105,0.016726,1,100,0,88.91779,0,83.3165,5.994188,0,0,134.9772,-0.567224,0.04434745,0.8223688,0.01237733,0.9988955,-0.04532973,-0.8234708,-0.01553338,-0.5671464,-63.98222,-50.18328,-201.9852,-9.110336,-0.02596465,3.243959,9.462332,0.6246995,25.08165,-0.9503175,0.0202274,1.161419,-0.05397588
3106,0.016766,1,100,0,97.3008,0,74.93349,5.6627,0,0,134.9767,-0.5832893,0.04486401,0.8110247,0.01318283,0.998865,-0.0457738,-0.8121578,-0.01600777,-0.5832188,-64.13419,-50.1838,-201.9304,-8.8387,-0.03577977,3.219763,9.170572,0.6805793,25.49088,-0.8754699,0.02325101,1.180371,-0.04884914
3107,0.016586,1,100,0,105.5938,0,66.6405,5.301166,0,0,134.9766,-0.599249,0.0452753,0.7992815,0.01397673,0.9988391,-0.04610041,-0.8004409,-0.01645428,-0.5991862,-64.2798,-50.18447,-201.8768,-8.545697,-0.04376632,3.212339,8.864125,0.731301,26.08103,-0.8009015,0.02583951,1.207709,-0.04369337
3108,0.016626,1,100,0,90.21474,0,58.3275,4.916256,0,0,134.9776,-0.6152713,0.0455881,0.7869961,0.01476285,0.9988177,-0.04631667,-0.7881771,-0.01687901,-0.6152169,-64.42068,-50.18528,-201.824,-8.227268,-0.0516795,3.141131,8.535956,0.7857431,26.20519,-0.7171159,0.02908254,1.213454,-0.03808762
3109,0.016784,1,100,0,98.60674,0,49.9355,4.55294,0,0,134.9772,-0.6313117,0.04579802,0.7741759,0.01554256,0.9988016,-0.04641185,-0.7753738,-0.01726766,-0.631267,-64.55736,-50.18622,-201.7721,-7.890878,-0.05756417,3.091239,8.174609,0.8342602,26.54824,-0.6328364,0.03181453,1.229344,-0.03239811
3110,0.016628,1,100,0,106.9207,0,41.6215,4.167977,0,0,134.9774,-0.64718,0.04589909,0.7609545,0.0162896,0.9987909,-0.04639081,-0.7621637,-0.01762756,-0.6471451,-64.687,-50.18724,-201.7216,-7.543736,-0.0625216,3.056246,7.812379,0.8767786,27.08699,-0.549379,0.03405208,1.254305,-0.0267091
3111,0.016688,1,100,0,91.48434,0,33.2775,3.77283,0,0,134.9786,-0.6630477,0.04589428,0.747169,0.01700649,0.9987847,-0.0462578,-0.7483839,-0.0179644,-0.6630223,-64.81115,-50.18835,-201.6723,-7.181673,-0.06655729,2.960595,7.438176,0.9229544,27.16451,-0.4578767,0.03695074,1.257892,-0.02065615
3112,0.016709,1,100,0,99.83884,0,24.923,3.412903,0,0,134.9786,-0.6787294,0.04578009,0.7329602,0.01768732,0.9987845,-0.04600461,-0.7341753,-0.01826058,-0.6787141,-64.92928,-50.18951,-201.6247,-6.815629,-0.06786828,2.886799,7.047402,0.9622,27.46789,-0.3672566,0.03927462,1.271948,-0.01460537
3113,0.016647,1,100,0,108.1623,0,16.5995,3.045794,0,0,134.9789,-0.6942574,0.04555548,0.7182838,0.01831752,0.9987901,-0.04564114,-0.7194939,-0.01852952,-0.6942518,-65.04079,-50.19068,-201.5786,-6.450578,-0.06657906,2.824707,6.66303,0.996437,27.97798,-0.2775646,0.04116601,1.295583,-0.008556288
3114,0.01668,1,100,0,92.73335,0,8.259497,2.681327,0,0,134.9803,-0.7096908,0.04522107,0.7030606,0.0188944,0.9988008,-0.04517058,-0.7042601,-0.01877323,-0.7096941,-65.14632,-50.19181,-201.5341,-6.082586,-0.06418249,2.706907,6.281103,1.033491,28.03058,-0.1819312,0.04366577,1.298017,-0.002287043
3115,0.016682,1,100,0,77.30249,0,0,2.363852,0,0,134.9816,-0.7247438,0.04478123,0.6875617,0.01941616,0.9988167,-0.04458727,-0.6887448,-0.01896453,-0.7247556,-65.24567,-50.19291,-201.4919,-5.71858,-0.06045939,2.550541,5.895034,1.068747,27.66193,-0.08237273,0.04643925,1.280931,0.004065944
3116,0.016677,1,100,0,61.87627,0,0,2.09127,0,0,134.9829,-0.7391944,0.04424483,0.6720372,0.01987997,0.9988384,-0.0438938,-0.6731987,-0.01908597,-0.7392153,-65.33901,-50.19391,-201.4526,-5.376078,-0.05351818,2.364601,5.528059,1.094159,26.9128,0.01429721,0.0489226,1.24622,0.01006799
3117,0.016679,1,100,0,53.53677,0,0,1.872241,0,0,134.9837,-0.7529061,0.04362094,0.6566807,0.02028116,0.9988649,-0.043098,-0.6578153,-0.0191305,-0.7529362,-65.42673,-50.19478,-201.4164,-5.055258,-0.04435001,2.177655,5.17714,1.109907,26.00787,0.1115084,0.05093418,1.204296,0.01601248
3118,0.016738,1,100,0,45.16777,0,0,1.686639,0,0,134.9845,-0.7658693,0.04291189,0.6415628,0.02061279,0.9988964,-0.04220605,-0.6426659,-0.01909991,-0.7659086,-65.50949,-50.19548,-201.3833,-4.754533,-0.03330708,1.990382,4.846922,1.114989,24.95499,0.2086811,0.05239336,1.155524,0.02186908
3119,0.016656,1,100,0,36.83977,0,0,1.531762,0,0,134.9852,-0.7779363,0.04212926,0.6269293,0.02086476,0.9989316,-0.04123719,-0.6279968,-0.01899918,-0.7779842,-65.58694,-50.19597,-201.3535,-4.476713,-0.01991633,1.807133,4.5431,1.108985,23.77529,0.3040873,0.05324201,1.100884,0.0275407
3120,0.016881,1,100,0,28.39927,0,0,1.405819,0,0,134.9856,-0.7892919,0.04126319,0.6126301,0.02103451,0.9989709,-0.04018471,-0.6136578,-0.01883109,-0.7893475,-65.66084,-50.19624,-201.3263,-4.214165,-0.00531323,1.629003,4.254741,1.090442,22.45301,0.398299,0.05339258,1.039647,0.03306496
3121,0.016412,1,100,0,20.19327,0,0,1.300306,0,0,134.9866,-0.7994651,0.04035743,0.5993552,0.02111108,0.9990118,-0.03910866,-0.6003412,-0.01861298,-0.799527,-65.72853,-50.19625,-201.3028,-3.978443,0.009212426,1.457208,4.004356,1.061062,21.06185,0.4870572,0.0528723,0.9752262,0.03820585
3122,0.016735,1,100,0,11.82577,0,0,1.223174,0,0,134.9866,-0.808955,0.03937443,0.5865507,0.02109597,0.9990562,-0.03797042,-0.5874922,-0.01834251,-0.8090221,-65.7937,-50.196,-201.2816,-3.753889,0.02457744,1.299659,3.761989,1.018534,19.53544,0.5731267,0.05158646,0.904549,0.04312253
3123,0.016818,1,100,0,3.416767,0,0,1.153476,0,0,134.987,-0.8175849,0.03833332,0.5745307,0.02098309,0.9991024,-0.03680124,-0.5754257,-0.01803271,-0.8176554,-65.85552,-50.19548,-201.2629,-3.543111,0.03992777,1.147916,3.541834,0.9651508,17.90401,0.65538,0.04964171,0.8290132,0.04776285
3124,0.016507,1,100,0,-4.836733,0,0,1.099477,0,0,134.9876,-0.8251694,0.03726577,0.5636548,0.02077568,0.9991486,-0.03564342,-0.5645033,-0.01770155,-0.825241,-65.91286,-50.19472,-201.247,-3.350662,0.05442562,1.006778,3.346565,0.9031105,16.21915,0.731221,0.04712473,0.7510098,0.0519872
3125,0.01674,1,100,0,-13.20673,0,0,1.059662,0,0,134.9876,-0.8319734,0.03614274,0.5536371,0.02046845,0.9991962,-0.0344711,-0.5544379,-0.01734694,-0.8320445,-65.96787,-50.19371,-201.2331,-3.167324,0.06876334,0.8800806,3.163283,0.8309846,14.42625,0.8023968,0.04398111,0.668008,0.05589281
3126,0.016678,1,100,0,-21.54573,15.0102,0,1.022626,0,0,134.9881,-0.8378659,0.03499022,0.5447538,0.02006687,0.9992435,-0.03331855,-0.5455075,-0.01698497,-0.8379342,-66.01982,-50.19246,-201.2213,-3.008217,0.08241468,0.7586302,3.010923,0.7534543,12.56496,0.8685869,0.04046854,0.5818434,0.0594792
3127,0.016617,1,100,0,-29.85423,29.9655,0,1.003923,0,0,134.9884,-0.842863,0.03381358,0.537065,0.019575,0.99929,-0.03219449,-0.5377723,-0.01662249,-0.8429265,-66.06911,-50.19098,-201.2114,-2.869052,0.09514161,0.6489599,2.88257,0.6708127,10.64141,0.9289171,0.0365939,0.492798,0.06269541
3128,0.016694,1,100,0,-38.20123,44.9901,0,0.9942898,0,0,134.9886,-0.8470116,0.03260871,0.5305734,0.01899285,0.9993359,-0.03109822,-0.531235,-0.01626345,-0.8470685,-66.11646,-50.18929,-201.2032,-2.744924,0.106854,0.5485433,2.773458,0.583867,8.643466,0.9836711,0.03241021,0.4003109,0.06555805
3129,0.016673,1,100,0,-46.53773,59.9958,0,0.9918083,0,0,134.9889,-0.8502856,0.03138847,0.525385,0.01832846,0.9993808,-0.03004388,-0.5260027,-0.01591638,-0.8503344,-66.16181,-50.18741,-201.1967,-2.633308,0.1164185,0.455205,2.680601,0.4943454,6.589257,1.032275,0.0280088,0.3052198,0.06803748
3130,0.016735,1,100,0,-54.90524,75.0573,0,0.9961977,0,0,134.9891,-0.8526995,0.03015257,0.521531,0.0175842,0.9994239,-0.02903213,-0.5221059,-0.01558498,-0.8527384,-66.2056,-50.18538,-201.1916,-2.531985,0.1246076,0.367307,2.601123,0.4037445,4.471666,1.074922,0.02348405,0.2071948,0.07014421
3131,0.016778,1,100,0,-63.29424,90.15749,0,1.006806,0,0,134.9893,-0.8542389,0.0289083,0.5190764,0.01676711,0.9994655,-0.02806856,-0.5196103,-0.01527385,-0.854267,-66.24795,-50.18321,-201.1879,-2.439409,0.1312324,0.2823415,2.533316,0.3137565,2.297233,1.111501,0.01893479,0.1065378,0.07187236
3132,0.016625,1,100,0,-71.60674,100,0,1.024343,0,0,134.9896,-0.8548854,0.02767623,0.5180781,0.01589468,0.9995045,-0.02716653,-0.5185733,-0.01498958,-0.8549017,-66.28848,-50.18096,-201.1856,-2.351429,0.1358961,0.1980622,2.47174,0.2266927,0.0993652,1.141616,0.01448798,0.004794883,0.07320417
3133,0.016679,1,100,0,-79.94624,100,0,1.048028,0,0,134.9896,-0.8546448,0.02644675,0.5185391,0.01496469,0.9995418,-0.02631458,-0.5189974,-0.01472984,-0.8546489,-66.32775,-50.17863,-201.1846,-2.261793,0.1387865,0.1147584,2.413429,0.1422402,-2.1475,1.165301,0.0101351,-0.09921782,0.07413229
3134,0.01692,1,100,0,-88.40623,100,0,1.073743,0,0,134.9897,-0.8534727,0.02521267,0.5205274,0.01397401,0.9995771,-0.02550408,-0.5209503,-0.01449318,-0.8534641,-66.36617,-50.17624,-201.1851,-2.171829,0.140052,0.02646452,2.360043,0.0615063,-4.469136,1.182977,0.00595525,-0.2066942,0.07467493
3135,0.016395,1,100,0,-96.60374,100,0,1.106799,0,0,134.9903,-0.8514137,0.02403618,0.5239438,0.01297681,0.9996091,-0.02477013,-0.5243344,-0.01429051,-0.8513928,-66.40202,-50.17391,-201.187,-2.082335,0.1389854,-0.07236093,2.303579,-0.01036222,-6.743502,1.195008,0.002228204,-0.3119846,0.07488324
3136,0.016679,1,100,0,-104.9432,100,0,1.151461,0,0,134.9903,-0.8483643,0.02286319,0.5289192,0.01193379,0.9996392,-0.02406935,-0.5292786,-0.01410757,-0.8483311,-66.4371,-50.17156,-201.1904,-1.996369,0.1365855,-0.1750941,2.266165,-0.07702459,-9.094668,1.201135,-0.001228708,-0.4208335,0.07470723
3137,0.016797,1,100,0,-89.40601,100,0,1.203246,0,0,134.9902,-0.8443707,0.02170938,0.5353198,0.01086188,0.9996673,-0.0234079,-0.5356499,-0.01395036,-0.8443255,-66.47111,-50.16925,-201.1956,-1.9203,0.13319,-0.2629243,2.237749,-0.1387139,-10.82409,1.199405,-0.004701534,-0.5008922,0.07419196
3138,0.016514,1,100,0,-97.66301,100,0,1.248744,0,0,134.9908,-0.8396709,0.02060422,0.5427046,0.009793665,0.999692,-0.02280138,-0.5430073,-0.01383059,-0.839614,-66.5034,-50.16705,-201.2022,-1.850628,0.1280419,-0.3719045,2.209435,-0.1883938,-12.60282,1.193232,-0.007446759,-0.5832394,0.07338119
3139,0.016686,1,100,0,-106.006,100,0,1.31539,0,0,134.991,-0.8340837,0.0195224,0.5512925,0.008710513,0.9997152,-0.02222332,-0.5515693,-0.01373407,-0.8340163,-66.535,-50.16491,-201.2106,-1.790854,0.1216574,-0.4926644,2.210115,-0.2288134,-14.48094,1.181655,-0.009627966,-0.6701926,0.07220136
3140,0.016752,1,100,0,-90.51041,100,0,1.397,0,0,134.9908,-0.8276531,0.0184751,0.5609359,0.007628086,0.9997361,-0.02167238,-0.5611882,-0.01365834,-0.8275756,-66.56586,-50.16289,-201.221,-1.7462,0.1146448,-0.5962367,2.229131,-0.2625792,-15.77355,1.162369,-0.01163759,-0.7300367,0.07067021
3141,0.01668,1,100,0,-98.85042,100,0,1.471812,0,0,134.9914,-0.8205506,0.01747399,0.5713069,0.006563134,0.9997548,-0.02115206,-0.5715364,-0.01360677,-0.820464,-66.59595,-50.161,-201.2331,-1.712582,0.106348,-0.724583,2.253267,-0.2842225,-17.18125,1.139289,-0.01286857,-0.7952142,0.06886415
3142,0.016631,1,100,0,-107.1659,100,0,1.57185,0,0,134.9918,-0.8126907,0.01652306,0.5824611,0.005524627,0.9997715,-0.02065283,-0.5826692,-0.01356649,-0.8125963,-66.62553,-50.15925,-201.2473,-1.690539,0.09702865,-0.8696446,2.3051,-0.2957009,-18.69525,1.112358,-0.01345029,-0.8653178,0.06678448
3143,0.016676,1,100,0,-91.74062,100,0,1.690378,0,0,134.9916,-0.8040465,0.01561926,0.5943614,0.004515007,0.9997866,-0.0201656,-0.5945495,-0.01353053,-0.8039454,-66.65497,-50.15767,-201.2638,-1.686483,0.08757527,-0.9910478,2.383759,-0.3018721,-19.65806,1.078087,-0.0138794,-0.9099015,0.06436773
3144,0.016699,1,100,0,-100.0901,100,0,1.798261,0,0,134.9921,-0.7947388,0.01476711,0.606772,0.003542953,0.9997999,-0.01969181,-0.6069414,-0.01350008,-0.7946321,-66.6845,-50.15624,-201.2824,-1.696109,0.07719126,-1.140326,2.464696,-0.2973014,-20.77188,1.041082,-0.01359226,-0.9614805,0.0617386
3145,0.016831,1,100,0,-84.52145,100,0,1.934536,0,0,134.9917,-0.7847094,0.01396325,0.6197066,0.002610845,0.9998118,-0.01922179,-0.6198584,-0.01346556,-0.7845982,-66.71458,-50.15498,-201.3035,-1.726594,0.06701071,-1.258866,2.580445,-0.2888841,-21.36732,0.9962022,-0.01320241,-0.9890603,0.05873196
